representation,train_disclosure,evidence,target,layer,alpha,cv_macro_development_baseline_r2,selected
final_input_token_layerwise,disclosed,k3,gain,0,0.0001,0.0,False
final_input_token_layerwise,disclosed,k3,gain,1,100.0,-0.0011726100711941245,False
final_input_token_layerwise,disclosed,k3,gain,2,100.0,-0.0005811458942993342,False
final_input_token_layerwise,disclosed,k3,gain,3,100.0,-0.0005368119992344156,False
final_input_token_layerwise,disclosed,k3,gain,4,100.0,-0.00019679561709595728,False
final_input_token_layerwise,disclosed,k3,gain,5,100.0,-0.0002829322170504467,False
final_input_token_layerwise,disclosed,k3,gain,6,100.0,-0.0003666763863221234,False
final_input_token_layerwise,disclosed,k3,gain,7,100.0,-0.0006126187661886218,False
final_input_token_layerwise,disclosed,k3,gain,8,3.0,0.006928238559408911,False
final_input_token_layerwise,disclosed,k3,gain,9,3.0,0.013146162192093747,True
final_input_token_layerwise,disclosed,k3,gain,10,100.0,0.0006150320463037262,False
final_input_token_layerwise,disclosed,k3,gain,11,100.0,-0.00036318038145857767,False
final_input_token_layerwise,disclosed,k3,gain,12,100.0,5.306168987251336e-05,False
final_input_token_layerwise,disclosed,k3,gain,13,100.0,-0.00011644897805254684,False
final_input_token_layerwise,disclosed,k3,gain,14,100.0,-0.0005211942168045214,False
final_input_token_layerwise,disclosed,k3,gain,15,100.0,-0.0009488952652458305,False
final_input_token_layerwise,disclosed,k3,gain,16,100.0,-0.0004025526229504417,False
final_input_token_layerwise,disclosed,k3,gain,17,3.0,0.003163739167099,False
final_input_token_layerwise,disclosed,k3,gain,18,100.0,2.3207734407559855e-06,False
final_input_token_layerwise,disclosed,k3,gain,19,100.0,-0.00034033376415484873,False
final_input_token_layerwise,disclosed,k3,gain,20,100.0,-0.00043248263022122035,False
final_input_token_layerwise,disclosed,k3,gain,21,3.0,0.0061513557876735625,False
final_input_token_layerwise,disclosed,k3,gain,22,100.0,-0.0003558682895257459,False
final_input_token_layerwise,disclosed,k3,gain,23,100.0,-0.0005312183269470805,False
final_input_token_layerwise,disclosed,k3,gain,24,100.0,-0.000589367939821922,False
final_input_token_layerwise,disclosed,k3,gain,25,100.0,-4.5871109346756755e-05,False
final_input_token_layerwise,disclosed,k3,gain,26,100.0,-0.0001545051758908289,False
final_input_token_layerwise,disclosed,k3,gain,27,100.0,0.00010452418342649095,False
final_input_token_layerwise,disclosed,k3,gain,28,100.0,2.5397239462238153e-05,False
final_input_token_layerwise,disclosed,k3,gain,29,100.0,-0.0004467261994255678,False
final_input_token_layerwise,disclosed,k3,gain,30,100.0,-0.00028178302125775323,False
final_input_token_layerwise,disclosed,k3,gain,31,100.0,-0.0007853911557714199,False
final_input_token_layerwise,disclosed,k3,gain,32,100.0,-0.0011363727762108977,False
final_input_token_layerwise,disclosed,k3,gain,33,100.0,-0.001489111522022496,False
final_input_token_layerwise,disclosed,k3,gain,34,100.0,-0.0011082501562192926,False
final_input_token_layerwise,disclosed,k3,gain,35,100.0,-0.00031388171292981437,False
final_input_token_layerwise,disclosed,k3,gain,36,100.0,-0.00018590233642562515,False
final_input_token_layerwise,disclosed,k3,response_residual,0,0.0001,-2.7755575615628914e-17,False
final_input_token_layerwise,disclosed,k3,response_residual,1,100.0,-0.0006711753780420937,False
final_input_token_layerwise,disclosed,k3,response_residual,2,100.0,-0.0005670552207586999,False
final_input_token_layerwise,disclosed,k3,response_residual,3,100.0,-0.0004454963533529477,False
final_input_token_layerwise,disclosed,k3,response_residual,4,100.0,-1.1495860745752706e-05,False
final_input_token_layerwise,disclosed,k3,response_residual,5,100.0,6.591601459826624e-05,False
final_input_token_layerwise,disclosed,k3,response_residual,6,100.0,-1.8640925200597014e-05,False
final_input_token_layerwise,disclosed,k3,response_residual,7,100.0,-0.00033508367459869626,False
final_input_token_layerwise,disclosed,k3,response_residual,8,100.0,0.0005810981999684883,False
final_input_token_layerwise,disclosed,k3,response_residual,9,3.0,0.002694241710182399,True
final_input_token_layerwise,disclosed,k3,response_residual,10,100.0,0.0003045934958633423,False
final_input_token_layerwise,disclosed,k3,response_residual,11,100.0,-0.00022172912933920985,False
final_input_token_layerwise,disclosed,k3,response_residual,12,100.0,0.00013436224660329232,False
final_input_token_layerwise,disclosed,k3,response_residual,13,100.0,7.183304824209813e-05,False
final_input_token_layerwise,disclosed,k3,response_residual,14,100.0,-0.00034304140093321944,False
final_input_token_layerwise,disclosed,k3,response_residual,15,100.0,-0.000842271223945118,False
final_input_token_layerwise,disclosed,k3,response_residual,16,100.0,-0.0004321698073737612,False
final_input_token_layerwise,disclosed,k3,response_residual,17,100.0,-0.0002886448603199032,False
final_input_token_layerwise,disclosed,k3,response_residual,18,100.0,-0.0005411641700447112,False
final_input_token_layerwise,disclosed,k3,response_residual,19,100.0,-0.0007483008719509632,False
final_input_token_layerwise,disclosed,k3,response_residual,20,100.0,-0.0007863109168177451,False
final_input_token_layerwise,disclosed,k3,response_residual,21,100.0,-0.0005567585738204539,False
final_input_token_layerwise,disclosed,k3,response_residual,22,100.0,-0.0012521830089707586,False
final_input_token_layerwise,disclosed,k3,response_residual,23,100.0,-0.0010849142055181782,False
final_input_token_layerwise,disclosed,k3,response_residual,24,100.0,-0.0012543809602767186,False
final_input_token_layerwise,disclosed,k3,response_residual,25,100.0,-0.0007277309892306516,False
final_input_token_layerwise,disclosed,k3,response_residual,26,100.0,-0.0007505517137856021,False
final_input_token_layerwise,disclosed,k3,response_residual,27,100.0,-0.00032109500647717337,False
final_input_token_layerwise,disclosed,k3,response_residual,28,100.0,-0.0002718972929471597,False
final_input_token_layerwise,disclosed,k3,response_residual,29,100.0,-0.00048371030221300293,False
final_input_token_layerwise,disclosed,k3,response_residual,30,100.0,-0.0003966483128221565,False
final_input_token_layerwise,disclosed,k3,response_residual,31,100.0,-0.0006869645237840283,False
final_input_token_layerwise,disclosed,k3,response_residual,32,100.0,-0.0009614327605759199,False
final_input_token_layerwise,disclosed,k3,response_residual,33,100.0,-0.0010919672118227253,False
final_input_token_layerwise,disclosed,k3,response_residual,34,100.0,-0.0007861760863800971,False
final_input_token_layerwise,disclosed,k3,response_residual,35,100.0,-8.894147318913581e-05,False
final_input_token_layerwise,disclosed,k3,response_residual,36,100.0,0.00012257193198494942,False
final_input_token_layerwise,disclosed,k3,last_target_observation,0,0.0001,-8.326672684688674e-17,False
final_input_token_layerwise,disclosed,k3,last_target_observation,1,0.1,0.09176289716267186,False
final_input_token_layerwise,disclosed,k3,last_target_observation,2,100.0,-0.002143845362494956,False
final_input_token_layerwise,disclosed,k3,last_target_observation,3,100.0,-0.002153362975834905,False
final_input_token_layerwise,disclosed,k3,last_target_observation,4,100.0,-0.0006383355765945953,False
final_input_token_layerwise,disclosed,k3,last_target_observation,5,100.0,-0.0005516160126313729,False
final_input_token_layerwise,disclosed,k3,last_target_observation,6,100.0,-0.0007375600982023611,False
final_input_token_layerwise,disclosed,k3,last_target_observation,7,100.0,-0.0005962273220167513,False
final_input_token_layerwise,disclosed,k3,last_target_observation,8,100.0,-0.0015274295113970326,False
final_input_token_layerwise,disclosed,k3,last_target_observation,9,100.0,-0.001573494839602979,False
final_input_token_layerwise,disclosed,k3,last_target_observation,10,3.0,0.007310511846586792,False
final_input_token_layerwise,disclosed,k3,last_target_observation,11,100.0,-0.0004561603753068244,False
final_input_token_layerwise,disclosed,k3,last_target_observation,12,3.0,0.0016382486045754263,False
final_input_token_layerwise,disclosed,k3,last_target_observation,13,100.0,-0.0007982938130713935,False
final_input_token_layerwise,disclosed,k3,last_target_observation,14,100.0,-0.0009990717724736309,False
final_input_token_layerwise,disclosed,k3,last_target_observation,15,100.0,-0.0010918809627775417,False
final_input_token_layerwise,disclosed,k3,last_target_observation,16,100.0,-0.0006184396632377132,False
final_input_token_layerwise,disclosed,k3,last_target_observation,17,100.0,-0.0012428311265697545,False
final_input_token_layerwise,disclosed,k3,last_target_observation,18,3.0,0.007033716191821693,False
final_input_token_layerwise,disclosed,k3,last_target_observation,19,3.0,0.03173696683402191,False
final_input_token_layerwise,disclosed,k3,last_target_observation,20,3.0,0.05386541240022283,False
final_input_token_layerwise,disclosed,k3,last_target_observation,21,3.0,0.06348729867999459,False
final_input_token_layerwise,disclosed,k3,last_target_observation,22,3.0,0.08682335193689275,False
final_input_token_layerwise,disclosed,k3,last_target_observation,23,0.1,0.09918839694694717,True
final_input_token_layerwise,disclosed,k3,last_target_observation,24,3.0,0.0769488661916354,False
final_input_token_layerwise,disclosed,k3,last_target_observation,25,0.1,0.06619057070667347,False
final_input_token_layerwise,disclosed,k3,last_target_observation,26,3.0,0.05664471194894383,False
final_input_token_layerwise,disclosed,k3,last_target_observation,27,0.1,0.08080647841722338,False
final_input_token_layerwise,disclosed,k3,last_target_observation,28,0.1,0.06869011390238397,False
final_input_token_layerwise,disclosed,k3,last_target_observation,29,0.1,0.06615733846158589,False
final_input_token_layerwise,disclosed,k3,last_target_observation,30,3.0,0.048211939691159084,False
final_input_token_layerwise,disclosed,k3,last_target_observation,31,3.0,0.03538152074201212,False
final_input_token_layerwise,disclosed,k3,last_target_observation,32,3.0,0.01857933242354895,False
final_input_token_layerwise,disclosed,k3,last_target_observation,33,3.0,0.006382952986376145,False
final_input_token_layerwise,disclosed,k3,last_target_observation,34,3.0,0.008553709708552848,False
final_input_token_layerwise,disclosed,k3,last_target_observation,35,3.0,0.006425810269092724,False
final_input_token_layerwise,disclosed,k3,last_target_observation,36,3.0,0.012039861754608389,False
final_input_token_layerwise,disclosed,k3,target_observation_mean,0,0.0001,5.551115123125783e-17,False
final_input_token_layerwise,disclosed,k3,target_observation_mean,1,3.0,0.016423704454018112,False
final_input_token_layerwise,disclosed,k3,target_observation_mean,2,3.0,0.00603717803734094,False
final_input_token_layerwise,disclosed,k3,target_observation_mean,3,3.0,0.00825866466666031,False
final_input_token_layerwise,disclosed,k3,target_observation_mean,4,3.0,0.01873959979585893,False
final_input_token_layerwise,disclosed,k3,target_observation_mean,5,3.0,0.0209202594706297,False
final_input_token_layerwise,disclosed,k3,target_observation_mean,6,3.0,0.007217520248771397,False
final_input_token_layerwise,disclosed,k3,target_observation_mean,7,3.0,0.009862868034556022,False
final_input_token_layerwise,disclosed,k3,target_observation_mean,8,3.0,0.01910257897806153,False
final_input_token_layerwise,disclosed,k3,target_observation_mean,9,100.0,0.00014544821884338033,False
final_input_token_layerwise,disclosed,k3,target_observation_mean,10,3.0,0.0368693104900506,False
final_input_token_layerwise,disclosed,k3,target_observation_mean,11,3.0,0.0013665423914058783,False
final_input_token_layerwise,disclosed,k3,target_observation_mean,12,100.0,-0.0002959871670968617,False
final_input_token_layerwise,disclosed,k3,target_observation_mean,13,100.0,-0.0006685453907756822,False
final_input_token_layerwise,disclosed,k3,target_observation_mean,14,100.0,-0.0006385573004479839,False
final_input_token_layerwise,disclosed,k3,target_observation_mean,15,100.0,-0.0003131721662400777,False
final_input_token_layerwise,disclosed,k3,target_observation_mean,16,3.0,0.0014085936533739796,False
final_input_token_layerwise,disclosed,k3,target_observation_mean,17,3.0,0.017387528662632767,False
final_input_token_layerwise,disclosed,k3,target_observation_mean,18,3.0,0.061755872753469,False
final_input_token_layerwise,disclosed,k3,target_observation_mean,19,3.0,0.08245043279048436,False
final_input_token_layerwise,disclosed,k3,target_observation_mean,20,3.0,0.13396507860133253,False
final_input_token_layerwise,disclosed,k3,target_observation_mean,21,3.0,0.13555041056561465,False
final_input_token_layerwise,disclosed,k3,target_observation_mean,22,0.1,0.24069282422640567,True
final_input_token_layerwise,disclosed,k3,target_observation_mean,23,0.1,0.19009504652880893,False
final_input_token_layerwise,disclosed,k3,target_observation_mean,24,0.1,0.18057611520588876,False
final_input_token_layerwise,disclosed,k3,target_observation_mean,25,3.0,0.144951299014523,False
final_input_token_layerwise,disclosed,k3,target_observation_mean,26,3.0,0.13705474030077258,False
final_input_token_layerwise,disclosed,k3,target_observation_mean,27,3.0,0.13581329104349316,False
final_input_token_layerwise,disclosed,k3,target_observation_mean,28,3.0,0.14411101773769025,False
final_input_token_layerwise,disclosed,k3,target_observation_mean,29,3.0,0.13968308185647202,False
final_input_token_layerwise,disclosed,k3,target_observation_mean,30,3.0,0.10725305809454838,False
final_input_token_layerwise,disclosed,k3,target_observation_mean,31,3.0,0.10124016512440426,False
final_input_token_layerwise,disclosed,k3,target_observation_mean,32,3.0,0.07473762402836748,False
final_input_token_layerwise,disclosed,k3,target_observation_mean,33,3.0,0.07447668038177158,False
final_input_token_layerwise,disclosed,k3,target_observation_mean,34,3.0,0.08089168328692384,False
final_input_token_layerwise,disclosed,k3,target_observation_mean,35,3.0,0.07339658321637962,False
final_input_token_layerwise,disclosed,k3,target_observation_mean,36,3.0,0.09620258110791566,False
final_input_token_layerwise,disclosed,k3,target_time_slope,0,0.0001,0.0,False
final_input_token_layerwise,disclosed,k3,target_time_slope,1,100.0,-0.004033377486191092,False
final_input_token_layerwise,disclosed,k3,target_time_slope,2,100.0,-0.003007070586446392,False
final_input_token_layerwise,disclosed,k3,target_time_slope,3,100.0,-0.0026880986790848715,False
final_input_token_layerwise,disclosed,k3,target_time_slope,4,100.0,-0.0011882388834028312,False
final_input_token_layerwise,disclosed,k3,target_time_slope,5,100.0,-0.0010439241539990374,False
final_input_token_layerwise,disclosed,k3,target_time_slope,6,100.0,-0.00110936093501679,False
final_input_token_layerwise,disclosed,k3,target_time_slope,7,100.0,-0.0008882748213300817,False
final_input_token_layerwise,disclosed,k3,target_time_slope,8,100.0,-0.0032149125934235467,False
final_input_token_layerwise,disclosed,k3,target_time_slope,9,100.0,-0.0028734532349847797,False
final_input_token_layerwise,disclosed,k3,target_time_slope,10,100.0,-0.0016577786013289852,False
final_input_token_layerwise,disclosed,k3,target_time_slope,11,100.0,-0.0007694575724732922,False
final_input_token_layerwise,disclosed,k3,target_time_slope,12,100.0,-0.0003477739668429902,False
final_input_token_layerwise,disclosed,k3,target_time_slope,13,100.0,-0.00041160261714282,False
final_input_token_layerwise,disclosed,k3,target_time_slope,14,100.0,-0.0011344223105093643,False
final_input_token_layerwise,disclosed,k3,target_time_slope,15,100.0,-0.001634917433048333,False
final_input_token_layerwise,disclosed,k3,target_time_slope,16,100.0,-0.0010153775438229706,False
final_input_token_layerwise,disclosed,k3,target_time_slope,17,100.0,-0.0020881271266753876,False
final_input_token_layerwise,disclosed,k3,target_time_slope,18,100.0,-0.001410501289010102,False
final_input_token_layerwise,disclosed,k3,target_time_slope,19,3.0,0.011123194963148342,False
final_input_token_layerwise,disclosed,k3,target_time_slope,20,3.0,0.0017072129541172987,False
final_input_token_layerwise,disclosed,k3,target_time_slope,21,3.0,0.036614236700739045,True
final_input_token_layerwise,disclosed,k3,target_time_slope,22,3.0,0.029769780387705586,False
final_input_token_layerwise,disclosed,k3,target_time_slope,23,3.0,0.026608058496256692,False
final_input_token_layerwise,disclosed,k3,target_time_slope,24,3.0,0.015944591416666654,False
final_input_token_layerwise,disclosed,k3,target_time_slope,25,3.0,0.006915067654830576,False
final_input_token_layerwise,disclosed,k3,target_time_slope,26,3.0,0.0092039736079432,False
final_input_token_layerwise,disclosed,k3,target_time_slope,27,3.0,0.002984109449038319,False
final_input_token_layerwise,disclosed,k3,target_time_slope,28,3.0,0.005730503660542063,False
final_input_token_layerwise,disclosed,k3,target_time_slope,29,3.0,0.00816219531299453,False
final_input_token_layerwise,disclosed,k3,target_time_slope,30,3.0,0.01874843824493458,False
final_input_token_layerwise,disclosed,k3,target_time_slope,31,3.0,0.009722547638675971,False
final_input_token_layerwise,disclosed,k3,target_time_slope,32,3.0,0.005969960646809047,False
final_input_token_layerwise,disclosed,k3,target_time_slope,33,3.0,0.012091523712600888,False
final_input_token_layerwise,disclosed,k3,target_time_slope,34,3.0,0.0068904271002164785,False
final_input_token_layerwise,disclosed,k3,target_time_slope,35,3.0,0.005473540885088196,False
final_input_token_layerwise,disclosed,k3,target_time_slope,36,3.0,0.004123194719228118,False
final_input_token_layerwise,disclosed,k3,displayed_driver_outcome_slope,0,0.0001,5.551115123125783e-17,False
final_input_token_layerwise,disclosed,k3,displayed_driver_outcome_slope,1,3.0,0.013486876789763097,False
final_input_token_layerwise,disclosed,k3,displayed_driver_outcome_slope,2,3.0,0.013179321348441408,False
final_input_token_layerwise,disclosed,k3,displayed_driver_outcome_slope,3,0.1,0.028924399499789505,True
final_input_token_layerwise,disclosed,k3,displayed_driver_outcome_slope,4,3.0,0.008840943661547612,False
final_input_token_layerwise,disclosed,k3,displayed_driver_outcome_slope,5,3.0,0.009242444559049212,False
final_input_token_layerwise,disclosed,k3,displayed_driver_outcome_slope,6,3.0,0.010183644699679667,False
final_input_token_layerwise,disclosed,k3,displayed_driver_outcome_slope,7,3.0,0.006009897297136191,False
final_input_token_layerwise,disclosed,k3,displayed_driver_outcome_slope,8,3.0,0.005119003544522466,False
final_input_token_layerwise,disclosed,k3,displayed_driver_outcome_slope,9,3.0,0.007171085507524599,False
final_input_token_layerwise,disclosed,k3,displayed_driver_outcome_slope,10,100.0,-0.00019343100771296307,False
final_input_token_layerwise,disclosed,k3,displayed_driver_outcome_slope,11,100.0,-0.0020524993534609126,False
final_input_token_layerwise,disclosed,k3,displayed_driver_outcome_slope,12,100.0,-0.0010031221354742659,False
final_input_token_layerwise,disclosed,k3,displayed_driver_outcome_slope,13,100.0,-0.00030426785432946524,False
final_input_token_layerwise,disclosed,k3,displayed_driver_outcome_slope,14,100.0,-0.0010875745866065212,False
final_input_token_layerwise,disclosed,k3,displayed_driver_outcome_slope,15,100.0,-0.0006767754882081034,False
final_input_token_layerwise,disclosed,k3,displayed_driver_outcome_slope,16,3.0,0.00188458553182555,False
final_input_token_layerwise,disclosed,k3,displayed_driver_outcome_slope,17,100.0,0.000410739786841946,False
final_input_token_layerwise,disclosed,k3,displayed_driver_outcome_slope,18,100.0,0.00039132188399487733,False
final_input_token_layerwise,disclosed,k3,displayed_driver_outcome_slope,19,3.0,0.0015418464851759128,False
final_input_token_layerwise,disclosed,k3,displayed_driver_outcome_slope,20,100.0,0.0005666112269715751,False
final_input_token_layerwise,disclosed,k3,displayed_driver_outcome_slope,21,3.0,0.002683471421294381,False
final_input_token_layerwise,disclosed,k3,displayed_driver_outcome_slope,22,100.0,-0.00033167778524251235,False
final_input_token_layerwise,disclosed,k3,displayed_driver_outcome_slope,23,100.0,-0.0011355079611151397,False
final_input_token_layerwise,disclosed,k3,displayed_driver_outcome_slope,24,100.0,-0.0016801738643004993,False
final_input_token_layerwise,disclosed,k3,displayed_driver_outcome_slope,25,100.0,-0.0020727877294342,False
final_input_token_layerwise,disclosed,k3,displayed_driver_outcome_slope,26,100.0,-0.0021003218925285394,False
final_input_token_layerwise,disclosed,k3,displayed_driver_outcome_slope,27,100.0,-0.002043778503759419,False
final_input_token_layerwise,disclosed,k3,displayed_driver_outcome_slope,28,100.0,-0.002329951639897493,False
final_input_token_layerwise,disclosed,k3,displayed_driver_outcome_slope,29,100.0,-0.0023562064702838392,False
final_input_token_layerwise,disclosed,k3,displayed_driver_outcome_slope,30,100.0,-0.002302532376303179,False
final_input_token_layerwise,disclosed,k3,displayed_driver_outcome_slope,31,100.0,-0.0029804484289533972,False
final_input_token_layerwise,disclosed,k3,displayed_driver_outcome_slope,32,100.0,-0.002104370558661084,False
final_input_token_layerwise,disclosed,k3,displayed_driver_outcome_slope,33,100.0,-0.0017841145952825488,False
final_input_token_layerwise,disclosed,k3,displayed_driver_outcome_slope,34,100.0,-0.002117726487647409,False
final_input_token_layerwise,disclosed,k3,displayed_driver_outcome_slope,35,100.0,-0.0019641881037920084,False
final_input_token_layerwise,disclosed,k3,displayed_driver_outcome_slope,36,100.0,-0.0019019153912230302,False
final_input_token_layerwise,disclosed,k3,oracle_posterior_gain,0,0.0001,0.0,False
final_input_token_layerwise,disclosed,k3,oracle_posterior_gain,1,100.0,-0.003617945409048917,False
final_input_token_layerwise,disclosed,k3,oracle_posterior_gain,2,100.0,-0.0020041429659836685,False
final_input_token_layerwise,disclosed,k3,oracle_posterior_gain,3,100.0,-0.0022864101274033266,False
final_input_token_layerwise,disclosed,k3,oracle_posterior_gain,4,100.0,-0.0006194492484898895,False
final_input_token_layerwise,disclosed,k3,oracle_posterior_gain,5,100.0,-0.0003145813846121004,False
final_input_token_layerwise,disclosed,k3,oracle_posterior_gain,6,100.0,-0.0003547006019548604,False
final_input_token_layerwise,disclosed,k3,oracle_posterior_gain,7,100.0,-0.0008933984267664452,False
final_input_token_layerwise,disclosed,k3,oracle_posterior_gain,8,100.0,-0.002111553006861999,False
final_input_token_layerwise,disclosed,k3,oracle_posterior_gain,9,100.0,-0.002196707495730449,False
final_input_token_layerwise,disclosed,k3,oracle_posterior_gain,10,100.0,-0.0035318096562509116,False
final_input_token_layerwise,disclosed,k3,oracle_posterior_gain,11,100.0,-0.0035406651662347466,False
final_input_token_layerwise,disclosed,k3,oracle_posterior_gain,12,100.0,-0.0030251745416479126,False
final_input_token_layerwise,disclosed,k3,oracle_posterior_gain,13,100.0,-0.002744401884487574,False
final_input_token_layerwise,disclosed,k3,oracle_posterior_gain,14,100.0,-0.0015279556498254687,False
final_input_token_layerwise,disclosed,k3,oracle_posterior_gain,15,100.0,-0.0025076856844671036,False
final_input_token_layerwise,disclosed,k3,oracle_posterior_gain,16,100.0,-0.0004060714743495675,False
final_input_token_layerwise,disclosed,k3,oracle_posterior_gain,17,100.0,0.0004239248913354976,False
final_input_token_layerwise,disclosed,k3,oracle_posterior_gain,18,100.0,2.8609153534614462e-05,False
final_input_token_layerwise,disclosed,k3,oracle_posterior_gain,19,3.0,0.019730112204666195,False
final_input_token_layerwise,disclosed,k3,oracle_posterior_gain,20,3.0,0.03963793498085916,False
final_input_token_layerwise,disclosed,k3,oracle_posterior_gain,21,3.0,0.0342454999320472,False
final_input_token_layerwise,disclosed,k3,oracle_posterior_gain,22,3.0,0.03019891876199221,False
final_input_token_layerwise,disclosed,k3,oracle_posterior_gain,23,3.0,0.04028302647687837,True
final_input_token_layerwise,disclosed,k3,oracle_posterior_gain,24,3.0,0.0321892712094225,False
final_input_token_layerwise,disclosed,k3,oracle_posterior_gain,25,3.0,0.026549100741365517,False
final_input_token_layerwise,disclosed,k3,oracle_posterior_gain,26,3.0,0.022246532034324945,False
final_input_token_layerwise,disclosed,k3,oracle_posterior_gain,27,3.0,0.02070539051093892,False
final_input_token_layerwise,disclosed,k3,oracle_posterior_gain,28,3.0,0.00887793764103989,False
final_input_token_layerwise,disclosed,k3,oracle_posterior_gain,29,100.0,0.0011733388292791136,False
final_input_token_layerwise,disclosed,k3,oracle_posterior_gain,30,3.0,0.0020463504651548614,False
final_input_token_layerwise,disclosed,k3,oracle_posterior_gain,31,100.0,-0.0002783512340993055,False
final_input_token_layerwise,disclosed,k3,oracle_posterior_gain,32,100.0,-0.00042023036090246824,False
final_input_token_layerwise,disclosed,k3,oracle_posterior_gain,33,100.0,-0.0007713383512756578,False
final_input_token_layerwise,disclosed,k3,oracle_posterior_gain,34,100.0,-0.0007036665867069247,False
final_input_token_layerwise,disclosed,k3,oracle_posterior_gain,35,100.0,3.792440924604845e-05,False
final_input_token_layerwise,disclosed,k3,oracle_posterior_gain,36,3.0,0.01847659277104091,False
final_input_token_layerwise,disclosed,k6,gain,0,0.0001,0.0,False
final_input_token_layerwise,disclosed,k6,gain,1,100.0,-0.0006373258898383083,False
final_input_token_layerwise,disclosed,k6,gain,2,100.0,-0.0019008347023560246,False
final_input_token_layerwise,disclosed,k6,gain,3,100.0,-0.00154470532275508,False
final_input_token_layerwise,disclosed,k6,gain,4,100.0,-0.0016676852087873506,False
final_input_token_layerwise,disclosed,k6,gain,5,100.0,-0.0012880630332964826,False
final_input_token_layerwise,disclosed,k6,gain,6,100.0,-0.0009365607065933701,False
final_input_token_layerwise,disclosed,k6,gain,7,100.0,-0.0008070745731345585,False
final_input_token_layerwise,disclosed,k6,gain,8,100.0,-0.0013659543061159685,False
final_input_token_layerwise,disclosed,k6,gain,9,100.0,-0.001190442664525282,False
final_input_token_layerwise,disclosed,k6,gain,10,100.0,-0.0008060041199702828,False
final_input_token_layerwise,disclosed,k6,gain,11,100.0,-0.000906419692872612,False
final_input_token_layerwise,disclosed,k6,gain,12,100.0,-0.0006383364904357924,False
final_input_token_layerwise,disclosed,k6,gain,13,100.0,-0.0004905799073013084,False
final_input_token_layerwise,disclosed,k6,gain,14,100.0,-0.0014838640179397622,False
final_input_token_layerwise,disclosed,k6,gain,15,100.0,-0.0013659472398806771,False
final_input_token_layerwise,disclosed,k6,gain,16,100.0,-0.0008982158725184264,False
final_input_token_layerwise,disclosed,k6,gain,17,100.0,-0.0011292835709045823,False
final_input_token_layerwise,disclosed,k6,gain,18,100.0,-0.0007915646512790253,False
final_input_token_layerwise,disclosed,k6,gain,19,3.0,0.0012251263630538023,False
final_input_token_layerwise,disclosed,k6,gain,20,100.0,-0.0006429654135513829,False
final_input_token_layerwise,disclosed,k6,gain,21,3.0,0.009313187934402056,False
final_input_token_layerwise,disclosed,k6,gain,22,3.0,0.0026111652241258554,False
final_input_token_layerwise,disclosed,k6,gain,23,3.0,0.020250002040584858,False
final_input_token_layerwise,disclosed,k6,gain,24,100.0,0.0005754138788491847,False
final_input_token_layerwise,disclosed,k6,gain,25,3.0,0.005751968127657631,False
final_input_token_layerwise,disclosed,k6,gain,26,3.0,0.013189734323182295,False
final_input_token_layerwise,disclosed,k6,gain,27,3.0,0.02348002416140546,True
final_input_token_layerwise,disclosed,k6,gain,28,3.0,0.019166797164860305,False
final_input_token_layerwise,disclosed,k6,gain,29,3.0,0.018062807609395992,False
final_input_token_layerwise,disclosed,k6,gain,30,3.0,0.016624682530748197,False
final_input_token_layerwise,disclosed,k6,gain,31,3.0,0.005923144883429876,False
final_input_token_layerwise,disclosed,k6,gain,32,100.0,0.0004261622254989328,False
final_input_token_layerwise,disclosed,k6,gain,33,100.0,-0.0001293961638058061,False
final_input_token_layerwise,disclosed,k6,gain,34,3.0,0.007054776935877138,False
final_input_token_layerwise,disclosed,k6,gain,35,3.0,0.0062126023496369975,False
final_input_token_layerwise,disclosed,k6,gain,36,100.0,0.0006340701617199296,False
final_input_token_layerwise,disclosed,k6,response_residual,0,0.0001,-2.7755575615628914e-17,False
final_input_token_layerwise,disclosed,k6,response_residual,1,100.0,-0.00237251631206456,False
final_input_token_layerwise,disclosed,k6,response_residual,2,100.0,-0.0024455289304650962,False
final_input_token_layerwise,disclosed,k6,response_residual,3,100.0,-0.001971486388825272,False
final_input_token_layerwise,disclosed,k6,response_residual,4,100.0,-0.001771588073850583,False
final_input_token_layerwise,disclosed,k6,response_residual,5,100.0,-0.0014104570514151815,False
final_input_token_layerwise,disclosed,k6,response_residual,6,100.0,-0.0011611557744808931,False
final_input_token_layerwise,disclosed,k6,response_residual,7,100.0,-0.0011844287944602905,False
final_input_token_layerwise,disclosed,k6,response_residual,8,100.0,-0.0015171679052876086,False
final_input_token_layerwise,disclosed,k6,response_residual,9,100.0,-0.0011589935894891212,False
final_input_token_layerwise,disclosed,k6,response_residual,10,100.0,-0.00072684845844595,False
final_input_token_layerwise,disclosed,k6,response_residual,11,100.0,-0.00038136670743019185,False
final_input_token_layerwise,disclosed,k6,response_residual,12,100.0,-0.00015505603463747408,False
final_input_token_layerwise,disclosed,k6,response_residual,13,100.0,-0.0004868245805947635,False
final_input_token_layerwise,disclosed,k6,response_residual,14,100.0,-0.0014836705479581713,False
final_input_token_layerwise,disclosed,k6,response_residual,15,100.0,-0.0011114492459798342,False
final_input_token_layerwise,disclosed,k6,response_residual,16,100.0,-0.0008995836118859679,False
final_input_token_layerwise,disclosed,k6,response_residual,17,100.0,-0.001205344495184335,False
final_input_token_layerwise,disclosed,k6,response_residual,18,100.0,-0.000881410524435855,False
final_input_token_layerwise,disclosed,k6,response_residual,19,100.0,-0.0002913167443591991,False
final_input_token_layerwise,disclosed,k6,response_residual,20,100.0,-0.0008287190358969299,False
final_input_token_layerwise,disclosed,k6,response_residual,21,100.0,0.0002997196054257967,False
final_input_token_layerwise,disclosed,k6,response_residual,22,100.0,0.0003391985119772234,False
final_input_token_layerwise,disclosed,k6,response_residual,23,100.0,0.0010742734077282823,True
final_input_token_layerwise,disclosed,k6,response_residual,24,100.0,0.00034983429054366577,False
final_input_token_layerwise,disclosed,k6,response_residual,25,100.0,0.0007609494637609293,False
final_input_token_layerwise,disclosed,k6,response_residual,26,100.0,0.0007098618816373525,False
final_input_token_layerwise,disclosed,k6,response_residual,27,100.0,0.0009916928453237162,False
final_input_token_layerwise,disclosed,k6,response_residual,28,100.0,0.001051835128980383,False
final_input_token_layerwise,disclosed,k6,response_residual,29,100.0,0.0007761591223492958,False
final_input_token_layerwise,disclosed,k6,response_residual,30,100.0,0.0005559676175818096,False
final_input_token_layerwise,disclosed,k6,response_residual,31,100.0,0.00013928927502382393,False
final_input_token_layerwise,disclosed,k6,response_residual,32,100.0,-0.00017419843766988685,False
final_input_token_layerwise,disclosed,k6,response_residual,33,100.0,-0.000552754924719373,False
final_input_token_layerwise,disclosed,k6,response_residual,34,100.0,0.000243156045376558,False
final_input_token_layerwise,disclosed,k6,response_residual,35,100.0,0.00015979467390642155,False
final_input_token_layerwise,disclosed,k6,response_residual,36,100.0,-3.493725786407609e-05,False
final_input_token_layerwise,disclosed,k6,last_target_observation,0,0.0001,-2.7755575615628914e-17,False
final_input_token_layerwise,disclosed,k6,last_target_observation,1,0.1,0.030849329120479135,False
final_input_token_layerwise,disclosed,k6,last_target_observation,2,3.0,0.009314915008750813,False
final_input_token_layerwise,disclosed,k6,last_target_observation,3,3.0,0.006478438594821334,False
final_input_token_layerwise,disclosed,k6,last_target_observation,4,100.0,0.0006758513557226509,False
final_input_token_layerwise,disclosed,k6,last_target_observation,5,3.0,0.003220915929382895,False
final_input_token_layerwise,disclosed,k6,last_target_observation,6,100.0,3.4797768780348015e-05,False
final_input_token_layerwise,disclosed,k6,last_target_observation,7,100.0,-0.00022997986156686467,False
final_input_token_layerwise,disclosed,k6,last_target_observation,8,100.0,0.00030338295917006763,False
final_input_token_layerwise,disclosed,k6,last_target_observation,9,100.0,0.00023742731607578893,False
final_input_token_layerwise,disclosed,k6,last_target_observation,10,3.0,0.005873268618403066,False
final_input_token_layerwise,disclosed,k6,last_target_observation,11,100.0,-0.0002487250598526558,False
final_input_token_layerwise,disclosed,k6,last_target_observation,12,100.0,9.605083190805663e-05,False
final_input_token_layerwise,disclosed,k6,last_target_observation,13,3.0,0.02409591152772586,False
final_input_token_layerwise,disclosed,k6,last_target_observation,14,3.0,0.03202039483278549,False
final_input_token_layerwise,disclosed,k6,last_target_observation,15,3.0,0.0137923765710877,False
final_input_token_layerwise,disclosed,k6,last_target_observation,16,3.0,0.037711942667142284,True
final_input_token_layerwise,disclosed,k6,last_target_observation,17,3.0,0.018590628670509035,False
final_input_token_layerwise,disclosed,k6,last_target_observation,18,3.0,0.022940432013031697,False
final_input_token_layerwise,disclosed,k6,last_target_observation,19,3.0,0.02997108948537547,False
final_input_token_layerwise,disclosed,k6,last_target_observation,20,3.0,0.03745280062497658,False
final_input_token_layerwise,disclosed,k6,last_target_observation,21,3.0,0.03479646563981073,False
final_input_token_layerwise,disclosed,k6,last_target_observation,22,3.0,0.028735614883832444,False
final_input_token_layerwise,disclosed,k6,last_target_observation,23,3.0,0.023032761976830435,False
final_input_token_layerwise,disclosed,k6,last_target_observation,24,3.0,0.015194470532191223,False
final_input_token_layerwise,disclosed,k6,last_target_observation,25,100.0,0.002983025795502414,False
final_input_token_layerwise,disclosed,k6,last_target_observation,26,3.0,0.005983568437293668,False
final_input_token_layerwise,disclosed,k6,last_target_observation,27,3.0,0.00885460563432991,False
final_input_token_layerwise,disclosed,k6,last_target_observation,28,3.0,0.010727262374721436,False
final_input_token_layerwise,disclosed,k6,last_target_observation,29,100.0,0.0038899909718206616,False
final_input_token_layerwise,disclosed,k6,last_target_observation,30,100.0,0.0038311744608284237,False
final_input_token_layerwise,disclosed,k6,last_target_observation,31,100.0,0.004089366821185103,False
final_input_token_layerwise,disclosed,k6,last_target_observation,32,100.0,0.0038141344981506564,False
final_input_token_layerwise,disclosed,k6,last_target_observation,33,3.0,0.007615725461955936,False
final_input_token_layerwise,disclosed,k6,last_target_observation,34,3.0,0.006325884291342149,False
final_input_token_layerwise,disclosed,k6,last_target_observation,35,3.0,0.018631422874134634,False
final_input_token_layerwise,disclosed,k6,last_target_observation,36,3.0,0.013643542418336346,False
final_input_token_layerwise,disclosed,k6,target_observation_mean,0,0.0001,2.7755575615628914e-17,False
final_input_token_layerwise,disclosed,k6,target_observation_mean,1,100.0,-0.012491370397072571,False
final_input_token_layerwise,disclosed,k6,target_observation_mean,2,100.0,-0.005869583432453973,False
final_input_token_layerwise,disclosed,k6,target_observation_mean,3,100.0,-0.004197504353011222,False
final_input_token_layerwise,disclosed,k6,target_observation_mean,4,100.0,-0.0024504696668587456,False
final_input_token_layerwise,disclosed,k6,target_observation_mean,5,100.0,-0.0007547311671965706,False
final_input_token_layerwise,disclosed,k6,target_observation_mean,6,100.0,0.0002886035226344619,False
final_input_token_layerwise,disclosed,k6,target_observation_mean,7,100.0,0.0011589672252377559,False
final_input_token_layerwise,disclosed,k6,target_observation_mean,8,100.0,0.001988511623566447,False
final_input_token_layerwise,disclosed,k6,target_observation_mean,9,100.0,0.0009639990663728726,False
final_input_token_layerwise,disclosed,k6,target_observation_mean,10,100.0,0.00043027251971608504,False
final_input_token_layerwise,disclosed,k6,target_observation_mean,11,3.0,0.01360416349132576,False
final_input_token_layerwise,disclosed,k6,target_observation_mean,12,3.0,0.01517804081283941,False
final_input_token_layerwise,disclosed,k6,target_observation_mean,13,3.0,0.008694195107068037,False
final_input_token_layerwise,disclosed,k6,target_observation_mean,14,100.0,0.0005084791183232185,False
final_input_token_layerwise,disclosed,k6,target_observation_mean,15,100.0,-0.00011686795561097196,False
final_input_token_layerwise,disclosed,k6,target_observation_mean,16,100.0,-0.00033668029094782725,False
final_input_token_layerwise,disclosed,k6,target_observation_mean,17,100.0,-0.0009384943395024103,False
final_input_token_layerwise,disclosed,k6,target_observation_mean,18,100.0,0.0005475019932575931,False
final_input_token_layerwise,disclosed,k6,target_observation_mean,19,3.0,0.02366191182382929,False
final_input_token_layerwise,disclosed,k6,target_observation_mean,20,3.0,0.07506889143605569,False
final_input_token_layerwise,disclosed,k6,target_observation_mean,21,3.0,0.115121430314673,False
final_input_token_layerwise,disclosed,k6,target_observation_mean,22,0.1,0.18423651467091195,True
final_input_token_layerwise,disclosed,k6,target_observation_mean,23,3.0,0.12099916481321527,False
final_input_token_layerwise,disclosed,k6,target_observation_mean,24,3.0,0.1117150667183992,False
final_input_token_layerwise,disclosed,k6,target_observation_mean,25,3.0,0.07812614992276085,False
final_input_token_layerwise,disclosed,k6,target_observation_mean,26,3.0,0.08480108066050715,False
final_input_token_layerwise,disclosed,k6,target_observation_mean,27,3.0,0.08535027336884818,False
final_input_token_layerwise,disclosed,k6,target_observation_mean,28,3.0,0.10546359244059206,False
final_input_token_layerwise,disclosed,k6,target_observation_mean,29,3.0,0.09100034096513329,False
final_input_token_layerwise,disclosed,k6,target_observation_mean,30,3.0,0.09850961362797983,False
final_input_token_layerwise,disclosed,k6,target_observation_mean,31,3.0,0.08884535909172772,False
final_input_token_layerwise,disclosed,k6,target_observation_mean,32,3.0,0.0760673536482798,False
final_input_token_layerwise,disclosed,k6,target_observation_mean,33,3.0,0.0666859542398377,False
final_input_token_layerwise,disclosed,k6,target_observation_mean,34,3.0,0.06807929266069129,False
final_input_token_layerwise,disclosed,k6,target_observation_mean,35,3.0,0.07429500392582927,False
final_input_token_layerwise,disclosed,k6,target_observation_mean,36,3.0,0.08176470667071487,False
final_input_token_layerwise,disclosed,k6,target_time_slope,0,0.0001,0.0,False
final_input_token_layerwise,disclosed,k6,target_time_slope,1,3.0,0.0029204579254788476,False
final_input_token_layerwise,disclosed,k6,target_time_slope,2,100.0,0.001312549315158229,False
final_input_token_layerwise,disclosed,k6,target_time_slope,3,3.0,0.01965120106740803,False
final_input_token_layerwise,disclosed,k6,target_time_slope,4,3.0,0.0006979346897822425,False
final_input_token_layerwise,disclosed,k6,target_time_slope,5,100.0,-0.00014994030285114812,False
final_input_token_layerwise,disclosed,k6,target_time_slope,6,100.0,-0.0006974986152183948,False
final_input_token_layerwise,disclosed,k6,target_time_slope,7,100.0,-0.000366107835290147,False
final_input_token_layerwise,disclosed,k6,target_time_slope,8,3.0,0.005567075793201592,False
final_input_token_layerwise,disclosed,k6,target_time_slope,9,100.0,0.000581001338928272,False
final_input_token_layerwise,disclosed,k6,target_time_slope,10,100.0,0.0007934091273061328,False
final_input_token_layerwise,disclosed,k6,target_time_slope,11,100.0,2.829205860846451e-05,False
final_input_token_layerwise,disclosed,k6,target_time_slope,12,100.0,0.00018925601742617038,False
final_input_token_layerwise,disclosed,k6,target_time_slope,13,100.0,0.0005136865089525877,False
final_input_token_layerwise,disclosed,k6,target_time_slope,14,100.0,0.0008123506127840074,False
final_input_token_layerwise,disclosed,k6,target_time_slope,15,100.0,-0.0003256830314254944,False
final_input_token_layerwise,disclosed,k6,target_time_slope,16,3.0,0.005778917927325378,False
final_input_token_layerwise,disclosed,k6,target_time_slope,17,100.0,0.000566569535475514,False
final_input_token_layerwise,disclosed,k6,target_time_slope,18,3.0,0.014320821168796322,False
final_input_token_layerwise,disclosed,k6,target_time_slope,19,3.0,0.03397131419404245,False
final_input_token_layerwise,disclosed,k6,target_time_slope,20,3.0,0.045688168087243075,False
final_input_token_layerwise,disclosed,k6,target_time_slope,21,3.0,0.05429824819261972,False
final_input_token_layerwise,disclosed,k6,target_time_slope,22,3.0,0.05659338691420687,False
final_input_token_layerwise,disclosed,k6,target_time_slope,23,3.0,0.04231881354497535,False
final_input_token_layerwise,disclosed,k6,target_time_slope,24,3.0,0.016660571147259717,False
final_input_token_layerwise,disclosed,k6,target_time_slope,25,3.0,0.019262655114281324,False
final_input_token_layerwise,disclosed,k6,target_time_slope,26,3.0,0.00783633740143655,False
final_input_token_layerwise,disclosed,k6,target_time_slope,27,3.0,0.012187264643977735,False
final_input_token_layerwise,disclosed,k6,target_time_slope,28,100.0,0.003994918469758302,False
final_input_token_layerwise,disclosed,k6,target_time_slope,29,100.0,0.0034960467031245057,False
final_input_token_layerwise,disclosed,k6,target_time_slope,30,100.0,0.0033495574641812798,False
final_input_token_layerwise,disclosed,k6,target_time_slope,31,100.0,0.0035070580181821853,False
final_input_token_layerwise,disclosed,k6,target_time_slope,32,100.0,0.003407556295415809,False
final_input_token_layerwise,disclosed,k6,target_time_slope,33,3.0,0.024587712834368503,False
final_input_token_layerwise,disclosed,k6,target_time_slope,34,3.0,0.031180820700972667,False
final_input_token_layerwise,disclosed,k6,target_time_slope,35,3.0,0.06227255883081986,True
final_input_token_layerwise,disclosed,k6,target_time_slope,36,3.0,0.053686329287558704,False
final_input_token_layerwise,disclosed,k6,displayed_driver_outcome_slope,0,0.0001,-5.551115123125783e-17,False
final_input_token_layerwise,disclosed,k6,displayed_driver_outcome_slope,1,100.0,-0.0022698532825476403,False
final_input_token_layerwise,disclosed,k6,displayed_driver_outcome_slope,2,100.0,-0.002564080503573679,False
final_input_token_layerwise,disclosed,k6,displayed_driver_outcome_slope,3,100.0,-0.0028683349168706074,False
final_input_token_layerwise,disclosed,k6,displayed_driver_outcome_slope,4,100.0,-0.0016228060419205548,False
final_input_token_layerwise,disclosed,k6,displayed_driver_outcome_slope,5,100.0,-0.0014827778402589642,False
final_input_token_layerwise,disclosed,k6,displayed_driver_outcome_slope,6,100.0,-0.0008731983873023763,False
final_input_token_layerwise,disclosed,k6,displayed_driver_outcome_slope,7,100.0,-0.0011978629690374554,False
final_input_token_layerwise,disclosed,k6,displayed_driver_outcome_slope,8,100.0,-0.0011501692169099687,False
final_input_token_layerwise,disclosed,k6,displayed_driver_outcome_slope,9,100.0,-0.001184562866569372,False
final_input_token_layerwise,disclosed,k6,displayed_driver_outcome_slope,10,100.0,-0.0013344537690196945,False
final_input_token_layerwise,disclosed,k6,displayed_driver_outcome_slope,11,100.0,-0.0013913103539328897,False
final_input_token_layerwise,disclosed,k6,displayed_driver_outcome_slope,12,100.0,-0.0006055933359454257,False
final_input_token_layerwise,disclosed,k6,displayed_driver_outcome_slope,13,100.0,-0.0010870334553662042,False
final_input_token_layerwise,disclosed,k6,displayed_driver_outcome_slope,14,100.0,-0.0015934151176424383,False
final_input_token_layerwise,disclosed,k6,displayed_driver_outcome_slope,15,100.0,9.560684768111782e-05,False
final_input_token_layerwise,disclosed,k6,displayed_driver_outcome_slope,16,100.0,-0.00025083975016201854,False
final_input_token_layerwise,disclosed,k6,displayed_driver_outcome_slope,17,100.0,-0.00029358456070130434,False
final_input_token_layerwise,disclosed,k6,displayed_driver_outcome_slope,18,100.0,-0.00014897623626378143,False
final_input_token_layerwise,disclosed,k6,displayed_driver_outcome_slope,19,100.0,-0.0005963588843649614,False
final_input_token_layerwise,disclosed,k6,displayed_driver_outcome_slope,20,100.0,-0.0005245638280149956,False
final_input_token_layerwise,disclosed,k6,displayed_driver_outcome_slope,21,100.0,7.250294266314405e-05,False
final_input_token_layerwise,disclosed,k6,displayed_driver_outcome_slope,22,100.0,0.0004461948906817892,False
final_input_token_layerwise,disclosed,k6,displayed_driver_outcome_slope,23,100.0,-0.00033750736513388224,False
final_input_token_layerwise,disclosed,k6,displayed_driver_outcome_slope,24,100.0,-0.0005022056572762112,False
final_input_token_layerwise,disclosed,k6,displayed_driver_outcome_slope,25,100.0,0.00012303238763264335,False
final_input_token_layerwise,disclosed,k6,displayed_driver_outcome_slope,26,100.0,0.00018779971363472314,False
final_input_token_layerwise,disclosed,k6,displayed_driver_outcome_slope,27,100.0,-0.0002829614083471321,False
final_input_token_layerwise,disclosed,k6,displayed_driver_outcome_slope,28,3.0,0.002356044582825456,False
final_input_token_layerwise,disclosed,k6,displayed_driver_outcome_slope,29,100.0,0.00010567465222469097,False
final_input_token_layerwise,disclosed,k6,displayed_driver_outcome_slope,30,3.0,0.004433908659819796,False
final_input_token_layerwise,disclosed,k6,displayed_driver_outcome_slope,31,3.0,0.0013436108992916085,False
final_input_token_layerwise,disclosed,k6,displayed_driver_outcome_slope,32,100.0,0.0009655969475125814,False
final_input_token_layerwise,disclosed,k6,displayed_driver_outcome_slope,33,3.0,0.004763873473112384,True
final_input_token_layerwise,disclosed,k6,displayed_driver_outcome_slope,34,100.0,0.0006977645007936462,False
final_input_token_layerwise,disclosed,k6,displayed_driver_outcome_slope,35,100.0,-1.9154662034837067e-06,False
final_input_token_layerwise,disclosed,k6,displayed_driver_outcome_slope,36,100.0,0.00038739158018019637,False
final_input_token_layerwise,disclosed,k6,oracle_posterior_gain,0,0.0001,-5.551115123125783e-17,False
final_input_token_layerwise,disclosed,k6,oracle_posterior_gain,1,100.0,-0.0057949580961535185,False
final_input_token_layerwise,disclosed,k6,oracle_posterior_gain,2,100.0,-0.0044952727721628005,False
final_input_token_layerwise,disclosed,k6,oracle_posterior_gain,3,100.0,-0.0031628178730459533,False
final_input_token_layerwise,disclosed,k6,oracle_posterior_gain,4,100.0,-0.0010619517376638243,False
final_input_token_layerwise,disclosed,k6,oracle_posterior_gain,5,100.0,-0.0008317599264946185,False
final_input_token_layerwise,disclosed,k6,oracle_posterior_gain,6,100.0,-0.0003380825621595862,False
final_input_token_layerwise,disclosed,k6,oracle_posterior_gain,7,100.0,-0.0006253641297405688,False
final_input_token_layerwise,disclosed,k6,oracle_posterior_gain,8,100.0,-0.0017154204572391585,False
final_input_token_layerwise,disclosed,k6,oracle_posterior_gain,9,100.0,-0.0016517713108174514,False
final_input_token_layerwise,disclosed,k6,oracle_posterior_gain,10,100.0,-0.001179975495106289,False
final_input_token_layerwise,disclosed,k6,oracle_posterior_gain,11,100.0,-0.001024707135671904,False
final_input_token_layerwise,disclosed,k6,oracle_posterior_gain,12,100.0,-0.0009720579439346788,False
final_input_token_layerwise,disclosed,k6,oracle_posterior_gain,13,100.0,-0.0004199571173931771,False
final_input_token_layerwise,disclosed,k6,oracle_posterior_gain,14,100.0,-0.0006189007126540247,False
final_input_token_layerwise,disclosed,k6,oracle_posterior_gain,15,100.0,-0.0007608247520086431,False
final_input_token_layerwise,disclosed,k6,oracle_posterior_gain,16,100.0,-4.186434215119883e-05,False
final_input_token_layerwise,disclosed,k6,oracle_posterior_gain,17,100.0,-0.00043724486896651316,False
final_input_token_layerwise,disclosed,k6,oracle_posterior_gain,18,100.0,-0.0007990017463772592,False
final_input_token_layerwise,disclosed,k6,oracle_posterior_gain,19,3.0,0.024569473989281942,False
final_input_token_layerwise,disclosed,k6,oracle_posterior_gain,20,3.0,0.01068741022641917,False
final_input_token_layerwise,disclosed,k6,oracle_posterior_gain,21,3.0,0.01575830830016134,False
final_input_token_layerwise,disclosed,k6,oracle_posterior_gain,22,100.0,-0.00013408281415333567,False
final_input_token_layerwise,disclosed,k6,oracle_posterior_gain,23,3.0,0.012294542417536858,False
final_input_token_layerwise,disclosed,k6,oracle_posterior_gain,24,100.0,-0.0004367177818830892,False
final_input_token_layerwise,disclosed,k6,oracle_posterior_gain,25,3.0,0.01572509112604717,False
final_input_token_layerwise,disclosed,k6,oracle_posterior_gain,26,3.0,0.015888205293049962,False
final_input_token_layerwise,disclosed,k6,oracle_posterior_gain,27,3.0,0.027284489684577,False
final_input_token_layerwise,disclosed,k6,oracle_posterior_gain,28,3.0,0.014767853670052011,False
final_input_token_layerwise,disclosed,k6,oracle_posterior_gain,29,3.0,0.02970261375180519,True
final_input_token_layerwise,disclosed,k6,oracle_posterior_gain,30,3.0,0.01907751318999834,False
final_input_token_layerwise,disclosed,k6,oracle_posterior_gain,31,3.0,0.004291812418030783,False
final_input_token_layerwise,disclosed,k6,oracle_posterior_gain,32,100.0,-0.0001669850585972743,False
final_input_token_layerwise,disclosed,k6,oracle_posterior_gain,33,100.0,-0.0003777402597093804,False
final_input_token_layerwise,disclosed,k6,oracle_posterior_gain,34,100.0,0.00038501667119095195,False
final_input_token_layerwise,disclosed,k6,oracle_posterior_gain,35,100.0,0.0007789541464959249,False
final_input_token_layerwise,disclosed,k6,oracle_posterior_gain,36,100.0,-0.00011013026876499632,False
final_input_token_layerwise,disclosed,k9,gain,0,0.0001,0.0,False
final_input_token_layerwise,disclosed,k9,gain,1,100.0,-0.00292340322938367,False
final_input_token_layerwise,disclosed,k9,gain,2,100.0,-0.0012189959237694226,False
final_input_token_layerwise,disclosed,k9,gain,3,100.0,-0.0010342591559460712,False
final_input_token_layerwise,disclosed,k9,gain,4,100.0,-0.000873266186413757,False
final_input_token_layerwise,disclosed,k9,gain,5,100.0,-0.0005265842913551311,False
final_input_token_layerwise,disclosed,k9,gain,6,100.0,-0.0005026701359266694,False
final_input_token_layerwise,disclosed,k9,gain,7,100.0,-0.0005265714110430086,False
final_input_token_layerwise,disclosed,k9,gain,8,100.0,-0.0010457437489876376,False
final_input_token_layerwise,disclosed,k9,gain,9,100.0,-0.00038103981579432067,False
final_input_token_layerwise,disclosed,k9,gain,10,100.0,-0.0008049897045596666,False
final_input_token_layerwise,disclosed,k9,gain,11,100.0,-0.0010747553591326509,False
final_input_token_layerwise,disclosed,k9,gain,12,100.0,-0.001044902367683509,False
final_input_token_layerwise,disclosed,k9,gain,13,100.0,-0.0009697779442022769,False
final_input_token_layerwise,disclosed,k9,gain,14,100.0,-0.0018351874680351266,False
final_input_token_layerwise,disclosed,k9,gain,15,100.0,-0.001013972221933751,False
final_input_token_layerwise,disclosed,k9,gain,16,100.0,-0.0010125385266255837,False
final_input_token_layerwise,disclosed,k9,gain,17,100.0,-0.0010223334274997165,False
final_input_token_layerwise,disclosed,k9,gain,18,100.0,-0.0010094088977768423,False
final_input_token_layerwise,disclosed,k9,gain,19,100.0,-0.0004011797664059402,False
final_input_token_layerwise,disclosed,k9,gain,20,3.0,0.006888121737707004,False
final_input_token_layerwise,disclosed,k9,gain,21,3.0,0.025110390848447794,False
final_input_token_layerwise,disclosed,k9,gain,22,3.0,0.028769881306897643,False
final_input_token_layerwise,disclosed,k9,gain,23,3.0,0.03155859921521875,False
final_input_token_layerwise,disclosed,k9,gain,24,3.0,0.03770289235406771,False
final_input_token_layerwise,disclosed,k9,gain,25,3.0,0.02539722049899129,False
final_input_token_layerwise,disclosed,k9,gain,26,3.0,0.03489167400461515,False
final_input_token_layerwise,disclosed,k9,gain,27,3.0,0.041260977893532225,False
final_input_token_layerwise,disclosed,k9,gain,28,3.0,0.03745918556151606,False
final_input_token_layerwise,disclosed,k9,gain,29,3.0,0.03482742902694516,False
final_input_token_layerwise,disclosed,k9,gain,30,3.0,0.02595634941575256,False
final_input_token_layerwise,disclosed,k9,gain,31,3.0,0.02555634787586647,False
final_input_token_layerwise,disclosed,k9,gain,32,3.0,0.024549871337065904,False
final_input_token_layerwise,disclosed,k9,gain,33,3.0,0.029259939665169488,False
final_input_token_layerwise,disclosed,k9,gain,34,3.0,0.03320755112499568,False
final_input_token_layerwise,disclosed,k9,gain,35,3.0,0.04652503646250403,True
final_input_token_layerwise,disclosed,k9,gain,36,3.0,0.039348822909458625,False
final_input_token_layerwise,disclosed,k9,response_residual,0,0.0001,-2.7755575615628914e-17,False
final_input_token_layerwise,disclosed,k9,response_residual,1,100.0,-0.003299625506101911,False
final_input_token_layerwise,disclosed,k9,response_residual,2,100.0,-0.0017391328356632374,False
final_input_token_layerwise,disclosed,k9,response_residual,3,100.0,-0.0010892001324850908,False
final_input_token_layerwise,disclosed,k9,response_residual,4,100.0,-0.0008925772258381315,False
final_input_token_layerwise,disclosed,k9,response_residual,5,100.0,-0.0005672464627106966,False
final_input_token_layerwise,disclosed,k9,response_residual,6,100.0,-0.0004894994579187906,False
final_input_token_layerwise,disclosed,k9,response_residual,7,100.0,-0.00036508697731957307,False
final_input_token_layerwise,disclosed,k9,response_residual,8,100.0,-0.0008435052179414093,False
final_input_token_layerwise,disclosed,k9,response_residual,9,100.0,-0.00014194733140149296,False
final_input_token_layerwise,disclosed,k9,response_residual,10,100.0,-0.0006560354934007917,False
final_input_token_layerwise,disclosed,k9,response_residual,11,100.0,-0.0008896176729156768,False
final_input_token_layerwise,disclosed,k9,response_residual,12,100.0,-0.0009771957944199605,False
final_input_token_layerwise,disclosed,k9,response_residual,13,100.0,-0.0009986222792456867,False
final_input_token_layerwise,disclosed,k9,response_residual,14,100.0,-0.0018197457343221424,False
final_input_token_layerwise,disclosed,k9,response_residual,15,100.0,-0.0011522177180856574,False
final_input_token_layerwise,disclosed,k9,response_residual,16,100.0,-0.0004130842913444288,False
final_input_token_layerwise,disclosed,k9,response_residual,17,100.0,-0.0007607031086830363,False
final_input_token_layerwise,disclosed,k9,response_residual,18,100.0,-0.0009204951632268421,False
final_input_token_layerwise,disclosed,k9,response_residual,19,100.0,-0.000561422403956402,False
final_input_token_layerwise,disclosed,k9,response_residual,20,100.0,-6.676654062731657e-06,False
final_input_token_layerwise,disclosed,k9,response_residual,21,100.0,0.0010726320106716203,False
final_input_token_layerwise,disclosed,k9,response_residual,22,100.0,0.0012106439780393274,False
final_input_token_layerwise,disclosed,k9,response_residual,23,3.0,0.006937778992282262,False
final_input_token_layerwise,disclosed,k9,response_residual,24,3.0,0.011583725372053516,True
final_input_token_layerwise,disclosed,k9,response_residual,25,100.0,0.003278464973346884,False
final_input_token_layerwise,disclosed,k9,response_residual,26,3.0,0.00909845944106824,False
final_input_token_layerwise,disclosed,k9,response_residual,27,3.0,0.010726559013246817,False
final_input_token_layerwise,disclosed,k9,response_residual,28,3.0,0.006047176377772412,False
final_input_token_layerwise,disclosed,k9,response_residual,29,3.0,0.006672680248745122,False
final_input_token_layerwise,disclosed,k9,response_residual,30,3.0,0.004710739867279906,False
final_input_token_layerwise,disclosed,k9,response_residual,31,3.0,0.004437586101531166,False
final_input_token_layerwise,disclosed,k9,response_residual,32,3.0,0.003565574274778993,False
final_input_token_layerwise,disclosed,k9,response_residual,33,3.0,0.006579764982552555,False
final_input_token_layerwise,disclosed,k9,response_residual,34,3.0,0.008818075917787827,False
final_input_token_layerwise,disclosed,k9,response_residual,35,3.0,0.010824822427447478,False
final_input_token_layerwise,disclosed,k9,response_residual,36,3.0,0.009434317043850643,False
final_input_token_layerwise,disclosed,k9,last_target_observation,0,0.0001,1.3877787807814457e-16,False
final_input_token_layerwise,disclosed,k9,last_target_observation,1,100.0,-0.005975444078831826,False
final_input_token_layerwise,disclosed,k9,last_target_observation,2,100.0,-0.004660904524084464,False
final_input_token_layerwise,disclosed,k9,last_target_observation,3,100.0,-0.0027709471917646,False
final_input_token_layerwise,disclosed,k9,last_target_observation,4,100.0,-0.001550618343984178,False
final_input_token_layerwise,disclosed,k9,last_target_observation,5,100.0,-0.0009421892801473875,False
final_input_token_layerwise,disclosed,k9,last_target_observation,6,100.0,-0.0014253854799960997,False
final_input_token_layerwise,disclosed,k9,last_target_observation,7,100.0,-0.0010961603991593294,False
final_input_token_layerwise,disclosed,k9,last_target_observation,8,100.0,-0.0005158380817820163,False
final_input_token_layerwise,disclosed,k9,last_target_observation,9,100.0,-0.0004657119348102645,False
final_input_token_layerwise,disclosed,k9,last_target_observation,10,100.0,0.0003126146419761,False
final_input_token_layerwise,disclosed,k9,last_target_observation,11,3.0,0.0006290427997804326,False
final_input_token_layerwise,disclosed,k9,last_target_observation,12,3.0,0.009330882754465308,False
final_input_token_layerwise,disclosed,k9,last_target_observation,13,3.0,0.014176666572410263,False
final_input_token_layerwise,disclosed,k9,last_target_observation,14,3.0,0.009686872815664688,False
final_input_token_layerwise,disclosed,k9,last_target_observation,15,100.0,-0.0003098230086538978,False
final_input_token_layerwise,disclosed,k9,last_target_observation,16,3.0,0.005634021842994774,False
final_input_token_layerwise,disclosed,k9,last_target_observation,17,3.0,0.015135241515552761,False
final_input_token_layerwise,disclosed,k9,last_target_observation,18,3.0,0.015274113499703063,False
final_input_token_layerwise,disclosed,k9,last_target_observation,19,3.0,0.010282339635485721,False
final_input_token_layerwise,disclosed,k9,last_target_observation,20,3.0,0.03666331044344234,True
final_input_token_layerwise,disclosed,k9,last_target_observation,21,3.0,0.007442594287005971,False
final_input_token_layerwise,disclosed,k9,last_target_observation,22,3.0,0.030138635919499335,False
final_input_token_layerwise,disclosed,k9,last_target_observation,23,3.0,0.017161983181998103,False
final_input_token_layerwise,disclosed,k9,last_target_observation,24,3.0,0.019661147790192846,False
final_input_token_layerwise,disclosed,k9,last_target_observation,25,3.0,0.005938556778709303,False
final_input_token_layerwise,disclosed,k9,last_target_observation,26,100.0,0.0002874514469825007,False
final_input_token_layerwise,disclosed,k9,last_target_observation,27,100.0,-0.00011437458581251003,False
final_input_token_layerwise,disclosed,k9,last_target_observation,28,100.0,0.000165661947755108,False
final_input_token_layerwise,disclosed,k9,last_target_observation,29,100.0,-0.00017388153127262385,False
final_input_token_layerwise,disclosed,k9,last_target_observation,30,100.0,0.0001226828195026175,False
final_input_token_layerwise,disclosed,k9,last_target_observation,31,100.0,0.0004873960510217157,False
final_input_token_layerwise,disclosed,k9,last_target_observation,32,100.0,0.0009169578539033885,False
final_input_token_layerwise,disclosed,k9,last_target_observation,33,100.0,0.0008440374320426991,False
final_input_token_layerwise,disclosed,k9,last_target_observation,34,3.0,0.01794014505607791,False
final_input_token_layerwise,disclosed,k9,last_target_observation,35,3.0,0.025982791802652033,False
final_input_token_layerwise,disclosed,k9,last_target_observation,36,3.0,0.01682044703082644,False
final_input_token_layerwise,disclosed,k9,target_observation_mean,0,0.0001,3.885780586188048e-16,False
final_input_token_layerwise,disclosed,k9,target_observation_mean,1,100.0,0.004540761534996968,False
final_input_token_layerwise,disclosed,k9,target_observation_mean,2,3.0,0.0029350736184984294,False
final_input_token_layerwise,disclosed,k9,target_observation_mean,3,100.0,0.0020487533639393096,False
final_input_token_layerwise,disclosed,k9,target_observation_mean,4,100.0,0.00038027377901742043,False
final_input_token_layerwise,disclosed,k9,target_observation_mean,5,100.0,0.00034280286318255637,False
final_input_token_layerwise,disclosed,k9,target_observation_mean,6,100.0,0.0004511635936493841,False
final_input_token_layerwise,disclosed,k9,target_observation_mean,7,100.0,6.444449514603212e-05,False
final_input_token_layerwise,disclosed,k9,target_observation_mean,8,100.0,0.0007161142012521438,False
final_input_token_layerwise,disclosed,k9,target_observation_mean,9,3.0,0.013592087129249558,False
final_input_token_layerwise,disclosed,k9,target_observation_mean,10,3.0,0.010235188794410072,False
final_input_token_layerwise,disclosed,k9,target_observation_mean,11,3.0,0.0006184675529125883,False
final_input_token_layerwise,disclosed,k9,target_observation_mean,12,100.0,-0.00015831274322222755,False
final_input_token_layerwise,disclosed,k9,target_observation_mean,13,100.0,4.52849268109401e-06,False
final_input_token_layerwise,disclosed,k9,target_observation_mean,14,100.0,-0.00036474580380579935,False
final_input_token_layerwise,disclosed,k9,target_observation_mean,15,100.0,-0.00047015807277450694,False
final_input_token_layerwise,disclosed,k9,target_observation_mean,16,100.0,-0.0005053386034582497,False
final_input_token_layerwise,disclosed,k9,target_observation_mean,17,100.0,-0.0013185757801560394,False
final_input_token_layerwise,disclosed,k9,target_observation_mean,18,100.0,-0.0008562589921351504,False
final_input_token_layerwise,disclosed,k9,target_observation_mean,19,100.0,-0.0007593870960670435,False
final_input_token_layerwise,disclosed,k9,target_observation_mean,20,3.0,0.005127488188673451,False
final_input_token_layerwise,disclosed,k9,target_observation_mean,21,3.0,0.03796611652302226,False
final_input_token_layerwise,disclosed,k9,target_observation_mean,22,3.0,0.04995735310194094,True
final_input_token_layerwise,disclosed,k9,target_observation_mean,23,3.0,0.045236878746603454,False
final_input_token_layerwise,disclosed,k9,target_observation_mean,24,3.0,0.0379688217898248,False
final_input_token_layerwise,disclosed,k9,target_observation_mean,25,3.0,0.02104121440148765,False
final_input_token_layerwise,disclosed,k9,target_observation_mean,26,3.0,0.02067588303839535,False
final_input_token_layerwise,disclosed,k9,target_observation_mean,27,3.0,0.014174080004503126,False
final_input_token_layerwise,disclosed,k9,target_observation_mean,28,3.0,0.010983513177859533,False
final_input_token_layerwise,disclosed,k9,target_observation_mean,29,3.0,0.006157027647763241,False
final_input_token_layerwise,disclosed,k9,target_observation_mean,30,100.0,-0.00014654501136610043,False
final_input_token_layerwise,disclosed,k9,target_observation_mean,31,100.0,-5.8062706971895306e-05,False
final_input_token_layerwise,disclosed,k9,target_observation_mean,32,3.0,0.012260967841629972,False
final_input_token_layerwise,disclosed,k9,target_observation_mean,33,3.0,0.01195677745449708,False
final_input_token_layerwise,disclosed,k9,target_observation_mean,34,3.0,0.013555353941305442,False
final_input_token_layerwise,disclosed,k9,target_observation_mean,35,3.0,0.025412629923098895,False
final_input_token_layerwise,disclosed,k9,target_observation_mean,36,3.0,0.02264485775584066,False
final_input_token_layerwise,disclosed,k9,target_time_slope,0,0.0001,0.0,False
final_input_token_layerwise,disclosed,k9,target_time_slope,1,3.0,0.010451740173185037,False
final_input_token_layerwise,disclosed,k9,target_time_slope,2,100.0,-0.0017027719971524635,False
final_input_token_layerwise,disclosed,k9,target_time_slope,3,100.0,-0.001377245731792598,False
final_input_token_layerwise,disclosed,k9,target_time_slope,4,100.0,-0.0007116517569339953,False
final_input_token_layerwise,disclosed,k9,target_time_slope,5,0.1,0.013514245911848966,False
final_input_token_layerwise,disclosed,k9,target_time_slope,6,100.0,-0.0005123401089797974,False
final_input_token_layerwise,disclosed,k9,target_time_slope,7,100.0,-0.0009282894791244334,False
final_input_token_layerwise,disclosed,k9,target_time_slope,8,3.0,0.012005161861136815,False
final_input_token_layerwise,disclosed,k9,target_time_slope,9,100.0,-0.00022788436184195682,False
final_input_token_layerwise,disclosed,k9,target_time_slope,10,100.0,-0.0002206701172598191,False
final_input_token_layerwise,disclosed,k9,target_time_slope,11,100.0,0.0003171727150271253,False
final_input_token_layerwise,disclosed,k9,target_time_slope,12,100.0,0.0005050675165408081,False
final_input_token_layerwise,disclosed,k9,target_time_slope,13,100.0,0.0005358148766348159,False
final_input_token_layerwise,disclosed,k9,target_time_slope,14,100.0,-0.0012485856977596521,False
final_input_token_layerwise,disclosed,k9,target_time_slope,15,100.0,-0.0007700226917467246,False
final_input_token_layerwise,disclosed,k9,target_time_slope,16,3.0,0.016151626267379315,False
final_input_token_layerwise,disclosed,k9,target_time_slope,17,3.0,0.016382551937935308,False
final_input_token_layerwise,disclosed,k9,target_time_slope,18,3.0,0.0460438211725043,False
final_input_token_layerwise,disclosed,k9,target_time_slope,19,3.0,0.08045138600937507,False
final_input_token_layerwise,disclosed,k9,target_time_slope,20,3.0,0.12686233652865098,True
final_input_token_layerwise,disclosed,k9,target_time_slope,21,3.0,0.10709773258019845,False
final_input_token_layerwise,disclosed,k9,target_time_slope,22,3.0,0.11365040132861154,False
final_input_token_layerwise,disclosed,k9,target_time_slope,23,3.0,0.09749297518539887,False
final_input_token_layerwise,disclosed,k9,target_time_slope,24,3.0,0.08310399315845762,False
final_input_token_layerwise,disclosed,k9,target_time_slope,25,3.0,0.0674630518704381,False
final_input_token_layerwise,disclosed,k9,target_time_slope,26,3.0,0.04659291470551105,False
final_input_token_layerwise,disclosed,k9,target_time_slope,27,3.0,0.055534088095695516,False
final_input_token_layerwise,disclosed,k9,target_time_slope,28,3.0,0.06828953699601278,False
final_input_token_layerwise,disclosed,k9,target_time_slope,29,3.0,0.04175408636796624,False
final_input_token_layerwise,disclosed,k9,target_time_slope,30,3.0,0.03640086154407085,False
final_input_token_layerwise,disclosed,k9,target_time_slope,31,3.0,0.03944566922947365,False
final_input_token_layerwise,disclosed,k9,target_time_slope,32,3.0,0.04226709169390924,False
final_input_token_layerwise,disclosed,k9,target_time_slope,33,3.0,0.046735166479043744,False
final_input_token_layerwise,disclosed,k9,target_time_slope,34,3.0,0.047781851057403374,False
final_input_token_layerwise,disclosed,k9,target_time_slope,35,3.0,0.03344554720803078,False
final_input_token_layerwise,disclosed,k9,target_time_slope,36,3.0,0.04014656045003198,False
final_input_token_layerwise,disclosed,k9,displayed_driver_outcome_slope,0,0.0001,-1.1102230246251565e-16,False
final_input_token_layerwise,disclosed,k9,displayed_driver_outcome_slope,1,100.0,0.009771552250546128,False
final_input_token_layerwise,disclosed,k9,displayed_driver_outcome_slope,2,3.0,0.010204856333721396,False
final_input_token_layerwise,disclosed,k9,displayed_driver_outcome_slope,3,3.0,0.007347000139739435,False
final_input_token_layerwise,disclosed,k9,displayed_driver_outcome_slope,4,3.0,0.019431197423384755,False
final_input_token_layerwise,disclosed,k9,displayed_driver_outcome_slope,5,3.0,0.010179001177787084,False
final_input_token_layerwise,disclosed,k9,displayed_driver_outcome_slope,6,3.0,0.0016908426648929442,False
final_input_token_layerwise,disclosed,k9,displayed_driver_outcome_slope,7,100.0,3.676429658611147e-05,False
final_input_token_layerwise,disclosed,k9,displayed_driver_outcome_slope,8,100.0,-0.00024913612620391934,False
final_input_token_layerwise,disclosed,k9,displayed_driver_outcome_slope,9,3.0,0.000852893421467632,False
final_input_token_layerwise,disclosed,k9,displayed_driver_outcome_slope,10,100.0,-2.90658441781666e-05,False
final_input_token_layerwise,disclosed,k9,displayed_driver_outcome_slope,11,100.0,-0.000773819798536024,False
final_input_token_layerwise,disclosed,k9,displayed_driver_outcome_slope,12,100.0,-0.0008951187507931224,False
final_input_token_layerwise,disclosed,k9,displayed_driver_outcome_slope,13,100.0,-0.0009947756969643784,False
final_input_token_layerwise,disclosed,k9,displayed_driver_outcome_slope,14,100.0,0.0014394986916091146,False
final_input_token_layerwise,disclosed,k9,displayed_driver_outcome_slope,15,100.0,0.0008854603612182821,False
final_input_token_layerwise,disclosed,k9,displayed_driver_outcome_slope,16,3.0,0.007857575997287508,False
final_input_token_layerwise,disclosed,k9,displayed_driver_outcome_slope,17,3.0,0.007461731914631203,False
final_input_token_layerwise,disclosed,k9,displayed_driver_outcome_slope,18,3.0,0.017740582378744152,False
final_input_token_layerwise,disclosed,k9,displayed_driver_outcome_slope,19,0.1,0.09510892330005635,True
final_input_token_layerwise,disclosed,k9,displayed_driver_outcome_slope,20,3.0,0.06280352113411786,False
final_input_token_layerwise,disclosed,k9,displayed_driver_outcome_slope,21,3.0,0.040125378481725565,False
final_input_token_layerwise,disclosed,k9,displayed_driver_outcome_slope,22,3.0,0.058757559363124795,False
final_input_token_layerwise,disclosed,k9,displayed_driver_outcome_slope,23,3.0,0.056463923278429085,False
final_input_token_layerwise,disclosed,k9,displayed_driver_outcome_slope,24,3.0,0.034799087287583214,False
final_input_token_layerwise,disclosed,k9,displayed_driver_outcome_slope,25,3.0,0.043712982052809934,False
final_input_token_layerwise,disclosed,k9,displayed_driver_outcome_slope,26,3.0,0.037026205788493916,False
final_input_token_layerwise,disclosed,k9,displayed_driver_outcome_slope,27,3.0,0.028964086548275036,False
final_input_token_layerwise,disclosed,k9,displayed_driver_outcome_slope,28,3.0,0.023686344887958594,False
final_input_token_layerwise,disclosed,k9,displayed_driver_outcome_slope,29,3.0,0.025501161194823152,False
final_input_token_layerwise,disclosed,k9,displayed_driver_outcome_slope,30,3.0,0.031966713416175296,False
final_input_token_layerwise,disclosed,k9,displayed_driver_outcome_slope,31,3.0,0.022810490409220563,False
final_input_token_layerwise,disclosed,k9,displayed_driver_outcome_slope,32,3.0,0.03231778760276402,False
final_input_token_layerwise,disclosed,k9,displayed_driver_outcome_slope,33,3.0,0.01471087669706897,False
final_input_token_layerwise,disclosed,k9,displayed_driver_outcome_slope,34,3.0,0.0068887559714145286,False
final_input_token_layerwise,disclosed,k9,displayed_driver_outcome_slope,35,3.0,0.005599411792121922,False
final_input_token_layerwise,disclosed,k9,displayed_driver_outcome_slope,36,3.0,0.004525111360208611,False
final_input_token_layerwise,disclosed,k9,oracle_posterior_gain,0,0.0001,0.0,False
final_input_token_layerwise,disclosed,k9,oracle_posterior_gain,1,100.0,-0.0014394018932049057,False
final_input_token_layerwise,disclosed,k9,oracle_posterior_gain,2,100.0,-0.0010071953026875857,False
final_input_token_layerwise,disclosed,k9,oracle_posterior_gain,3,100.0,-0.0006232369028892903,False
final_input_token_layerwise,disclosed,k9,oracle_posterior_gain,4,100.0,-0.0006594071708902749,False
final_input_token_layerwise,disclosed,k9,oracle_posterior_gain,5,100.0,-0.0004185943077341381,False
final_input_token_layerwise,disclosed,k9,oracle_posterior_gain,6,100.0,-0.0005279016606368203,False
final_input_token_layerwise,disclosed,k9,oracle_posterior_gain,7,100.0,-6.890408902129885e-05,False
final_input_token_layerwise,disclosed,k9,oracle_posterior_gain,8,100.0,-0.0010453170795060585,False
final_input_token_layerwise,disclosed,k9,oracle_posterior_gain,9,100.0,-0.0002977571309449034,False
final_input_token_layerwise,disclosed,k9,oracle_posterior_gain,10,100.0,-0.00040672594307994414,False
final_input_token_layerwise,disclosed,k9,oracle_posterior_gain,11,100.0,-0.0003469724041081368,False
final_input_token_layerwise,disclosed,k9,oracle_posterior_gain,12,100.0,-0.0004955789175863645,False
final_input_token_layerwise,disclosed,k9,oracle_posterior_gain,13,100.0,-0.0002104068985453733,False
final_input_token_layerwise,disclosed,k9,oracle_posterior_gain,14,100.0,9.627400532674635e-05,False
final_input_token_layerwise,disclosed,k9,oracle_posterior_gain,15,3.0,0.004079248929585333,False
final_input_token_layerwise,disclosed,k9,oracle_posterior_gain,16,3.0,0.010917080827013842,False
final_input_token_layerwise,disclosed,k9,oracle_posterior_gain,17,3.0,0.010430533396348057,False
final_input_token_layerwise,disclosed,k9,oracle_posterior_gain,18,3.0,0.02025978442281684,False
final_input_token_layerwise,disclosed,k9,oracle_posterior_gain,19,3.0,0.03520976985889887,False
final_input_token_layerwise,disclosed,k9,oracle_posterior_gain,20,3.0,0.07269655789297672,False
final_input_token_layerwise,disclosed,k9,oracle_posterior_gain,21,3.0,0.06744059418004289,False
final_input_token_layerwise,disclosed,k9,oracle_posterior_gain,22,3.0,0.06889483417992123,False
final_input_token_layerwise,disclosed,k9,oracle_posterior_gain,23,3.0,0.0702071397585182,False
final_input_token_layerwise,disclosed,k9,oracle_posterior_gain,24,3.0,0.0668859540377679,False
final_input_token_layerwise,disclosed,k9,oracle_posterior_gain,25,3.0,0.04230742382444638,False
final_input_token_layerwise,disclosed,k9,oracle_posterior_gain,26,3.0,0.0534206269560106,False
final_input_token_layerwise,disclosed,k9,oracle_posterior_gain,27,0.1,0.11913020765272861,True
final_input_token_layerwise,disclosed,k9,oracle_posterior_gain,28,0.1,0.0874747981594115,False
final_input_token_layerwise,disclosed,k9,oracle_posterior_gain,29,0.1,0.0961355107122496,False
final_input_token_layerwise,disclosed,k9,oracle_posterior_gain,30,3.0,0.06324471142738503,False
final_input_token_layerwise,disclosed,k9,oracle_posterior_gain,31,3.0,0.059452287145681376,False
final_input_token_layerwise,disclosed,k9,oracle_posterior_gain,32,3.0,0.05841739559111972,False
final_input_token_layerwise,disclosed,k9,oracle_posterior_gain,33,3.0,0.05036349970824874,False
final_input_token_layerwise,disclosed,k9,oracle_posterior_gain,34,3.0,0.04426505942041173,False
final_input_token_layerwise,disclosed,k9,oracle_posterior_gain,35,3.0,0.05849777338438414,False
final_input_token_layerwise,disclosed,k9,oracle_posterior_gain,36,3.0,0.06282562211478904,False
final_input_token_layerwise,disclosed,pooled,gain,0,0.0001,0.0,False
final_input_token_layerwise,disclosed,pooled,gain,1,100.0,0.0008998373709614796,False
final_input_token_layerwise,disclosed,pooled,gain,2,100.0,-0.0007119921811565936,False
final_input_token_layerwise,disclosed,pooled,gain,3,100.0,-0.0009719410434157194,False
final_input_token_layerwise,disclosed,pooled,gain,4,100.0,-0.001192123536946967,False
final_input_token_layerwise,disclosed,pooled,gain,5,100.0,-0.0024027413350009665,False
final_input_token_layerwise,disclosed,pooled,gain,6,100.0,-0.001755614227453221,False
final_input_token_layerwise,disclosed,pooled,gain,7,100.0,-0.002045410528150743,False
final_input_token_layerwise,disclosed,pooled,gain,8,100.0,-0.0007282058991494219,False
final_input_token_layerwise,disclosed,pooled,gain,9,100.0,-0.00023091550385609394,False
final_input_token_layerwise,disclosed,pooled,gain,10,100.0,-0.000985356520341189,False
final_input_token_layerwise,disclosed,pooled,gain,11,100.0,-0.002990177121670943,False
final_input_token_layerwise,disclosed,pooled,gain,12,100.0,-0.0018460910624702453,False
final_input_token_layerwise,disclosed,pooled,gain,13,100.0,-0.003237516374479795,False
final_input_token_layerwise,disclosed,pooled,gain,14,100.0,-0.007271647325827811,False
final_input_token_layerwise,disclosed,pooled,gain,15,100.0,-0.004801238217805759,False
final_input_token_layerwise,disclosed,pooled,gain,16,100.0,-0.003043350059074431,False
final_input_token_layerwise,disclosed,pooled,gain,17,100.0,-0.001993532978283872,False
final_input_token_layerwise,disclosed,pooled,gain,18,100.0,-0.0033095068121739846,False
final_input_token_layerwise,disclosed,pooled,gain,19,100.0,-0.00032135490887700663,False
final_input_token_layerwise,disclosed,pooled,gain,20,100.0,0.002217796328132996,False
final_input_token_layerwise,disclosed,pooled,gain,21,3.0,0.015540656366675934,False
final_input_token_layerwise,disclosed,pooled,gain,22,3.0,0.035343073483478316,False
final_input_token_layerwise,disclosed,pooled,gain,23,3.0,0.022024051286839753,False
final_input_token_layerwise,disclosed,pooled,gain,24,3.0,0.02835637862570976,False
final_input_token_layerwise,disclosed,pooled,gain,25,3.0,0.02603902458288876,False
final_input_token_layerwise,disclosed,pooled,gain,26,3.0,0.02621570824159077,False
final_input_token_layerwise,disclosed,pooled,gain,27,3.0,0.044103324146581434,False
final_input_token_layerwise,disclosed,pooled,gain,28,3.0,0.044557356820504,True
final_input_token_layerwise,disclosed,pooled,gain,29,3.0,0.01823535770923838,False
final_input_token_layerwise,disclosed,pooled,gain,30,100.0,0.012123805565998033,False
final_input_token_layerwise,disclosed,pooled,gain,31,100.0,0.010283924205313941,False
final_input_token_layerwise,disclosed,pooled,gain,32,100.0,0.008593004860729706,False
final_input_token_layerwise,disclosed,pooled,gain,33,100.0,0.007607803575561771,False
final_input_token_layerwise,disclosed,pooled,gain,34,100.0,0.007746390131402187,False
final_input_token_layerwise,disclosed,pooled,gain,35,3.0,0.026961741357727286,False
final_input_token_layerwise,disclosed,pooled,gain,36,3.0,0.012606893479289005,False
final_input_token_layerwise,disclosed,pooled,response_residual,0,0.0001,-2.7755575615628914e-17,False
final_input_token_layerwise,disclosed,pooled,response_residual,1,100.0,-0.0013947004294568577,False
final_input_token_layerwise,disclosed,pooled,response_residual,2,100.0,-0.0021077861936651863,False
final_input_token_layerwise,disclosed,pooled,response_residual,3,100.0,-0.001505654668022142,False
final_input_token_layerwise,disclosed,pooled,response_residual,4,100.0,-0.0011895402026534385,False
final_input_token_layerwise,disclosed,pooled,response_residual,5,100.0,-0.0029239962566974345,False
final_input_token_layerwise,disclosed,pooled,response_residual,6,100.0,-0.0022488028854789712,False
final_input_token_layerwise,disclosed,pooled,response_residual,7,100.0,-0.003229549824964567,False
final_input_token_layerwise,disclosed,pooled,response_residual,8,100.0,-0.0029814048347707642,False
final_input_token_layerwise,disclosed,pooled,response_residual,9,100.0,-0.0012136142572008735,False
final_input_token_layerwise,disclosed,pooled,response_residual,10,100.0,-0.0013203552392644276,False
final_input_token_layerwise,disclosed,pooled,response_residual,11,100.0,-0.0022892896390544295,False
final_input_token_layerwise,disclosed,pooled,response_residual,12,100.0,-0.0014706390777199558,False
final_input_token_layerwise,disclosed,pooled,response_residual,13,100.0,-0.0036528673567967165,False
final_input_token_layerwise,disclosed,pooled,response_residual,14,100.0,-0.008047402868692396,False
final_input_token_layerwise,disclosed,pooled,response_residual,15,100.0,-0.005455519386856816,False
final_input_token_layerwise,disclosed,pooled,response_residual,16,100.0,-0.00406752306540283,False
final_input_token_layerwise,disclosed,pooled,response_residual,17,100.0,-0.0036908603773600592,False
final_input_token_layerwise,disclosed,pooled,response_residual,18,100.0,-0.0048995934215684545,False
final_input_token_layerwise,disclosed,pooled,response_residual,19,100.0,-0.0037087915359892234,False
final_input_token_layerwise,disclosed,pooled,response_residual,20,100.0,-0.0020257778477462685,False
final_input_token_layerwise,disclosed,pooled,response_residual,21,100.0,0.0044476559756479,False
final_input_token_layerwise,disclosed,pooled,response_residual,22,100.0,0.006463347700247026,False
final_input_token_layerwise,disclosed,pooled,response_residual,23,100.0,0.00701022688446513,False
final_input_token_layerwise,disclosed,pooled,response_residual,24,100.0,0.006828803020341519,False
final_input_token_layerwise,disclosed,pooled,response_residual,25,100.0,0.007428166993860823,False
final_input_token_layerwise,disclosed,pooled,response_residual,26,100.0,0.006917515582693694,False
final_input_token_layerwise,disclosed,pooled,response_residual,27,100.0,0.007696215743150732,True
final_input_token_layerwise,disclosed,pooled,response_residual,28,100.0,0.00755776238916836,False
final_input_token_layerwise,disclosed,pooled,response_residual,29,100.0,0.005836267899643949,False
final_input_token_layerwise,disclosed,pooled,response_residual,30,100.0,0.005808778365610491,False
final_input_token_layerwise,disclosed,pooled,response_residual,31,100.0,0.004683571314204808,False
final_input_token_layerwise,disclosed,pooled,response_residual,32,100.0,0.0036219013419464727,False
final_input_token_layerwise,disclosed,pooled,response_residual,33,100.0,0.003519962262086442,False
final_input_token_layerwise,disclosed,pooled,response_residual,34,100.0,0.003972955230600937,False
final_input_token_layerwise,disclosed,pooled,response_residual,35,100.0,0.00589179905799538,False
final_input_token_layerwise,disclosed,pooled,response_residual,36,100.0,0.005393807871808885,False
final_input_token_layerwise,undisclosed,k3,gain,0,0.0001,0.0,False
final_input_token_layerwise,undisclosed,k3,gain,1,100.0,-0.001032272809886825,False
final_input_token_layerwise,undisclosed,k3,gain,2,100.0,-0.0010163347680597346,False
final_input_token_layerwise,undisclosed,k3,gain,3,100.0,-0.001740179206750736,False
final_input_token_layerwise,undisclosed,k3,gain,4,100.0,-0.001300257938055438,False
final_input_token_layerwise,undisclosed,k3,gain,5,100.0,-0.0007225690968350185,False
final_input_token_layerwise,undisclosed,k3,gain,6,100.0,-0.0006970659899219189,False
final_input_token_layerwise,undisclosed,k3,gain,7,100.0,-0.00010089010300956547,False
final_input_token_layerwise,undisclosed,k3,gain,8,100.0,2.4309410201012183e-05,False
final_input_token_layerwise,undisclosed,k3,gain,9,100.0,-0.00045246883313271313,False
final_input_token_layerwise,undisclosed,k3,gain,10,100.0,-0.0006950042467960549,False
final_input_token_layerwise,undisclosed,k3,gain,11,100.0,-0.0001384419858684316,False
final_input_token_layerwise,undisclosed,k3,gain,12,100.0,2.251425569199661e-05,False
final_input_token_layerwise,undisclosed,k3,gain,13,100.0,-0.0012361527265358774,False
final_input_token_layerwise,undisclosed,k3,gain,14,100.0,-0.00116976278856476,False
final_input_token_layerwise,undisclosed,k3,gain,15,100.0,-0.0009698923937918047,False
final_input_token_layerwise,undisclosed,k3,gain,16,100.0,-0.00011750392571302504,False
final_input_token_layerwise,undisclosed,k3,gain,17,100.0,-0.0007001851904103462,False
final_input_token_layerwise,undisclosed,k3,gain,18,3.0,0.0014166721664811976,False
final_input_token_layerwise,undisclosed,k3,gain,19,100.0,-0.0004505781705224088,False
final_input_token_layerwise,undisclosed,k3,gain,20,100.0,-0.0013699755106292844,False
final_input_token_layerwise,undisclosed,k3,gain,21,100.0,-0.0013007761853014443,False
final_input_token_layerwise,undisclosed,k3,gain,22,100.0,-0.0018300740985127129,False
final_input_token_layerwise,undisclosed,k3,gain,23,100.0,-0.000494417700227151,False
final_input_token_layerwise,undisclosed,k3,gain,24,3.0,0.003805316065887132,False
final_input_token_layerwise,undisclosed,k3,gain,25,3.0,0.019863627117062244,True
final_input_token_layerwise,undisclosed,k3,gain,26,3.0,0.008525773436875439,False
final_input_token_layerwise,undisclosed,k3,gain,27,100.0,0.0009085454578949825,False
final_input_token_layerwise,undisclosed,k3,gain,28,100.0,0.0005388665702684703,False
final_input_token_layerwise,undisclosed,k3,gain,29,100.0,0.0005293606916462745,False
final_input_token_layerwise,undisclosed,k3,gain,30,100.0,0.0004007001283999889,False
final_input_token_layerwise,undisclosed,k3,gain,31,100.0,0.00038354565006396,False
final_input_token_layerwise,undisclosed,k3,gain,32,100.0,-2.568319816792508e-06,False
final_input_token_layerwise,undisclosed,k3,gain,33,100.0,-0.0006469313131404475,False
final_input_token_layerwise,undisclosed,k3,gain,34,100.0,5.497219743355597e-06,False
final_input_token_layerwise,undisclosed,k3,gain,35,100.0,0.00037191422910887173,False
final_input_token_layerwise,undisclosed,k3,gain,36,100.0,0.0006803398159949126,False
final_input_token_layerwise,undisclosed,k3,response_residual,0,0.0001,-2.7755575615628914e-17,False
final_input_token_layerwise,undisclosed,k3,response_residual,1,100.0,-0.0009747528106307246,False
final_input_token_layerwise,undisclosed,k3,response_residual,2,100.0,-0.0010954453096671535,False
final_input_token_layerwise,undisclosed,k3,response_residual,3,100.0,-0.001332792749174111,False
final_input_token_layerwise,undisclosed,k3,response_residual,4,100.0,-0.000930372792586398,False
final_input_token_layerwise,undisclosed,k3,response_residual,5,100.0,-0.0004521854802749248,False
final_input_token_layerwise,undisclosed,k3,response_residual,6,100.0,-0.000529706993042639,False
final_input_token_layerwise,undisclosed,k3,response_residual,7,100.0,0.0010250149434199163,False
final_input_token_layerwise,undisclosed,k3,response_residual,8,100.0,0.0009357956618694097,False
final_input_token_layerwise,undisclosed,k3,response_residual,9,100.0,0.0006159877750430143,False
final_input_token_layerwise,undisclosed,k3,response_residual,10,100.0,3.0345803411768735e-05,False
final_input_token_layerwise,undisclosed,k3,response_residual,11,100.0,0.0005796316980948013,False
final_input_token_layerwise,undisclosed,k3,response_residual,12,100.0,0.000643046007092446,False
final_input_token_layerwise,undisclosed,k3,response_residual,13,100.0,-0.0004251947386964827,False
final_input_token_layerwise,undisclosed,k3,response_residual,14,100.0,-0.0005374624795706773,False
final_input_token_layerwise,undisclosed,k3,response_residual,15,100.0,-0.0008054434292945056,False
final_input_token_layerwise,undisclosed,k3,response_residual,16,100.0,3.0246432908997978e-05,False
final_input_token_layerwise,undisclosed,k3,response_residual,17,100.0,-0.0007331779033001862,False
final_input_token_layerwise,undisclosed,k3,response_residual,18,100.0,-0.0003796507733305199,False
final_input_token_layerwise,undisclosed,k3,response_residual,19,100.0,-0.0008211310300080266,False
final_input_token_layerwise,undisclosed,k3,response_residual,20,100.0,-0.0014929110538248747,False
final_input_token_layerwise,undisclosed,k3,response_residual,21,100.0,-0.0016365597397755005,False
final_input_token_layerwise,undisclosed,k3,response_residual,22,100.0,-0.0019635548659306945,False
final_input_token_layerwise,undisclosed,k3,response_residual,23,100.0,-0.0008870427970892047,False
final_input_token_layerwise,undisclosed,k3,response_residual,24,100.0,-0.00047108696047518106,False
final_input_token_layerwise,undisclosed,k3,response_residual,25,100.0,0.0011962966247136553,True
final_input_token_layerwise,undisclosed,k3,response_residual,26,100.0,0.0006560897343116101,False
final_input_token_layerwise,undisclosed,k3,response_residual,27,100.0,0.0002183583773841813,False
final_input_token_layerwise,undisclosed,k3,response_residual,28,100.0,-7.591671041018433e-05,False
final_input_token_layerwise,undisclosed,k3,response_residual,29,100.0,-5.806975199029729e-07,False
final_input_token_layerwise,undisclosed,k3,response_residual,30,100.0,-0.0003305903209082084,False
final_input_token_layerwise,undisclosed,k3,response_residual,31,100.0,-0.00021209869908034307,False
final_input_token_layerwise,undisclosed,k3,response_residual,32,100.0,-0.0005502697273836732,False
final_input_token_layerwise,undisclosed,k3,response_residual,33,100.0,-0.0011005660106070403,False
final_input_token_layerwise,undisclosed,k3,response_residual,34,100.0,-0.0003546241964549057,False
final_input_token_layerwise,undisclosed,k3,response_residual,35,100.0,0.00024032366894072288,False
final_input_token_layerwise,undisclosed,k3,response_residual,36,100.0,0.0005434715851065364,False
final_input_token_layerwise,undisclosed,k3,last_target_observation,0,0.0001,-8.326672684688674e-17,False
final_input_token_layerwise,undisclosed,k3,last_target_observation,1,0.1,0.12369401540362301,True
final_input_token_layerwise,undisclosed,k3,last_target_observation,2,0.1,0.05207215381897612,False
final_input_token_layerwise,undisclosed,k3,last_target_observation,3,100.0,-0.0033434728390885904,False
final_input_token_layerwise,undisclosed,k3,last_target_observation,4,100.0,-0.001302811108836427,False
final_input_token_layerwise,undisclosed,k3,last_target_observation,5,100.0,-0.00035573389285087353,False
final_input_token_layerwise,undisclosed,k3,last_target_observation,6,100.0,-0.00010547682899711419,False
final_input_token_layerwise,undisclosed,k3,last_target_observation,7,100.0,-0.00011393442791746144,False
final_input_token_layerwise,undisclosed,k3,last_target_observation,8,100.0,0.0008787590963848235,False
final_input_token_layerwise,undisclosed,k3,last_target_observation,9,3.0,0.003230050760878539,False
final_input_token_layerwise,undisclosed,k3,last_target_observation,10,100.0,-0.00011843490817636804,False
final_input_token_layerwise,undisclosed,k3,last_target_observation,11,100.0,-0.00134002935607061,False
final_input_token_layerwise,undisclosed,k3,last_target_observation,12,100.0,-0.0012352151657366583,False
final_input_token_layerwise,undisclosed,k3,last_target_observation,13,100.0,-0.0012151204493227041,False
final_input_token_layerwise,undisclosed,k3,last_target_observation,14,100.0,-0.0005466972416250937,False
final_input_token_layerwise,undisclosed,k3,last_target_observation,15,3.0,0.005033203168603201,False
final_input_token_layerwise,undisclosed,k3,last_target_observation,16,3.0,0.028337126003632807,False
final_input_token_layerwise,undisclosed,k3,last_target_observation,17,3.0,0.02598999505874025,False
final_input_token_layerwise,undisclosed,k3,last_target_observation,18,3.0,0.025454915857591937,False
final_input_token_layerwise,undisclosed,k3,last_target_observation,19,3.0,0.03589238637903244,False
final_input_token_layerwise,undisclosed,k3,last_target_observation,20,3.0,0.07441414343847305,False
final_input_token_layerwise,undisclosed,k3,last_target_observation,21,3.0,0.05706270142067357,False
final_input_token_layerwise,undisclosed,k3,last_target_observation,22,3.0,0.04317156128433691,False
final_input_token_layerwise,undisclosed,k3,last_target_observation,23,3.0,0.04422084083369729,False
final_input_token_layerwise,undisclosed,k3,last_target_observation,24,3.0,0.02141368762161619,False
final_input_token_layerwise,undisclosed,k3,last_target_observation,25,100.0,-0.0010592414211691714,False
final_input_token_layerwise,undisclosed,k3,last_target_observation,26,100.0,-0.0011441951966389141,False
final_input_token_layerwise,undisclosed,k3,last_target_observation,27,100.0,-0.0010095801673412896,False
final_input_token_layerwise,undisclosed,k3,last_target_observation,28,100.0,-0.00020604756121589407,False
final_input_token_layerwise,undisclosed,k3,last_target_observation,29,100.0,0.0001537905721457622,False
final_input_token_layerwise,undisclosed,k3,last_target_observation,30,100.0,-0.00015628279984158944,False
final_input_token_layerwise,undisclosed,k3,last_target_observation,31,100.0,0.0003941962674164079,False
final_input_token_layerwise,undisclosed,k3,last_target_observation,32,100.0,0.00045337898361988427,False
final_input_token_layerwise,undisclosed,k3,last_target_observation,33,3.0,0.0031093220359764973,False
final_input_token_layerwise,undisclosed,k3,last_target_observation,34,3.0,0.0005488166324323085,False
final_input_token_layerwise,undisclosed,k3,last_target_observation,35,3.0,0.008334822041519835,False
final_input_token_layerwise,undisclosed,k3,last_target_observation,36,3.0,0.0008870137174163961,False
final_input_token_layerwise,undisclosed,k3,target_observation_mean,0,0.0001,5.551115123125783e-17,False
final_input_token_layerwise,undisclosed,k3,target_observation_mean,1,3.0,0.01906007096714235,False
final_input_token_layerwise,undisclosed,k3,target_observation_mean,2,3.0,0.013651989707853251,False
final_input_token_layerwise,undisclosed,k3,target_observation_mean,3,100.0,-0.0013550263649816374,False
final_input_token_layerwise,undisclosed,k3,target_observation_mean,4,3.0,0.0087785271836692,False
final_input_token_layerwise,undisclosed,k3,target_observation_mean,5,3.0,0.03099117471987256,False
final_input_token_layerwise,undisclosed,k3,target_observation_mean,6,3.0,0.031804410952457535,False
final_input_token_layerwise,undisclosed,k3,target_observation_mean,7,3.0,0.023592043686576636,False
final_input_token_layerwise,undisclosed,k3,target_observation_mean,8,3.0,0.008471045980798148,False
final_input_token_layerwise,undisclosed,k3,target_observation_mean,9,3.0,0.025897643705717288,False
final_input_token_layerwise,undisclosed,k3,target_observation_mean,10,3.0,0.015475326000144618,False
final_input_token_layerwise,undisclosed,k3,target_observation_mean,11,100.0,0.00016617164139515195,False
final_input_token_layerwise,undisclosed,k3,target_observation_mean,12,100.0,0.0006248872443327391,False
final_input_token_layerwise,undisclosed,k3,target_observation_mean,13,100.0,7.092045917203582e-05,False
final_input_token_layerwise,undisclosed,k3,target_observation_mean,14,100.0,-0.0002499273901545862,False
final_input_token_layerwise,undisclosed,k3,target_observation_mean,15,100.0,9.52369050088997e-06,False
final_input_token_layerwise,undisclosed,k3,target_observation_mean,16,3.0,0.04719926221565554,False
final_input_token_layerwise,undisclosed,k3,target_observation_mean,17,3.0,0.043495909683196554,False
final_input_token_layerwise,undisclosed,k3,target_observation_mean,18,3.0,0.11124026433504869,False
final_input_token_layerwise,undisclosed,k3,target_observation_mean,19,0.1,0.14527799697335864,False
final_input_token_layerwise,undisclosed,k3,target_observation_mean,20,3.0,0.1932762446874302,False
final_input_token_layerwise,undisclosed,k3,target_observation_mean,21,3.0,0.1525995845566736,False
final_input_token_layerwise,undisclosed,k3,target_observation_mean,22,3.0,0.16637565889863098,False
final_input_token_layerwise,undisclosed,k3,target_observation_mean,23,0.1,0.20312745325669515,False
final_input_token_layerwise,undisclosed,k3,target_observation_mean,24,0.1,0.17737097420989217,False
final_input_token_layerwise,undisclosed,k3,target_observation_mean,25,0.1,0.09759782643377704,False
final_input_token_layerwise,undisclosed,k3,target_observation_mean,26,3.0,0.06733397788166501,False
final_input_token_layerwise,undisclosed,k3,target_observation_mean,27,0.1,0.09917236926023187,False
final_input_token_layerwise,undisclosed,k3,target_observation_mean,28,0.1,0.1262448339675059,False
final_input_token_layerwise,undisclosed,k3,target_observation_mean,29,0.1,0.13136504650462016,False
final_input_token_layerwise,undisclosed,k3,target_observation_mean,30,0.1,0.1937010739477556,False
final_input_token_layerwise,undisclosed,k3,target_observation_mean,31,0.1,0.1842787496879992,False
final_input_token_layerwise,undisclosed,k3,target_observation_mean,32,0.1,0.1940674568683993,False
final_input_token_layerwise,undisclosed,k3,target_observation_mean,33,0.1,0.2034017268755471,True
final_input_token_layerwise,undisclosed,k3,target_observation_mean,34,0.1,0.13037909531866892,False
final_input_token_layerwise,undisclosed,k3,target_observation_mean,35,3.0,0.05936070382069736,False
final_input_token_layerwise,undisclosed,k3,target_observation_mean,36,3.0,0.04327490743949142,False
final_input_token_layerwise,undisclosed,k3,target_time_slope,0,0.0001,0.0,False
final_input_token_layerwise,undisclosed,k3,target_time_slope,1,0.1,0.015107731958110465,True
final_input_token_layerwise,undisclosed,k3,target_time_slope,2,100.0,-0.0021015352648840746,False
final_input_token_layerwise,undisclosed,k3,target_time_slope,3,100.0,-0.004642749540114621,False
final_input_token_layerwise,undisclosed,k3,target_time_slope,4,100.0,-0.0018738343473334584,False
final_input_token_layerwise,undisclosed,k3,target_time_slope,5,100.0,-0.0015741885307643533,False
final_input_token_layerwise,undisclosed,k3,target_time_slope,6,100.0,-0.001193280733292501,False
final_input_token_layerwise,undisclosed,k3,target_time_slope,7,100.0,-0.0006819849630746999,False
final_input_token_layerwise,undisclosed,k3,target_time_slope,8,100.0,-0.0002450669469940825,False
final_input_token_layerwise,undisclosed,k3,target_time_slope,9,100.0,-0.00015099017065375864,False
final_input_token_layerwise,undisclosed,k3,target_time_slope,10,100.0,-0.00032985604875898633,False
final_input_token_layerwise,undisclosed,k3,target_time_slope,11,100.0,-0.0005880995438177494,False
final_input_token_layerwise,undisclosed,k3,target_time_slope,12,100.0,-0.000850382139940209,False
final_input_token_layerwise,undisclosed,k3,target_time_slope,13,100.0,-0.001178625054030047,False
final_input_token_layerwise,undisclosed,k3,target_time_slope,14,100.0,-0.0007120135261768912,False
final_input_token_layerwise,undisclosed,k3,target_time_slope,15,100.0,0.0005998226366289716,False
final_input_token_layerwise,undisclosed,k3,target_time_slope,16,100.0,-1.7878816009425647e-05,False
final_input_token_layerwise,undisclosed,k3,target_time_slope,17,3.0,0.0036992295967466504,False
final_input_token_layerwise,undisclosed,k3,target_time_slope,18,100.0,-0.00035952443330736217,False
final_input_token_layerwise,undisclosed,k3,target_time_slope,19,100.0,-0.00026456761933763007,False
final_input_token_layerwise,undisclosed,k3,target_time_slope,20,3.0,0.014396037213681462,False
final_input_token_layerwise,undisclosed,k3,target_time_slope,21,100.0,2.3783718204939408e-05,False
final_input_token_layerwise,undisclosed,k3,target_time_slope,22,100.0,-0.000228627523811753,False
final_input_token_layerwise,undisclosed,k3,target_time_slope,23,3.0,0.000826475030907825,False
final_input_token_layerwise,undisclosed,k3,target_time_slope,24,3.0,0.002766405529040755,False
final_input_token_layerwise,undisclosed,k3,target_time_slope,25,100.0,0.00023960134200171068,False
final_input_token_layerwise,undisclosed,k3,target_time_slope,26,100.0,4.565897251257445e-05,False
final_input_token_layerwise,undisclosed,k3,target_time_slope,27,100.0,-2.70085276661558e-05,False
final_input_token_layerwise,undisclosed,k3,target_time_slope,28,100.0,-6.222289772511713e-06,False
final_input_token_layerwise,undisclosed,k3,target_time_slope,29,100.0,0.0009384749881668764,False
final_input_token_layerwise,undisclosed,k3,target_time_slope,30,100.0,0.000579890400179861,False
final_input_token_layerwise,undisclosed,k3,target_time_slope,31,100.0,0.0006900494212939701,False
final_input_token_layerwise,undisclosed,k3,target_time_slope,32,100.0,0.0007848841129723116,False
final_input_token_layerwise,undisclosed,k3,target_time_slope,33,3.0,0.010811003583090978,False
final_input_token_layerwise,undisclosed,k3,target_time_slope,34,3.0,0.0014908878272266446,False
final_input_token_layerwise,undisclosed,k3,target_time_slope,35,3.0,0.013382839962802928,False
final_input_token_layerwise,undisclosed,k3,target_time_slope,36,100.0,0.0007458785688941594,False
final_input_token_layerwise,undisclosed,k3,displayed_driver_outcome_slope,0,0.0001,5.551115123125783e-17,False
final_input_token_layerwise,undisclosed,k3,displayed_driver_outcome_slope,1,3.0,0.015025308326441694,False
final_input_token_layerwise,undisclosed,k3,displayed_driver_outcome_slope,2,3.0,0.01514205013182826,False
final_input_token_layerwise,undisclosed,k3,displayed_driver_outcome_slope,3,3.0,0.007081192243727524,False
final_input_token_layerwise,undisclosed,k3,displayed_driver_outcome_slope,4,3.0,0.024482148753009886,False
final_input_token_layerwise,undisclosed,k3,displayed_driver_outcome_slope,5,3.0,0.01828298992716565,False
final_input_token_layerwise,undisclosed,k3,displayed_driver_outcome_slope,6,3.0,0.021103701466008512,False
final_input_token_layerwise,undisclosed,k3,displayed_driver_outcome_slope,7,3.0,0.02710869929933868,True
final_input_token_layerwise,undisclosed,k3,displayed_driver_outcome_slope,8,3.0,0.01840184134241729,False
final_input_token_layerwise,undisclosed,k3,displayed_driver_outcome_slope,9,3.0,0.009207380467412957,False
final_input_token_layerwise,undisclosed,k3,displayed_driver_outcome_slope,10,100.0,-0.00036975642721817636,False
final_input_token_layerwise,undisclosed,k3,displayed_driver_outcome_slope,11,100.0,0.0005153045714631488,False
final_input_token_layerwise,undisclosed,k3,displayed_driver_outcome_slope,12,3.0,0.002852491775913679,False
final_input_token_layerwise,undisclosed,k3,displayed_driver_outcome_slope,13,3.0,0.010453184324096504,False
final_input_token_layerwise,undisclosed,k3,displayed_driver_outcome_slope,14,3.0,0.021434024401099067,False
final_input_token_layerwise,undisclosed,k3,displayed_driver_outcome_slope,15,100.0,-0.0010025574953678451,False
final_input_token_layerwise,undisclosed,k3,displayed_driver_outcome_slope,16,100.0,-0.00020550599880805875,False
final_input_token_layerwise,undisclosed,k3,displayed_driver_outcome_slope,17,100.0,0.00037153333506276254,False
final_input_token_layerwise,undisclosed,k3,displayed_driver_outcome_slope,18,3.0,0.0003437322626629047,False
final_input_token_layerwise,undisclosed,k3,displayed_driver_outcome_slope,19,100.0,-0.0007183359836485381,False
final_input_token_layerwise,undisclosed,k3,displayed_driver_outcome_slope,20,100.0,-0.0007765086150292033,False
final_input_token_layerwise,undisclosed,k3,displayed_driver_outcome_slope,21,100.0,-0.0004134721905453276,False
final_input_token_layerwise,undisclosed,k3,displayed_driver_outcome_slope,22,100.0,0.00011471607080801305,False
final_input_token_layerwise,undisclosed,k3,displayed_driver_outcome_slope,23,100.0,-0.0006549917203033384,False
final_input_token_layerwise,undisclosed,k3,displayed_driver_outcome_slope,24,100.0,-0.001974447380567901,False
final_input_token_layerwise,undisclosed,k3,displayed_driver_outcome_slope,25,100.0,-0.0027081819786758388,False
final_input_token_layerwise,undisclosed,k3,displayed_driver_outcome_slope,26,100.0,-0.0030173219311125377,False
final_input_token_layerwise,undisclosed,k3,displayed_driver_outcome_slope,27,100.0,-0.002635323261082456,False
final_input_token_layerwise,undisclosed,k3,displayed_driver_outcome_slope,28,100.0,-0.0024309521866256734,False
final_input_token_layerwise,undisclosed,k3,displayed_driver_outcome_slope,29,100.0,-0.0026408294343803485,False
final_input_token_layerwise,undisclosed,k3,displayed_driver_outcome_slope,30,100.0,-0.001635746282969086,False
final_input_token_layerwise,undisclosed,k3,displayed_driver_outcome_slope,31,100.0,-0.0011930930726153643,False
final_input_token_layerwise,undisclosed,k3,displayed_driver_outcome_slope,32,100.0,-0.001063208371019475,False
final_input_token_layerwise,undisclosed,k3,displayed_driver_outcome_slope,33,100.0,-0.001114415115234496,False
final_input_token_layerwise,undisclosed,k3,displayed_driver_outcome_slope,34,100.0,-0.0010887667927953482,False
final_input_token_layerwise,undisclosed,k3,displayed_driver_outcome_slope,35,100.0,-0.0005696966823295901,False
final_input_token_layerwise,undisclosed,k3,displayed_driver_outcome_slope,36,100.0,-0.0003262302471072065,False
final_input_token_layerwise,undisclosed,k3,oracle_posterior_gain,0,0.0001,2.7755575615628914e-17,False
final_input_token_layerwise,undisclosed,k3,oracle_posterior_gain,1,100.0,-0.002355301206092786,False
final_input_token_layerwise,undisclosed,k3,oracle_posterior_gain,2,100.0,-0.0025843712855320167,False
final_input_token_layerwise,undisclosed,k3,oracle_posterior_gain,3,100.0,-0.0021931289559228295,False
final_input_token_layerwise,undisclosed,k3,oracle_posterior_gain,4,100.0,-0.001403728821660677,False
final_input_token_layerwise,undisclosed,k3,oracle_posterior_gain,5,100.0,-0.0011836779889211613,False
final_input_token_layerwise,undisclosed,k3,oracle_posterior_gain,6,100.0,-0.0007866374549132249,False
final_input_token_layerwise,undisclosed,k3,oracle_posterior_gain,7,100.0,-0.001560469126466374,False
final_input_token_layerwise,undisclosed,k3,oracle_posterior_gain,8,100.0,-0.0032087684356821577,False
final_input_token_layerwise,undisclosed,k3,oracle_posterior_gain,9,100.0,-0.0029781476055554257,False
final_input_token_layerwise,undisclosed,k3,oracle_posterior_gain,10,100.0,-0.00258599570570045,False
final_input_token_layerwise,undisclosed,k3,oracle_posterior_gain,11,100.0,-0.0013237588269444933,False
final_input_token_layerwise,undisclosed,k3,oracle_posterior_gain,12,100.0,-0.0010174303818610286,False
final_input_token_layerwise,undisclosed,k3,oracle_posterior_gain,13,100.0,-0.000708632394338049,False
final_input_token_layerwise,undisclosed,k3,oracle_posterior_gain,14,100.0,0.0001818985588158406,False
final_input_token_layerwise,undisclosed,k3,oracle_posterior_gain,15,100.0,0.00026812949361479377,False
final_input_token_layerwise,undisclosed,k3,oracle_posterior_gain,16,3.0,0.008821068211058769,False
final_input_token_layerwise,undisclosed,k3,oracle_posterior_gain,17,3.0,0.030752695704316713,False
final_input_token_layerwise,undisclosed,k3,oracle_posterior_gain,18,3.0,0.031172073416717627,False
final_input_token_layerwise,undisclosed,k3,oracle_posterior_gain,19,3.0,0.01962338301616856,False
final_input_token_layerwise,undisclosed,k3,oracle_posterior_gain,20,3.0,0.03118419354208085,False
final_input_token_layerwise,undisclosed,k3,oracle_posterior_gain,21,3.0,0.026382698451934,False
final_input_token_layerwise,undisclosed,k3,oracle_posterior_gain,22,3.0,0.009312773474690172,False
final_input_token_layerwise,undisclosed,k3,oracle_posterior_gain,23,3.0,0.05141954029125878,False
final_input_token_layerwise,undisclosed,k3,oracle_posterior_gain,24,3.0,0.09287054772078804,False
final_input_token_layerwise,undisclosed,k3,oracle_posterior_gain,25,3.0,0.1009133444408398,True
final_input_token_layerwise,undisclosed,k3,oracle_posterior_gain,26,3.0,0.08041995612810499,False
final_input_token_layerwise,undisclosed,k3,oracle_posterior_gain,27,3.0,0.08584287434176197,False
final_input_token_layerwise,undisclosed,k3,oracle_posterior_gain,28,3.0,0.0804961214502507,False
final_input_token_layerwise,undisclosed,k3,oracle_posterior_gain,29,3.0,0.08417178873230316,False
final_input_token_layerwise,undisclosed,k3,oracle_posterior_gain,30,3.0,0.08689628156818424,False
final_input_token_layerwise,undisclosed,k3,oracle_posterior_gain,31,3.0,0.07872369063217846,False
final_input_token_layerwise,undisclosed,k3,oracle_posterior_gain,32,3.0,0.07785846866209523,False
final_input_token_layerwise,undisclosed,k3,oracle_posterior_gain,33,3.0,0.06617984826805212,False
final_input_token_layerwise,undisclosed,k3,oracle_posterior_gain,34,3.0,0.07035677264489798,False
final_input_token_layerwise,undisclosed,k3,oracle_posterior_gain,35,3.0,0.06510835435530368,False
final_input_token_layerwise,undisclosed,k3,oracle_posterior_gain,36,3.0,0.06519367781208518,False
final_input_token_layerwise,undisclosed,k6,gain,0,0.0001,0.0,False
final_input_token_layerwise,undisclosed,k6,gain,1,100.0,-0.00042182813351990256,False
final_input_token_layerwise,undisclosed,k6,gain,2,100.0,-0.0019559593621807925,False
final_input_token_layerwise,undisclosed,k6,gain,3,100.0,-0.0028976080433195106,False
final_input_token_layerwise,undisclosed,k6,gain,4,100.0,-0.002238366477713305,False
final_input_token_layerwise,undisclosed,k6,gain,5,100.0,-0.0015845651645953474,False
final_input_token_layerwise,undisclosed,k6,gain,6,100.0,-0.0016390714865040512,False
final_input_token_layerwise,undisclosed,k6,gain,7,100.0,-0.0014390266096278026,False
final_input_token_layerwise,undisclosed,k6,gain,8,100.0,-0.0017314853133506003,False
final_input_token_layerwise,undisclosed,k6,gain,9,100.0,-0.0015191288519145196,False
final_input_token_layerwise,undisclosed,k6,gain,10,100.0,-0.0009046011142247734,False
final_input_token_layerwise,undisclosed,k6,gain,11,100.0,-0.001621868497946377,False
final_input_token_layerwise,undisclosed,k6,gain,12,100.0,-0.0015799052764678412,False
final_input_token_layerwise,undisclosed,k6,gain,13,100.0,-0.0014046523932333965,False
final_input_token_layerwise,undisclosed,k6,gain,14,100.0,-0.0011321774454895461,False
final_input_token_layerwise,undisclosed,k6,gain,15,3.0,0.009225976982084744,False
final_input_token_layerwise,undisclosed,k6,gain,16,100.0,-0.0003655434220111442,False
final_input_token_layerwise,undisclosed,k6,gain,17,100.0,-4.8340620994041794e-05,False
final_input_token_layerwise,undisclosed,k6,gain,18,3.0,0.008152148734431208,False
final_input_token_layerwise,undisclosed,k6,gain,19,3.0,0.01395928454213452,False
final_input_token_layerwise,undisclosed,k6,gain,20,3.0,0.0121030630059131,False
final_input_token_layerwise,undisclosed,k6,gain,21,3.0,0.019276377849454074,True
final_input_token_layerwise,undisclosed,k6,gain,22,100.0,-0.00023888508811042986,False
final_input_token_layerwise,undisclosed,k6,gain,23,3.0,0.015001542659843825,False
final_input_token_layerwise,undisclosed,k6,gain,24,3.0,0.005274182633207364,False
final_input_token_layerwise,undisclosed,k6,gain,25,3.0,0.005010876305632267,False
final_input_token_layerwise,undisclosed,k6,gain,26,3.0,0.00546315571028641,False
final_input_token_layerwise,undisclosed,k6,gain,27,100.0,0.001208284296006612,False
final_input_token_layerwise,undisclosed,k6,gain,28,100.0,0.0011798833207494475,False
final_input_token_layerwise,undisclosed,k6,gain,29,3.0,0.0042951301421929045,False
final_input_token_layerwise,undisclosed,k6,gain,30,100.0,0.0008618107620591842,False
final_input_token_layerwise,undisclosed,k6,gain,31,3.0,0.004465984281689567,False
final_input_token_layerwise,undisclosed,k6,gain,32,100.0,0.0006696687497516618,False
final_input_token_layerwise,undisclosed,k6,gain,33,100.0,0.000292317776974943,False
final_input_token_layerwise,undisclosed,k6,gain,34,100.0,-0.00026764834222214873,False
final_input_token_layerwise,undisclosed,k6,gain,35,100.0,-0.00011285845490202617,False
final_input_token_layerwise,undisclosed,k6,gain,36,100.0,-6.3459073778388e-05,False
final_input_token_layerwise,undisclosed,k6,response_residual,0,0.0001,-2.7755575615628914e-17,False
final_input_token_layerwise,undisclosed,k6,response_residual,1,100.0,-0.0022508719823874923,False
final_input_token_layerwise,undisclosed,k6,response_residual,2,100.0,-0.0019603665557536287,False
final_input_token_layerwise,undisclosed,k6,response_residual,3,100.0,-0.003076095585611338,False
final_input_token_layerwise,undisclosed,k6,response_residual,4,100.0,-0.002153786407071978,False
final_input_token_layerwise,undisclosed,k6,response_residual,5,100.0,-0.0015090264435427547,False
final_input_token_layerwise,undisclosed,k6,response_residual,6,100.0,-0.001423227227801166,False
final_input_token_layerwise,undisclosed,k6,response_residual,7,100.0,-0.0012696424503229609,False
final_input_token_layerwise,undisclosed,k6,response_residual,8,100.0,-0.0017486366648387097,False
final_input_token_layerwise,undisclosed,k6,response_residual,9,100.0,-0.0014059338687557321,False
final_input_token_layerwise,undisclosed,k6,response_residual,10,100.0,-0.0009845672366809444,False
final_input_token_layerwise,undisclosed,k6,response_residual,11,100.0,-0.001544234539490763,False
final_input_token_layerwise,undisclosed,k6,response_residual,12,100.0,-0.0013144576978662004,False
final_input_token_layerwise,undisclosed,k6,response_residual,13,100.0,-0.0015181187780504701,False
final_input_token_layerwise,undisclosed,k6,response_residual,14,100.0,-0.0012403048327165045,False
final_input_token_layerwise,undisclosed,k6,response_residual,15,100.0,0.00026163351033328675,False
final_input_token_layerwise,undisclosed,k6,response_residual,16,100.0,-0.0007970490913648542,False
final_input_token_layerwise,undisclosed,k6,response_residual,17,100.0,-3.949527886029647e-05,False
final_input_token_layerwise,undisclosed,k6,response_residual,18,100.0,0.00013781023775369383,False
final_input_token_layerwise,undisclosed,k6,response_residual,19,100.0,0.00024437236399427187,False
final_input_token_layerwise,undisclosed,k6,response_residual,20,100.0,0.0003126453404643237,False
final_input_token_layerwise,undisclosed,k6,response_residual,21,100.0,0.00037443576870349604,False
final_input_token_layerwise,undisclosed,k6,response_residual,22,100.0,-0.0005662410961866371,False
final_input_token_layerwise,undisclosed,k6,response_residual,23,100.0,0.0007501693871655724,True
final_input_token_layerwise,undisclosed,k6,response_residual,24,100.0,4.609164850666314e-05,False
final_input_token_layerwise,undisclosed,k6,response_residual,25,100.0,4.4008634342895814e-05,False
final_input_token_layerwise,undisclosed,k6,response_residual,26,100.0,2.8884229767267566e-05,False
final_input_token_layerwise,undisclosed,k6,response_residual,27,100.0,0.0002840381676570414,False
final_input_token_layerwise,undisclosed,k6,response_residual,28,100.0,0.00045450762851523274,False
final_input_token_layerwise,undisclosed,k6,response_residual,29,100.0,0.0003520014587989062,False
final_input_token_layerwise,undisclosed,k6,response_residual,30,100.0,-0.00041853991106952093,False
final_input_token_layerwise,undisclosed,k6,response_residual,31,100.0,-0.00037050404053454167,False
final_input_token_layerwise,undisclosed,k6,response_residual,32,100.0,-0.0004975597257047548,False
final_input_token_layerwise,undisclosed,k6,response_residual,33,100.0,-0.0008658699531603198,False
final_input_token_layerwise,undisclosed,k6,response_residual,34,100.0,-0.0012830695724013186,False
final_input_token_layerwise,undisclosed,k6,response_residual,35,100.0,-0.0010710230686711286,False
final_input_token_layerwise,undisclosed,k6,response_residual,36,100.0,-0.0009717431967438961,False
final_input_token_layerwise,undisclosed,k6,last_target_observation,0,0.0001,-2.7755575615628914e-17,False
final_input_token_layerwise,undisclosed,k6,last_target_observation,1,3.0,0.018016022121667086,False
final_input_token_layerwise,undisclosed,k6,last_target_observation,2,3.0,0.005188751746213027,False
final_input_token_layerwise,undisclosed,k6,last_target_observation,3,3.0,0.027755354347196365,False
final_input_token_layerwise,undisclosed,k6,last_target_observation,4,3.0,0.004573595026692967,False
final_input_token_layerwise,undisclosed,k6,last_target_observation,5,3.0,0.0023080250506814226,False
final_input_token_layerwise,undisclosed,k6,last_target_observation,6,3.0,0.011171592876728725,False
final_input_token_layerwise,undisclosed,k6,last_target_observation,7,100.0,0.0004756007089821157,False
final_input_token_layerwise,undisclosed,k6,last_target_observation,8,100.0,0.0002262738714044754,False
final_input_token_layerwise,undisclosed,k6,last_target_observation,9,100.0,0.000915242812292022,False
final_input_token_layerwise,undisclosed,k6,last_target_observation,10,3.0,0.003334366167510344,False
final_input_token_layerwise,undisclosed,k6,last_target_observation,11,100.0,0.0005488330691435228,False
final_input_token_layerwise,undisclosed,k6,last_target_observation,12,3.0,0.0044339049167014255,False
final_input_token_layerwise,undisclosed,k6,last_target_observation,13,3.0,0.02318323744107098,False
final_input_token_layerwise,undisclosed,k6,last_target_observation,14,3.0,0.008172444988659378,False
final_input_token_layerwise,undisclosed,k6,last_target_observation,15,3.0,0.01668560908392286,False
final_input_token_layerwise,undisclosed,k6,last_target_observation,16,3.0,0.0005746079415599181,False
final_input_token_layerwise,undisclosed,k6,last_target_observation,17,3.0,0.032760864621859315,False
final_input_token_layerwise,undisclosed,k6,last_target_observation,18,3.0,0.04819884766376828,True
final_input_token_layerwise,undisclosed,k6,last_target_observation,19,3.0,0.04588683585844083,False
final_input_token_layerwise,undisclosed,k6,last_target_observation,20,3.0,0.03864502743283979,False
final_input_token_layerwise,undisclosed,k6,last_target_observation,21,3.0,0.0441283324822358,False
final_input_token_layerwise,undisclosed,k6,last_target_observation,22,3.0,0.007182732291376948,False
final_input_token_layerwise,undisclosed,k6,last_target_observation,23,3.0,0.0027119106812923677,False
final_input_token_layerwise,undisclosed,k6,last_target_observation,24,3.0,0.010584407804592716,False
final_input_token_layerwise,undisclosed,k6,last_target_observation,25,3.0,0.031718801692859566,False
final_input_token_layerwise,undisclosed,k6,last_target_observation,26,3.0,0.02397222526090359,False
final_input_token_layerwise,undisclosed,k6,last_target_observation,27,3.0,0.025963233301684763,False
final_input_token_layerwise,undisclosed,k6,last_target_observation,28,3.0,0.013700146986347334,False
final_input_token_layerwise,undisclosed,k6,last_target_observation,29,3.0,0.013546017536165744,False
final_input_token_layerwise,undisclosed,k6,last_target_observation,30,3.0,0.016689797628601566,False
final_input_token_layerwise,undisclosed,k6,last_target_observation,31,3.0,0.008951521132945034,False
final_input_token_layerwise,undisclosed,k6,last_target_observation,32,100.0,0.0014314036973544775,False
final_input_token_layerwise,undisclosed,k6,last_target_observation,33,100.0,0.0016235257538636527,False
final_input_token_layerwise,undisclosed,k6,last_target_observation,34,100.0,0.0006713072701532152,False
final_input_token_layerwise,undisclosed,k6,last_target_observation,35,100.0,0.0006771372256693664,False
final_input_token_layerwise,undisclosed,k6,last_target_observation,36,100.0,0.000710863599247824,False
final_input_token_layerwise,undisclosed,k6,target_observation_mean,0,0.0001,2.7755575615628914e-17,False
final_input_token_layerwise,undisclosed,k6,target_observation_mean,1,100.0,-0.010541856601210237,False
final_input_token_layerwise,undisclosed,k6,target_observation_mean,2,100.0,-0.005996677088680735,False
final_input_token_layerwise,undisclosed,k6,target_observation_mean,3,100.0,-0.004303619176017098,False
final_input_token_layerwise,undisclosed,k6,target_observation_mean,4,100.0,-0.002666922966951646,False
final_input_token_layerwise,undisclosed,k6,target_observation_mean,5,100.0,-0.002335497775181661,False
final_input_token_layerwise,undisclosed,k6,target_observation_mean,6,100.0,-0.0019010463557460056,False
final_input_token_layerwise,undisclosed,k6,target_observation_mean,7,100.0,-0.000311250416013098,False
final_input_token_layerwise,undisclosed,k6,target_observation_mean,8,100.0,-0.0007167759929452844,False
final_input_token_layerwise,undisclosed,k6,target_observation_mean,9,100.0,-0.0009208643310781028,False
final_input_token_layerwise,undisclosed,k6,target_observation_mean,10,100.0,-0.0009242250564728549,False
final_input_token_layerwise,undisclosed,k6,target_observation_mean,11,100.0,0.0003148114922607026,False
final_input_token_layerwise,undisclosed,k6,target_observation_mean,12,100.0,8.252990156931705e-05,False
final_input_token_layerwise,undisclosed,k6,target_observation_mean,13,3.0,0.012380545314902763,False
final_input_token_layerwise,undisclosed,k6,target_observation_mean,14,3.0,0.014625264720834336,False
final_input_token_layerwise,undisclosed,k6,target_observation_mean,15,3.0,0.01815758975860779,False
final_input_token_layerwise,undisclosed,k6,target_observation_mean,16,3.0,0.044997754091148395,False
final_input_token_layerwise,undisclosed,k6,target_observation_mean,17,3.0,0.06197700612463075,False
final_input_token_layerwise,undisclosed,k6,target_observation_mean,18,3.0,0.09487027542721718,False
final_input_token_layerwise,undisclosed,k6,target_observation_mean,19,3.0,0.10451437234286376,False
final_input_token_layerwise,undisclosed,k6,target_observation_mean,20,0.1,0.2182091636634759,False
final_input_token_layerwise,undisclosed,k6,target_observation_mean,21,0.1,0.23765684762164394,True
final_input_token_layerwise,undisclosed,k6,target_observation_mean,22,0.1,0.16924762336545598,False
final_input_token_layerwise,undisclosed,k6,target_observation_mean,23,0.1,0.20951494391428976,False
final_input_token_layerwise,undisclosed,k6,target_observation_mean,24,0.1,0.1594019916621179,False
final_input_token_layerwise,undisclosed,k6,target_observation_mean,25,3.0,0.1493326640632355,False
final_input_token_layerwise,undisclosed,k6,target_observation_mean,26,3.0,0.15608181033864596,False
final_input_token_layerwise,undisclosed,k6,target_observation_mean,27,3.0,0.17367356780617987,False
final_input_token_layerwise,undisclosed,k6,target_observation_mean,28,3.0,0.20842883964691042,False
final_input_token_layerwise,undisclosed,k6,target_observation_mean,29,3.0,0.19497630311196315,False
final_input_token_layerwise,undisclosed,k6,target_observation_mean,30,3.0,0.17570342324568483,False
final_input_token_layerwise,undisclosed,k6,target_observation_mean,31,3.0,0.15062972092709062,False
final_input_token_layerwise,undisclosed,k6,target_observation_mean,32,3.0,0.142981825847193,False
final_input_token_layerwise,undisclosed,k6,target_observation_mean,33,3.0,0.13739579867463642,False
final_input_token_layerwise,undisclosed,k6,target_observation_mean,34,3.0,0.1199789409539643,False
final_input_token_layerwise,undisclosed,k6,target_observation_mean,35,3.0,0.11419537040301628,False
final_input_token_layerwise,undisclosed,k6,target_observation_mean,36,3.0,0.1117273083373593,False
final_input_token_layerwise,undisclosed,k6,target_time_slope,0,0.0001,0.0,False
final_input_token_layerwise,undisclosed,k6,target_time_slope,1,100.0,0.0012740941523830818,False
final_input_token_layerwise,undisclosed,k6,target_time_slope,2,3.0,0.004086569146503127,False
final_input_token_layerwise,undisclosed,k6,target_time_slope,3,3.0,0.020646533485935037,False
final_input_token_layerwise,undisclosed,k6,target_time_slope,4,100.0,-0.0002772113366298068,False
final_input_token_layerwise,undisclosed,k6,target_time_slope,5,100.0,-0.00018228175898860055,False
final_input_token_layerwise,undisclosed,k6,target_time_slope,6,100.0,1.323593794014255e-05,False
final_input_token_layerwise,undisclosed,k6,target_time_slope,7,100.0,-0.0007868641627361839,False
final_input_token_layerwise,undisclosed,k6,target_time_slope,8,100.0,-0.0008570090073113379,False
final_input_token_layerwise,undisclosed,k6,target_time_slope,9,100.0,-0.0012614460857763854,False
final_input_token_layerwise,undisclosed,k6,target_time_slope,10,100.0,-0.0011174422276813423,False
final_input_token_layerwise,undisclosed,k6,target_time_slope,11,100.0,-0.0012324009847891892,False
final_input_token_layerwise,undisclosed,k6,target_time_slope,12,100.0,-0.0011746092047630885,False
final_input_token_layerwise,undisclosed,k6,target_time_slope,13,100.0,0.00022248444376685161,False
final_input_token_layerwise,undisclosed,k6,target_time_slope,14,100.0,-0.0005090256086940637,False
final_input_token_layerwise,undisclosed,k6,target_time_slope,15,100.0,-0.0008364643415187112,False
final_input_token_layerwise,undisclosed,k6,target_time_slope,16,100.0,-0.00130458023785196,False
final_input_token_layerwise,undisclosed,k6,target_time_slope,17,3.0,0.012229959276372215,False
final_input_token_layerwise,undisclosed,k6,target_time_slope,18,3.0,0.05502448219200767,False
final_input_token_layerwise,undisclosed,k6,target_time_slope,19,3.0,0.0681871197050527,False
final_input_token_layerwise,undisclosed,k6,target_time_slope,20,3.0,0.060188492964407786,False
final_input_token_layerwise,undisclosed,k6,target_time_slope,21,3.0,0.07475968139065997,True
final_input_token_layerwise,undisclosed,k6,target_time_slope,22,3.0,0.036181397902444734,False
final_input_token_layerwise,undisclosed,k6,target_time_slope,23,3.0,0.030228432805855243,False
final_input_token_layerwise,undisclosed,k6,target_time_slope,24,3.0,0.01760362221044892,False
final_input_token_layerwise,undisclosed,k6,target_time_slope,25,3.0,0.07307817584581641,False
final_input_token_layerwise,undisclosed,k6,target_time_slope,26,3.0,0.0615763238500715,False
final_input_token_layerwise,undisclosed,k6,target_time_slope,27,3.0,0.05668611179161742,False
final_input_token_layerwise,undisclosed,k6,target_time_slope,28,3.0,0.042344056380242356,False
final_input_token_layerwise,undisclosed,k6,target_time_slope,29,3.0,0.04286415040674421,False
final_input_token_layerwise,undisclosed,k6,target_time_slope,30,3.0,0.06834113627158664,False
final_input_token_layerwise,undisclosed,k6,target_time_slope,31,3.0,0.07019925592348533,False
final_input_token_layerwise,undisclosed,k6,target_time_slope,32,3.0,0.060157346638608084,False
final_input_token_layerwise,undisclosed,k6,target_time_slope,33,3.0,0.06441105152254617,False
final_input_token_layerwise,undisclosed,k6,target_time_slope,34,3.0,0.03708973967156762,False
final_input_token_layerwise,undisclosed,k6,target_time_slope,35,3.0,0.0402469042311793,False
final_input_token_layerwise,undisclosed,k6,target_time_slope,36,3.0,0.03338522937856023,False
final_input_token_layerwise,undisclosed,k6,displayed_driver_outcome_slope,0,0.0001,-5.551115123125783e-17,False
final_input_token_layerwise,undisclosed,k6,displayed_driver_outcome_slope,1,100.0,-0.0016793506714171957,False
final_input_token_layerwise,undisclosed,k6,displayed_driver_outcome_slope,2,100.0,-0.001691118824254212,False
final_input_token_layerwise,undisclosed,k6,displayed_driver_outcome_slope,3,100.0,-0.0012523460281066434,False
final_input_token_layerwise,undisclosed,k6,displayed_driver_outcome_slope,4,100.0,-0.0008383941011164131,False
final_input_token_layerwise,undisclosed,k6,displayed_driver_outcome_slope,5,100.0,-0.0007379925183482461,False
final_input_token_layerwise,undisclosed,k6,displayed_driver_outcome_slope,6,100.0,-0.0005414736419679655,False
final_input_token_layerwise,undisclosed,k6,displayed_driver_outcome_slope,7,100.0,-0.00016333224962980508,False
final_input_token_layerwise,undisclosed,k6,displayed_driver_outcome_slope,8,3.0,0.008246621935199427,False
final_input_token_layerwise,undisclosed,k6,displayed_driver_outcome_slope,9,3.0,0.013928694901532923,False
final_input_token_layerwise,undisclosed,k6,displayed_driver_outcome_slope,10,3.0,0.007275342143066521,False
final_input_token_layerwise,undisclosed,k6,displayed_driver_outcome_slope,11,3.0,0.005574879979235753,False
final_input_token_layerwise,undisclosed,k6,displayed_driver_outcome_slope,12,3.0,0.00802095513772147,False
final_input_token_layerwise,undisclosed,k6,displayed_driver_outcome_slope,13,100.0,0.00012470474386591657,False
final_input_token_layerwise,undisclosed,k6,displayed_driver_outcome_slope,14,3.0,0.0018389728836126773,False
final_input_token_layerwise,undisclosed,k6,displayed_driver_outcome_slope,15,100.0,9.258783602589249e-05,False
final_input_token_layerwise,undisclosed,k6,displayed_driver_outcome_slope,16,100.0,0.00035225612518596794,False
final_input_token_layerwise,undisclosed,k6,displayed_driver_outcome_slope,17,100.0,0.00046673079996606415,False
final_input_token_layerwise,undisclosed,k6,displayed_driver_outcome_slope,18,100.0,0.001198666314602137,False
final_input_token_layerwise,undisclosed,k6,displayed_driver_outcome_slope,19,3.0,0.009720619204590886,False
final_input_token_layerwise,undisclosed,k6,displayed_driver_outcome_slope,20,3.0,0.024377374001081198,False
final_input_token_layerwise,undisclosed,k6,displayed_driver_outcome_slope,21,3.0,0.0482005462379447,False
final_input_token_layerwise,undisclosed,k6,displayed_driver_outcome_slope,22,3.0,0.059803947281184405,True
final_input_token_layerwise,undisclosed,k6,displayed_driver_outcome_slope,23,3.0,0.04449357000909468,False
final_input_token_layerwise,undisclosed,k6,displayed_driver_outcome_slope,24,3.0,0.024908095716405704,False
final_input_token_layerwise,undisclosed,k6,displayed_driver_outcome_slope,25,100.0,0.0011528015714380446,False
final_input_token_layerwise,undisclosed,k6,displayed_driver_outcome_slope,26,3.0,0.010148929564499781,False
final_input_token_layerwise,undisclosed,k6,displayed_driver_outcome_slope,27,3.0,0.006955927422101382,False
final_input_token_layerwise,undisclosed,k6,displayed_driver_outcome_slope,28,3.0,0.02074019942613975,False
final_input_token_layerwise,undisclosed,k6,displayed_driver_outcome_slope,29,3.0,0.01362308605768392,False
final_input_token_layerwise,undisclosed,k6,displayed_driver_outcome_slope,30,3.0,0.002978954122211913,False
final_input_token_layerwise,undisclosed,k6,displayed_driver_outcome_slope,31,3.0,0.010659638074385996,False
final_input_token_layerwise,undisclosed,k6,displayed_driver_outcome_slope,32,3.0,0.007111445966335839,False
final_input_token_layerwise,undisclosed,k6,displayed_driver_outcome_slope,33,3.0,0.009727704337126858,False
final_input_token_layerwise,undisclosed,k6,displayed_driver_outcome_slope,34,100.0,0.00023960264693514977,False
final_input_token_layerwise,undisclosed,k6,displayed_driver_outcome_slope,35,100.0,0.0006762958712523137,False
final_input_token_layerwise,undisclosed,k6,displayed_driver_outcome_slope,36,100.0,0.0006275218084074996,False
final_input_token_layerwise,undisclosed,k6,oracle_posterior_gain,0,0.0001,-5.551115123125783e-17,False
final_input_token_layerwise,undisclosed,k6,oracle_posterior_gain,1,100.0,-0.0018281478770413861,False
final_input_token_layerwise,undisclosed,k6,oracle_posterior_gain,2,100.0,-0.00121514180782048,False
final_input_token_layerwise,undisclosed,k6,oracle_posterior_gain,3,100.0,-0.0008787333332946901,False
final_input_token_layerwise,undisclosed,k6,oracle_posterior_gain,4,100.0,-0.0014310375975833123,False
final_input_token_layerwise,undisclosed,k6,oracle_posterior_gain,5,100.0,-0.0006280987408742722,False
final_input_token_layerwise,undisclosed,k6,oracle_posterior_gain,6,100.0,-0.0005044224906819161,False
final_input_token_layerwise,undisclosed,k6,oracle_posterior_gain,7,100.0,-6.354249058027062e-05,False
final_input_token_layerwise,undisclosed,k6,oracle_posterior_gain,8,100.0,0.0005244989126057809,False
final_input_token_layerwise,undisclosed,k6,oracle_posterior_gain,9,3.0,0.008874828031342458,False
final_input_token_layerwise,undisclosed,k6,oracle_posterior_gain,10,3.0,0.0020436631734295774,False
final_input_token_layerwise,undisclosed,k6,oracle_posterior_gain,11,3.0,0.005539712384132006,False
final_input_token_layerwise,undisclosed,k6,oracle_posterior_gain,12,100.0,-0.0005033425737822617,False
final_input_token_layerwise,undisclosed,k6,oracle_posterior_gain,13,100.0,-0.0005600592886553513,False
final_input_token_layerwise,undisclosed,k6,oracle_posterior_gain,14,100.0,-0.0009557957059458388,False
final_input_token_layerwise,undisclosed,k6,oracle_posterior_gain,15,3.0,0.003099320393611299,False
final_input_token_layerwise,undisclosed,k6,oracle_posterior_gain,16,3.0,0.003492130378116437,False
final_input_token_layerwise,undisclosed,k6,oracle_posterior_gain,17,3.0,0.020307269745657802,False
final_input_token_layerwise,undisclosed,k6,oracle_posterior_gain,18,3.0,0.0070614198962671015,False
final_input_token_layerwise,undisclosed,k6,oracle_posterior_gain,19,3.0,0.012282994358301186,False
final_input_token_layerwise,undisclosed,k6,oracle_posterior_gain,20,3.0,0.03252064097223925,False
final_input_token_layerwise,undisclosed,k6,oracle_posterior_gain,21,3.0,0.03377645413498248,False
final_input_token_layerwise,undisclosed,k6,oracle_posterior_gain,22,3.0,0.03892385098188361,False
final_input_token_layerwise,undisclosed,k6,oracle_posterior_gain,23,3.0,0.06584404074428721,False
final_input_token_layerwise,undisclosed,k6,oracle_posterior_gain,24,3.0,0.057731038374565946,False
final_input_token_layerwise,undisclosed,k6,oracle_posterior_gain,25,3.0,0.06688098087015937,False
final_input_token_layerwise,undisclosed,k6,oracle_posterior_gain,26,3.0,0.0688017888064183,False
final_input_token_layerwise,undisclosed,k6,oracle_posterior_gain,27,3.0,0.06847571716627296,False
final_input_token_layerwise,undisclosed,k6,oracle_posterior_gain,28,3.0,0.0684085605627616,False
final_input_token_layerwise,undisclosed,k6,oracle_posterior_gain,29,3.0,0.08281431329720021,True
final_input_token_layerwise,undisclosed,k6,oracle_posterior_gain,30,3.0,0.0694501303580218,False
final_input_token_layerwise,undisclosed,k6,oracle_posterior_gain,31,3.0,0.07293161991191877,False
final_input_token_layerwise,undisclosed,k6,oracle_posterior_gain,32,3.0,0.06434587898214209,False
final_input_token_layerwise,undisclosed,k6,oracle_posterior_gain,33,3.0,0.06895798852623167,False
final_input_token_layerwise,undisclosed,k6,oracle_posterior_gain,34,3.0,0.06609030851905318,False
final_input_token_layerwise,undisclosed,k6,oracle_posterior_gain,35,3.0,0.06612485251386224,False
final_input_token_layerwise,undisclosed,k6,oracle_posterior_gain,36,3.0,0.06383112514503664,False
final_input_token_layerwise,undisclosed,k9,gain,0,0.0001,0.0,False
final_input_token_layerwise,undisclosed,k9,gain,1,100.0,-0.0029138716376458373,False
final_input_token_layerwise,undisclosed,k9,gain,2,100.0,-0.0026541026761701114,False
final_input_token_layerwise,undisclosed,k9,gain,3,100.0,-0.002466146278747028,False
final_input_token_layerwise,undisclosed,k9,gain,4,100.0,-0.0014914925684033076,False
final_input_token_layerwise,undisclosed,k9,gain,5,100.0,-0.0013541550950796344,False
final_input_token_layerwise,undisclosed,k9,gain,6,100.0,-0.0012032100318530858,False
final_input_token_layerwise,undisclosed,k9,gain,7,100.0,-0.0008397803537714688,False
final_input_token_layerwise,undisclosed,k9,gain,8,100.0,-0.0008570250100633781,False
final_input_token_layerwise,undisclosed,k9,gain,9,100.0,-0.0011607858432866047,False
final_input_token_layerwise,undisclosed,k9,gain,10,100.0,-0.00035206136363474805,False
final_input_token_layerwise,undisclosed,k9,gain,11,100.0,6.017493594689949e-05,False
final_input_token_layerwise,undisclosed,k9,gain,12,100.0,0.00012676778748185735,False
final_input_token_layerwise,undisclosed,k9,gain,13,100.0,-0.0008406230163580941,False
final_input_token_layerwise,undisclosed,k9,gain,14,100.0,-0.0007708375692686564,False
final_input_token_layerwise,undisclosed,k9,gain,15,100.0,-0.0008088369305160326,False
final_input_token_layerwise,undisclosed,k9,gain,16,100.0,-0.0007547174552965941,False
final_input_token_layerwise,undisclosed,k9,gain,17,100.0,-0.0010188693094498324,False
final_input_token_layerwise,undisclosed,k9,gain,18,100.0,-0.00014818145650136172,False
final_input_token_layerwise,undisclosed,k9,gain,19,3.0,0.028058658904998285,False
final_input_token_layerwise,undisclosed,k9,gain,20,0.1,0.12045778311318164,False
final_input_token_layerwise,undisclosed,k9,gain,21,3.0,0.05273668457978903,False
final_input_token_layerwise,undisclosed,k9,gain,22,3.0,0.046317601617233944,False
final_input_token_layerwise,undisclosed,k9,gain,23,0.1,0.09819295636392528,False
final_input_token_layerwise,undisclosed,k9,gain,24,3.0,0.0778537433677676,False
final_input_token_layerwise,undisclosed,k9,gain,25,0.1,0.1040905438815786,False
final_input_token_layerwise,undisclosed,k9,gain,26,0.1,0.14142755828835338,True
final_input_token_layerwise,undisclosed,k9,gain,27,0.1,0.11613164801903658,False
final_input_token_layerwise,undisclosed,k9,gain,28,3.0,0.08442971254738765,False
final_input_token_layerwise,undisclosed,k9,gain,29,3.0,0.08343657178856526,False
final_input_token_layerwise,undisclosed,k9,gain,30,3.0,0.060091947084199376,False
final_input_token_layerwise,undisclosed,k9,gain,31,3.0,0.06238444981307187,False
final_input_token_layerwise,undisclosed,k9,gain,32,3.0,0.05980347224215443,False
final_input_token_layerwise,undisclosed,k9,gain,33,3.0,0.05313494734431165,False
final_input_token_layerwise,undisclosed,k9,gain,34,3.0,0.05583739436126234,False
final_input_token_layerwise,undisclosed,k9,gain,35,3.0,0.056791576003858785,False
final_input_token_layerwise,undisclosed,k9,gain,36,3.0,0.061765400311029034,False
final_input_token_layerwise,undisclosed,k9,response_residual,0,0.0001,-2.7755575615628914e-17,False
final_input_token_layerwise,undisclosed,k9,response_residual,1,100.0,-0.0034914984952481576,False
final_input_token_layerwise,undisclosed,k9,response_residual,2,100.0,-0.0027387228118023743,False
final_input_token_layerwise,undisclosed,k9,response_residual,3,100.0,-0.0025914465743053228,False
final_input_token_layerwise,undisclosed,k9,response_residual,4,100.0,-0.001458951766887151,False
final_input_token_layerwise,undisclosed,k9,response_residual,5,100.0,-0.0014715295101991877,False
final_input_token_layerwise,undisclosed,k9,response_residual,6,100.0,-0.0012507354198365017,False
final_input_token_layerwise,undisclosed,k9,response_residual,7,100.0,-0.000782386395231538,False
final_input_token_layerwise,undisclosed,k9,response_residual,8,100.0,0.0001684490546500772,False
final_input_token_layerwise,undisclosed,k9,response_residual,9,100.0,-0.00027174420934533705,False
final_input_token_layerwise,undisclosed,k9,response_residual,10,100.0,-0.00010429242697929109,False
final_input_token_layerwise,undisclosed,k9,response_residual,11,100.0,5.9395712863896666e-05,False
final_input_token_layerwise,undisclosed,k9,response_residual,12,100.0,6.240389411260594e-05,False
final_input_token_layerwise,undisclosed,k9,response_residual,13,100.0,-0.0008815958106330735,False
final_input_token_layerwise,undisclosed,k9,response_residual,14,100.0,-0.000600059936968822,False
final_input_token_layerwise,undisclosed,k9,response_residual,15,100.0,-0.0007126867560727779,False
final_input_token_layerwise,undisclosed,k9,response_residual,16,100.0,-0.0007891139183491269,False
final_input_token_layerwise,undisclosed,k9,response_residual,17,100.0,-0.0008004338511564679,False
final_input_token_layerwise,undisclosed,k9,response_residual,18,100.0,-0.0002489847303457915,False
final_input_token_layerwise,undisclosed,k9,response_residual,19,3.0,0.01036855691309635,False
final_input_token_layerwise,undisclosed,k9,response_residual,20,3.0,0.0266676602267322,False
final_input_token_layerwise,undisclosed,k9,response_residual,21,3.0,0.00792423133357556,False
final_input_token_layerwise,undisclosed,k9,response_residual,22,3.0,0.006887612594493775,False
final_input_token_layerwise,undisclosed,k9,response_residual,23,3.0,0.02661154173384611,False
final_input_token_layerwise,undisclosed,k9,response_residual,24,3.0,0.015721671314950614,False
final_input_token_layerwise,undisclosed,k9,response_residual,25,3.0,0.016277041076311866,False
final_input_token_layerwise,undisclosed,k9,response_residual,26,3.0,0.025218616712733094,False
final_input_token_layerwise,undisclosed,k9,response_residual,27,3.0,0.032016577336365065,True
final_input_token_layerwise,undisclosed,k9,response_residual,28,3.0,0.022197143047588658,False
final_input_token_layerwise,undisclosed,k9,response_residual,29,3.0,0.02120258052639562,False
final_input_token_layerwise,undisclosed,k9,response_residual,30,3.0,0.008839723141696926,False
final_input_token_layerwise,undisclosed,k9,response_residual,31,3.0,0.010276845246169564,False
final_input_token_layerwise,undisclosed,k9,response_residual,32,3.0,0.00834635773439249,False
final_input_token_layerwise,undisclosed,k9,response_residual,33,100.0,0.0024888593391203806,False
final_input_token_layerwise,undisclosed,k9,response_residual,34,3.0,0.005380929122734468,False
final_input_token_layerwise,undisclosed,k9,response_residual,35,3.0,0.008448189356287772,False
final_input_token_layerwise,undisclosed,k9,response_residual,36,3.0,0.013323046248275766,False
final_input_token_layerwise,undisclosed,k9,last_target_observation,0,0.0001,1.3877787807814457e-16,False
final_input_token_layerwise,undisclosed,k9,last_target_observation,1,100.0,-0.006717684107115762,False
final_input_token_layerwise,undisclosed,k9,last_target_observation,2,100.0,-0.004450123497390657,False
final_input_token_layerwise,undisclosed,k9,last_target_observation,3,100.0,-0.002971251991129409,False
final_input_token_layerwise,undisclosed,k9,last_target_observation,4,100.0,-0.002887461081274828,False
final_input_token_layerwise,undisclosed,k9,last_target_observation,5,100.0,-0.0016960534402854777,False
final_input_token_layerwise,undisclosed,k9,last_target_observation,6,100.0,-0.0009398602156201752,False
final_input_token_layerwise,undisclosed,k9,last_target_observation,7,100.0,2.7502855471456256e-05,False
final_input_token_layerwise,undisclosed,k9,last_target_observation,8,100.0,0.000757481660631637,False
final_input_token_layerwise,undisclosed,k9,last_target_observation,9,100.0,0.0009963945978884448,False
final_input_token_layerwise,undisclosed,k9,last_target_observation,10,3.0,0.003532535965328154,False
final_input_token_layerwise,undisclosed,k9,last_target_observation,11,3.0,0.009408342138642056,False
final_input_token_layerwise,undisclosed,k9,last_target_observation,12,3.0,0.014568032820535565,False
final_input_token_layerwise,undisclosed,k9,last_target_observation,13,3.0,0.033914309093311806,False
final_input_token_layerwise,undisclosed,k9,last_target_observation,14,3.0,0.014261036757880957,False
final_input_token_layerwise,undisclosed,k9,last_target_observation,15,100.0,0.0010355224546555186,False
final_input_token_layerwise,undisclosed,k9,last_target_observation,16,3.0,0.013206695929341095,False
final_input_token_layerwise,undisclosed,k9,last_target_observation,17,3.0,0.004184812070150479,False
final_input_token_layerwise,undisclosed,k9,last_target_observation,18,100.0,0.0009363058100279598,False
final_input_token_layerwise,undisclosed,k9,last_target_observation,19,3.0,0.010287311413586714,False
final_input_token_layerwise,undisclosed,k9,last_target_observation,20,3.0,0.02690727391257161,False
final_input_token_layerwise,undisclosed,k9,last_target_observation,21,3.0,0.033824573427096855,False
final_input_token_layerwise,undisclosed,k9,last_target_observation,22,3.0,0.05333595117005291,False
final_input_token_layerwise,undisclosed,k9,last_target_observation,23,3.0,0.07260177677713878,True
final_input_token_layerwise,undisclosed,k9,last_target_observation,24,3.0,0.06436674576141885,False
final_input_token_layerwise,undisclosed,k9,last_target_observation,25,3.0,0.03257318731950448,False
final_input_token_layerwise,undisclosed,k9,last_target_observation,26,3.0,0.038978129439248194,False
final_input_token_layerwise,undisclosed,k9,last_target_observation,27,3.0,0.04331983116413002,False
final_input_token_layerwise,undisclosed,k9,last_target_observation,28,3.0,0.044360576208773095,False
final_input_token_layerwise,undisclosed,k9,last_target_observation,29,3.0,0.04036725509291192,False
final_input_token_layerwise,undisclosed,k9,last_target_observation,30,3.0,0.02726723647963908,False
final_input_token_layerwise,undisclosed,k9,last_target_observation,31,3.0,0.0252964132821194,False
final_input_token_layerwise,undisclosed,k9,last_target_observation,32,3.0,0.03176680748863511,False
final_input_token_layerwise,undisclosed,k9,last_target_observation,33,3.0,0.019164946624711326,False
final_input_token_layerwise,undisclosed,k9,last_target_observation,34,3.0,0.012316214386809188,False
final_input_token_layerwise,undisclosed,k9,last_target_observation,35,3.0,0.00552425114852112,False
final_input_token_layerwise,undisclosed,k9,last_target_observation,36,100.0,9.309802438542403e-05,False
final_input_token_layerwise,undisclosed,k9,target_observation_mean,0,0.0001,3.885780586188048e-16,False
final_input_token_layerwise,undisclosed,k9,target_observation_mean,1,100.0,0.0049095644989635145,False
final_input_token_layerwise,undisclosed,k9,target_observation_mean,2,3.0,0.0024323314697812792,False
final_input_token_layerwise,undisclosed,k9,target_observation_mean,3,3.0,0.011892267893428121,False
final_input_token_layerwise,undisclosed,k9,target_observation_mean,4,100.0,0.0011278149026481832,False
final_input_token_layerwise,undisclosed,k9,target_observation_mean,5,100.0,0.0006706001529354355,False
final_input_token_layerwise,undisclosed,k9,target_observation_mean,6,100.0,0.0006491356004768023,False
final_input_token_layerwise,undisclosed,k9,target_observation_mean,7,100.0,0.00028837171369844317,False
final_input_token_layerwise,undisclosed,k9,target_observation_mean,8,100.0,-0.0009561309834338894,False
final_input_token_layerwise,undisclosed,k9,target_observation_mean,9,100.0,-0.00042720026514719844,False
final_input_token_layerwise,undisclosed,k9,target_observation_mean,10,100.0,-0.00019647535142972017,False
final_input_token_layerwise,undisclosed,k9,target_observation_mean,11,100.0,-0.00010494579625491829,False
final_input_token_layerwise,undisclosed,k9,target_observation_mean,12,100.0,-0.0004679093890016528,False
final_input_token_layerwise,undisclosed,k9,target_observation_mean,13,100.0,0.00029133940451434026,False
final_input_token_layerwise,undisclosed,k9,target_observation_mean,14,100.0,3.462846804880293e-05,False
final_input_token_layerwise,undisclosed,k9,target_observation_mean,15,100.0,-0.00030154549728736435,False
final_input_token_layerwise,undisclosed,k9,target_observation_mean,16,100.0,0.0003153129198414928,False
final_input_token_layerwise,undisclosed,k9,target_observation_mean,17,100.0,-0.0008188089134105736,False
final_input_token_layerwise,undisclosed,k9,target_observation_mean,18,100.0,-7.307465742123487e-06,False
final_input_token_layerwise,undisclosed,k9,target_observation_mean,19,100.0,-0.00035487645236176313,False
final_input_token_layerwise,undisclosed,k9,target_observation_mean,20,0.1,0.07876685213058587,True
final_input_token_layerwise,undisclosed,k9,target_observation_mean,21,3.0,0.05036727059550855,False
final_input_token_layerwise,undisclosed,k9,target_observation_mean,22,3.0,0.06206906934615361,False
final_input_token_layerwise,undisclosed,k9,target_observation_mean,23,3.0,0.048750829360900944,False
final_input_token_layerwise,undisclosed,k9,target_observation_mean,24,3.0,0.03608050666823451,False
final_input_token_layerwise,undisclosed,k9,target_observation_mean,25,3.0,0.03718257759001223,False
final_input_token_layerwise,undisclosed,k9,target_observation_mean,26,3.0,0.044987252083784485,False
final_input_token_layerwise,undisclosed,k9,target_observation_mean,27,3.0,0.032350800212423036,False
final_input_token_layerwise,undisclosed,k9,target_observation_mean,28,3.0,0.0248551087175006,False
final_input_token_layerwise,undisclosed,k9,target_observation_mean,29,3.0,0.01613460327238994,False
final_input_token_layerwise,undisclosed,k9,target_observation_mean,30,100.0,0.0004065874352187915,False
final_input_token_layerwise,undisclosed,k9,target_observation_mean,31,100.0,0.00020825981833696994,False
final_input_token_layerwise,undisclosed,k9,target_observation_mean,32,100.0,-6.544029947208596e-05,False
final_input_token_layerwise,undisclosed,k9,target_observation_mean,33,100.0,0.00014305703484909782,False
final_input_token_layerwise,undisclosed,k9,target_observation_mean,34,100.0,0.00031717247011736616,False
final_input_token_layerwise,undisclosed,k9,target_observation_mean,35,100.0,0.0001421114683916591,False
final_input_token_layerwise,undisclosed,k9,target_observation_mean,36,3.0,0.0020543885742831114,False
final_input_token_layerwise,undisclosed,k9,target_time_slope,0,0.0001,0.0,False
final_input_token_layerwise,undisclosed,k9,target_time_slope,1,3.0,0.009311746285371125,False
final_input_token_layerwise,undisclosed,k9,target_time_slope,2,100.0,-0.0009791515068268142,False
final_input_token_layerwise,undisclosed,k9,target_time_slope,3,100.0,-0.001078869438125074,False
final_input_token_layerwise,undisclosed,k9,target_time_slope,4,100.0,-0.0015096007560960745,False
final_input_token_layerwise,undisclosed,k9,target_time_slope,5,100.0,-0.000703925817140405,False
final_input_token_layerwise,undisclosed,k9,target_time_slope,6,100.0,0.00024134524622348996,False
final_input_token_layerwise,undisclosed,k9,target_time_slope,7,3.0,0.0028116987636934154,False
final_input_token_layerwise,undisclosed,k9,target_time_slope,8,3.0,0.049390205654585684,False
final_input_token_layerwise,undisclosed,k9,target_time_slope,9,3.0,0.059172122243694225,False
final_input_token_layerwise,undisclosed,k9,target_time_slope,10,3.0,0.014572127748378072,False
final_input_token_layerwise,undisclosed,k9,target_time_slope,11,3.0,0.012781977348961832,False
final_input_token_layerwise,undisclosed,k9,target_time_slope,12,3.0,0.007581914811440826,False
final_input_token_layerwise,undisclosed,k9,target_time_slope,13,3.0,0.011211066080942134,False
final_input_token_layerwise,undisclosed,k9,target_time_slope,14,100.0,-0.00040813873861955674,False
final_input_token_layerwise,undisclosed,k9,target_time_slope,15,3.0,0.04763769823775063,False
final_input_token_layerwise,undisclosed,k9,target_time_slope,16,3.0,0.06326643571851165,False
final_input_token_layerwise,undisclosed,k9,target_time_slope,17,3.0,0.0694319641653933,False
final_input_token_layerwise,undisclosed,k9,target_time_slope,18,3.0,0.1099938265531796,False
final_input_token_layerwise,undisclosed,k9,target_time_slope,19,3.0,0.12337538254952016,False
final_input_token_layerwise,undisclosed,k9,target_time_slope,20,3.0,0.1541742233363535,True
final_input_token_layerwise,undisclosed,k9,target_time_slope,21,3.0,0.11660199064923124,False
final_input_token_layerwise,undisclosed,k9,target_time_slope,22,3.0,0.12994933932668704,False
final_input_token_layerwise,undisclosed,k9,target_time_slope,23,3.0,0.12659594432702093,False
final_input_token_layerwise,undisclosed,k9,target_time_slope,24,3.0,0.08914516028522668,False
final_input_token_layerwise,undisclosed,k9,target_time_slope,25,3.0,0.046968746169893244,False
final_input_token_layerwise,undisclosed,k9,target_time_slope,26,3.0,0.04894191672291581,False
final_input_token_layerwise,undisclosed,k9,target_time_slope,27,3.0,0.03697400225266673,False
final_input_token_layerwise,undisclosed,k9,target_time_slope,28,3.0,0.028971092398552695,False
final_input_token_layerwise,undisclosed,k9,target_time_slope,29,3.0,0.03977114793967593,False
final_input_token_layerwise,undisclosed,k9,target_time_slope,30,3.0,0.04706443109945824,False
final_input_token_layerwise,undisclosed,k9,target_time_slope,31,3.0,0.0457841572697584,False
final_input_token_layerwise,undisclosed,k9,target_time_slope,32,3.0,0.03214898062895555,False
final_input_token_layerwise,undisclosed,k9,target_time_slope,33,3.0,0.026788766729724994,False
final_input_token_layerwise,undisclosed,k9,target_time_slope,34,3.0,0.031179680357185574,False
final_input_token_layerwise,undisclosed,k9,target_time_slope,35,3.0,0.015560088758571677,False
final_input_token_layerwise,undisclosed,k9,target_time_slope,36,3.0,0.009829501350193837,False
final_input_token_layerwise,undisclosed,k9,displayed_driver_outcome_slope,0,0.0001,-1.1102230246251565e-16,False
final_input_token_layerwise,undisclosed,k9,displayed_driver_outcome_slope,1,100.0,0.01038001137527969,False
final_input_token_layerwise,undisclosed,k9,displayed_driver_outcome_slope,2,3.0,0.008186785669558466,False
final_input_token_layerwise,undisclosed,k9,displayed_driver_outcome_slope,3,100.0,0.004358398802058822,False
final_input_token_layerwise,undisclosed,k9,displayed_driver_outcome_slope,4,3.0,0.012843998231539172,False
final_input_token_layerwise,undisclosed,k9,displayed_driver_outcome_slope,5,3.0,0.007056256921244758,False
final_input_token_layerwise,undisclosed,k9,displayed_driver_outcome_slope,6,3.0,0.00767848669273738,False
final_input_token_layerwise,undisclosed,k9,displayed_driver_outcome_slope,7,3.0,0.003657170507080393,False
final_input_token_layerwise,undisclosed,k9,displayed_driver_outcome_slope,8,3.0,0.03463299344031867,False
final_input_token_layerwise,undisclosed,k9,displayed_driver_outcome_slope,9,3.0,0.043756297026035534,False
final_input_token_layerwise,undisclosed,k9,displayed_driver_outcome_slope,10,3.0,0.027327203902666963,False
final_input_token_layerwise,undisclosed,k9,displayed_driver_outcome_slope,11,3.0,0.023737375928265525,False
final_input_token_layerwise,undisclosed,k9,displayed_driver_outcome_slope,12,3.0,0.01725372094015387,False
final_input_token_layerwise,undisclosed,k9,displayed_driver_outcome_slope,13,3.0,0.012206757625636694,False
final_input_token_layerwise,undisclosed,k9,displayed_driver_outcome_slope,14,100.0,-0.00030236374719463943,False
final_input_token_layerwise,undisclosed,k9,displayed_driver_outcome_slope,15,100.0,-0.00031726303266182976,False
final_input_token_layerwise,undisclosed,k9,displayed_driver_outcome_slope,16,100.0,-0.0004143400292610233,False
final_input_token_layerwise,undisclosed,k9,displayed_driver_outcome_slope,17,100.0,-0.0019451414698368752,False
final_input_token_layerwise,undisclosed,k9,displayed_driver_outcome_slope,18,100.0,-0.002192723952072484,False
final_input_token_layerwise,undisclosed,k9,displayed_driver_outcome_slope,19,100.0,-0.0009061066043896948,False
final_input_token_layerwise,undisclosed,k9,displayed_driver_outcome_slope,20,3.0,0.01263180526749516,False
final_input_token_layerwise,undisclosed,k9,displayed_driver_outcome_slope,21,3.0,0.022219093314823246,False
final_input_token_layerwise,undisclosed,k9,displayed_driver_outcome_slope,22,3.0,0.02782900069144381,False
final_input_token_layerwise,undisclosed,k9,displayed_driver_outcome_slope,23,3.0,0.04860539674366615,True
final_input_token_layerwise,undisclosed,k9,displayed_driver_outcome_slope,24,3.0,0.03427605264398176,False
final_input_token_layerwise,undisclosed,k9,displayed_driver_outcome_slope,25,3.0,0.03254010208887553,False
final_input_token_layerwise,undisclosed,k9,displayed_driver_outcome_slope,26,3.0,0.035518670948566144,False
final_input_token_layerwise,undisclosed,k9,displayed_driver_outcome_slope,27,3.0,0.034876530559569296,False
final_input_token_layerwise,undisclosed,k9,displayed_driver_outcome_slope,28,3.0,0.01989360679446217,False
final_input_token_layerwise,undisclosed,k9,displayed_driver_outcome_slope,29,3.0,0.016946981738100886,False
final_input_token_layerwise,undisclosed,k9,displayed_driver_outcome_slope,30,3.0,0.028896369379243836,False
final_input_token_layerwise,undisclosed,k9,displayed_driver_outcome_slope,31,3.0,0.026608481862166328,False
final_input_token_layerwise,undisclosed,k9,displayed_driver_outcome_slope,32,3.0,0.048366606868202766,False
final_input_token_layerwise,undisclosed,k9,displayed_driver_outcome_slope,33,3.0,0.0381902916598294,False
final_input_token_layerwise,undisclosed,k9,displayed_driver_outcome_slope,34,3.0,0.023310525388872128,False
final_input_token_layerwise,undisclosed,k9,displayed_driver_outcome_slope,35,3.0,0.01254677526647166,False
final_input_token_layerwise,undisclosed,k9,displayed_driver_outcome_slope,36,3.0,0.014816819202816994,False
final_input_token_layerwise,undisclosed,k9,oracle_posterior_gain,0,0.0001,0.0,False
final_input_token_layerwise,undisclosed,k9,oracle_posterior_gain,1,100.0,-3.332465000074891e-05,False
final_input_token_layerwise,undisclosed,k9,oracle_posterior_gain,2,100.0,-0.0007329685061379099,False
final_input_token_layerwise,undisclosed,k9,oracle_posterior_gain,3,100.0,-0.0002956695890032335,False
final_input_token_layerwise,undisclosed,k9,oracle_posterior_gain,4,100.0,-0.0004701666188353659,False
final_input_token_layerwise,undisclosed,k9,oracle_posterior_gain,5,100.0,-0.0004770816640872755,False
final_input_token_layerwise,undisclosed,k9,oracle_posterior_gain,6,100.0,-0.0005285545665875968,False
final_input_token_layerwise,undisclosed,k9,oracle_posterior_gain,7,100.0,-0.00012942830777051828,False
final_input_token_layerwise,undisclosed,k9,oracle_posterior_gain,8,100.0,-0.00022220519667973115,False
final_input_token_layerwise,undisclosed,k9,oracle_posterior_gain,9,100.0,-0.0006478111058818847,False
final_input_token_layerwise,undisclosed,k9,oracle_posterior_gain,10,100.0,-0.00048804475001931746,False
final_input_token_layerwise,undisclosed,k9,oracle_posterior_gain,11,100.0,-0.0005885008631281718,False
final_input_token_layerwise,undisclosed,k9,oracle_posterior_gain,12,100.0,-0.00046075773742912385,False
final_input_token_layerwise,undisclosed,k9,oracle_posterior_gain,13,100.0,-0.0006671376461553358,False
final_input_token_layerwise,undisclosed,k9,oracle_posterior_gain,14,100.0,-0.0011730176865729636,False
final_input_token_layerwise,undisclosed,k9,oracle_posterior_gain,15,100.0,-0.0007968054902666721,False
final_input_token_layerwise,undisclosed,k9,oracle_posterior_gain,16,100.0,-0.00045893300576413387,False
final_input_token_layerwise,undisclosed,k9,oracle_posterior_gain,17,100.0,-0.0007376740326227316,False
final_input_token_layerwise,undisclosed,k9,oracle_posterior_gain,18,3.0,0.005870982610093972,False
final_input_token_layerwise,undisclosed,k9,oracle_posterior_gain,19,0.1,0.05070077085551433,False
final_input_token_layerwise,undisclosed,k9,oracle_posterior_gain,20,0.1,0.13321909394618192,False
final_input_token_layerwise,undisclosed,k9,oracle_posterior_gain,21,3.0,0.09830063054393606,False
final_input_token_layerwise,undisclosed,k9,oracle_posterior_gain,22,3.0,0.09696345281790733,False
final_input_token_layerwise,undisclosed,k9,oracle_posterior_gain,23,0.1,0.1885001434381343,True
final_input_token_layerwise,undisclosed,k9,oracle_posterior_gain,24,3.0,0.13801339973990776,False
final_input_token_layerwise,undisclosed,k9,oracle_posterior_gain,25,3.0,0.11615151933461679,False
final_input_token_layerwise,undisclosed,k9,oracle_posterior_gain,26,3.0,0.12968647307730458,False
final_input_token_layerwise,undisclosed,k9,oracle_posterior_gain,27,3.0,0.12352422956290224,False
final_input_token_layerwise,undisclosed,k9,oracle_posterior_gain,28,3.0,0.1261998687720824,False
final_input_token_layerwise,undisclosed,k9,oracle_posterior_gain,29,3.0,0.13740682770913346,False
final_input_token_layerwise,undisclosed,k9,oracle_posterior_gain,30,3.0,0.10975533445183192,False
final_input_token_layerwise,undisclosed,k9,oracle_posterior_gain,31,0.1,0.11973792871323996,False
final_input_token_layerwise,undisclosed,k9,oracle_posterior_gain,32,0.1,0.10904104384719474,False
final_input_token_layerwise,undisclosed,k9,oracle_posterior_gain,33,3.0,0.0996448246422682,False
final_input_token_layerwise,undisclosed,k9,oracle_posterior_gain,34,3.0,0.08750581132419757,False
final_input_token_layerwise,undisclosed,k9,oracle_posterior_gain,35,3.0,0.0871791062547713,False
final_input_token_layerwise,undisclosed,k9,oracle_posterior_gain,36,3.0,0.0966404752735607,False
final_input_token_layerwise,undisclosed,pooled,gain,0,0.0001,0.0,False
final_input_token_layerwise,undisclosed,pooled,gain,1,100.0,0.0009941103964857256,False
final_input_token_layerwise,undisclosed,pooled,gain,2,100.0,-0.0017253902471814446,False
final_input_token_layerwise,undisclosed,pooled,gain,3,100.0,-0.004301506674422796,False
final_input_token_layerwise,undisclosed,pooled,gain,4,100.0,-0.003913094935139629,False
final_input_token_layerwise,undisclosed,pooled,gain,5,100.0,-0.004951506332691462,False
final_input_token_layerwise,undisclosed,pooled,gain,6,100.0,-0.005492025852251827,False
final_input_token_layerwise,undisclosed,pooled,gain,7,100.0,-0.004317630023808944,False
final_input_token_layerwise,undisclosed,pooled,gain,8,100.0,-0.00449193136424587,False
final_input_token_layerwise,undisclosed,pooled,gain,9,100.0,-0.0038949406927311545,False
final_input_token_layerwise,undisclosed,pooled,gain,10,100.0,-0.0007094289984978334,False
final_input_token_layerwise,undisclosed,pooled,gain,11,100.0,-0.0020595403851175567,False
final_input_token_layerwise,undisclosed,pooled,gain,12,100.0,-8.456488870056678e-05,False
final_input_token_layerwise,undisclosed,pooled,gain,13,100.0,-0.00451452226801032,False
final_input_token_layerwise,undisclosed,pooled,gain,14,100.0,-0.0027025324177006407,False
final_input_token_layerwise,undisclosed,pooled,gain,15,100.0,-0.0025786518325774574,False
final_input_token_layerwise,undisclosed,pooled,gain,16,100.0,-0.001768685060729941,False
final_input_token_layerwise,undisclosed,pooled,gain,17,100.0,-0.0012566258415282565,False
final_input_token_layerwise,undisclosed,pooled,gain,18,100.0,0.00032737358733510763,False
final_input_token_layerwise,undisclosed,pooled,gain,19,3.0,0.007891135576552327,False
final_input_token_layerwise,undisclosed,pooled,gain,20,3.0,0.02751592262929854,False
final_input_token_layerwise,undisclosed,pooled,gain,21,3.0,0.028959559976248578,False
final_input_token_layerwise,undisclosed,pooled,gain,22,3.0,0.026770469276799897,False
final_input_token_layerwise,undisclosed,pooled,gain,23,3.0,0.05851692678467044,True
final_input_token_layerwise,undisclosed,pooled,gain,24,3.0,0.03954462226020423,False
final_input_token_layerwise,undisclosed,pooled,gain,25,3.0,0.057628524456047686,False
final_input_token_layerwise,undisclosed,pooled,gain,26,3.0,0.05208510064202316,False
final_input_token_layerwise,undisclosed,pooled,gain,27,3.0,0.045231702512045335,False
final_input_token_layerwise,undisclosed,pooled,gain,28,3.0,0.027170715075131285,False
final_input_token_layerwise,undisclosed,pooled,gain,29,3.0,0.04023660704167142,False
final_input_token_layerwise,undisclosed,pooled,gain,30,3.0,0.025254923288669517,False
final_input_token_layerwise,undisclosed,pooled,gain,31,3.0,0.012613320120300966,False
final_input_token_layerwise,undisclosed,pooled,gain,32,100.0,0.007113070586460092,False
final_input_token_layerwise,undisclosed,pooled,gain,33,100.0,0.004486148417396825,False
final_input_token_layerwise,undisclosed,pooled,gain,34,100.0,0.003783805717407459,False
final_input_token_layerwise,undisclosed,pooled,gain,35,100.0,0.00536751771275006,False
final_input_token_layerwise,undisclosed,pooled,gain,36,100.0,0.004665112595508132,False
final_input_token_layerwise,undisclosed,pooled,response_residual,0,0.0001,-2.7755575615628914e-17,False
final_input_token_layerwise,undisclosed,pooled,response_residual,1,100.0,-0.0016453091872757157,False
final_input_token_layerwise,undisclosed,pooled,response_residual,2,100.0,-0.003322647165436223,False
final_input_token_layerwise,undisclosed,pooled,response_residual,3,100.0,-0.005199694715095034,False
final_input_token_layerwise,undisclosed,pooled,response_residual,4,100.0,-0.004751203629155126,False
final_input_token_layerwise,undisclosed,pooled,response_residual,5,100.0,-0.00597005201687074,False
final_input_token_layerwise,undisclosed,pooled,response_residual,6,100.0,-0.006098552891526499,False
final_input_token_layerwise,undisclosed,pooled,response_residual,7,100.0,-0.0022284519319062113,False
final_input_token_layerwise,undisclosed,pooled,response_residual,8,100.0,-0.0021217240512526603,False
final_input_token_layerwise,undisclosed,pooled,response_residual,9,100.0,-0.002082863754587929,False
final_input_token_layerwise,undisclosed,pooled,response_residual,10,100.0,7.854667455119609e-05,False
final_input_token_layerwise,undisclosed,pooled,response_residual,11,100.0,-0.0009899196374980972,False
final_input_token_layerwise,undisclosed,pooled,response_residual,12,100.0,0.000708358522318292,False
final_input_token_layerwise,undisclosed,pooled,response_residual,13,100.0,-0.004759224943001165,False
final_input_token_layerwise,undisclosed,pooled,response_residual,14,100.0,-0.002639305666582631,False
final_input_token_layerwise,undisclosed,pooled,response_residual,15,100.0,-0.0032788416395388522,False
final_input_token_layerwise,undisclosed,pooled,response_residual,16,100.0,-0.0025802025620309255,False
final_input_token_layerwise,undisclosed,pooled,response_residual,17,100.0,-0.0010448895207687177,False
final_input_token_layerwise,undisclosed,pooled,response_residual,18,100.0,-0.0004825767677095009,False
final_input_token_layerwise,undisclosed,pooled,response_residual,19,100.0,0.00033179927788434815,False
final_input_token_layerwise,undisclosed,pooled,response_residual,20,100.0,0.000919715558116152,False
final_input_token_layerwise,undisclosed,pooled,response_residual,21,100.0,0.0015582156385337553,False
final_input_token_layerwise,undisclosed,pooled,response_residual,22,100.0,0.0005015543023310735,False
final_input_token_layerwise,undisclosed,pooled,response_residual,23,100.0,0.0071598793113213655,False
final_input_token_layerwise,undisclosed,pooled,response_residual,24,100.0,0.004858078091148521,False
final_input_token_layerwise,undisclosed,pooled,response_residual,25,100.0,0.007445892319970689,True
final_input_token_layerwise,undisclosed,pooled,response_residual,26,100.0,0.0068688879469008535,False
final_input_token_layerwise,undisclosed,pooled,response_residual,27,100.0,0.006881380572553358,False
final_input_token_layerwise,undisclosed,pooled,response_residual,28,100.0,0.005650301026196523,False
final_input_token_layerwise,undisclosed,pooled,response_residual,29,100.0,0.006162909089704914,False
final_input_token_layerwise,undisclosed,pooled,response_residual,30,100.0,0.0037348297796102325,False
final_input_token_layerwise,undisclosed,pooled,response_residual,31,100.0,0.002789576552732644,False
final_input_token_layerwise,undisclosed,pooled,response_residual,32,100.0,0.000765215957635762,False
final_input_token_layerwise,undisclosed,pooled,response_residual,33,100.0,-0.0008077706710129436,False
final_input_token_layerwise,undisclosed,pooled,response_residual,34,100.0,-0.0013724236657856603,False
final_input_token_layerwise,undisclosed,pooled,response_residual,35,100.0,0.00013868030125063768,False
final_input_token_layerwise,undisclosed,pooled,response_residual,36,100.0,5.9506257396553984e-05,False
mean_embedding,disclosed,k3,gain,0,100.0,-0.0013393875603101013,True
mean_embedding,disclosed,k3,response_residual,0,100.0,-0.00047630881776636325,True
mean_embedding,disclosed,k6,gain,0,100.0,-0.00017146628251396567,True
mean_embedding,disclosed,k6,response_residual,0,100.0,0.0009699176825104794,True
mean_embedding,disclosed,k9,gain,0,100.0,-0.0007117472640997269,True
mean_embedding,disclosed,k9,response_residual,0,100.0,0.000953518261265135,True
mean_embedding,disclosed,pooled,gain,0,100.0,-0.00911051926355024,True
mean_embedding,disclosed,pooled,response_residual,0,100.0,-0.002252039089797505,True
mean_embedding,undisclosed,k3,gain,0,100.0,-0.0015577820481136873,True
mean_embedding,undisclosed,k3,response_residual,0,100.0,-0.0006124525688177007,True
mean_embedding,undisclosed,k6,gain,0,100.0,-0.00029001209052947896,True
mean_embedding,undisclosed,k6,response_residual,0,100.0,0.0009460246119616933,True
mean_embedding,undisclosed,k9,gain,0,100.0,-0.0008389494439039191,True
mean_embedding,undisclosed,k9,response_residual,0,100.0,0.0009659547891521236,True
mean_embedding,undisclosed,pooled,gain,0,100.0,-0.009139188506194404,True
mean_embedding,undisclosed,pooled,response_residual,0,100.0,-0.0022825781034909085,True
mean_final_layer,disclosed,k3,gain,0,100.0,-0.0001765023077822947,True
mean_final_layer,disclosed,k3,response_residual,0,100.0,-0.0003467334016433177,True
mean_final_layer,disclosed,k6,gain,0,3.0,0.007448358469697686,True
mean_final_layer,disclosed,k6,response_residual,0,100.0,4.306415230082017e-05,True
mean_final_layer,disclosed,k9,gain,0,0.1,0.056347812495801786,True
mean_final_layer,disclosed,k9,response_residual,0,3.0,0.010491595402142118,True
mean_final_layer,disclosed,pooled,gain,0,100.0,0.006152470428092027,True
mean_final_layer,disclosed,pooled,response_residual,0,100.0,0.0002961523618701019,True
mean_final_layer,undisclosed,k3,gain,0,100.0,-0.0006809519030434585,True
mean_final_layer,undisclosed,k3,response_residual,0,100.0,-0.0007327089267418763,True
mean_final_layer,undisclosed,k6,gain,0,100.0,-0.00026524505112140995,True
mean_final_layer,undisclosed,k6,response_residual,0,100.0,-0.00039626757886845887,True
mean_final_layer,undisclosed,k9,gain,0,0.1,0.02050035391195215,True
mean_final_layer,undisclosed,k9,response_residual,0,3.0,0.006534910231940222,True
mean_final_layer,undisclosed,pooled,gain,0,100.0,0.0013403427756662571,True
mean_final_layer,undisclosed,pooled,response_residual,0,100.0,-0.0033188033347576382,True
