representation,train_disclosure,evidence,target,layer,alpha,cv_macro_development_baseline_r2,selected
final_input_token_layerwise,disclosed,k3,gain,0,0.0001,0.0,False
final_input_token_layerwise,disclosed,k3,gain,1,100.0,-0.00023566227914956217,False
final_input_token_layerwise,disclosed,k3,gain,2,100.0,-0.000392815940420177,False
final_input_token_layerwise,disclosed,k3,gain,3,100.0,-0.0010314572824120516,False
final_input_token_layerwise,disclosed,k3,gain,4,100.0,-0.0010917131625623466,False
final_input_token_layerwise,disclosed,k3,gain,5,100.0,-0.00048760569564745837,False
final_input_token_layerwise,disclosed,k3,gain,6,100.0,-0.00037631097811027803,False
final_input_token_layerwise,disclosed,k3,gain,7,100.0,-0.0002381998986845102,False
final_input_token_layerwise,disclosed,k3,gain,8,100.0,-0.00024098274838424416,False
final_input_token_layerwise,disclosed,k3,gain,9,100.0,-0.00010823064946693939,False
final_input_token_layerwise,disclosed,k3,gain,10,3.0,0.005161976756314801,False
final_input_token_layerwise,disclosed,k3,gain,11,3.0,0.0053027517663195856,False
final_input_token_layerwise,disclosed,k3,gain,12,3.0,0.002403481889466985,False
final_input_token_layerwise,disclosed,k3,gain,13,0.1,0.022612437508741257,True
final_input_token_layerwise,disclosed,k3,gain,14,100.0,-0.0009034757873259136,False
final_input_token_layerwise,disclosed,k3,gain,15,100.0,-0.0021873615078846498,False
final_input_token_layerwise,disclosed,k3,gain,16,100.0,-0.0022951927472336653,False
final_input_token_layerwise,disclosed,k3,gain,17,100.0,-0.0021176664264093703,False
final_input_token_layerwise,disclosed,k3,gain,18,100.0,-0.002170241466002615,False
final_input_token_layerwise,disclosed,k3,gain,19,100.0,-0.0018830221712275164,False
final_input_token_layerwise,disclosed,k3,gain,20,100.0,-0.0019956389605159663,False
final_input_token_layerwise,disclosed,k3,gain,21,100.0,-0.0015971566760365208,False
final_input_token_layerwise,disclosed,k3,gain,22,100.0,-0.0016109531238361618,False
final_input_token_layerwise,disclosed,k3,gain,23,100.0,-0.0014585335069802197,False
final_input_token_layerwise,disclosed,k3,gain,24,100.0,-0.0014156539862751893,False
final_input_token_layerwise,disclosed,k3,gain,25,100.0,-0.001607653096967282,False
final_input_token_layerwise,disclosed,k3,gain,26,100.0,-0.0012743368382217568,False
final_input_token_layerwise,disclosed,k3,gain,27,100.0,-0.0012419717126075924,False
final_input_token_layerwise,disclosed,k3,gain,28,100.0,-0.001244003597398291,False
final_input_token_layerwise,disclosed,k3,gain,29,100.0,-0.000653597742684503,False
final_input_token_layerwise,disclosed,k3,gain,30,100.0,-0.00058899421899547,False
final_input_token_layerwise,disclosed,k3,gain,31,100.0,-0.0007819101900206904,False
final_input_token_layerwise,disclosed,k3,gain,32,100.0,-0.0009619651968555964,False
final_input_token_layerwise,disclosed,k3,response_residual,0,0.0001,-2.7755575615628914e-17,True
final_input_token_layerwise,disclosed,k3,response_residual,1,100.0,-0.0001616022521171434,False
final_input_token_layerwise,disclosed,k3,response_residual,2,100.0,-0.00037912516549487574,False
final_input_token_layerwise,disclosed,k3,response_residual,3,100.0,-0.0009872419739867522,False
final_input_token_layerwise,disclosed,k3,response_residual,4,100.0,-0.000810292141696034,False
final_input_token_layerwise,disclosed,k3,response_residual,5,100.0,-0.00026486091649194354,False
final_input_token_layerwise,disclosed,k3,response_residual,6,100.0,-0.00018403104918113256,False
final_input_token_layerwise,disclosed,k3,response_residual,7,100.0,-9.730261585522149e-05,False
final_input_token_layerwise,disclosed,k3,response_residual,8,100.0,-0.0002306653262228453,False
final_input_token_layerwise,disclosed,k3,response_residual,9,100.0,-0.0003238469816894962,False
final_input_token_layerwise,disclosed,k3,response_residual,10,100.0,-0.0001652061143407324,False
final_input_token_layerwise,disclosed,k3,response_residual,11,100.0,-0.0003154728118999195,False
final_input_token_layerwise,disclosed,k3,response_residual,12,100.0,-0.00036134174326898916,False
final_input_token_layerwise,disclosed,k3,response_residual,13,100.0,-0.0005902065469181594,False
final_input_token_layerwise,disclosed,k3,response_residual,14,100.0,-0.0006872558773184101,False
final_input_token_layerwise,disclosed,k3,response_residual,15,100.0,-0.001542517375703073,False
final_input_token_layerwise,disclosed,k3,response_residual,16,100.0,-0.0013603895981999514,False
final_input_token_layerwise,disclosed,k3,response_residual,17,100.0,-0.001398140743152143,False
final_input_token_layerwise,disclosed,k3,response_residual,18,100.0,-0.0017035434591247678,False
final_input_token_layerwise,disclosed,k3,response_residual,19,100.0,-0.001584108922453753,False
final_input_token_layerwise,disclosed,k3,response_residual,20,100.0,-0.0017991724329454173,False
final_input_token_layerwise,disclosed,k3,response_residual,21,100.0,-0.0014938202768482178,False
final_input_token_layerwise,disclosed,k3,response_residual,22,100.0,-0.001517600938179875,False
final_input_token_layerwise,disclosed,k3,response_residual,23,100.0,-0.0014159843105857328,False
final_input_token_layerwise,disclosed,k3,response_residual,24,100.0,-0.001382179335927436,False
final_input_token_layerwise,disclosed,k3,response_residual,25,100.0,-0.0014985504895952129,False
final_input_token_layerwise,disclosed,k3,response_residual,26,100.0,-0.0012914537380979418,False
final_input_token_layerwise,disclosed,k3,response_residual,27,100.0,-0.0012086848908174075,False
final_input_token_layerwise,disclosed,k3,response_residual,28,100.0,-0.0011328462466969058,False
final_input_token_layerwise,disclosed,k3,response_residual,29,100.0,-0.0006323881777852147,False
final_input_token_layerwise,disclosed,k3,response_residual,30,100.0,-0.0005381890924106569,False
final_input_token_layerwise,disclosed,k3,response_residual,31,100.0,-0.0006437129206663394,False
final_input_token_layerwise,disclosed,k3,response_residual,32,100.0,-0.00085590806966368,False
final_input_token_layerwise,disclosed,k3,last_target_observation,0,0.0001,-8.326672684688674e-17,False
final_input_token_layerwise,disclosed,k3,last_target_observation,1,0.1,0.23712365106403555,True
final_input_token_layerwise,disclosed,k3,last_target_observation,2,0.1,0.16045858086123052,False
final_input_token_layerwise,disclosed,k3,last_target_observation,3,0.1,0.1474169659278449,False
final_input_token_layerwise,disclosed,k3,last_target_observation,4,0.1,0.10946171437687507,False
final_input_token_layerwise,disclosed,k3,last_target_observation,5,0.1,0.04449390810839082,False
final_input_token_layerwise,disclosed,k3,last_target_observation,6,0.1,0.09566414514207056,False
final_input_token_layerwise,disclosed,k3,last_target_observation,7,3.0,0.026536872417854435,False
final_input_token_layerwise,disclosed,k3,last_target_observation,8,0.1,0.031257143483517186,False
final_input_token_layerwise,disclosed,k3,last_target_observation,9,0.1,0.16600972473504863,False
final_input_token_layerwise,disclosed,k3,last_target_observation,10,0.1,0.11558688063941949,False
final_input_token_layerwise,disclosed,k3,last_target_observation,11,0.1,0.13360980643568543,False
final_input_token_layerwise,disclosed,k3,last_target_observation,12,3.0,0.057152722606012785,False
final_input_token_layerwise,disclosed,k3,last_target_observation,13,3.0,0.08384994098717025,False
final_input_token_layerwise,disclosed,k3,last_target_observation,14,3.0,0.07386131273347238,False
final_input_token_layerwise,disclosed,k3,last_target_observation,15,0.1,0.08193376581474635,False
final_input_token_layerwise,disclosed,k3,last_target_observation,16,3.0,0.10273205528037666,False
final_input_token_layerwise,disclosed,k3,last_target_observation,17,3.0,0.08233339235608925,False
final_input_token_layerwise,disclosed,k3,last_target_observation,18,0.1,0.09350248375989245,False
final_input_token_layerwise,disclosed,k3,last_target_observation,19,0.1,0.157901650089918,False
final_input_token_layerwise,disclosed,k3,last_target_observation,20,0.1,0.14301790305657153,False
final_input_token_layerwise,disclosed,k3,last_target_observation,21,0.1,0.141379177786979,False
final_input_token_layerwise,disclosed,k3,last_target_observation,22,0.1,0.10558264464433054,False
final_input_token_layerwise,disclosed,k3,last_target_observation,23,0.1,0.05852829081843719,False
final_input_token_layerwise,disclosed,k3,last_target_observation,24,0.1,0.05941101456157388,False
final_input_token_layerwise,disclosed,k3,last_target_observation,25,0.1,0.04173256360214686,False
final_input_token_layerwise,disclosed,k3,last_target_observation,26,0.1,0.04235078010064608,False
final_input_token_layerwise,disclosed,k3,last_target_observation,27,3.0,0.022041815253223324,False
final_input_token_layerwise,disclosed,k3,last_target_observation,28,0.1,0.03340101894933506,False
final_input_token_layerwise,disclosed,k3,last_target_observation,29,3.0,0.0188831637526036,False
final_input_token_layerwise,disclosed,k3,last_target_observation,30,3.0,0.010256739858601732,False
final_input_token_layerwise,disclosed,k3,last_target_observation,31,3.0,0.00767860323412875,False
final_input_token_layerwise,disclosed,k3,last_target_observation,32,3.0,0.012147679464260513,False
final_input_token_layerwise,disclosed,k3,target_observation_mean,0,0.0001,5.551115123125783e-17,False
final_input_token_layerwise,disclosed,k3,target_observation_mean,1,3.0,0.14187968403664347,False
final_input_token_layerwise,disclosed,k3,target_observation_mean,2,3.0,0.09964093179405287,False
final_input_token_layerwise,disclosed,k3,target_observation_mean,3,0.1,0.13249736436570173,False
final_input_token_layerwise,disclosed,k3,target_observation_mean,4,0.1,0.12905598541048094,False
final_input_token_layerwise,disclosed,k3,target_observation_mean,5,0.1,0.044907970790116464,False
final_input_token_layerwise,disclosed,k3,target_observation_mean,6,0.1,0.08940281265156541,False
final_input_token_layerwise,disclosed,k3,target_observation_mean,7,3.0,0.039336557260241045,False
final_input_token_layerwise,disclosed,k3,target_observation_mean,8,0.1,0.0890926727525008,False
final_input_token_layerwise,disclosed,k3,target_observation_mean,9,0.1,0.10718207079844311,False
final_input_token_layerwise,disclosed,k3,target_observation_mean,10,3.0,0.05807269382537361,False
final_input_token_layerwise,disclosed,k3,target_observation_mean,11,0.1,0.1361570318008908,False
final_input_token_layerwise,disclosed,k3,target_observation_mean,12,0.1,0.12849622579338416,False
final_input_token_layerwise,disclosed,k3,target_observation_mean,13,3.0,0.15474016285061687,True
final_input_token_layerwise,disclosed,k3,target_observation_mean,14,3.0,0.13119137225600247,False
final_input_token_layerwise,disclosed,k3,target_observation_mean,15,3.0,0.12652627280176887,False
final_input_token_layerwise,disclosed,k3,target_observation_mean,16,3.0,0.1496713388829713,False
final_input_token_layerwise,disclosed,k3,target_observation_mean,17,3.0,0.11072258728063053,False
final_input_token_layerwise,disclosed,k3,target_observation_mean,18,3.0,0.09448380926918398,False
final_input_token_layerwise,disclosed,k3,target_observation_mean,19,0.1,0.11416650995890512,False
final_input_token_layerwise,disclosed,k3,target_observation_mean,20,0.1,0.09279280416781965,False
final_input_token_layerwise,disclosed,k3,target_observation_mean,21,0.1,0.11776349888570517,False
final_input_token_layerwise,disclosed,k3,target_observation_mean,22,0.1,0.06294545038099839,False
final_input_token_layerwise,disclosed,k3,target_observation_mean,23,3.0,0.04318437694340424,False
final_input_token_layerwise,disclosed,k3,target_observation_mean,24,3.0,0.04292380202146914,False
final_input_token_layerwise,disclosed,k3,target_observation_mean,25,3.0,0.047603288961746176,False
final_input_token_layerwise,disclosed,k3,target_observation_mean,26,3.0,0.04557335402902113,False
final_input_token_layerwise,disclosed,k3,target_observation_mean,27,3.0,0.03407411779512373,False
final_input_token_layerwise,disclosed,k3,target_observation_mean,28,0.1,0.0575597670550092,False
final_input_token_layerwise,disclosed,k3,target_observation_mean,29,0.1,0.09449508193239309,False
final_input_token_layerwise,disclosed,k3,target_observation_mean,30,0.1,0.09951285343927896,False
final_input_token_layerwise,disclosed,k3,target_observation_mean,31,0.1,0.06031546918937189,False
final_input_token_layerwise,disclosed,k3,target_observation_mean,32,0.1,0.06753005466014167,False
final_input_token_layerwise,disclosed,k3,target_time_slope,0,0.0001,0.0,False
final_input_token_layerwise,disclosed,k3,target_time_slope,1,0.1,0.0925641675017059,True
final_input_token_layerwise,disclosed,k3,target_time_slope,2,3.0,0.03196526401395752,False
final_input_token_layerwise,disclosed,k3,target_time_slope,3,0.1,0.05561803050426517,False
final_input_token_layerwise,disclosed,k3,target_time_slope,4,100.0,-0.0003113128407200849,False
final_input_token_layerwise,disclosed,k3,target_time_slope,5,3.0,0.0011072942245505812,False
final_input_token_layerwise,disclosed,k3,target_time_slope,6,3.0,0.0004609886313514666,False
final_input_token_layerwise,disclosed,k3,target_time_slope,7,3.0,0.018611453589226,False
final_input_token_layerwise,disclosed,k3,target_time_slope,8,3.0,0.0018316390888220846,False
final_input_token_layerwise,disclosed,k3,target_time_slope,9,3.0,0.023433625780109574,False
final_input_token_layerwise,disclosed,k3,target_time_slope,10,100.0,0.00010543568640206114,False
final_input_token_layerwise,disclosed,k3,target_time_slope,11,100.0,3.051904037584818e-05,False
final_input_token_layerwise,disclosed,k3,target_time_slope,12,100.0,-0.00044327878278213606,False
final_input_token_layerwise,disclosed,k3,target_time_slope,13,100.0,-0.00047578708529832925,False
final_input_token_layerwise,disclosed,k3,target_time_slope,14,100.0,-0.0001576127384862458,False
final_input_token_layerwise,disclosed,k3,target_time_slope,15,100.0,-0.00011543598187288562,False
final_input_token_layerwise,disclosed,k3,target_time_slope,16,3.0,8.673372274692337e-05,False
final_input_token_layerwise,disclosed,k3,target_time_slope,17,3.0,0.003974747161316988,False
final_input_token_layerwise,disclosed,k3,target_time_slope,18,100.0,-0.0004944405756969472,False
final_input_token_layerwise,disclosed,k3,target_time_slope,19,100.0,-0.0008962485611019311,False
final_input_token_layerwise,disclosed,k3,target_time_slope,20,100.0,-0.0008673930391064066,False
final_input_token_layerwise,disclosed,k3,target_time_slope,21,100.0,-0.0010074423467908988,False
final_input_token_layerwise,disclosed,k3,target_time_slope,22,100.0,-0.0010756009461412308,False
final_input_token_layerwise,disclosed,k3,target_time_slope,23,100.0,-0.0010026828698530832,False
final_input_token_layerwise,disclosed,k3,target_time_slope,24,100.0,-0.0013239229376970085,False
final_input_token_layerwise,disclosed,k3,target_time_slope,25,100.0,-0.001095438702844953,False
final_input_token_layerwise,disclosed,k3,target_time_slope,26,100.0,-0.0009045685528429881,False
final_input_token_layerwise,disclosed,k3,target_time_slope,27,100.0,-0.0010108004721273434,False
final_input_token_layerwise,disclosed,k3,target_time_slope,28,100.0,-0.0009606853536393567,False
final_input_token_layerwise,disclosed,k3,target_time_slope,29,100.0,-0.0006510236020145777,False
final_input_token_layerwise,disclosed,k3,target_time_slope,30,100.0,-0.0007654360087794299,False
final_input_token_layerwise,disclosed,k3,target_time_slope,31,100.0,-0.0006874577818758998,False
final_input_token_layerwise,disclosed,k3,target_time_slope,32,100.0,-0.0009538929541965668,False
final_input_token_layerwise,disclosed,k3,displayed_driver_outcome_slope,0,0.0001,5.551115123125783e-17,False
final_input_token_layerwise,disclosed,k3,displayed_driver_outcome_slope,1,100.0,1.4208057007636388e-05,False
final_input_token_layerwise,disclosed,k3,displayed_driver_outcome_slope,2,100.0,0.00013228623493011238,False
final_input_token_layerwise,disclosed,k3,displayed_driver_outcome_slope,3,100.0,2.080559315362218e-05,False
final_input_token_layerwise,disclosed,k3,displayed_driver_outcome_slope,4,100.0,-0.0002629452529526455,False
final_input_token_layerwise,disclosed,k3,displayed_driver_outcome_slope,5,100.0,-0.00024793576896220415,False
final_input_token_layerwise,disclosed,k3,displayed_driver_outcome_slope,6,3.0,0.0002687871048600021,False
final_input_token_layerwise,disclosed,k3,displayed_driver_outcome_slope,7,3.0,0.0021578451825549627,True
final_input_token_layerwise,disclosed,k3,displayed_driver_outcome_slope,8,100.0,-0.0006091692718998287,False
final_input_token_layerwise,disclosed,k3,displayed_driver_outcome_slope,9,100.0,-0.00013605692548970816,False
final_input_token_layerwise,disclosed,k3,displayed_driver_outcome_slope,10,100.0,-0.000618216151954315,False
final_input_token_layerwise,disclosed,k3,displayed_driver_outcome_slope,11,100.0,-0.0003225546911357069,False
final_input_token_layerwise,disclosed,k3,displayed_driver_outcome_slope,12,100.0,-0.000985492539074817,False
final_input_token_layerwise,disclosed,k3,displayed_driver_outcome_slope,13,100.0,0.0002676399192567125,False
final_input_token_layerwise,disclosed,k3,displayed_driver_outcome_slope,14,100.0,-0.0013368418660364978,False
final_input_token_layerwise,disclosed,k3,displayed_driver_outcome_slope,15,100.0,-0.0024007753318693315,False
final_input_token_layerwise,disclosed,k3,displayed_driver_outcome_slope,16,100.0,-0.0027055541544463435,False
final_input_token_layerwise,disclosed,k3,displayed_driver_outcome_slope,17,100.0,-0.002869363172360251,False
final_input_token_layerwise,disclosed,k3,displayed_driver_outcome_slope,18,100.0,-0.0029939444205756005,False
final_input_token_layerwise,disclosed,k3,displayed_driver_outcome_slope,19,100.0,-0.002553023466623894,False
final_input_token_layerwise,disclosed,k3,displayed_driver_outcome_slope,20,100.0,-0.0026031300485274134,False
final_input_token_layerwise,disclosed,k3,displayed_driver_outcome_slope,21,100.0,-0.0025096649916156455,False
final_input_token_layerwise,disclosed,k3,displayed_driver_outcome_slope,22,100.0,-0.002462632038216117,False
final_input_token_layerwise,disclosed,k3,displayed_driver_outcome_slope,23,100.0,-0.002559157916975252,False
final_input_token_layerwise,disclosed,k3,displayed_driver_outcome_slope,24,100.0,-0.002720322442895773,False
final_input_token_layerwise,disclosed,k3,displayed_driver_outcome_slope,25,100.0,-0.002707425521630835,False
final_input_token_layerwise,disclosed,k3,displayed_driver_outcome_slope,26,100.0,-0.0026442039775974036,False
final_input_token_layerwise,disclosed,k3,displayed_driver_outcome_slope,27,100.0,-0.0024668993102585635,False
final_input_token_layerwise,disclosed,k3,displayed_driver_outcome_slope,28,100.0,-0.0022302577648228294,False
final_input_token_layerwise,disclosed,k3,displayed_driver_outcome_slope,29,100.0,-0.0021309305369701104,False
final_input_token_layerwise,disclosed,k3,displayed_driver_outcome_slope,30,100.0,-0.0018470216523446548,False
final_input_token_layerwise,disclosed,k3,displayed_driver_outcome_slope,31,100.0,-0.0017960858443546446,False
final_input_token_layerwise,disclosed,k3,displayed_driver_outcome_slope,32,100.0,-0.0017281007343739607,False
final_input_token_layerwise,disclosed,k3,oracle_posterior_gain,0,0.0001,0.0,False
final_input_token_layerwise,disclosed,k3,oracle_posterior_gain,1,3.0,0.008371786703291612,False
final_input_token_layerwise,disclosed,k3,oracle_posterior_gain,2,100.0,-9.296709904615952e-05,False
final_input_token_layerwise,disclosed,k3,oracle_posterior_gain,3,100.0,-0.002869268961661897,False
final_input_token_layerwise,disclosed,k3,oracle_posterior_gain,4,100.0,-0.002200387682247451,False
final_input_token_layerwise,disclosed,k3,oracle_posterior_gain,5,100.0,-0.0018447659189326782,False
final_input_token_layerwise,disclosed,k3,oracle_posterior_gain,6,100.0,-0.0013115548951829203,False
final_input_token_layerwise,disclosed,k3,oracle_posterior_gain,7,100.0,-0.00042482127420867544,False
final_input_token_layerwise,disclosed,k3,oracle_posterior_gain,8,100.0,-0.0004881750655842676,False
final_input_token_layerwise,disclosed,k3,oracle_posterior_gain,9,3.0,0.01965230154397274,False
final_input_token_layerwise,disclosed,k3,oracle_posterior_gain,10,3.0,0.010595477633047273,False
final_input_token_layerwise,disclosed,k3,oracle_posterior_gain,11,3.0,0.02113649123648781,False
final_input_token_layerwise,disclosed,k3,oracle_posterior_gain,12,3.0,0.023680608325879038,False
final_input_token_layerwise,disclosed,k3,oracle_posterior_gain,13,3.0,0.02303195107979042,False
final_input_token_layerwise,disclosed,k3,oracle_posterior_gain,14,3.0,0.03021113729737404,True
final_input_token_layerwise,disclosed,k3,oracle_posterior_gain,15,3.0,0.017923759856736332,False
final_input_token_layerwise,disclosed,k3,oracle_posterior_gain,16,3.0,0.008242011456913417,False
final_input_token_layerwise,disclosed,k3,oracle_posterior_gain,17,100.0,-0.003173470525757255,False
final_input_token_layerwise,disclosed,k3,oracle_posterior_gain,18,3.0,0.00043971906127004967,False
final_input_token_layerwise,disclosed,k3,oracle_posterior_gain,19,3.0,0.0024480509496193625,False
final_input_token_layerwise,disclosed,k3,oracle_posterior_gain,20,3.0,0.003964967316670953,False
final_input_token_layerwise,disclosed,k3,oracle_posterior_gain,21,3.0,0.0014752208882125306,False
final_input_token_layerwise,disclosed,k3,oracle_posterior_gain,22,100.0,-0.002911667901774495,False
final_input_token_layerwise,disclosed,k3,oracle_posterior_gain,23,100.0,-0.0028272227576101594,False
final_input_token_layerwise,disclosed,k3,oracle_posterior_gain,24,100.0,-0.002980449793321377,False
final_input_token_layerwise,disclosed,k3,oracle_posterior_gain,25,100.0,-0.0032714306986598995,False
final_input_token_layerwise,disclosed,k3,oracle_posterior_gain,26,100.0,-0.0035924887515001447,False
final_input_token_layerwise,disclosed,k3,oracle_posterior_gain,27,100.0,-0.003310533018573425,False
final_input_token_layerwise,disclosed,k3,oracle_posterior_gain,28,100.0,-0.003154205511402025,False
final_input_token_layerwise,disclosed,k3,oracle_posterior_gain,29,100.0,-0.0023426820468148424,False
final_input_token_layerwise,disclosed,k3,oracle_posterior_gain,30,100.0,-0.002288534198153752,False
final_input_token_layerwise,disclosed,k3,oracle_posterior_gain,31,100.0,-0.0020389665878196295,False
final_input_token_layerwise,disclosed,k3,oracle_posterior_gain,32,100.0,-0.0015567684163763917,False
final_input_token_layerwise,disclosed,k6,gain,0,0.0001,0.0,False
final_input_token_layerwise,disclosed,k6,gain,1,100.0,-5.37415914550754e-05,False
final_input_token_layerwise,disclosed,k6,gain,2,100.0,-0.0001828163026198204,False
final_input_token_layerwise,disclosed,k6,gain,3,100.0,-0.0005618396421032956,False
final_input_token_layerwise,disclosed,k6,gain,4,100.0,-0.0005328075054200354,False
final_input_token_layerwise,disclosed,k6,gain,5,100.0,-0.00047917900004190717,False
final_input_token_layerwise,disclosed,k6,gain,6,100.0,-0.0001350912462189935,False
final_input_token_layerwise,disclosed,k6,gain,7,100.0,-0.0002750056499419007,False
final_input_token_layerwise,disclosed,k6,gain,8,100.0,-0.00031902917127810126,False
final_input_token_layerwise,disclosed,k6,gain,9,3.0,0.0013836236244944566,False
final_input_token_layerwise,disclosed,k6,gain,10,3.0,0.01251922801957317,False
final_input_token_layerwise,disclosed,k6,gain,11,3.0,0.014051107444802174,False
final_input_token_layerwise,disclosed,k6,gain,12,0.1,0.04487052640965075,False
final_input_token_layerwise,disclosed,k6,gain,13,0.1,0.03133216638871503,False
final_input_token_layerwise,disclosed,k6,gain,14,3.0,0.007432292063181661,False
final_input_token_layerwise,disclosed,k6,gain,15,100.0,-0.0005487028060545129,False
final_input_token_layerwise,disclosed,k6,gain,16,0.1,0.07411384544166433,False
final_input_token_layerwise,disclosed,k6,gain,17,0.1,0.04920674339055825,False
final_input_token_layerwise,disclosed,k6,gain,18,0.1,0.06144862085991151,False
final_input_token_layerwise,disclosed,k6,gain,19,0.1,0.05606266036251173,False
final_input_token_layerwise,disclosed,k6,gain,20,0.1,0.0619105817315557,False
final_input_token_layerwise,disclosed,k6,gain,21,0.1,0.07704686373405789,True
final_input_token_layerwise,disclosed,k6,gain,22,0.1,0.039577793917881715,False
final_input_token_layerwise,disclosed,k6,gain,23,0.1,0.03790093561790911,False
final_input_token_layerwise,disclosed,k6,gain,24,3.0,0.0364022566546765,False
final_input_token_layerwise,disclosed,k6,gain,25,3.0,0.03650196328993946,False
final_input_token_layerwise,disclosed,k6,gain,26,0.1,0.036889833004401656,False
final_input_token_layerwise,disclosed,k6,gain,27,0.1,0.03922972804665584,False
final_input_token_layerwise,disclosed,k6,gain,28,3.0,0.03266831866706202,False
final_input_token_layerwise,disclosed,k6,gain,29,3.0,0.028641166346517755,False
final_input_token_layerwise,disclosed,k6,gain,30,3.0,0.02461413561048212,False
final_input_token_layerwise,disclosed,k6,gain,31,3.0,0.02245809456786288,False
final_input_token_layerwise,disclosed,k6,gain,32,3.0,0.02415630691073542,False
final_input_token_layerwise,disclosed,k6,response_residual,0,0.0001,-2.7755575615628914e-17,False
final_input_token_layerwise,disclosed,k6,response_residual,1,100.0,-2.39151336917931e-05,False
final_input_token_layerwise,disclosed,k6,response_residual,2,100.0,-0.00027474238037675236,False
final_input_token_layerwise,disclosed,k6,response_residual,3,100.0,-0.0003308904393519163,False
final_input_token_layerwise,disclosed,k6,response_residual,4,100.0,-0.00038262751964701636,False
final_input_token_layerwise,disclosed,k6,response_residual,5,100.0,-0.0004350159567563794,False
final_input_token_layerwise,disclosed,k6,response_residual,6,100.0,-4.916452416778294e-05,False
final_input_token_layerwise,disclosed,k6,response_residual,7,100.0,-0.000167162303476992,False
final_input_token_layerwise,disclosed,k6,response_residual,8,100.0,-0.00015329775540659507,False
final_input_token_layerwise,disclosed,k6,response_residual,9,100.0,0.00021401048939834189,False
final_input_token_layerwise,disclosed,k6,response_residual,10,100.0,0.000274604380351956,False
final_input_token_layerwise,disclosed,k6,response_residual,11,3.0,0.003357877092086514,False
final_input_token_layerwise,disclosed,k6,response_residual,12,3.0,0.0011715157563056966,False
final_input_token_layerwise,disclosed,k6,response_residual,13,100.0,-0.00015012017507787245,False
final_input_token_layerwise,disclosed,k6,response_residual,14,100.0,-0.0005694169179009667,False
final_input_token_layerwise,disclosed,k6,response_residual,15,100.0,-0.0010534353594841284,False
final_input_token_layerwise,disclosed,k6,response_residual,16,3.0,0.0012971551618476962,False
final_input_token_layerwise,disclosed,k6,response_residual,17,3.0,0.006279555352435434,False
final_input_token_layerwise,disclosed,k6,response_residual,18,3.0,0.010461748733213788,False
final_input_token_layerwise,disclosed,k6,response_residual,19,3.0,0.005702337643595262,False
final_input_token_layerwise,disclosed,k6,response_residual,20,3.0,0.0030975903580122977,False
final_input_token_layerwise,disclosed,k6,response_residual,21,3.0,0.007504210614004553,False
final_input_token_layerwise,disclosed,k6,response_residual,22,3.0,0.007954927919335497,False
final_input_token_layerwise,disclosed,k6,response_residual,23,3.0,0.005724490953363026,False
final_input_token_layerwise,disclosed,k6,response_residual,24,3.0,0.006641752088037883,False
final_input_token_layerwise,disclosed,k6,response_residual,25,3.0,0.009512037462261952,False
final_input_token_layerwise,disclosed,k6,response_residual,26,3.0,0.008734968611825045,False
final_input_token_layerwise,disclosed,k6,response_residual,27,3.0,0.00847157516946681,False
final_input_token_layerwise,disclosed,k6,response_residual,28,3.0,0.007374259461102456,False
final_input_token_layerwise,disclosed,k6,response_residual,29,3.0,0.007163158629673871,False
final_input_token_layerwise,disclosed,k6,response_residual,30,3.0,0.005476579969700718,False
final_input_token_layerwise,disclosed,k6,response_residual,31,3.0,0.007528864645405198,False
final_input_token_layerwise,disclosed,k6,response_residual,32,3.0,0.012317359482363205,True
final_input_token_layerwise,disclosed,k6,last_target_observation,0,0.0001,-2.7755575615628914e-17,False
final_input_token_layerwise,disclosed,k6,last_target_observation,1,0.1,0.05533390077406358,False
final_input_token_layerwise,disclosed,k6,last_target_observation,2,3.0,0.018779734854878827,False
final_input_token_layerwise,disclosed,k6,last_target_observation,3,3.0,0.013528067946894373,False
final_input_token_layerwise,disclosed,k6,last_target_observation,4,3.0,0.014065276873848148,False
final_input_token_layerwise,disclosed,k6,last_target_observation,5,3.0,0.012061818351281672,False
final_input_token_layerwise,disclosed,k6,last_target_observation,6,3.0,0.009030444761134182,False
final_input_token_layerwise,disclosed,k6,last_target_observation,7,100.0,-0.00015420809549845926,False
final_input_token_layerwise,disclosed,k6,last_target_observation,8,3.0,0.00011812896971732934,False
final_input_token_layerwise,disclosed,k6,last_target_observation,9,0.1,0.04118256981139948,False
final_input_token_layerwise,disclosed,k6,last_target_observation,10,0.1,0.0867422369629415,True
final_input_token_layerwise,disclosed,k6,last_target_observation,11,0.1,0.070903953896919,False
final_input_token_layerwise,disclosed,k6,last_target_observation,12,3.0,0.0005803643950229032,False
final_input_token_layerwise,disclosed,k6,last_target_observation,13,0.1,0.060408211533126144,False
final_input_token_layerwise,disclosed,k6,last_target_observation,14,3.0,0.009018521223806586,False
final_input_token_layerwise,disclosed,k6,last_target_observation,15,100.0,-0.0009348333189346247,False
final_input_token_layerwise,disclosed,k6,last_target_observation,16,100.0,-0.0006490773597239707,False
final_input_token_layerwise,disclosed,k6,last_target_observation,17,100.0,-0.0008904215834640294,False
final_input_token_layerwise,disclosed,k6,last_target_observation,18,100.0,-0.00042124305654539507,False
final_input_token_layerwise,disclosed,k6,last_target_observation,19,100.0,-0.0007844979784340234,False
final_input_token_layerwise,disclosed,k6,last_target_observation,20,100.0,-0.0012729352414636297,False
final_input_token_layerwise,disclosed,k6,last_target_observation,21,100.0,-0.001054977984081662,False
final_input_token_layerwise,disclosed,k6,last_target_observation,22,100.0,-0.0010998937899297234,False
final_input_token_layerwise,disclosed,k6,last_target_observation,23,100.0,-0.0011744416185673623,False
final_input_token_layerwise,disclosed,k6,last_target_observation,24,100.0,-0.0010945393108042212,False
final_input_token_layerwise,disclosed,k6,last_target_observation,25,100.0,-0.0008680386392610484,False
final_input_token_layerwise,disclosed,k6,last_target_observation,26,100.0,-0.0010560370037985267,False
final_input_token_layerwise,disclosed,k6,last_target_observation,27,100.0,-0.0010857324444828176,False
final_input_token_layerwise,disclosed,k6,last_target_observation,28,100.0,-0.0007713462366523427,False
final_input_token_layerwise,disclosed,k6,last_target_observation,29,100.0,-0.0008813014885638848,False
final_input_token_layerwise,disclosed,k6,last_target_observation,30,100.0,-0.0008520009917569737,False
final_input_token_layerwise,disclosed,k6,last_target_observation,31,100.0,-0.0007282034062216503,False
final_input_token_layerwise,disclosed,k6,last_target_observation,32,100.0,-0.0006398693490841101,False
final_input_token_layerwise,disclosed,k6,target_observation_mean,0,0.0001,2.7755575615628914e-17,False
final_input_token_layerwise,disclosed,k6,target_observation_mean,1,3.0,0.027197554627920062,False
final_input_token_layerwise,disclosed,k6,target_observation_mean,2,3.0,0.017880475246220356,False
final_input_token_layerwise,disclosed,k6,target_observation_mean,3,100.0,0.000975543514763616,False
final_input_token_layerwise,disclosed,k6,target_observation_mean,4,3.0,0.01395231776743866,False
final_input_token_layerwise,disclosed,k6,target_observation_mean,5,3.0,0.01852307923717722,False
final_input_token_layerwise,disclosed,k6,target_observation_mean,6,3.0,0.004788356261234694,False
final_input_token_layerwise,disclosed,k6,target_observation_mean,7,3.0,0.005468228538943909,False
final_input_token_layerwise,disclosed,k6,target_observation_mean,8,3.0,0.02688714951761867,False
final_input_token_layerwise,disclosed,k6,target_observation_mean,9,3.0,0.06735144476038057,False
final_input_token_layerwise,disclosed,k6,target_observation_mean,10,0.1,0.06940362437416628,False
final_input_token_layerwise,disclosed,k6,target_observation_mean,11,0.1,0.1091828378609575,True
final_input_token_layerwise,disclosed,k6,target_observation_mean,12,0.1,0.09383106506263098,False
final_input_token_layerwise,disclosed,k6,target_observation_mean,13,3.0,0.07183360625054608,False
final_input_token_layerwise,disclosed,k6,target_observation_mean,14,3.0,0.05628839483127926,False
final_input_token_layerwise,disclosed,k6,target_observation_mean,15,0.1,0.052269496042293556,False
final_input_token_layerwise,disclosed,k6,target_observation_mean,16,3.0,0.06439638681247062,False
final_input_token_layerwise,disclosed,k6,target_observation_mean,17,3.0,0.05757583956965165,False
final_input_token_layerwise,disclosed,k6,target_observation_mean,18,3.0,0.04973819494955578,False
final_input_token_layerwise,disclosed,k6,target_observation_mean,19,3.0,0.03792037340179319,False
final_input_token_layerwise,disclosed,k6,target_observation_mean,20,3.0,0.035424417166683014,False
final_input_token_layerwise,disclosed,k6,target_observation_mean,21,3.0,0.035893253484165694,False
final_input_token_layerwise,disclosed,k6,target_observation_mean,22,3.0,0.03303416377265389,False
final_input_token_layerwise,disclosed,k6,target_observation_mean,23,3.0,0.026260686103798614,False
final_input_token_layerwise,disclosed,k6,target_observation_mean,24,3.0,0.028723353195804463,False
final_input_token_layerwise,disclosed,k6,target_observation_mean,25,3.0,0.031095799666263718,False
final_input_token_layerwise,disclosed,k6,target_observation_mean,26,3.0,0.03090443826755021,False
final_input_token_layerwise,disclosed,k6,target_observation_mean,27,3.0,0.02808027751719072,False
final_input_token_layerwise,disclosed,k6,target_observation_mean,28,3.0,0.01737536591352795,False
final_input_token_layerwise,disclosed,k6,target_observation_mean,29,3.0,0.024480186871029846,False
final_input_token_layerwise,disclosed,k6,target_observation_mean,30,3.0,0.019118197880893445,False
final_input_token_layerwise,disclosed,k6,target_observation_mean,31,3.0,0.0056308214811183754,False
final_input_token_layerwise,disclosed,k6,target_observation_mean,32,3.0,0.00703089476730126,False
final_input_token_layerwise,disclosed,k6,target_time_slope,0,0.0001,0.0,False
final_input_token_layerwise,disclosed,k6,target_time_slope,1,3.0,0.028698730203458755,False
final_input_token_layerwise,disclosed,k6,target_time_slope,2,3.0,0.010467293569060288,False
final_input_token_layerwise,disclosed,k6,target_time_slope,3,100.0,0.0003281043503917114,False
final_input_token_layerwise,disclosed,k6,target_time_slope,4,3.0,0.0019984429002319892,False
final_input_token_layerwise,disclosed,k6,target_time_slope,5,100.0,1.59022690300048e-05,False
final_input_token_layerwise,disclosed,k6,target_time_slope,6,3.0,0.0019382657657533442,False
final_input_token_layerwise,disclosed,k6,target_time_slope,7,100.0,-0.00047730437334217446,False
final_input_token_layerwise,disclosed,k6,target_time_slope,8,100.0,-0.0004201851757378028,False
final_input_token_layerwise,disclosed,k6,target_time_slope,9,3.0,0.010326960209011471,False
final_input_token_layerwise,disclosed,k6,target_time_slope,10,3.0,0.0046806069811192175,False
final_input_token_layerwise,disclosed,k6,target_time_slope,11,3.0,0.002455159390428008,False
final_input_token_layerwise,disclosed,k6,target_time_slope,12,3.0,0.012794739424351637,False
final_input_token_layerwise,disclosed,k6,target_time_slope,13,3.0,0.030227455391075464,True
final_input_token_layerwise,disclosed,k6,target_time_slope,14,100.0,0.0002475049765791604,False
final_input_token_layerwise,disclosed,k6,target_time_slope,15,100.0,-0.00013770597114548533,False
final_input_token_layerwise,disclosed,k6,target_time_slope,16,100.0,0.002095194082187113,False
final_input_token_layerwise,disclosed,k6,target_time_slope,17,100.0,0.0007048702011913099,False
final_input_token_layerwise,disclosed,k6,target_time_slope,18,100.0,-0.00014122799806440267,False
final_input_token_layerwise,disclosed,k6,target_time_slope,19,100.0,-0.00043971373380435885,False
final_input_token_layerwise,disclosed,k6,target_time_slope,20,100.0,-0.0005962439554500487,False
final_input_token_layerwise,disclosed,k6,target_time_slope,21,100.0,-0.0008204802469353456,False
final_input_token_layerwise,disclosed,k6,target_time_slope,22,100.0,-0.0009671518066930451,False
final_input_token_layerwise,disclosed,k6,target_time_slope,23,100.0,-0.0008753943905236983,False
final_input_token_layerwise,disclosed,k6,target_time_slope,24,100.0,-0.0007509752146395154,False
final_input_token_layerwise,disclosed,k6,target_time_slope,25,3.0,0.0005038141423678588,False
final_input_token_layerwise,disclosed,k6,target_time_slope,26,100.0,-0.0007879887971026234,False
final_input_token_layerwise,disclosed,k6,target_time_slope,27,100.0,-0.0005062612569961544,False
final_input_token_layerwise,disclosed,k6,target_time_slope,28,3.0,0.003971780656856494,False
final_input_token_layerwise,disclosed,k6,target_time_slope,29,3.0,0.008959316129974582,False
final_input_token_layerwise,disclosed,k6,target_time_slope,30,3.0,0.003390223924642083,False
final_input_token_layerwise,disclosed,k6,target_time_slope,31,100.0,-0.00034960733771549624,False
final_input_token_layerwise,disclosed,k6,target_time_slope,32,100.0,-0.00030046117079310375,False
final_input_token_layerwise,disclosed,k6,displayed_driver_outcome_slope,0,0.0001,-5.551115123125783e-17,False
final_input_token_layerwise,disclosed,k6,displayed_driver_outcome_slope,1,100.0,-0.00022725614025001506,False
final_input_token_layerwise,disclosed,k6,displayed_driver_outcome_slope,2,100.0,-0.00023234291097806725,False
final_input_token_layerwise,disclosed,k6,displayed_driver_outcome_slope,3,100.0,0.001076729236409002,False
final_input_token_layerwise,disclosed,k6,displayed_driver_outcome_slope,4,3.0,0.006137311346175206,False
final_input_token_layerwise,disclosed,k6,displayed_driver_outcome_slope,5,3.0,0.00643716350734258,True
final_input_token_layerwise,disclosed,k6,displayed_driver_outcome_slope,6,3.0,0.0010366599153016631,False
final_input_token_layerwise,disclosed,k6,displayed_driver_outcome_slope,7,100.0,7.627168216059466e-05,False
final_input_token_layerwise,disclosed,k6,displayed_driver_outcome_slope,8,100.0,0.0006392887899254462,False
final_input_token_layerwise,disclosed,k6,displayed_driver_outcome_slope,9,100.0,0.00019946392929434675,False
final_input_token_layerwise,disclosed,k6,displayed_driver_outcome_slope,10,100.0,-0.00010924797900857541,False
final_input_token_layerwise,disclosed,k6,displayed_driver_outcome_slope,11,100.0,4.402939971301367e-05,False
final_input_token_layerwise,disclosed,k6,displayed_driver_outcome_slope,12,3.0,0.0014002458292051434,False
final_input_token_layerwise,disclosed,k6,displayed_driver_outcome_slope,13,3.0,0.0026266692377386325,False
final_input_token_layerwise,disclosed,k6,displayed_driver_outcome_slope,14,100.0,-0.00021895536827543083,False
final_input_token_layerwise,disclosed,k6,displayed_driver_outcome_slope,15,100.0,0.00012007568431499083,False
final_input_token_layerwise,disclosed,k6,displayed_driver_outcome_slope,16,100.0,-0.0009729642029699948,False
final_input_token_layerwise,disclosed,k6,displayed_driver_outcome_slope,17,100.0,-0.0015204782325834165,False
final_input_token_layerwise,disclosed,k6,displayed_driver_outcome_slope,18,100.0,-0.0015178245842770166,False
final_input_token_layerwise,disclosed,k6,displayed_driver_outcome_slope,19,100.0,-0.0017934574521392688,False
final_input_token_layerwise,disclosed,k6,displayed_driver_outcome_slope,20,100.0,-0.001515377703652565,False
final_input_token_layerwise,disclosed,k6,displayed_driver_outcome_slope,21,100.0,-0.0016916679054318484,False
final_input_token_layerwise,disclosed,k6,displayed_driver_outcome_slope,22,100.0,-0.0017761393670969738,False
final_input_token_layerwise,disclosed,k6,displayed_driver_outcome_slope,23,100.0,-0.0017661670868799884,False
final_input_token_layerwise,disclosed,k6,displayed_driver_outcome_slope,24,100.0,-0.001999955764517447,False
final_input_token_layerwise,disclosed,k6,displayed_driver_outcome_slope,25,100.0,-0.0018287405366105847,False
final_input_token_layerwise,disclosed,k6,displayed_driver_outcome_slope,26,100.0,-0.001762303946671262,False
final_input_token_layerwise,disclosed,k6,displayed_driver_outcome_slope,27,100.0,-0.0018056283886750957,False
final_input_token_layerwise,disclosed,k6,displayed_driver_outcome_slope,28,100.0,-0.0016188991027327737,False
final_input_token_layerwise,disclosed,k6,displayed_driver_outcome_slope,29,100.0,-0.0013903835135489206,False
final_input_token_layerwise,disclosed,k6,displayed_driver_outcome_slope,30,100.0,-0.0013108985717447397,False
final_input_token_layerwise,disclosed,k6,displayed_driver_outcome_slope,31,100.0,-0.001158479177541999,False
final_input_token_layerwise,disclosed,k6,displayed_driver_outcome_slope,32,100.0,-0.0010887603164429493,False
final_input_token_layerwise,disclosed,k6,oracle_posterior_gain,0,0.0001,-5.551115123125783e-17,False
final_input_token_layerwise,disclosed,k6,oracle_posterior_gain,1,3.0,0.0013640478286344182,False
final_input_token_layerwise,disclosed,k6,oracle_posterior_gain,2,100.0,-6.803534935090338e-05,False
final_input_token_layerwise,disclosed,k6,oracle_posterior_gain,3,100.0,-0.00045263377852258757,False
final_input_token_layerwise,disclosed,k6,oracle_posterior_gain,4,100.0,-0.0002717354296945529,False
final_input_token_layerwise,disclosed,k6,oracle_posterior_gain,5,100.0,-9.623705234057534e-05,False
final_input_token_layerwise,disclosed,k6,oracle_posterior_gain,6,100.0,-6.496304218048254e-05,False
final_input_token_layerwise,disclosed,k6,oracle_posterior_gain,7,100.0,-0.0002503048096604843,False
final_input_token_layerwise,disclosed,k6,oracle_posterior_gain,8,100.0,-0.00036227939910288276,False
final_input_token_layerwise,disclosed,k6,oracle_posterior_gain,9,3.0,0.01387847111602264,False
final_input_token_layerwise,disclosed,k6,oracle_posterior_gain,10,3.0,0.014880091206467744,False
final_input_token_layerwise,disclosed,k6,oracle_posterior_gain,11,3.0,0.01702720454657608,False
final_input_token_layerwise,disclosed,k6,oracle_posterior_gain,12,3.0,0.012658170396498414,False
final_input_token_layerwise,disclosed,k6,oracle_posterior_gain,13,3.0,0.006796296602011392,False
final_input_token_layerwise,disclosed,k6,oracle_posterior_gain,14,3.0,0.012915683534802436,False
final_input_token_layerwise,disclosed,k6,oracle_posterior_gain,15,100.0,-0.0008118872201539062,False
final_input_token_layerwise,disclosed,k6,oracle_posterior_gain,16,3.0,0.02073010637337175,False
final_input_token_layerwise,disclosed,k6,oracle_posterior_gain,17,3.0,0.03580744105798564,False
final_input_token_layerwise,disclosed,k6,oracle_posterior_gain,18,3.0,0.03560699842234091,False
final_input_token_layerwise,disclosed,k6,oracle_posterior_gain,19,3.0,0.03654907307637453,False
final_input_token_layerwise,disclosed,k6,oracle_posterior_gain,20,3.0,0.0408097769504748,False
final_input_token_layerwise,disclosed,k6,oracle_posterior_gain,21,3.0,0.052167022860149626,False
final_input_token_layerwise,disclosed,k6,oracle_posterior_gain,22,3.0,0.057522481560666194,False
final_input_token_layerwise,disclosed,k6,oracle_posterior_gain,23,3.0,0.05244963628354002,False
final_input_token_layerwise,disclosed,k6,oracle_posterior_gain,24,3.0,0.055258056095648905,False
final_input_token_layerwise,disclosed,k6,oracle_posterior_gain,25,3.0,0.05761866890818068,True
final_input_token_layerwise,disclosed,k6,oracle_posterior_gain,26,3.0,0.05357063877279403,False
final_input_token_layerwise,disclosed,k6,oracle_posterior_gain,27,3.0,0.049768821292441645,False
final_input_token_layerwise,disclosed,k6,oracle_posterior_gain,28,3.0,0.05002714743372111,False
final_input_token_layerwise,disclosed,k6,oracle_posterior_gain,29,3.0,0.04113433654312301,False
final_input_token_layerwise,disclosed,k6,oracle_posterior_gain,30,3.0,0.03711427235914183,False
final_input_token_layerwise,disclosed,k6,oracle_posterior_gain,31,3.0,0.04152640207296901,False
final_input_token_layerwise,disclosed,k6,oracle_posterior_gain,32,3.0,0.041717690307787575,False
final_input_token_layerwise,disclosed,k9,gain,0,0.0001,0.0,False
final_input_token_layerwise,disclosed,k9,gain,1,100.0,-0.0001618076459783957,False
final_input_token_layerwise,disclosed,k9,gain,2,100.0,-0.0003351504509931935,False
final_input_token_layerwise,disclosed,k9,gain,3,100.0,-0.00046143073854160166,False
final_input_token_layerwise,disclosed,k9,gain,4,100.0,-0.0004592369549523412,False
final_input_token_layerwise,disclosed,k9,gain,5,100.0,-0.00026019159431606154,False
final_input_token_layerwise,disclosed,k9,gain,6,100.0,-0.0005801189965465303,False
final_input_token_layerwise,disclosed,k9,gain,7,100.0,-0.00027559479965028055,False
final_input_token_layerwise,disclosed,k9,gain,8,100.0,-0.0004441941008765382,False
final_input_token_layerwise,disclosed,k9,gain,9,0.1,0.03934710279426465,False
final_input_token_layerwise,disclosed,k9,gain,10,0.1,0.06877975812343445,False
final_input_token_layerwise,disclosed,k9,gain,11,0.1,0.018037542910207705,False
final_input_token_layerwise,disclosed,k9,gain,12,0.1,0.009766989347603672,False
final_input_token_layerwise,disclosed,k9,gain,13,0.1,0.08937351015531123,False
final_input_token_layerwise,disclosed,k9,gain,14,0.1,0.1169782450009812,True
final_input_token_layerwise,disclosed,k9,gain,15,0.1,0.02187321748410076,False
final_input_token_layerwise,disclosed,k9,gain,16,0.1,0.04820709831086728,False
final_input_token_layerwise,disclosed,k9,gain,17,3.0,0.019461074091663644,False
final_input_token_layerwise,disclosed,k9,gain,18,3.0,0.00732558755018789,False
final_input_token_layerwise,disclosed,k9,gain,19,3.0,0.009361295162274685,False
final_input_token_layerwise,disclosed,k9,gain,20,3.0,0.011320398156378919,False
final_input_token_layerwise,disclosed,k9,gain,21,3.0,0.018122708780443364,False
final_input_token_layerwise,disclosed,k9,gain,22,0.1,0.035277925388181974,False
final_input_token_layerwise,disclosed,k9,gain,23,0.1,0.0376936811101686,False
final_input_token_layerwise,disclosed,k9,gain,24,0.1,0.047034997651288796,False
final_input_token_layerwise,disclosed,k9,gain,25,0.1,0.019931558962838353,False
final_input_token_layerwise,disclosed,k9,gain,26,0.1,0.034005688996412736,False
final_input_token_layerwise,disclosed,k9,gain,27,0.1,0.02443811430791215,False
final_input_token_layerwise,disclosed,k9,gain,28,0.1,0.03605533154293469,False
final_input_token_layerwise,disclosed,k9,gain,29,0.1,0.03173320282927755,False
final_input_token_layerwise,disclosed,k9,gain,30,3.0,0.0075150617816411025,False
final_input_token_layerwise,disclosed,k9,gain,31,3.0,0.0048924645432010805,False
final_input_token_layerwise,disclosed,k9,gain,32,3.0,0.004073169117002284,False
final_input_token_layerwise,disclosed,k9,response_residual,0,0.0001,-2.7755575615628914e-17,False
final_input_token_layerwise,disclosed,k9,response_residual,1,100.0,-0.00011954714329223681,False
final_input_token_layerwise,disclosed,k9,response_residual,2,100.0,-0.00044096289424339075,False
final_input_token_layerwise,disclosed,k9,response_residual,3,100.0,-0.0006218361404694006,False
final_input_token_layerwise,disclosed,k9,response_residual,4,100.0,-0.0005717112804859981,False
final_input_token_layerwise,disclosed,k9,response_residual,5,100.0,-0.0002712626250913619,False
final_input_token_layerwise,disclosed,k9,response_residual,6,100.0,-0.0004524147769684461,False
final_input_token_layerwise,disclosed,k9,response_residual,7,100.0,-0.00045554315987722527,False
final_input_token_layerwise,disclosed,k9,response_residual,8,100.0,-0.0007142433518800007,False
final_input_token_layerwise,disclosed,k9,response_residual,9,100.0,-2.4669575442726188e-05,False
final_input_token_layerwise,disclosed,k9,response_residual,10,100.0,-0.0001641655329021885,False
final_input_token_layerwise,disclosed,k9,response_residual,11,100.0,-0.00011916549088930584,False
final_input_token_layerwise,disclosed,k9,response_residual,12,100.0,-8.693634920842186e-05,False
final_input_token_layerwise,disclosed,k9,response_residual,13,100.0,-4.015953659186611e-05,False
final_input_token_layerwise,disclosed,k9,response_residual,14,3.0,0.012955164500031341,True
final_input_token_layerwise,disclosed,k9,response_residual,15,100.0,0.00024055088405755543,False
final_input_token_layerwise,disclosed,k9,response_residual,16,3.0,0.0007194524145363035,False
final_input_token_layerwise,disclosed,k9,response_residual,17,100.0,0.00020026827524396995,False
final_input_token_layerwise,disclosed,k9,response_residual,18,100.0,6.2926971176408e-05,False
final_input_token_layerwise,disclosed,k9,response_residual,19,100.0,-0.00016761405898660375,False
final_input_token_layerwise,disclosed,k9,response_residual,20,100.0,-0.00016561538680898158,False
final_input_token_layerwise,disclosed,k9,response_residual,21,100.0,-2.4625918593035312e-05,False
final_input_token_layerwise,disclosed,k9,response_residual,22,100.0,-0.0001692954488796694,False
final_input_token_layerwise,disclosed,k9,response_residual,23,100.0,-0.00015010896617509428,False
final_input_token_layerwise,disclosed,k9,response_residual,24,100.0,0.00017137888614379704,False
final_input_token_layerwise,disclosed,k9,response_residual,25,100.0,-0.00014865138994576976,False
final_input_token_layerwise,disclosed,k9,response_residual,26,3.0,0.0001502224245539252,False
final_input_token_layerwise,disclosed,k9,response_residual,27,100.0,-4.3049509356130056e-05,False
final_input_token_layerwise,disclosed,k9,response_residual,28,100.0,-0.00020763545418386875,False
final_input_token_layerwise,disclosed,k9,response_residual,29,100.0,0.00011885793107438425,False
final_input_token_layerwise,disclosed,k9,response_residual,30,100.0,-2.656625537880708e-05,False
final_input_token_layerwise,disclosed,k9,response_residual,31,100.0,-2.6284553735739236e-05,False
final_input_token_layerwise,disclosed,k9,response_residual,32,100.0,-8.785258403612439e-05,False
final_input_token_layerwise,disclosed,k9,last_target_observation,0,0.0001,1.3877787807814457e-16,False
final_input_token_layerwise,disclosed,k9,last_target_observation,1,3.0,0.006997188128724602,False
final_input_token_layerwise,disclosed,k9,last_target_observation,2,0.1,0.04579274656258345,False
final_input_token_layerwise,disclosed,k9,last_target_observation,3,0.1,0.07236267375831995,False
final_input_token_layerwise,disclosed,k9,last_target_observation,4,0.1,0.07486654595327785,True
final_input_token_layerwise,disclosed,k9,last_target_observation,5,3.0,0.03573925442625858,False
final_input_token_layerwise,disclosed,k9,last_target_observation,6,3.0,0.0337785989416457,False
final_input_token_layerwise,disclosed,k9,last_target_observation,7,3.0,0.04397296840068718,False
final_input_token_layerwise,disclosed,k9,last_target_observation,8,3.0,0.03179182603815456,False
final_input_token_layerwise,disclosed,k9,last_target_observation,9,3.0,0.021049735818053694,False
final_input_token_layerwise,disclosed,k9,last_target_observation,10,3.0,0.010463347162505132,False
final_input_token_layerwise,disclosed,k9,last_target_observation,11,3.0,0.019183511754135796,False
final_input_token_layerwise,disclosed,k9,last_target_observation,12,3.0,0.00458287373213262,False
final_input_token_layerwise,disclosed,k9,last_target_observation,13,100.0,-5.4882694402791365e-05,False
final_input_token_layerwise,disclosed,k9,last_target_observation,14,100.0,-0.00019038592019313128,False
final_input_token_layerwise,disclosed,k9,last_target_observation,15,3.0,0.00787600895749821,False
final_input_token_layerwise,disclosed,k9,last_target_observation,16,3.0,0.013580606494715847,False
final_input_token_layerwise,disclosed,k9,last_target_observation,17,3.0,0.012801408338946885,False
final_input_token_layerwise,disclosed,k9,last_target_observation,18,100.0,0.0017775121049619647,False
final_input_token_layerwise,disclosed,k9,last_target_observation,19,100.0,0.0017483262039625358,False
final_input_token_layerwise,disclosed,k9,last_target_observation,20,100.0,0.0019088327953047102,False
final_input_token_layerwise,disclosed,k9,last_target_observation,21,100.0,0.0015264302505491878,False
final_input_token_layerwise,disclosed,k9,last_target_observation,22,100.0,0.0010446529186209086,False
final_input_token_layerwise,disclosed,k9,last_target_observation,23,100.0,0.0011434162684192117,False
final_input_token_layerwise,disclosed,k9,last_target_observation,24,100.0,0.0010469910400426607,False
final_input_token_layerwise,disclosed,k9,last_target_observation,25,100.0,0.0009616917085657761,False
final_input_token_layerwise,disclosed,k9,last_target_observation,26,100.0,0.0010160919647618782,False
final_input_token_layerwise,disclosed,k9,last_target_observation,27,100.0,0.0008800554780173109,False
final_input_token_layerwise,disclosed,k9,last_target_observation,28,100.0,0.0006961902127778086,False
final_input_token_layerwise,disclosed,k9,last_target_observation,29,100.0,0.0007930282089841922,False
final_input_token_layerwise,disclosed,k9,last_target_observation,30,100.0,0.0007867971012323893,False
final_input_token_layerwise,disclosed,k9,last_target_observation,31,100.0,0.0006907921288949459,False
final_input_token_layerwise,disclosed,k9,last_target_observation,32,100.0,0.0005416026846035427,False
final_input_token_layerwise,disclosed,k9,target_observation_mean,0,0.0001,3.885780586188048e-16,False
final_input_token_layerwise,disclosed,k9,target_observation_mean,1,3.0,0.01062392688648306,False
final_input_token_layerwise,disclosed,k9,target_observation_mean,2,3.0,0.016845647528515362,True
final_input_token_layerwise,disclosed,k9,target_observation_mean,3,3.0,0.004414303603892278,False
final_input_token_layerwise,disclosed,k9,target_observation_mean,4,100.0,-0.0005119144242037299,False
final_input_token_layerwise,disclosed,k9,target_observation_mean,5,100.0,-0.0002447050586719679,False
final_input_token_layerwise,disclosed,k9,target_observation_mean,6,100.0,-0.00028611311226425795,False
final_input_token_layerwise,disclosed,k9,target_observation_mean,7,100.0,-0.00021805711182940057,False
final_input_token_layerwise,disclosed,k9,target_observation_mean,8,100.0,-0.00021344464904127225,False
final_input_token_layerwise,disclosed,k9,target_observation_mean,9,3.0,0.010572305053731301,False
final_input_token_layerwise,disclosed,k9,target_observation_mean,10,3.0,0.005837070242715653,False
final_input_token_layerwise,disclosed,k9,target_observation_mean,11,3.0,0.009749751252343813,False
final_input_token_layerwise,disclosed,k9,target_observation_mean,12,3.0,0.006061923037302797,False
final_input_token_layerwise,disclosed,k9,target_observation_mean,13,3.0,0.0010427892839511566,False
final_input_token_layerwise,disclosed,k9,target_observation_mean,14,3.0,0.0015769803287189466,False
final_input_token_layerwise,disclosed,k9,target_observation_mean,15,100.0,-0.0006575662593789056,False
final_input_token_layerwise,disclosed,k9,target_observation_mean,16,100.0,-0.000569017545985262,False
final_input_token_layerwise,disclosed,k9,target_observation_mean,17,100.0,-0.0004102874649720145,False
final_input_token_layerwise,disclosed,k9,target_observation_mean,18,100.0,-0.00036289385064908197,False
final_input_token_layerwise,disclosed,k9,target_observation_mean,19,100.0,-0.00039279955189489013,False
final_input_token_layerwise,disclosed,k9,target_observation_mean,20,100.0,-0.0004235952002561161,False
final_input_token_layerwise,disclosed,k9,target_observation_mean,21,100.0,-0.0003561092296579804,False
final_input_token_layerwise,disclosed,k9,target_observation_mean,22,100.0,-0.00041366818457752585,False
final_input_token_layerwise,disclosed,k9,target_observation_mean,23,100.0,-0.00033696037741784424,False
final_input_token_layerwise,disclosed,k9,target_observation_mean,24,100.0,-0.00018045292612203778,False
final_input_token_layerwise,disclosed,k9,target_observation_mean,25,100.0,-0.00013821518259632404,False
final_input_token_layerwise,disclosed,k9,target_observation_mean,26,100.0,6.605329443137853e-05,False
final_input_token_layerwise,disclosed,k9,target_observation_mean,27,100.0,1.4266639573962125e-05,False
final_input_token_layerwise,disclosed,k9,target_observation_mean,28,100.0,6.712504808309427e-05,False
final_input_token_layerwise,disclosed,k9,target_observation_mean,29,100.0,0.00025144288358150413,False
final_input_token_layerwise,disclosed,k9,target_observation_mean,30,3.0,0.004736128426892888,False
final_input_token_layerwise,disclosed,k9,target_observation_mean,31,3.0,0.0016223440900569042,False
final_input_token_layerwise,disclosed,k9,target_observation_mean,32,3.0,0.003751577477501572,False
final_input_token_layerwise,disclosed,k9,target_time_slope,0,0.0001,0.0,False
final_input_token_layerwise,disclosed,k9,target_time_slope,1,100.0,0.0001848639154066467,False
final_input_token_layerwise,disclosed,k9,target_time_slope,2,100.0,-0.000295401009458629,False
final_input_token_layerwise,disclosed,k9,target_time_slope,3,3.0,0.04676096156188461,False
final_input_token_layerwise,disclosed,k9,target_time_slope,4,3.0,0.035179561379826474,False
final_input_token_layerwise,disclosed,k9,target_time_slope,5,3.0,0.03923567235686454,False
final_input_token_layerwise,disclosed,k9,target_time_slope,6,3.0,0.04918262826499453,True
final_input_token_layerwise,disclosed,k9,target_time_slope,7,3.0,0.04230931631033441,False
final_input_token_layerwise,disclosed,k9,target_time_slope,8,3.0,0.011982871135455986,False
final_input_token_layerwise,disclosed,k9,target_time_slope,9,3.0,0.024805770703569457,False
final_input_token_layerwise,disclosed,k9,target_time_slope,10,3.0,0.02743019262321794,False
final_input_token_layerwise,disclosed,k9,target_time_slope,11,3.0,0.037732819855658184,False
final_input_token_layerwise,disclosed,k9,target_time_slope,12,3.0,0.035676007597055304,False
final_input_token_layerwise,disclosed,k9,target_time_slope,13,3.0,0.01971545112521597,False
final_input_token_layerwise,disclosed,k9,target_time_slope,14,3.0,0.007748181244215835,False
final_input_token_layerwise,disclosed,k9,target_time_slope,15,3.0,0.0024129944337906717,False
final_input_token_layerwise,disclosed,k9,target_time_slope,16,3.0,0.019480768372568402,False
final_input_token_layerwise,disclosed,k9,target_time_slope,17,3.0,0.017231414191622912,False
final_input_token_layerwise,disclosed,k9,target_time_slope,18,3.0,0.0037716839470135766,False
final_input_token_layerwise,disclosed,k9,target_time_slope,19,100.0,0.0023636327662633627,False
final_input_token_layerwise,disclosed,k9,target_time_slope,20,100.0,0.002234410822200744,False
final_input_token_layerwise,disclosed,k9,target_time_slope,21,100.0,0.0017393985593863182,False
final_input_token_layerwise,disclosed,k9,target_time_slope,22,100.0,0.0017560724047717413,False
final_input_token_layerwise,disclosed,k9,target_time_slope,23,100.0,0.001586017447280097,False
final_input_token_layerwise,disclosed,k9,target_time_slope,24,100.0,0.0014824528266748072,False
final_input_token_layerwise,disclosed,k9,target_time_slope,25,100.0,0.0013584150851878307,False
final_input_token_layerwise,disclosed,k9,target_time_slope,26,100.0,0.0014680943658194057,False
final_input_token_layerwise,disclosed,k9,target_time_slope,27,100.0,0.0011168339827328233,False
final_input_token_layerwise,disclosed,k9,target_time_slope,28,100.0,0.001015096013066319,False
final_input_token_layerwise,disclosed,k9,target_time_slope,29,100.0,0.0011115334866127202,False
final_input_token_layerwise,disclosed,k9,target_time_slope,30,100.0,0.0007753435732380243,False
final_input_token_layerwise,disclosed,k9,target_time_slope,31,100.0,0.0006612735676464199,False
final_input_token_layerwise,disclosed,k9,target_time_slope,32,100.0,0.0005860672204620887,False
final_input_token_layerwise,disclosed,k9,displayed_driver_outcome_slope,0,0.0001,-1.1102230246251565e-16,False
final_input_token_layerwise,disclosed,k9,displayed_driver_outcome_slope,1,3.0,0.0006470275198079967,False
final_input_token_layerwise,disclosed,k9,displayed_driver_outcome_slope,2,100.0,-0.00045056008417418414,False
final_input_token_layerwise,disclosed,k9,displayed_driver_outcome_slope,3,3.0,0.0012848710532220031,False
final_input_token_layerwise,disclosed,k9,displayed_driver_outcome_slope,4,3.0,0.009278790331453846,False
final_input_token_layerwise,disclosed,k9,displayed_driver_outcome_slope,5,3.0,0.007217371030457442,False
final_input_token_layerwise,disclosed,k9,displayed_driver_outcome_slope,6,3.0,0.01882211372324441,True
final_input_token_layerwise,disclosed,k9,displayed_driver_outcome_slope,7,100.0,-5.217964186735036e-05,False
final_input_token_layerwise,disclosed,k9,displayed_driver_outcome_slope,8,100.0,-0.000711029190351431,False
final_input_token_layerwise,disclosed,k9,displayed_driver_outcome_slope,9,100.0,-0.0009339186496965801,False
final_input_token_layerwise,disclosed,k9,displayed_driver_outcome_slope,10,100.0,-0.0013513142952394919,False
final_input_token_layerwise,disclosed,k9,displayed_driver_outcome_slope,11,100.0,-0.00027542241664862965,False
final_input_token_layerwise,disclosed,k9,displayed_driver_outcome_slope,12,100.0,-0.0009421247562111656,False
final_input_token_layerwise,disclosed,k9,displayed_driver_outcome_slope,13,100.0,-0.0018259329858338336,False
final_input_token_layerwise,disclosed,k9,displayed_driver_outcome_slope,14,100.0,-0.002372352163210939,False
final_input_token_layerwise,disclosed,k9,displayed_driver_outcome_slope,15,100.0,-0.002635559465687276,False
final_input_token_layerwise,disclosed,k9,displayed_driver_outcome_slope,16,100.0,-0.0026459995145143578,False
final_input_token_layerwise,disclosed,k9,displayed_driver_outcome_slope,17,100.0,-0.003044108013396163,False
final_input_token_layerwise,disclosed,k9,displayed_driver_outcome_slope,18,100.0,-0.0014581845539879679,False
final_input_token_layerwise,disclosed,k9,displayed_driver_outcome_slope,19,100.0,-0.0015529321044738253,False
final_input_token_layerwise,disclosed,k9,displayed_driver_outcome_slope,20,100.0,-0.0012987050364192676,False
final_input_token_layerwise,disclosed,k9,displayed_driver_outcome_slope,21,100.0,-0.0019250827033937545,False
final_input_token_layerwise,disclosed,k9,displayed_driver_outcome_slope,22,100.0,-0.001982214695632867,False
final_input_token_layerwise,disclosed,k9,displayed_driver_outcome_slope,23,100.0,-0.0018343628644332255,False
final_input_token_layerwise,disclosed,k9,displayed_driver_outcome_slope,24,100.0,-0.0020849967198857955,False
final_input_token_layerwise,disclosed,k9,displayed_driver_outcome_slope,25,100.0,-0.002177344692504468,False
final_input_token_layerwise,disclosed,k9,displayed_driver_outcome_slope,26,100.0,-0.0024020068760387536,False
final_input_token_layerwise,disclosed,k9,displayed_driver_outcome_slope,27,100.0,-0.00262258175658564,False
final_input_token_layerwise,disclosed,k9,displayed_driver_outcome_slope,28,100.0,-0.0026500102299900907,False
final_input_token_layerwise,disclosed,k9,displayed_driver_outcome_slope,29,100.0,-0.0024887689215626063,False
final_input_token_layerwise,disclosed,k9,displayed_driver_outcome_slope,30,100.0,-0.002305602307401816,False
final_input_token_layerwise,disclosed,k9,displayed_driver_outcome_slope,31,100.0,-0.0021649313124409153,False
final_input_token_layerwise,disclosed,k9,displayed_driver_outcome_slope,32,100.0,-0.00215891448106853,False
final_input_token_layerwise,disclosed,k9,oracle_posterior_gain,0,0.0001,0.0,False
final_input_token_layerwise,disclosed,k9,oracle_posterior_gain,1,100.0,-0.000186676873936642,False
final_input_token_layerwise,disclosed,k9,oracle_posterior_gain,2,100.0,-0.0003444199245314916,False
final_input_token_layerwise,disclosed,k9,oracle_posterior_gain,3,100.0,-0.0004724337084704433,False
final_input_token_layerwise,disclosed,k9,oracle_posterior_gain,4,100.0,-0.000642140298329652,False
final_input_token_layerwise,disclosed,k9,oracle_posterior_gain,5,100.0,-0.0004051276001267312,False
final_input_token_layerwise,disclosed,k9,oracle_posterior_gain,6,100.0,-0.0008937818975029432,False
final_input_token_layerwise,disclosed,k9,oracle_posterior_gain,7,100.0,-0.0005829281835386946,False
final_input_token_layerwise,disclosed,k9,oracle_posterior_gain,8,100.0,-0.0003087432202789897,False
final_input_token_layerwise,disclosed,k9,oracle_posterior_gain,9,3.0,0.007611262800078122,False
final_input_token_layerwise,disclosed,k9,oracle_posterior_gain,10,3.0,0.0072566828198139255,False
final_input_token_layerwise,disclosed,k9,oracle_posterior_gain,11,3.0,0.00564163381101096,False
final_input_token_layerwise,disclosed,k9,oracle_posterior_gain,12,3.0,0.009320505888357283,False
final_input_token_layerwise,disclosed,k9,oracle_posterior_gain,13,0.1,0.08989455332264337,False
final_input_token_layerwise,disclosed,k9,oracle_posterior_gain,14,0.1,0.1548642078456426,True
final_input_token_layerwise,disclosed,k9,oracle_posterior_gain,15,0.1,0.021225844518145354,False
final_input_token_layerwise,disclosed,k9,oracle_posterior_gain,16,0.1,0.11188086052966367,False
final_input_token_layerwise,disclosed,k9,oracle_posterior_gain,17,0.1,0.06157476743544363,False
final_input_token_layerwise,disclosed,k9,oracle_posterior_gain,18,3.0,0.015583250985995362,False
final_input_token_layerwise,disclosed,k9,oracle_posterior_gain,19,3.0,0.02173747620012559,False
final_input_token_layerwise,disclosed,k9,oracle_posterior_gain,20,0.1,0.048438968211246686,False
final_input_token_layerwise,disclosed,k9,oracle_posterior_gain,21,0.1,0.05905497158475301,False
final_input_token_layerwise,disclosed,k9,oracle_posterior_gain,22,0.1,0.0711340204787558,False
final_input_token_layerwise,disclosed,k9,oracle_posterior_gain,23,0.1,0.05620730015755476,False
final_input_token_layerwise,disclosed,k9,oracle_posterior_gain,24,0.1,0.0631240872909423,False
final_input_token_layerwise,disclosed,k9,oracle_posterior_gain,25,0.1,0.054316190114651275,False
final_input_token_layerwise,disclosed,k9,oracle_posterior_gain,26,0.1,0.04564819829455419,False
final_input_token_layerwise,disclosed,k9,oracle_posterior_gain,27,0.1,0.049650107310430375,False
final_input_token_layerwise,disclosed,k9,oracle_posterior_gain,28,0.1,0.08155924262327302,False
final_input_token_layerwise,disclosed,k9,oracle_posterior_gain,29,0.1,0.03835354726254803,False
final_input_token_layerwise,disclosed,k9,oracle_posterior_gain,30,0.1,0.03433652433013212,False
final_input_token_layerwise,disclosed,k9,oracle_posterior_gain,31,3.0,0.019941218142887768,False
final_input_token_layerwise,disclosed,k9,oracle_posterior_gain,32,3.0,0.022696628080583287,False
final_input_token_layerwise,disclosed,pooled,gain,0,0.0001,0.0,False
final_input_token_layerwise,disclosed,pooled,gain,1,100.0,-0.0030854892227683006,False
final_input_token_layerwise,disclosed,pooled,gain,2,100.0,-0.0038874826836492646,False
final_input_token_layerwise,disclosed,pooled,gain,3,100.0,-0.009766110183637378,False
final_input_token_layerwise,disclosed,pooled,gain,4,100.0,-0.0096871346792017,False
final_input_token_layerwise,disclosed,pooled,gain,5,100.0,-0.005752365939392805,False
final_input_token_layerwise,disclosed,pooled,gain,6,100.0,-0.0022991935837176534,False
final_input_token_layerwise,disclosed,pooled,gain,7,100.0,-0.0026293418584395767,False
final_input_token_layerwise,disclosed,pooled,gain,8,100.0,-0.004976947898441599,False
final_input_token_layerwise,disclosed,pooled,gain,9,100.0,0.001110266757688827,False
final_input_token_layerwise,disclosed,pooled,gain,10,3.0,0.033714018783485594,False
final_input_token_layerwise,disclosed,pooled,gain,11,3.0,0.01624365692577286,False
final_input_token_layerwise,disclosed,pooled,gain,12,3.0,0.00459808566207448,False
final_input_token_layerwise,disclosed,pooled,gain,13,3.0,0.06335473477835489,False
final_input_token_layerwise,disclosed,pooled,gain,14,3.0,0.06375195431974302,True
final_input_token_layerwise,disclosed,pooled,gain,15,3.0,0.009777503059312048,False
final_input_token_layerwise,disclosed,pooled,gain,16,3.0,0.034871091124973906,False
final_input_token_layerwise,disclosed,pooled,gain,17,3.0,0.01638293997530053,False
final_input_token_layerwise,disclosed,pooled,gain,18,100.0,-0.0009814461497924531,False
final_input_token_layerwise,disclosed,pooled,gain,19,3.0,0.0069164453782365465,False
final_input_token_layerwise,disclosed,pooled,gain,20,3.0,0.006191009612260647,False
final_input_token_layerwise,disclosed,pooled,gain,21,3.0,0.018307555236992994,False
final_input_token_layerwise,disclosed,pooled,gain,22,3.0,0.010470705614806203,False
final_input_token_layerwise,disclosed,pooled,gain,23,3.0,0.010531640814392673,False
final_input_token_layerwise,disclosed,pooled,gain,24,3.0,0.022197704456401596,False
final_input_token_layerwise,disclosed,pooled,gain,25,3.0,0.017948925927350395,False
final_input_token_layerwise,disclosed,pooled,gain,26,3.0,0.016937727304594096,False
final_input_token_layerwise,disclosed,pooled,gain,27,3.0,0.004086095237601571,False
final_input_token_layerwise,disclosed,pooled,gain,28,3.0,0.009591665407061967,False
final_input_token_layerwise,disclosed,pooled,gain,29,3.0,0.01790306286153549,False
final_input_token_layerwise,disclosed,pooled,gain,30,3.0,0.0024128980372899456,False
final_input_token_layerwise,disclosed,pooled,gain,31,100.0,-0.001978923591942109,False
final_input_token_layerwise,disclosed,pooled,gain,32,100.0,-0.0012373803585999377,False
final_input_token_layerwise,disclosed,pooled,response_residual,0,0.0001,-2.7755575615628914e-17,True
final_input_token_layerwise,disclosed,pooled,response_residual,1,100.0,-0.0015924084358218311,False
final_input_token_layerwise,disclosed,pooled,response_residual,2,100.0,-0.005376290596781537,False
final_input_token_layerwise,disclosed,pooled,response_residual,3,100.0,-0.010349376727677809,False
final_input_token_layerwise,disclosed,pooled,response_residual,4,100.0,-0.009256320976349245,False
final_input_token_layerwise,disclosed,pooled,response_residual,5,100.0,-0.005112729903561523,False
final_input_token_layerwise,disclosed,pooled,response_residual,6,100.0,-0.002117248306997203,False
final_input_token_layerwise,disclosed,pooled,response_residual,7,100.0,-0.0033068443392726874,False
final_input_token_layerwise,disclosed,pooled,response_residual,8,100.0,-0.006048103703573736,False
final_input_token_layerwise,disclosed,pooled,response_residual,9,100.0,-0.002007044265842426,False
final_input_token_layerwise,disclosed,pooled,response_residual,10,100.0,-0.0007653792978989012,False
final_input_token_layerwise,disclosed,pooled,response_residual,11,100.0,-0.0011171776258693718,False
final_input_token_layerwise,disclosed,pooled,response_residual,12,100.0,-0.0016667055186213957,False
final_input_token_layerwise,disclosed,pooled,response_residual,13,100.0,-0.002791490628968755,False
final_input_token_layerwise,disclosed,pooled,response_residual,14,100.0,-0.0024355880165492596,False
final_input_token_layerwise,disclosed,pooled,response_residual,15,100.0,-0.00828600585112125,False
final_input_token_layerwise,disclosed,pooled,response_residual,16,100.0,-0.003003388918948626,False
final_input_token_layerwise,disclosed,pooled,response_residual,17,100.0,-0.0027745133843713097,False
final_input_token_layerwise,disclosed,pooled,response_residual,18,100.0,-0.00734820141029377,False
final_input_token_layerwise,disclosed,pooled,response_residual,19,100.0,-0.008629454397037736,False
final_input_token_layerwise,disclosed,pooled,response_residual,20,100.0,-0.009971606902262814,False
final_input_token_layerwise,disclosed,pooled,response_residual,21,100.0,-0.00891008087607482,False
final_input_token_layerwise,disclosed,pooled,response_residual,22,100.0,-0.008500978556916783,False
final_input_token_layerwise,disclosed,pooled,response_residual,23,100.0,-0.008811520031854758,False
final_input_token_layerwise,disclosed,pooled,response_residual,24,100.0,-0.008223734571224448,False
final_input_token_layerwise,disclosed,pooled,response_residual,25,100.0,-0.008718865764151299,False
final_input_token_layerwise,disclosed,pooled,response_residual,26,100.0,-0.00866615003461943,False
final_input_token_layerwise,disclosed,pooled,response_residual,27,100.0,-0.008498565454136556,False
final_input_token_layerwise,disclosed,pooled,response_residual,28,100.0,-0.00790014122443323,False
final_input_token_layerwise,disclosed,pooled,response_residual,29,100.0,-0.006042721193733058,False
final_input_token_layerwise,disclosed,pooled,response_residual,30,100.0,-0.007161999225235888,False
final_input_token_layerwise,disclosed,pooled,response_residual,31,100.0,-0.007143970329641054,False
final_input_token_layerwise,disclosed,pooled,response_residual,32,100.0,-0.005887574624296769,False
final_input_token_layerwise,undisclosed,k3,gain,0,0.0001,0.0,False
final_input_token_layerwise,undisclosed,k3,gain,1,100.0,-0.0005706905467209311,False
final_input_token_layerwise,undisclosed,k3,gain,2,100.0,-0.00048272262790113873,False
final_input_token_layerwise,undisclosed,k3,gain,3,100.0,-0.00017971429154489682,False
final_input_token_layerwise,undisclosed,k3,gain,4,100.0,-0.0004297174497548961,False
final_input_token_layerwise,undisclosed,k3,gain,5,100.0,-0.0005569627872235305,False
final_input_token_layerwise,undisclosed,k3,gain,6,100.0,-0.000572129986153358,False
final_input_token_layerwise,undisclosed,k3,gain,7,100.0,-0.0005363636803703553,False
final_input_token_layerwise,undisclosed,k3,gain,8,100.0,-0.0009747056705918244,False
final_input_token_layerwise,undisclosed,k3,gain,9,100.0,6.553948224574668e-05,False
final_input_token_layerwise,undisclosed,k3,gain,10,100.0,-0.0001582560459799376,False
final_input_token_layerwise,undisclosed,k3,gain,11,0.1,0.04279698267702653,False
final_input_token_layerwise,undisclosed,k3,gain,12,0.1,0.07871320242420837,True
final_input_token_layerwise,undisclosed,k3,gain,13,0.1,0.07131868865119806,False
final_input_token_layerwise,undisclosed,k3,gain,14,3.0,0.02873010736808418,False
final_input_token_layerwise,undisclosed,k3,gain,15,3.0,0.004581695341259628,False
final_input_token_layerwise,undisclosed,k3,gain,16,3.0,0.00637999016327187,False
final_input_token_layerwise,undisclosed,k3,gain,17,3.0,0.014046729481843434,False
final_input_token_layerwise,undisclosed,k3,gain,18,3.0,0.020971281693672877,False
final_input_token_layerwise,undisclosed,k3,gain,19,3.0,0.016651524018526986,False
final_input_token_layerwise,undisclosed,k3,gain,20,3.0,0.013802244920721518,False
final_input_token_layerwise,undisclosed,k3,gain,21,3.0,0.005646581123598976,False
final_input_token_layerwise,undisclosed,k3,gain,22,3.0,0.003922943618477087,False
final_input_token_layerwise,undisclosed,k3,gain,23,3.0,0.0055767234801873955,False
final_input_token_layerwise,undisclosed,k3,gain,24,3.0,0.00622968014537606,False
final_input_token_layerwise,undisclosed,k3,gain,25,3.0,0.007001591825906123,False
final_input_token_layerwise,undisclosed,k3,gain,26,3.0,0.004553047865936022,False
final_input_token_layerwise,undisclosed,k3,gain,27,3.0,0.0028157735490276226,False
final_input_token_layerwise,undisclosed,k3,gain,28,3.0,0.0022625446751788625,False
final_input_token_layerwise,undisclosed,k3,gain,29,0.1,0.0052629163084144115,False
final_input_token_layerwise,undisclosed,k3,gain,30,0.1,0.0051206804344868795,False
final_input_token_layerwise,undisclosed,k3,gain,31,100.0,-0.00039377076001057,False
final_input_token_layerwise,undisclosed,k3,gain,32,0.1,0.03211390160153205,False
final_input_token_layerwise,undisclosed,k3,response_residual,0,0.0001,-2.7755575615628914e-17,False
final_input_token_layerwise,undisclosed,k3,response_residual,1,100.0,-0.0004708709918741505,False
final_input_token_layerwise,undisclosed,k3,response_residual,2,100.0,-0.00037008071781569063,False
final_input_token_layerwise,undisclosed,k3,response_residual,3,100.0,-0.00026207715311349356,False
final_input_token_layerwise,undisclosed,k3,response_residual,4,100.0,-0.0003715285940662505,False
final_input_token_layerwise,undisclosed,k3,response_residual,5,100.0,-0.0004755988771555364,False
final_input_token_layerwise,undisclosed,k3,response_residual,6,100.0,-0.00023121320254970712,False
final_input_token_layerwise,undisclosed,k3,response_residual,7,100.0,-0.0003476123788804242,False
final_input_token_layerwise,undisclosed,k3,response_residual,8,100.0,-0.0007896592278938686,False
final_input_token_layerwise,undisclosed,k3,response_residual,9,100.0,-0.0002047531981574091,False
final_input_token_layerwise,undisclosed,k3,response_residual,10,100.0,-0.0006639465945423861,False
final_input_token_layerwise,undisclosed,k3,response_residual,11,100.0,0.00024563418137873994,False
final_input_token_layerwise,undisclosed,k3,response_residual,12,100.0,0.00018705356127832196,False
final_input_token_layerwise,undisclosed,k3,response_residual,13,3.0,0.000929706645430961,False
final_input_token_layerwise,undisclosed,k3,response_residual,14,3.0,0.0076584099014865015,True
final_input_token_layerwise,undisclosed,k3,response_residual,15,100.0,0.0002467775889983814,False
final_input_token_layerwise,undisclosed,k3,response_residual,16,100.0,0.0003857379617351886,False
final_input_token_layerwise,undisclosed,k3,response_residual,17,3.0,0.0015120415129693254,False
final_input_token_layerwise,undisclosed,k3,response_residual,18,3.0,0.0033778427985975135,False
final_input_token_layerwise,undisclosed,k3,response_residual,19,100.0,0.0006244310445859824,False
final_input_token_layerwise,undisclosed,k3,response_residual,20,100.0,0.0004655420355786921,False
final_input_token_layerwise,undisclosed,k3,response_residual,21,100.0,0.00019033605002066745,False
final_input_token_layerwise,undisclosed,k3,response_residual,22,100.0,0.00013989021993671136,False
final_input_token_layerwise,undisclosed,k3,response_residual,23,100.0,0.0002452443408770544,False
final_input_token_layerwise,undisclosed,k3,response_residual,24,100.0,0.00019834515204800174,False
final_input_token_layerwise,undisclosed,k3,response_residual,25,100.0,0.00022699518273042174,False
final_input_token_layerwise,undisclosed,k3,response_residual,26,100.0,0.00018623067963058348,False
final_input_token_layerwise,undisclosed,k3,response_residual,27,100.0,0.00013060225094937983,False
final_input_token_layerwise,undisclosed,k3,response_residual,28,100.0,0.0001372150645086445,False
final_input_token_layerwise,undisclosed,k3,response_residual,29,100.0,0.0002846194974401861,False
final_input_token_layerwise,undisclosed,k3,response_residual,30,100.0,0.0002614083543827084,False
final_input_token_layerwise,undisclosed,k3,response_residual,31,100.0,0.00021284303324883846,False
final_input_token_layerwise,undisclosed,k3,response_residual,32,3.0,0.005426596209028217,False
final_input_token_layerwise,undisclosed,k3,last_target_observation,0,0.0001,-8.326672684688674e-17,False
final_input_token_layerwise,undisclosed,k3,last_target_observation,1,0.1,0.22319172880766727,False
final_input_token_layerwise,undisclosed,k3,last_target_observation,2,0.1,0.11260126613046872,False
final_input_token_layerwise,undisclosed,k3,last_target_observation,3,0.1,0.080809266301473,False
final_input_token_layerwise,undisclosed,k3,last_target_observation,4,0.1,0.061318546545673536,False
final_input_token_layerwise,undisclosed,k3,last_target_observation,5,0.1,0.06156374718950436,False
final_input_token_layerwise,undisclosed,k3,last_target_observation,6,0.1,0.0452237638376867,False
final_input_token_layerwise,undisclosed,k3,last_target_observation,7,0.1,0.1195345556491795,False
final_input_token_layerwise,undisclosed,k3,last_target_observation,8,0.1,0.14613492367798475,False
final_input_token_layerwise,undisclosed,k3,last_target_observation,9,0.1,0.3035887084893039,False
final_input_token_layerwise,undisclosed,k3,last_target_observation,10,0.1,0.31850947168823773,False
final_input_token_layerwise,undisclosed,k3,last_target_observation,11,0.1,0.32246890191885524,True
final_input_token_layerwise,undisclosed,k3,last_target_observation,12,0.1,0.2649388898667906,False
final_input_token_layerwise,undisclosed,k3,last_target_observation,13,0.1,0.23210011160662425,False
final_input_token_layerwise,undisclosed,k3,last_target_observation,14,0.1,0.17305734461026523,False
final_input_token_layerwise,undisclosed,k3,last_target_observation,15,0.1,0.15642309266420557,False
final_input_token_layerwise,undisclosed,k3,last_target_observation,16,3.0,0.14490626969482673,False
final_input_token_layerwise,undisclosed,k3,last_target_observation,17,3.0,0.11329479701737194,False
final_input_token_layerwise,undisclosed,k3,last_target_observation,18,3.0,0.10679774289912411,False
final_input_token_layerwise,undisclosed,k3,last_target_observation,19,3.0,0.09622429976004515,False
final_input_token_layerwise,undisclosed,k3,last_target_observation,20,3.0,0.0951399915853641,False
final_input_token_layerwise,undisclosed,k3,last_target_observation,21,3.0,0.09229745177243087,False
final_input_token_layerwise,undisclosed,k3,last_target_observation,22,3.0,0.08105068317500294,False
final_input_token_layerwise,undisclosed,k3,last_target_observation,23,3.0,0.07548993918323779,False
final_input_token_layerwise,undisclosed,k3,last_target_observation,24,3.0,0.07329801212387099,False
final_input_token_layerwise,undisclosed,k3,last_target_observation,25,3.0,0.06486382251175418,False
final_input_token_layerwise,undisclosed,k3,last_target_observation,26,3.0,0.06660818551790171,False
final_input_token_layerwise,undisclosed,k3,last_target_observation,27,3.0,0.06412768475025862,False
final_input_token_layerwise,undisclosed,k3,last_target_observation,28,3.0,0.05850159982716158,False
final_input_token_layerwise,undisclosed,k3,last_target_observation,29,3.0,0.050485023929760675,False
final_input_token_layerwise,undisclosed,k3,last_target_observation,30,3.0,0.04906001396394008,False
final_input_token_layerwise,undisclosed,k3,last_target_observation,31,3.0,0.04405818237892031,False
final_input_token_layerwise,undisclosed,k3,last_target_observation,32,3.0,0.03989907225909667,False
final_input_token_layerwise,undisclosed,k3,target_observation_mean,0,0.0001,5.551115123125783e-17,False
final_input_token_layerwise,undisclosed,k3,target_observation_mean,1,3.0,0.1472360680008661,False
final_input_token_layerwise,undisclosed,k3,target_observation_mean,2,3.0,0.09553498266302601,False
final_input_token_layerwise,undisclosed,k3,target_observation_mean,3,3.0,0.04659970766598523,False
final_input_token_layerwise,undisclosed,k3,target_observation_mean,4,3.0,0.04788603682269574,False
final_input_token_layerwise,undisclosed,k3,target_observation_mean,5,3.0,0.04372985793188561,False
final_input_token_layerwise,undisclosed,k3,target_observation_mean,6,3.0,0.03985022070752295,False
final_input_token_layerwise,undisclosed,k3,target_observation_mean,7,3.0,0.03745499511700082,False
final_input_token_layerwise,undisclosed,k3,target_observation_mean,8,0.1,0.06651408609537715,False
final_input_token_layerwise,undisclosed,k3,target_observation_mean,9,3.0,0.09876167186474677,False
final_input_token_layerwise,undisclosed,k3,target_observation_mean,10,3.0,0.1033508750358568,False
final_input_token_layerwise,undisclosed,k3,target_observation_mean,11,0.1,0.1797098789864274,False
final_input_token_layerwise,undisclosed,k3,target_observation_mean,12,3.0,0.1618797796085164,False
final_input_token_layerwise,undisclosed,k3,target_observation_mean,13,3.0,0.1960522007116495,False
final_input_token_layerwise,undisclosed,k3,target_observation_mean,14,3.0,0.1612554583651959,False
final_input_token_layerwise,undisclosed,k3,target_observation_mean,15,3.0,0.13860818745432724,False
final_input_token_layerwise,undisclosed,k3,target_observation_mean,16,3.0,0.2359847451114242,True
final_input_token_layerwise,undisclosed,k3,target_observation_mean,17,3.0,0.19609030977969674,False
final_input_token_layerwise,undisclosed,k3,target_observation_mean,18,3.0,0.17349948143539384,False
final_input_token_layerwise,undisclosed,k3,target_observation_mean,19,3.0,0.16183473324669068,False
final_input_token_layerwise,undisclosed,k3,target_observation_mean,20,3.0,0.14978114013915955,False
final_input_token_layerwise,undisclosed,k3,target_observation_mean,21,3.0,0.14390051001583082,False
final_input_token_layerwise,undisclosed,k3,target_observation_mean,22,3.0,0.1373015277646252,False
final_input_token_layerwise,undisclosed,k3,target_observation_mean,23,3.0,0.12930448270713293,False
final_input_token_layerwise,undisclosed,k3,target_observation_mean,24,3.0,0.12406521163676945,False
final_input_token_layerwise,undisclosed,k3,target_observation_mean,25,3.0,0.11523174727157881,False
final_input_token_layerwise,undisclosed,k3,target_observation_mean,26,3.0,0.11289862873263351,False
final_input_token_layerwise,undisclosed,k3,target_observation_mean,27,3.0,0.11241370739445594,False
final_input_token_layerwise,undisclosed,k3,target_observation_mean,28,3.0,0.1070824209634964,False
final_input_token_layerwise,undisclosed,k3,target_observation_mean,29,3.0,0.0959420419351581,False
final_input_token_layerwise,undisclosed,k3,target_observation_mean,30,3.0,0.08784178152966401,False
final_input_token_layerwise,undisclosed,k3,target_observation_mean,31,3.0,0.07934641670819625,False
final_input_token_layerwise,undisclosed,k3,target_observation_mean,32,3.0,0.07747599038079639,False
final_input_token_layerwise,undisclosed,k3,target_time_slope,0,0.0001,0.0,False
final_input_token_layerwise,undisclosed,k3,target_time_slope,1,3.0,0.06243353692299691,False
final_input_token_layerwise,undisclosed,k3,target_time_slope,2,3.0,0.035691180730563404,False
final_input_token_layerwise,undisclosed,k3,target_time_slope,3,3.0,0.004855580895199524,False
final_input_token_layerwise,undisclosed,k3,target_time_slope,4,100.0,1.2204868507059707e-05,False
final_input_token_layerwise,undisclosed,k3,target_time_slope,5,3.0,0.0018634393887684286,False
final_input_token_layerwise,undisclosed,k3,target_time_slope,6,3.0,0.000892945842976417,False
final_input_token_layerwise,undisclosed,k3,target_time_slope,7,0.1,0.044753867360942945,False
final_input_token_layerwise,undisclosed,k3,target_time_slope,8,0.1,0.019635740159455434,False
final_input_token_layerwise,undisclosed,k3,target_time_slope,9,0.1,0.11911587483415353,False
final_input_token_layerwise,undisclosed,k3,target_time_slope,10,0.1,0.12485674699020327,False
final_input_token_layerwise,undisclosed,k3,target_time_slope,11,0.1,0.13529459095893626,True
final_input_token_layerwise,undisclosed,k3,target_time_slope,12,0.1,0.07575678924800194,False
final_input_token_layerwise,undisclosed,k3,target_time_slope,13,3.0,0.03902960770753755,False
final_input_token_layerwise,undisclosed,k3,target_time_slope,14,3.0,0.03734375758027331,False
final_input_token_layerwise,undisclosed,k3,target_time_slope,15,3.0,0.02639598454692807,False
final_input_token_layerwise,undisclosed,k3,target_time_slope,16,100.0,-0.000516451402373691,False
final_input_token_layerwise,undisclosed,k3,target_time_slope,17,100.0,-0.001583625769650071,False
final_input_token_layerwise,undisclosed,k3,target_time_slope,18,100.0,-0.001613023699063243,False
final_input_token_layerwise,undisclosed,k3,target_time_slope,19,100.0,-0.0014524876776655926,False
final_input_token_layerwise,undisclosed,k3,target_time_slope,20,100.0,-0.0015905861728343074,False
final_input_token_layerwise,undisclosed,k3,target_time_slope,21,100.0,-0.0018192513729374804,False
final_input_token_layerwise,undisclosed,k3,target_time_slope,22,100.0,-0.002145043280696368,False
final_input_token_layerwise,undisclosed,k3,target_time_slope,23,100.0,-0.002452364445879207,False
final_input_token_layerwise,undisclosed,k3,target_time_slope,24,100.0,-0.002395940902319149,False
final_input_token_layerwise,undisclosed,k3,target_time_slope,25,100.0,-0.0024018716107707117,False
final_input_token_layerwise,undisclosed,k3,target_time_slope,26,100.0,-0.0021837434411050016,False
final_input_token_layerwise,undisclosed,k3,target_time_slope,27,100.0,-0.002000037000093269,False
final_input_token_layerwise,undisclosed,k3,target_time_slope,28,100.0,-0.0018535064070224205,False
final_input_token_layerwise,undisclosed,k3,target_time_slope,29,100.0,-0.0012150065671384103,False
final_input_token_layerwise,undisclosed,k3,target_time_slope,30,100.0,-0.0010574560414318979,False
final_input_token_layerwise,undisclosed,k3,target_time_slope,31,100.0,-0.00096301462435322,False
final_input_token_layerwise,undisclosed,k3,target_time_slope,32,3.0,-0.0005595419076477037,False
final_input_token_layerwise,undisclosed,k3,displayed_driver_outcome_slope,0,0.0001,5.551115123125783e-17,False
final_input_token_layerwise,undisclosed,k3,displayed_driver_outcome_slope,1,100.0,-0.00011703884535391174,False
final_input_token_layerwise,undisclosed,k3,displayed_driver_outcome_slope,2,100.0,-0.00023553989761604388,False
final_input_token_layerwise,undisclosed,k3,displayed_driver_outcome_slope,3,100.0,0.00021429742003903351,False
final_input_token_layerwise,undisclosed,k3,displayed_driver_outcome_slope,4,3.0,0.013279210196445429,False
final_input_token_layerwise,undisclosed,k3,displayed_driver_outcome_slope,5,3.0,0.008328249559736378,False
final_input_token_layerwise,undisclosed,k3,displayed_driver_outcome_slope,6,3.0,0.00164791215230356,False
final_input_token_layerwise,undisclosed,k3,displayed_driver_outcome_slope,7,100.0,-0.00024395844150790214,False
final_input_token_layerwise,undisclosed,k3,displayed_driver_outcome_slope,8,100.0,-0.0011499319107435013,False
final_input_token_layerwise,undisclosed,k3,displayed_driver_outcome_slope,9,100.0,-0.0004941025161553647,False
final_input_token_layerwise,undisclosed,k3,displayed_driver_outcome_slope,10,100.0,-0.0006387485452988284,False
final_input_token_layerwise,undisclosed,k3,displayed_driver_outcome_slope,11,3.0,0.0005078158901214436,False
final_input_token_layerwise,undisclosed,k3,displayed_driver_outcome_slope,12,100.0,0.00044746391872391156,False
final_input_token_layerwise,undisclosed,k3,displayed_driver_outcome_slope,13,100.0,0.0003792657692040513,False
final_input_token_layerwise,undisclosed,k3,displayed_driver_outcome_slope,14,100.0,0.00040392527250035504,False
final_input_token_layerwise,undisclosed,k3,displayed_driver_outcome_slope,15,3.0,0.008647285673428956,False
final_input_token_layerwise,undisclosed,k3,displayed_driver_outcome_slope,16,100.0,0.0011126165293748602,False
final_input_token_layerwise,undisclosed,k3,displayed_driver_outcome_slope,17,100.0,0.0006235129212400214,False
final_input_token_layerwise,undisclosed,k3,displayed_driver_outcome_slope,18,3.0,0.012022780389352283,False
final_input_token_layerwise,undisclosed,k3,displayed_driver_outcome_slope,19,3.0,0.014976598559334253,False
final_input_token_layerwise,undisclosed,k3,displayed_driver_outcome_slope,20,3.0,0.013718969846747225,False
final_input_token_layerwise,undisclosed,k3,displayed_driver_outcome_slope,21,3.0,0.015762408842579456,True
final_input_token_layerwise,undisclosed,k3,displayed_driver_outcome_slope,22,3.0,0.00977379885991711,False
final_input_token_layerwise,undisclosed,k3,displayed_driver_outcome_slope,23,3.0,0.008897804774949558,False
final_input_token_layerwise,undisclosed,k3,displayed_driver_outcome_slope,24,3.0,0.008593377383711603,False
final_input_token_layerwise,undisclosed,k3,displayed_driver_outcome_slope,25,3.0,0.011717377109146582,False
final_input_token_layerwise,undisclosed,k3,displayed_driver_outcome_slope,26,3.0,0.010832030888426963,False
final_input_token_layerwise,undisclosed,k3,displayed_driver_outcome_slope,27,3.0,0.012095951236992253,False
final_input_token_layerwise,undisclosed,k3,displayed_driver_outcome_slope,28,3.0,0.009116118177421584,False
final_input_token_layerwise,undisclosed,k3,displayed_driver_outcome_slope,29,3.0,0.009361536675669219,False
final_input_token_layerwise,undisclosed,k3,displayed_driver_outcome_slope,30,3.0,0.012620733414310886,False
final_input_token_layerwise,undisclosed,k3,displayed_driver_outcome_slope,31,3.0,0.0077754328616032875,False
final_input_token_layerwise,undisclosed,k3,displayed_driver_outcome_slope,32,3.0,0.006803414842986133,False
final_input_token_layerwise,undisclosed,k3,oracle_posterior_gain,0,0.0001,2.7755575615628914e-17,False
final_input_token_layerwise,undisclosed,k3,oracle_posterior_gain,1,3.0,0.004427618691243335,False
final_input_token_layerwise,undisclosed,k3,oracle_posterior_gain,2,100.0,-4.232077506985399e-05,False
final_input_token_layerwise,undisclosed,k3,oracle_posterior_gain,3,100.0,-0.000267155520638801,False
final_input_token_layerwise,undisclosed,k3,oracle_posterior_gain,4,100.0,-0.000558405132488643,False
final_input_token_layerwise,undisclosed,k3,oracle_posterior_gain,5,100.0,-0.0004732640156867307,False
final_input_token_layerwise,undisclosed,k3,oracle_posterior_gain,6,100.0,-0.0004877858226510212,False
final_input_token_layerwise,undisclosed,k3,oracle_posterior_gain,7,3.0,0.0005921339647812218,False
final_input_token_layerwise,undisclosed,k3,oracle_posterior_gain,8,100.0,-8.008133116485516e-05,False
final_input_token_layerwise,undisclosed,k3,oracle_posterior_gain,9,0.1,0.08583684432962488,False
final_input_token_layerwise,undisclosed,k3,oracle_posterior_gain,10,0.1,0.024049069648431343,False
final_input_token_layerwise,undisclosed,k3,oracle_posterior_gain,11,0.1,0.07570927286608392,False
final_input_token_layerwise,undisclosed,k3,oracle_posterior_gain,12,3.0,0.009252027458408002,False
final_input_token_layerwise,undisclosed,k3,oracle_posterior_gain,13,0.1,0.1072365845594554,True
final_input_token_layerwise,undisclosed,k3,oracle_posterior_gain,14,3.0,0.035741380300218784,False
final_input_token_layerwise,undisclosed,k3,oracle_posterior_gain,15,3.0,0.03107709979063178,False
final_input_token_layerwise,undisclosed,k3,oracle_posterior_gain,16,3.0,0.07704251798336309,False
final_input_token_layerwise,undisclosed,k3,oracle_posterior_gain,17,3.0,0.06622338430047517,False
final_input_token_layerwise,undisclosed,k3,oracle_posterior_gain,18,3.0,0.059305727868720376,False
final_input_token_layerwise,undisclosed,k3,oracle_posterior_gain,19,3.0,0.051197369676429655,False
final_input_token_layerwise,undisclosed,k3,oracle_posterior_gain,20,3.0,0.043292545116860426,False
final_input_token_layerwise,undisclosed,k3,oracle_posterior_gain,21,3.0,0.040724116815054834,False
final_input_token_layerwise,undisclosed,k3,oracle_posterior_gain,22,3.0,0.0417133017990208,False
final_input_token_layerwise,undisclosed,k3,oracle_posterior_gain,23,3.0,0.036585213437620945,False
final_input_token_layerwise,undisclosed,k3,oracle_posterior_gain,24,0.1,0.050060353328876234,False
final_input_token_layerwise,undisclosed,k3,oracle_posterior_gain,25,0.1,0.0625319488840006,False
final_input_token_layerwise,undisclosed,k3,oracle_posterior_gain,26,3.0,0.03794746518811826,False
final_input_token_layerwise,undisclosed,k3,oracle_posterior_gain,27,0.1,0.09704780324110032,False
final_input_token_layerwise,undisclosed,k3,oracle_posterior_gain,28,0.1,0.09398506643898538,False
final_input_token_layerwise,undisclosed,k3,oracle_posterior_gain,29,0.1,0.08089215461948532,False
final_input_token_layerwise,undisclosed,k3,oracle_posterior_gain,30,0.1,0.0667084973468417,False
final_input_token_layerwise,undisclosed,k3,oracle_posterior_gain,31,0.1,0.039410100830952616,False
final_input_token_layerwise,undisclosed,k3,oracle_posterior_gain,32,0.1,0.07198827336814789,False
final_input_token_layerwise,undisclosed,k6,gain,0,0.0001,0.0,False
final_input_token_layerwise,undisclosed,k6,gain,1,3.0,0.00014408698319007263,False
final_input_token_layerwise,undisclosed,k6,gain,2,3.0,0.015176458620406674,False
final_input_token_layerwise,undisclosed,k6,gain,3,100.0,0.00021189888994302408,False
final_input_token_layerwise,undisclosed,k6,gain,4,100.0,-0.0002472797543466576,False
final_input_token_layerwise,undisclosed,k6,gain,5,100.0,-0.00038439340066356853,False
final_input_token_layerwise,undisclosed,k6,gain,6,100.0,-0.0005117270639420912,False
final_input_token_layerwise,undisclosed,k6,gain,7,100.0,-0.00043576660001348744,False
final_input_token_layerwise,undisclosed,k6,gain,8,100.0,-0.00035093504019606536,False
final_input_token_layerwise,undisclosed,k6,gain,9,3.0,0.014503797833449072,False
final_input_token_layerwise,undisclosed,k6,gain,10,3.0,0.012466088984961099,False
final_input_token_layerwise,undisclosed,k6,gain,11,3.0,0.012730941112933575,False
final_input_token_layerwise,undisclosed,k6,gain,12,3.0,0.013955514430607746,False
final_input_token_layerwise,undisclosed,k6,gain,13,0.1,0.036937711118868205,False
final_input_token_layerwise,undisclosed,k6,gain,14,3.0,0.027354692081374782,False
final_input_token_layerwise,undisclosed,k6,gain,15,0.1,0.07613410366086945,True
final_input_token_layerwise,undisclosed,k6,gain,16,3.0,0.0421143164358842,False
final_input_token_layerwise,undisclosed,k6,gain,17,3.0,0.03200111570638284,False
final_input_token_layerwise,undisclosed,k6,gain,18,3.0,0.03027537836922406,False
final_input_token_layerwise,undisclosed,k6,gain,19,3.0,0.02004460459324514,False
final_input_token_layerwise,undisclosed,k6,gain,20,3.0,0.013706819738037196,False
final_input_token_layerwise,undisclosed,k6,gain,21,3.0,0.012021570391616554,False
final_input_token_layerwise,undisclosed,k6,gain,22,3.0,0.012396050318201346,False
final_input_token_layerwise,undisclosed,k6,gain,23,3.0,0.009854347454143791,False
final_input_token_layerwise,undisclosed,k6,gain,24,3.0,0.009372530001195672,False
final_input_token_layerwise,undisclosed,k6,gain,25,3.0,0.009603398357050319,False
final_input_token_layerwise,undisclosed,k6,gain,26,3.0,0.011184849190677998,False
final_input_token_layerwise,undisclosed,k6,gain,27,3.0,0.013816265400819705,False
final_input_token_layerwise,undisclosed,k6,gain,28,0.1,0.015367354217234175,False
final_input_token_layerwise,undisclosed,k6,gain,29,3.0,0.014256579058480268,False
final_input_token_layerwise,undisclosed,k6,gain,30,0.1,0.019415419983890292,False
final_input_token_layerwise,undisclosed,k6,gain,31,0.1,0.014080554264921552,False
final_input_token_layerwise,undisclosed,k6,gain,32,0.1,0.06976000878305919,False
final_input_token_layerwise,undisclosed,k6,response_residual,0,0.0001,-2.7755575615628914e-17,False
final_input_token_layerwise,undisclosed,k6,response_residual,1,3.0,0.0004951418186641965,False
final_input_token_layerwise,undisclosed,k6,response_residual,2,3.0,0.010051208218234575,False
final_input_token_layerwise,undisclosed,k6,response_residual,3,100.0,0.00039632908419967583,False
final_input_token_layerwise,undisclosed,k6,response_residual,4,100.0,-0.0001278688841713227,False
final_input_token_layerwise,undisclosed,k6,response_residual,5,100.0,-0.000493573826436694,False
final_input_token_layerwise,undisclosed,k6,response_residual,6,100.0,-0.00045386754019816067,False
final_input_token_layerwise,undisclosed,k6,response_residual,7,100.0,-0.00028319515630434444,False
final_input_token_layerwise,undisclosed,k6,response_residual,8,100.0,-0.0004187717354905973,False
final_input_token_layerwise,undisclosed,k6,response_residual,9,100.0,0.00019339526309872235,False
final_input_token_layerwise,undisclosed,k6,response_residual,10,100.0,0.0004654222463439106,False
final_input_token_layerwise,undisclosed,k6,response_residual,11,100.0,0.00028127215765155755,False
final_input_token_layerwise,undisclosed,k6,response_residual,12,100.0,0.00011567651200528051,False
final_input_token_layerwise,undisclosed,k6,response_residual,13,3.0,0.006659200469662591,False
final_input_token_layerwise,undisclosed,k6,response_residual,14,3.0,0.007063314742666138,False
final_input_token_layerwise,undisclosed,k6,response_residual,15,3.0,0.02564532824837437,True
final_input_token_layerwise,undisclosed,k6,response_residual,16,3.0,0.01913263231723855,False
final_input_token_layerwise,undisclosed,k6,response_residual,17,3.0,0.013484835795895711,False
final_input_token_layerwise,undisclosed,k6,response_residual,18,3.0,0.009499907572828037,False
final_input_token_layerwise,undisclosed,k6,response_residual,19,3.0,0.00355392770499105,False
final_input_token_layerwise,undisclosed,k6,response_residual,20,100.0,0.000318970246301592,False
final_input_token_layerwise,undisclosed,k6,response_residual,21,100.0,0.00023270109474049505,False
final_input_token_layerwise,undisclosed,k6,response_residual,22,100.0,0.0002798986565072936,False
final_input_token_layerwise,undisclosed,k6,response_residual,23,100.0,0.00022356326303771268,False
final_input_token_layerwise,undisclosed,k6,response_residual,24,100.0,0.00019888825162683865,False
final_input_token_layerwise,undisclosed,k6,response_residual,25,100.0,0.00017214856228284225,False
final_input_token_layerwise,undisclosed,k6,response_residual,26,100.0,0.00026578845918784344,False
final_input_token_layerwise,undisclosed,k6,response_residual,27,3.0,0.0016085914760965159,False
final_input_token_layerwise,undisclosed,k6,response_residual,28,3.0,0.0006098248567723841,False
final_input_token_layerwise,undisclosed,k6,response_residual,29,3.0,0.005002833861782657,False
final_input_token_layerwise,undisclosed,k6,response_residual,30,3.0,0.006946761990369227,False
final_input_token_layerwise,undisclosed,k6,response_residual,31,3.0,0.008021753132165604,False
final_input_token_layerwise,undisclosed,k6,response_residual,32,3.0,0.017099451291813977,False
final_input_token_layerwise,undisclosed,k6,last_target_observation,0,0.0001,-2.7755575615628914e-17,False
final_input_token_layerwise,undisclosed,k6,last_target_observation,1,0.1,0.04523331404663711,False
final_input_token_layerwise,undisclosed,k6,last_target_observation,2,3.0,0.0199990556430783,False
final_input_token_layerwise,undisclosed,k6,last_target_observation,3,0.1,0.05876274499470177,False
final_input_token_layerwise,undisclosed,k6,last_target_observation,4,0.1,0.06977502945988959,False
final_input_token_layerwise,undisclosed,k6,last_target_observation,5,3.0,0.012735379897622495,False
final_input_token_layerwise,undisclosed,k6,last_target_observation,6,3.0,0.005753324901641099,False
final_input_token_layerwise,undisclosed,k6,last_target_observation,7,3.0,0.0008603714063655787,False
final_input_token_layerwise,undisclosed,k6,last_target_observation,8,3.0,0.006451169651649519,False
final_input_token_layerwise,undisclosed,k6,last_target_observation,9,0.1,0.19921035946007276,True
final_input_token_layerwise,undisclosed,k6,last_target_observation,10,0.1,0.14004583914154106,False
final_input_token_layerwise,undisclosed,k6,last_target_observation,11,0.1,0.10161318367661554,False
final_input_token_layerwise,undisclosed,k6,last_target_observation,12,0.1,0.10985310106247922,False
final_input_token_layerwise,undisclosed,k6,last_target_observation,13,0.1,0.06889247422125414,False
final_input_token_layerwise,undisclosed,k6,last_target_observation,14,0.1,0.13326588461177144,False
final_input_token_layerwise,undisclosed,k6,last_target_observation,15,0.1,0.17040548072007886,False
final_input_token_layerwise,undisclosed,k6,last_target_observation,16,3.0,0.06477628822424969,False
final_input_token_layerwise,undisclosed,k6,last_target_observation,17,3.0,0.03743860890453918,False
final_input_token_layerwise,undisclosed,k6,last_target_observation,18,3.0,0.020836191468214693,False
final_input_token_layerwise,undisclosed,k6,last_target_observation,19,3.0,0.008690853431458478,False
final_input_token_layerwise,undisclosed,k6,last_target_observation,20,3.0,0.0063970342999465635,False
final_input_token_layerwise,undisclosed,k6,last_target_observation,21,3.0,0.0029372222245700463,False
final_input_token_layerwise,undisclosed,k6,last_target_observation,22,3.0,0.005931071295338652,False
final_input_token_layerwise,undisclosed,k6,last_target_observation,23,3.0,0.00716530681084937,False
final_input_token_layerwise,undisclosed,k6,last_target_observation,24,3.0,0.003840290972891486,False
final_input_token_layerwise,undisclosed,k6,last_target_observation,25,3.0,0.0026431001712758084,False
final_input_token_layerwise,undisclosed,k6,last_target_observation,26,3.0,0.008700912138581096,False
final_input_token_layerwise,undisclosed,k6,last_target_observation,27,3.0,0.0044921241194989525,False
final_input_token_layerwise,undisclosed,k6,last_target_observation,28,3.0,0.00297489278501048,False
final_input_token_layerwise,undisclosed,k6,last_target_observation,29,3.0,0.005401172295883078,False
final_input_token_layerwise,undisclosed,k6,last_target_observation,30,3.0,0.005735474112853023,False
final_input_token_layerwise,undisclosed,k6,last_target_observation,31,3.0,0.006252799817632049,False
final_input_token_layerwise,undisclosed,k6,last_target_observation,32,3.0,0.0020665180426631957,False
final_input_token_layerwise,undisclosed,k6,target_observation_mean,0,0.0001,2.7755575615628914e-17,False
final_input_token_layerwise,undisclosed,k6,target_observation_mean,1,0.1,0.05345828529044375,False
final_input_token_layerwise,undisclosed,k6,target_observation_mean,2,3.0,0.015601046344470404,False
final_input_token_layerwise,undisclosed,k6,target_observation_mean,3,3.0,0.032244589719866795,False
final_input_token_layerwise,undisclosed,k6,target_observation_mean,4,3.0,0.02689808372255248,False
final_input_token_layerwise,undisclosed,k6,target_observation_mean,5,3.0,0.013290135868441244,False
final_input_token_layerwise,undisclosed,k6,target_observation_mean,6,3.0,0.002548140541845878,False
final_input_token_layerwise,undisclosed,k6,target_observation_mean,7,0.1,0.040898010768996074,False
final_input_token_layerwise,undisclosed,k6,target_observation_mean,8,0.1,0.14904427943265644,False
final_input_token_layerwise,undisclosed,k6,target_observation_mean,9,0.1,0.1980206754510173,True
final_input_token_layerwise,undisclosed,k6,target_observation_mean,10,0.1,0.09806922258742634,False
final_input_token_layerwise,undisclosed,k6,target_observation_mean,11,0.1,0.19688095915889406,False
final_input_token_layerwise,undisclosed,k6,target_observation_mean,12,0.1,0.11714641462797687,False
final_input_token_layerwise,undisclosed,k6,target_observation_mean,13,0.1,0.10300827619067188,False
final_input_token_layerwise,undisclosed,k6,target_observation_mean,14,3.0,0.04023204736806388,False
final_input_token_layerwise,undisclosed,k6,target_observation_mean,15,3.0,0.029661585185883715,False
final_input_token_layerwise,undisclosed,k6,target_observation_mean,16,3.0,0.10060704410267671,False
final_input_token_layerwise,undisclosed,k6,target_observation_mean,17,3.0,0.08554395566549089,False
final_input_token_layerwise,undisclosed,k6,target_observation_mean,18,3.0,0.06910424323061623,False
final_input_token_layerwise,undisclosed,k6,target_observation_mean,19,3.0,0.06649106007804303,False
final_input_token_layerwise,undisclosed,k6,target_observation_mean,20,3.0,0.06537009995565213,False
final_input_token_layerwise,undisclosed,k6,target_observation_mean,21,3.0,0.05268795515178765,False
final_input_token_layerwise,undisclosed,k6,target_observation_mean,22,3.0,0.052014393061492414,False
final_input_token_layerwise,undisclosed,k6,target_observation_mean,23,3.0,0.05680861274784743,False
final_input_token_layerwise,undisclosed,k6,target_observation_mean,24,3.0,0.057000217509017514,False
final_input_token_layerwise,undisclosed,k6,target_observation_mean,25,3.0,0.05532307535199002,False
final_input_token_layerwise,undisclosed,k6,target_observation_mean,26,3.0,0.04608060499089345,False
final_input_token_layerwise,undisclosed,k6,target_observation_mean,27,3.0,0.04349853616494695,False
final_input_token_layerwise,undisclosed,k6,target_observation_mean,28,3.0,0.044669769919111396,False
final_input_token_layerwise,undisclosed,k6,target_observation_mean,29,3.0,0.03970764516233197,False
final_input_token_layerwise,undisclosed,k6,target_observation_mean,30,3.0,0.03721060762716677,False
final_input_token_layerwise,undisclosed,k6,target_observation_mean,31,3.0,0.02606718956032053,False
final_input_token_layerwise,undisclosed,k6,target_observation_mean,32,3.0,0.03184720760607951,False
final_input_token_layerwise,undisclosed,k6,target_time_slope,0,0.0001,0.0,False
final_input_token_layerwise,undisclosed,k6,target_time_slope,1,3.0,0.02707988930043001,False
final_input_token_layerwise,undisclosed,k6,target_time_slope,2,3.0,0.007628730927799865,False
final_input_token_layerwise,undisclosed,k6,target_time_slope,3,3.0,0.013212379384254042,False
final_input_token_layerwise,undisclosed,k6,target_time_slope,4,3.0,0.008635338107895518,False
final_input_token_layerwise,undisclosed,k6,target_time_slope,5,100.0,-0.00017770447494319663,False
final_input_token_layerwise,undisclosed,k6,target_time_slope,6,100.0,-0.00020186446911718559,False
final_input_token_layerwise,undisclosed,k6,target_time_slope,7,100.0,-0.0006860026863663438,False
final_input_token_layerwise,undisclosed,k6,target_time_slope,8,100.0,-0.0007580291531503747,False
final_input_token_layerwise,undisclosed,k6,target_time_slope,9,3.0,0.011031616589907839,False
final_input_token_layerwise,undisclosed,k6,target_time_slope,10,0.1,0.020356270673865307,False
final_input_token_layerwise,undisclosed,k6,target_time_slope,11,0.1,0.039536706336030625,False
final_input_token_layerwise,undisclosed,k6,target_time_slope,12,3.0,0.02016110711014593,False
final_input_token_layerwise,undisclosed,k6,target_time_slope,13,3.0,0.01898543574706399,False
final_input_token_layerwise,undisclosed,k6,target_time_slope,14,0.1,0.1439085840705923,True
final_input_token_layerwise,undisclosed,k6,target_time_slope,15,0.1,0.1272346972218628,False
final_input_token_layerwise,undisclosed,k6,target_time_slope,16,0.1,0.05895795409020063,False
final_input_token_layerwise,undisclosed,k6,target_time_slope,17,0.1,0.06257099028307037,False
final_input_token_layerwise,undisclosed,k6,target_time_slope,18,0.1,0.07995255758182701,False
final_input_token_layerwise,undisclosed,k6,target_time_slope,19,0.1,0.053846127361286744,False
final_input_token_layerwise,undisclosed,k6,target_time_slope,20,0.1,0.01973996651639548,False
final_input_token_layerwise,undisclosed,k6,target_time_slope,21,0.1,0.013909116142465733,False
final_input_token_layerwise,undisclosed,k6,target_time_slope,22,0.1,0.05709717637741965,False
final_input_token_layerwise,undisclosed,k6,target_time_slope,23,0.1,0.03253277923893155,False
final_input_token_layerwise,undisclosed,k6,target_time_slope,24,0.1,0.02821303767381622,False
final_input_token_layerwise,undisclosed,k6,target_time_slope,25,0.1,0.028063168031777774,False
final_input_token_layerwise,undisclosed,k6,target_time_slope,26,0.1,0.025119102821231254,False
final_input_token_layerwise,undisclosed,k6,target_time_slope,27,0.1,0.03225367277635721,False
final_input_token_layerwise,undisclosed,k6,target_time_slope,28,3.0,0.005637686788862728,False
final_input_token_layerwise,undisclosed,k6,target_time_slope,29,0.1,0.03602384276635848,False
final_input_token_layerwise,undisclosed,k6,target_time_slope,30,3.0,0.010449155948251299,False
final_input_token_layerwise,undisclosed,k6,target_time_slope,31,0.1,0.0758822245566666,False
final_input_token_layerwise,undisclosed,k6,target_time_slope,32,0.1,0.02497599726166852,False
final_input_token_layerwise,undisclosed,k6,displayed_driver_outcome_slope,0,0.0001,-5.551115123125783e-17,False
final_input_token_layerwise,undisclosed,k6,displayed_driver_outcome_slope,1,100.0,-0.0004399102821694145,False
final_input_token_layerwise,undisclosed,k6,displayed_driver_outcome_slope,2,100.0,-0.000881832878028399,False
final_input_token_layerwise,undisclosed,k6,displayed_driver_outcome_slope,3,100.0,0.00042583002286378235,False
final_input_token_layerwise,undisclosed,k6,displayed_driver_outcome_slope,4,100.0,0.0006132162532154761,False
final_input_token_layerwise,undisclosed,k6,displayed_driver_outcome_slope,5,3.0,0.0020058308784547674,False
final_input_token_layerwise,undisclosed,k6,displayed_driver_outcome_slope,6,100.0,0.00032977781428913944,False
final_input_token_layerwise,undisclosed,k6,displayed_driver_outcome_slope,7,3.0,0.008229522995584576,False
final_input_token_layerwise,undisclosed,k6,displayed_driver_outcome_slope,8,3.0,0.02208122219886474,True
final_input_token_layerwise,undisclosed,k6,displayed_driver_outcome_slope,9,100.0,0.0004963443951745972,False
final_input_token_layerwise,undisclosed,k6,displayed_driver_outcome_slope,10,100.0,0.0005339790276660261,False
final_input_token_layerwise,undisclosed,k6,displayed_driver_outcome_slope,11,3.0,0.009553491824923405,False
final_input_token_layerwise,undisclosed,k6,displayed_driver_outcome_slope,12,3.0,0.012121083913712416,False
final_input_token_layerwise,undisclosed,k6,displayed_driver_outcome_slope,13,3.0,0.015578881144997697,False
final_input_token_layerwise,undisclosed,k6,displayed_driver_outcome_slope,14,3.0,0.004376903661983178,False
final_input_token_layerwise,undisclosed,k6,displayed_driver_outcome_slope,15,3.0,0.011978214136088516,False
final_input_token_layerwise,undisclosed,k6,displayed_driver_outcome_slope,16,3.0,0.011351491681966724,False
final_input_token_layerwise,undisclosed,k6,displayed_driver_outcome_slope,17,3.0,0.0014764701204989794,False
final_input_token_layerwise,undisclosed,k6,displayed_driver_outcome_slope,18,100.0,-0.0007688914215450426,False
final_input_token_layerwise,undisclosed,k6,displayed_driver_outcome_slope,19,100.0,-0.0011626486806919911,False
final_input_token_layerwise,undisclosed,k6,displayed_driver_outcome_slope,20,100.0,-0.0009856771133455178,False
final_input_token_layerwise,undisclosed,k6,displayed_driver_outcome_slope,21,100.0,-0.0013030277349009578,False
final_input_token_layerwise,undisclosed,k6,displayed_driver_outcome_slope,22,100.0,-0.0013718222094874777,False
final_input_token_layerwise,undisclosed,k6,displayed_driver_outcome_slope,23,100.0,-0.0013055799804301826,False
final_input_token_layerwise,undisclosed,k6,displayed_driver_outcome_slope,24,100.0,-0.0014499768808063918,False
final_input_token_layerwise,undisclosed,k6,displayed_driver_outcome_slope,25,100.0,-0.001397795174053612,False
final_input_token_layerwise,undisclosed,k6,displayed_driver_outcome_slope,26,100.0,-0.0013419062725448794,False
final_input_token_layerwise,undisclosed,k6,displayed_driver_outcome_slope,27,100.0,-0.0013146656203238405,False
final_input_token_layerwise,undisclosed,k6,displayed_driver_outcome_slope,28,100.0,-0.0009103683351850411,False
final_input_token_layerwise,undisclosed,k6,displayed_driver_outcome_slope,29,100.0,-0.000995285380668176,False
final_input_token_layerwise,undisclosed,k6,displayed_driver_outcome_slope,30,100.0,-0.0009019456693314665,False
final_input_token_layerwise,undisclosed,k6,displayed_driver_outcome_slope,31,100.0,-0.0006358257280874857,False
final_input_token_layerwise,undisclosed,k6,displayed_driver_outcome_slope,32,100.0,-0.0005462811143960578,False
final_input_token_layerwise,undisclosed,k6,oracle_posterior_gain,0,0.0001,-5.551115123125783e-17,False
final_input_token_layerwise,undisclosed,k6,oracle_posterior_gain,1,100.0,-6.215397848496895e-05,False
final_input_token_layerwise,undisclosed,k6,oracle_posterior_gain,2,100.0,-1.6044832576112e-05,False
final_input_token_layerwise,undisclosed,k6,oracle_posterior_gain,3,100.0,-0.0005192281299891133,False
final_input_token_layerwise,undisclosed,k6,oracle_posterior_gain,4,100.0,-0.0008006658755268514,False
final_input_token_layerwise,undisclosed,k6,oracle_posterior_gain,5,100.0,-0.0004445008094850489,False
final_input_token_layerwise,undisclosed,k6,oracle_posterior_gain,6,100.0,-0.0005498127063787717,False
final_input_token_layerwise,undisclosed,k6,oracle_posterior_gain,7,100.0,-0.0004932582268478147,False
final_input_token_layerwise,undisclosed,k6,oracle_posterior_gain,8,100.0,-0.00035515163281685247,False
final_input_token_layerwise,undisclosed,k6,oracle_posterior_gain,9,0.1,0.06619557899467285,True
final_input_token_layerwise,undisclosed,k6,oracle_posterior_gain,10,0.1,0.05073675153154247,False
final_input_token_layerwise,undisclosed,k6,oracle_posterior_gain,11,3.0,0.016348325906381134,False
final_input_token_layerwise,undisclosed,k6,oracle_posterior_gain,12,100.0,-0.00020401337225139926,False
final_input_token_layerwise,undisclosed,k6,oracle_posterior_gain,13,3.0,0.0033221835188243787,False
final_input_token_layerwise,undisclosed,k6,oracle_posterior_gain,14,3.0,0.015109078103431373,False
final_input_token_layerwise,undisclosed,k6,oracle_posterior_gain,15,3.0,0.03456346421013545,False
final_input_token_layerwise,undisclosed,k6,oracle_posterior_gain,16,3.0,0.050229989547106946,False
final_input_token_layerwise,undisclosed,k6,oracle_posterior_gain,17,3.0,0.03933065643313022,False
final_input_token_layerwise,undisclosed,k6,oracle_posterior_gain,18,3.0,0.04285557623145314,False
final_input_token_layerwise,undisclosed,k6,oracle_posterior_gain,19,3.0,0.026787053518328274,False
final_input_token_layerwise,undisclosed,k6,oracle_posterior_gain,20,3.0,0.019231275476555787,False
final_input_token_layerwise,undisclosed,k6,oracle_posterior_gain,21,3.0,0.016038890403934275,False
final_input_token_layerwise,undisclosed,k6,oracle_posterior_gain,22,3.0,0.017345396260573798,False
final_input_token_layerwise,undisclosed,k6,oracle_posterior_gain,23,3.0,0.010415182871247375,False
final_input_token_layerwise,undisclosed,k6,oracle_posterior_gain,24,3.0,0.01781318631376319,False
final_input_token_layerwise,undisclosed,k6,oracle_posterior_gain,25,3.0,0.015599452041647754,False
final_input_token_layerwise,undisclosed,k6,oracle_posterior_gain,26,3.0,0.015343304837464489,False
final_input_token_layerwise,undisclosed,k6,oracle_posterior_gain,27,3.0,0.018020842759134348,False
final_input_token_layerwise,undisclosed,k6,oracle_posterior_gain,28,3.0,0.013050882429522237,False
final_input_token_layerwise,undisclosed,k6,oracle_posterior_gain,29,3.0,0.015118381368318307,False
final_input_token_layerwise,undisclosed,k6,oracle_posterior_gain,30,3.0,0.01659921820200294,False
final_input_token_layerwise,undisclosed,k6,oracle_posterior_gain,31,3.0,0.010632508566927518,False
final_input_token_layerwise,undisclosed,k6,oracle_posterior_gain,32,3.0,0.014801129328592094,False
final_input_token_layerwise,undisclosed,k9,gain,0,0.0001,0.0,False
final_input_token_layerwise,undisclosed,k9,gain,1,100.0,-8.862945899787422e-05,False
final_input_token_layerwise,undisclosed,k9,gain,2,0.1,0.009260959793378487,False
final_input_token_layerwise,undisclosed,k9,gain,3,100.0,-0.00032218228847394337,False
final_input_token_layerwise,undisclosed,k9,gain,4,100.0,-0.00014364849116282885,False
final_input_token_layerwise,undisclosed,k9,gain,5,100.0,-0.00036322830740662115,False
final_input_token_layerwise,undisclosed,k9,gain,6,100.0,-0.00028321431411426623,False
final_input_token_layerwise,undisclosed,k9,gain,7,100.0,-0.00032226848355737525,False
final_input_token_layerwise,undisclosed,k9,gain,8,100.0,-0.0006894658272032783,False
final_input_token_layerwise,undisclosed,k9,gain,9,3.0,0.021880434674431404,False
final_input_token_layerwise,undisclosed,k9,gain,10,3.0,0.02224047337948057,False
final_input_token_layerwise,undisclosed,k9,gain,11,0.1,0.044248013109252915,False
final_input_token_layerwise,undisclosed,k9,gain,12,3.0,0.006363768446349394,False
final_input_token_layerwise,undisclosed,k9,gain,13,3.0,0.009787061399384206,False
final_input_token_layerwise,undisclosed,k9,gain,14,0.1,0.03724871816682984,False
final_input_token_layerwise,undisclosed,k9,gain,15,0.1,0.09473509152241621,True
final_input_token_layerwise,undisclosed,k9,gain,16,0.1,0.047364339256683013,False
final_input_token_layerwise,undisclosed,k9,gain,17,0.1,0.05052097185745258,False
final_input_token_layerwise,undisclosed,k9,gain,18,3.0,0.015970768477910957,False
final_input_token_layerwise,undisclosed,k9,gain,19,3.0,0.006425747427292211,False
final_input_token_layerwise,undisclosed,k9,gain,20,3.0,0.008685894196787003,False
final_input_token_layerwise,undisclosed,k9,gain,21,3.0,0.0034716631552810517,False
final_input_token_layerwise,undisclosed,k9,gain,22,3.0,0.008801058788507399,False
final_input_token_layerwise,undisclosed,k9,gain,23,3.0,0.005186038943595289,False
final_input_token_layerwise,undisclosed,k9,gain,24,3.0,0.005980584744051609,False
final_input_token_layerwise,undisclosed,k9,gain,25,0.1,0.006595038889681826,False
final_input_token_layerwise,undisclosed,k9,gain,26,3.0,0.0021356252520404184,False
final_input_token_layerwise,undisclosed,k9,gain,27,3.0,-4.048132542341931e-05,False
final_input_token_layerwise,undisclosed,k9,gain,28,100.0,-0.00015856474725278735,False
final_input_token_layerwise,undisclosed,k9,gain,29,100.0,8.166750530139155e-05,False
final_input_token_layerwise,undisclosed,k9,gain,30,3.0,0.0036638264810095467,False
final_input_token_layerwise,undisclosed,k9,gain,31,100.0,2.22070114349604e-05,False
final_input_token_layerwise,undisclosed,k9,gain,32,0.1,0.027902892632102688,False
final_input_token_layerwise,undisclosed,k9,response_residual,0,0.0001,-2.7755575615628914e-17,False
final_input_token_layerwise,undisclosed,k9,response_residual,1,100.0,-2.4325671704295004e-05,False
final_input_token_layerwise,undisclosed,k9,response_residual,2,3.0,0.0033020438462238733,False
final_input_token_layerwise,undisclosed,k9,response_residual,3,100.0,-0.00045165025975607564,False
final_input_token_layerwise,undisclosed,k9,response_residual,4,100.0,-0.00019414639323012128,False
final_input_token_layerwise,undisclosed,k9,response_residual,5,100.0,-0.00035335886043047493,False
final_input_token_layerwise,undisclosed,k9,response_residual,6,100.0,-0.0002754161756165219,False
final_input_token_layerwise,undisclosed,k9,response_residual,7,100.0,-0.0003287077752093248,False
final_input_token_layerwise,undisclosed,k9,response_residual,8,100.0,-0.0008416557109727496,False
final_input_token_layerwise,undisclosed,k9,response_residual,9,100.0,0.000561264782288684,False
final_input_token_layerwise,undisclosed,k9,response_residual,10,3.0,0.004982134131564592,False
final_input_token_layerwise,undisclosed,k9,response_residual,11,3.0,0.008655796854418446,False
final_input_token_layerwise,undisclosed,k9,response_residual,12,100.0,-0.00013660883633373477,False
final_input_token_layerwise,undisclosed,k9,response_residual,13,100.0,0.0003360923894951684,False
final_input_token_layerwise,undisclosed,k9,response_residual,14,3.0,0.0014668633067622117,False
final_input_token_layerwise,undisclosed,k9,response_residual,15,3.0,0.01316536696406001,True
final_input_token_layerwise,undisclosed,k9,response_residual,16,3.0,0.010162416120955198,False
final_input_token_layerwise,undisclosed,k9,response_residual,17,3.0,0.0036661133475251184,False
final_input_token_layerwise,undisclosed,k9,response_residual,18,100.0,-0.0002616550672848439,False
final_input_token_layerwise,undisclosed,k9,response_residual,19,100.0,-0.000599888601452242,False
final_input_token_layerwise,undisclosed,k9,response_residual,20,100.0,-0.00033670330527169057,False
final_input_token_layerwise,undisclosed,k9,response_residual,21,100.0,-0.0005820213748259639,False
final_input_token_layerwise,undisclosed,k9,response_residual,22,3.0,-5.629182742492023e-05,False
final_input_token_layerwise,undisclosed,k9,response_residual,23,100.0,-0.0005450681187255391,False
final_input_token_layerwise,undisclosed,k9,response_residual,24,100.0,-0.0002910998359109962,False
final_input_token_layerwise,undisclosed,k9,response_residual,25,100.0,-0.0005861889390080532,False
final_input_token_layerwise,undisclosed,k9,response_residual,26,100.0,-0.0004863469107642404,False
final_input_token_layerwise,undisclosed,k9,response_residual,27,100.0,-0.0005068199967406262,False
final_input_token_layerwise,undisclosed,k9,response_residual,28,100.0,-0.0005548627168610043,False
final_input_token_layerwise,undisclosed,k9,response_residual,29,100.0,-0.00017523450657741524,False
final_input_token_layerwise,undisclosed,k9,response_residual,30,100.0,-6.176950976574669e-05,False
final_input_token_layerwise,undisclosed,k9,response_residual,31,100.0,-0.00020304365803253122,False
final_input_token_layerwise,undisclosed,k9,response_residual,32,3.0,0.001597523204194512,False
final_input_token_layerwise,undisclosed,k9,last_target_observation,0,0.0001,1.3877787807814457e-16,False
final_input_token_layerwise,undisclosed,k9,last_target_observation,1,3.0,0.009082544032845113,False
final_input_token_layerwise,undisclosed,k9,last_target_observation,2,0.1,0.04632613535717528,False
final_input_token_layerwise,undisclosed,k9,last_target_observation,3,3.0,0.049279560642328024,True
final_input_token_layerwise,undisclosed,k9,last_target_observation,4,3.0,0.042183815943224456,False
final_input_token_layerwise,undisclosed,k9,last_target_observation,5,3.0,0.03094015414774698,False
final_input_token_layerwise,undisclosed,k9,last_target_observation,6,3.0,0.013708291377093118,False
final_input_token_layerwise,undisclosed,k9,last_target_observation,7,3.0,0.023248168041457018,False
final_input_token_layerwise,undisclosed,k9,last_target_observation,8,3.0,0.017290575553028903,False
final_input_token_layerwise,undisclosed,k9,last_target_observation,9,3.0,0.04121123479917063,False
final_input_token_layerwise,undisclosed,k9,last_target_observation,10,3.0,0.03286177665654416,False
final_input_token_layerwise,undisclosed,k9,last_target_observation,11,3.0,0.046420473914447785,False
final_input_token_layerwise,undisclosed,k9,last_target_observation,12,3.0,0.03930821621692332,False
final_input_token_layerwise,undisclosed,k9,last_target_observation,13,3.0,0.019986202403642045,False
final_input_token_layerwise,undisclosed,k9,last_target_observation,14,3.0,0.008741237822252668,False
final_input_token_layerwise,undisclosed,k9,last_target_observation,15,100.0,-0.0002750818971658242,False
final_input_token_layerwise,undisclosed,k9,last_target_observation,16,100.0,-5.757922503163426e-05,False
final_input_token_layerwise,undisclosed,k9,last_target_observation,17,100.0,0.00022846047563895855,False
final_input_token_layerwise,undisclosed,k9,last_target_observation,18,100.0,0.00057944299349319,False
final_input_token_layerwise,undisclosed,k9,last_target_observation,19,100.0,-0.001483573366703267,False
final_input_token_layerwise,undisclosed,k9,last_target_observation,20,100.0,-0.001305877935780575,False
final_input_token_layerwise,undisclosed,k9,last_target_observation,21,100.0,-0.0010655292793353144,False
final_input_token_layerwise,undisclosed,k9,last_target_observation,22,100.0,-0.0005960341350584875,False
final_input_token_layerwise,undisclosed,k9,last_target_observation,23,100.0,-0.00036128343362334947,False
final_input_token_layerwise,undisclosed,k9,last_target_observation,24,100.0,-0.0005993056961494381,False
final_input_token_layerwise,undisclosed,k9,last_target_observation,25,100.0,-0.0006853975693461023,False
final_input_token_layerwise,undisclosed,k9,last_target_observation,26,100.0,-0.0006400488038814378,False
final_input_token_layerwise,undisclosed,k9,last_target_observation,27,100.0,-0.00012513133030742085,False
final_input_token_layerwise,undisclosed,k9,last_target_observation,28,100.0,-5.052006653843977e-05,False
final_input_token_layerwise,undisclosed,k9,last_target_observation,29,100.0,-0.0004894062564631263,False
final_input_token_layerwise,undisclosed,k9,last_target_observation,30,100.0,-0.00045700299270182154,False
final_input_token_layerwise,undisclosed,k9,last_target_observation,31,100.0,-0.0005194647114635242,False
final_input_token_layerwise,undisclosed,k9,last_target_observation,32,100.0,-0.00025393537868159677,False
final_input_token_layerwise,undisclosed,k9,target_observation_mean,0,0.0001,3.885780586188048e-16,False
final_input_token_layerwise,undisclosed,k9,target_observation_mean,1,3.0,0.013976724729207995,False
final_input_token_layerwise,undisclosed,k9,target_observation_mean,2,3.0,0.019323573791455412,False
final_input_token_layerwise,undisclosed,k9,target_observation_mean,3,3.0,0.0035796862914304617,False
final_input_token_layerwise,undisclosed,k9,target_observation_mean,4,3.0,0.008451566942668354,False
final_input_token_layerwise,undisclosed,k9,target_observation_mean,5,100.0,-0.00018024934669574888,False
final_input_token_layerwise,undisclosed,k9,target_observation_mean,6,3.0,0.005110209291929901,False
final_input_token_layerwise,undisclosed,k9,target_observation_mean,7,3.0,0.012188770191991743,False
final_input_token_layerwise,undisclosed,k9,target_observation_mean,8,3.0,0.009255710667100264,False
final_input_token_layerwise,undisclosed,k9,target_observation_mean,9,3.0,0.013635920014813618,False
final_input_token_layerwise,undisclosed,k9,target_observation_mean,10,3.0,0.010190066051428387,False
final_input_token_layerwise,undisclosed,k9,target_observation_mean,11,3.0,0.01565925321391587,False
final_input_token_layerwise,undisclosed,k9,target_observation_mean,12,100.0,-3.058284896478858e-05,False
final_input_token_layerwise,undisclosed,k9,target_observation_mean,13,100.0,0.00042280682066694886,False
final_input_token_layerwise,undisclosed,k9,target_observation_mean,14,100.0,3.37581919027663e-05,False
final_input_token_layerwise,undisclosed,k9,target_observation_mean,15,100.0,-0.00016500407903374814,False
final_input_token_layerwise,undisclosed,k9,target_observation_mean,16,3.0,0.027516969597703944,True
final_input_token_layerwise,undisclosed,k9,target_observation_mean,17,3.0,0.01423606138373329,False
final_input_token_layerwise,undisclosed,k9,target_observation_mean,18,3.0,0.016651954476280373,False
final_input_token_layerwise,undisclosed,k9,target_observation_mean,19,3.0,0.01166201503102901,False
final_input_token_layerwise,undisclosed,k9,target_observation_mean,20,3.0,0.014236176526789213,False
final_input_token_layerwise,undisclosed,k9,target_observation_mean,21,3.0,0.011553855995737411,False
final_input_token_layerwise,undisclosed,k9,target_observation_mean,22,3.0,0.012618593577985754,False
final_input_token_layerwise,undisclosed,k9,target_observation_mean,23,3.0,0.008747517733311866,False
final_input_token_layerwise,undisclosed,k9,target_observation_mean,24,3.0,0.013022398856307266,False
final_input_token_layerwise,undisclosed,k9,target_observation_mean,25,3.0,0.005354407601183525,False
final_input_token_layerwise,undisclosed,k9,target_observation_mean,26,3.0,0.00758927190463618,False
final_input_token_layerwise,undisclosed,k9,target_observation_mean,27,3.0,0.0024044243429600376,False
final_input_token_layerwise,undisclosed,k9,target_observation_mean,28,3.0,0.005596785560932599,False
final_input_token_layerwise,undisclosed,k9,target_observation_mean,29,3.0,0.00732680145355738,False
final_input_token_layerwise,undisclosed,k9,target_observation_mean,30,3.0,0.005907593977947684,False
final_input_token_layerwise,undisclosed,k9,target_observation_mean,31,3.0,0.002755830841625173,False
final_input_token_layerwise,undisclosed,k9,target_observation_mean,32,3.0,0.012046623576411508,False
final_input_token_layerwise,undisclosed,k9,target_time_slope,0,0.0001,0.0,False
final_input_token_layerwise,undisclosed,k9,target_time_slope,1,3.0,0.002032204737475646,False
final_input_token_layerwise,undisclosed,k9,target_time_slope,2,100.0,-0.0002286891767932231,False
final_input_token_layerwise,undisclosed,k9,target_time_slope,3,3.0,0.028056292615141504,False
final_input_token_layerwise,undisclosed,k9,target_time_slope,4,3.0,0.03310716103400496,False
final_input_token_layerwise,undisclosed,k9,target_time_slope,5,3.0,0.022629016110887246,False
final_input_token_layerwise,undisclosed,k9,target_time_slope,6,3.0,0.01888859392801226,False
final_input_token_layerwise,undisclosed,k9,target_time_slope,7,3.0,0.03336388092325551,False
final_input_token_layerwise,undisclosed,k9,target_time_slope,8,3.0,0.021191263053759346,False
final_input_token_layerwise,undisclosed,k9,target_time_slope,9,3.0,0.03128377139849162,False
final_input_token_layerwise,undisclosed,k9,target_time_slope,10,3.0,0.03002498280787691,False
final_input_token_layerwise,undisclosed,k9,target_time_slope,11,3.0,0.050189916790056965,False
final_input_token_layerwise,undisclosed,k9,target_time_slope,12,3.0,0.050880617875265405,True
final_input_token_layerwise,undisclosed,k9,target_time_slope,13,3.0,0.03616105579840495,False
final_input_token_layerwise,undisclosed,k9,target_time_slope,14,3.0,0.02984222917465268,False
final_input_token_layerwise,undisclosed,k9,target_time_slope,15,3.0,0.020237490383087142,False
final_input_token_layerwise,undisclosed,k9,target_time_slope,16,3.0,0.0353941544330266,False
final_input_token_layerwise,undisclosed,k9,target_time_slope,17,3.0,0.03754558675794131,False
final_input_token_layerwise,undisclosed,k9,target_time_slope,18,3.0,0.04266655093510602,False
final_input_token_layerwise,undisclosed,k9,target_time_slope,19,3.0,0.025995200903755872,False
final_input_token_layerwise,undisclosed,k9,target_time_slope,20,3.0,0.02378573192116637,False
final_input_token_layerwise,undisclosed,k9,target_time_slope,21,3.0,0.03068678044881684,False
final_input_token_layerwise,undisclosed,k9,target_time_slope,22,3.0,0.0388444382108383,False
final_input_token_layerwise,undisclosed,k9,target_time_slope,23,3.0,0.034756000833665535,False
final_input_token_layerwise,undisclosed,k9,target_time_slope,24,3.0,0.034269258406539466,False
final_input_token_layerwise,undisclosed,k9,target_time_slope,25,3.0,0.028884863777572267,False
final_input_token_layerwise,undisclosed,k9,target_time_slope,26,3.0,0.035187572685133506,False
final_input_token_layerwise,undisclosed,k9,target_time_slope,27,3.0,0.02543289162273102,False
final_input_token_layerwise,undisclosed,k9,target_time_slope,28,3.0,0.023579281439741306,False
final_input_token_layerwise,undisclosed,k9,target_time_slope,29,3.0,0.02126235959336742,False
final_input_token_layerwise,undisclosed,k9,target_time_slope,30,3.0,0.01975214728795044,False
final_input_token_layerwise,undisclosed,k9,target_time_slope,31,3.0,0.012569779993775898,False
final_input_token_layerwise,undisclosed,k9,target_time_slope,32,3.0,0.015055181537502682,False
final_input_token_layerwise,undisclosed,k9,displayed_driver_outcome_slope,0,0.0001,-1.1102230246251565e-16,False
final_input_token_layerwise,undisclosed,k9,displayed_driver_outcome_slope,1,3.0,0.004589055482479787,False
final_input_token_layerwise,undisclosed,k9,displayed_driver_outcome_slope,2,0.1,0.08502167229235252,True
final_input_token_layerwise,undisclosed,k9,displayed_driver_outcome_slope,3,100.0,5.176334747725164e-05,False
final_input_token_layerwise,undisclosed,k9,displayed_driver_outcome_slope,4,100.0,-3.7896196160513984e-05,False
final_input_token_layerwise,undisclosed,k9,displayed_driver_outcome_slope,5,3.0,0.0003185345541168172,False
final_input_token_layerwise,undisclosed,k9,displayed_driver_outcome_slope,6,100.0,-0.0005318499327683635,False
final_input_token_layerwise,undisclosed,k9,displayed_driver_outcome_slope,7,100.0,-0.0007625262276932387,False
final_input_token_layerwise,undisclosed,k9,displayed_driver_outcome_slope,8,100.0,-0.0009593619751763205,False
final_input_token_layerwise,undisclosed,k9,displayed_driver_outcome_slope,9,100.0,-0.0012314073966796513,False
final_input_token_layerwise,undisclosed,k9,displayed_driver_outcome_slope,10,100.0,-0.0012281606153963232,False
final_input_token_layerwise,undisclosed,k9,displayed_driver_outcome_slope,11,100.0,-0.0005277426842000277,False
final_input_token_layerwise,undisclosed,k9,displayed_driver_outcome_slope,12,100.0,-0.0002621867421999935,False
final_input_token_layerwise,undisclosed,k9,displayed_driver_outcome_slope,13,3.0,0.0061915593279218695,False
final_input_token_layerwise,undisclosed,k9,displayed_driver_outcome_slope,14,3.0,0.006043153470308427,False
final_input_token_layerwise,undisclosed,k9,displayed_driver_outcome_slope,15,3.0,0.02833198424463315,False
final_input_token_layerwise,undisclosed,k9,displayed_driver_outcome_slope,16,3.0,0.020653221237518588,False
final_input_token_layerwise,undisclosed,k9,displayed_driver_outcome_slope,17,0.1,0.02924971074276339,False
final_input_token_layerwise,undisclosed,k9,displayed_driver_outcome_slope,18,3.0,0.004720725231371792,False
final_input_token_layerwise,undisclosed,k9,displayed_driver_outcome_slope,19,100.0,-0.0011248523047552028,False
final_input_token_layerwise,undisclosed,k9,displayed_driver_outcome_slope,20,100.0,-0.0014368554119933985,False
final_input_token_layerwise,undisclosed,k9,displayed_driver_outcome_slope,21,100.0,-0.0017542029945942506,False
final_input_token_layerwise,undisclosed,k9,displayed_driver_outcome_slope,22,100.0,-0.0017659513243885316,False
final_input_token_layerwise,undisclosed,k9,displayed_driver_outcome_slope,23,100.0,-0.0017632147387299235,False
final_input_token_layerwise,undisclosed,k9,displayed_driver_outcome_slope,24,100.0,-0.0020071086388148973,False
final_input_token_layerwise,undisclosed,k9,displayed_driver_outcome_slope,25,100.0,-0.002146530174078537,False
final_input_token_layerwise,undisclosed,k9,displayed_driver_outcome_slope,26,100.0,-0.002104873526778628,False
final_input_token_layerwise,undisclosed,k9,displayed_driver_outcome_slope,27,100.0,-0.002147225713969303,False
final_input_token_layerwise,undisclosed,k9,displayed_driver_outcome_slope,28,100.0,-0.0018219476048705607,False
final_input_token_layerwise,undisclosed,k9,displayed_driver_outcome_slope,29,100.0,-0.0017189227526599737,False
final_input_token_layerwise,undisclosed,k9,displayed_driver_outcome_slope,30,100.0,-0.001720529696568024,False
final_input_token_layerwise,undisclosed,k9,displayed_driver_outcome_slope,31,100.0,-0.00147888489539591,False
final_input_token_layerwise,undisclosed,k9,displayed_driver_outcome_slope,32,100.0,-0.0012515080829395286,False
final_input_token_layerwise,undisclosed,k9,oracle_posterior_gain,0,0.0001,0.0,False
final_input_token_layerwise,undisclosed,k9,oracle_posterior_gain,1,100.0,-4.39289451664715e-05,False
final_input_token_layerwise,undisclosed,k9,oracle_posterior_gain,2,3.0,0.00163053696109422,False
final_input_token_layerwise,undisclosed,k9,oracle_posterior_gain,3,100.0,-4.149662080094041e-05,False
final_input_token_layerwise,undisclosed,k9,oracle_posterior_gain,4,3.0,0.008531813238822933,False
final_input_token_layerwise,undisclosed,k9,oracle_posterior_gain,5,3.0,0.0006807687803764562,False
final_input_token_layerwise,undisclosed,k9,oracle_posterior_gain,6,3.0,9.379140344836778e-05,False
final_input_token_layerwise,undisclosed,k9,oracle_posterior_gain,7,3.0,0.005540872841447886,False
final_input_token_layerwise,undisclosed,k9,oracle_posterior_gain,8,100.0,-9.999010129596586e-05,False
final_input_token_layerwise,undisclosed,k9,oracle_posterior_gain,9,3.0,0.030118280791094576,False
final_input_token_layerwise,undisclosed,k9,oracle_posterior_gain,10,3.0,0.030894590778084152,False
final_input_token_layerwise,undisclosed,k9,oracle_posterior_gain,11,3.0,0.0319140159330224,False
final_input_token_layerwise,undisclosed,k9,oracle_posterior_gain,12,3.0,0.007051928746811126,False
final_input_token_layerwise,undisclosed,k9,oracle_posterior_gain,13,3.0,0.013105333820453369,False
final_input_token_layerwise,undisclosed,k9,oracle_posterior_gain,14,3.0,0.024164030006492004,False
final_input_token_layerwise,undisclosed,k9,oracle_posterior_gain,15,3.0,0.030363095174364307,False
final_input_token_layerwise,undisclosed,k9,oracle_posterior_gain,16,3.0,0.060449235117198435,False
final_input_token_layerwise,undisclosed,k9,oracle_posterior_gain,17,3.0,0.06064450438050584,False
final_input_token_layerwise,undisclosed,k9,oracle_posterior_gain,18,3.0,0.044364863335424304,False
final_input_token_layerwise,undisclosed,k9,oracle_posterior_gain,19,3.0,0.02684314182335648,False
final_input_token_layerwise,undisclosed,k9,oracle_posterior_gain,20,3.0,0.028138634272620422,False
final_input_token_layerwise,undisclosed,k9,oracle_posterior_gain,21,3.0,0.026476718485018563,False
final_input_token_layerwise,undisclosed,k9,oracle_posterior_gain,22,3.0,0.02653567193858372,False
final_input_token_layerwise,undisclosed,k9,oracle_posterior_gain,23,3.0,0.02636646125090228,False
final_input_token_layerwise,undisclosed,k9,oracle_posterior_gain,24,3.0,0.02885601980834329,False
final_input_token_layerwise,undisclosed,k9,oracle_posterior_gain,25,3.0,0.02646279613596056,False
final_input_token_layerwise,undisclosed,k9,oracle_posterior_gain,26,0.1,0.03253861112689643,False
final_input_token_layerwise,undisclosed,k9,oracle_posterior_gain,27,0.1,0.08548769446193677,True
final_input_token_layerwise,undisclosed,k9,oracle_posterior_gain,28,0.1,0.018651604513524572,False
final_input_token_layerwise,undisclosed,k9,oracle_posterior_gain,29,0.1,0.06390175180105431,False
final_input_token_layerwise,undisclosed,k9,oracle_posterior_gain,30,0.1,0.07308238660130201,False
final_input_token_layerwise,undisclosed,k9,oracle_posterior_gain,31,0.1,0.04590071891125405,False
final_input_token_layerwise,undisclosed,k9,oracle_posterior_gain,32,0.1,0.06775002558484539,False
final_input_token_layerwise,undisclosed,pooled,gain,0,0.0001,0.0,False
final_input_token_layerwise,undisclosed,pooled,gain,1,100.0,-0.0032100106516365265,False
final_input_token_layerwise,undisclosed,pooled,gain,2,100.0,-1.0733370337060826e-06,False
final_input_token_layerwise,undisclosed,pooled,gain,3,100.0,-0.004344853871254615,False
final_input_token_layerwise,undisclosed,pooled,gain,4,100.0,-0.00657620031152618,False
final_input_token_layerwise,undisclosed,pooled,gain,5,100.0,-0.005639892627073345,False
final_input_token_layerwise,undisclosed,pooled,gain,6,100.0,-0.003949035847719588,False
final_input_token_layerwise,undisclosed,pooled,gain,7,100.0,-0.003717077755788436,False
final_input_token_layerwise,undisclosed,pooled,gain,8,100.0,-0.0065682619099344435,False
final_input_token_layerwise,undisclosed,pooled,gain,9,3.0,0.014849138417316157,False
final_input_token_layerwise,undisclosed,pooled,gain,10,100.0,0.007396699629294077,False
final_input_token_layerwise,undisclosed,pooled,gain,11,3.0,0.044407492227419666,False
final_input_token_layerwise,undisclosed,pooled,gain,12,3.0,0.035345098210309255,False
final_input_token_layerwise,undisclosed,pooled,gain,13,3.0,0.039527249357920145,False
final_input_token_layerwise,undisclosed,pooled,gain,14,3.0,0.06967766158207556,True
final_input_token_layerwise,undisclosed,pooled,gain,15,3.0,0.05442844631255864,False
final_input_token_layerwise,undisclosed,pooled,gain,16,3.0,0.03548752338731931,False
final_input_token_layerwise,undisclosed,pooled,gain,17,3.0,0.01315425202553062,False
final_input_token_layerwise,undisclosed,pooled,gain,18,3.0,0.01666774065683731,False
final_input_token_layerwise,undisclosed,pooled,gain,19,3.0,0.008358220013633066,False
final_input_token_layerwise,undisclosed,pooled,gain,20,100.0,0.0041718332214827165,False
final_input_token_layerwise,undisclosed,pooled,gain,21,100.0,0.00270147157162882,False
final_input_token_layerwise,undisclosed,pooled,gain,22,100.0,0.003540851125122193,False
final_input_token_layerwise,undisclosed,pooled,gain,23,100.0,0.003209922431109078,False
final_input_token_layerwise,undisclosed,pooled,gain,24,100.0,0.002880734240809942,False
final_input_token_layerwise,undisclosed,pooled,gain,25,100.0,0.0026572304393303048,False
final_input_token_layerwise,undisclosed,pooled,gain,26,100.0,0.002600873183919735,False
final_input_token_layerwise,undisclosed,pooled,gain,27,3.0,0.008259480899464655,False
final_input_token_layerwise,undisclosed,pooled,gain,28,3.0,0.006964028590977907,False
final_input_token_layerwise,undisclosed,pooled,gain,29,3.0,0.026909318832453278,False
final_input_token_layerwise,undisclosed,pooled,gain,30,3.0,0.023705201864630238,False
final_input_token_layerwise,undisclosed,pooled,gain,31,3.0,0.021569884269432738,False
final_input_token_layerwise,undisclosed,pooled,gain,32,3.0,0.05155866641852189,False
final_input_token_layerwise,undisclosed,pooled,response_residual,0,0.0001,-2.7755575615628914e-17,False
final_input_token_layerwise,undisclosed,pooled,response_residual,1,100.0,-0.0018359696917846686,False
final_input_token_layerwise,undisclosed,pooled,response_residual,2,100.0,-0.0004262558010187101,False
final_input_token_layerwise,undisclosed,pooled,response_residual,3,100.0,-0.005509295316797576,False
final_input_token_layerwise,undisclosed,pooled,response_residual,4,100.0,-0.007716964345101403,False
final_input_token_layerwise,undisclosed,pooled,response_residual,5,100.0,-0.006361229103436117,False
final_input_token_layerwise,undisclosed,pooled,response_residual,6,100.0,-0.004439498909416316,False
final_input_token_layerwise,undisclosed,pooled,response_residual,7,100.0,-0.0043272964271046654,False
final_input_token_layerwise,undisclosed,pooled,response_residual,8,100.0,-0.008285514369537506,False
final_input_token_layerwise,undisclosed,pooled,response_residual,9,100.0,-0.00024529632982005684,False
final_input_token_layerwise,undisclosed,pooled,response_residual,10,100.0,-0.0004725527730267502,False
final_input_token_layerwise,undisclosed,pooled,response_residual,11,100.0,0.002166566237107944,False
final_input_token_layerwise,undisclosed,pooled,response_residual,12,100.0,-0.0007102386309364809,False
final_input_token_layerwise,undisclosed,pooled,response_residual,13,100.0,0.0024102813889629038,False
final_input_token_layerwise,undisclosed,pooled,response_residual,14,100.0,0.004574914659516649,False
final_input_token_layerwise,undisclosed,pooled,response_residual,15,100.0,0.006266033946951216,True
final_input_token_layerwise,undisclosed,pooled,response_residual,16,100.0,0.006062157055696284,False
final_input_token_layerwise,undisclosed,pooled,response_residual,17,100.0,0.006088772929256442,False
final_input_token_layerwise,undisclosed,pooled,response_residual,18,100.0,0.0029944351100297806,False
final_input_token_layerwise,undisclosed,pooled,response_residual,19,100.0,0.0017985392919022587,False
final_input_token_layerwise,undisclosed,pooled,response_residual,20,100.0,0.0005248053043950355,False
final_input_token_layerwise,undisclosed,pooled,response_residual,21,100.0,-0.0005005167703976873,False
final_input_token_layerwise,undisclosed,pooled,response_residual,22,100.0,0.000336025601730174,False
final_input_token_layerwise,undisclosed,pooled,response_residual,23,100.0,0.00025611695186732636,False
final_input_token_layerwise,undisclosed,pooled,response_residual,24,100.0,0.0001059574489653085,False
final_input_token_layerwise,undisclosed,pooled,response_residual,25,100.0,-0.0002720936247549803,False
final_input_token_layerwise,undisclosed,pooled,response_residual,26,100.0,-0.0004966655212514567,False
final_input_token_layerwise,undisclosed,pooled,response_residual,27,100.0,5.407585088317476e-05,False
final_input_token_layerwise,undisclosed,pooled,response_residual,28,100.0,8.204417995992068e-05,False
final_input_token_layerwise,undisclosed,pooled,response_residual,29,100.0,0.0018439448858391105,False
final_input_token_layerwise,undisclosed,pooled,response_residual,30,100.0,0.001776857531039483,False
final_input_token_layerwise,undisclosed,pooled,response_residual,31,100.0,0.001990406116415183,False
final_input_token_layerwise,undisclosed,pooled,response_residual,32,100.0,0.004429488554136857,False
mean_embedding,disclosed,k3,gain,0,100.0,-0.0009589042439733797,True
mean_embedding,disclosed,k3,response_residual,0,100.0,-0.001110632918032206,True
mean_embedding,disclosed,k6,gain,0,100.0,0.00021211892006114952,True
mean_embedding,disclosed,k6,response_residual,0,100.0,-0.00013133361583325676,True
mean_embedding,disclosed,k9,gain,0,3.0,0.011837593116618,True
mean_embedding,disclosed,k9,response_residual,0,100.0,0.0006193826779181399,True
mean_embedding,disclosed,pooled,gain,0,100.0,0.0020260137296078486,True
mean_embedding,disclosed,pooled,response_residual,0,100.0,-0.0013023204868278422,True
mean_embedding,undisclosed,k3,gain,0,100.0,-0.0010713728368005326,True
mean_embedding,undisclosed,k3,response_residual,0,100.0,-0.0012090417576992585,True
mean_embedding,undisclosed,k6,gain,0,100.0,0.00013838781628436325,True
mean_embedding,undisclosed,k6,response_residual,0,100.0,-0.00018889621886128416,True
mean_embedding,undisclosed,k9,gain,0,3.0,0.010394026080614294,True
mean_embedding,undisclosed,k9,response_residual,0,100.0,0.0006058295235571998,True
mean_embedding,undisclosed,pooled,gain,0,100.0,0.0020023985455211632,True
mean_embedding,undisclosed,pooled,response_residual,0,100.0,-0.0013306504888029962,True
mean_final_layer,disclosed,k3,gain,0,100.0,-7.072599027146964e-05,True
mean_final_layer,disclosed,k3,response_residual,0,100.0,-0.0001819241421437967,True
mean_final_layer,disclosed,k6,gain,0,100.0,7.5257878612289275e-06,True
mean_final_layer,disclosed,k6,response_residual,0,100.0,-0.000150318259787785,True
mean_final_layer,disclosed,k9,gain,0,0.1,0.029765717156418098,True
mean_final_layer,disclosed,k9,response_residual,0,100.0,4.768524783990702e-05,True
mean_final_layer,disclosed,pooled,gain,0,100.0,0.0014605309500058765,True
mean_final_layer,disclosed,pooled,response_residual,0,100.0,-0.0038359402403092915,True
mean_final_layer,undisclosed,k3,gain,0,100.0,6.286379794959163e-05,True
mean_final_layer,undisclosed,k3,response_residual,0,100.0,-0.0002257849408358048,True
mean_final_layer,undisclosed,k6,gain,0,3.0,0.0006900121136254878,True
mean_final_layer,undisclosed,k6,response_residual,0,100.0,-7.884541163896697e-05,True
mean_final_layer,undisclosed,k9,gain,0,3.0,0.007548547407181666,True
mean_final_layer,undisclosed,k9,response_residual,0,100.0,0.00011842736879619231,True
mean_final_layer,undisclosed,pooled,gain,0,100.0,7.964909001792475e-05,True
mean_final_layer,undisclosed,pooled,response_residual,0,100.0,-0.006610538399504179,True
