representation,train_disclosure,evidence,target,layer,alpha,cv_macro_development_baseline_r2,selected
final_input_token_layerwise,disclosed,k3,gain,0,0.0001,0.0,False
final_input_token_layerwise,disclosed,k3,gain,1,100.0,-0.001155698364305624,False
final_input_token_layerwise,disclosed,k3,gain,2,100.0,-0.0010375065125592386,False
final_input_token_layerwise,disclosed,k3,gain,3,100.0,-0.0007866216826615258,False
final_input_token_layerwise,disclosed,k3,gain,4,100.0,-0.0005122090599560813,False
final_input_token_layerwise,disclosed,k3,gain,5,100.0,-0.000657330387124816,False
final_input_token_layerwise,disclosed,k3,gain,6,100.0,-0.0008273854897811739,False
final_input_token_layerwise,disclosed,k3,gain,7,100.0,-0.0007737938153581092,False
final_input_token_layerwise,disclosed,k3,gain,8,100.0,-0.0011291943343459399,False
final_input_token_layerwise,disclosed,k3,gain,9,100.0,-0.000732814983697816,False
final_input_token_layerwise,disclosed,k3,gain,10,100.0,-0.001384221757939369,False
final_input_token_layerwise,disclosed,k3,gain,11,100.0,-0.001551876048825035,False
final_input_token_layerwise,disclosed,k3,gain,12,100.0,-0.0011249939896883498,False
final_input_token_layerwise,disclosed,k3,gain,13,100.0,-0.0009944378821312716,False
final_input_token_layerwise,disclosed,k3,gain,14,100.0,-0.0016584175090624265,False
final_input_token_layerwise,disclosed,k3,gain,15,100.0,-0.0002962871709263626,False
final_input_token_layerwise,disclosed,k3,gain,16,100.0,-0.0006457202145397356,False
final_input_token_layerwise,disclosed,k3,gain,17,100.0,-0.00043711724171022204,False
final_input_token_layerwise,disclosed,k3,gain,18,100.0,0.00019533328768989167,False
final_input_token_layerwise,disclosed,k3,gain,19,100.0,0.0002174779275466443,False
final_input_token_layerwise,disclosed,k3,gain,20,100.0,-0.00046561826377811144,False
final_input_token_layerwise,disclosed,k3,gain,21,100.0,-1.527401414877505e-05,False
final_input_token_layerwise,disclosed,k3,gain,22,3.0,0.0007630134160549751,False
final_input_token_layerwise,disclosed,k3,gain,23,3.0,0.0019186878779832717,False
final_input_token_layerwise,disclosed,k3,gain,24,3.0,0.0035354738565507304,False
final_input_token_layerwise,disclosed,k3,gain,25,3.0,0.006186646791743633,False
final_input_token_layerwise,disclosed,k3,gain,26,3.0,0.004014711802196841,False
final_input_token_layerwise,disclosed,k3,gain,27,3.0,0.006842664345131366,False
final_input_token_layerwise,disclosed,k3,gain,28,3.0,0.005178368734903849,False
final_input_token_layerwise,disclosed,k3,gain,29,100.0,0.0005264298016969537,False
final_input_token_layerwise,disclosed,k3,gain,30,3.0,0.004692301673929367,False
final_input_token_layerwise,disclosed,k3,gain,31,3.0,0.004686566034007911,False
final_input_token_layerwise,disclosed,k3,gain,32,3.0,0.01778875427874055,False
final_input_token_layerwise,disclosed,k3,gain,33,3.0,0.016653237242086116,False
final_input_token_layerwise,disclosed,k3,gain,34,3.0,0.020911544269395038,True
final_input_token_layerwise,disclosed,k3,gain,35,3.0,0.013992496244381647,False
final_input_token_layerwise,disclosed,k3,gain,36,3.0,0.011296267902120488,False
final_input_token_layerwise,disclosed,k3,response_residual,0,0.0001,-2.7755575615628914e-17,False
final_input_token_layerwise,disclosed,k3,response_residual,1,100.0,-0.0006479939576296279,False
final_input_token_layerwise,disclosed,k3,response_residual,2,100.0,-0.0007773501276440997,False
final_input_token_layerwise,disclosed,k3,response_residual,3,100.0,-0.0005900199915021553,False
final_input_token_layerwise,disclosed,k3,response_residual,4,100.0,-0.00023071814117348044,False
final_input_token_layerwise,disclosed,k3,response_residual,5,100.0,-0.00032798918831800083,False
final_input_token_layerwise,disclosed,k3,response_residual,6,100.0,-0.0005472188255911947,False
final_input_token_layerwise,disclosed,k3,response_residual,7,100.0,-0.0003799771901561999,False
final_input_token_layerwise,disclosed,k3,response_residual,8,100.0,-0.0009710139186123734,False
final_input_token_layerwise,disclosed,k3,response_residual,9,100.0,-0.0007809727133663014,False
final_input_token_layerwise,disclosed,k3,response_residual,10,100.0,-0.0011903396092929897,False
final_input_token_layerwise,disclosed,k3,response_residual,11,100.0,-0.0010399002415712455,False
final_input_token_layerwise,disclosed,k3,response_residual,12,100.0,-0.0009867245764468013,False
final_input_token_layerwise,disclosed,k3,response_residual,13,100.0,-0.0009612719540094683,False
final_input_token_layerwise,disclosed,k3,response_residual,14,100.0,-0.0013498925908096426,False
final_input_token_layerwise,disclosed,k3,response_residual,15,100.0,-0.00022646357407618556,False
final_input_token_layerwise,disclosed,k3,response_residual,16,100.0,-0.0003414022259102534,False
final_input_token_layerwise,disclosed,k3,response_residual,17,100.0,0.00034540670282415253,False
final_input_token_layerwise,disclosed,k3,response_residual,18,100.0,0.0006268467447375359,False
final_input_token_layerwise,disclosed,k3,response_residual,19,100.0,0.0004510265194390961,False
final_input_token_layerwise,disclosed,k3,response_residual,20,100.0,-0.000252509920339955,False
final_input_token_layerwise,disclosed,k3,response_residual,21,100.0,8.265939484750073e-05,False
final_input_token_layerwise,disclosed,k3,response_residual,22,100.0,0.00028223745631064667,False
final_input_token_layerwise,disclosed,k3,response_residual,23,100.0,0.0002664620489509495,False
final_input_token_layerwise,disclosed,k3,response_residual,24,100.0,0.00012427880006971037,False
final_input_token_layerwise,disclosed,k3,response_residual,25,100.0,0.0002853848565466388,False
final_input_token_layerwise,disclosed,k3,response_residual,26,100.0,0.0002789206146123768,False
final_input_token_layerwise,disclosed,k3,response_residual,27,100.0,0.0005835949133632667,False
final_input_token_layerwise,disclosed,k3,response_residual,28,100.0,0.0006480412263756841,False
final_input_token_layerwise,disclosed,k3,response_residual,29,100.0,0.00015984541961608367,False
final_input_token_layerwise,disclosed,k3,response_residual,30,100.0,0.00013381850767987813,False
final_input_token_layerwise,disclosed,k3,response_residual,31,100.0,0.00020876960632867925,False
final_input_token_layerwise,disclosed,k3,response_residual,32,3.0,0.00787805499693836,False
final_input_token_layerwise,disclosed,k3,response_residual,33,3.0,0.0025694878004360877,False
final_input_token_layerwise,disclosed,k3,response_residual,34,3.0,0.00811984180646011,True
final_input_token_layerwise,disclosed,k3,response_residual,35,3.0,0.0004759800059509489,False
final_input_token_layerwise,disclosed,k3,response_residual,36,100.0,0.00035285457022046773,False
final_input_token_layerwise,disclosed,k3,last_target_observation,0,0.0001,-8.326672684688674e-17,False
final_input_token_layerwise,disclosed,k3,last_target_observation,1,0.1,0.12906670304973464,True
final_input_token_layerwise,disclosed,k3,last_target_observation,2,0.1,0.07772715780221182,False
final_input_token_layerwise,disclosed,k3,last_target_observation,3,100.0,-0.0010880200033445142,False
final_input_token_layerwise,disclosed,k3,last_target_observation,4,100.0,-0.0004188754228245106,False
final_input_token_layerwise,disclosed,k3,last_target_observation,5,100.0,-0.000559801455891823,False
final_input_token_layerwise,disclosed,k3,last_target_observation,6,100.0,-0.000426417148655156,False
final_input_token_layerwise,disclosed,k3,last_target_observation,7,100.0,-0.0006288147922720588,False
final_input_token_layerwise,disclosed,k3,last_target_observation,8,100.0,-0.0017601149766431345,False
final_input_token_layerwise,disclosed,k3,last_target_observation,9,100.0,-0.0019338142750295884,False
final_input_token_layerwise,disclosed,k3,last_target_observation,10,100.0,-0.002025185962338749,False
final_input_token_layerwise,disclosed,k3,last_target_observation,11,100.0,-0.001496305990149327,False
final_input_token_layerwise,disclosed,k3,last_target_observation,12,100.0,-0.0012666925620412883,False
final_input_token_layerwise,disclosed,k3,last_target_observation,13,100.0,-0.0014111736845097145,False
final_input_token_layerwise,disclosed,k3,last_target_observation,14,100.0,-0.001006608502590628,False
final_input_token_layerwise,disclosed,k3,last_target_observation,15,100.0,-0.0006865938866983667,False
final_input_token_layerwise,disclosed,k3,last_target_observation,16,100.0,-0.0007241666630556365,False
final_input_token_layerwise,disclosed,k3,last_target_observation,17,3.0,0.019306935261547892,False
final_input_token_layerwise,disclosed,k3,last_target_observation,18,3.0,0.04228886970973561,False
final_input_token_layerwise,disclosed,k3,last_target_observation,19,3.0,0.05047726270443417,False
final_input_token_layerwise,disclosed,k3,last_target_observation,20,0.1,0.09900933599024264,False
final_input_token_layerwise,disclosed,k3,last_target_observation,21,0.1,0.10314266452781704,False
final_input_token_layerwise,disclosed,k3,last_target_observation,22,0.1,0.11648351083223582,False
final_input_token_layerwise,disclosed,k3,last_target_observation,23,3.0,0.0777603556214417,False
final_input_token_layerwise,disclosed,k3,last_target_observation,24,3.0,0.07638538932159974,False
final_input_token_layerwise,disclosed,k3,last_target_observation,25,3.0,0.045881180500690705,False
final_input_token_layerwise,disclosed,k3,last_target_observation,26,3.0,0.04556995376516948,False
final_input_token_layerwise,disclosed,k3,last_target_observation,27,3.0,0.05550887045919553,False
final_input_token_layerwise,disclosed,k3,last_target_observation,28,3.0,0.05857939847886948,False
final_input_token_layerwise,disclosed,k3,last_target_observation,29,3.0,0.05521116240369128,False
final_input_token_layerwise,disclosed,k3,last_target_observation,30,3.0,0.03941453992795957,False
final_input_token_layerwise,disclosed,k3,last_target_observation,31,3.0,0.042060333535328454,False
final_input_token_layerwise,disclosed,k3,last_target_observation,32,3.0,0.04226402665269641,False
final_input_token_layerwise,disclosed,k3,last_target_observation,33,3.0,0.0249232164074136,False
final_input_token_layerwise,disclosed,k3,last_target_observation,34,3.0,0.025459398504714598,False
final_input_token_layerwise,disclosed,k3,last_target_observation,35,3.0,0.02921619185870372,False
final_input_token_layerwise,disclosed,k3,last_target_observation,36,3.0,0.026170256593525176,False
final_input_token_layerwise,disclosed,k3,target_observation_mean,0,0.0001,5.551115123125783e-17,False
final_input_token_layerwise,disclosed,k3,target_observation_mean,1,3.0,0.02543005483803243,False
final_input_token_layerwise,disclosed,k3,target_observation_mean,2,100.0,0.0012160350628933059,False
final_input_token_layerwise,disclosed,k3,target_observation_mean,3,100.0,0.0004481689762283192,False
final_input_token_layerwise,disclosed,k3,target_observation_mean,4,100.0,0.0015550236611779344,False
final_input_token_layerwise,disclosed,k3,target_observation_mean,5,3.0,0.01127998104328351,False
final_input_token_layerwise,disclosed,k3,target_observation_mean,6,3.0,0.008521565689828259,False
final_input_token_layerwise,disclosed,k3,target_observation_mean,7,100.0,5.9421216282135036e-05,False
final_input_token_layerwise,disclosed,k3,target_observation_mean,8,100.0,0.0003838110428110997,False
final_input_token_layerwise,disclosed,k3,target_observation_mean,9,100.0,0.0006373306149877744,False
final_input_token_layerwise,disclosed,k3,target_observation_mean,10,3.0,0.006319326878937187,False
final_input_token_layerwise,disclosed,k3,target_observation_mean,11,3.0,0.024788706237516694,False
final_input_token_layerwise,disclosed,k3,target_observation_mean,12,3.0,0.022486878792504744,False
final_input_token_layerwise,disclosed,k3,target_observation_mean,13,100.0,-5.347712046505082e-05,False
final_input_token_layerwise,disclosed,k3,target_observation_mean,14,100.0,0.0002106936757530209,False
final_input_token_layerwise,disclosed,k3,target_observation_mean,15,100.0,0.0001237918760264578,False
final_input_token_layerwise,disclosed,k3,target_observation_mean,16,3.0,0.014282597080638088,False
final_input_token_layerwise,disclosed,k3,target_observation_mean,17,3.0,0.03101127979294363,False
final_input_token_layerwise,disclosed,k3,target_observation_mean,18,3.0,0.09929359631574108,False
final_input_token_layerwise,disclosed,k3,target_observation_mean,19,0.1,0.12685621100028283,False
final_input_token_layerwise,disclosed,k3,target_observation_mean,20,0.1,0.18252570036911017,False
final_input_token_layerwise,disclosed,k3,target_observation_mean,21,0.1,0.25378305843987625,False
final_input_token_layerwise,disclosed,k3,target_observation_mean,22,0.1,0.3025479159605091,True
final_input_token_layerwise,disclosed,k3,target_observation_mean,23,0.1,0.2784829496170855,False
final_input_token_layerwise,disclosed,k3,target_observation_mean,24,0.1,0.19691350623383366,False
final_input_token_layerwise,disclosed,k3,target_observation_mean,25,3.0,0.12022670928942275,False
final_input_token_layerwise,disclosed,k3,target_observation_mean,26,3.0,0.12146969171591432,False
final_input_token_layerwise,disclosed,k3,target_observation_mean,27,3.0,0.14878697075482583,False
final_input_token_layerwise,disclosed,k3,target_observation_mean,28,0.1,0.19672684380035757,False
final_input_token_layerwise,disclosed,k3,target_observation_mean,29,3.0,0.13448334419210164,False
final_input_token_layerwise,disclosed,k3,target_observation_mean,30,0.1,0.11845378865508405,False
final_input_token_layerwise,disclosed,k3,target_observation_mean,31,3.0,0.11981813644478703,False
final_input_token_layerwise,disclosed,k3,target_observation_mean,32,3.0,0.1025992087686122,False
final_input_token_layerwise,disclosed,k3,target_observation_mean,33,3.0,0.08082612373062756,False
final_input_token_layerwise,disclosed,k3,target_observation_mean,34,3.0,0.07790527347999526,False
final_input_token_layerwise,disclosed,k3,target_observation_mean,35,3.0,0.08320177369738821,False
final_input_token_layerwise,disclosed,k3,target_observation_mean,36,3.0,0.08526362485968933,False
final_input_token_layerwise,disclosed,k3,target_time_slope,0,0.0001,0.0,False
final_input_token_layerwise,disclosed,k3,target_time_slope,1,100.0,-0.0039329257690505215,False
final_input_token_layerwise,disclosed,k3,target_time_slope,2,100.0,-0.002470566649542816,False
final_input_token_layerwise,disclosed,k3,target_time_slope,3,100.0,-0.0018858679466406125,False
final_input_token_layerwise,disclosed,k3,target_time_slope,4,100.0,-0.0009743299172411124,False
final_input_token_layerwise,disclosed,k3,target_time_slope,5,100.0,-0.001230493823405343,False
final_input_token_layerwise,disclosed,k3,target_time_slope,6,100.0,-0.0008375403423423189,False
final_input_token_layerwise,disclosed,k3,target_time_slope,7,100.0,-0.0005221025488495734,False
final_input_token_layerwise,disclosed,k3,target_time_slope,8,100.0,-0.0034544355917029423,False
final_input_token_layerwise,disclosed,k3,target_time_slope,9,100.0,-0.0033691023610850634,False
final_input_token_layerwise,disclosed,k3,target_time_slope,10,100.0,-0.003011529765613752,False
final_input_token_layerwise,disclosed,k3,target_time_slope,11,100.0,-0.0031455466505484475,False
final_input_token_layerwise,disclosed,k3,target_time_slope,12,100.0,-0.002985238855402028,False
final_input_token_layerwise,disclosed,k3,target_time_slope,13,100.0,-0.002441234774619938,False
final_input_token_layerwise,disclosed,k3,target_time_slope,14,100.0,-0.002488975548907646,False
final_input_token_layerwise,disclosed,k3,target_time_slope,15,100.0,-0.0023635777702967486,False
final_input_token_layerwise,disclosed,k3,target_time_slope,16,100.0,-0.003385963193574759,False
final_input_token_layerwise,disclosed,k3,target_time_slope,17,100.0,-0.0022153372194922416,False
final_input_token_layerwise,disclosed,k3,target_time_slope,18,100.0,-0.0015181369884735563,False
final_input_token_layerwise,disclosed,k3,target_time_slope,19,3.0,0.008239190216666192,False
final_input_token_layerwise,disclosed,k3,target_time_slope,20,3.0,0.031636646701836635,False
final_input_token_layerwise,disclosed,k3,target_time_slope,21,3.0,0.03214117544045411,False
final_input_token_layerwise,disclosed,k3,target_time_slope,22,3.0,0.04142342132553184,True
final_input_token_layerwise,disclosed,k3,target_time_slope,23,3.0,0.02717014341388818,False
final_input_token_layerwise,disclosed,k3,target_time_slope,24,3.0,0.02484278867151346,False
final_input_token_layerwise,disclosed,k3,target_time_slope,25,3.0,0.02866245700479192,False
final_input_token_layerwise,disclosed,k3,target_time_slope,26,3.0,0.024115753366087983,False
final_input_token_layerwise,disclosed,k3,target_time_slope,27,3.0,0.013512136168816552,False
final_input_token_layerwise,disclosed,k3,target_time_slope,28,3.0,0.010336756382408718,False
final_input_token_layerwise,disclosed,k3,target_time_slope,29,3.0,0.021139897714357647,False
final_input_token_layerwise,disclosed,k3,target_time_slope,30,3.0,0.005009030999542502,False
final_input_token_layerwise,disclosed,k3,target_time_slope,31,3.0,0.003560262084926241,False
final_input_token_layerwise,disclosed,k3,target_time_slope,32,3.0,0.0125553139339247,False
final_input_token_layerwise,disclosed,k3,target_time_slope,33,3.0,0.009800118123967277,False
final_input_token_layerwise,disclosed,k3,target_time_slope,34,3.0,0.009314499873926851,False
final_input_token_layerwise,disclosed,k3,target_time_slope,35,3.0,0.026720495657876403,False
final_input_token_layerwise,disclosed,k3,target_time_slope,36,3.0,0.015794805585412297,False
final_input_token_layerwise,disclosed,k3,displayed_driver_outcome_slope,0,0.0001,5.551115123125783e-17,False
final_input_token_layerwise,disclosed,k3,displayed_driver_outcome_slope,1,3.0,0.011061431573454877,False
final_input_token_layerwise,disclosed,k3,displayed_driver_outcome_slope,2,3.0,0.007458859719604527,False
final_input_token_layerwise,disclosed,k3,displayed_driver_outcome_slope,3,3.0,0.004214418142744619,False
final_input_token_layerwise,disclosed,k3,displayed_driver_outcome_slope,4,100.0,0.00036295781376291525,False
final_input_token_layerwise,disclosed,k3,displayed_driver_outcome_slope,5,100.0,9.47650693745028e-05,False
final_input_token_layerwise,disclosed,k3,displayed_driver_outcome_slope,6,100.0,-0.00014494693619562793,False
final_input_token_layerwise,disclosed,k3,displayed_driver_outcome_slope,7,3.0,0.0009287262691244635,False
final_input_token_layerwise,disclosed,k3,displayed_driver_outcome_slope,8,3.0,0.005012593172057073,False
final_input_token_layerwise,disclosed,k3,displayed_driver_outcome_slope,9,100.0,0.0010332631435954198,False
final_input_token_layerwise,disclosed,k3,displayed_driver_outcome_slope,10,3.0,0.0020058274418432998,False
final_input_token_layerwise,disclosed,k3,displayed_driver_outcome_slope,11,100.0,0.001214549582315344,False
final_input_token_layerwise,disclosed,k3,displayed_driver_outcome_slope,12,100.0,0.0007154412626924067,False
final_input_token_layerwise,disclosed,k3,displayed_driver_outcome_slope,13,100.0,0.0008595874329698217,False
final_input_token_layerwise,disclosed,k3,displayed_driver_outcome_slope,14,100.0,7.249973618234096e-05,False
final_input_token_layerwise,disclosed,k3,displayed_driver_outcome_slope,15,100.0,0.00042833494457708565,False
final_input_token_layerwise,disclosed,k3,displayed_driver_outcome_slope,16,3.0,0.013232697631123058,False
final_input_token_layerwise,disclosed,k3,displayed_driver_outcome_slope,17,3.0,0.004286515038604527,False
final_input_token_layerwise,disclosed,k3,displayed_driver_outcome_slope,18,100.0,0.0007231693924983906,False
final_input_token_layerwise,disclosed,k3,displayed_driver_outcome_slope,19,3.0,0.009958465734876937,False
final_input_token_layerwise,disclosed,k3,displayed_driver_outcome_slope,20,3.0,0.008029625452736694,False
final_input_token_layerwise,disclosed,k3,displayed_driver_outcome_slope,21,3.0,0.01618587838638047,True
final_input_token_layerwise,disclosed,k3,displayed_driver_outcome_slope,22,3.0,0.008039728523880657,False
final_input_token_layerwise,disclosed,k3,displayed_driver_outcome_slope,23,100.0,-0.000878966107042134,False
final_input_token_layerwise,disclosed,k3,displayed_driver_outcome_slope,24,100.0,-0.001196085606984254,False
final_input_token_layerwise,disclosed,k3,displayed_driver_outcome_slope,25,100.0,-0.0013279091446683489,False
final_input_token_layerwise,disclosed,k3,displayed_driver_outcome_slope,26,100.0,-0.0011488616536616536,False
final_input_token_layerwise,disclosed,k3,displayed_driver_outcome_slope,27,100.0,-0.0013978253277839858,False
final_input_token_layerwise,disclosed,k3,displayed_driver_outcome_slope,28,100.0,-0.0018839745173894473,False
final_input_token_layerwise,disclosed,k3,displayed_driver_outcome_slope,29,100.0,-0.0014993665389316513,False
final_input_token_layerwise,disclosed,k3,displayed_driver_outcome_slope,30,100.0,-0.0010999563085427044,False
final_input_token_layerwise,disclosed,k3,displayed_driver_outcome_slope,31,100.0,-0.0013829839479418682,False
final_input_token_layerwise,disclosed,k3,displayed_driver_outcome_slope,32,100.0,-0.0005633530161246736,False
final_input_token_layerwise,disclosed,k3,displayed_driver_outcome_slope,33,100.0,-0.0007613373150411051,False
final_input_token_layerwise,disclosed,k3,displayed_driver_outcome_slope,34,100.0,-0.00039578607533941046,False
final_input_token_layerwise,disclosed,k3,displayed_driver_outcome_slope,35,100.0,-0.0006948703134597445,False
final_input_token_layerwise,disclosed,k3,displayed_driver_outcome_slope,36,100.0,-0.0004108948365244558,False
final_input_token_layerwise,disclosed,k3,oracle_posterior_gain,0,0.0001,0.0,False
final_input_token_layerwise,disclosed,k3,oracle_posterior_gain,1,100.0,-0.0035447286745678708,False
final_input_token_layerwise,disclosed,k3,oracle_posterior_gain,2,100.0,-0.0025772132167804496,False
final_input_token_layerwise,disclosed,k3,oracle_posterior_gain,3,100.0,-0.0023779925851524497,False
final_input_token_layerwise,disclosed,k3,oracle_posterior_gain,4,100.0,-0.0006460810480617696,False
final_input_token_layerwise,disclosed,k3,oracle_posterior_gain,5,100.0,-0.0006690473575035882,False
final_input_token_layerwise,disclosed,k3,oracle_posterior_gain,6,100.0,-0.0006982978511365645,False
final_input_token_layerwise,disclosed,k3,oracle_posterior_gain,7,100.0,-0.0005129010588541816,False
final_input_token_layerwise,disclosed,k3,oracle_posterior_gain,8,100.0,-0.002191939892262129,False
final_input_token_layerwise,disclosed,k3,oracle_posterior_gain,9,100.0,-0.00248410326452958,False
final_input_token_layerwise,disclosed,k3,oracle_posterior_gain,10,100.0,-0.002284300622058394,False
final_input_token_layerwise,disclosed,k3,oracle_posterior_gain,11,100.0,-0.0019327198462977535,False
final_input_token_layerwise,disclosed,k3,oracle_posterior_gain,12,100.0,-0.0012564466878763336,False
final_input_token_layerwise,disclosed,k3,oracle_posterior_gain,13,100.0,-0.0010756694547126577,False
final_input_token_layerwise,disclosed,k3,oracle_posterior_gain,14,100.0,-0.0002569820717217841,False
final_input_token_layerwise,disclosed,k3,oracle_posterior_gain,15,100.0,-0.001047825511638928,False
final_input_token_layerwise,disclosed,k3,oracle_posterior_gain,16,100.0,-0.0015872592298425414,False
final_input_token_layerwise,disclosed,k3,oracle_posterior_gain,17,100.0,-0.0013913043204762943,False
final_input_token_layerwise,disclosed,k3,oracle_posterior_gain,18,100.0,-0.0016016988975977031,False
final_input_token_layerwise,disclosed,k3,oracle_posterior_gain,19,100.0,-0.000191122471081967,False
final_input_token_layerwise,disclosed,k3,oracle_posterior_gain,20,100.0,-4.425522855594499e-06,False
final_input_token_layerwise,disclosed,k3,oracle_posterior_gain,21,100.0,-0.0011027942532999546,False
final_input_token_layerwise,disclosed,k3,oracle_posterior_gain,22,100.0,-0.001259142196165297,False
final_input_token_layerwise,disclosed,k3,oracle_posterior_gain,23,100.0,-5.310666669580688e-05,False
final_input_token_layerwise,disclosed,k3,oracle_posterior_gain,24,100.0,4.584767978449422e-05,False
final_input_token_layerwise,disclosed,k3,oracle_posterior_gain,25,100.0,0.0008134033023717013,False
final_input_token_layerwise,disclosed,k3,oracle_posterior_gain,26,100.0,0.000327658031634398,False
final_input_token_layerwise,disclosed,k3,oracle_posterior_gain,27,3.0,0.002137647846125329,False
final_input_token_layerwise,disclosed,k3,oracle_posterior_gain,28,3.0,0.008427663300919153,False
final_input_token_layerwise,disclosed,k3,oracle_posterior_gain,29,3.0,0.006489922155062194,False
final_input_token_layerwise,disclosed,k3,oracle_posterior_gain,30,100.0,0.0012045980551847746,False
final_input_token_layerwise,disclosed,k3,oracle_posterior_gain,31,100.0,0.0010121295658697127,False
final_input_token_layerwise,disclosed,k3,oracle_posterior_gain,32,100.0,0.0010023312751221147,False
final_input_token_layerwise,disclosed,k3,oracle_posterior_gain,33,100.0,0.0007117058239019536,False
final_input_token_layerwise,disclosed,k3,oracle_posterior_gain,34,3.0,0.024720271073450928,False
final_input_token_layerwise,disclosed,k3,oracle_posterior_gain,35,3.0,0.04445752233752048,False
final_input_token_layerwise,disclosed,k3,oracle_posterior_gain,36,3.0,0.049524083873475094,True
final_input_token_layerwise,disclosed,k6,gain,0,0.0001,0.0,False
final_input_token_layerwise,disclosed,k6,gain,1,100.0,-0.0005365217118885601,False
final_input_token_layerwise,disclosed,k6,gain,2,100.0,-0.0012911167002579993,False
final_input_token_layerwise,disclosed,k6,gain,3,100.0,-0.001297130989250661,False
final_input_token_layerwise,disclosed,k6,gain,4,100.0,-0.0019053237810273682,False
final_input_token_layerwise,disclosed,k6,gain,5,100.0,-0.0018653043613374165,False
final_input_token_layerwise,disclosed,k6,gain,6,100.0,-0.0018074574965427082,False
final_input_token_layerwise,disclosed,k6,gain,7,100.0,-0.0020679735982462866,False
final_input_token_layerwise,disclosed,k6,gain,8,100.0,-0.0014752973740585762,False
final_input_token_layerwise,disclosed,k6,gain,9,100.0,-0.0011523132554567828,False
final_input_token_layerwise,disclosed,k6,gain,10,100.0,-0.000500292602703456,False
final_input_token_layerwise,disclosed,k6,gain,11,100.0,-0.0008367441058057534,False
final_input_token_layerwise,disclosed,k6,gain,12,100.0,-0.0008246839169951392,False
final_input_token_layerwise,disclosed,k6,gain,13,100.0,-0.000632551669016379,False
final_input_token_layerwise,disclosed,k6,gain,14,100.0,-0.00281282970770913,False
final_input_token_layerwise,disclosed,k6,gain,15,100.0,1.1768782407634015e-05,False
final_input_token_layerwise,disclosed,k6,gain,16,3.0,0.013000187433636429,False
final_input_token_layerwise,disclosed,k6,gain,17,3.0,0.03816194380761853,False
final_input_token_layerwise,disclosed,k6,gain,18,3.0,0.020618750811192382,False
final_input_token_layerwise,disclosed,k6,gain,19,3.0,0.013867881133003412,False
final_input_token_layerwise,disclosed,k6,gain,20,3.0,0.011557853576089128,False
final_input_token_layerwise,disclosed,k6,gain,21,3.0,0.023988899884591908,False
final_input_token_layerwise,disclosed,k6,gain,22,3.0,0.009061788170416807,False
final_input_token_layerwise,disclosed,k6,gain,23,3.0,0.028410238990587228,False
final_input_token_layerwise,disclosed,k6,gain,24,3.0,0.0341309241992552,False
final_input_token_layerwise,disclosed,k6,gain,25,3.0,0.020761122897204082,False
final_input_token_layerwise,disclosed,k6,gain,26,3.0,0.02397886609588576,False
final_input_token_layerwise,disclosed,k6,gain,27,3.0,0.03819168616140123,True
final_input_token_layerwise,disclosed,k6,gain,28,3.0,0.037033124566634656,False
final_input_token_layerwise,disclosed,k6,gain,29,3.0,0.021974817284292597,False
final_input_token_layerwise,disclosed,k6,gain,30,3.0,0.02429921071359392,False
final_input_token_layerwise,disclosed,k6,gain,31,3.0,0.03023564576854315,False
final_input_token_layerwise,disclosed,k6,gain,32,3.0,0.02850935708530919,False
final_input_token_layerwise,disclosed,k6,gain,33,3.0,0.02221036747941016,False
final_input_token_layerwise,disclosed,k6,gain,34,3.0,0.013627561291142648,False
final_input_token_layerwise,disclosed,k6,gain,35,3.0,0.007369552011770419,False
final_input_token_layerwise,disclosed,k6,gain,36,3.0,0.01666269824220798,False
final_input_token_layerwise,disclosed,k6,response_residual,0,0.0001,-2.7755575615628914e-17,False
final_input_token_layerwise,disclosed,k6,response_residual,1,100.0,-0.0022874029861877365,False
final_input_token_layerwise,disclosed,k6,response_residual,2,100.0,-0.0018526539987473722,False
final_input_token_layerwise,disclosed,k6,response_residual,3,100.0,-0.0016444725577580144,False
final_input_token_layerwise,disclosed,k6,response_residual,4,100.0,-0.001913787067906264,False
final_input_token_layerwise,disclosed,k6,response_residual,5,100.0,-0.0018805239192576373,False
final_input_token_layerwise,disclosed,k6,response_residual,6,100.0,-0.0017605109007307052,False
final_input_token_layerwise,disclosed,k6,response_residual,7,100.0,-0.0020016014005450056,False
final_input_token_layerwise,disclosed,k6,response_residual,8,100.0,-0.0013511171259377452,False
final_input_token_layerwise,disclosed,k6,response_residual,9,100.0,-0.0010453115864580975,False
final_input_token_layerwise,disclosed,k6,response_residual,10,100.0,-0.00076769932609147,False
final_input_token_layerwise,disclosed,k6,response_residual,11,100.0,-0.0002728775498286595,False
final_input_token_layerwise,disclosed,k6,response_residual,12,100.0,-0.0005259762867818596,False
final_input_token_layerwise,disclosed,k6,response_residual,13,100.0,-0.0006882172683258803,False
final_input_token_layerwise,disclosed,k6,response_residual,14,100.0,-0.0027251466568363747,False
final_input_token_layerwise,disclosed,k6,response_residual,15,100.0,-0.0006628611128580708,False
final_input_token_layerwise,disclosed,k6,response_residual,16,100.0,-1.8224407865530257e-05,False
final_input_token_layerwise,disclosed,k6,response_residual,17,3.0,0.0037478256156953382,False
final_input_token_layerwise,disclosed,k6,response_residual,18,100.0,0.00023393758342651894,False
final_input_token_layerwise,disclosed,k6,response_residual,19,100.0,0.00013983455613517104,False
final_input_token_layerwise,disclosed,k6,response_residual,20,100.0,-0.00010764283662989538,False
final_input_token_layerwise,disclosed,k6,response_residual,21,3.0,0.0039917170628886445,False
final_input_token_layerwise,disclosed,k6,response_residual,22,100.0,0.0006892429428596303,False
final_input_token_layerwise,disclosed,k6,response_residual,23,3.0,0.0023791150794398586,False
final_input_token_layerwise,disclosed,k6,response_residual,24,3.0,0.00199712455072687,False
final_input_token_layerwise,disclosed,k6,response_residual,25,100.0,0.0017234932921869062,False
final_input_token_layerwise,disclosed,k6,response_residual,26,100.0,0.0020031433302931667,False
final_input_token_layerwise,disclosed,k6,response_residual,27,3.0,0.014625494034633563,True
final_input_token_layerwise,disclosed,k6,response_residual,28,3.0,0.010308201266859163,False
final_input_token_layerwise,disclosed,k6,response_residual,29,100.0,0.0018725890149808855,False
final_input_token_layerwise,disclosed,k6,response_residual,30,100.0,0.0017443584134819445,False
final_input_token_layerwise,disclosed,k6,response_residual,31,3.0,0.0030623378785701594,False
final_input_token_layerwise,disclosed,k6,response_residual,32,100.0,0.001568835582622663,False
final_input_token_layerwise,disclosed,k6,response_residual,33,100.0,0.001137511813619596,False
final_input_token_layerwise,disclosed,k6,response_residual,34,100.0,0.0006942389945703287,False
final_input_token_layerwise,disclosed,k6,response_residual,35,100.0,0.0005391486997733952,False
final_input_token_layerwise,disclosed,k6,response_residual,36,100.0,0.000951935785900665,False
final_input_token_layerwise,disclosed,k6,last_target_observation,0,0.0001,-2.7755575615628914e-17,False
final_input_token_layerwise,disclosed,k6,last_target_observation,1,0.1,0.023034377301087733,False
final_input_token_layerwise,disclosed,k6,last_target_observation,2,3.0,0.01057664936554531,False
final_input_token_layerwise,disclosed,k6,last_target_observation,3,3.0,0.009481062194344275,False
final_input_token_layerwise,disclosed,k6,last_target_observation,4,3.0,0.011614961783617983,False
final_input_token_layerwise,disclosed,k6,last_target_observation,5,3.0,0.014119581563207362,False
final_input_token_layerwise,disclosed,k6,last_target_observation,6,3.0,0.006615234512812235,False
final_input_token_layerwise,disclosed,k6,last_target_observation,7,100.0,0.0005875184261427135,False
final_input_token_layerwise,disclosed,k6,last_target_observation,8,3.0,0.0072954289525309635,False
final_input_token_layerwise,disclosed,k6,last_target_observation,9,3.0,0.008653480771293576,False
final_input_token_layerwise,disclosed,k6,last_target_observation,10,100.0,0.0004558449332685566,False
final_input_token_layerwise,disclosed,k6,last_target_observation,11,100.0,0.0003447178030624165,False
final_input_token_layerwise,disclosed,k6,last_target_observation,12,100.0,0.00043042662354950134,False
final_input_token_layerwise,disclosed,k6,last_target_observation,13,3.0,0.010044930643785643,False
final_input_token_layerwise,disclosed,k6,last_target_observation,14,3.0,0.011501679802326303,False
final_input_token_layerwise,disclosed,k6,last_target_observation,15,100.0,-0.0005807337325734185,False
final_input_token_layerwise,disclosed,k6,last_target_observation,16,100.0,-0.0002615509563142493,False
final_input_token_layerwise,disclosed,k6,last_target_observation,17,3.0,0.013486060830886076,False
final_input_token_layerwise,disclosed,k6,last_target_observation,18,3.0,0.012279954515700159,False
final_input_token_layerwise,disclosed,k6,last_target_observation,19,0.1,0.025670400770280682,False
final_input_token_layerwise,disclosed,k6,last_target_observation,20,3.0,0.03813303087198275,False
final_input_token_layerwise,disclosed,k6,last_target_observation,21,3.0,0.037428908830451274,False
final_input_token_layerwise,disclosed,k6,last_target_observation,22,3.0,0.029518598214720054,False
final_input_token_layerwise,disclosed,k6,last_target_observation,23,3.0,0.01002292777521277,False
final_input_token_layerwise,disclosed,k6,last_target_observation,24,3.0,0.009984656490963972,False
final_input_token_layerwise,disclosed,k6,last_target_observation,25,3.0,0.003686949535333217,False
final_input_token_layerwise,disclosed,k6,last_target_observation,26,3.0,0.012265347025122275,False
final_input_token_layerwise,disclosed,k6,last_target_observation,27,3.0,0.02377203081381421,False
final_input_token_layerwise,disclosed,k6,last_target_observation,28,3.0,0.01733512131351425,False
final_input_token_layerwise,disclosed,k6,last_target_observation,29,3.0,0.017290724188986417,False
final_input_token_layerwise,disclosed,k6,last_target_observation,30,3.0,0.01888521434093826,False
final_input_token_layerwise,disclosed,k6,last_target_observation,31,3.0,0.027902366519978516,False
final_input_token_layerwise,disclosed,k6,last_target_observation,32,3.0,0.033197556279380314,False
final_input_token_layerwise,disclosed,k6,last_target_observation,33,3.0,0.047076326801201135,False
final_input_token_layerwise,disclosed,k6,last_target_observation,34,3.0,0.0482711004202829,False
final_input_token_layerwise,disclosed,k6,last_target_observation,35,3.0,0.04904986239295092,True
final_input_token_layerwise,disclosed,k6,last_target_observation,36,3.0,0.04214511966375917,False
final_input_token_layerwise,disclosed,k6,target_observation_mean,0,0.0001,2.7755575615628914e-17,False
final_input_token_layerwise,disclosed,k6,target_observation_mean,1,100.0,-0.012349957762340963,False
final_input_token_layerwise,disclosed,k6,target_observation_mean,2,100.0,-0.004936092129604469,False
final_input_token_layerwise,disclosed,k6,target_observation_mean,3,100.0,-0.004238657291278147,False
final_input_token_layerwise,disclosed,k6,target_observation_mean,4,100.0,-0.0016775248712011803,False
final_input_token_layerwise,disclosed,k6,target_observation_mean,5,100.0,-0.0009316950973649873,False
final_input_token_layerwise,disclosed,k6,target_observation_mean,6,100.0,-0.00031588330015458466,False
final_input_token_layerwise,disclosed,k6,target_observation_mean,7,100.0,0.0009231410591455103,False
final_input_token_layerwise,disclosed,k6,target_observation_mean,8,100.0,0.0027844235008588347,False
final_input_token_layerwise,disclosed,k6,target_observation_mean,9,3.0,0.0019081622354752137,False
final_input_token_layerwise,disclosed,k6,target_observation_mean,10,3.0,0.007679523252973441,False
final_input_token_layerwise,disclosed,k6,target_observation_mean,11,100.0,0.0006999708289604778,False
final_input_token_layerwise,disclosed,k6,target_observation_mean,12,3.0,0.005683306117328063,False
final_input_token_layerwise,disclosed,k6,target_observation_mean,13,3.0,0.02266618107755014,False
final_input_token_layerwise,disclosed,k6,target_observation_mean,14,3.0,0.0042375368971031835,False
final_input_token_layerwise,disclosed,k6,target_observation_mean,15,3.0,0.030644525940183798,False
final_input_token_layerwise,disclosed,k6,target_observation_mean,16,3.0,0.021598510993143527,False
final_input_token_layerwise,disclosed,k6,target_observation_mean,17,3.0,0.01746317450814916,False
final_input_token_layerwise,disclosed,k6,target_observation_mean,18,3.0,0.05423113762733761,False
final_input_token_layerwise,disclosed,k6,target_observation_mean,19,3.0,0.06232543642799612,False
final_input_token_layerwise,disclosed,k6,target_observation_mean,20,0.1,0.12212629626602081,False
final_input_token_layerwise,disclosed,k6,target_observation_mean,21,0.1,0.12366282237810006,False
final_input_token_layerwise,disclosed,k6,target_observation_mean,22,0.1,0.14665176523627316,True
final_input_token_layerwise,disclosed,k6,target_observation_mean,23,3.0,0.09366822507630657,False
final_input_token_layerwise,disclosed,k6,target_observation_mean,24,3.0,0.06902943132959272,False
final_input_token_layerwise,disclosed,k6,target_observation_mean,25,3.0,0.05841719899712519,False
final_input_token_layerwise,disclosed,k6,target_observation_mean,26,3.0,0.0703742235400999,False
final_input_token_layerwise,disclosed,k6,target_observation_mean,27,3.0,0.06562584681543279,False
final_input_token_layerwise,disclosed,k6,target_observation_mean,28,3.0,0.08576088655495806,False
final_input_token_layerwise,disclosed,k6,target_observation_mean,29,3.0,0.07849451182513847,False
final_input_token_layerwise,disclosed,k6,target_observation_mean,30,3.0,0.06234705740709928,False
final_input_token_layerwise,disclosed,k6,target_observation_mean,31,3.0,0.04950538662398532,False
final_input_token_layerwise,disclosed,k6,target_observation_mean,32,3.0,0.04444999025310864,False
final_input_token_layerwise,disclosed,k6,target_observation_mean,33,3.0,0.0360502266092427,False
final_input_token_layerwise,disclosed,k6,target_observation_mean,34,3.0,0.03277077520743288,False
final_input_token_layerwise,disclosed,k6,target_observation_mean,35,3.0,0.0517587996994589,False
final_input_token_layerwise,disclosed,k6,target_observation_mean,36,3.0,0.062163873904044126,False
final_input_token_layerwise,disclosed,k6,target_time_slope,0,0.0001,0.0,False
final_input_token_layerwise,disclosed,k6,target_time_slope,1,3.0,0.0020732818181346535,False
final_input_token_layerwise,disclosed,k6,target_time_slope,2,3.0,0.011260714793774051,False
final_input_token_layerwise,disclosed,k6,target_time_slope,3,3.0,0.016036794611695965,False
final_input_token_layerwise,disclosed,k6,target_time_slope,4,3.0,0.02065591800844019,False
final_input_token_layerwise,disclosed,k6,target_time_slope,5,3.0,0.010056982138239912,False
final_input_token_layerwise,disclosed,k6,target_time_slope,6,100.0,0.00015583995919069005,False
final_input_token_layerwise,disclosed,k6,target_time_slope,7,100.0,-0.00020536639092547104,False
final_input_token_layerwise,disclosed,k6,target_time_slope,8,100.0,0.001129494255958624,False
final_input_token_layerwise,disclosed,k6,target_time_slope,9,3.0,0.004825080880696192,False
final_input_token_layerwise,disclosed,k6,target_time_slope,10,100.0,0.00041618934745191183,False
final_input_token_layerwise,disclosed,k6,target_time_slope,11,100.0,-7.998903673639424e-05,False
final_input_token_layerwise,disclosed,k6,target_time_slope,12,100.0,-0.0004941137387838024,False
final_input_token_layerwise,disclosed,k6,target_time_slope,13,100.0,-0.0007363994224697523,False
final_input_token_layerwise,disclosed,k6,target_time_slope,14,100.0,-0.0004757195269214365,False
final_input_token_layerwise,disclosed,k6,target_time_slope,15,100.0,-0.002070439576841998,False
final_input_token_layerwise,disclosed,k6,target_time_slope,16,100.0,-0.0013465539350336064,False
final_input_token_layerwise,disclosed,k6,target_time_slope,17,100.0,-0.00011800405899839439,False
final_input_token_layerwise,disclosed,k6,target_time_slope,18,3.0,0.004932851837441382,False
final_input_token_layerwise,disclosed,k6,target_time_slope,19,3.0,0.03061973062705242,False
final_input_token_layerwise,disclosed,k6,target_time_slope,20,3.0,0.04001054158907308,False
final_input_token_layerwise,disclosed,k6,target_time_slope,21,3.0,0.04348409009248569,False
final_input_token_layerwise,disclosed,k6,target_time_slope,22,0.1,0.13294269022001154,True
final_input_token_layerwise,disclosed,k6,target_time_slope,23,0.1,0.05789020830587091,False
final_input_token_layerwise,disclosed,k6,target_time_slope,24,0.1,0.05784316594984237,False
final_input_token_layerwise,disclosed,k6,target_time_slope,25,0.1,0.029107863150598434,False
final_input_token_layerwise,disclosed,k6,target_time_slope,26,3.0,0.01759754445210926,False
final_input_token_layerwise,disclosed,k6,target_time_slope,27,3.0,0.023974895252220935,False
final_input_token_layerwise,disclosed,k6,target_time_slope,28,3.0,0.018354735834838154,False
final_input_token_layerwise,disclosed,k6,target_time_slope,29,3.0,0.013147332274973889,False
final_input_token_layerwise,disclosed,k6,target_time_slope,30,3.0,0.014203785141323616,False
final_input_token_layerwise,disclosed,k6,target_time_slope,31,3.0,0.023730013324659516,False
final_input_token_layerwise,disclosed,k6,target_time_slope,32,3.0,0.021469108803481185,False
final_input_token_layerwise,disclosed,k6,target_time_slope,33,3.0,0.03916703144793404,False
final_input_token_layerwise,disclosed,k6,target_time_slope,34,3.0,0.032630188862333126,False
final_input_token_layerwise,disclosed,k6,target_time_slope,35,0.1,0.07391582262379079,False
final_input_token_layerwise,disclosed,k6,target_time_slope,36,3.0,0.05053100263604468,False
final_input_token_layerwise,disclosed,k6,displayed_driver_outcome_slope,0,0.0001,-5.551115123125783e-17,False
final_input_token_layerwise,disclosed,k6,displayed_driver_outcome_slope,1,100.0,-0.002347028443752175,False
final_input_token_layerwise,disclosed,k6,displayed_driver_outcome_slope,2,100.0,-0.0025507479185875037,False
final_input_token_layerwise,disclosed,k6,displayed_driver_outcome_slope,3,100.0,-0.0021494237832784258,False
final_input_token_layerwise,disclosed,k6,displayed_driver_outcome_slope,4,100.0,-0.0014107806258496502,False
final_input_token_layerwise,disclosed,k6,displayed_driver_outcome_slope,5,100.0,-0.0013537004669824104,False
final_input_token_layerwise,disclosed,k6,displayed_driver_outcome_slope,6,100.0,-0.0014395808031653634,False
final_input_token_layerwise,disclosed,k6,displayed_driver_outcome_slope,7,100.0,-0.0018498147351860283,False
final_input_token_layerwise,disclosed,k6,displayed_driver_outcome_slope,8,100.0,-0.0003828925909233616,False
final_input_token_layerwise,disclosed,k6,displayed_driver_outcome_slope,9,100.0,-0.0007162873218571342,False
final_input_token_layerwise,disclosed,k6,displayed_driver_outcome_slope,10,100.0,-0.0010929112695633458,False
final_input_token_layerwise,disclosed,k6,displayed_driver_outcome_slope,11,100.0,-0.0007763037027428143,False
final_input_token_layerwise,disclosed,k6,displayed_driver_outcome_slope,12,100.0,-0.0011929254046948445,False
final_input_token_layerwise,disclosed,k6,displayed_driver_outcome_slope,13,100.0,-0.0014176590584321636,False
final_input_token_layerwise,disclosed,k6,displayed_driver_outcome_slope,14,100.0,-0.002240079350358304,False
final_input_token_layerwise,disclosed,k6,displayed_driver_outcome_slope,15,100.0,-0.0013778541728242388,False
final_input_token_layerwise,disclosed,k6,displayed_driver_outcome_slope,16,100.0,-0.001602589605624427,False
final_input_token_layerwise,disclosed,k6,displayed_driver_outcome_slope,17,100.0,-0.0004284324714717569,False
final_input_token_layerwise,disclosed,k6,displayed_driver_outcome_slope,18,100.0,-0.0005867201952030054,False
final_input_token_layerwise,disclosed,k6,displayed_driver_outcome_slope,19,100.0,-0.0005743526890518158,False
final_input_token_layerwise,disclosed,k6,displayed_driver_outcome_slope,20,100.0,-0.0011256215566690653,False
final_input_token_layerwise,disclosed,k6,displayed_driver_outcome_slope,21,100.0,-0.0010270693456733426,False
final_input_token_layerwise,disclosed,k6,displayed_driver_outcome_slope,22,100.0,-0.0015712109846134914,False
final_input_token_layerwise,disclosed,k6,displayed_driver_outcome_slope,23,100.0,-9.82998422977277e-05,False
final_input_token_layerwise,disclosed,k6,displayed_driver_outcome_slope,24,100.0,0.00015951733227229092,False
final_input_token_layerwise,disclosed,k6,displayed_driver_outcome_slope,25,100.0,0.0001713455772033856,False
final_input_token_layerwise,disclosed,k6,displayed_driver_outcome_slope,26,100.0,0.00026338176252882484,True
final_input_token_layerwise,disclosed,k6,displayed_driver_outcome_slope,27,100.0,-0.00037443723223631875,False
final_input_token_layerwise,disclosed,k6,displayed_driver_outcome_slope,28,100.0,-0.0009624295203980449,False
final_input_token_layerwise,disclosed,k6,displayed_driver_outcome_slope,29,100.0,-0.0008606991284021426,False
final_input_token_layerwise,disclosed,k6,displayed_driver_outcome_slope,30,100.0,-0.0003395144967768826,False
final_input_token_layerwise,disclosed,k6,displayed_driver_outcome_slope,31,100.0,-0.00029721858929343536,False
final_input_token_layerwise,disclosed,k6,displayed_driver_outcome_slope,32,100.0,-0.0009631460733527941,False
final_input_token_layerwise,disclosed,k6,displayed_driver_outcome_slope,33,100.0,-0.0008279432037530954,False
final_input_token_layerwise,disclosed,k6,displayed_driver_outcome_slope,34,100.0,-0.0011857266936533273,False
final_input_token_layerwise,disclosed,k6,displayed_driver_outcome_slope,35,100.0,-0.0011799785920044714,False
final_input_token_layerwise,disclosed,k6,displayed_driver_outcome_slope,36,100.0,-0.0010309264396068663,False
final_input_token_layerwise,disclosed,k6,oracle_posterior_gain,0,0.0001,-5.551115123125783e-17,False
final_input_token_layerwise,disclosed,k6,oracle_posterior_gain,1,100.0,-0.005512683102007865,False
final_input_token_layerwise,disclosed,k6,oracle_posterior_gain,2,100.0,-0.004000301857917332,False
final_input_token_layerwise,disclosed,k6,oracle_posterior_gain,3,100.0,-0.0031285192973788123,False
final_input_token_layerwise,disclosed,k6,oracle_posterior_gain,4,100.0,-0.0009386081775447086,False
final_input_token_layerwise,disclosed,k6,oracle_posterior_gain,5,100.0,-0.0008776379623271768,False
final_input_token_layerwise,disclosed,k6,oracle_posterior_gain,6,100.0,-0.0003790219032595299,False
final_input_token_layerwise,disclosed,k6,oracle_posterior_gain,7,100.0,-0.0009422144364994167,False
final_input_token_layerwise,disclosed,k6,oracle_posterior_gain,8,100.0,0.00018983069649372575,False
final_input_token_layerwise,disclosed,k6,oracle_posterior_gain,9,100.0,-0.00019123762474754225,False
final_input_token_layerwise,disclosed,k6,oracle_posterior_gain,10,100.0,0.000141088394169403,False
final_input_token_layerwise,disclosed,k6,oracle_posterior_gain,11,100.0,0.00036307356693732196,False
final_input_token_layerwise,disclosed,k6,oracle_posterior_gain,12,100.0,-0.0003382079041821251,False
final_input_token_layerwise,disclosed,k6,oracle_posterior_gain,13,100.0,-0.0004932169519050733,False
final_input_token_layerwise,disclosed,k6,oracle_posterior_gain,14,100.0,-0.002178507277608821,False
final_input_token_layerwise,disclosed,k6,oracle_posterior_gain,15,100.0,-0.0010125032720540439,False
final_input_token_layerwise,disclosed,k6,oracle_posterior_gain,16,100.0,-0.000125826576104493,False
final_input_token_layerwise,disclosed,k6,oracle_posterior_gain,17,100.0,0.00043876468881060005,False
final_input_token_layerwise,disclosed,k6,oracle_posterior_gain,18,100.0,0.0007057900814382845,False
final_input_token_layerwise,disclosed,k6,oracle_posterior_gain,19,3.0,0.017112020151560714,False
final_input_token_layerwise,disclosed,k6,oracle_posterior_gain,20,3.0,0.02608183409009887,False
final_input_token_layerwise,disclosed,k6,oracle_posterior_gain,21,3.0,0.018264086429489707,False
final_input_token_layerwise,disclosed,k6,oracle_posterior_gain,22,3.0,0.02301145495358234,False
final_input_token_layerwise,disclosed,k6,oracle_posterior_gain,23,3.0,0.04875889940975428,False
final_input_token_layerwise,disclosed,k6,oracle_posterior_gain,24,3.0,0.02982190000147078,False
final_input_token_layerwise,disclosed,k6,oracle_posterior_gain,25,3.0,0.043851406789139846,False
final_input_token_layerwise,disclosed,k6,oracle_posterior_gain,26,3.0,0.04293096601688284,False
final_input_token_layerwise,disclosed,k6,oracle_posterior_gain,27,3.0,0.05883210012415113,False
final_input_token_layerwise,disclosed,k6,oracle_posterior_gain,28,3.0,0.05105294044372283,False
final_input_token_layerwise,disclosed,k6,oracle_posterior_gain,29,3.0,0.04853577488075231,False
final_input_token_layerwise,disclosed,k6,oracle_posterior_gain,30,3.0,0.06556999611396788,True
final_input_token_layerwise,disclosed,k6,oracle_posterior_gain,31,3.0,0.05672150714304072,False
final_input_token_layerwise,disclosed,k6,oracle_posterior_gain,32,3.0,0.03513675082577952,False
final_input_token_layerwise,disclosed,k6,oracle_posterior_gain,33,3.0,0.02978208991983264,False
final_input_token_layerwise,disclosed,k6,oracle_posterior_gain,34,3.0,0.0006101420426775361,False
final_input_token_layerwise,disclosed,k6,oracle_posterior_gain,35,3.0,0.0063337602045277774,False
final_input_token_layerwise,disclosed,k6,oracle_posterior_gain,36,3.0,0.01722352929436871,False
final_input_token_layerwise,disclosed,k9,gain,0,0.0001,0.0,False
final_input_token_layerwise,disclosed,k9,gain,1,100.0,-0.002856875365387701,False
final_input_token_layerwise,disclosed,k9,gain,2,100.0,-0.0015509575839469103,False
final_input_token_layerwise,disclosed,k9,gain,3,100.0,-0.000929810311550594,False
final_input_token_layerwise,disclosed,k9,gain,4,3.0,0.002398473963374753,False
final_input_token_layerwise,disclosed,k9,gain,5,3.0,0.0011095028205206081,False
final_input_token_layerwise,disclosed,k9,gain,6,3.0,0.0010333537555933248,False
final_input_token_layerwise,disclosed,k9,gain,7,3.0,0.0009221571124181094,False
final_input_token_layerwise,disclosed,k9,gain,8,100.0,-0.0004090875537212102,False
final_input_token_layerwise,disclosed,k9,gain,9,100.0,-0.00027959636481972305,False
final_input_token_layerwise,disclosed,k9,gain,10,100.0,0.0003033092308376839,False
final_input_token_layerwise,disclosed,k9,gain,11,100.0,0.00043553425665124323,False
final_input_token_layerwise,disclosed,k9,gain,12,100.0,0.00041533536266494253,False
final_input_token_layerwise,disclosed,k9,gain,13,100.0,0.00026979746341365685,False
final_input_token_layerwise,disclosed,k9,gain,14,100.0,-0.0009478919590362178,False
final_input_token_layerwise,disclosed,k9,gain,15,100.0,-5.713821253339191e-05,False
final_input_token_layerwise,disclosed,k9,gain,16,100.0,0.0005705071508792237,False
final_input_token_layerwise,disclosed,k9,gain,17,100.0,0.00016451086726823605,False
final_input_token_layerwise,disclosed,k9,gain,18,100.0,-0.0007425181986603913,False
final_input_token_layerwise,disclosed,k9,gain,19,100.0,-0.0006811437062886061,False
final_input_token_layerwise,disclosed,k9,gain,20,3.0,0.0039049434090137614,False
final_input_token_layerwise,disclosed,k9,gain,21,3.0,0.02411563877267775,False
final_input_token_layerwise,disclosed,k9,gain,22,3.0,0.03517088544705299,False
final_input_token_layerwise,disclosed,k9,gain,23,3.0,0.0446960036614901,False
final_input_token_layerwise,disclosed,k9,gain,24,3.0,0.021633031483494825,False
final_input_token_layerwise,disclosed,k9,gain,25,3.0,0.029092007229498507,False
final_input_token_layerwise,disclosed,k9,gain,26,3.0,0.028851943746263015,False
final_input_token_layerwise,disclosed,k9,gain,27,3.0,0.03658887442184208,False
final_input_token_layerwise,disclosed,k9,gain,28,0.1,0.04278907544191804,False
final_input_token_layerwise,disclosed,k9,gain,29,3.0,0.0271405391683201,False
final_input_token_layerwise,disclosed,k9,gain,30,3.0,0.014792865068395722,False
final_input_token_layerwise,disclosed,k9,gain,31,3.0,0.021697848367947498,False
final_input_token_layerwise,disclosed,k9,gain,32,3.0,0.020539749232326904,False
final_input_token_layerwise,disclosed,k9,gain,33,0.1,0.05123577776262009,True
final_input_token_layerwise,disclosed,k9,gain,34,0.1,0.024366447761923288,False
final_input_token_layerwise,disclosed,k9,gain,35,3.0,0.02671227566624293,False
final_input_token_layerwise,disclosed,k9,gain,36,0.1,0.03611244595027849,False
final_input_token_layerwise,disclosed,k9,response_residual,0,0.0001,-2.7755575615628914e-17,False
final_input_token_layerwise,disclosed,k9,response_residual,1,100.0,-0.003303085883721968,False
final_input_token_layerwise,disclosed,k9,response_residual,2,100.0,-0.0016779759406238548,False
final_input_token_layerwise,disclosed,k9,response_residual,3,100.0,-0.0009017025044459059,False
final_input_token_layerwise,disclosed,k9,response_residual,4,100.0,-4.699351450707101e-05,False
final_input_token_layerwise,disclosed,k9,response_residual,5,3.0,0.00017854466923444834,False
final_input_token_layerwise,disclosed,k9,response_residual,6,100.0,-6.2621902574000465e-06,False
final_input_token_layerwise,disclosed,k9,response_residual,7,100.0,1.3154079056137968e-05,False
final_input_token_layerwise,disclosed,k9,response_residual,8,100.0,-0.0005184804395487186,False
final_input_token_layerwise,disclosed,k9,response_residual,9,100.0,-0.00020826179180577498,False
final_input_token_layerwise,disclosed,k9,response_residual,10,100.0,0.0002724546199636968,False
final_input_token_layerwise,disclosed,k9,response_residual,11,100.0,0.0006991443139331421,False
final_input_token_layerwise,disclosed,k9,response_residual,12,100.0,0.0007024792057017948,False
final_input_token_layerwise,disclosed,k9,response_residual,13,100.0,0.00038179049651104746,False
final_input_token_layerwise,disclosed,k9,response_residual,14,100.0,-0.0006645821643501693,False
final_input_token_layerwise,disclosed,k9,response_residual,15,100.0,-2.3959745228702145e-05,False
final_input_token_layerwise,disclosed,k9,response_residual,16,100.0,0.0005124446476537647,False
final_input_token_layerwise,disclosed,k9,response_residual,17,100.0,0.000352583045594157,False
final_input_token_layerwise,disclosed,k9,response_residual,18,100.0,-0.0005087365744806671,False
final_input_token_layerwise,disclosed,k9,response_residual,19,100.0,-0.00040634644770787265,False
final_input_token_layerwise,disclosed,k9,response_residual,20,100.0,0.000363377611506982,False
final_input_token_layerwise,disclosed,k9,response_residual,21,3.0,0.009627174818552076,False
final_input_token_layerwise,disclosed,k9,response_residual,22,3.0,0.015142404412548494,False
final_input_token_layerwise,disclosed,k9,response_residual,23,3.0,0.030307338111384502,True
final_input_token_layerwise,disclosed,k9,response_residual,24,3.0,0.016453536716187517,False
final_input_token_layerwise,disclosed,k9,response_residual,25,3.0,0.02077278643627961,False
final_input_token_layerwise,disclosed,k9,response_residual,26,3.0,0.019809640598531686,False
final_input_token_layerwise,disclosed,k9,response_residual,27,3.0,0.022700930870609454,False
final_input_token_layerwise,disclosed,k9,response_residual,28,3.0,0.016639712017712666,False
final_input_token_layerwise,disclosed,k9,response_residual,29,3.0,0.010188987017214657,False
final_input_token_layerwise,disclosed,k9,response_residual,30,100.0,0.0017141955522261276,False
final_input_token_layerwise,disclosed,k9,response_residual,31,3.0,0.007344172065262555,False
final_input_token_layerwise,disclosed,k9,response_residual,32,3.0,0.010005713199117,False
final_input_token_layerwise,disclosed,k9,response_residual,33,3.0,0.009806509419348741,False
final_input_token_layerwise,disclosed,k9,response_residual,34,3.0,0.0036889426953367055,False
final_input_token_layerwise,disclosed,k9,response_residual,35,3.0,0.010568940280679923,False
final_input_token_layerwise,disclosed,k9,response_residual,36,3.0,0.007636760344889748,False
final_input_token_layerwise,disclosed,k9,last_target_observation,0,0.0001,1.3877787807814457e-16,False
final_input_token_layerwise,disclosed,k9,last_target_observation,1,100.0,-0.005654023011171405,False
final_input_token_layerwise,disclosed,k9,last_target_observation,2,100.0,-0.005245204866328568,False
final_input_token_layerwise,disclosed,k9,last_target_observation,3,100.0,-0.0037549842253886134,False
final_input_token_layerwise,disclosed,k9,last_target_observation,4,100.0,-0.0018463870363255308,False
final_input_token_layerwise,disclosed,k9,last_target_observation,5,100.0,-0.0009828874546531918,False
final_input_token_layerwise,disclosed,k9,last_target_observation,6,100.0,-0.0007467823172832844,False
final_input_token_layerwise,disclosed,k9,last_target_observation,7,100.0,-0.00031604444629490525,False
final_input_token_layerwise,disclosed,k9,last_target_observation,8,100.0,-0.0002588777656714336,False
final_input_token_layerwise,disclosed,k9,last_target_observation,9,100.0,-0.000495305782306471,False
final_input_token_layerwise,disclosed,k9,last_target_observation,10,100.0,-0.0007984931902786929,False
final_input_token_layerwise,disclosed,k9,last_target_observation,11,100.0,0.00020803893315640698,False
final_input_token_layerwise,disclosed,k9,last_target_observation,12,100.0,0.00015976513538959458,False
final_input_token_layerwise,disclosed,k9,last_target_observation,13,100.0,0.0006645402810811496,False
final_input_token_layerwise,disclosed,k9,last_target_observation,14,100.0,-0.0004370601038981847,False
final_input_token_layerwise,disclosed,k9,last_target_observation,15,100.0,-0.000853337204794663,False
final_input_token_layerwise,disclosed,k9,last_target_observation,16,100.0,-0.0003857832614559964,False
final_input_token_layerwise,disclosed,k9,last_target_observation,17,100.0,-0.00017556213571695567,False
final_input_token_layerwise,disclosed,k9,last_target_observation,18,100.0,-4.485104339838064e-05,False
final_input_token_layerwise,disclosed,k9,last_target_observation,19,3.0,0.03609858289653975,False
final_input_token_layerwise,disclosed,k9,last_target_observation,20,3.0,0.05094599598320523,True
final_input_token_layerwise,disclosed,k9,last_target_observation,21,3.0,0.021885614966728528,False
final_input_token_layerwise,disclosed,k9,last_target_observation,22,3.0,0.04003121761705747,False
final_input_token_layerwise,disclosed,k9,last_target_observation,23,3.0,0.03376819756943883,False
final_input_token_layerwise,disclosed,k9,last_target_observation,24,3.0,0.0012816402966895624,False
final_input_token_layerwise,disclosed,k9,last_target_observation,25,3.0,0.004153499209673894,False
final_input_token_layerwise,disclosed,k9,last_target_observation,26,3.0,0.006756018546401149,False
final_input_token_layerwise,disclosed,k9,last_target_observation,27,3.0,0.026087926640069925,False
final_input_token_layerwise,disclosed,k9,last_target_observation,28,3.0,0.032637767327299144,False
final_input_token_layerwise,disclosed,k9,last_target_observation,29,3.0,0.01425754603388038,False
final_input_token_layerwise,disclosed,k9,last_target_observation,30,3.0,0.0015780366324096573,False
final_input_token_layerwise,disclosed,k9,last_target_observation,31,3.0,0.005062655537798888,False
final_input_token_layerwise,disclosed,k9,last_target_observation,32,3.0,0.009057259632626852,False
final_input_token_layerwise,disclosed,k9,last_target_observation,33,3.0,0.01846032535080297,False
final_input_token_layerwise,disclosed,k9,last_target_observation,34,3.0,0.024530792919994188,False
final_input_token_layerwise,disclosed,k9,last_target_observation,35,3.0,0.017831543132121097,False
final_input_token_layerwise,disclosed,k9,last_target_observation,36,3.0,0.017688965382931354,False
final_input_token_layerwise,disclosed,k9,target_observation_mean,0,0.0001,3.885780586188048e-16,False
final_input_token_layerwise,disclosed,k9,target_observation_mean,1,100.0,0.004747337064593626,False
final_input_token_layerwise,disclosed,k9,target_observation_mean,2,100.0,0.0024109816953815644,False
final_input_token_layerwise,disclosed,k9,target_observation_mean,3,3.0,0.013765271392605527,False
final_input_token_layerwise,disclosed,k9,target_observation_mean,4,100.0,0.0007183620946934477,False
final_input_token_layerwise,disclosed,k9,target_observation_mean,5,100.0,0.0006195624504755082,False
final_input_token_layerwise,disclosed,k9,target_observation_mean,6,100.0,0.0004167831300021241,False
final_input_token_layerwise,disclosed,k9,target_observation_mean,7,3.0,0.0005101092876310109,False
final_input_token_layerwise,disclosed,k9,target_observation_mean,8,100.0,0.0008314112821902475,False
final_input_token_layerwise,disclosed,k9,target_observation_mean,9,100.0,0.0003431265534570571,False
final_input_token_layerwise,disclosed,k9,target_observation_mean,10,100.0,0.00024144426053207546,False
final_input_token_layerwise,disclosed,k9,target_observation_mean,11,100.0,-5.629137746987478e-05,False
final_input_token_layerwise,disclosed,k9,target_observation_mean,12,100.0,-9.049094887597642e-05,False
final_input_token_layerwise,disclosed,k9,target_observation_mean,13,100.0,-0.00042648988063154203,False
final_input_token_layerwise,disclosed,k9,target_observation_mean,14,100.0,-0.0017344879445445605,False
final_input_token_layerwise,disclosed,k9,target_observation_mean,15,100.0,-0.0008235875729357411,False
final_input_token_layerwise,disclosed,k9,target_observation_mean,16,100.0,-0.0015540186807545542,False
final_input_token_layerwise,disclosed,k9,target_observation_mean,17,100.0,-0.0010145841210368878,False
final_input_token_layerwise,disclosed,k9,target_observation_mean,18,100.0,-0.00021068543600105683,False
final_input_token_layerwise,disclosed,k9,target_observation_mean,19,3.0,0.007362869249861043,False
final_input_token_layerwise,disclosed,k9,target_observation_mean,20,3.0,0.018620306565577643,False
final_input_token_layerwise,disclosed,k9,target_observation_mean,21,3.0,0.0450597977774328,False
final_input_token_layerwise,disclosed,k9,target_observation_mean,22,3.0,0.04788595084025002,True
final_input_token_layerwise,disclosed,k9,target_observation_mean,23,3.0,0.034563602329324844,False
final_input_token_layerwise,disclosed,k9,target_observation_mean,24,3.0,0.010976177295114381,False
final_input_token_layerwise,disclosed,k9,target_observation_mean,25,100.0,1.2430807638907915e-05,False
final_input_token_layerwise,disclosed,k9,target_observation_mean,26,100.0,-0.00044686605803687107,False
final_input_token_layerwise,disclosed,k9,target_observation_mean,27,100.0,-0.00034451386551997976,False
final_input_token_layerwise,disclosed,k9,target_observation_mean,28,100.0,7.662166897132172e-05,False
final_input_token_layerwise,disclosed,k9,target_observation_mean,29,100.0,-0.00032090838133458366,False
final_input_token_layerwise,disclosed,k9,target_observation_mean,30,100.0,-0.0008700667193509981,False
final_input_token_layerwise,disclosed,k9,target_observation_mean,31,100.0,-0.00044684359395361084,False
final_input_token_layerwise,disclosed,k9,target_observation_mean,32,100.0,-0.0007579924462312038,False
final_input_token_layerwise,disclosed,k9,target_observation_mean,33,100.0,-0.0007062089131635585,False
final_input_token_layerwise,disclosed,k9,target_observation_mean,34,100.0,-0.0009732815212559753,False
final_input_token_layerwise,disclosed,k9,target_observation_mean,35,100.0,-0.00024298317673596137,False
final_input_token_layerwise,disclosed,k9,target_observation_mean,36,100.0,-0.00019359964123533135,False
final_input_token_layerwise,disclosed,k9,target_time_slope,0,0.0001,0.0,False
final_input_token_layerwise,disclosed,k9,target_time_slope,1,3.0,0.00845228054378494,False
final_input_token_layerwise,disclosed,k9,target_time_slope,2,100.0,-0.0028742752078855793,False
final_input_token_layerwise,disclosed,k9,target_time_slope,3,100.0,-0.0021505444195601686,False
final_input_token_layerwise,disclosed,k9,target_time_slope,4,100.0,-0.001232298743719551,False
final_input_token_layerwise,disclosed,k9,target_time_slope,5,100.0,-0.000834523320456193,False
final_input_token_layerwise,disclosed,k9,target_time_slope,6,100.0,-0.000657889020401814,False
final_input_token_layerwise,disclosed,k9,target_time_slope,7,100.0,-0.0006128138084810775,False
final_input_token_layerwise,disclosed,k9,target_time_slope,8,100.0,-0.0007559045769893469,False
final_input_token_layerwise,disclosed,k9,target_time_slope,9,100.0,-0.0018256834556877877,False
final_input_token_layerwise,disclosed,k9,target_time_slope,10,100.0,-0.001640300204940437,False
final_input_token_layerwise,disclosed,k9,target_time_slope,11,100.0,-6.542205412990443e-06,False
final_input_token_layerwise,disclosed,k9,target_time_slope,12,3.0,0.017589376466657397,False
final_input_token_layerwise,disclosed,k9,target_time_slope,13,3.0,0.004194259830755415,False
final_input_token_layerwise,disclosed,k9,target_time_slope,14,100.0,-0.002038986731054182,False
final_input_token_layerwise,disclosed,k9,target_time_slope,15,100.0,-0.0011426843015637789,False
final_input_token_layerwise,disclosed,k9,target_time_slope,16,100.0,-0.0014974216967532095,False
final_input_token_layerwise,disclosed,k9,target_time_slope,17,100.0,-0.0014027556982485478,False
final_input_token_layerwise,disclosed,k9,target_time_slope,18,100.0,7.946695369581702e-05,False
final_input_token_layerwise,disclosed,k9,target_time_slope,19,3.0,0.06895798726731886,False
final_input_token_layerwise,disclosed,k9,target_time_slope,20,3.0,0.1257278573095531,True
final_input_token_layerwise,disclosed,k9,target_time_slope,21,3.0,0.10629979782768056,False
final_input_token_layerwise,disclosed,k9,target_time_slope,22,3.0,0.10483678466473248,False
final_input_token_layerwise,disclosed,k9,target_time_slope,23,3.0,0.09463733467615065,False
final_input_token_layerwise,disclosed,k9,target_time_slope,24,3.0,0.06041432810282496,False
final_input_token_layerwise,disclosed,k9,target_time_slope,25,3.0,0.034516694262156616,False
final_input_token_layerwise,disclosed,k9,target_time_slope,26,3.0,0.017620441453384844,False
final_input_token_layerwise,disclosed,k9,target_time_slope,27,3.0,0.009151349666348202,False
final_input_token_layerwise,disclosed,k9,target_time_slope,28,3.0,0.021258433752187583,False
final_input_token_layerwise,disclosed,k9,target_time_slope,29,3.0,0.010242772789427063,False
final_input_token_layerwise,disclosed,k9,target_time_slope,30,3.0,0.012176331954118436,False
final_input_token_layerwise,disclosed,k9,target_time_slope,31,3.0,0.01477684865002668,False
final_input_token_layerwise,disclosed,k9,target_time_slope,32,3.0,0.007678682088426397,False
final_input_token_layerwise,disclosed,k9,target_time_slope,33,3.0,0.008918946599114241,False
final_input_token_layerwise,disclosed,k9,target_time_slope,34,3.0,0.006598481157912034,False
final_input_token_layerwise,disclosed,k9,target_time_slope,35,3.0,0.01201873234095549,False
final_input_token_layerwise,disclosed,k9,target_time_slope,36,3.0,0.030996103628721766,False
final_input_token_layerwise,disclosed,k9,displayed_driver_outcome_slope,0,0.0001,-1.1102230246251565e-16,False
final_input_token_layerwise,disclosed,k9,displayed_driver_outcome_slope,1,100.0,0.00980824202925018,False
final_input_token_layerwise,disclosed,k9,displayed_driver_outcome_slope,2,3.0,0.01244147027557807,False
final_input_token_layerwise,disclosed,k9,displayed_driver_outcome_slope,3,3.0,0.03241717736273214,False
final_input_token_layerwise,disclosed,k9,displayed_driver_outcome_slope,4,3.0,0.03187877413741916,False
final_input_token_layerwise,disclosed,k9,displayed_driver_outcome_slope,5,3.0,0.020052999808387678,False
final_input_token_layerwise,disclosed,k9,displayed_driver_outcome_slope,6,3.0,0.020154946675618235,False
final_input_token_layerwise,disclosed,k9,displayed_driver_outcome_slope,7,3.0,0.022759873844799966,False
final_input_token_layerwise,disclosed,k9,displayed_driver_outcome_slope,8,3.0,0.014432784413317273,False
final_input_token_layerwise,disclosed,k9,displayed_driver_outcome_slope,9,3.0,0.021968159602446163,False
final_input_token_layerwise,disclosed,k9,displayed_driver_outcome_slope,10,3.0,0.020898480958216697,False
final_input_token_layerwise,disclosed,k9,displayed_driver_outcome_slope,11,3.0,0.03741221579443563,False
final_input_token_layerwise,disclosed,k9,displayed_driver_outcome_slope,12,3.0,0.03003191216197354,False
final_input_token_layerwise,disclosed,k9,displayed_driver_outcome_slope,13,3.0,0.039508452087370804,False
final_input_token_layerwise,disclosed,k9,displayed_driver_outcome_slope,14,3.0,0.05318243934950401,False
final_input_token_layerwise,disclosed,k9,displayed_driver_outcome_slope,15,3.0,0.01442345866125369,False
final_input_token_layerwise,disclosed,k9,displayed_driver_outcome_slope,16,100.0,0.0006705345526372142,False
final_input_token_layerwise,disclosed,k9,displayed_driver_outcome_slope,17,100.0,-2.9565292485322914e-05,False
final_input_token_layerwise,disclosed,k9,displayed_driver_outcome_slope,18,3.0,0.0013648764774290556,False
final_input_token_layerwise,disclosed,k9,displayed_driver_outcome_slope,19,3.0,0.04987806143052312,False
final_input_token_layerwise,disclosed,k9,displayed_driver_outcome_slope,20,3.0,0.045836477112845025,False
final_input_token_layerwise,disclosed,k9,displayed_driver_outcome_slope,21,3.0,0.051081565103911875,False
final_input_token_layerwise,disclosed,k9,displayed_driver_outcome_slope,22,3.0,0.030415874572669477,False
final_input_token_layerwise,disclosed,k9,displayed_driver_outcome_slope,23,3.0,0.05398154561601895,True
final_input_token_layerwise,disclosed,k9,displayed_driver_outcome_slope,24,3.0,0.03167093979951502,False
final_input_token_layerwise,disclosed,k9,displayed_driver_outcome_slope,25,3.0,0.01557652643092941,False
final_input_token_layerwise,disclosed,k9,displayed_driver_outcome_slope,26,3.0,0.028676579975486866,False
final_input_token_layerwise,disclosed,k9,displayed_driver_outcome_slope,27,3.0,0.04074352053172975,False
final_input_token_layerwise,disclosed,k9,displayed_driver_outcome_slope,28,3.0,0.036181100411282086,False
final_input_token_layerwise,disclosed,k9,displayed_driver_outcome_slope,29,3.0,0.03758140027509729,False
final_input_token_layerwise,disclosed,k9,displayed_driver_outcome_slope,30,3.0,0.036732131913117666,False
final_input_token_layerwise,disclosed,k9,displayed_driver_outcome_slope,31,3.0,0.030171276442879202,False
final_input_token_layerwise,disclosed,k9,displayed_driver_outcome_slope,32,3.0,0.020409728612624023,False
final_input_token_layerwise,disclosed,k9,displayed_driver_outcome_slope,33,3.0,0.01725320659409002,False
final_input_token_layerwise,disclosed,k9,displayed_driver_outcome_slope,34,3.0,0.007488787575744754,False
final_input_token_layerwise,disclosed,k9,displayed_driver_outcome_slope,35,3.0,0.012855425962792266,False
final_input_token_layerwise,disclosed,k9,displayed_driver_outcome_slope,36,3.0,0.006455872912125238,False
final_input_token_layerwise,disclosed,k9,oracle_posterior_gain,0,0.0001,0.0,False
final_input_token_layerwise,disclosed,k9,oracle_posterior_gain,1,100.0,-0.0014303323382650335,False
final_input_token_layerwise,disclosed,k9,oracle_posterior_gain,2,100.0,-0.0007202156657062364,False
final_input_token_layerwise,disclosed,k9,oracle_posterior_gain,3,0.1,0.024922341350318067,False
final_input_token_layerwise,disclosed,k9,oracle_posterior_gain,4,3.0,0.011845217982779294,False
final_input_token_layerwise,disclosed,k9,oracle_posterior_gain,5,100.0,-9.4264320196491e-06,False
final_input_token_layerwise,disclosed,k9,oracle_posterior_gain,6,3.0,0.006245685964407027,False
final_input_token_layerwise,disclosed,k9,oracle_posterior_gain,7,3.0,0.01037597407872995,False
final_input_token_layerwise,disclosed,k9,oracle_posterior_gain,8,100.0,-0.00038342623551823607,False
final_input_token_layerwise,disclosed,k9,oracle_posterior_gain,9,100.0,9.198216145872573e-05,False
final_input_token_layerwise,disclosed,k9,oracle_posterior_gain,10,100.0,-4.8416415423635506e-05,False
final_input_token_layerwise,disclosed,k9,oracle_posterior_gain,11,100.0,-0.001330216254583988,False
final_input_token_layerwise,disclosed,k9,oracle_posterior_gain,12,100.0,-0.0006854625087127364,False
final_input_token_layerwise,disclosed,k9,oracle_posterior_gain,13,100.0,3.968111293023435e-06,False
final_input_token_layerwise,disclosed,k9,oracle_posterior_gain,14,100.0,0.0006190845724515226,False
final_input_token_layerwise,disclosed,k9,oracle_posterior_gain,15,100.0,-3.963103651222211e-06,False
final_input_token_layerwise,disclosed,k9,oracle_posterior_gain,16,100.0,1.8435182882997614e-05,False
final_input_token_layerwise,disclosed,k9,oracle_posterior_gain,17,100.0,0.0006845049129716729,False
final_input_token_layerwise,disclosed,k9,oracle_posterior_gain,18,100.0,-0.0005312503543447034,False
final_input_token_layerwise,disclosed,k9,oracle_posterior_gain,19,3.0,0.00588981309758646,False
final_input_token_layerwise,disclosed,k9,oracle_posterior_gain,20,3.0,0.040161296085979015,False
final_input_token_layerwise,disclosed,k9,oracle_posterior_gain,21,3.0,0.03458502400848168,False
final_input_token_layerwise,disclosed,k9,oracle_posterior_gain,22,3.0,0.05024823199285777,False
final_input_token_layerwise,disclosed,k9,oracle_posterior_gain,23,3.0,0.0503880531313583,False
final_input_token_layerwise,disclosed,k9,oracle_posterior_gain,24,3.0,0.025946845000064528,False
final_input_token_layerwise,disclosed,k9,oracle_posterior_gain,25,3.0,0.03470203084422446,False
final_input_token_layerwise,disclosed,k9,oracle_posterior_gain,26,3.0,0.04478874233597782,False
final_input_token_layerwise,disclosed,k9,oracle_posterior_gain,27,3.0,0.05800421625259397,False
final_input_token_layerwise,disclosed,k9,oracle_posterior_gain,28,3.0,0.0652454672839819,False
final_input_token_layerwise,disclosed,k9,oracle_posterior_gain,29,0.1,0.06629954233939925,False
final_input_token_layerwise,disclosed,k9,oracle_posterior_gain,30,3.0,0.04463635922686171,False
final_input_token_layerwise,disclosed,k9,oracle_posterior_gain,31,3.0,0.0431686548853317,False
final_input_token_layerwise,disclosed,k9,oracle_posterior_gain,32,3.0,0.04492097764558403,False
final_input_token_layerwise,disclosed,k9,oracle_posterior_gain,33,3.0,0.04058540939510097,False
final_input_token_layerwise,disclosed,k9,oracle_posterior_gain,34,3.0,0.029406677208261178,False
final_input_token_layerwise,disclosed,k9,oracle_posterior_gain,35,3.0,0.05336828418050801,False
final_input_token_layerwise,disclosed,k9,oracle_posterior_gain,36,0.1,0.08216672171965853,True
final_input_token_layerwise,disclosed,pooled,gain,0,0.0001,0.0,False
final_input_token_layerwise,disclosed,pooled,gain,1,100.0,0.0012242976892796187,False
final_input_token_layerwise,disclosed,pooled,gain,2,100.0,-0.0006731311882859173,False
final_input_token_layerwise,disclosed,pooled,gain,3,100.0,-0.0015057838923653404,False
final_input_token_layerwise,disclosed,pooled,gain,4,100.0,-0.0034690636777820194,False
final_input_token_layerwise,disclosed,pooled,gain,5,100.0,-0.003940561192302516,False
final_input_token_layerwise,disclosed,pooled,gain,6,100.0,-0.003892791255094128,False
final_input_token_layerwise,disclosed,pooled,gain,7,100.0,-0.0046409986421257305,False
final_input_token_layerwise,disclosed,pooled,gain,8,100.0,-0.003990573290881917,False
final_input_token_layerwise,disclosed,pooled,gain,9,100.0,-0.0025598817706804686,False
final_input_token_layerwise,disclosed,pooled,gain,10,100.0,-0.003745623247859653,False
final_input_token_layerwise,disclosed,pooled,gain,11,100.0,-0.004269566313688762,False
final_input_token_layerwise,disclosed,pooled,gain,12,100.0,-0.0008845942148060504,False
final_input_token_layerwise,disclosed,pooled,gain,13,100.0,-0.00229734416146495,False
final_input_token_layerwise,disclosed,pooled,gain,14,100.0,-0.011218834351137852,False
final_input_token_layerwise,disclosed,pooled,gain,15,100.0,-0.00472679208398169,False
final_input_token_layerwise,disclosed,pooled,gain,16,100.0,-0.0035748782178365115,False
final_input_token_layerwise,disclosed,pooled,gain,17,100.0,0.0012731620652899438,False
final_input_token_layerwise,disclosed,pooled,gain,18,100.0,-0.0014123004056625272,False
final_input_token_layerwise,disclosed,pooled,gain,19,100.0,0.0001978254016354597,False
final_input_token_layerwise,disclosed,pooled,gain,20,100.0,0.0036177124683360318,False
final_input_token_layerwise,disclosed,pooled,gain,21,100.0,0.011373085940968372,False
final_input_token_layerwise,disclosed,pooled,gain,22,3.0,0.034414253188245376,False
final_input_token_layerwise,disclosed,pooled,gain,23,3.0,0.03514701639539022,False
final_input_token_layerwise,disclosed,pooled,gain,24,3.0,0.05455792013557017,False
final_input_token_layerwise,disclosed,pooled,gain,25,3.0,0.038974034474502955,False
final_input_token_layerwise,disclosed,pooled,gain,26,3.0,0.046878330283693,False
final_input_token_layerwise,disclosed,pooled,gain,27,3.0,0.061732159547572774,True
final_input_token_layerwise,disclosed,pooled,gain,28,3.0,0.05574001070752346,False
final_input_token_layerwise,disclosed,pooled,gain,29,3.0,0.04696166192205426,False
final_input_token_layerwise,disclosed,pooled,gain,30,3.0,0.04175123781624835,False
final_input_token_layerwise,disclosed,pooled,gain,31,3.0,0.050671083177535235,False
final_input_token_layerwise,disclosed,pooled,gain,32,3.0,0.050112688884994365,False
final_input_token_layerwise,disclosed,pooled,gain,33,3.0,0.05576985403968154,False
final_input_token_layerwise,disclosed,pooled,gain,34,3.0,0.042900474276944434,False
final_input_token_layerwise,disclosed,pooled,gain,35,3.0,0.04556834789394667,False
final_input_token_layerwise,disclosed,pooled,gain,36,3.0,0.047517960411315695,False
final_input_token_layerwise,disclosed,pooled,response_residual,0,0.0001,-2.7755575615628914e-17,False
final_input_token_layerwise,disclosed,pooled,response_residual,1,100.0,-0.0011194784504513684,False
final_input_token_layerwise,disclosed,pooled,response_residual,2,100.0,-0.002678551782222464,False
final_input_token_layerwise,disclosed,pooled,response_residual,3,100.0,-0.003120251689245429,False
final_input_token_layerwise,disclosed,pooled,response_residual,4,100.0,-0.0038460507803859956,False
final_input_token_layerwise,disclosed,pooled,response_residual,5,100.0,-0.00457359983661169,False
final_input_token_layerwise,disclosed,pooled,response_residual,6,100.0,-0.004793728202380452,False
final_input_token_layerwise,disclosed,pooled,response_residual,7,100.0,-0.005358297093130228,False
final_input_token_layerwise,disclosed,pooled,response_residual,8,100.0,-0.005650686148779689,False
final_input_token_layerwise,disclosed,pooled,response_residual,9,100.0,-0.004652553756612286,False
final_input_token_layerwise,disclosed,pooled,response_residual,10,100.0,-0.0051970232868573385,False
final_input_token_layerwise,disclosed,pooled,response_residual,11,100.0,-0.00475322968419047,False
final_input_token_layerwise,disclosed,pooled,response_residual,12,100.0,-0.0024314500422333387,False
final_input_token_layerwise,disclosed,pooled,response_residual,13,100.0,-0.004045266573724421,False
final_input_token_layerwise,disclosed,pooled,response_residual,14,100.0,-0.01199251987188362,False
final_input_token_layerwise,disclosed,pooled,response_residual,15,100.0,-0.006573875574284682,False
final_input_token_layerwise,disclosed,pooled,response_residual,16,100.0,-0.005196010106022914,False
final_input_token_layerwise,disclosed,pooled,response_residual,17,100.0,-0.0018068200616060126,False
final_input_token_layerwise,disclosed,pooled,response_residual,18,100.0,-0.0036701472004641487,False
final_input_token_layerwise,disclosed,pooled,response_residual,19,100.0,-0.003257041271749972,False
final_input_token_layerwise,disclosed,pooled,response_residual,20,100.0,0.0008376357975658869,False
final_input_token_layerwise,disclosed,pooled,response_residual,21,100.0,0.006856613833121121,False
final_input_token_layerwise,disclosed,pooled,response_residual,22,100.0,0.009207678801294647,False
final_input_token_layerwise,disclosed,pooled,response_residual,23,100.0,0.009332110217240572,False
final_input_token_layerwise,disclosed,pooled,response_residual,24,100.0,0.008150513017664599,False
final_input_token_layerwise,disclosed,pooled,response_residual,25,100.0,0.009223463534071516,False
final_input_token_layerwise,disclosed,pooled,response_residual,26,100.0,0.009178121064474113,False
final_input_token_layerwise,disclosed,pooled,response_residual,27,100.0,0.009779455296443631,True
final_input_token_layerwise,disclosed,pooled,response_residual,28,100.0,0.00879625029062663,False
final_input_token_layerwise,disclosed,pooled,response_residual,29,100.0,0.007067211242257103,False
final_input_token_layerwise,disclosed,pooled,response_residual,30,100.0,0.006770267731835117,False
final_input_token_layerwise,disclosed,pooled,response_residual,31,100.0,0.007639062154694158,False
final_input_token_layerwise,disclosed,pooled,response_residual,32,100.0,0.007467480093943342,False
final_input_token_layerwise,disclosed,pooled,response_residual,33,100.0,0.007976829028143515,False
final_input_token_layerwise,disclosed,pooled,response_residual,34,100.0,0.0073387719064410455,False
final_input_token_layerwise,disclosed,pooled,response_residual,35,100.0,0.007192754019259544,False
final_input_token_layerwise,disclosed,pooled,response_residual,36,100.0,0.007145327917470384,False
final_input_token_layerwise,undisclosed,k3,gain,0,0.0001,0.0,False
final_input_token_layerwise,undisclosed,k3,gain,1,100.0,-0.0008582269397490738,False
final_input_token_layerwise,undisclosed,k3,gain,2,100.0,-0.0009594553570964337,False
final_input_token_layerwise,undisclosed,k3,gain,3,100.0,-0.001473980160034638,False
final_input_token_layerwise,undisclosed,k3,gain,4,100.0,-0.0013061188931862977,False
final_input_token_layerwise,undisclosed,k3,gain,5,100.0,-0.0008182812432402653,False
final_input_token_layerwise,undisclosed,k3,gain,6,100.0,-0.0003462532766950466,False
final_input_token_layerwise,undisclosed,k3,gain,7,100.0,-0.0006706572128586108,False
final_input_token_layerwise,undisclosed,k3,gain,8,100.0,-0.00011387164345177947,False
final_input_token_layerwise,undisclosed,k3,gain,9,100.0,1.3068764253332255e-05,False
final_input_token_layerwise,undisclosed,k3,gain,10,100.0,0.00019257114461429525,False
final_input_token_layerwise,undisclosed,k3,gain,11,100.0,-0.0006875795955735287,False
final_input_token_layerwise,undisclosed,k3,gain,12,100.0,-0.00127507888612316,False
final_input_token_layerwise,undisclosed,k3,gain,13,100.0,-0.0026823769176245182,False
final_input_token_layerwise,undisclosed,k3,gain,14,100.0,-0.0023451974810203557,False
final_input_token_layerwise,undisclosed,k3,gain,15,100.0,-0.0025207603645362175,False
final_input_token_layerwise,undisclosed,k3,gain,16,100.0,-0.0023062337381588027,False
final_input_token_layerwise,undisclosed,k3,gain,17,100.0,-0.002521224913203668,False
final_input_token_layerwise,undisclosed,k3,gain,18,100.0,-0.0024861107743244792,False
final_input_token_layerwise,undisclosed,k3,gain,19,100.0,-0.0012755933691484533,False
final_input_token_layerwise,undisclosed,k3,gain,20,100.0,-0.0021847052404642686,False
final_input_token_layerwise,undisclosed,k3,gain,21,100.0,-0.0027689794793382405,False
final_input_token_layerwise,undisclosed,k3,gain,22,100.0,-0.002168953387982675,False
final_input_token_layerwise,undisclosed,k3,gain,23,100.0,-0.0009743313900542616,False
final_input_token_layerwise,undisclosed,k3,gain,24,100.0,-0.0008118459487995722,False
final_input_token_layerwise,undisclosed,k3,gain,25,100.0,0.00031268377605139785,False
final_input_token_layerwise,undisclosed,k3,gain,26,100.0,0.00019097923291319652,False
final_input_token_layerwise,undisclosed,k3,gain,27,100.0,0.0007555419033599131,False
final_input_token_layerwise,undisclosed,k3,gain,28,100.0,0.000205563842410883,False
final_input_token_layerwise,undisclosed,k3,gain,29,100.0,0.0012457841876328535,True
final_input_token_layerwise,undisclosed,k3,gain,30,100.0,0.0008115683263238138,False
final_input_token_layerwise,undisclosed,k3,gain,31,100.0,0.0011740738070950552,False
final_input_token_layerwise,undisclosed,k3,gain,32,100.0,0.0012356027765939859,False
final_input_token_layerwise,undisclosed,k3,gain,33,100.0,0.000793434652275965,False
final_input_token_layerwise,undisclosed,k3,gain,34,100.0,0.0008167960958716247,False
final_input_token_layerwise,undisclosed,k3,gain,35,100.0,0.0008004382598814364,False
final_input_token_layerwise,undisclosed,k3,gain,36,100.0,0.00020073916102877898,False
final_input_token_layerwise,undisclosed,k3,response_residual,0,0.0001,-2.7755575615628914e-17,False
final_input_token_layerwise,undisclosed,k3,response_residual,1,100.0,-0.000884732144614292,False
final_input_token_layerwise,undisclosed,k3,response_residual,2,100.0,-0.0007491008155432466,False
final_input_token_layerwise,undisclosed,k3,response_residual,3,100.0,-0.000996510676708473,False
final_input_token_layerwise,undisclosed,k3,response_residual,4,100.0,-0.0002783057034074221,False
final_input_token_layerwise,undisclosed,k3,response_residual,5,100.0,-5.118756802205415e-05,False
final_input_token_layerwise,undisclosed,k3,response_residual,6,100.0,0.00019254616082128861,False
final_input_token_layerwise,undisclosed,k3,response_residual,7,100.0,-0.0007289744474922311,False
final_input_token_layerwise,undisclosed,k3,response_residual,8,100.0,7.756324901891931e-05,False
final_input_token_layerwise,undisclosed,k3,response_residual,9,100.0,0.0003983770693887778,False
final_input_token_layerwise,undisclosed,k3,response_residual,10,100.0,0.0003367337142338167,False
final_input_token_layerwise,undisclosed,k3,response_residual,11,100.0,-0.0004513875785543686,False
final_input_token_layerwise,undisclosed,k3,response_residual,12,100.0,-0.0012901402135374607,False
final_input_token_layerwise,undisclosed,k3,response_residual,13,100.0,-0.002490163496872949,False
final_input_token_layerwise,undisclosed,k3,response_residual,14,100.0,-0.002232428363050931,False
final_input_token_layerwise,undisclosed,k3,response_residual,15,100.0,-0.0027302402803356662,False
final_input_token_layerwise,undisclosed,k3,response_residual,16,100.0,-0.002241092697976038,False
final_input_token_layerwise,undisclosed,k3,response_residual,17,100.0,-0.0021337038627223803,False
final_input_token_layerwise,undisclosed,k3,response_residual,18,100.0,-0.002541141278853132,False
final_input_token_layerwise,undisclosed,k3,response_residual,19,100.0,-0.0013703431764622298,False
final_input_token_layerwise,undisclosed,k3,response_residual,20,100.0,-0.0022129033092909145,False
final_input_token_layerwise,undisclosed,k3,response_residual,21,100.0,-0.002595231258282704,False
final_input_token_layerwise,undisclosed,k3,response_residual,22,100.0,-0.0019454770823938428,False
final_input_token_layerwise,undisclosed,k3,response_residual,23,100.0,-0.0007484842519262513,False
final_input_token_layerwise,undisclosed,k3,response_residual,24,100.0,-0.0006150991876181511,False
final_input_token_layerwise,undisclosed,k3,response_residual,25,100.0,0.00039581424624593464,False
final_input_token_layerwise,undisclosed,k3,response_residual,26,100.0,0.0002613006560722997,False
final_input_token_layerwise,undisclosed,k3,response_residual,27,100.0,0.0009425861926014578,False
final_input_token_layerwise,undisclosed,k3,response_residual,28,100.0,0.00036414144215049515,False
final_input_token_layerwise,undisclosed,k3,response_residual,29,100.0,0.0011071550271227193,True
final_input_token_layerwise,undisclosed,k3,response_residual,30,100.0,0.0005836389325835634,False
final_input_token_layerwise,undisclosed,k3,response_residual,31,100.0,0.000917925753778609,False
final_input_token_layerwise,undisclosed,k3,response_residual,32,100.0,0.0009620644986690907,False
final_input_token_layerwise,undisclosed,k3,response_residual,33,100.0,0.00040611670891538276,False
final_input_token_layerwise,undisclosed,k3,response_residual,34,100.0,0.00028544211958361765,False
final_input_token_layerwise,undisclosed,k3,response_residual,35,100.0,0.0003439547523446107,False
final_input_token_layerwise,undisclosed,k3,response_residual,36,100.0,-0.00018567323446633255,False
final_input_token_layerwise,undisclosed,k3,last_target_observation,0,0.0001,-8.326672684688674e-17,False
final_input_token_layerwise,undisclosed,k3,last_target_observation,1,0.1,0.10978531113447859,False
final_input_token_layerwise,undisclosed,k3,last_target_observation,2,0.1,0.14835443510878255,True
final_input_token_layerwise,undisclosed,k3,last_target_observation,3,100.0,-0.002004395075433929,False
final_input_token_layerwise,undisclosed,k3,last_target_observation,4,100.0,-0.0013334424999704164,False
final_input_token_layerwise,undisclosed,k3,last_target_observation,5,3.0,-7.468942980240478e-05,False
final_input_token_layerwise,undisclosed,k3,last_target_observation,6,100.0,-0.00020344838251623587,False
final_input_token_layerwise,undisclosed,k3,last_target_observation,7,3.0,0.0029938611106697377,False
final_input_token_layerwise,undisclosed,k3,last_target_observation,8,100.0,0.0002322259745325128,False
final_input_token_layerwise,undisclosed,k3,last_target_observation,9,100.0,0.0013194755682589265,False
final_input_token_layerwise,undisclosed,k3,last_target_observation,10,100.0,0.0010562096969911061,False
final_input_token_layerwise,undisclosed,k3,last_target_observation,11,100.0,0.0013099278303083106,False
final_input_token_layerwise,undisclosed,k3,last_target_observation,12,3.0,0.00950395417959704,False
final_input_token_layerwise,undisclosed,k3,last_target_observation,13,100.0,0.001185217930195992,False
final_input_token_layerwise,undisclosed,k3,last_target_observation,14,100.0,0.0006954273711795023,False
final_input_token_layerwise,undisclosed,k3,last_target_observation,15,3.0,0.025714374536728146,False
final_input_token_layerwise,undisclosed,k3,last_target_observation,16,3.0,0.01721497222889612,False
final_input_token_layerwise,undisclosed,k3,last_target_observation,17,3.0,0.029356763583044315,False
final_input_token_layerwise,undisclosed,k3,last_target_observation,18,3.0,0.040518080643733356,False
final_input_token_layerwise,undisclosed,k3,last_target_observation,19,3.0,0.04069425754955883,False
final_input_token_layerwise,undisclosed,k3,last_target_observation,20,0.1,0.129310400178581,False
final_input_token_layerwise,undisclosed,k3,last_target_observation,21,3.0,0.06959023035384998,False
final_input_token_layerwise,undisclosed,k3,last_target_observation,22,3.0,0.04991674119005984,False
final_input_token_layerwise,undisclosed,k3,last_target_observation,23,3.0,0.05744033542479651,False
final_input_token_layerwise,undisclosed,k3,last_target_observation,24,3.0,0.044977626094922535,False
final_input_token_layerwise,undisclosed,k3,last_target_observation,25,3.0,0.010608453575481708,False
final_input_token_layerwise,undisclosed,k3,last_target_observation,26,3.0,0.008968225237092314,False
final_input_token_layerwise,undisclosed,k3,last_target_observation,27,3.0,0.011907306964922981,False
final_input_token_layerwise,undisclosed,k3,last_target_observation,28,3.0,0.013780250608061706,False
final_input_token_layerwise,undisclosed,k3,last_target_observation,29,3.0,0.012721105711386543,False
final_input_token_layerwise,undisclosed,k3,last_target_observation,30,3.0,0.008467153598212984,False
final_input_token_layerwise,undisclosed,k3,last_target_observation,31,3.0,0.0006434066168649888,False
final_input_token_layerwise,undisclosed,k3,last_target_observation,32,3.0,0.00478685109753807,False
final_input_token_layerwise,undisclosed,k3,last_target_observation,33,3.0,0.005539114300950193,False
final_input_token_layerwise,undisclosed,k3,last_target_observation,34,100.0,5.111350117997793e-05,False
final_input_token_layerwise,undisclosed,k3,last_target_observation,35,3.0,0.0006070632842524459,False
final_input_token_layerwise,undisclosed,k3,last_target_observation,36,100.0,0.00046265293233910265,False
final_input_token_layerwise,undisclosed,k3,target_observation_mean,0,0.0001,5.551115123125783e-17,False
final_input_token_layerwise,undisclosed,k3,target_observation_mean,1,3.0,0.01765557123886824,False
final_input_token_layerwise,undisclosed,k3,target_observation_mean,2,0.1,0.02479891592046693,False
final_input_token_layerwise,undisclosed,k3,target_observation_mean,3,100.0,-0.0007543853195638994,False
final_input_token_layerwise,undisclosed,k3,target_observation_mean,4,100.0,-0.00031357661934328096,False
final_input_token_layerwise,undisclosed,k3,target_observation_mean,5,3.0,0.013810372024685158,False
final_input_token_layerwise,undisclosed,k3,target_observation_mean,6,3.0,0.017348526749944193,False
final_input_token_layerwise,undisclosed,k3,target_observation_mean,7,3.0,0.01874719004616987,False
final_input_token_layerwise,undisclosed,k3,target_observation_mean,8,3.0,0.006163556811248944,False
final_input_token_layerwise,undisclosed,k3,target_observation_mean,9,3.0,0.011306038911423427,False
final_input_token_layerwise,undisclosed,k3,target_observation_mean,10,3.0,0.031720332644593896,False
final_input_token_layerwise,undisclosed,k3,target_observation_mean,11,100.0,0.0005678557713642285,False
final_input_token_layerwise,undisclosed,k3,target_observation_mean,12,3.0,0.0043008421881061965,False
final_input_token_layerwise,undisclosed,k3,target_observation_mean,13,100.0,-0.00029890885056849115,False
final_input_token_layerwise,undisclosed,k3,target_observation_mean,14,100.0,-0.0003872138573758066,False
final_input_token_layerwise,undisclosed,k3,target_observation_mean,15,3.0,0.007313424827941228,False
final_input_token_layerwise,undisclosed,k3,target_observation_mean,16,3.0,0.025168592173230808,False
final_input_token_layerwise,undisclosed,k3,target_observation_mean,17,3.0,0.050166661705434795,False
final_input_token_layerwise,undisclosed,k3,target_observation_mean,18,3.0,0.1218203304012686,False
final_input_token_layerwise,undisclosed,k3,target_observation_mean,19,0.1,0.267825962737343,True
final_input_token_layerwise,undisclosed,k3,target_observation_mean,20,3.0,0.20371094460581543,False
final_input_token_layerwise,undisclosed,k3,target_observation_mean,21,3.0,0.17523592701595792,False
final_input_token_layerwise,undisclosed,k3,target_observation_mean,22,3.0,0.1720892945783611,False
final_input_token_layerwise,undisclosed,k3,target_observation_mean,23,3.0,0.1534599420287927,False
final_input_token_layerwise,undisclosed,k3,target_observation_mean,24,3.0,0.13147590928805863,False
final_input_token_layerwise,undisclosed,k3,target_observation_mean,25,3.0,0.10130669005950266,False
final_input_token_layerwise,undisclosed,k3,target_observation_mean,26,3.0,0.09157185062591416,False
final_input_token_layerwise,undisclosed,k3,target_observation_mean,27,3.0,0.10793962319924691,False
final_input_token_layerwise,undisclosed,k3,target_observation_mean,28,3.0,0.11556610045829951,False
final_input_token_layerwise,undisclosed,k3,target_observation_mean,29,3.0,0.10596445857318584,False
final_input_token_layerwise,undisclosed,k3,target_observation_mean,30,3.0,0.09828312246037532,False
final_input_token_layerwise,undisclosed,k3,target_observation_mean,31,3.0,0.06826713170387833,False
final_input_token_layerwise,undisclosed,k3,target_observation_mean,32,3.0,0.0792016218761141,False
final_input_token_layerwise,undisclosed,k3,target_observation_mean,33,3.0,0.07112021473013139,False
final_input_token_layerwise,undisclosed,k3,target_observation_mean,34,3.0,0.062367168930872824,False
final_input_token_layerwise,undisclosed,k3,target_observation_mean,35,3.0,0.053160744543540944,False
final_input_token_layerwise,undisclosed,k3,target_observation_mean,36,3.0,0.033305549046635324,False
final_input_token_layerwise,undisclosed,k3,target_time_slope,0,0.0001,0.0,False
final_input_token_layerwise,undisclosed,k3,target_time_slope,1,0.1,0.007920196429948706,False
final_input_token_layerwise,undisclosed,k3,target_time_slope,2,100.0,-0.0022325055349469436,False
final_input_token_layerwise,undisclosed,k3,target_time_slope,3,100.0,-0.0025433872702294025,False
final_input_token_layerwise,undisclosed,k3,target_time_slope,4,100.0,-0.0007855623128022182,False
final_input_token_layerwise,undisclosed,k3,target_time_slope,5,100.0,-0.0004787665697624788,False
final_input_token_layerwise,undisclosed,k3,target_time_slope,6,100.0,-0.0007008783005101327,False
final_input_token_layerwise,undisclosed,k3,target_time_slope,7,100.0,-0.0002699183550838036,False
final_input_token_layerwise,undisclosed,k3,target_time_slope,8,100.0,-0.0011772588028575726,False
final_input_token_layerwise,undisclosed,k3,target_time_slope,9,100.0,0.001062564597661575,False
final_input_token_layerwise,undisclosed,k3,target_time_slope,10,100.0,0.001318954758318891,False
final_input_token_layerwise,undisclosed,k3,target_time_slope,11,100.0,0.002448248581177842,False
final_input_token_layerwise,undisclosed,k3,target_time_slope,12,3.0,0.009384038584873938,False
final_input_token_layerwise,undisclosed,k3,target_time_slope,13,3.0,0.011549431763220541,False
final_input_token_layerwise,undisclosed,k3,target_time_slope,14,3.0,0.016513749417564505,False
final_input_token_layerwise,undisclosed,k3,target_time_slope,15,3.0,0.009934108365288435,False
final_input_token_layerwise,undisclosed,k3,target_time_slope,16,100.0,0.0007220632456986231,False
final_input_token_layerwise,undisclosed,k3,target_time_slope,17,3.0,0.021506283937960002,True
final_input_token_layerwise,undisclosed,k3,target_time_slope,18,3.0,0.008451481172115527,False
final_input_token_layerwise,undisclosed,k3,target_time_slope,19,100.0,-0.0004635791028153313,False
final_input_token_layerwise,undisclosed,k3,target_time_slope,20,3.0,0.011978117269864669,False
final_input_token_layerwise,undisclosed,k3,target_time_slope,21,100.0,-0.0006781417248498678,False
final_input_token_layerwise,undisclosed,k3,target_time_slope,22,100.0,-0.001195850516227781,False
final_input_token_layerwise,undisclosed,k3,target_time_slope,23,100.0,-0.0007560144054751805,False
final_input_token_layerwise,undisclosed,k3,target_time_slope,24,100.0,-0.0009504785177533448,False
final_input_token_layerwise,undisclosed,k3,target_time_slope,25,100.0,-0.0002503283768559017,False
final_input_token_layerwise,undisclosed,k3,target_time_slope,26,100.0,-0.000593427797338536,False
final_input_token_layerwise,undisclosed,k3,target_time_slope,27,100.0,-0.00047617649677661467,False
final_input_token_layerwise,undisclosed,k3,target_time_slope,28,100.0,-0.0007205334885218573,False
final_input_token_layerwise,undisclosed,k3,target_time_slope,29,100.0,-0.00031268984504326247,False
final_input_token_layerwise,undisclosed,k3,target_time_slope,30,100.0,-0.00033761944238444586,False
final_input_token_layerwise,undisclosed,k3,target_time_slope,31,100.0,-0.0005669596894953277,False
final_input_token_layerwise,undisclosed,k3,target_time_slope,32,100.0,-0.00034602212092371687,False
final_input_token_layerwise,undisclosed,k3,target_time_slope,33,100.0,8.590428030283426e-05,False
final_input_token_layerwise,undisclosed,k3,target_time_slope,34,100.0,-0.00021486781414967182,False
final_input_token_layerwise,undisclosed,k3,target_time_slope,35,100.0,0.00027847570646119535,False
final_input_token_layerwise,undisclosed,k3,target_time_slope,36,100.0,-0.00040775386157770876,False
final_input_token_layerwise,undisclosed,k3,displayed_driver_outcome_slope,0,0.0001,5.551115123125783e-17,False
final_input_token_layerwise,undisclosed,k3,displayed_driver_outcome_slope,1,3.0,0.0179777075849748,True
final_input_token_layerwise,undisclosed,k3,displayed_driver_outcome_slope,2,100.0,0.0014706533428644197,False
final_input_token_layerwise,undisclosed,k3,displayed_driver_outcome_slope,3,100.0,0.0010691874410758972,False
final_input_token_layerwise,undisclosed,k3,displayed_driver_outcome_slope,4,100.0,-0.0005964012096635052,False
final_input_token_layerwise,undisclosed,k3,displayed_driver_outcome_slope,5,100.0,-0.00023740382164902374,False
final_input_token_layerwise,undisclosed,k3,displayed_driver_outcome_slope,6,100.0,-9.211256584068517e-06,False
final_input_token_layerwise,undisclosed,k3,displayed_driver_outcome_slope,7,100.0,-0.00021106110967533676,False
final_input_token_layerwise,undisclosed,k3,displayed_driver_outcome_slope,8,100.0,-0.0002630902075330399,False
final_input_token_layerwise,undisclosed,k3,displayed_driver_outcome_slope,9,100.0,0.0002628188272527643,False
final_input_token_layerwise,undisclosed,k3,displayed_driver_outcome_slope,10,100.0,-3.713522200976538e-05,False
final_input_token_layerwise,undisclosed,k3,displayed_driver_outcome_slope,11,100.0,0.00015746196678972924,False
final_input_token_layerwise,undisclosed,k3,displayed_driver_outcome_slope,12,100.0,-8.24203950921254e-05,False
final_input_token_layerwise,undisclosed,k3,displayed_driver_outcome_slope,13,100.0,0.0007462006000155119,False
final_input_token_layerwise,undisclosed,k3,displayed_driver_outcome_slope,14,100.0,0.0006983456804681987,False
final_input_token_layerwise,undisclosed,k3,displayed_driver_outcome_slope,15,3.0,0.007503645335602466,False
final_input_token_layerwise,undisclosed,k3,displayed_driver_outcome_slope,16,100.0,0.0008724038033507686,False
final_input_token_layerwise,undisclosed,k3,displayed_driver_outcome_slope,17,100.0,0.000367299633930146,False
final_input_token_layerwise,undisclosed,k3,displayed_driver_outcome_slope,18,100.0,0.00044953853242415964,False
final_input_token_layerwise,undisclosed,k3,displayed_driver_outcome_slope,19,100.0,9.677272690059024e-05,False
final_input_token_layerwise,undisclosed,k3,displayed_driver_outcome_slope,20,100.0,0.0005475647611464796,False
final_input_token_layerwise,undisclosed,k3,displayed_driver_outcome_slope,21,100.0,4.359594179942361e-05,False
final_input_token_layerwise,undisclosed,k3,displayed_driver_outcome_slope,22,100.0,0.0009623897633257439,False
final_input_token_layerwise,undisclosed,k3,displayed_driver_outcome_slope,23,100.0,0.0002448978311603567,False
final_input_token_layerwise,undisclosed,k3,displayed_driver_outcome_slope,24,100.0,-0.0007664433315892893,False
final_input_token_layerwise,undisclosed,k3,displayed_driver_outcome_slope,25,100.0,-0.0017236503598944963,False
final_input_token_layerwise,undisclosed,k3,displayed_driver_outcome_slope,26,100.0,-0.0023993028885073986,False
final_input_token_layerwise,undisclosed,k3,displayed_driver_outcome_slope,27,100.0,-0.0017593654879082543,False
final_input_token_layerwise,undisclosed,k3,displayed_driver_outcome_slope,28,100.0,-0.0014195254460855067,False
final_input_token_layerwise,undisclosed,k3,displayed_driver_outcome_slope,29,100.0,-0.001547528178321933,False
final_input_token_layerwise,undisclosed,k3,displayed_driver_outcome_slope,30,100.0,-0.0013514066234030508,False
final_input_token_layerwise,undisclosed,k3,displayed_driver_outcome_slope,31,100.0,-0.0015825294260827516,False
final_input_token_layerwise,undisclosed,k3,displayed_driver_outcome_slope,32,100.0,-0.0015842082970145277,False
final_input_token_layerwise,undisclosed,k3,displayed_driver_outcome_slope,33,100.0,-0.0021524295837422602,False
final_input_token_layerwise,undisclosed,k3,displayed_driver_outcome_slope,34,100.0,-0.002192949522132337,False
final_input_token_layerwise,undisclosed,k3,displayed_driver_outcome_slope,35,100.0,-0.002044511686163819,False
final_input_token_layerwise,undisclosed,k3,displayed_driver_outcome_slope,36,100.0,-0.0016345026070902213,False
final_input_token_layerwise,undisclosed,k3,oracle_posterior_gain,0,0.0001,2.7755575615628914e-17,False
final_input_token_layerwise,undisclosed,k3,oracle_posterior_gain,1,100.0,-0.002380910102017575,False
final_input_token_layerwise,undisclosed,k3,oracle_posterior_gain,2,100.0,-0.0020302302793557825,False
final_input_token_layerwise,undisclosed,k3,oracle_posterior_gain,3,100.0,-0.001955660331770359,False
final_input_token_layerwise,undisclosed,k3,oracle_posterior_gain,4,100.0,-0.002115127636184988,False
final_input_token_layerwise,undisclosed,k3,oracle_posterior_gain,5,100.0,-0.0014605118315822452,False
final_input_token_layerwise,undisclosed,k3,oracle_posterior_gain,6,100.0,-0.0009705653264182601,False
final_input_token_layerwise,undisclosed,k3,oracle_posterior_gain,7,100.0,-0.0015592687632986768,False
final_input_token_layerwise,undisclosed,k3,oracle_posterior_gain,8,100.0,-0.0035382320266094947,False
final_input_token_layerwise,undisclosed,k3,oracle_posterior_gain,9,100.0,-0.003263327040070263,False
final_input_token_layerwise,undisclosed,k3,oracle_posterior_gain,10,100.0,-0.0013086693863515464,False
final_input_token_layerwise,undisclosed,k3,oracle_posterior_gain,11,3.0,0.002469372941660969,False
final_input_token_layerwise,undisclosed,k3,oracle_posterior_gain,12,100.0,-7.113973683317565e-05,False
final_input_token_layerwise,undisclosed,k3,oracle_posterior_gain,13,100.0,-0.0007438656076678429,False
final_input_token_layerwise,undisclosed,k3,oracle_posterior_gain,14,100.0,-0.0009053597261158841,False
final_input_token_layerwise,undisclosed,k3,oracle_posterior_gain,15,100.0,-0.0005091510132820831,False
final_input_token_layerwise,undisclosed,k3,oracle_posterior_gain,16,100.0,-0.0006869978520341602,False
final_input_token_layerwise,undisclosed,k3,oracle_posterior_gain,17,3.0,0.009950422266678527,False
final_input_token_layerwise,undisclosed,k3,oracle_posterior_gain,18,100.0,-0.00023451987362427262,False
final_input_token_layerwise,undisclosed,k3,oracle_posterior_gain,19,3.0,0.0170551811058387,False
final_input_token_layerwise,undisclosed,k3,oracle_posterior_gain,20,0.1,0.07271807289892257,False
final_input_token_layerwise,undisclosed,k3,oracle_posterior_gain,21,3.0,0.0414486842327117,False
final_input_token_layerwise,undisclosed,k3,oracle_posterior_gain,22,3.0,0.05132152247177624,False
final_input_token_layerwise,undisclosed,k3,oracle_posterior_gain,23,3.0,0.10551624355595676,False
final_input_token_layerwise,undisclosed,k3,oracle_posterior_gain,24,3.0,0.12848109972029434,True
final_input_token_layerwise,undisclosed,k3,oracle_posterior_gain,25,3.0,0.11058533766717069,False
final_input_token_layerwise,undisclosed,k3,oracle_posterior_gain,26,3.0,0.11251429771331653,False
final_input_token_layerwise,undisclosed,k3,oracle_posterior_gain,27,3.0,0.11949219229353533,False
final_input_token_layerwise,undisclosed,k3,oracle_posterior_gain,28,3.0,0.10921292900426294,False
final_input_token_layerwise,undisclosed,k3,oracle_posterior_gain,29,3.0,0.12558212542744587,False
final_input_token_layerwise,undisclosed,k3,oracle_posterior_gain,30,3.0,0.12122455251772582,False
final_input_token_layerwise,undisclosed,k3,oracle_posterior_gain,31,3.0,0.1142653863891952,False
final_input_token_layerwise,undisclosed,k3,oracle_posterior_gain,32,3.0,0.11266554315110053,False
final_input_token_layerwise,undisclosed,k3,oracle_posterior_gain,33,3.0,0.09901510999782712,False
final_input_token_layerwise,undisclosed,k3,oracle_posterior_gain,34,3.0,0.09664868969967308,False
final_input_token_layerwise,undisclosed,k3,oracle_posterior_gain,35,3.0,0.0905667578457906,False
final_input_token_layerwise,undisclosed,k3,oracle_posterior_gain,36,3.0,0.07999021937843867,False
final_input_token_layerwise,undisclosed,k6,gain,0,0.0001,0.0,False
final_input_token_layerwise,undisclosed,k6,gain,1,100.0,-0.00046224663519109366,False
final_input_token_layerwise,undisclosed,k6,gain,2,100.0,-0.002193477980446862,False
final_input_token_layerwise,undisclosed,k6,gain,3,100.0,-0.0028004715883893916,False
final_input_token_layerwise,undisclosed,k6,gain,4,100.0,-0.0008123594189293204,False
final_input_token_layerwise,undisclosed,k6,gain,5,100.0,-0.0004491698548834411,False
final_input_token_layerwise,undisclosed,k6,gain,6,100.0,-0.00086128219535625,False
final_input_token_layerwise,undisclosed,k6,gain,7,100.0,-0.0012475229739466465,False
final_input_token_layerwise,undisclosed,k6,gain,8,100.0,-0.0014769666438439466,False
final_input_token_layerwise,undisclosed,k6,gain,9,100.0,-0.0015230649728676382,False
final_input_token_layerwise,undisclosed,k6,gain,10,100.0,-0.0014499306727925876,False
final_input_token_layerwise,undisclosed,k6,gain,11,100.0,-0.0009623391928206826,False
final_input_token_layerwise,undisclosed,k6,gain,12,100.0,-0.001434752041237275,False
final_input_token_layerwise,undisclosed,k6,gain,13,100.0,-0.0007468518007868741,False
final_input_token_layerwise,undisclosed,k6,gain,14,100.0,-0.0005779731502706942,False
final_input_token_layerwise,undisclosed,k6,gain,15,100.0,-0.0008986527553619117,False
final_input_token_layerwise,undisclosed,k6,gain,16,100.0,-0.0006826616636003424,False
final_input_token_layerwise,undisclosed,k6,gain,17,100.0,-0.0006518957696011185,False
final_input_token_layerwise,undisclosed,k6,gain,18,100.0,-0.0004345350351989963,False
final_input_token_layerwise,undisclosed,k6,gain,19,100.0,-0.0002250525174971596,False
final_input_token_layerwise,undisclosed,k6,gain,20,100.0,-0.00027943507830330283,False
final_input_token_layerwise,undisclosed,k6,gain,21,3.0,0.010927219325657211,False
final_input_token_layerwise,undisclosed,k6,gain,22,3.0,6.115942754517101e-05,False
final_input_token_layerwise,undisclosed,k6,gain,23,3.0,0.032538434337024386,False
final_input_token_layerwise,undisclosed,k6,gain,24,3.0,0.024285542534139865,False
final_input_token_layerwise,undisclosed,k6,gain,25,0.1,0.048224773296945106,True
final_input_token_layerwise,undisclosed,k6,gain,26,3.0,0.006242346343350524,False
final_input_token_layerwise,undisclosed,k6,gain,27,3.0,0.015725025112167695,False
final_input_token_layerwise,undisclosed,k6,gain,28,3.0,0.013637549511287816,False
final_input_token_layerwise,undisclosed,k6,gain,29,3.0,0.007454642829376662,False
final_input_token_layerwise,undisclosed,k6,gain,30,3.0,0.00671092083973554,False
final_input_token_layerwise,undisclosed,k6,gain,31,100.0,-8.097429038256276e-05,False
final_input_token_layerwise,undisclosed,k6,gain,32,100.0,-0.0004564025701569163,False
final_input_token_layerwise,undisclosed,k6,gain,33,100.0,-0.0005006550772086171,False
final_input_token_layerwise,undisclosed,k6,gain,34,100.0,-0.0010376366547841798,False
final_input_token_layerwise,undisclosed,k6,gain,35,100.0,-0.0006761365977915879,False
final_input_token_layerwise,undisclosed,k6,gain,36,100.0,-0.0004930290202452003,False
final_input_token_layerwise,undisclosed,k6,response_residual,0,0.0001,-2.7755575615628914e-17,False
final_input_token_layerwise,undisclosed,k6,response_residual,1,100.0,-0.002209832043887333,False
final_input_token_layerwise,undisclosed,k6,response_residual,2,100.0,-0.002431997538860281,False
final_input_token_layerwise,undisclosed,k6,response_residual,3,100.0,-0.002943472717396284,False
final_input_token_layerwise,undisclosed,k6,response_residual,4,100.0,-0.0008375749472123994,False
final_input_token_layerwise,undisclosed,k6,response_residual,5,100.0,-0.000513734454071213,False
final_input_token_layerwise,undisclosed,k6,response_residual,6,100.0,-0.0006734397712200024,False
final_input_token_layerwise,undisclosed,k6,response_residual,7,100.0,-0.0010438727453525587,False
final_input_token_layerwise,undisclosed,k6,response_residual,8,100.0,-0.0013489407854193058,False
final_input_token_layerwise,undisclosed,k6,response_residual,9,100.0,-0.001110997152581783,False
final_input_token_layerwise,undisclosed,k6,response_residual,10,100.0,-0.0012082698233837341,False
final_input_token_layerwise,undisclosed,k6,response_residual,11,100.0,-0.0008198720590128494,False
final_input_token_layerwise,undisclosed,k6,response_residual,12,100.0,-0.0011672717642371433,False
final_input_token_layerwise,undisclosed,k6,response_residual,13,100.0,-0.0007957551552021935,False
final_input_token_layerwise,undisclosed,k6,response_residual,14,100.0,-0.0006025934492632223,False
final_input_token_layerwise,undisclosed,k6,response_residual,15,100.0,-0.0007091791730410579,False
final_input_token_layerwise,undisclosed,k6,response_residual,16,100.0,-0.0005744625851338003,False
final_input_token_layerwise,undisclosed,k6,response_residual,17,100.0,-0.0005327211217059924,False
final_input_token_layerwise,undisclosed,k6,response_residual,18,100.0,-0.0002708773207507065,False
final_input_token_layerwise,undisclosed,k6,response_residual,19,100.0,-0.00023406445976190127,False
final_input_token_layerwise,undisclosed,k6,response_residual,20,100.0,-0.0006467868645921304,False
final_input_token_layerwise,undisclosed,k6,response_residual,21,100.0,-0.0007230464115426938,False
final_input_token_layerwise,undisclosed,k6,response_residual,22,100.0,-0.0013270178454782844,False
final_input_token_layerwise,undisclosed,k6,response_residual,23,100.0,0.0006319664325998009,True
final_input_token_layerwise,undisclosed,k6,response_residual,24,100.0,0.00023766448240478133,False
final_input_token_layerwise,undisclosed,k6,response_residual,25,100.0,0.00038530486268936737,False
final_input_token_layerwise,undisclosed,k6,response_residual,26,100.0,-0.00020578847207897155,False
final_input_token_layerwise,undisclosed,k6,response_residual,27,100.0,0.00037752554663084137,False
final_input_token_layerwise,undisclosed,k6,response_residual,28,100.0,0.0005699632744530503,False
final_input_token_layerwise,undisclosed,k6,response_residual,29,100.0,0.0002027929297950537,False
final_input_token_layerwise,undisclosed,k6,response_residual,30,100.0,4.3331047855532656e-05,False
final_input_token_layerwise,undisclosed,k6,response_residual,31,100.0,-0.0005306107892089906,False
final_input_token_layerwise,undisclosed,k6,response_residual,32,100.0,-0.0007150739242041404,False
final_input_token_layerwise,undisclosed,k6,response_residual,33,100.0,-0.0009877533993627452,False
final_input_token_layerwise,undisclosed,k6,response_residual,34,100.0,-0.001465706326781946,False
final_input_token_layerwise,undisclosed,k6,response_residual,35,100.0,-0.0012020290911428921,False
final_input_token_layerwise,undisclosed,k6,response_residual,36,100.0,-0.0010605614253433038,False
final_input_token_layerwise,undisclosed,k6,last_target_observation,0,0.0001,-2.7755575615628914e-17,False
final_input_token_layerwise,undisclosed,k6,last_target_observation,1,0.1,0.01845794942638071,False
final_input_token_layerwise,undisclosed,k6,last_target_observation,2,3.0,0.006320359087136296,False
final_input_token_layerwise,undisclosed,k6,last_target_observation,3,3.0,0.009901480699574972,False
final_input_token_layerwise,undisclosed,k6,last_target_observation,4,3.0,0.008893982796942368,False
final_input_token_layerwise,undisclosed,k6,last_target_observation,5,3.0,0.009463507122218218,False
final_input_token_layerwise,undisclosed,k6,last_target_observation,6,3.0,0.004886268096903207,False
final_input_token_layerwise,undisclosed,k6,last_target_observation,7,3.0,0.001554725201248719,False
final_input_token_layerwise,undisclosed,k6,last_target_observation,8,100.0,0.0011957933614043514,False
final_input_token_layerwise,undisclosed,k6,last_target_observation,9,100.0,0.0007588751797720228,False
final_input_token_layerwise,undisclosed,k6,last_target_observation,10,100.0,0.0002668819167800929,False
final_input_token_layerwise,undisclosed,k6,last_target_observation,11,100.0,0.0003737665705523807,False
final_input_token_layerwise,undisclosed,k6,last_target_observation,12,100.0,0.0001520635720925756,False
final_input_token_layerwise,undisclosed,k6,last_target_observation,13,3.0,0.022069548806416817,False
final_input_token_layerwise,undisclosed,k6,last_target_observation,14,3.0,0.02122369477693617,False
final_input_token_layerwise,undisclosed,k6,last_target_observation,15,3.0,0.023548709901631104,False
final_input_token_layerwise,undisclosed,k6,last_target_observation,16,3.0,0.012925715069212085,False
final_input_token_layerwise,undisclosed,k6,last_target_observation,17,3.0,0.03331852279240716,False
final_input_token_layerwise,undisclosed,k6,last_target_observation,18,3.0,0.026469054811346593,False
final_input_token_layerwise,undisclosed,k6,last_target_observation,19,3.0,0.013648261739713258,False
final_input_token_layerwise,undisclosed,k6,last_target_observation,20,3.0,0.06097372499177012,True
final_input_token_layerwise,undisclosed,k6,last_target_observation,21,3.0,0.039875969092747376,False
final_input_token_layerwise,undisclosed,k6,last_target_observation,22,3.0,0.02226737991344066,False
final_input_token_layerwise,undisclosed,k6,last_target_observation,23,3.0,0.03892645591373722,False
final_input_token_layerwise,undisclosed,k6,last_target_observation,24,3.0,0.03589276952854076,False
final_input_token_layerwise,undisclosed,k6,last_target_observation,25,3.0,0.044733272433636645,False
final_input_token_layerwise,undisclosed,k6,last_target_observation,26,3.0,0.03161714412676683,False
final_input_token_layerwise,undisclosed,k6,last_target_observation,27,3.0,0.034972940721681056,False
final_input_token_layerwise,undisclosed,k6,last_target_observation,28,3.0,0.035323277030692296,False
final_input_token_layerwise,undisclosed,k6,last_target_observation,29,3.0,0.03421067150258261,False
final_input_token_layerwise,undisclosed,k6,last_target_observation,30,3.0,0.03791821164210174,False
final_input_token_layerwise,undisclosed,k6,last_target_observation,31,3.0,0.03043734474749271,False
final_input_token_layerwise,undisclosed,k6,last_target_observation,32,3.0,0.01786592779786536,False
final_input_token_layerwise,undisclosed,k6,last_target_observation,33,3.0,0.02262519334037802,False
final_input_token_layerwise,undisclosed,k6,last_target_observation,34,3.0,0.023659035052815025,False
final_input_token_layerwise,undisclosed,k6,last_target_observation,35,3.0,0.015640750369668943,False
final_input_token_layerwise,undisclosed,k6,last_target_observation,36,3.0,0.01395479279506584,False
final_input_token_layerwise,undisclosed,k6,target_observation_mean,0,0.0001,2.7755575615628914e-17,False
final_input_token_layerwise,undisclosed,k6,target_observation_mean,1,100.0,-0.010929926454507077,False
final_input_token_layerwise,undisclosed,k6,target_observation_mean,2,100.0,-0.006741932390471356,False
final_input_token_layerwise,undisclosed,k6,target_observation_mean,3,100.0,-0.0044666308312261704,False
final_input_token_layerwise,undisclosed,k6,target_observation_mean,4,100.0,-0.0025127657138315496,False
final_input_token_layerwise,undisclosed,k6,target_observation_mean,5,100.0,-0.002289796517798315,False
final_input_token_layerwise,undisclosed,k6,target_observation_mean,6,100.0,-0.0016155777093550538,False
final_input_token_layerwise,undisclosed,k6,target_observation_mean,7,100.0,-0.0015049100723710795,False
final_input_token_layerwise,undisclosed,k6,target_observation_mean,8,100.0,0.00018831337285443728,False
final_input_token_layerwise,undisclosed,k6,target_observation_mean,9,100.0,-0.0012818871767725781,False
final_input_token_layerwise,undisclosed,k6,target_observation_mean,10,100.0,-0.002240585850578375,False
final_input_token_layerwise,undisclosed,k6,target_observation_mean,11,100.0,-0.002424931045756862,False
final_input_token_layerwise,undisclosed,k6,target_observation_mean,12,100.0,-0.0016142129533247562,False
final_input_token_layerwise,undisclosed,k6,target_observation_mean,13,100.0,-0.0005213721665084659,False
final_input_token_layerwise,undisclosed,k6,target_observation_mean,14,100.0,0.0009046375499542347,False
final_input_token_layerwise,undisclosed,k6,target_observation_mean,15,3.0,0.012801651539604497,False
final_input_token_layerwise,undisclosed,k6,target_observation_mean,16,3.0,0.01670842699074343,False
final_input_token_layerwise,undisclosed,k6,target_observation_mean,17,3.0,0.008658666155322237,False
final_input_token_layerwise,undisclosed,k6,target_observation_mean,18,3.0,0.04893855143471834,False
final_input_token_layerwise,undisclosed,k6,target_observation_mean,19,3.0,0.05599635153133739,False
final_input_token_layerwise,undisclosed,k6,target_observation_mean,20,3.0,0.12401652642769617,False
final_input_token_layerwise,undisclosed,k6,target_observation_mean,21,3.0,0.11637682028848959,False
final_input_token_layerwise,undisclosed,k6,target_observation_mean,22,3.0,0.13497118110164236,False
final_input_token_layerwise,undisclosed,k6,target_observation_mean,23,0.1,0.17435618617535412,True
final_input_token_layerwise,undisclosed,k6,target_observation_mean,24,3.0,0.11665978815355568,False
final_input_token_layerwise,undisclosed,k6,target_observation_mean,25,0.1,0.09741413920778016,False
final_input_token_layerwise,undisclosed,k6,target_observation_mean,26,3.0,0.07850083047836165,False
final_input_token_layerwise,undisclosed,k6,target_observation_mean,27,3.0,0.08972285264629518,False
final_input_token_layerwise,undisclosed,k6,target_observation_mean,28,3.0,0.11130340865869409,False
final_input_token_layerwise,undisclosed,k6,target_observation_mean,29,3.0,0.08176060918069283,False
final_input_token_layerwise,undisclosed,k6,target_observation_mean,30,3.0,0.0680842631900872,False
final_input_token_layerwise,undisclosed,k6,target_observation_mean,31,3.0,0.05171667495713425,False
final_input_token_layerwise,undisclosed,k6,target_observation_mean,32,3.0,0.05043478772814905,False
final_input_token_layerwise,undisclosed,k6,target_observation_mean,33,3.0,0.04985785188923353,False
final_input_token_layerwise,undisclosed,k6,target_observation_mean,34,3.0,0.02331151659633071,False
final_input_token_layerwise,undisclosed,k6,target_observation_mean,35,3.0,0.014855090993122516,False
final_input_token_layerwise,undisclosed,k6,target_observation_mean,36,3.0,0.027922554873688665,False
final_input_token_layerwise,undisclosed,k6,target_time_slope,0,0.0001,0.0,False
final_input_token_layerwise,undisclosed,k6,target_time_slope,1,100.0,0.0012142703647773645,False
final_input_token_layerwise,undisclosed,k6,target_time_slope,2,100.0,0.0011842529615588016,False
final_input_token_layerwise,undisclosed,k6,target_time_slope,3,3.0,0.008589736266302272,False
final_input_token_layerwise,undisclosed,k6,target_time_slope,4,3.0,0.0002889208517982689,False
final_input_token_layerwise,undisclosed,k6,target_time_slope,5,3.0,0.007567946132383013,False
final_input_token_layerwise,undisclosed,k6,target_time_slope,6,100.0,8.715935875061587e-05,False
final_input_token_layerwise,undisclosed,k6,target_time_slope,7,100.0,0.0003332649975529567,False
final_input_token_layerwise,undisclosed,k6,target_time_slope,8,3.0,0.004336286679549994,False
final_input_token_layerwise,undisclosed,k6,target_time_slope,9,3.0,0.021438678663362104,False
final_input_token_layerwise,undisclosed,k6,target_time_slope,10,3.0,0.01672936020145932,False
final_input_token_layerwise,undisclosed,k6,target_time_slope,11,3.0,0.015397681774791061,False
final_input_token_layerwise,undisclosed,k6,target_time_slope,12,3.0,0.01168624764323517,False
final_input_token_layerwise,undisclosed,k6,target_time_slope,13,3.0,0.023180068166021778,False
final_input_token_layerwise,undisclosed,k6,target_time_slope,14,3.0,0.027136252502062475,False
final_input_token_layerwise,undisclosed,k6,target_time_slope,15,3.0,0.02220305479480253,False
final_input_token_layerwise,undisclosed,k6,target_time_slope,16,3.0,0.016046872216030766,False
final_input_token_layerwise,undisclosed,k6,target_time_slope,17,3.0,0.03374729648699812,False
final_input_token_layerwise,undisclosed,k6,target_time_slope,18,3.0,0.03711341339235691,False
final_input_token_layerwise,undisclosed,k6,target_time_slope,19,3.0,0.04997427810174726,False
final_input_token_layerwise,undisclosed,k6,target_time_slope,20,3.0,0.08930012074277374,True
final_input_token_layerwise,undisclosed,k6,target_time_slope,21,3.0,0.07542011520402242,False
final_input_token_layerwise,undisclosed,k6,target_time_slope,22,3.0,0.062286311753829676,False
final_input_token_layerwise,undisclosed,k6,target_time_slope,23,3.0,0.06359742408463637,False
final_input_token_layerwise,undisclosed,k6,target_time_slope,24,3.0,0.03558680770510714,False
final_input_token_layerwise,undisclosed,k6,target_time_slope,25,3.0,0.04870265914132679,False
final_input_token_layerwise,undisclosed,k6,target_time_slope,26,3.0,0.033987881530423675,False
final_input_token_layerwise,undisclosed,k6,target_time_slope,27,3.0,0.03583779245251312,False
final_input_token_layerwise,undisclosed,k6,target_time_slope,28,3.0,0.03001087388194265,False
final_input_token_layerwise,undisclosed,k6,target_time_slope,29,3.0,0.027310998200834408,False
final_input_token_layerwise,undisclosed,k6,target_time_slope,30,3.0,0.0657013574072029,False
final_input_token_layerwise,undisclosed,k6,target_time_slope,31,3.0,0.04495018616942914,False
final_input_token_layerwise,undisclosed,k6,target_time_slope,32,3.0,0.05248586809047892,False
final_input_token_layerwise,undisclosed,k6,target_time_slope,33,3.0,0.059123818131226996,False
final_input_token_layerwise,undisclosed,k6,target_time_slope,34,3.0,0.052764635078685146,False
final_input_token_layerwise,undisclosed,k6,target_time_slope,35,3.0,0.05072595032856092,False
final_input_token_layerwise,undisclosed,k6,target_time_slope,36,3.0,0.051875970449220404,False
final_input_token_layerwise,undisclosed,k6,displayed_driver_outcome_slope,0,0.0001,-5.551115123125783e-17,False
final_input_token_layerwise,undisclosed,k6,displayed_driver_outcome_slope,1,100.0,-0.0015906757028724405,False
final_input_token_layerwise,undisclosed,k6,displayed_driver_outcome_slope,2,100.0,-0.0011241784831848844,False
final_input_token_layerwise,undisclosed,k6,displayed_driver_outcome_slope,3,100.0,-0.0008302580044537711,False
final_input_token_layerwise,undisclosed,k6,displayed_driver_outcome_slope,4,100.0,-0.00010549202833640137,False
final_input_token_layerwise,undisclosed,k6,displayed_driver_outcome_slope,5,100.0,-0.0001926129652166375,False
final_input_token_layerwise,undisclosed,k6,displayed_driver_outcome_slope,6,100.0,-0.00010801047726072266,False
final_input_token_layerwise,undisclosed,k6,displayed_driver_outcome_slope,7,3.0,0.003808090772845163,False
final_input_token_layerwise,undisclosed,k6,displayed_driver_outcome_slope,8,100.0,0.0003552010751526613,False
final_input_token_layerwise,undisclosed,k6,displayed_driver_outcome_slope,9,100.0,0.00028320616332846993,False
final_input_token_layerwise,undisclosed,k6,displayed_driver_outcome_slope,10,100.0,-0.0003881076328902944,False
final_input_token_layerwise,undisclosed,k6,displayed_driver_outcome_slope,11,100.0,0.0003293706351112091,False
final_input_token_layerwise,undisclosed,k6,displayed_driver_outcome_slope,12,100.0,0.0011102011539078638,False
final_input_token_layerwise,undisclosed,k6,displayed_driver_outcome_slope,13,100.0,0.00017753108543305807,False
final_input_token_layerwise,undisclosed,k6,displayed_driver_outcome_slope,14,100.0,0.0005458672516681917,False
final_input_token_layerwise,undisclosed,k6,displayed_driver_outcome_slope,15,100.0,0.0008412913252313359,False
final_input_token_layerwise,undisclosed,k6,displayed_driver_outcome_slope,16,3.0,0.021412486863436248,False
final_input_token_layerwise,undisclosed,k6,displayed_driver_outcome_slope,17,3.0,0.043843247780762734,True
final_input_token_layerwise,undisclosed,k6,displayed_driver_outcome_slope,18,3.0,0.04167049802895373,False
final_input_token_layerwise,undisclosed,k6,displayed_driver_outcome_slope,19,3.0,0.016414055837993574,False
final_input_token_layerwise,undisclosed,k6,displayed_driver_outcome_slope,20,3.0,0.01854269983955209,False
final_input_token_layerwise,undisclosed,k6,displayed_driver_outcome_slope,21,3.0,0.010057216978007322,False
final_input_token_layerwise,undisclosed,k6,displayed_driver_outcome_slope,22,3.0,0.010555967721527948,False
final_input_token_layerwise,undisclosed,k6,displayed_driver_outcome_slope,23,3.0,0.010856980703441543,False
final_input_token_layerwise,undisclosed,k6,displayed_driver_outcome_slope,24,3.0,0.011819414073581752,False
final_input_token_layerwise,undisclosed,k6,displayed_driver_outcome_slope,25,3.0,0.008664506150609042,False
final_input_token_layerwise,undisclosed,k6,displayed_driver_outcome_slope,26,100.0,0.0010728800540157346,False
final_input_token_layerwise,undisclosed,k6,displayed_driver_outcome_slope,27,100.0,0.00040175345908810556,False
final_input_token_layerwise,undisclosed,k6,displayed_driver_outcome_slope,28,100.0,0.000600117477510459,False
final_input_token_layerwise,undisclosed,k6,displayed_driver_outcome_slope,29,100.0,0.00048106344770351694,False
final_input_token_layerwise,undisclosed,k6,displayed_driver_outcome_slope,30,100.0,0.0003872255743412045,False
final_input_token_layerwise,undisclosed,k6,displayed_driver_outcome_slope,31,100.0,0.0014374362545178654,False
final_input_token_layerwise,undisclosed,k6,displayed_driver_outcome_slope,32,100.0,0.0021784944112557825,False
final_input_token_layerwise,undisclosed,k6,displayed_driver_outcome_slope,33,100.0,0.0019991876831481625,False
final_input_token_layerwise,undisclosed,k6,displayed_driver_outcome_slope,34,100.0,0.0017812275043479764,False
final_input_token_layerwise,undisclosed,k6,displayed_driver_outcome_slope,35,100.0,0.0015070323537059171,False
final_input_token_layerwise,undisclosed,k6,displayed_driver_outcome_slope,36,100.0,0.0018146507059307315,False
final_input_token_layerwise,undisclosed,k6,oracle_posterior_gain,0,0.0001,-5.551115123125783e-17,False
final_input_token_layerwise,undisclosed,k6,oracle_posterior_gain,1,100.0,-0.0020024737226412015,False
final_input_token_layerwise,undisclosed,k6,oracle_posterior_gain,2,100.0,-0.001452483620577899,False
final_input_token_layerwise,undisclosed,k6,oracle_posterior_gain,3,100.0,-0.0003023016202270967,False
final_input_token_layerwise,undisclosed,k6,oracle_posterior_gain,4,100.0,0.0009826195988367759,False
final_input_token_layerwise,undisclosed,k6,oracle_posterior_gain,5,100.0,0.0008353080416269587,False
final_input_token_layerwise,undisclosed,k6,oracle_posterior_gain,6,100.0,0.00030410973209438197,False
final_input_token_layerwise,undisclosed,k6,oracle_posterior_gain,7,100.0,-0.0008480887942980964,False
final_input_token_layerwise,undisclosed,k6,oracle_posterior_gain,8,100.0,0.0001536218276354806,False
final_input_token_layerwise,undisclosed,k6,oracle_posterior_gain,9,100.0,9.456602961699367e-05,False
final_input_token_layerwise,undisclosed,k6,oracle_posterior_gain,10,100.0,0.00029113154804191743,False
final_input_token_layerwise,undisclosed,k6,oracle_posterior_gain,11,100.0,0.0010834773028668143,False
final_input_token_layerwise,undisclosed,k6,oracle_posterior_gain,12,100.0,0.0005475433472006963,False
final_input_token_layerwise,undisclosed,k6,oracle_posterior_gain,13,3.0,0.008844919323385741,False
final_input_token_layerwise,undisclosed,k6,oracle_posterior_gain,14,100.0,0.0006760151201800901,False
final_input_token_layerwise,undisclosed,k6,oracle_posterior_gain,15,100.0,-0.0006260965845253652,False
final_input_token_layerwise,undisclosed,k6,oracle_posterior_gain,16,100.0,-8.211350484826907e-05,False
final_input_token_layerwise,undisclosed,k6,oracle_posterior_gain,17,3.0,0.013486050533120852,False
final_input_token_layerwise,undisclosed,k6,oracle_posterior_gain,18,3.0,0.015785825537825593,False
final_input_token_layerwise,undisclosed,k6,oracle_posterior_gain,19,3.0,0.02673748176360477,False
final_input_token_layerwise,undisclosed,k6,oracle_posterior_gain,20,3.0,0.05287816247347199,False
final_input_token_layerwise,undisclosed,k6,oracle_posterior_gain,21,3.0,0.06412212411429011,False
final_input_token_layerwise,undisclosed,k6,oracle_posterior_gain,22,0.1,0.07221853081529778,True
final_input_token_layerwise,undisclosed,k6,oracle_posterior_gain,23,3.0,0.06780401666234323,False
final_input_token_layerwise,undisclosed,k6,oracle_posterior_gain,24,3.0,0.05742473841964099,False
final_input_token_layerwise,undisclosed,k6,oracle_posterior_gain,25,3.0,0.04592301000115254,False
final_input_token_layerwise,undisclosed,k6,oracle_posterior_gain,26,3.0,0.05537619718799408,False
final_input_token_layerwise,undisclosed,k6,oracle_posterior_gain,27,3.0,0.05824887248196273,False
final_input_token_layerwise,undisclosed,k6,oracle_posterior_gain,28,3.0,0.05195466581449784,False
final_input_token_layerwise,undisclosed,k6,oracle_posterior_gain,29,3.0,0.05661440164335313,False
final_input_token_layerwise,undisclosed,k6,oracle_posterior_gain,30,3.0,0.056194606833954,False
final_input_token_layerwise,undisclosed,k6,oracle_posterior_gain,31,3.0,0.045087196339873736,False
final_input_token_layerwise,undisclosed,k6,oracle_posterior_gain,32,3.0,0.04409034697003095,False
final_input_token_layerwise,undisclosed,k6,oracle_posterior_gain,33,3.0,0.03749741807630916,False
final_input_token_layerwise,undisclosed,k6,oracle_posterior_gain,34,3.0,0.025818906827698357,False
final_input_token_layerwise,undisclosed,k6,oracle_posterior_gain,35,3.0,0.042189889801533126,False
final_input_token_layerwise,undisclosed,k6,oracle_posterior_gain,36,3.0,0.04363512440477407,False
final_input_token_layerwise,undisclosed,k9,gain,0,0.0001,0.0,False
final_input_token_layerwise,undisclosed,k9,gain,1,100.0,-0.002844928725191098,False
final_input_token_layerwise,undisclosed,k9,gain,2,100.0,-0.0014333382096521352,False
final_input_token_layerwise,undisclosed,k9,gain,3,3.0,0.008683281181903757,False
final_input_token_layerwise,undisclosed,k9,gain,4,3.0,0.0028453816296427903,False
final_input_token_layerwise,undisclosed,k9,gain,5,100.0,-0.00018134975831812783,False
final_input_token_layerwise,undisclosed,k9,gain,6,100.0,-0.0003716409261588782,False
final_input_token_layerwise,undisclosed,k9,gain,7,100.0,6.002935038273982e-06,False
final_input_token_layerwise,undisclosed,k9,gain,8,100.0,2.475700325918484e-05,False
final_input_token_layerwise,undisclosed,k9,gain,9,100.0,0.0001479179747009285,False
final_input_token_layerwise,undisclosed,k9,gain,10,100.0,0.0004677444761680416,False
final_input_token_layerwise,undisclosed,k9,gain,11,3.0,0.011053813145644159,False
final_input_token_layerwise,undisclosed,k9,gain,12,3.0,0.010309057252200937,False
final_input_token_layerwise,undisclosed,k9,gain,13,100.0,0.0013249034801540438,False
final_input_token_layerwise,undisclosed,k9,gain,14,3.0,0.00392900469355853,False
final_input_token_layerwise,undisclosed,k9,gain,15,3.0,0.007862896174293144,False
final_input_token_layerwise,undisclosed,k9,gain,16,3.0,0.003897402037724901,False
final_input_token_layerwise,undisclosed,k9,gain,17,100.0,-0.00025641852012778243,False
final_input_token_layerwise,undisclosed,k9,gain,18,100.0,0.0001818434757047127,False
final_input_token_layerwise,undisclosed,k9,gain,19,3.0,0.008832132938420112,False
final_input_token_layerwise,undisclosed,k9,gain,20,3.0,0.04067676427839814,False
final_input_token_layerwise,undisclosed,k9,gain,21,3.0,0.04886011728675524,False
final_input_token_layerwise,undisclosed,k9,gain,22,3.0,0.04340292911363827,False
final_input_token_layerwise,undisclosed,k9,gain,23,3.0,0.058446352089142006,False
final_input_token_layerwise,undisclosed,k9,gain,24,3.0,0.07006107937134293,False
final_input_token_layerwise,undisclosed,k9,gain,25,3.0,0.07634507110944214,False
final_input_token_layerwise,undisclosed,k9,gain,26,3.0,0.0733946802596935,False
final_input_token_layerwise,undisclosed,k9,gain,27,3.0,0.07137581845820506,False
final_input_token_layerwise,undisclosed,k9,gain,28,3.0,0.0728632790492289,False
final_input_token_layerwise,undisclosed,k9,gain,29,3.0,0.07748421815011447,True
final_input_token_layerwise,undisclosed,k9,gain,30,3.0,0.06597144100325641,False
final_input_token_layerwise,undisclosed,k9,gain,31,3.0,0.059853336958650416,False
final_input_token_layerwise,undisclosed,k9,gain,32,3.0,0.05751646940814817,False
final_input_token_layerwise,undisclosed,k9,gain,33,3.0,0.05186915747288273,False
final_input_token_layerwise,undisclosed,k9,gain,34,3.0,0.044942039284584456,False
final_input_token_layerwise,undisclosed,k9,gain,35,3.0,0.055891707422016434,False
final_input_token_layerwise,undisclosed,k9,gain,36,3.0,0.06729717562643389,False
final_input_token_layerwise,undisclosed,k9,response_residual,0,0.0001,-2.7755575615628914e-17,False
final_input_token_layerwise,undisclosed,k9,response_residual,1,100.0,-0.0034731416308922958,False
final_input_token_layerwise,undisclosed,k9,response_residual,2,100.0,-0.002108941188084551,False
final_input_token_layerwise,undisclosed,k9,response_residual,3,100.0,-0.0007184364190353232,False
final_input_token_layerwise,undisclosed,k9,response_residual,4,100.0,-0.00046259822859920363,False
final_input_token_layerwise,undisclosed,k9,response_residual,5,100.0,-0.000414067936780671,False
final_input_token_layerwise,undisclosed,k9,response_residual,6,100.0,-0.0006227430182556559,False
final_input_token_layerwise,undisclosed,k9,response_residual,7,100.0,-0.0004244417127155231,False
final_input_token_layerwise,undisclosed,k9,response_residual,8,100.0,-0.00054768239534983,False
final_input_token_layerwise,undisclosed,k9,response_residual,9,100.0,-0.0006121184148295822,False
final_input_token_layerwise,undisclosed,k9,response_residual,10,100.0,-0.0003031263675406237,False
final_input_token_layerwise,undisclosed,k9,response_residual,11,100.0,0.0017520204799851835,False
final_input_token_layerwise,undisclosed,k9,response_residual,12,100.0,0.001828716372113598,False
final_input_token_layerwise,undisclosed,k9,response_residual,13,100.0,0.0007629644930715329,False
final_input_token_layerwise,undisclosed,k9,response_residual,14,100.0,0.001543209145748875,False
final_input_token_layerwise,undisclosed,k9,response_residual,15,100.0,0.0010743940938374996,False
final_input_token_layerwise,undisclosed,k9,response_residual,16,100.0,0.0008149372762509821,False
final_input_token_layerwise,undisclosed,k9,response_residual,17,100.0,6.655527659735205e-05,False
final_input_token_layerwise,undisclosed,k9,response_residual,18,100.0,0.00017949545468867734,False
final_input_token_layerwise,undisclosed,k9,response_residual,19,100.0,0.0006255049871363716,False
final_input_token_layerwise,undisclosed,k9,response_residual,20,3.0,0.012112788566026378,False
final_input_token_layerwise,undisclosed,k9,response_residual,21,3.0,0.006196566785274998,False
final_input_token_layerwise,undisclosed,k9,response_residual,22,100.0,0.001549941939729016,False
final_input_token_layerwise,undisclosed,k9,response_residual,23,3.0,0.00559035000953062,False
final_input_token_layerwise,undisclosed,k9,response_residual,24,3.0,0.01171474228910982,False
final_input_token_layerwise,undisclosed,k9,response_residual,25,3.0,0.027309916169747622,True
final_input_token_layerwise,undisclosed,k9,response_residual,26,3.0,0.01714581051450198,False
final_input_token_layerwise,undisclosed,k9,response_residual,27,3.0,0.012587036645819033,False
final_input_token_layerwise,undisclosed,k9,response_residual,28,3.0,0.010814751360963576,False
final_input_token_layerwise,undisclosed,k9,response_residual,29,3.0,0.013465462021292923,False
final_input_token_layerwise,undisclosed,k9,response_residual,30,3.0,0.019543920446186774,False
final_input_token_layerwise,undisclosed,k9,response_residual,31,3.0,0.013270546755318413,False
final_input_token_layerwise,undisclosed,k9,response_residual,32,100.0,0.0035274562164943346,False
final_input_token_layerwise,undisclosed,k9,response_residual,33,100.0,0.0026665274529776295,False
final_input_token_layerwise,undisclosed,k9,response_residual,34,100.0,0.0025252328593240447,False
final_input_token_layerwise,undisclosed,k9,response_residual,35,100.0,0.002966496193719914,False
final_input_token_layerwise,undisclosed,k9,response_residual,36,3.0,0.010431868337129446,False
final_input_token_layerwise,undisclosed,k9,last_target_observation,0,0.0001,1.3877787807814457e-16,False
final_input_token_layerwise,undisclosed,k9,last_target_observation,1,100.0,-0.006476435465557928,False
final_input_token_layerwise,undisclosed,k9,last_target_observation,2,100.0,-0.004159856930247008,False
final_input_token_layerwise,undisclosed,k9,last_target_observation,3,100.0,-0.003165886955830116,False
final_input_token_layerwise,undisclosed,k9,last_target_observation,4,100.0,-0.0017000718669231696,False
final_input_token_layerwise,undisclosed,k9,last_target_observation,5,100.0,-0.0006496801944517461,False
final_input_token_layerwise,undisclosed,k9,last_target_observation,6,100.0,-0.0005576782027190974,False
final_input_token_layerwise,undisclosed,k9,last_target_observation,7,100.0,-0.0009561976287284502,False
final_input_token_layerwise,undisclosed,k9,last_target_observation,8,100.0,-0.0004529238672473235,False
final_input_token_layerwise,undisclosed,k9,last_target_observation,9,100.0,-0.0013081407053628091,False
final_input_token_layerwise,undisclosed,k9,last_target_observation,10,100.0,-0.0009265967157859878,False
final_input_token_layerwise,undisclosed,k9,last_target_observation,11,100.0,-0.00020370239601891216,False
final_input_token_layerwise,undisclosed,k9,last_target_observation,12,100.0,0.000495587207746534,False
final_input_token_layerwise,undisclosed,k9,last_target_observation,13,3.0,0.019856027684420186,False
final_input_token_layerwise,undisclosed,k9,last_target_observation,14,3.0,0.020968747419931155,False
final_input_token_layerwise,undisclosed,k9,last_target_observation,15,3.0,0.007534831901947481,False
final_input_token_layerwise,undisclosed,k9,last_target_observation,16,3.0,0.009374502603199636,False
final_input_token_layerwise,undisclosed,k9,last_target_observation,17,100.0,0.00022442105714090554,False
final_input_token_layerwise,undisclosed,k9,last_target_observation,18,100.0,-0.00013154718802088627,False
final_input_token_layerwise,undisclosed,k9,last_target_observation,19,3.0,0.01351722081766829,False
final_input_token_layerwise,undisclosed,k9,last_target_observation,20,3.0,0.03753304412961109,True
final_input_token_layerwise,undisclosed,k9,last_target_observation,21,3.0,0.01618069369920616,False
final_input_token_layerwise,undisclosed,k9,last_target_observation,22,3.0,0.021613535366439285,False
final_input_token_layerwise,undisclosed,k9,last_target_observation,23,3.0,0.029860336795715953,False
final_input_token_layerwise,undisclosed,k9,last_target_observation,24,3.0,0.03427134130588691,False
final_input_token_layerwise,undisclosed,k9,last_target_observation,25,3.0,0.014999740175766135,False
final_input_token_layerwise,undisclosed,k9,last_target_observation,26,3.0,0.009729212567353651,False
final_input_token_layerwise,undisclosed,k9,last_target_observation,27,3.0,0.006549193385417512,False
final_input_token_layerwise,undisclosed,k9,last_target_observation,28,3.0,0.004945041379154108,False
final_input_token_layerwise,undisclosed,k9,last_target_observation,29,100.0,0.0008853360590150017,False
final_input_token_layerwise,undisclosed,k9,last_target_observation,30,100.0,0.0009007870432302667,False
final_input_token_layerwise,undisclosed,k9,last_target_observation,31,100.0,0.00018156325493212666,False
final_input_token_layerwise,undisclosed,k9,last_target_observation,32,100.0,0.0005621543327845591,False
final_input_token_layerwise,undisclosed,k9,last_target_observation,33,100.0,-7.050896324550804e-05,False
final_input_token_layerwise,undisclosed,k9,last_target_observation,34,100.0,0.0008178672816996913,False
final_input_token_layerwise,undisclosed,k9,last_target_observation,35,100.0,0.0007164501229139641,False
final_input_token_layerwise,undisclosed,k9,last_target_observation,36,100.0,0.0004936338469071211,False
final_input_token_layerwise,undisclosed,k9,target_observation_mean,0,0.0001,3.885780586188048e-16,False
final_input_token_layerwise,undisclosed,k9,target_observation_mean,1,100.0,0.00486218307432551,False
final_input_token_layerwise,undisclosed,k9,target_observation_mean,2,100.0,0.0034506441065806914,False
final_input_token_layerwise,undisclosed,k9,target_observation_mean,3,100.0,0.0026474063291154204,False
final_input_token_layerwise,undisclosed,k9,target_observation_mean,4,3.0,0.007916471855786256,False
final_input_token_layerwise,undisclosed,k9,target_observation_mean,5,3.0,0.007780706403734211,False
final_input_token_layerwise,undisclosed,k9,target_observation_mean,6,3.0,0.008480430444232717,False
final_input_token_layerwise,undisclosed,k9,target_observation_mean,7,3.0,0.011973969827197922,False
final_input_token_layerwise,undisclosed,k9,target_observation_mean,8,100.0,-0.0004634424956600769,False
final_input_token_layerwise,undisclosed,k9,target_observation_mean,9,100.0,-0.0005637419392445775,False
final_input_token_layerwise,undisclosed,k9,target_observation_mean,10,100.0,-0.00043953705527968734,False
final_input_token_layerwise,undisclosed,k9,target_observation_mean,11,100.0,-0.0017253038965267808,False
final_input_token_layerwise,undisclosed,k9,target_observation_mean,12,100.0,-0.001871347734555051,False
final_input_token_layerwise,undisclosed,k9,target_observation_mean,13,100.0,-0.0008440783210778291,False
final_input_token_layerwise,undisclosed,k9,target_observation_mean,14,100.0,-0.0006326616518860795,False
final_input_token_layerwise,undisclosed,k9,target_observation_mean,15,100.0,-1.3599703310718247e-06,False
final_input_token_layerwise,undisclosed,k9,target_observation_mean,16,100.0,-8.919535609580587e-06,False
final_input_token_layerwise,undisclosed,k9,target_observation_mean,17,100.0,-0.0009308776512324535,False
final_input_token_layerwise,undisclosed,k9,target_observation_mean,18,100.0,0.00031289192162511914,False
final_input_token_layerwise,undisclosed,k9,target_observation_mean,19,3.0,0.008398456978184421,False
final_input_token_layerwise,undisclosed,k9,target_observation_mean,20,3.0,0.05196711655962047,False
final_input_token_layerwise,undisclosed,k9,target_observation_mean,21,3.0,0.059772853993221575,False
final_input_token_layerwise,undisclosed,k9,target_observation_mean,22,3.0,0.07218247922940332,False
final_input_token_layerwise,undisclosed,k9,target_observation_mean,23,0.1,0.1038955048143875,True
final_input_token_layerwise,undisclosed,k9,target_observation_mean,24,0.1,0.08708648472984884,False
final_input_token_layerwise,undisclosed,k9,target_observation_mean,25,3.0,0.04774300945704579,False
final_input_token_layerwise,undisclosed,k9,target_observation_mean,26,3.0,0.05208873314196766,False
final_input_token_layerwise,undisclosed,k9,target_observation_mean,27,3.0,0.06130174871095273,False
final_input_token_layerwise,undisclosed,k9,target_observation_mean,28,3.0,0.07317586866189232,False
final_input_token_layerwise,undisclosed,k9,target_observation_mean,29,3.0,0.06927549285977153,False
final_input_token_layerwise,undisclosed,k9,target_observation_mean,30,3.0,0.06511614904728533,False
final_input_token_layerwise,undisclosed,k9,target_observation_mean,31,3.0,0.06863392122123624,False
final_input_token_layerwise,undisclosed,k9,target_observation_mean,32,3.0,0.08501810819624414,False
final_input_token_layerwise,undisclosed,k9,target_observation_mean,33,3.0,0.0837462605949682,False
final_input_token_layerwise,undisclosed,k9,target_observation_mean,34,3.0,0.08422086658003475,False
final_input_token_layerwise,undisclosed,k9,target_observation_mean,35,3.0,0.08945578673822074,False
final_input_token_layerwise,undisclosed,k9,target_observation_mean,36,3.0,0.09471813477113408,False
final_input_token_layerwise,undisclosed,k9,target_time_slope,0,0.0001,0.0,False
final_input_token_layerwise,undisclosed,k9,target_time_slope,1,3.0,0.01211237477317953,False
final_input_token_layerwise,undisclosed,k9,target_time_slope,2,100.0,-0.001910221943610818,False
final_input_token_layerwise,undisclosed,k9,target_time_slope,3,100.0,-0.002102228715954557,False
final_input_token_layerwise,undisclosed,k9,target_time_slope,4,100.0,-0.0006372669555909372,False
final_input_token_layerwise,undisclosed,k9,target_time_slope,5,3.0,0.002881497576888048,False
final_input_token_layerwise,undisclosed,k9,target_time_slope,6,3.0,0.0033302211941063364,False
final_input_token_layerwise,undisclosed,k9,target_time_slope,7,3.0,0.010509699643519166,False
final_input_token_layerwise,undisclosed,k9,target_time_slope,8,100.0,0.00046504754679388416,False
final_input_token_layerwise,undisclosed,k9,target_time_slope,9,100.0,-0.0002628539863343271,False
final_input_token_layerwise,undisclosed,k9,target_time_slope,10,100.0,-0.00012002499934579691,False
final_input_token_layerwise,undisclosed,k9,target_time_slope,11,100.0,0.00017789340117499441,False
final_input_token_layerwise,undisclosed,k9,target_time_slope,12,100.0,0.0004810724372367181,False
final_input_token_layerwise,undisclosed,k9,target_time_slope,13,3.0,0.046221037657299374,False
final_input_token_layerwise,undisclosed,k9,target_time_slope,14,3.0,0.03522847628982362,False
final_input_token_layerwise,undisclosed,k9,target_time_slope,15,100.0,0.00034395270769660424,False
final_input_token_layerwise,undisclosed,k9,target_time_slope,16,3.0,0.017233310624711784,False
final_input_token_layerwise,undisclosed,k9,target_time_slope,17,3.0,0.010753814700717068,False
final_input_token_layerwise,undisclosed,k9,target_time_slope,18,3.0,0.028597127193331934,False
final_input_token_layerwise,undisclosed,k9,target_time_slope,19,3.0,0.07809057619770945,False
final_input_token_layerwise,undisclosed,k9,target_time_slope,20,3.0,0.14848994934774357,True
final_input_token_layerwise,undisclosed,k9,target_time_slope,21,3.0,0.12655352992613023,False
final_input_token_layerwise,undisclosed,k9,target_time_slope,22,3.0,0.11665528368356201,False
final_input_token_layerwise,undisclosed,k9,target_time_slope,23,3.0,0.10396036252228191,False
final_input_token_layerwise,undisclosed,k9,target_time_slope,24,3.0,0.06237652335838656,False
final_input_token_layerwise,undisclosed,k9,target_time_slope,25,3.0,0.05846646939653097,False
final_input_token_layerwise,undisclosed,k9,target_time_slope,26,3.0,0.05645273805521467,False
final_input_token_layerwise,undisclosed,k9,target_time_slope,27,3.0,0.04936254920650937,False
final_input_token_layerwise,undisclosed,k9,target_time_slope,28,3.0,0.05037084227403149,False
final_input_token_layerwise,undisclosed,k9,target_time_slope,29,3.0,0.046661727343354026,False
final_input_token_layerwise,undisclosed,k9,target_time_slope,30,3.0,0.060726520900359265,False
final_input_token_layerwise,undisclosed,k9,target_time_slope,31,3.0,0.05217459276368272,False
final_input_token_layerwise,undisclosed,k9,target_time_slope,32,3.0,0.05156359232181268,False
final_input_token_layerwise,undisclosed,k9,target_time_slope,33,3.0,0.026978171522970634,False
final_input_token_layerwise,undisclosed,k9,target_time_slope,34,3.0,0.02764369901451505,False
final_input_token_layerwise,undisclosed,k9,target_time_slope,35,3.0,0.01669386093881764,False
final_input_token_layerwise,undisclosed,k9,target_time_slope,36,3.0,0.009022072892504451,False
final_input_token_layerwise,undisclosed,k9,displayed_driver_outcome_slope,0,0.0001,-1.1102230246251565e-16,False
final_input_token_layerwise,undisclosed,k9,displayed_driver_outcome_slope,1,100.0,0.010327813968994431,False
final_input_token_layerwise,undisclosed,k9,displayed_driver_outcome_slope,2,3.0,0.012424379028500326,False
final_input_token_layerwise,undisclosed,k9,displayed_driver_outcome_slope,3,3.0,0.005940437804533183,False
final_input_token_layerwise,undisclosed,k9,displayed_driver_outcome_slope,4,3.0,0.00803381782238935,False
final_input_token_layerwise,undisclosed,k9,displayed_driver_outcome_slope,5,3.0,0.004256868375708961,False
final_input_token_layerwise,undisclosed,k9,displayed_driver_outcome_slope,6,3.0,0.009242615335307763,False
final_input_token_layerwise,undisclosed,k9,displayed_driver_outcome_slope,7,100.0,0.0009686132935576575,False
final_input_token_layerwise,undisclosed,k9,displayed_driver_outcome_slope,8,100.0,-0.00019599902829234295,False
final_input_token_layerwise,undisclosed,k9,displayed_driver_outcome_slope,9,100.0,-0.0005255407804704293,False
final_input_token_layerwise,undisclosed,k9,displayed_driver_outcome_slope,10,100.0,-0.0003442031536000645,False
final_input_token_layerwise,undisclosed,k9,displayed_driver_outcome_slope,11,100.0,-0.0004901129594304665,False
final_input_token_layerwise,undisclosed,k9,displayed_driver_outcome_slope,12,100.0,-0.0005366291971197756,False
final_input_token_layerwise,undisclosed,k9,displayed_driver_outcome_slope,13,100.0,0.0003785334212585423,False
final_input_token_layerwise,undisclosed,k9,displayed_driver_outcome_slope,14,3.0,0.01358163469614107,False
final_input_token_layerwise,undisclosed,k9,displayed_driver_outcome_slope,15,3.0,0.012469995271328499,False
final_input_token_layerwise,undisclosed,k9,displayed_driver_outcome_slope,16,3.0,0.0028492287777250325,False
final_input_token_layerwise,undisclosed,k9,displayed_driver_outcome_slope,17,100.0,0.0014431447261417374,False
final_input_token_layerwise,undisclosed,k9,displayed_driver_outcome_slope,18,3.0,0.013127139055708392,False
final_input_token_layerwise,undisclosed,k9,displayed_driver_outcome_slope,19,3.0,0.0354291388031347,False
final_input_token_layerwise,undisclosed,k9,displayed_driver_outcome_slope,20,3.0,0.04805416888646466,False
final_input_token_layerwise,undisclosed,k9,displayed_driver_outcome_slope,21,3.0,0.05787002450427156,False
final_input_token_layerwise,undisclosed,k9,displayed_driver_outcome_slope,22,3.0,0.06374656297883724,False
final_input_token_layerwise,undisclosed,k9,displayed_driver_outcome_slope,23,3.0,0.07205099283742214,False
final_input_token_layerwise,undisclosed,k9,displayed_driver_outcome_slope,24,3.0,0.08920990023851788,True
final_input_token_layerwise,undisclosed,k9,displayed_driver_outcome_slope,25,3.0,0.06106510937887205,False
final_input_token_layerwise,undisclosed,k9,displayed_driver_outcome_slope,26,3.0,0.06754019826232313,False
final_input_token_layerwise,undisclosed,k9,displayed_driver_outcome_slope,27,3.0,0.045706433659890355,False
final_input_token_layerwise,undisclosed,k9,displayed_driver_outcome_slope,28,3.0,0.039032991739564815,False
final_input_token_layerwise,undisclosed,k9,displayed_driver_outcome_slope,29,3.0,0.03181521000252971,False
final_input_token_layerwise,undisclosed,k9,displayed_driver_outcome_slope,30,3.0,0.026431072520371857,False
final_input_token_layerwise,undisclosed,k9,displayed_driver_outcome_slope,31,3.0,0.02537132741936815,False
final_input_token_layerwise,undisclosed,k9,displayed_driver_outcome_slope,32,3.0,0.01747096915992477,False
final_input_token_layerwise,undisclosed,k9,displayed_driver_outcome_slope,33,3.0,0.010927338812489584,False
final_input_token_layerwise,undisclosed,k9,displayed_driver_outcome_slope,34,3.0,0.02134218193297449,False
final_input_token_layerwise,undisclosed,k9,displayed_driver_outcome_slope,35,3.0,0.015387986357631056,False
final_input_token_layerwise,undisclosed,k9,displayed_driver_outcome_slope,36,3.0,0.009051526241050378,False
final_input_token_layerwise,undisclosed,k9,oracle_posterior_gain,0,0.0001,0.0,False
final_input_token_layerwise,undisclosed,k9,oracle_posterior_gain,1,100.0,-4.565050745916621e-05,False
final_input_token_layerwise,undisclosed,k9,oracle_posterior_gain,2,100.0,-4.517076479312876e-05,False
final_input_token_layerwise,undisclosed,k9,oracle_posterior_gain,3,3.0,0.003125138921389742,False
final_input_token_layerwise,undisclosed,k9,oracle_posterior_gain,4,3.0,0.005409049443660968,False
final_input_token_layerwise,undisclosed,k9,oracle_posterior_gain,5,3.0,0.0026810640994094637,False
final_input_token_layerwise,undisclosed,k9,oracle_posterior_gain,6,3.0,0.011232023999001306,False
final_input_token_layerwise,undisclosed,k9,oracle_posterior_gain,7,3.0,0.011630246524774429,False
final_input_token_layerwise,undisclosed,k9,oracle_posterior_gain,8,3.0,0.01090816842165454,False
final_input_token_layerwise,undisclosed,k9,oracle_posterior_gain,9,3.0,0.00511115497413378,False
final_input_token_layerwise,undisclosed,k9,oracle_posterior_gain,10,3.0,0.0011775188409748338,False
final_input_token_layerwise,undisclosed,k9,oracle_posterior_gain,11,3.0,0.01785358283005553,False
final_input_token_layerwise,undisclosed,k9,oracle_posterior_gain,12,3.0,0.015313531129038854,False
final_input_token_layerwise,undisclosed,k9,oracle_posterior_gain,13,3.0,0.02374835576263143,False
final_input_token_layerwise,undisclosed,k9,oracle_posterior_gain,14,3.0,0.01095608781199689,False
final_input_token_layerwise,undisclosed,k9,oracle_posterior_gain,15,3.0,0.02057972355417423,False
final_input_token_layerwise,undisclosed,k9,oracle_posterior_gain,16,3.0,0.01661802856702918,False
final_input_token_layerwise,undisclosed,k9,oracle_posterior_gain,17,3.0,0.003193699974648412,False
final_input_token_layerwise,undisclosed,k9,oracle_posterior_gain,18,3.0,0.009398802693064284,False
final_input_token_layerwise,undisclosed,k9,oracle_posterior_gain,19,3.0,0.027034542559794122,False
final_input_token_layerwise,undisclosed,k9,oracle_posterior_gain,20,3.0,0.0732671187903145,False
final_input_token_layerwise,undisclosed,k9,oracle_posterior_gain,21,3.0,0.09927312880094541,False
final_input_token_layerwise,undisclosed,k9,oracle_posterior_gain,22,3.0,0.10374751406622859,False
final_input_token_layerwise,undisclosed,k9,oracle_posterior_gain,23,3.0,0.14542894600135944,True
final_input_token_layerwise,undisclosed,k9,oracle_posterior_gain,24,3.0,0.13840783968526693,False
final_input_token_layerwise,undisclosed,k9,oracle_posterior_gain,25,3.0,0.12227969942325492,False
final_input_token_layerwise,undisclosed,k9,oracle_posterior_gain,26,3.0,0.1272918337208453,False
final_input_token_layerwise,undisclosed,k9,oracle_posterior_gain,27,3.0,0.12498983050100484,False
final_input_token_layerwise,undisclosed,k9,oracle_posterior_gain,28,3.0,0.1306400225757563,False
final_input_token_layerwise,undisclosed,k9,oracle_posterior_gain,29,3.0,0.13327738382154045,False
final_input_token_layerwise,undisclosed,k9,oracle_posterior_gain,30,3.0,0.12157552410067429,False
final_input_token_layerwise,undisclosed,k9,oracle_posterior_gain,31,3.0,0.11884461692957934,False
final_input_token_layerwise,undisclosed,k9,oracle_posterior_gain,32,3.0,0.12080014643219064,False
final_input_token_layerwise,undisclosed,k9,oracle_posterior_gain,33,3.0,0.1155557770069412,False
final_input_token_layerwise,undisclosed,k9,oracle_posterior_gain,34,3.0,0.09874593852453978,False
final_input_token_layerwise,undisclosed,k9,oracle_posterior_gain,35,3.0,0.09418043312639135,False
final_input_token_layerwise,undisclosed,k9,oracle_posterior_gain,36,3.0,0.10733147379390537,False
final_input_token_layerwise,undisclosed,pooled,gain,0,0.0001,0.0,False
final_input_token_layerwise,undisclosed,pooled,gain,1,100.0,0.001674911617764387,False
final_input_token_layerwise,undisclosed,pooled,gain,2,100.0,0.000985723460258603,False
final_input_token_layerwise,undisclosed,pooled,gain,3,100.0,-0.0003497092429682602,False
final_input_token_layerwise,undisclosed,pooled,gain,4,100.0,-0.0010946706033513054,False
final_input_token_layerwise,undisclosed,pooled,gain,5,100.0,-0.001440083643969886,False
final_input_token_layerwise,undisclosed,pooled,gain,6,100.0,-0.0014677980263909467,False
final_input_token_layerwise,undisclosed,pooled,gain,7,100.0,-0.0020801565365010932,False
final_input_token_layerwise,undisclosed,pooled,gain,8,100.0,-0.002894422208330407,False
final_input_token_layerwise,undisclosed,pooled,gain,9,100.0,-0.002775934888198328,False
final_input_token_layerwise,undisclosed,pooled,gain,10,100.0,-0.0026400587035721366,False
final_input_token_layerwise,undisclosed,pooled,gain,11,100.0,-0.001483907693360829,False
final_input_token_layerwise,undisclosed,pooled,gain,12,100.0,-0.0011029430198203998,False
final_input_token_layerwise,undisclosed,pooled,gain,13,100.0,-0.006308748878166089,False
final_input_token_layerwise,undisclosed,pooled,gain,14,100.0,-0.0034488086362414647,False
final_input_token_layerwise,undisclosed,pooled,gain,15,100.0,-0.002049745248468358,False
final_input_token_layerwise,undisclosed,pooled,gain,16,100.0,-0.00204540174742307,False
final_input_token_layerwise,undisclosed,pooled,gain,17,100.0,-0.005630973698974547,False
final_input_token_layerwise,undisclosed,pooled,gain,18,100.0,-0.005203546238153084,False
final_input_token_layerwise,undisclosed,pooled,gain,19,100.0,-0.0009795229831605727,False
final_input_token_layerwise,undisclosed,pooled,gain,20,100.0,-0.0005503005517962604,False
final_input_token_layerwise,undisclosed,pooled,gain,21,100.0,0.0018069588216899264,False
final_input_token_layerwise,undisclosed,pooled,gain,22,100.0,0.0016456078621912469,False
final_input_token_layerwise,undisclosed,pooled,gain,23,3.0,0.012669991367454178,False
final_input_token_layerwise,undisclosed,pooled,gain,24,3.0,0.022981182620728246,False
final_input_token_layerwise,undisclosed,pooled,gain,25,3.0,0.0468477678527206,True
final_input_token_layerwise,undisclosed,pooled,gain,26,3.0,0.02506792320212753,False
final_input_token_layerwise,undisclosed,pooled,gain,27,3.0,0.012807973605571482,False
final_input_token_layerwise,undisclosed,pooled,gain,28,100.0,0.013116474919957747,False
final_input_token_layerwise,undisclosed,pooled,gain,29,100.0,0.01394046330471028,False
final_input_token_layerwise,undisclosed,pooled,gain,30,100.0,0.010962954804606148,False
final_input_token_layerwise,undisclosed,pooled,gain,31,100.0,0.009647285179801096,False
final_input_token_layerwise,undisclosed,pooled,gain,32,100.0,0.009595178334664908,False
final_input_token_layerwise,undisclosed,pooled,gain,33,100.0,0.007268507987011008,False
final_input_token_layerwise,undisclosed,pooled,gain,34,100.0,0.005027265784413232,False
final_input_token_layerwise,undisclosed,pooled,gain,35,100.0,0.0058341957852618516,False
final_input_token_layerwise,undisclosed,pooled,gain,36,100.0,0.006717325098877375,False
final_input_token_layerwise,undisclosed,pooled,response_residual,0,0.0001,-2.7755575615628914e-17,False
final_input_token_layerwise,undisclosed,pooled,response_residual,1,100.0,-0.0009331338551373617,False
final_input_token_layerwise,undisclosed,pooled,response_residual,2,100.0,-0.0011302841278902724,False
final_input_token_layerwise,undisclosed,pooled,response_residual,3,100.0,-0.0019970588228255814,False
final_input_token_layerwise,undisclosed,pooled,response_residual,4,100.0,-0.001313561513351898,False
final_input_token_layerwise,undisclosed,pooled,response_residual,5,100.0,-0.0017746575143592902,False
final_input_token_layerwise,undisclosed,pooled,response_residual,6,100.0,-0.0014334777832692065,False
final_input_token_layerwise,undisclosed,pooled,response_residual,7,100.0,-0.003713165364741866,False
final_input_token_layerwise,undisclosed,pooled,response_residual,8,100.0,-0.004202262998508501,False
final_input_token_layerwise,undisclosed,pooled,response_residual,9,100.0,-0.004537370082059816,False
final_input_token_layerwise,undisclosed,pooled,response_residual,10,100.0,-0.005814472938709588,False
final_input_token_layerwise,undisclosed,pooled,response_residual,11,100.0,-0.005130663616012564,False
final_input_token_layerwise,undisclosed,pooled,response_residual,12,100.0,-0.004922735483038981,False
final_input_token_layerwise,undisclosed,pooled,response_residual,13,100.0,-0.010791097431617621,False
final_input_token_layerwise,undisclosed,pooled,response_residual,14,100.0,-0.0066471666279051544,False
final_input_token_layerwise,undisclosed,pooled,response_residual,15,100.0,-0.005679693747960744,False
final_input_token_layerwise,undisclosed,pooled,response_residual,16,100.0,-0.004652492925749309,False
final_input_token_layerwise,undisclosed,pooled,response_residual,17,100.0,-0.0059656150905949,False
final_input_token_layerwise,undisclosed,pooled,response_residual,18,100.0,-0.005475488285132242,False
final_input_token_layerwise,undisclosed,pooled,response_residual,19,100.0,-0.002783143441890401,False
final_input_token_layerwise,undisclosed,pooled,response_residual,20,100.0,-0.003881012808987024,False
final_input_token_layerwise,undisclosed,pooled,response_residual,21,100.0,-0.0022563620708814514,False
final_input_token_layerwise,undisclosed,pooled,response_residual,22,100.0,-0.002089664482651965,False
final_input_token_layerwise,undisclosed,pooled,response_residual,23,100.0,0.005720373210883145,False
final_input_token_layerwise,undisclosed,pooled,response_residual,24,100.0,0.004504750852086199,False
final_input_token_layerwise,undisclosed,pooled,response_residual,25,100.0,0.007402438125438476,True
final_input_token_layerwise,undisclosed,pooled,response_residual,26,100.0,0.005872224043956764,False
final_input_token_layerwise,undisclosed,pooled,response_residual,27,100.0,0.00641112119956222,False
final_input_token_layerwise,undisclosed,pooled,response_residual,28,100.0,0.005925767175210955,False
final_input_token_layerwise,undisclosed,pooled,response_residual,29,100.0,0.005412772950813401,False
final_input_token_layerwise,undisclosed,pooled,response_residual,30,100.0,0.004082857281476819,False
final_input_token_layerwise,undisclosed,pooled,response_residual,31,100.0,0.0034215067379429476,False
final_input_token_layerwise,undisclosed,pooled,response_residual,32,100.0,0.002723412673261603,False
final_input_token_layerwise,undisclosed,pooled,response_residual,33,100.0,0.0007658652302951763,False
final_input_token_layerwise,undisclosed,pooled,response_residual,34,100.0,-0.0009616996825065801,False
final_input_token_layerwise,undisclosed,pooled,response_residual,35,100.0,-9.79157806063613e-05,False
final_input_token_layerwise,undisclosed,pooled,response_residual,36,100.0,0.0004624488315580766,False
mean_embedding,disclosed,k3,gain,0,100.0,-0.0013393875603101013,True
mean_embedding,disclosed,k3,response_residual,0,100.0,-0.00047630881776636325,True
mean_embedding,disclosed,k6,gain,0,100.0,-0.00017146628251396567,True
mean_embedding,disclosed,k6,response_residual,0,100.0,0.0009699176825104794,True
mean_embedding,disclosed,k9,gain,0,100.0,-0.0007117472640997269,True
mean_embedding,disclosed,k9,response_residual,0,100.0,0.000953518261265135,True
mean_embedding,disclosed,pooled,gain,0,100.0,-0.00911051926355024,True
mean_embedding,disclosed,pooled,response_residual,0,100.0,-0.002252039089797505,True
mean_embedding,undisclosed,k3,gain,0,100.0,-0.0015577820481136873,True
mean_embedding,undisclosed,k3,response_residual,0,100.0,-0.0006124525688177007,True
mean_embedding,undisclosed,k6,gain,0,100.0,-0.00029001209052947896,True
mean_embedding,undisclosed,k6,response_residual,0,100.0,0.0009460246119616933,True
mean_embedding,undisclosed,k9,gain,0,100.0,-0.0008389494439039191,True
mean_embedding,undisclosed,k9,response_residual,0,100.0,0.0009659547891521236,True
mean_embedding,undisclosed,pooled,gain,0,100.0,-0.009139188506194404,True
mean_embedding,undisclosed,pooled,response_residual,0,100.0,-0.0022825781034909085,True
mean_final_layer,disclosed,k3,gain,0,100.0,-0.00017797305380790052,True
mean_final_layer,disclosed,k3,response_residual,0,100.0,-0.00030494332157030013,True
mean_final_layer,disclosed,k6,gain,0,3.0,0.0070204204010691496,True
mean_final_layer,disclosed,k6,response_residual,0,100.0,3.5668040619496466e-05,True
mean_final_layer,disclosed,k9,gain,0,0.1,0.06762966683948968,True
mean_final_layer,disclosed,k9,response_residual,0,3.0,0.013879523024815266,True
mean_final_layer,disclosed,pooled,gain,0,100.0,0.00609582846285701,True
mean_final_layer,disclosed,pooled,response_residual,0,100.0,0.0005939575068204713,True
mean_final_layer,undisclosed,k3,gain,0,100.0,-0.0008178685052471213,True
mean_final_layer,undisclosed,k3,response_residual,0,100.0,-0.0008023105043357126,True
mean_final_layer,undisclosed,k6,gain,0,100.0,-0.0005974813719278882,True
mean_final_layer,undisclosed,k6,response_residual,0,100.0,-0.0006717139217590207,True
mean_final_layer,undisclosed,k9,gain,0,3.0,0.01016665044546508,True
mean_final_layer,undisclosed,k9,response_residual,0,100.0,4.329495028224106e-05,True
mean_final_layer,undisclosed,pooled,gain,0,100.0,-0.0020938866424057103,True
mean_final_layer,undisclosed,pooled,response_residual,0,100.0,-0.005989108165797573,True
