representation,train_disclosure,evidence,target,layer,alpha,cv_macro_development_baseline_r2,selected
final_input_token_layerwise,disclosed,k3,gain,0,0.0001,0.0,False
final_input_token_layerwise,disclosed,k3,gain,1,100.0,-0.0007649591341376272,False
final_input_token_layerwise,disclosed,k3,gain,2,100.0,-0.00032870205801305286,False
final_input_token_layerwise,disclosed,k3,gain,3,100.0,0.0002714005708750744,False
final_input_token_layerwise,disclosed,k3,gain,4,3.0,0.0013921081729119378,False
final_input_token_layerwise,disclosed,k3,gain,5,3.0,0.006659395145280439,False
final_input_token_layerwise,disclosed,k3,gain,6,3.0,0.011024993419562312,False
final_input_token_layerwise,disclosed,k3,gain,7,100.0,-7.4042331835944e-05,False
final_input_token_layerwise,disclosed,k3,gain,8,3.0,0.02427194994346399,False
final_input_token_layerwise,disclosed,k3,gain,9,3.0,0.025062978749880976,False
final_input_token_layerwise,disclosed,k3,gain,10,3.0,0.015663277158760702,False
final_input_token_layerwise,disclosed,k3,gain,11,3.0,0.01675884580609066,False
final_input_token_layerwise,disclosed,k3,gain,12,3.0,0.02058695514291753,False
final_input_token_layerwise,disclosed,k3,gain,13,3.0,0.009201216513015503,False
final_input_token_layerwise,disclosed,k3,gain,14,3.0,0.007503246490908472,False
final_input_token_layerwise,disclosed,k3,gain,15,3.0,0.00592418774301251,False
final_input_token_layerwise,disclosed,k3,gain,16,3.0,0.022872294517172626,False
final_input_token_layerwise,disclosed,k3,gain,17,3.0,0.025723851592297037,True
final_input_token_layerwise,disclosed,k3,gain,18,3.0,0.008360887898474667,False
final_input_token_layerwise,disclosed,k3,gain,19,100.0,0.00011994604435550116,False
final_input_token_layerwise,disclosed,k3,gain,20,100.0,-8.487656151179301e-05,False
final_input_token_layerwise,disclosed,k3,gain,21,3.0,0.007321297463292437,False
final_input_token_layerwise,disclosed,k3,gain,22,100.0,-9.20451136901812e-05,False
final_input_token_layerwise,disclosed,k3,gain,23,100.0,-0.0009765557296210758,False
final_input_token_layerwise,disclosed,k3,gain,24,100.0,-0.0010181440505165895,False
final_input_token_layerwise,disclosed,k3,gain,25,100.0,-0.000600484777367849,False
final_input_token_layerwise,disclosed,k3,gain,26,100.0,-0.0009228091537731853,False
final_input_token_layerwise,disclosed,k3,gain,27,100.0,-0.0008189558378246808,False
final_input_token_layerwise,disclosed,k3,gain,28,100.0,-0.0009191588581061727,False
final_input_token_layerwise,disclosed,k3,gain,29,100.0,-0.0008026217386600254,False
final_input_token_layerwise,disclosed,k3,gain,30,100.0,-0.0004867821865247868,False
final_input_token_layerwise,disclosed,k3,gain,31,100.0,-0.0010691878086703799,False
final_input_token_layerwise,disclosed,k3,gain,32,100.0,-0.0008155301475395726,False
final_input_token_layerwise,disclosed,k3,gain,33,100.0,-0.0013596798107571584,False
final_input_token_layerwise,disclosed,k3,gain,34,100.0,-0.0007018981950681624,False
final_input_token_layerwise,disclosed,k3,gain,35,3.0,-8.657800440106667e-05,False
final_input_token_layerwise,disclosed,k3,gain,36,100.0,-0.0009024943329328239,False
final_input_token_layerwise,disclosed,k3,response_residual,0,0.0001,-2.7755575615628914e-17,False
final_input_token_layerwise,disclosed,k3,response_residual,1,100.0,-0.0004487589472717546,False
final_input_token_layerwise,disclosed,k3,response_residual,2,100.0,8.534688307296201e-05,False
final_input_token_layerwise,disclosed,k3,response_residual,3,100.0,0.0002996905639642278,False
final_input_token_layerwise,disclosed,k3,response_residual,4,3.0,0.002343606772800405,False
final_input_token_layerwise,disclosed,k3,response_residual,5,3.0,0.006051138838012754,False
final_input_token_layerwise,disclosed,k3,response_residual,6,3.0,0.014571615217698175,False
final_input_token_layerwise,disclosed,k3,response_residual,7,100.0,0.0003219646700365897,False
final_input_token_layerwise,disclosed,k3,response_residual,8,3.0,0.01565618448292208,True
final_input_token_layerwise,disclosed,k3,response_residual,9,3.0,0.014866482520967228,False
final_input_token_layerwise,disclosed,k3,response_residual,10,3.0,0.007600456813831036,False
final_input_token_layerwise,disclosed,k3,response_residual,11,3.0,0.001984482025016443,False
final_input_token_layerwise,disclosed,k3,response_residual,12,3.0,0.007025211334736381,False
final_input_token_layerwise,disclosed,k3,response_residual,13,100.0,0.001151489714281223,False
final_input_token_layerwise,disclosed,k3,response_residual,14,100.0,0.0012202776587952324,False
final_input_token_layerwise,disclosed,k3,response_residual,15,100.0,0.0017271871973966735,False
final_input_token_layerwise,disclosed,k3,response_residual,16,3.0,0.009897256536583854,False
final_input_token_layerwise,disclosed,k3,response_residual,17,3.0,0.004402128318784504,False
final_input_token_layerwise,disclosed,k3,response_residual,18,100.0,0.0006160552047168588,False
final_input_token_layerwise,disclosed,k3,response_residual,19,100.0,-0.0003948165449430274,False
final_input_token_layerwise,disclosed,k3,response_residual,20,100.0,-0.0003768197331235623,False
final_input_token_layerwise,disclosed,k3,response_residual,21,100.0,0.00011900784970717004,False
final_input_token_layerwise,disclosed,k3,response_residual,22,100.0,-0.0003429260874637796,False
final_input_token_layerwise,disclosed,k3,response_residual,23,100.0,-0.0010297349787187215,False
final_input_token_layerwise,disclosed,k3,response_residual,24,100.0,-0.0007541978301662255,False
final_input_token_layerwise,disclosed,k3,response_residual,25,100.0,5.9047418318275424e-05,False
final_input_token_layerwise,disclosed,k3,response_residual,26,100.0,-6.382898827306249e-05,False
final_input_token_layerwise,disclosed,k3,response_residual,27,100.0,9.896602668535426e-06,False
final_input_token_layerwise,disclosed,k3,response_residual,28,100.0,-0.00019240879852089332,False
final_input_token_layerwise,disclosed,k3,response_residual,29,100.0,-0.0001037838783924383,False
final_input_token_layerwise,disclosed,k3,response_residual,30,100.0,-1.5027868254885446e-05,False
final_input_token_layerwise,disclosed,k3,response_residual,31,100.0,-0.0005061909307161605,False
final_input_token_layerwise,disclosed,k3,response_residual,32,100.0,-0.00040951621612844713,False
final_input_token_layerwise,disclosed,k3,response_residual,33,100.0,-0.0009395765797282629,False
final_input_token_layerwise,disclosed,k3,response_residual,34,100.0,-0.000488708355257661,False
final_input_token_layerwise,disclosed,k3,response_residual,35,100.0,-2.0603973184069035e-05,False
final_input_token_layerwise,disclosed,k3,response_residual,36,100.0,-0.0007090104480077242,False
final_input_token_layerwise,disclosed,k3,last_target_observation,0,0.0001,-8.326672684688674e-17,False
final_input_token_layerwise,disclosed,k3,last_target_observation,1,0.1,0.07675810329602417,False
final_input_token_layerwise,disclosed,k3,last_target_observation,2,0.1,0.011731010301806538,False
final_input_token_layerwise,disclosed,k3,last_target_observation,3,0.1,0.050748756338380635,False
final_input_token_layerwise,disclosed,k3,last_target_observation,4,100.0,-0.0017616003610564368,False
final_input_token_layerwise,disclosed,k3,last_target_observation,5,100.0,-0.0009942663953882436,False
final_input_token_layerwise,disclosed,k3,last_target_observation,6,100.0,-0.0007751563774975323,False
final_input_token_layerwise,disclosed,k3,last_target_observation,7,100.0,-0.00021598671695355343,False
final_input_token_layerwise,disclosed,k3,last_target_observation,8,100.0,-0.0020109572373641915,False
final_input_token_layerwise,disclosed,k3,last_target_observation,9,100.0,-0.0014981113217652497,False
final_input_token_layerwise,disclosed,k3,last_target_observation,10,100.0,-0.0018879895061595375,False
final_input_token_layerwise,disclosed,k3,last_target_observation,11,100.0,-0.0014515425927239256,False
final_input_token_layerwise,disclosed,k3,last_target_observation,12,100.0,-0.0016863937907046767,False
final_input_token_layerwise,disclosed,k3,last_target_observation,13,100.0,-0.0016778317690958056,False
final_input_token_layerwise,disclosed,k3,last_target_observation,14,100.0,-0.0011488550485352356,False
final_input_token_layerwise,disclosed,k3,last_target_observation,15,100.0,-0.0005809560084253651,False
final_input_token_layerwise,disclosed,k3,last_target_observation,16,100.0,-0.0004980359364454845,False
final_input_token_layerwise,disclosed,k3,last_target_observation,17,3.0,0.03290456607611064,False
final_input_token_layerwise,disclosed,k3,last_target_observation,18,3.0,0.04698840033871396,False
final_input_token_layerwise,disclosed,k3,last_target_observation,19,3.0,0.06896712193024646,False
final_input_token_layerwise,disclosed,k3,last_target_observation,20,0.1,0.1577775051878657,True
final_input_token_layerwise,disclosed,k3,last_target_observation,21,0.1,0.1378195632801788,False
final_input_token_layerwise,disclosed,k3,last_target_observation,22,3.0,0.12012139388010423,False
final_input_token_layerwise,disclosed,k3,last_target_observation,23,3.0,0.11120646690237085,False
final_input_token_layerwise,disclosed,k3,last_target_observation,24,0.1,0.10221090381005299,False
final_input_token_layerwise,disclosed,k3,last_target_observation,25,0.1,0.10305645905973573,False
final_input_token_layerwise,disclosed,k3,last_target_observation,26,0.1,0.13248566396048334,False
final_input_token_layerwise,disclosed,k3,last_target_observation,27,0.1,0.10884184251782145,False
final_input_token_layerwise,disclosed,k3,last_target_observation,28,0.1,0.10873459011329292,False
final_input_token_layerwise,disclosed,k3,last_target_observation,29,3.0,0.06801584236453234,False
final_input_token_layerwise,disclosed,k3,last_target_observation,30,3.0,0.06558489988776967,False
final_input_token_layerwise,disclosed,k3,last_target_observation,31,3.0,0.06375555401936664,False
final_input_token_layerwise,disclosed,k3,last_target_observation,32,3.0,0.061332482209264044,False
final_input_token_layerwise,disclosed,k3,last_target_observation,33,3.0,0.058501511041613996,False
final_input_token_layerwise,disclosed,k3,last_target_observation,34,3.0,0.04721996444232712,False
final_input_token_layerwise,disclosed,k3,last_target_observation,35,3.0,0.06171674036975719,False
final_input_token_layerwise,disclosed,k3,last_target_observation,36,3.0,0.05402854808149102,False
final_input_token_layerwise,disclosed,k3,target_observation_mean,0,0.0001,5.551115123125783e-17,False
final_input_token_layerwise,disclosed,k3,target_observation_mean,1,3.0,0.021529058983049187,False
final_input_token_layerwise,disclosed,k3,target_observation_mean,2,3.0,0.011308780153061526,False
final_input_token_layerwise,disclosed,k3,target_observation_mean,3,3.0,0.013991952668120394,False
final_input_token_layerwise,disclosed,k3,target_observation_mean,4,3.0,0.008206072238036127,False
final_input_token_layerwise,disclosed,k3,target_observation_mean,5,3.0,0.026983087041518694,False
final_input_token_layerwise,disclosed,k3,target_observation_mean,6,3.0,0.017606697761657852,False
final_input_token_layerwise,disclosed,k3,target_observation_mean,7,3.0,0.012431400933990533,False
final_input_token_layerwise,disclosed,k3,target_observation_mean,8,100.0,0.0005115214329038664,False
final_input_token_layerwise,disclosed,k3,target_observation_mean,9,100.0,0.0006372908834318125,False
final_input_token_layerwise,disclosed,k3,target_observation_mean,10,100.0,0.0014784445114184863,False
final_input_token_layerwise,disclosed,k3,target_observation_mean,11,100.0,0.0016104836361580666,False
final_input_token_layerwise,disclosed,k3,target_observation_mean,12,3.0,0.007317178226823456,False
final_input_token_layerwise,disclosed,k3,target_observation_mean,13,100.0,3.712432247246489e-05,False
final_input_token_layerwise,disclosed,k3,target_observation_mean,14,100.0,-0.0002575751487746969,False
final_input_token_layerwise,disclosed,k3,target_observation_mean,15,100.0,-0.0006257054726346578,False
final_input_token_layerwise,disclosed,k3,target_observation_mean,16,3.0,0.001960858772588586,False
final_input_token_layerwise,disclosed,k3,target_observation_mean,17,3.0,0.019120394079061104,False
final_input_token_layerwise,disclosed,k3,target_observation_mean,18,3.0,0.06682104392339325,False
final_input_token_layerwise,disclosed,k3,target_observation_mean,19,3.0,0.10456647750651504,False
final_input_token_layerwise,disclosed,k3,target_observation_mean,20,3.0,0.16216774489931884,False
final_input_token_layerwise,disclosed,k3,target_observation_mean,21,3.0,0.16933831466654478,False
final_input_token_layerwise,disclosed,k3,target_observation_mean,22,3.0,0.20960379259357328,False
final_input_token_layerwise,disclosed,k3,target_observation_mean,23,0.1,0.21248463095323278,True
final_input_token_layerwise,disclosed,k3,target_observation_mean,24,0.1,0.1865707359281016,False
final_input_token_layerwise,disclosed,k3,target_observation_mean,25,3.0,0.12944310902281264,False
final_input_token_layerwise,disclosed,k3,target_observation_mean,26,3.0,0.12181212248878198,False
final_input_token_layerwise,disclosed,k3,target_observation_mean,27,3.0,0.12802484530815908,False
final_input_token_layerwise,disclosed,k3,target_observation_mean,28,3.0,0.14418096974299335,False
final_input_token_layerwise,disclosed,k3,target_observation_mean,29,3.0,0.10084656430965663,False
final_input_token_layerwise,disclosed,k3,target_observation_mean,30,0.1,0.11439483528301322,False
final_input_token_layerwise,disclosed,k3,target_observation_mean,31,3.0,0.09529372888436241,False
final_input_token_layerwise,disclosed,k3,target_observation_mean,32,3.0,0.09549072219856566,False
final_input_token_layerwise,disclosed,k3,target_observation_mean,33,3.0,0.09745052727825207,False
final_input_token_layerwise,disclosed,k3,target_observation_mean,34,3.0,0.10044528501199926,False
final_input_token_layerwise,disclosed,k3,target_observation_mean,35,3.0,0.10058622081774785,False
final_input_token_layerwise,disclosed,k3,target_observation_mean,36,3.0,0.10268382487420757,False
final_input_token_layerwise,disclosed,k3,target_time_slope,0,0.0001,0.0,False
final_input_token_layerwise,disclosed,k3,target_time_slope,1,100.0,-0.0042067125003946715,False
final_input_token_layerwise,disclosed,k3,target_time_slope,2,100.0,-0.002554609940435215,False
final_input_token_layerwise,disclosed,k3,target_time_slope,3,100.0,-0.0020784163227866026,False
final_input_token_layerwise,disclosed,k3,target_time_slope,4,100.0,-0.001918320684877517,False
final_input_token_layerwise,disclosed,k3,target_time_slope,5,100.0,-0.0019250736821138092,False
final_input_token_layerwise,disclosed,k3,target_time_slope,6,100.0,-0.0012711983255005443,False
final_input_token_layerwise,disclosed,k3,target_time_slope,7,100.0,-0.00047927590274532417,False
final_input_token_layerwise,disclosed,k3,target_time_slope,8,100.0,-0.0032439482589353696,False
final_input_token_layerwise,disclosed,k3,target_time_slope,9,100.0,-0.0027412821353173245,False
final_input_token_layerwise,disclosed,k3,target_time_slope,10,100.0,-0.003047418182863054,False
final_input_token_layerwise,disclosed,k3,target_time_slope,11,100.0,-0.002534180426524868,False
final_input_token_layerwise,disclosed,k3,target_time_slope,12,100.0,-0.0022350657453374945,False
final_input_token_layerwise,disclosed,k3,target_time_slope,13,100.0,-0.0015162511466312312,False
final_input_token_layerwise,disclosed,k3,target_time_slope,14,100.0,-0.0016330473907764653,False
final_input_token_layerwise,disclosed,k3,target_time_slope,15,100.0,-0.0011872033326085774,False
final_input_token_layerwise,disclosed,k3,target_time_slope,16,100.0,-0.00207971190865619,False
final_input_token_layerwise,disclosed,k3,target_time_slope,17,100.0,0.0006523753005559796,False
final_input_token_layerwise,disclosed,k3,target_time_slope,18,100.0,0.00018682581845497204,False
final_input_token_layerwise,disclosed,k3,target_time_slope,19,3.0,0.016209075322082683,False
final_input_token_layerwise,disclosed,k3,target_time_slope,20,3.0,0.02980736453069674,False
final_input_token_layerwise,disclosed,k3,target_time_slope,21,3.0,0.03958310041054405,False
final_input_token_layerwise,disclosed,k3,target_time_slope,22,3.0,0.03865175550775854,False
final_input_token_layerwise,disclosed,k3,target_time_slope,23,3.0,0.03914888440182712,False
final_input_token_layerwise,disclosed,k3,target_time_slope,24,3.0,0.04275934533160239,False
final_input_token_layerwise,disclosed,k3,target_time_slope,25,0.1,0.10455948933103651,False
final_input_token_layerwise,disclosed,k3,target_time_slope,26,0.1,0.14058934070076665,True
final_input_token_layerwise,disclosed,k3,target_time_slope,27,0.1,0.08853978235690901,False
final_input_token_layerwise,disclosed,k3,target_time_slope,28,0.1,0.06707479233592017,False
final_input_token_layerwise,disclosed,k3,target_time_slope,29,0.1,0.09626228033308112,False
final_input_token_layerwise,disclosed,k3,target_time_slope,30,0.1,0.058847372267367276,False
final_input_token_layerwise,disclosed,k3,target_time_slope,31,3.0,0.04123495406445682,False
final_input_token_layerwise,disclosed,k3,target_time_slope,32,3.0,0.04527957849396905,False
final_input_token_layerwise,disclosed,k3,target_time_slope,33,3.0,0.05773698658910953,False
final_input_token_layerwise,disclosed,k3,target_time_slope,34,0.1,0.054722516313383374,False
final_input_token_layerwise,disclosed,k3,target_time_slope,35,0.1,0.06615588421213156,False
final_input_token_layerwise,disclosed,k3,target_time_slope,36,3.0,0.05058501238441537,False
final_input_token_layerwise,disclosed,k3,displayed_driver_outcome_slope,0,0.0001,5.551115123125783e-17,False
final_input_token_layerwise,disclosed,k3,displayed_driver_outcome_slope,1,3.0,0.009317470727590121,False
final_input_token_layerwise,disclosed,k3,displayed_driver_outcome_slope,2,3.0,0.0005790896172379045,False
final_input_token_layerwise,disclosed,k3,displayed_driver_outcome_slope,3,3.0,0.003373371131267844,False
final_input_token_layerwise,disclosed,k3,displayed_driver_outcome_slope,4,3.0,0.015632080753991168,True
final_input_token_layerwise,disclosed,k3,displayed_driver_outcome_slope,5,100.0,0.00032219732716559646,False
final_input_token_layerwise,disclosed,k3,displayed_driver_outcome_slope,6,100.0,0.00020933820274979253,False
final_input_token_layerwise,disclosed,k3,displayed_driver_outcome_slope,7,100.0,0.00022797445695157958,False
final_input_token_layerwise,disclosed,k3,displayed_driver_outcome_slope,8,100.0,0.00032527282627667353,False
final_input_token_layerwise,disclosed,k3,displayed_driver_outcome_slope,9,100.0,0.00010410243209993397,False
final_input_token_layerwise,disclosed,k3,displayed_driver_outcome_slope,10,100.0,-0.0001386214370235339,False
final_input_token_layerwise,disclosed,k3,displayed_driver_outcome_slope,11,100.0,-0.0004231593128604383,False
final_input_token_layerwise,disclosed,k3,displayed_driver_outcome_slope,12,100.0,-0.000674207673921845,False
final_input_token_layerwise,disclosed,k3,displayed_driver_outcome_slope,13,100.0,-0.00035183030805832627,False
final_input_token_layerwise,disclosed,k3,displayed_driver_outcome_slope,14,100.0,-0.000544864006576995,False
final_input_token_layerwise,disclosed,k3,displayed_driver_outcome_slope,15,100.0,-0.0005441814527695765,False
final_input_token_layerwise,disclosed,k3,displayed_driver_outcome_slope,16,100.0,0.0007039344487023147,False
final_input_token_layerwise,disclosed,k3,displayed_driver_outcome_slope,17,100.0,-0.0009976825220519014,False
final_input_token_layerwise,disclosed,k3,displayed_driver_outcome_slope,18,100.0,-0.00027930143832732846,False
final_input_token_layerwise,disclosed,k3,displayed_driver_outcome_slope,19,100.0,-0.00012230936347734644,False
final_input_token_layerwise,disclosed,k3,displayed_driver_outcome_slope,20,3.0,0.0027286835013130284,False
final_input_token_layerwise,disclosed,k3,displayed_driver_outcome_slope,21,3.0,0.007487714632601533,False
final_input_token_layerwise,disclosed,k3,displayed_driver_outcome_slope,22,100.0,-0.00019000728982582205,False
final_input_token_layerwise,disclosed,k3,displayed_driver_outcome_slope,23,100.0,-0.00040782779882617137,False
final_input_token_layerwise,disclosed,k3,displayed_driver_outcome_slope,24,100.0,-0.0007386025457415957,False
final_input_token_layerwise,disclosed,k3,displayed_driver_outcome_slope,25,100.0,-0.00033536211827278617,False
final_input_token_layerwise,disclosed,k3,displayed_driver_outcome_slope,26,100.0,-0.00017143069674865896,False
final_input_token_layerwise,disclosed,k3,displayed_driver_outcome_slope,27,100.0,-0.000765988630353126,False
final_input_token_layerwise,disclosed,k3,displayed_driver_outcome_slope,28,100.0,-0.0012523192915085968,False
final_input_token_layerwise,disclosed,k3,displayed_driver_outcome_slope,29,100.0,-0.0010295585004452545,False
final_input_token_layerwise,disclosed,k3,displayed_driver_outcome_slope,30,100.0,-0.001087524773755455,False
final_input_token_layerwise,disclosed,k3,displayed_driver_outcome_slope,31,100.0,-0.0008315338577053466,False
final_input_token_layerwise,disclosed,k3,displayed_driver_outcome_slope,32,100.0,-0.0007823886346251807,False
final_input_token_layerwise,disclosed,k3,displayed_driver_outcome_slope,33,100.0,-0.001577329931609639,False
final_input_token_layerwise,disclosed,k3,displayed_driver_outcome_slope,34,100.0,-0.0013232957116650068,False
final_input_token_layerwise,disclosed,k3,displayed_driver_outcome_slope,35,100.0,-0.0013063583360073405,False
final_input_token_layerwise,disclosed,k3,displayed_driver_outcome_slope,36,100.0,-0.0014284143525107873,False
final_input_token_layerwise,disclosed,k3,oracle_posterior_gain,0,0.0001,0.0,False
final_input_token_layerwise,disclosed,k3,oracle_posterior_gain,1,100.0,-0.0033265357854677935,False
final_input_token_layerwise,disclosed,k3,oracle_posterior_gain,2,100.0,-0.0018184392059802934,False
final_input_token_layerwise,disclosed,k3,oracle_posterior_gain,3,100.0,-0.0006647711857865612,False
final_input_token_layerwise,disclosed,k3,oracle_posterior_gain,4,100.0,-0.0007236813573290868,False
final_input_token_layerwise,disclosed,k3,oracle_posterior_gain,5,100.0,-0.0004079892350777603,False
final_input_token_layerwise,disclosed,k3,oracle_posterior_gain,6,100.0,-0.0004517989396401467,False
final_input_token_layerwise,disclosed,k3,oracle_posterior_gain,7,100.0,-0.0008689283701558415,False
final_input_token_layerwise,disclosed,k3,oracle_posterior_gain,8,100.0,-0.0005113224745199874,False
final_input_token_layerwise,disclosed,k3,oracle_posterior_gain,9,100.0,-0.00025894230352860315,False
final_input_token_layerwise,disclosed,k3,oracle_posterior_gain,10,100.0,-0.0005342430908251428,False
final_input_token_layerwise,disclosed,k3,oracle_posterior_gain,11,100.0,-0.00025895415834945035,False
final_input_token_layerwise,disclosed,k3,oracle_posterior_gain,12,100.0,0.00030769070316566394,False
final_input_token_layerwise,disclosed,k3,oracle_posterior_gain,13,100.0,0.00033674375114339794,False
final_input_token_layerwise,disclosed,k3,oracle_posterior_gain,14,100.0,0.0007962824599521967,False
final_input_token_layerwise,disclosed,k3,oracle_posterior_gain,15,100.0,0.00029518107077336486,False
final_input_token_layerwise,disclosed,k3,oracle_posterior_gain,16,3.0,0.008217325338841563,False
final_input_token_layerwise,disclosed,k3,oracle_posterior_gain,17,3.0,0.004874534315456064,False
final_input_token_layerwise,disclosed,k3,oracle_posterior_gain,18,3.0,0.012255307872753807,False
final_input_token_layerwise,disclosed,k3,oracle_posterior_gain,19,3.0,0.0477754548264476,False
final_input_token_layerwise,disclosed,k3,oracle_posterior_gain,20,3.0,0.04444560690669594,False
final_input_token_layerwise,disclosed,k3,oracle_posterior_gain,21,3.0,0.04015796872525154,False
final_input_token_layerwise,disclosed,k3,oracle_posterior_gain,22,3.0,0.028837847395670607,False
final_input_token_layerwise,disclosed,k3,oracle_posterior_gain,23,3.0,0.025826667998569752,False
final_input_token_layerwise,disclosed,k3,oracle_posterior_gain,24,3.0,0.05349522384339289,False
final_input_token_layerwise,disclosed,k3,oracle_posterior_gain,25,3.0,0.06739475104012588,True
final_input_token_layerwise,disclosed,k3,oracle_posterior_gain,26,3.0,0.06122568877726439,False
final_input_token_layerwise,disclosed,k3,oracle_posterior_gain,27,3.0,0.053290926444726994,False
final_input_token_layerwise,disclosed,k3,oracle_posterior_gain,28,3.0,0.04812431808214132,False
final_input_token_layerwise,disclosed,k3,oracle_posterior_gain,29,3.0,0.0467954146371177,False
final_input_token_layerwise,disclosed,k3,oracle_posterior_gain,30,3.0,0.06187180640922493,False
final_input_token_layerwise,disclosed,k3,oracle_posterior_gain,31,3.0,0.05984338712674142,False
final_input_token_layerwise,disclosed,k3,oracle_posterior_gain,32,3.0,0.06235016999756779,False
final_input_token_layerwise,disclosed,k3,oracle_posterior_gain,33,3.0,0.047302490521347024,False
final_input_token_layerwise,disclosed,k3,oracle_posterior_gain,34,3.0,0.06272282861679807,False
final_input_token_layerwise,disclosed,k3,oracle_posterior_gain,35,3.0,0.06653765094007391,False
final_input_token_layerwise,disclosed,k3,oracle_posterior_gain,36,3.0,0.0641967666110613,False
final_input_token_layerwise,disclosed,k6,gain,0,0.0001,0.0,False
final_input_token_layerwise,disclosed,k6,gain,1,100.0,-0.0004706708168222551,False
final_input_token_layerwise,disclosed,k6,gain,2,3.0,0.00038098801711500263,False
final_input_token_layerwise,disclosed,k6,gain,3,100.0,-0.0007810546958078313,False
final_input_token_layerwise,disclosed,k6,gain,4,100.0,-0.0006159393957303194,False
final_input_token_layerwise,disclosed,k6,gain,5,100.0,-0.0009370966974492356,False
final_input_token_layerwise,disclosed,k6,gain,6,100.0,-0.0007943769817610191,False
final_input_token_layerwise,disclosed,k6,gain,7,100.0,-0.0013005072091149539,False
final_input_token_layerwise,disclosed,k6,gain,8,100.0,-0.0013046027153250095,False
final_input_token_layerwise,disclosed,k6,gain,9,100.0,-0.001074328368681321,False
final_input_token_layerwise,disclosed,k6,gain,10,100.0,-0.0007777204530642345,False
final_input_token_layerwise,disclosed,k6,gain,11,100.0,-0.0016976797591229942,False
final_input_token_layerwise,disclosed,k6,gain,12,100.0,-0.000762252302025257,False
final_input_token_layerwise,disclosed,k6,gain,13,100.0,-0.0008503243790884407,False
final_input_token_layerwise,disclosed,k6,gain,14,100.0,-0.0014660112234851086,False
final_input_token_layerwise,disclosed,k6,gain,15,100.0,-0.0014040372888480257,False
final_input_token_layerwise,disclosed,k6,gain,16,100.0,-0.0011940054938241462,False
final_input_token_layerwise,disclosed,k6,gain,17,100.0,-0.0012936048954930723,False
final_input_token_layerwise,disclosed,k6,gain,18,100.0,-0.000597089463044348,False
final_input_token_layerwise,disclosed,k6,gain,19,3.0,0.0046586355634701815,False
final_input_token_layerwise,disclosed,k6,gain,20,3.0,0.00262891689126013,False
final_input_token_layerwise,disclosed,k6,gain,21,3.0,0.01768257182792335,False
final_input_token_layerwise,disclosed,k6,gain,22,3.0,0.020715367420226255,False
final_input_token_layerwise,disclosed,k6,gain,23,3.0,0.02993024660707705,False
final_input_token_layerwise,disclosed,k6,gain,24,3.0,0.0015304342456489706,False
final_input_token_layerwise,disclosed,k6,gain,25,3.0,0.0274393016000071,False
final_input_token_layerwise,disclosed,k6,gain,26,3.0,0.044142331102125676,False
final_input_token_layerwise,disclosed,k6,gain,27,3.0,0.04522158260816403,True
final_input_token_layerwise,disclosed,k6,gain,28,3.0,0.033921412153841424,False
final_input_token_layerwise,disclosed,k6,gain,29,3.0,0.01972069357920639,False
final_input_token_layerwise,disclosed,k6,gain,30,3.0,0.013671729724674786,False
final_input_token_layerwise,disclosed,k6,gain,31,3.0,0.011336011688662578,False
final_input_token_layerwise,disclosed,k6,gain,32,3.0,0.003080063501704061,False
final_input_token_layerwise,disclosed,k6,gain,33,100.0,0.00036596075888434276,False
final_input_token_layerwise,disclosed,k6,gain,34,3.0,0.02143478529843082,False
final_input_token_layerwise,disclosed,k6,gain,35,3.0,0.0309143967106357,False
final_input_token_layerwise,disclosed,k6,gain,36,3.0,0.02744808469977139,False
final_input_token_layerwise,disclosed,k6,response_residual,0,0.0001,-2.7755575615628914e-17,False
final_input_token_layerwise,disclosed,k6,response_residual,1,100.0,-0.0022093457556932594,False
final_input_token_layerwise,disclosed,k6,response_residual,2,100.0,-0.0013938247820771132,False
final_input_token_layerwise,disclosed,k6,response_residual,3,100.0,-0.0013968440974697904,False
final_input_token_layerwise,disclosed,k6,response_residual,4,100.0,-0.0009812846705101186,False
final_input_token_layerwise,disclosed,k6,response_residual,5,100.0,-0.0011743466600352415,False
final_input_token_layerwise,disclosed,k6,response_residual,6,100.0,-0.000764861202092959,False
final_input_token_layerwise,disclosed,k6,response_residual,7,100.0,-0.0012280468050019089,False
final_input_token_layerwise,disclosed,k6,response_residual,8,100.0,-0.0009508152507129719,False
final_input_token_layerwise,disclosed,k6,response_residual,9,100.0,-0.0010829162816486382,False
final_input_token_layerwise,disclosed,k6,response_residual,10,100.0,-0.0009279724243755338,False
final_input_token_layerwise,disclosed,k6,response_residual,11,100.0,-0.002004242736403483,False
final_input_token_layerwise,disclosed,k6,response_residual,12,100.0,-0.0008929304048891917,False
final_input_token_layerwise,disclosed,k6,response_residual,13,100.0,-0.001147800655951936,False
final_input_token_layerwise,disclosed,k6,response_residual,14,100.0,-0.0017493120003575502,False
final_input_token_layerwise,disclosed,k6,response_residual,15,100.0,-0.0012638715905066156,False
final_input_token_layerwise,disclosed,k6,response_residual,16,100.0,-0.0012402872965137646,False
final_input_token_layerwise,disclosed,k6,response_residual,17,100.0,-0.0008183566934485409,False
final_input_token_layerwise,disclosed,k6,response_residual,18,100.0,-0.0006102321019323398,False
final_input_token_layerwise,disclosed,k6,response_residual,19,100.0,-2.2820349481672553e-05,False
final_input_token_layerwise,disclosed,k6,response_residual,20,100.0,-0.00019035475187190176,False
final_input_token_layerwise,disclosed,k6,response_residual,21,3.0,0.006119026018484602,False
final_input_token_layerwise,disclosed,k6,response_residual,22,3.0,0.007152139728984097,False
final_input_token_layerwise,disclosed,k6,response_residual,23,3.0,0.013372888376289388,False
final_input_token_layerwise,disclosed,k6,response_residual,24,100.0,0.00018798265846789453,False
final_input_token_layerwise,disclosed,k6,response_residual,25,3.0,0.007131044442162726,False
final_input_token_layerwise,disclosed,k6,response_residual,26,3.0,0.01864754469158869,True
final_input_token_layerwise,disclosed,k6,response_residual,27,3.0,0.016855790626280454,False
final_input_token_layerwise,disclosed,k6,response_residual,28,3.0,0.010285219294830117,False
final_input_token_layerwise,disclosed,k6,response_residual,29,3.0,0.0020976516042104654,False
final_input_token_layerwise,disclosed,k6,response_residual,30,3.0,0.0034462782767071265,False
final_input_token_layerwise,disclosed,k6,response_residual,31,3.0,0.0012871642447229992,False
final_input_token_layerwise,disclosed,k6,response_residual,32,100.0,0.0006369332077627854,False
final_input_token_layerwise,disclosed,k6,response_residual,33,100.0,0.0002826434337747652,False
final_input_token_layerwise,disclosed,k6,response_residual,34,3.0,0.011178279537909036,False
final_input_token_layerwise,disclosed,k6,response_residual,35,3.0,0.0178550648165611,False
final_input_token_layerwise,disclosed,k6,response_residual,36,3.0,0.013864348509531249,False
final_input_token_layerwise,disclosed,k6,last_target_observation,0,0.0001,-2.7755575615628914e-17,False
final_input_token_layerwise,disclosed,k6,last_target_observation,1,0.1,0.06858785973396558,True
final_input_token_layerwise,disclosed,k6,last_target_observation,2,0.1,0.06204765717623478,False
final_input_token_layerwise,disclosed,k6,last_target_observation,3,3.0,0.006087785482787156,False
final_input_token_layerwise,disclosed,k6,last_target_observation,4,3.0,0.0014844271513074214,False
final_input_token_layerwise,disclosed,k6,last_target_observation,5,3.0,0.008926550998502647,False
final_input_token_layerwise,disclosed,k6,last_target_observation,6,3.0,0.0038553630147937223,False
final_input_token_layerwise,disclosed,k6,last_target_observation,7,3.0,0.012072279298133398,False
final_input_token_layerwise,disclosed,k6,last_target_observation,8,100.0,0.00011593387207878281,False
final_input_token_layerwise,disclosed,k6,last_target_observation,9,100.0,0.0007072775650598662,False
final_input_token_layerwise,disclosed,k6,last_target_observation,10,100.0,0.0006588812817181211,False
final_input_token_layerwise,disclosed,k6,last_target_observation,11,100.0,0.00035368553618805865,False
final_input_token_layerwise,disclosed,k6,last_target_observation,12,100.0,0.0007499937926526701,False
final_input_token_layerwise,disclosed,k6,last_target_observation,13,3.0,0.031423998863580105,False
final_input_token_layerwise,disclosed,k6,last_target_observation,14,3.0,0.02840242459380063,False
final_input_token_layerwise,disclosed,k6,last_target_observation,15,3.0,0.03173975277742641,False
final_input_token_layerwise,disclosed,k6,last_target_observation,16,3.0,0.03847357395533768,False
final_input_token_layerwise,disclosed,k6,last_target_observation,17,100.0,0.0007386817649859267,False
final_input_token_layerwise,disclosed,k6,last_target_observation,18,100.0,5.4827602106233275e-05,False
final_input_token_layerwise,disclosed,k6,last_target_observation,19,100.0,0.00039026768407801615,False
final_input_token_layerwise,disclosed,k6,last_target_observation,20,3.0,0.022452245610579014,False
final_input_token_layerwise,disclosed,k6,last_target_observation,21,3.0,0.015095564104850662,False
final_input_token_layerwise,disclosed,k6,last_target_observation,22,100.0,0.0005711960744406441,False
final_input_token_layerwise,disclosed,k6,last_target_observation,23,3.0,0.02928379938712397,False
final_input_token_layerwise,disclosed,k6,last_target_observation,24,3.0,0.030430404044576115,False
final_input_token_layerwise,disclosed,k6,last_target_observation,25,3.0,0.02455296921007849,False
final_input_token_layerwise,disclosed,k6,last_target_observation,26,3.0,0.01241078874060128,False
final_input_token_layerwise,disclosed,k6,last_target_observation,27,3.0,0.017141558846630517,False
final_input_token_layerwise,disclosed,k6,last_target_observation,28,3.0,0.01510700786706215,False
final_input_token_layerwise,disclosed,k6,last_target_observation,29,3.0,0.013143059206875085,False
final_input_token_layerwise,disclosed,k6,last_target_observation,30,3.0,0.023107478073911586,False
final_input_token_layerwise,disclosed,k6,last_target_observation,31,3.0,0.021693627045013653,False
final_input_token_layerwise,disclosed,k6,last_target_observation,32,3.0,0.015687937649094763,False
final_input_token_layerwise,disclosed,k6,last_target_observation,33,3.0,0.024812280960096467,False
final_input_token_layerwise,disclosed,k6,last_target_observation,34,3.0,0.016107664404886896,False
final_input_token_layerwise,disclosed,k6,last_target_observation,35,3.0,0.022630495966168035,False
final_input_token_layerwise,disclosed,k6,last_target_observation,36,3.0,0.029631948916851253,False
final_input_token_layerwise,disclosed,k6,target_observation_mean,0,0.0001,2.7755575615628914e-17,False
final_input_token_layerwise,disclosed,k6,target_observation_mean,1,100.0,-0.012302323941238924,False
final_input_token_layerwise,disclosed,k6,target_observation_mean,2,100.0,-0.004963997488758476,False
final_input_token_layerwise,disclosed,k6,target_observation_mean,3,100.0,-0.0027767818849026293,False
final_input_token_layerwise,disclosed,k6,target_observation_mean,4,100.0,-0.0027566294945251535,False
final_input_token_layerwise,disclosed,k6,target_observation_mean,5,100.0,-0.001176969253193355,False
final_input_token_layerwise,disclosed,k6,target_observation_mean,6,3.0,0.00846920652523811,False
final_input_token_layerwise,disclosed,k6,target_observation_mean,7,3.0,0.017876065268535385,False
final_input_token_layerwise,disclosed,k6,target_observation_mean,8,100.0,0.0025037791882203675,False
final_input_token_layerwise,disclosed,k6,target_observation_mean,9,100.0,0.001866509307788533,False
final_input_token_layerwise,disclosed,k6,target_observation_mean,10,3.0,0.019958171976836525,False
final_input_token_layerwise,disclosed,k6,target_observation_mean,11,3.0,0.008528699203449258,False
final_input_token_layerwise,disclosed,k6,target_observation_mean,12,100.0,0.0015423302433790476,False
final_input_token_layerwise,disclosed,k6,target_observation_mean,13,3.0,0.012336727209611709,False
final_input_token_layerwise,disclosed,k6,target_observation_mean,14,100.0,0.001349073984724669,False
final_input_token_layerwise,disclosed,k6,target_observation_mean,15,100.0,0.0008619766865057554,False
final_input_token_layerwise,disclosed,k6,target_observation_mean,16,3.0,0.009770887575522053,False
final_input_token_layerwise,disclosed,k6,target_observation_mean,17,3.0,0.002462695747513788,False
final_input_token_layerwise,disclosed,k6,target_observation_mean,18,3.0,0.05881054275336431,False
final_input_token_layerwise,disclosed,k6,target_observation_mean,19,3.0,0.0653577508280718,False
final_input_token_layerwise,disclosed,k6,target_observation_mean,20,3.0,0.09565285528309089,False
final_input_token_layerwise,disclosed,k6,target_observation_mean,21,3.0,0.1013295413714399,False
final_input_token_layerwise,disclosed,k6,target_observation_mean,22,3.0,0.14100391615993632,True
final_input_token_layerwise,disclosed,k6,target_observation_mean,23,3.0,0.11182089126265843,False
final_input_token_layerwise,disclosed,k6,target_observation_mean,24,3.0,0.07543289317756027,False
final_input_token_layerwise,disclosed,k6,target_observation_mean,25,3.0,0.04606853777530398,False
final_input_token_layerwise,disclosed,k6,target_observation_mean,26,3.0,0.046391621353666895,False
final_input_token_layerwise,disclosed,k6,target_observation_mean,27,3.0,0.0570613828290302,False
final_input_token_layerwise,disclosed,k6,target_observation_mean,28,3.0,0.07587469375476838,False
final_input_token_layerwise,disclosed,k6,target_observation_mean,29,3.0,0.06075822290017946,False
final_input_token_layerwise,disclosed,k6,target_observation_mean,30,3.0,0.06535366221868452,False
final_input_token_layerwise,disclosed,k6,target_observation_mean,31,3.0,0.079493334673026,False
final_input_token_layerwise,disclosed,k6,target_observation_mean,32,3.0,0.07674791129667702,False
final_input_token_layerwise,disclosed,k6,target_observation_mean,33,3.0,0.08329151924010078,False
final_input_token_layerwise,disclosed,k6,target_observation_mean,34,3.0,0.10702197157014098,False
final_input_token_layerwise,disclosed,k6,target_observation_mean,35,3.0,0.11922077972587738,False
final_input_token_layerwise,disclosed,k6,target_observation_mean,36,3.0,0.11959035404187465,False
final_input_token_layerwise,disclosed,k6,target_time_slope,0,0.0001,0.0,False
final_input_token_layerwise,disclosed,k6,target_time_slope,1,3.0,0.008232180458757482,False
final_input_token_layerwise,disclosed,k6,target_time_slope,2,100.0,0.0009393204930510657,False
final_input_token_layerwise,disclosed,k6,target_time_slope,3,3.0,0.0014433685761264803,False
final_input_token_layerwise,disclosed,k6,target_time_slope,4,100.0,4.205351765468324e-05,False
final_input_token_layerwise,disclosed,k6,target_time_slope,5,3.0,0.0034078227304358555,False
final_input_token_layerwise,disclosed,k6,target_time_slope,6,100.0,0.00017122124482266132,False
final_input_token_layerwise,disclosed,k6,target_time_slope,7,100.0,0.0008045035195449746,False
final_input_token_layerwise,disclosed,k6,target_time_slope,8,100.0,-0.0007107129564151438,False
final_input_token_layerwise,disclosed,k6,target_time_slope,9,100.0,-0.0006521425503855927,False
final_input_token_layerwise,disclosed,k6,target_time_slope,10,100.0,-0.0006267015480852511,False
final_input_token_layerwise,disclosed,k6,target_time_slope,11,100.0,-0.0006473716586040124,False
final_input_token_layerwise,disclosed,k6,target_time_slope,12,100.0,-0.00015474096997653009,False
final_input_token_layerwise,disclosed,k6,target_time_slope,13,3.0,0.020025610091416485,False
final_input_token_layerwise,disclosed,k6,target_time_slope,14,3.0,0.009792422388635452,False
final_input_token_layerwise,disclosed,k6,target_time_slope,15,3.0,0.03497088704326884,False
final_input_token_layerwise,disclosed,k6,target_time_slope,16,3.0,0.026569677067378034,False
final_input_token_layerwise,disclosed,k6,target_time_slope,17,3.0,0.012844462314890337,False
final_input_token_layerwise,disclosed,k6,target_time_slope,18,3.0,0.01103905495407756,False
final_input_token_layerwise,disclosed,k6,target_time_slope,19,3.0,0.038519486325185676,False
final_input_token_layerwise,disclosed,k6,target_time_slope,20,3.0,0.05930727665218438,True
final_input_token_layerwise,disclosed,k6,target_time_slope,21,3.0,0.04233644999759992,False
final_input_token_layerwise,disclosed,k6,target_time_slope,22,3.0,0.04205090712943779,False
final_input_token_layerwise,disclosed,k6,target_time_slope,23,3.0,0.05350319406981652,False
final_input_token_layerwise,disclosed,k6,target_time_slope,24,3.0,0.03124876909626978,False
final_input_token_layerwise,disclosed,k6,target_time_slope,25,3.0,0.027039548005190067,False
final_input_token_layerwise,disclosed,k6,target_time_slope,26,3.0,0.012285372826176422,False
final_input_token_layerwise,disclosed,k6,target_time_slope,27,3.0,0.024599426359535603,False
final_input_token_layerwise,disclosed,k6,target_time_slope,28,3.0,0.021952482006107582,False
final_input_token_layerwise,disclosed,k6,target_time_slope,29,3.0,0.028318116619721778,False
final_input_token_layerwise,disclosed,k6,target_time_slope,30,3.0,0.03498796448502048,False
final_input_token_layerwise,disclosed,k6,target_time_slope,31,3.0,0.03278150779479616,False
final_input_token_layerwise,disclosed,k6,target_time_slope,32,3.0,0.03448256936618274,False
final_input_token_layerwise,disclosed,k6,target_time_slope,33,3.0,0.044480044143732494,False
final_input_token_layerwise,disclosed,k6,target_time_slope,34,3.0,0.021718777260173017,False
final_input_token_layerwise,disclosed,k6,target_time_slope,35,3.0,0.03408636010102664,False
final_input_token_layerwise,disclosed,k6,target_time_slope,36,3.0,0.038118535336426035,False
final_input_token_layerwise,disclosed,k6,displayed_driver_outcome_slope,0,0.0001,-5.551115123125783e-17,False
final_input_token_layerwise,disclosed,k6,displayed_driver_outcome_slope,1,100.0,-0.0023129305382776355,False
final_input_token_layerwise,disclosed,k6,displayed_driver_outcome_slope,2,100.0,-0.002075905475310752,False
final_input_token_layerwise,disclosed,k6,displayed_driver_outcome_slope,3,100.0,-0.0019752982371705197,False
final_input_token_layerwise,disclosed,k6,displayed_driver_outcome_slope,4,100.0,-0.0005985616939649385,False
final_input_token_layerwise,disclosed,k6,displayed_driver_outcome_slope,5,100.0,-0.00030943738795746745,False
final_input_token_layerwise,disclosed,k6,displayed_driver_outcome_slope,6,100.0,-0.0006689053048279658,False
final_input_token_layerwise,disclosed,k6,displayed_driver_outcome_slope,7,100.0,-0.0008060795229498929,False
final_input_token_layerwise,disclosed,k6,displayed_driver_outcome_slope,8,100.0,-0.0012869231855701102,False
final_input_token_layerwise,disclosed,k6,displayed_driver_outcome_slope,9,100.0,-0.0007153712502087628,False
final_input_token_layerwise,disclosed,k6,displayed_driver_outcome_slope,10,100.0,-0.0007916370540156648,False
final_input_token_layerwise,disclosed,k6,displayed_driver_outcome_slope,11,100.0,-0.0009289836983492061,False
final_input_token_layerwise,disclosed,k6,displayed_driver_outcome_slope,12,100.0,-0.0006616094036140108,False
final_input_token_layerwise,disclosed,k6,displayed_driver_outcome_slope,13,100.0,-0.0003662237090880094,False
final_input_token_layerwise,disclosed,k6,displayed_driver_outcome_slope,14,100.0,-0.0008108166164498831,False
final_input_token_layerwise,disclosed,k6,displayed_driver_outcome_slope,15,100.0,0.00016562515334730965,False
final_input_token_layerwise,disclosed,k6,displayed_driver_outcome_slope,16,100.0,-0.0007597915279417278,False
final_input_token_layerwise,disclosed,k6,displayed_driver_outcome_slope,17,100.0,0.00022707339955152506,False
final_input_token_layerwise,disclosed,k6,displayed_driver_outcome_slope,18,3.0,0.014886534581594502,False
final_input_token_layerwise,disclosed,k6,displayed_driver_outcome_slope,19,3.0,0.008480237458452278,False
final_input_token_layerwise,disclosed,k6,displayed_driver_outcome_slope,20,100.0,0.00018303971621286275,False
final_input_token_layerwise,disclosed,k6,displayed_driver_outcome_slope,21,3.0,0.019306388627456122,False
final_input_token_layerwise,disclosed,k6,displayed_driver_outcome_slope,22,3.0,0.027558029018609626,False
final_input_token_layerwise,disclosed,k6,displayed_driver_outcome_slope,23,3.0,0.037446885347079406,False
final_input_token_layerwise,disclosed,k6,displayed_driver_outcome_slope,24,3.0,0.015949819461409387,False
final_input_token_layerwise,disclosed,k6,displayed_driver_outcome_slope,25,3.0,0.04666467452005671,False
final_input_token_layerwise,disclosed,k6,displayed_driver_outcome_slope,26,3.0,0.0435148923843304,False
final_input_token_layerwise,disclosed,k6,displayed_driver_outcome_slope,27,3.0,0.05268189195437975,False
final_input_token_layerwise,disclosed,k6,displayed_driver_outcome_slope,28,3.0,0.058986716336213885,True
final_input_token_layerwise,disclosed,k6,displayed_driver_outcome_slope,29,3.0,0.0479205956417556,False
final_input_token_layerwise,disclosed,k6,displayed_driver_outcome_slope,30,3.0,0.04053318392761343,False
final_input_token_layerwise,disclosed,k6,displayed_driver_outcome_slope,31,3.0,0.045852067524964485,False
final_input_token_layerwise,disclosed,k6,displayed_driver_outcome_slope,32,3.0,0.041275160115792464,False
final_input_token_layerwise,disclosed,k6,displayed_driver_outcome_slope,33,3.0,0.023559656172633198,False
final_input_token_layerwise,disclosed,k6,displayed_driver_outcome_slope,34,3.0,0.025628729840874304,False
final_input_token_layerwise,disclosed,k6,displayed_driver_outcome_slope,35,3.0,0.026449837945704407,False
final_input_token_layerwise,disclosed,k6,displayed_driver_outcome_slope,36,3.0,0.024092208013187066,False
final_input_token_layerwise,disclosed,k6,oracle_posterior_gain,0,0.0001,-5.551115123125783e-17,False
final_input_token_layerwise,disclosed,k6,oracle_posterior_gain,1,100.0,-0.005460179412913824,False
final_input_token_layerwise,disclosed,k6,oracle_posterior_gain,2,100.0,-0.0034163249605773383,False
final_input_token_layerwise,disclosed,k6,oracle_posterior_gain,3,100.0,-0.002382865108368659,False
final_input_token_layerwise,disclosed,k6,oracle_posterior_gain,4,100.0,-0.0015514890926535962,False
final_input_token_layerwise,disclosed,k6,oracle_posterior_gain,5,100.0,-0.0010713200535305278,False
final_input_token_layerwise,disclosed,k6,oracle_posterior_gain,6,100.0,-0.0005050135656783639,False
final_input_token_layerwise,disclosed,k6,oracle_posterior_gain,7,100.0,-0.0006866002536296267,False
final_input_token_layerwise,disclosed,k6,oracle_posterior_gain,8,100.0,-0.0006087275532691283,False
final_input_token_layerwise,disclosed,k6,oracle_posterior_gain,9,100.0,-0.00016917668957508458,False
final_input_token_layerwise,disclosed,k6,oracle_posterior_gain,10,3.0,0.011910068679070518,False
final_input_token_layerwise,disclosed,k6,oracle_posterior_gain,11,100.0,-0.0004746767858380685,False
final_input_token_layerwise,disclosed,k6,oracle_posterior_gain,12,100.0,-0.00023163589724872757,False
final_input_token_layerwise,disclosed,k6,oracle_posterior_gain,13,100.0,-0.00017400499304107142,False
final_input_token_layerwise,disclosed,k6,oracle_posterior_gain,14,100.0,-0.0005734418732573909,False
final_input_token_layerwise,disclosed,k6,oracle_posterior_gain,15,100.0,-0.0007533416558757611,False
final_input_token_layerwise,disclosed,k6,oracle_posterior_gain,16,100.0,-0.00043349182459725966,False
final_input_token_layerwise,disclosed,k6,oracle_posterior_gain,17,100.0,-0.0004323210427040758,False
final_input_token_layerwise,disclosed,k6,oracle_posterior_gain,18,100.0,-0.000432233957255751,False
final_input_token_layerwise,disclosed,k6,oracle_posterior_gain,19,3.0,0.004053120910100211,False
final_input_token_layerwise,disclosed,k6,oracle_posterior_gain,20,3.0,0.019120702667003164,False
final_input_token_layerwise,disclosed,k6,oracle_posterior_gain,21,3.0,0.02449850857194641,False
final_input_token_layerwise,disclosed,k6,oracle_posterior_gain,22,3.0,0.027077367346070386,False
final_input_token_layerwise,disclosed,k6,oracle_posterior_gain,23,3.0,0.03971474534485955,False
final_input_token_layerwise,disclosed,k6,oracle_posterior_gain,24,3.0,0.004459534435184126,False
final_input_token_layerwise,disclosed,k6,oracle_posterior_gain,25,3.0,0.02989771210396952,False
final_input_token_layerwise,disclosed,k6,oracle_posterior_gain,26,3.0,0.03584681898505679,False
final_input_token_layerwise,disclosed,k6,oracle_posterior_gain,27,3.0,0.03890490756736739,False
final_input_token_layerwise,disclosed,k6,oracle_posterior_gain,28,3.0,0.031556610742446395,False
final_input_token_layerwise,disclosed,k6,oracle_posterior_gain,29,3.0,0.03355145091035028,False
final_input_token_layerwise,disclosed,k6,oracle_posterior_gain,30,3.0,0.022753345857198348,False
final_input_token_layerwise,disclosed,k6,oracle_posterior_gain,31,3.0,0.0225126064770812,False
final_input_token_layerwise,disclosed,k6,oracle_posterior_gain,32,3.0,0.021248263254024763,False
final_input_token_layerwise,disclosed,k6,oracle_posterior_gain,33,3.0,0.015933117910828964,False
final_input_token_layerwise,disclosed,k6,oracle_posterior_gain,34,3.0,0.03286585932688488,False
final_input_token_layerwise,disclosed,k6,oracle_posterior_gain,35,3.0,0.043759437345868374,False
final_input_token_layerwise,disclosed,k6,oracle_posterior_gain,36,3.0,0.05175168475114433,True
final_input_token_layerwise,disclosed,k9,gain,0,0.0001,0.0,False
final_input_token_layerwise,disclosed,k9,gain,1,100.0,-0.0030768160847634007,False
final_input_token_layerwise,disclosed,k9,gain,2,100.0,-0.0019003666761034377,False
final_input_token_layerwise,disclosed,k9,gain,3,100.0,-0.0017590759103584541,False
final_input_token_layerwise,disclosed,k9,gain,4,100.0,-0.0014636719159776823,False
final_input_token_layerwise,disclosed,k9,gain,5,100.0,-0.0013571214421112532,False
final_input_token_layerwise,disclosed,k9,gain,6,100.0,-0.0007774036663427131,False
final_input_token_layerwise,disclosed,k9,gain,7,100.0,-0.001130200167519968,False
final_input_token_layerwise,disclosed,k9,gain,8,100.0,-0.0014157376225831797,False
final_input_token_layerwise,disclosed,k9,gain,9,100.0,-0.001463008471636662,False
final_input_token_layerwise,disclosed,k9,gain,10,100.0,-0.0011864404952761642,False
final_input_token_layerwise,disclosed,k9,gain,11,100.0,-0.0005747881854648029,False
final_input_token_layerwise,disclosed,k9,gain,12,100.0,-0.0005991382113209875,False
final_input_token_layerwise,disclosed,k9,gain,13,100.0,-0.0005855617082696774,False
final_input_token_layerwise,disclosed,k9,gain,14,100.0,-0.002104889958542522,False
final_input_token_layerwise,disclosed,k9,gain,15,100.0,-0.001738589549519054,False
final_input_token_layerwise,disclosed,k9,gain,16,100.0,-0.00043924419014487737,False
final_input_token_layerwise,disclosed,k9,gain,17,3.0,0.0060410087033403725,False
final_input_token_layerwise,disclosed,k9,gain,18,100.0,0.0002478216316839643,False
final_input_token_layerwise,disclosed,k9,gain,19,3.0,0.003102932741373493,False
final_input_token_layerwise,disclosed,k9,gain,20,0.1,0.03245926381028763,False
final_input_token_layerwise,disclosed,k9,gain,21,3.0,0.057424793015287884,False
final_input_token_layerwise,disclosed,k9,gain,22,3.0,0.059791811343063855,False
final_input_token_layerwise,disclosed,k9,gain,23,3.0,0.05496698692181415,False
final_input_token_layerwise,disclosed,k9,gain,24,0.1,0.06357087419196825,False
final_input_token_layerwise,disclosed,k9,gain,25,3.0,0.03931531644171812,False
final_input_token_layerwise,disclosed,k9,gain,26,3.0,0.04739614138959197,False
final_input_token_layerwise,disclosed,k9,gain,27,0.1,0.08069831216088072,True
final_input_token_layerwise,disclosed,k9,gain,28,3.0,0.061675867329781836,False
final_input_token_layerwise,disclosed,k9,gain,29,3.0,0.04493191618011899,False
final_input_token_layerwise,disclosed,k9,gain,30,3.0,0.035872204189254076,False
final_input_token_layerwise,disclosed,k9,gain,31,3.0,0.030514392408185598,False
final_input_token_layerwise,disclosed,k9,gain,32,3.0,0.02808759805776892,False
final_input_token_layerwise,disclosed,k9,gain,33,3.0,0.021042135660100353,False
final_input_token_layerwise,disclosed,k9,gain,34,3.0,0.04820697026961654,False
final_input_token_layerwise,disclosed,k9,gain,35,3.0,0.06992379051984401,False
final_input_token_layerwise,disclosed,k9,gain,36,3.0,0.07167579965239329,False
final_input_token_layerwise,disclosed,k9,response_residual,0,0.0001,-2.7755575615628914e-17,False
final_input_token_layerwise,disclosed,k9,response_residual,1,100.0,-0.0033919051477627193,False
final_input_token_layerwise,disclosed,k9,response_residual,2,100.0,-0.0019554276735052056,False
final_input_token_layerwise,disclosed,k9,response_residual,3,100.0,-0.00139689588499603,False
final_input_token_layerwise,disclosed,k9,response_residual,4,100.0,-0.001260315953034774,False
final_input_token_layerwise,disclosed,k9,response_residual,5,100.0,-0.0012222478727998976,False
final_input_token_layerwise,disclosed,k9,response_residual,6,100.0,-0.0006253244266892777,False
final_input_token_layerwise,disclosed,k9,response_residual,7,100.0,-0.0010906493886710666,False
final_input_token_layerwise,disclosed,k9,response_residual,8,100.0,-0.0016932255716506084,False
final_input_token_layerwise,disclosed,k9,response_residual,9,100.0,-0.001437968941528367,False
final_input_token_layerwise,disclosed,k9,response_residual,10,100.0,-0.0011432200148451255,False
final_input_token_layerwise,disclosed,k9,response_residual,11,100.0,-0.0006455463999054389,False
final_input_token_layerwise,disclosed,k9,response_residual,12,100.0,-0.0007716417705216916,False
final_input_token_layerwise,disclosed,k9,response_residual,13,100.0,-0.00080974524999472,False
final_input_token_layerwise,disclosed,k9,response_residual,14,100.0,-0.002463746809827805,False
final_input_token_layerwise,disclosed,k9,response_residual,15,100.0,-0.002076850754314352,False
final_input_token_layerwise,disclosed,k9,response_residual,16,100.0,-0.0007016723354607846,False
final_input_token_layerwise,disclosed,k9,response_residual,17,100.0,-0.00025636276225235455,False
final_input_token_layerwise,disclosed,k9,response_residual,18,100.0,-0.0001822990868508012,False
final_input_token_layerwise,disclosed,k9,response_residual,19,100.0,-0.0003490546323758337,False
final_input_token_layerwise,disclosed,k9,response_residual,20,100.0,2.587635123396659e-06,False
final_input_token_layerwise,disclosed,k9,response_residual,21,3.0,0.018633856003527433,False
final_input_token_layerwise,disclosed,k9,response_residual,22,3.0,0.01810910145148889,False
final_input_token_layerwise,disclosed,k9,response_residual,23,3.0,0.021259687740818572,False
final_input_token_layerwise,disclosed,k9,response_residual,24,3.0,0.017137715262184883,False
final_input_token_layerwise,disclosed,k9,response_residual,25,3.0,0.006327835126101328,False
final_input_token_layerwise,disclosed,k9,response_residual,26,3.0,0.0110396721689279,False
final_input_token_layerwise,disclosed,k9,response_residual,27,3.0,0.022039297101820093,False
final_input_token_layerwise,disclosed,k9,response_residual,28,3.0,0.018785327020582082,False
final_input_token_layerwise,disclosed,k9,response_residual,29,3.0,0.01278387960938654,False
final_input_token_layerwise,disclosed,k9,response_residual,30,3.0,0.00919857169397656,False
final_input_token_layerwise,disclosed,k9,response_residual,31,3.0,0.00780758613373575,False
final_input_token_layerwise,disclosed,k9,response_residual,32,3.0,0.004987809151235839,False
final_input_token_layerwise,disclosed,k9,response_residual,33,100.0,6.265285747869553e-05,False
final_input_token_layerwise,disclosed,k9,response_residual,34,3.0,0.021443400265510365,False
final_input_token_layerwise,disclosed,k9,response_residual,35,3.0,0.032377878664921284,False
final_input_token_layerwise,disclosed,k9,response_residual,36,3.0,0.033118294956476085,True
final_input_token_layerwise,disclosed,k9,last_target_observation,0,0.0001,1.3877787807814457e-16,False
final_input_token_layerwise,disclosed,k9,last_target_observation,1,100.0,-0.005543696409426702,False
final_input_token_layerwise,disclosed,k9,last_target_observation,2,100.0,-0.003704685054156831,False
final_input_token_layerwise,disclosed,k9,last_target_observation,3,100.0,-0.0021905739876151298,False
final_input_token_layerwise,disclosed,k9,last_target_observation,4,100.0,-0.0017312780355137058,False
final_input_token_layerwise,disclosed,k9,last_target_observation,5,3.0,0.0004210852226153583,False
final_input_token_layerwise,disclosed,k9,last_target_observation,6,100.0,-0.0007106052757819836,False
final_input_token_layerwise,disclosed,k9,last_target_observation,7,3.0,0.010248937936126967,False
final_input_token_layerwise,disclosed,k9,last_target_observation,8,3.0,0.005807437228342038,False
final_input_token_layerwise,disclosed,k9,last_target_observation,9,100.0,-0.0006679862830681338,False
final_input_token_layerwise,disclosed,k9,last_target_observation,10,3.0,0.003667715922679976,False
final_input_token_layerwise,disclosed,k9,last_target_observation,11,3.0,0.0010693764652164872,False
final_input_token_layerwise,disclosed,k9,last_target_observation,12,3.0,0.0006904410554241791,False
final_input_token_layerwise,disclosed,k9,last_target_observation,13,3.0,0.015904028566744582,False
final_input_token_layerwise,disclosed,k9,last_target_observation,14,100.0,-0.0006569060296195972,False
final_input_token_layerwise,disclosed,k9,last_target_observation,15,100.0,-0.0014172644809488655,False
final_input_token_layerwise,disclosed,k9,last_target_observation,16,3.0,0.006911825993087289,False
final_input_token_layerwise,disclosed,k9,last_target_observation,17,3.0,0.01582993357563664,False
final_input_token_layerwise,disclosed,k9,last_target_observation,18,3.0,0.007165568389254112,False
final_input_token_layerwise,disclosed,k9,last_target_observation,19,3.0,0.03418826738179112,False
final_input_token_layerwise,disclosed,k9,last_target_observation,20,3.0,0.06080498463469797,True
final_input_token_layerwise,disclosed,k9,last_target_observation,21,3.0,0.03095975156741776,False
final_input_token_layerwise,disclosed,k9,last_target_observation,22,3.0,0.02680559812279415,False
final_input_token_layerwise,disclosed,k9,last_target_observation,23,3.0,0.033087172656250385,False
final_input_token_layerwise,disclosed,k9,last_target_observation,24,3.0,0.006528161943477245,False
final_input_token_layerwise,disclosed,k9,last_target_observation,25,100.0,0.0001916252483154246,False
final_input_token_layerwise,disclosed,k9,last_target_observation,26,100.0,1.0987137353396514e-05,False
final_input_token_layerwise,disclosed,k9,last_target_observation,27,100.0,1.737962197648213e-05,False
final_input_token_layerwise,disclosed,k9,last_target_observation,28,100.0,0.0002694716857048196,False
final_input_token_layerwise,disclosed,k9,last_target_observation,29,3.0,0.0005565805223662068,False
final_input_token_layerwise,disclosed,k9,last_target_observation,30,100.0,0.00014557253158756223,False
final_input_token_layerwise,disclosed,k9,last_target_observation,31,100.0,-8.843165520686092e-05,False
final_input_token_layerwise,disclosed,k9,last_target_observation,32,100.0,-0.000446421465838176,False
final_input_token_layerwise,disclosed,k9,last_target_observation,33,100.0,-0.00038848489120577034,False
final_input_token_layerwise,disclosed,k9,last_target_observation,34,100.0,-0.00022169347973730047,False
final_input_token_layerwise,disclosed,k9,last_target_observation,35,100.0,-0.0005195653542976464,False
final_input_token_layerwise,disclosed,k9,last_target_observation,36,100.0,8.650707720528339e-05,False
final_input_token_layerwise,disclosed,k9,target_observation_mean,0,0.0001,3.885780586188048e-16,False
final_input_token_layerwise,disclosed,k9,target_observation_mean,1,100.0,0.004846743021512473,False
final_input_token_layerwise,disclosed,k9,target_observation_mean,2,100.0,0.0018186494884852855,False
final_input_token_layerwise,disclosed,k9,target_observation_mean,3,100.0,0.0013604567171264792,False
final_input_token_layerwise,disclosed,k9,target_observation_mean,4,100.0,0.0005882289205470792,False
final_input_token_layerwise,disclosed,k9,target_observation_mean,5,100.0,0.00040763192715925767,False
final_input_token_layerwise,disclosed,k9,target_observation_mean,6,3.0,0.006773862082325666,False
final_input_token_layerwise,disclosed,k9,target_observation_mean,7,3.0,0.0017220537033696137,False
final_input_token_layerwise,disclosed,k9,target_observation_mean,8,3.0,0.0077378659553114515,False
final_input_token_layerwise,disclosed,k9,target_observation_mean,9,100.0,-6.600819232155386e-05,False
final_input_token_layerwise,disclosed,k9,target_observation_mean,10,100.0,0.00011630825173924997,False
final_input_token_layerwise,disclosed,k9,target_observation_mean,11,100.0,0.00026279140621729424,False
final_input_token_layerwise,disclosed,k9,target_observation_mean,12,100.0,0.00031833358599339667,False
final_input_token_layerwise,disclosed,k9,target_observation_mean,13,3.0,0.005211046755789317,False
final_input_token_layerwise,disclosed,k9,target_observation_mean,14,100.0,0.0006425746838684132,False
final_input_token_layerwise,disclosed,k9,target_observation_mean,15,100.0,5.449521473577246e-06,False
final_input_token_layerwise,disclosed,k9,target_observation_mean,16,3.0,0.007796062989986613,False
final_input_token_layerwise,disclosed,k9,target_observation_mean,17,100.0,-0.0004127661793694726,False
final_input_token_layerwise,disclosed,k9,target_observation_mean,18,100.0,0.00020936687881009663,False
final_input_token_layerwise,disclosed,k9,target_observation_mean,19,3.0,0.0021195295603191056,False
final_input_token_layerwise,disclosed,k9,target_observation_mean,20,3.0,0.018035181548343604,False
final_input_token_layerwise,disclosed,k9,target_observation_mean,21,3.0,0.05528368847175258,False
final_input_token_layerwise,disclosed,k9,target_observation_mean,22,3.0,0.07209145609157352,True
final_input_token_layerwise,disclosed,k9,target_observation_mean,23,3.0,0.05414184330136404,False
final_input_token_layerwise,disclosed,k9,target_observation_mean,24,3.0,0.059891339595850634,False
final_input_token_layerwise,disclosed,k9,target_observation_mean,25,3.0,0.050860548172952075,False
final_input_token_layerwise,disclosed,k9,target_observation_mean,26,3.0,0.04388290201157671,False
final_input_token_layerwise,disclosed,k9,target_observation_mean,27,3.0,0.04895201251932321,False
final_input_token_layerwise,disclosed,k9,target_observation_mean,28,3.0,0.05623498805838498,False
final_input_token_layerwise,disclosed,k9,target_observation_mean,29,3.0,0.05523242767160513,False
final_input_token_layerwise,disclosed,k9,target_observation_mean,30,3.0,0.048168303144352415,False
final_input_token_layerwise,disclosed,k9,target_observation_mean,31,3.0,0.0423913789934027,False
final_input_token_layerwise,disclosed,k9,target_observation_mean,32,3.0,0.03118481426226105,False
final_input_token_layerwise,disclosed,k9,target_observation_mean,33,3.0,0.028521135389557695,False
final_input_token_layerwise,disclosed,k9,target_observation_mean,34,3.0,0.047317805247401395,False
final_input_token_layerwise,disclosed,k9,target_observation_mean,35,3.0,0.05866267011088258,False
final_input_token_layerwise,disclosed,k9,target_observation_mean,36,3.0,0.0652828649574565,False
final_input_token_layerwise,disclosed,k9,target_time_slope,0,0.0001,0.0,False
final_input_token_layerwise,disclosed,k9,target_time_slope,1,3.0,0.010448772344048285,False
final_input_token_layerwise,disclosed,k9,target_time_slope,2,100.0,-0.0006407045448042215,False
final_input_token_layerwise,disclosed,k9,target_time_slope,3,100.0,-0.0006242450224700491,False
final_input_token_layerwise,disclosed,k9,target_time_slope,4,100.0,-0.00047027180619887976,False
final_input_token_layerwise,disclosed,k9,target_time_slope,5,3.0,0.0025991252749120453,False
final_input_token_layerwise,disclosed,k9,target_time_slope,6,3.0,0.013318983123545208,False
final_input_token_layerwise,disclosed,k9,target_time_slope,7,3.0,0.013720744552849884,False
final_input_token_layerwise,disclosed,k9,target_time_slope,8,3.0,0.020564247511160788,False
final_input_token_layerwise,disclosed,k9,target_time_slope,9,3.0,0.015710599803791553,False
final_input_token_layerwise,disclosed,k9,target_time_slope,10,3.0,0.026128507446940202,False
final_input_token_layerwise,disclosed,k9,target_time_slope,11,3.0,0.022154566267095582,False
final_input_token_layerwise,disclosed,k9,target_time_slope,12,3.0,0.01688747789681133,False
final_input_token_layerwise,disclosed,k9,target_time_slope,13,3.0,0.025026824908474632,False
final_input_token_layerwise,disclosed,k9,target_time_slope,14,100.0,-0.00130430012122143,False
final_input_token_layerwise,disclosed,k9,target_time_slope,15,100.0,-0.0015519526131426153,False
final_input_token_layerwise,disclosed,k9,target_time_slope,16,100.0,0.00017853667162961995,False
final_input_token_layerwise,disclosed,k9,target_time_slope,17,3.0,0.033142865549653316,False
final_input_token_layerwise,disclosed,k9,target_time_slope,18,3.0,0.060746409749351055,False
final_input_token_layerwise,disclosed,k9,target_time_slope,19,3.0,0.09352163164665053,False
final_input_token_layerwise,disclosed,k9,target_time_slope,20,0.1,0.2166475410279978,False
final_input_token_layerwise,disclosed,k9,target_time_slope,21,0.1,0.23161162402087862,True
final_input_token_layerwise,disclosed,k9,target_time_slope,22,3.0,0.12751122076929292,False
final_input_token_layerwise,disclosed,k9,target_time_slope,23,3.0,0.12266414663074876,False
final_input_token_layerwise,disclosed,k9,target_time_slope,24,3.0,0.12365657076137881,False
final_input_token_layerwise,disclosed,k9,target_time_slope,25,3.0,0.09093259563583836,False
final_input_token_layerwise,disclosed,k9,target_time_slope,26,3.0,0.08028102008570878,False
final_input_token_layerwise,disclosed,k9,target_time_slope,27,3.0,0.070381619457688,False
final_input_token_layerwise,disclosed,k9,target_time_slope,28,3.0,0.0748251978368592,False
final_input_token_layerwise,disclosed,k9,target_time_slope,29,3.0,0.05470451245246091,False
final_input_token_layerwise,disclosed,k9,target_time_slope,30,3.0,0.05066311394561704,False
final_input_token_layerwise,disclosed,k9,target_time_slope,31,3.0,0.048963974645951924,False
final_input_token_layerwise,disclosed,k9,target_time_slope,32,3.0,0.04743331177281712,False
final_input_token_layerwise,disclosed,k9,target_time_slope,33,3.0,0.0532703919110831,False
final_input_token_layerwise,disclosed,k9,target_time_slope,34,3.0,0.042146736964643466,False
final_input_token_layerwise,disclosed,k9,target_time_slope,35,3.0,0.02719179569904695,False
final_input_token_layerwise,disclosed,k9,target_time_slope,36,3.0,0.03146896725869111,False
final_input_token_layerwise,disclosed,k9,displayed_driver_outcome_slope,0,0.0001,-1.1102230246251565e-16,False
final_input_token_layerwise,disclosed,k9,displayed_driver_outcome_slope,1,100.0,0.0100356773560209,False
final_input_token_layerwise,disclosed,k9,displayed_driver_outcome_slope,2,3.0,0.00820986994880138,False
final_input_token_layerwise,disclosed,k9,displayed_driver_outcome_slope,3,3.0,0.02052333251780697,False
final_input_token_layerwise,disclosed,k9,displayed_driver_outcome_slope,4,3.0,0.0196305697018552,False
final_input_token_layerwise,disclosed,k9,displayed_driver_outcome_slope,5,3.0,0.011486940730950829,False
final_input_token_layerwise,disclosed,k9,displayed_driver_outcome_slope,6,3.0,0.005923356062268903,False
final_input_token_layerwise,disclosed,k9,displayed_driver_outcome_slope,7,3.0,0.001263793524777873,False
final_input_token_layerwise,disclosed,k9,displayed_driver_outcome_slope,8,100.0,0.0007691591614047977,False
final_input_token_layerwise,disclosed,k9,displayed_driver_outcome_slope,9,3.0,0.009146587776085457,False
final_input_token_layerwise,disclosed,k9,displayed_driver_outcome_slope,10,100.0,0.0005142047072586031,False
final_input_token_layerwise,disclosed,k9,displayed_driver_outcome_slope,11,100.0,-0.0005778793263706006,False
final_input_token_layerwise,disclosed,k9,displayed_driver_outcome_slope,12,100.0,-0.0006110969675486577,False
final_input_token_layerwise,disclosed,k9,displayed_driver_outcome_slope,13,100.0,-0.0001170114456933713,False
final_input_token_layerwise,disclosed,k9,displayed_driver_outcome_slope,14,3.0,0.009871014311956278,False
final_input_token_layerwise,disclosed,k9,displayed_driver_outcome_slope,15,3.0,0.008171466201667116,False
final_input_token_layerwise,disclosed,k9,displayed_driver_outcome_slope,16,3.0,0.0107724205193514,False
final_input_token_layerwise,disclosed,k9,displayed_driver_outcome_slope,17,3.0,0.010543310766919278,False
final_input_token_layerwise,disclosed,k9,displayed_driver_outcome_slope,18,3.0,0.029373068346494835,False
final_input_token_layerwise,disclosed,k9,displayed_driver_outcome_slope,19,3.0,0.0399575296425243,False
final_input_token_layerwise,disclosed,k9,displayed_driver_outcome_slope,20,3.0,0.057195796537007376,False
final_input_token_layerwise,disclosed,k9,displayed_driver_outcome_slope,21,3.0,0.06176728927481315,False
final_input_token_layerwise,disclosed,k9,displayed_driver_outcome_slope,22,3.0,0.0449459127400226,False
final_input_token_layerwise,disclosed,k9,displayed_driver_outcome_slope,23,3.0,0.073153215836475,True
final_input_token_layerwise,disclosed,k9,displayed_driver_outcome_slope,24,3.0,0.043167028076610825,False
final_input_token_layerwise,disclosed,k9,displayed_driver_outcome_slope,25,3.0,0.025579504012506887,False
final_input_token_layerwise,disclosed,k9,displayed_driver_outcome_slope,26,3.0,0.02833360316230296,False
final_input_token_layerwise,disclosed,k9,displayed_driver_outcome_slope,27,3.0,0.017137839418624096,False
final_input_token_layerwise,disclosed,k9,displayed_driver_outcome_slope,28,3.0,0.012799131830437988,False
final_input_token_layerwise,disclosed,k9,displayed_driver_outcome_slope,29,3.0,0.020271536340876445,False
final_input_token_layerwise,disclosed,k9,displayed_driver_outcome_slope,30,3.0,0.01716983499375485,False
final_input_token_layerwise,disclosed,k9,displayed_driver_outcome_slope,31,3.0,0.01698767845398122,False
final_input_token_layerwise,disclosed,k9,displayed_driver_outcome_slope,32,3.0,0.0038708142322903816,False
final_input_token_layerwise,disclosed,k9,displayed_driver_outcome_slope,33,100.0,0.0008969563100807432,False
final_input_token_layerwise,disclosed,k9,displayed_driver_outcome_slope,34,100.0,0.0007343856246817271,False
final_input_token_layerwise,disclosed,k9,displayed_driver_outcome_slope,35,3.0,0.007112930286778285,False
final_input_token_layerwise,disclosed,k9,displayed_driver_outcome_slope,36,3.0,0.013012335481185633,False
final_input_token_layerwise,disclosed,k9,oracle_posterior_gain,0,0.0001,0.0,False
final_input_token_layerwise,disclosed,k9,oracle_posterior_gain,1,100.0,-0.0013994284935446855,False
final_input_token_layerwise,disclosed,k9,oracle_posterior_gain,2,100.0,-0.0009247299012813959,False
final_input_token_layerwise,disclosed,k9,oracle_posterior_gain,3,100.0,-0.0011063880908415147,False
final_input_token_layerwise,disclosed,k9,oracle_posterior_gain,4,100.0,-0.0017670248889411488,False
final_input_token_layerwise,disclosed,k9,oracle_posterior_gain,5,100.0,-0.001210880782798518,False
final_input_token_layerwise,disclosed,k9,oracle_posterior_gain,6,100.0,-0.0006958236170185317,False
final_input_token_layerwise,disclosed,k9,oracle_posterior_gain,7,100.0,-0.0007474998299141777,False
final_input_token_layerwise,disclosed,k9,oracle_posterior_gain,8,100.0,-0.0007356212072127111,False
final_input_token_layerwise,disclosed,k9,oracle_posterior_gain,9,100.0,-0.0012492310003848206,False
final_input_token_layerwise,disclosed,k9,oracle_posterior_gain,10,100.0,-0.000733113412311942,False
final_input_token_layerwise,disclosed,k9,oracle_posterior_gain,11,100.0,-0.0002521739486837371,False
final_input_token_layerwise,disclosed,k9,oracle_posterior_gain,12,100.0,8.707791474202309e-05,False
final_input_token_layerwise,disclosed,k9,oracle_posterior_gain,13,3.0,0.012217902077391318,False
final_input_token_layerwise,disclosed,k9,oracle_posterior_gain,14,100.0,5.929485944655699e-05,False
final_input_token_layerwise,disclosed,k9,oracle_posterior_gain,15,100.0,9.702812412568096e-05,False
final_input_token_layerwise,disclosed,k9,oracle_posterior_gain,16,3.0,0.008584567682594607,False
final_input_token_layerwise,disclosed,k9,oracle_posterior_gain,17,3.0,0.017460437842704735,False
final_input_token_layerwise,disclosed,k9,oracle_posterior_gain,18,3.0,0.015516435256480582,False
final_input_token_layerwise,disclosed,k9,oracle_posterior_gain,19,3.0,0.06037152810526572,False
final_input_token_layerwise,disclosed,k9,oracle_posterior_gain,20,0.1,0.15759324492204038,False
final_input_token_layerwise,disclosed,k9,oracle_posterior_gain,21,0.1,0.16041462392673767,False
final_input_token_layerwise,disclosed,k9,oracle_posterior_gain,22,0.1,0.13001921363861663,False
final_input_token_layerwise,disclosed,k9,oracle_posterior_gain,23,3.0,0.08950736377819812,False
final_input_token_layerwise,disclosed,k9,oracle_posterior_gain,24,3.0,0.07931980011856951,False
final_input_token_layerwise,disclosed,k9,oracle_posterior_gain,25,3.0,0.06485467884331403,False
final_input_token_layerwise,disclosed,k9,oracle_posterior_gain,26,0.1,0.11366106559562886,False
final_input_token_layerwise,disclosed,k9,oracle_posterior_gain,27,0.1,0.19428120003235777,True
final_input_token_layerwise,disclosed,k9,oracle_posterior_gain,28,0.1,0.1646570887214988,False
final_input_token_layerwise,disclosed,k9,oracle_posterior_gain,29,0.1,0.11445190619598414,False
final_input_token_layerwise,disclosed,k9,oracle_posterior_gain,30,0.1,0.10503117918151522,False
final_input_token_layerwise,disclosed,k9,oracle_posterior_gain,31,0.1,0.08055655839845893,False
final_input_token_layerwise,disclosed,k9,oracle_posterior_gain,32,3.0,0.0598550316360513,False
final_input_token_layerwise,disclosed,k9,oracle_posterior_gain,33,0.1,0.08541920950574725,False
final_input_token_layerwise,disclosed,k9,oracle_posterior_gain,34,0.1,0.10457685676168091,False
final_input_token_layerwise,disclosed,k9,oracle_posterior_gain,35,0.1,0.1791673549863413,False
final_input_token_layerwise,disclosed,k9,oracle_posterior_gain,36,0.1,0.15717005747532786,False
final_input_token_layerwise,disclosed,pooled,gain,0,0.0001,0.0,False
final_input_token_layerwise,disclosed,pooled,gain,1,100.0,0.0016539026226921143,False
final_input_token_layerwise,disclosed,pooled,gain,2,100.0,-0.0022559637176913596,False
final_input_token_layerwise,disclosed,pooled,gain,3,100.0,-0.001833575303698265,False
final_input_token_layerwise,disclosed,pooled,gain,4,100.0,-0.0003921875436779613,False
final_input_token_layerwise,disclosed,pooled,gain,5,100.0,-0.000781534343782031,False
final_input_token_layerwise,disclosed,pooled,gain,6,100.0,-0.0016246260420780534,False
final_input_token_layerwise,disclosed,pooled,gain,7,100.0,-0.00455086527935869,False
final_input_token_layerwise,disclosed,pooled,gain,8,100.0,-0.005271822286505671,False
final_input_token_layerwise,disclosed,pooled,gain,9,100.0,-0.0036709587400264123,False
final_input_token_layerwise,disclosed,pooled,gain,10,100.0,-0.0013128644995024918,False
final_input_token_layerwise,disclosed,pooled,gain,11,100.0,-0.0015100088778153276,False
final_input_token_layerwise,disclosed,pooled,gain,12,100.0,-0.0009345312470819822,False
final_input_token_layerwise,disclosed,pooled,gain,13,100.0,-0.003000631103580268,False
final_input_token_layerwise,disclosed,pooled,gain,14,100.0,-0.009778511774490508,False
final_input_token_layerwise,disclosed,pooled,gain,15,100.0,-0.0058964407433598305,False
final_input_token_layerwise,disclosed,pooled,gain,16,100.0,-0.004047057653171963,False
final_input_token_layerwise,disclosed,pooled,gain,17,100.0,-0.0010961214337874743,False
final_input_token_layerwise,disclosed,pooled,gain,18,100.0,-0.0014571213864948973,False
final_input_token_layerwise,disclosed,pooled,gain,19,100.0,-0.0001310625105451213,False
final_input_token_layerwise,disclosed,pooled,gain,20,3.0,0.02869195137003744,False
final_input_token_layerwise,disclosed,pooled,gain,21,3.0,0.03615961530747794,False
final_input_token_layerwise,disclosed,pooled,gain,22,3.0,0.030761084247142828,False
final_input_token_layerwise,disclosed,pooled,gain,23,3.0,0.03016047408872602,False
final_input_token_layerwise,disclosed,pooled,gain,24,3.0,0.02155092116781714,False
final_input_token_layerwise,disclosed,pooled,gain,25,3.0,0.03583185697335405,False
final_input_token_layerwise,disclosed,pooled,gain,26,3.0,0.042460939755150785,False
final_input_token_layerwise,disclosed,pooled,gain,27,3.0,0.05367023546196137,False
final_input_token_layerwise,disclosed,pooled,gain,28,3.0,0.03991634815649059,False
final_input_token_layerwise,disclosed,pooled,gain,29,3.0,0.028303993645064623,False
final_input_token_layerwise,disclosed,pooled,gain,30,100.0,0.007879332298828803,False
final_input_token_layerwise,disclosed,pooled,gain,31,100.0,0.005947104318097298,False
final_input_token_layerwise,disclosed,pooled,gain,32,100.0,0.0059351123117159605,False
final_input_token_layerwise,disclosed,pooled,gain,33,100.0,0.0035274801894257615,False
final_input_token_layerwise,disclosed,pooled,gain,34,3.0,0.03742953895905449,False
final_input_token_layerwise,disclosed,pooled,gain,35,3.0,0.05591050113591901,True
final_input_token_layerwise,disclosed,pooled,gain,36,3.0,0.03839231958417402,False
final_input_token_layerwise,disclosed,pooled,response_residual,0,0.0001,-2.7755575615628914e-17,False
final_input_token_layerwise,disclosed,pooled,response_residual,1,100.0,-0.0008025334092610174,False
final_input_token_layerwise,disclosed,pooled,response_residual,2,100.0,-0.003371627206988461,False
final_input_token_layerwise,disclosed,pooled,response_residual,3,100.0,-0.0030790244994801283,False
final_input_token_layerwise,disclosed,pooled,response_residual,4,100.0,-0.00111353510108451,False
final_input_token_layerwise,disclosed,pooled,response_residual,5,100.0,-0.0016494225902342619,False
final_input_token_layerwise,disclosed,pooled,response_residual,6,100.0,-0.0019510243418769946,False
final_input_token_layerwise,disclosed,pooled,response_residual,7,100.0,-0.004761942328556775,False
final_input_token_layerwise,disclosed,pooled,response_residual,8,100.0,-0.00629389330801447,False
final_input_token_layerwise,disclosed,pooled,response_residual,9,100.0,-0.0042736072665888565,False
final_input_token_layerwise,disclosed,pooled,response_residual,10,100.0,-0.0019134618968464263,False
final_input_token_layerwise,disclosed,pooled,response_residual,11,100.0,-0.0025027908056668713,False
final_input_token_layerwise,disclosed,pooled,response_residual,12,100.0,-0.0017363520916923354,False
final_input_token_layerwise,disclosed,pooled,response_residual,13,100.0,-0.00388388473503389,False
final_input_token_layerwise,disclosed,pooled,response_residual,14,100.0,-0.01104002681218432,False
final_input_token_layerwise,disclosed,pooled,response_residual,15,100.0,-0.006758315255382424,False
final_input_token_layerwise,disclosed,pooled,response_residual,16,100.0,-0.00501179802557732,False
final_input_token_layerwise,disclosed,pooled,response_residual,17,100.0,-0.0028059665811160464,False
final_input_token_layerwise,disclosed,pooled,response_residual,18,100.0,-0.0025225724021346505,False
final_input_token_layerwise,disclosed,pooled,response_residual,19,100.0,-0.0029623250543889257,False
final_input_token_layerwise,disclosed,pooled,response_residual,20,100.0,0.0007703370607405243,False
final_input_token_layerwise,disclosed,pooled,response_residual,21,100.0,0.00729117113486108,False
final_input_token_layerwise,disclosed,pooled,response_residual,22,100.0,0.007924462139696878,False
final_input_token_layerwise,disclosed,pooled,response_residual,23,100.0,0.0067628875329158915,False
final_input_token_layerwise,disclosed,pooled,response_residual,24,100.0,0.0038972527651291813,False
final_input_token_layerwise,disclosed,pooled,response_residual,25,100.0,0.0074469133008448945,False
final_input_token_layerwise,disclosed,pooled,response_residual,26,100.0,0.008313103053415713,False
final_input_token_layerwise,disclosed,pooled,response_residual,27,100.0,0.008843949144590977,False
final_input_token_layerwise,disclosed,pooled,response_residual,28,100.0,0.0072686231493531706,False
final_input_token_layerwise,disclosed,pooled,response_residual,29,100.0,0.006262721665845757,False
final_input_token_layerwise,disclosed,pooled,response_residual,30,100.0,0.0059721278782178255,False
final_input_token_layerwise,disclosed,pooled,response_residual,31,100.0,0.004497864038787232,False
final_input_token_layerwise,disclosed,pooled,response_residual,32,100.0,0.0037772087669407004,False
final_input_token_layerwise,disclosed,pooled,response_residual,33,100.0,0.002294275943773516,False
final_input_token_layerwise,disclosed,pooled,response_residual,34,100.0,0.006481784358903083,False
final_input_token_layerwise,disclosed,pooled,response_residual,35,100.0,0.00994191883751445,True
final_input_token_layerwise,disclosed,pooled,response_residual,36,100.0,0.008422056958377047,False
final_input_token_layerwise,undisclosed,k3,gain,0,0.0001,0.0,False
final_input_token_layerwise,undisclosed,k3,gain,1,100.0,-0.0010263894918214611,False
final_input_token_layerwise,undisclosed,k3,gain,2,100.0,-0.001732468772106338,False
final_input_token_layerwise,undisclosed,k3,gain,3,100.0,-0.001430384811604929,False
final_input_token_layerwise,undisclosed,k3,gain,4,100.0,-0.000737161707375561,False
final_input_token_layerwise,undisclosed,k3,gain,5,100.0,-0.0002474948640421859,False
final_input_token_layerwise,undisclosed,k3,gain,6,100.0,-9.170280533613018e-05,False
final_input_token_layerwise,undisclosed,k3,gain,7,100.0,-0.00031992667830682553,False
final_input_token_layerwise,undisclosed,k3,gain,8,100.0,0.0002080958860205262,False
final_input_token_layerwise,undisclosed,k3,gain,9,100.0,0.0009564288913110897,False
final_input_token_layerwise,undisclosed,k3,gain,10,100.0,0.00022623520989531465,False
final_input_token_layerwise,undisclosed,k3,gain,11,100.0,-0.0003343726044889306,False
final_input_token_layerwise,undisclosed,k3,gain,12,100.0,-0.0009182880640777047,False
final_input_token_layerwise,undisclosed,k3,gain,13,100.0,-0.001855910825968754,False
final_input_token_layerwise,undisclosed,k3,gain,14,100.0,-0.0014247443518582703,False
final_input_token_layerwise,undisclosed,k3,gain,15,100.0,-0.001354914009104341,False
final_input_token_layerwise,undisclosed,k3,gain,16,100.0,-0.001033114508478511,False
final_input_token_layerwise,undisclosed,k3,gain,17,100.0,-0.0005706569257841465,False
final_input_token_layerwise,undisclosed,k3,gain,18,100.0,-0.0008025235210607218,False
final_input_token_layerwise,undisclosed,k3,gain,19,3.0,-1.166153089868227e-05,False
final_input_token_layerwise,undisclosed,k3,gain,20,100.0,-0.0014306391529249896,False
final_input_token_layerwise,undisclosed,k3,gain,21,100.0,-0.0021982930974565607,False
final_input_token_layerwise,undisclosed,k3,gain,22,100.0,-0.0019571406949893677,False
final_input_token_layerwise,undisclosed,k3,gain,23,100.0,-0.00041463987556916715,False
final_input_token_layerwise,undisclosed,k3,gain,24,100.0,-2.550015981597764e-05,False
final_input_token_layerwise,undisclosed,k3,gain,25,3.0,0.009566328586318673,False
final_input_token_layerwise,undisclosed,k3,gain,26,3.0,0.01704309297758641,True
final_input_token_layerwise,undisclosed,k3,gain,27,3.0,0.013938460109779283,False
final_input_token_layerwise,undisclosed,k3,gain,28,3.0,0.0026945504627465255,False
final_input_token_layerwise,undisclosed,k3,gain,29,100.0,0.0008025248995255363,False
final_input_token_layerwise,undisclosed,k3,gain,30,100.0,0.0005280821505970756,False
final_input_token_layerwise,undisclosed,k3,gain,31,3.0,0.004067896585624342,False
final_input_token_layerwise,undisclosed,k3,gain,32,3.0,0.00916631832001838,False
final_input_token_layerwise,undisclosed,k3,gain,33,3.0,0.0035041614499943252,False
final_input_token_layerwise,undisclosed,k3,gain,34,3.0,0.0014602240171860958,False
final_input_token_layerwise,undisclosed,k3,gain,35,3.0,0.002628362307933535,False
final_input_token_layerwise,undisclosed,k3,gain,36,3.0,0.0029975064795183803,False
final_input_token_layerwise,undisclosed,k3,response_residual,0,0.0001,-2.7755575615628914e-17,False
final_input_token_layerwise,undisclosed,k3,response_residual,1,100.0,-0.000938743954827459,False
final_input_token_layerwise,undisclosed,k3,response_residual,2,100.0,-0.0013048909324469282,False
final_input_token_layerwise,undisclosed,k3,response_residual,3,100.0,-0.0010278227125835593,False
final_input_token_layerwise,undisclosed,k3,response_residual,4,100.0,-0.0002799016208867855,False
final_input_token_layerwise,undisclosed,k3,response_residual,5,100.0,0.0001021463334191508,False
final_input_token_layerwise,undisclosed,k3,response_residual,6,100.0,0.0003461184058937694,False
final_input_token_layerwise,undisclosed,k3,response_residual,7,100.0,-0.00015364194916742124,False
final_input_token_layerwise,undisclosed,k3,response_residual,8,100.0,0.0011086801026949922,False
final_input_token_layerwise,undisclosed,k3,response_residual,9,100.0,0.001464499458499996,True
final_input_token_layerwise,undisclosed,k3,response_residual,10,100.0,0.000637398806149686,False
final_input_token_layerwise,undisclosed,k3,response_residual,11,100.0,-0.0002571382594198923,False
final_input_token_layerwise,undisclosed,k3,response_residual,12,100.0,-0.000640971238269894,False
final_input_token_layerwise,undisclosed,k3,response_residual,13,100.0,-0.001540101264628474,False
final_input_token_layerwise,undisclosed,k3,response_residual,14,100.0,-0.0012006249686487835,False
final_input_token_layerwise,undisclosed,k3,response_residual,15,100.0,-0.0010556751936279252,False
final_input_token_layerwise,undisclosed,k3,response_residual,16,100.0,-0.001003057027920029,False
final_input_token_layerwise,undisclosed,k3,response_residual,17,100.0,-0.0004639768050325177,False
final_input_token_layerwise,undisclosed,k3,response_residual,18,100.0,-0.0005089603451016722,False
final_input_token_layerwise,undisclosed,k3,response_residual,19,100.0,-0.00038305475519281873,False
final_input_token_layerwise,undisclosed,k3,response_residual,20,100.0,-0.0011558152460348636,False
final_input_token_layerwise,undisclosed,k3,response_residual,21,100.0,-0.0022108302434205584,False
final_input_token_layerwise,undisclosed,k3,response_residual,22,100.0,-0.0019179097900559605,False
final_input_token_layerwise,undisclosed,k3,response_residual,23,100.0,-0.0005996226721037556,False
final_input_token_layerwise,undisclosed,k3,response_residual,24,100.0,-0.0006013541130341638,False
final_input_token_layerwise,undisclosed,k3,response_residual,25,100.0,0.0007281775154420189,False
final_input_token_layerwise,undisclosed,k3,response_residual,26,100.0,0.0009502233441019692,False
final_input_token_layerwise,undisclosed,k3,response_residual,27,100.0,0.0007242544111006333,False
final_input_token_layerwise,undisclosed,k3,response_residual,28,100.0,0.0003002166799156991,False
final_input_token_layerwise,undisclosed,k3,response_residual,29,100.0,7.690703208079741e-05,False
final_input_token_layerwise,undisclosed,k3,response_residual,30,100.0,-5.589948366058195e-05,False
final_input_token_layerwise,undisclosed,k3,response_residual,31,100.0,0.0001467580987445094,False
final_input_token_layerwise,undisclosed,k3,response_residual,32,100.0,0.0003457478899697164,False
final_input_token_layerwise,undisclosed,k3,response_residual,33,100.0,-0.00020664828727826046,False
final_input_token_layerwise,undisclosed,k3,response_residual,34,100.0,-0.0004185943624404609,False
final_input_token_layerwise,undisclosed,k3,response_residual,35,100.0,-0.00025584807643802554,False
final_input_token_layerwise,undisclosed,k3,response_residual,36,100.0,-0.00010275311395357978,False
final_input_token_layerwise,undisclosed,k3,last_target_observation,0,0.0001,-8.326672684688674e-17,False
final_input_token_layerwise,undisclosed,k3,last_target_observation,1,0.1,0.11124535836050992,True
final_input_token_layerwise,undisclosed,k3,last_target_observation,2,0.1,0.06819200129585726,False
final_input_token_layerwise,undisclosed,k3,last_target_observation,3,0.1,0.03604304459673119,False
final_input_token_layerwise,undisclosed,k3,last_target_observation,4,100.0,-0.0009681757869778318,False
final_input_token_layerwise,undisclosed,k3,last_target_observation,5,100.0,2.0570284002013883e-05,False
final_input_token_layerwise,undisclosed,k3,last_target_observation,6,3.0,0.002794491280002448,False
final_input_token_layerwise,undisclosed,k3,last_target_observation,7,3.0,0.00022281263882864555,False
final_input_token_layerwise,undisclosed,k3,last_target_observation,8,100.0,0.0011301941800755944,False
final_input_token_layerwise,undisclosed,k3,last_target_observation,9,100.0,0.0009700154637589942,False
final_input_token_layerwise,undisclosed,k3,last_target_observation,10,100.0,-3.13211306743888e-05,False
final_input_token_layerwise,undisclosed,k3,last_target_observation,11,100.0,0.0007134850789671798,False
final_input_token_layerwise,undisclosed,k3,last_target_observation,12,100.0,3.983064604848319e-05,False
final_input_token_layerwise,undisclosed,k3,last_target_observation,13,100.0,-2.476007676624481e-05,False
final_input_token_layerwise,undisclosed,k3,last_target_observation,14,100.0,6.729639130068077e-05,False
final_input_token_layerwise,undisclosed,k3,last_target_observation,15,3.0,0.0009143360297544645,False
final_input_token_layerwise,undisclosed,k3,last_target_observation,16,100.0,0.0005114336561712063,False
final_input_token_layerwise,undisclosed,k3,last_target_observation,17,3.0,0.008617315425477251,False
final_input_token_layerwise,undisclosed,k3,last_target_observation,18,3.0,0.02453516985234694,False
final_input_token_layerwise,undisclosed,k3,last_target_observation,19,3.0,0.04388242541786197,False
final_input_token_layerwise,undisclosed,k3,last_target_observation,20,3.0,0.09052207008993013,False
final_input_token_layerwise,undisclosed,k3,last_target_observation,21,3.0,0.06612245726393787,False
final_input_token_layerwise,undisclosed,k3,last_target_observation,22,0.1,0.09024447825790943,False
final_input_token_layerwise,undisclosed,k3,last_target_observation,23,3.0,0.06929559357536436,False
final_input_token_layerwise,undisclosed,k3,last_target_observation,24,3.0,0.05408754996967438,False
final_input_token_layerwise,undisclosed,k3,last_target_observation,25,3.0,0.013802513824730883,False
final_input_token_layerwise,undisclosed,k3,last_target_observation,26,3.0,0.021923571785116863,False
final_input_token_layerwise,undisclosed,k3,last_target_observation,27,3.0,0.05566309532427954,False
final_input_token_layerwise,undisclosed,k3,last_target_observation,28,0.1,0.0920411138639585,False
final_input_token_layerwise,undisclosed,k3,last_target_observation,29,0.1,0.08970963213574337,False
final_input_token_layerwise,undisclosed,k3,last_target_observation,30,3.0,0.044407058511383185,False
final_input_token_layerwise,undisclosed,k3,last_target_observation,31,3.0,0.03793382553329541,False
final_input_token_layerwise,undisclosed,k3,last_target_observation,32,3.0,0.04317669010468089,False
final_input_token_layerwise,undisclosed,k3,last_target_observation,33,3.0,0.04284516032884203,False
final_input_token_layerwise,undisclosed,k3,last_target_observation,34,3.0,0.02334879284986424,False
final_input_token_layerwise,undisclosed,k3,last_target_observation,35,3.0,0.029754002695959375,False
final_input_token_layerwise,undisclosed,k3,last_target_observation,36,3.0,0.03438093907473877,False
final_input_token_layerwise,undisclosed,k3,target_observation_mean,0,0.0001,5.551115123125783e-17,False
final_input_token_layerwise,undisclosed,k3,target_observation_mean,1,3.0,0.015746462111892012,False
final_input_token_layerwise,undisclosed,k3,target_observation_mean,2,3.0,0.006223448365428846,False
final_input_token_layerwise,undisclosed,k3,target_observation_mean,3,100.0,-0.0006784813786718247,False
final_input_token_layerwise,undisclosed,k3,target_observation_mean,4,3.0,0.005581597388296,False
final_input_token_layerwise,undisclosed,k3,target_observation_mean,5,3.0,0.026521604564769624,False
final_input_token_layerwise,undisclosed,k3,target_observation_mean,6,3.0,0.0420393822906647,False
final_input_token_layerwise,undisclosed,k3,target_observation_mean,7,3.0,0.027847663247524607,False
final_input_token_layerwise,undisclosed,k3,target_observation_mean,8,100.0,0.000634114776234429,False
final_input_token_layerwise,undisclosed,k3,target_observation_mean,9,100.0,-0.0005779995227618018,False
final_input_token_layerwise,undisclosed,k3,target_observation_mean,10,100.0,-0.0009949288830773395,False
final_input_token_layerwise,undisclosed,k3,target_observation_mean,11,100.0,-0.0006239732869769143,False
final_input_token_layerwise,undisclosed,k3,target_observation_mean,12,100.0,-0.00036316981014375416,False
final_input_token_layerwise,undisclosed,k3,target_observation_mean,13,100.0,-9.721645596405537e-05,False
final_input_token_layerwise,undisclosed,k3,target_observation_mean,14,100.0,0.00010596187336761598,False
final_input_token_layerwise,undisclosed,k3,target_observation_mean,15,3.0,0.01293449986600076,False
final_input_token_layerwise,undisclosed,k3,target_observation_mean,16,3.0,0.01699342902661108,False
final_input_token_layerwise,undisclosed,k3,target_observation_mean,17,3.0,0.022562609317684362,False
final_input_token_layerwise,undisclosed,k3,target_observation_mean,18,3.0,0.10682690279904294,False
final_input_token_layerwise,undisclosed,k3,target_observation_mean,19,0.1,0.21420114929751818,False
final_input_token_layerwise,undisclosed,k3,target_observation_mean,20,0.1,0.2632474664870408,False
final_input_token_layerwise,undisclosed,k3,target_observation_mean,21,0.1,0.22519970375526285,False
final_input_token_layerwise,undisclosed,k3,target_observation_mean,22,0.1,0.2966493849852069,True
final_input_token_layerwise,undisclosed,k3,target_observation_mean,23,3.0,0.17844358632139587,False
final_input_token_layerwise,undisclosed,k3,target_observation_mean,24,3.0,0.15407100390162837,False
final_input_token_layerwise,undisclosed,k3,target_observation_mean,25,3.0,0.12671451564888384,False
final_input_token_layerwise,undisclosed,k3,target_observation_mean,26,3.0,0.11448162919393473,False
final_input_token_layerwise,undisclosed,k3,target_observation_mean,27,3.0,0.15742796476013804,False
final_input_token_layerwise,undisclosed,k3,target_observation_mean,28,3.0,0.17804493860348672,False
final_input_token_layerwise,undisclosed,k3,target_observation_mean,29,3.0,0.16802324143444286,False
final_input_token_layerwise,undisclosed,k3,target_observation_mean,30,3.0,0.15546514701210556,False
final_input_token_layerwise,undisclosed,k3,target_observation_mean,31,3.0,0.14229914792783843,False
final_input_token_layerwise,undisclosed,k3,target_observation_mean,32,3.0,0.14430267682335723,False
final_input_token_layerwise,undisclosed,k3,target_observation_mean,33,3.0,0.12632416361846763,False
final_input_token_layerwise,undisclosed,k3,target_observation_mean,34,3.0,0.10450076419384369,False
final_input_token_layerwise,undisclosed,k3,target_observation_mean,35,3.0,0.09568944801820303,False
final_input_token_layerwise,undisclosed,k3,target_observation_mean,36,3.0,0.09986045027829188,False
final_input_token_layerwise,undisclosed,k3,target_time_slope,0,0.0001,0.0,False
final_input_token_layerwise,undisclosed,k3,target_time_slope,1,100.0,-0.0038819133659536154,False
final_input_token_layerwise,undisclosed,k3,target_time_slope,2,100.0,-0.002773563178245203,False
final_input_token_layerwise,undisclosed,k3,target_time_slope,3,100.0,-0.002801754594511152,False
final_input_token_layerwise,undisclosed,k3,target_time_slope,4,100.0,-0.001616629963843097,False
final_input_token_layerwise,undisclosed,k3,target_time_slope,5,100.0,-0.0013618723244563091,False
final_input_token_layerwise,undisclosed,k3,target_time_slope,6,100.0,-0.0013459149643836044,False
final_input_token_layerwise,undisclosed,k3,target_time_slope,7,100.0,-0.0017429944770983585,False
final_input_token_layerwise,undisclosed,k3,target_time_slope,8,100.0,-0.0014929102029083985,False
final_input_token_layerwise,undisclosed,k3,target_time_slope,9,100.0,-0.0009980859241436046,False
final_input_token_layerwise,undisclosed,k3,target_time_slope,10,100.0,-0.0015537553111927838,False
final_input_token_layerwise,undisclosed,k3,target_time_slope,11,100.0,-0.0003604724386106206,False
final_input_token_layerwise,undisclosed,k3,target_time_slope,12,100.0,-0.0011763290625183553,False
final_input_token_layerwise,undisclosed,k3,target_time_slope,13,100.0,-0.0004524984642134411,False
final_input_token_layerwise,undisclosed,k3,target_time_slope,14,100.0,-0.0004357161282188271,False
final_input_token_layerwise,undisclosed,k3,target_time_slope,15,100.0,-0.0006360335021688146,False
final_input_token_layerwise,undisclosed,k3,target_time_slope,16,100.0,-0.00026953414816102694,False
final_input_token_layerwise,undisclosed,k3,target_time_slope,17,100.0,0.0006382103167221209,False
final_input_token_layerwise,undisclosed,k3,target_time_slope,18,3.0,0.012081273826152289,False
final_input_token_layerwise,undisclosed,k3,target_time_slope,19,3.0,0.015592104224655318,False
final_input_token_layerwise,undisclosed,k3,target_time_slope,20,3.0,0.031591661652554864,False
final_input_token_layerwise,undisclosed,k3,target_time_slope,21,3.0,0.03240240060358318,False
final_input_token_layerwise,undisclosed,k3,target_time_slope,22,3.0,0.0258787726042235,False
final_input_token_layerwise,undisclosed,k3,target_time_slope,23,3.0,0.016990799763559383,False
final_input_token_layerwise,undisclosed,k3,target_time_slope,24,3.0,0.002576018057960122,False
final_input_token_layerwise,undisclosed,k3,target_time_slope,25,100.0,0.0003113043147441874,False
final_input_token_layerwise,undisclosed,k3,target_time_slope,26,100.0,0.00043435298832131264,False
final_input_token_layerwise,undisclosed,k3,target_time_slope,27,3.0,0.012889058464019387,False
final_input_token_layerwise,undisclosed,k3,target_time_slope,28,3.0,0.00627378087212388,False
final_input_token_layerwise,undisclosed,k3,target_time_slope,29,0.1,0.03918669964760341,True
final_input_token_layerwise,undisclosed,k3,target_time_slope,30,3.0,0.021318266776665262,False
final_input_token_layerwise,undisclosed,k3,target_time_slope,31,3.0,0.014860238766296358,False
final_input_token_layerwise,undisclosed,k3,target_time_slope,32,3.0,0.015023405379961191,False
final_input_token_layerwise,undisclosed,k3,target_time_slope,33,3.0,0.027929091429898606,False
final_input_token_layerwise,undisclosed,k3,target_time_slope,34,3.0,0.010080584033700518,False
final_input_token_layerwise,undisclosed,k3,target_time_slope,35,3.0,0.018224204276658912,False
final_input_token_layerwise,undisclosed,k3,target_time_slope,36,3.0,0.013215348476951994,False
final_input_token_layerwise,undisclosed,k3,displayed_driver_outcome_slope,0,0.0001,5.551115123125783e-17,False
final_input_token_layerwise,undisclosed,k3,displayed_driver_outcome_slope,1,3.0,0.017317479621069526,False
final_input_token_layerwise,undisclosed,k3,displayed_driver_outcome_slope,2,3.0,0.015076859562514117,False
final_input_token_layerwise,undisclosed,k3,displayed_driver_outcome_slope,3,3.0,0.01772478268130792,False
final_input_token_layerwise,undisclosed,k3,displayed_driver_outcome_slope,4,3.0,0.02279795724651415,False
final_input_token_layerwise,undisclosed,k3,displayed_driver_outcome_slope,5,3.0,0.015762580595275716,False
final_input_token_layerwise,undisclosed,k3,displayed_driver_outcome_slope,6,3.0,0.010831297985438665,False
final_input_token_layerwise,undisclosed,k3,displayed_driver_outcome_slope,7,100.0,-0.00024240143628986854,False
final_input_token_layerwise,undisclosed,k3,displayed_driver_outcome_slope,8,100.0,-0.000665765067773022,False
final_input_token_layerwise,undisclosed,k3,displayed_driver_outcome_slope,9,100.0,8.978993122876755e-05,False
final_input_token_layerwise,undisclosed,k3,displayed_driver_outcome_slope,10,100.0,-6.637664506473073e-05,False
final_input_token_layerwise,undisclosed,k3,displayed_driver_outcome_slope,11,100.0,0.0020700237081214823,False
final_input_token_layerwise,undisclosed,k3,displayed_driver_outcome_slope,12,100.0,0.001271601148230661,False
final_input_token_layerwise,undisclosed,k3,displayed_driver_outcome_slope,13,3.0,0.006058085003459446,False
final_input_token_layerwise,undisclosed,k3,displayed_driver_outcome_slope,14,3.0,0.012465595246698685,False
final_input_token_layerwise,undisclosed,k3,displayed_driver_outcome_slope,15,3.0,0.0052300929824250775,False
final_input_token_layerwise,undisclosed,k3,displayed_driver_outcome_slope,16,3.0,0.028213777494130315,False
final_input_token_layerwise,undisclosed,k3,displayed_driver_outcome_slope,17,3.0,0.030051355520280598,False
final_input_token_layerwise,undisclosed,k3,displayed_driver_outcome_slope,18,3.0,0.029757277052863768,False
final_input_token_layerwise,undisclosed,k3,displayed_driver_outcome_slope,19,3.0,0.016900589773309743,False
final_input_token_layerwise,undisclosed,k3,displayed_driver_outcome_slope,20,3.0,0.03228994457097528,True
final_input_token_layerwise,undisclosed,k3,displayed_driver_outcome_slope,21,3.0,0.018959526477448002,False
final_input_token_layerwise,undisclosed,k3,displayed_driver_outcome_slope,22,3.0,0.021628410294474654,False
final_input_token_layerwise,undisclosed,k3,displayed_driver_outcome_slope,23,100.0,0.0008706755205618311,False
final_input_token_layerwise,undisclosed,k3,displayed_driver_outcome_slope,24,3.0,0.0023117998944575946,False
final_input_token_layerwise,undisclosed,k3,displayed_driver_outcome_slope,25,100.0,-0.0009169127655345444,False
final_input_token_layerwise,undisclosed,k3,displayed_driver_outcome_slope,26,100.0,-0.0014790936836019952,False
final_input_token_layerwise,undisclosed,k3,displayed_driver_outcome_slope,27,100.0,-0.0009977655135169905,False
final_input_token_layerwise,undisclosed,k3,displayed_driver_outcome_slope,28,100.0,-0.0010679702514032607,False
final_input_token_layerwise,undisclosed,k3,displayed_driver_outcome_slope,29,100.0,-0.0014145378426410338,False
final_input_token_layerwise,undisclosed,k3,displayed_driver_outcome_slope,30,100.0,-0.0014091288615760977,False
final_input_token_layerwise,undisclosed,k3,displayed_driver_outcome_slope,31,100.0,-0.0011079758794375338,False
final_input_token_layerwise,undisclosed,k3,displayed_driver_outcome_slope,32,100.0,-0.0014764615456328845,False
final_input_token_layerwise,undisclosed,k3,displayed_driver_outcome_slope,33,100.0,-0.001548397102705712,False
final_input_token_layerwise,undisclosed,k3,displayed_driver_outcome_slope,34,100.0,-0.0015478013929435264,False
final_input_token_layerwise,undisclosed,k3,displayed_driver_outcome_slope,35,100.0,-0.0013334159851450533,False
final_input_token_layerwise,undisclosed,k3,displayed_driver_outcome_slope,36,100.0,-0.0009889053094642164,False
final_input_token_layerwise,undisclosed,k3,oracle_posterior_gain,0,0.0001,2.7755575615628914e-17,False
final_input_token_layerwise,undisclosed,k3,oracle_posterior_gain,1,100.0,-0.002462918595477648,False
final_input_token_layerwise,undisclosed,k3,oracle_posterior_gain,2,100.0,-0.002143295125708433,False
final_input_token_layerwise,undisclosed,k3,oracle_posterior_gain,3,100.0,-0.0022223160655545082,False
final_input_token_layerwise,undisclosed,k3,oracle_posterior_gain,4,100.0,-0.0019409585929416329,False
final_input_token_layerwise,undisclosed,k3,oracle_posterior_gain,5,100.0,-0.001643320966187578,False
final_input_token_layerwise,undisclosed,k3,oracle_posterior_gain,6,100.0,-0.000956301200541132,False
final_input_token_layerwise,undisclosed,k3,oracle_posterior_gain,7,100.0,-0.0015474629921208016,False
final_input_token_layerwise,undisclosed,k3,oracle_posterior_gain,8,100.0,-0.002163050483658918,False
final_input_token_layerwise,undisclosed,k3,oracle_posterior_gain,9,100.0,-0.00030244315949470857,False
final_input_token_layerwise,undisclosed,k3,oracle_posterior_gain,10,100.0,-0.00036190656603649063,False
final_input_token_layerwise,undisclosed,k3,oracle_posterior_gain,11,100.0,-0.0006805553303078082,False
final_input_token_layerwise,undisclosed,k3,oracle_posterior_gain,12,100.0,-0.0006147813587277506,False
final_input_token_layerwise,undisclosed,k3,oracle_posterior_gain,13,100.0,-0.000652805580292487,False
final_input_token_layerwise,undisclosed,k3,oracle_posterior_gain,14,100.0,-0.0014258695916440078,False
final_input_token_layerwise,undisclosed,k3,oracle_posterior_gain,15,100.0,-0.0016070666453557314,False
final_input_token_layerwise,undisclosed,k3,oracle_posterior_gain,16,100.0,-0.0010315505946148495,False
final_input_token_layerwise,undisclosed,k3,oracle_posterior_gain,17,100.0,-0.0008245548083928023,False
final_input_token_layerwise,undisclosed,k3,oracle_posterior_gain,18,100.0,-0.0005972526271942336,False
final_input_token_layerwise,undisclosed,k3,oracle_posterior_gain,19,100.0,-0.00012030852134625736,False
final_input_token_layerwise,undisclosed,k3,oracle_posterior_gain,20,3.0,0.027262854977168266,False
final_input_token_layerwise,undisclosed,k3,oracle_posterior_gain,21,3.0,0.032089137333459916,False
final_input_token_layerwise,undisclosed,k3,oracle_posterior_gain,22,3.0,0.048699597834185204,False
final_input_token_layerwise,undisclosed,k3,oracle_posterior_gain,23,3.0,0.09995766064489917,False
final_input_token_layerwise,undisclosed,k3,oracle_posterior_gain,24,3.0,0.1394999259878603,False
final_input_token_layerwise,undisclosed,k3,oracle_posterior_gain,25,3.0,0.15525598638956367,True
final_input_token_layerwise,undisclosed,k3,oracle_posterior_gain,26,3.0,0.15073740354057372,False
final_input_token_layerwise,undisclosed,k3,oracle_posterior_gain,27,3.0,0.14580440002241152,False
final_input_token_layerwise,undisclosed,k3,oracle_posterior_gain,28,3.0,0.14311787921012,False
final_input_token_layerwise,undisclosed,k3,oracle_posterior_gain,29,3.0,0.14414973631844263,False
final_input_token_layerwise,undisclosed,k3,oracle_posterior_gain,30,3.0,0.13411059125561903,False
final_input_token_layerwise,undisclosed,k3,oracle_posterior_gain,31,3.0,0.13153166101623093,False
final_input_token_layerwise,undisclosed,k3,oracle_posterior_gain,32,3.0,0.1261206807969848,False
final_input_token_layerwise,undisclosed,k3,oracle_posterior_gain,33,3.0,0.1163718980453938,False
final_input_token_layerwise,undisclosed,k3,oracle_posterior_gain,34,3.0,0.1008445193936909,False
final_input_token_layerwise,undisclosed,k3,oracle_posterior_gain,35,3.0,0.1049378653453768,False
final_input_token_layerwise,undisclosed,k3,oracle_posterior_gain,36,3.0,0.10392350856778598,False
final_input_token_layerwise,undisclosed,k6,gain,0,0.0001,0.0,False
final_input_token_layerwise,undisclosed,k6,gain,1,100.0,-0.0007038495311903759,False
final_input_token_layerwise,undisclosed,k6,gain,2,3.0,-0.0004512372407506071,False
final_input_token_layerwise,undisclosed,k6,gain,3,100.0,-0.0015577696891865,False
final_input_token_layerwise,undisclosed,k6,gain,4,100.0,-0.00163940766081358,False
final_input_token_layerwise,undisclosed,k6,gain,5,100.0,-0.001579110417911811,False
final_input_token_layerwise,undisclosed,k6,gain,6,100.0,-0.0013455601404202544,False
final_input_token_layerwise,undisclosed,k6,gain,7,100.0,-0.001404563942363768,False
final_input_token_layerwise,undisclosed,k6,gain,8,100.0,-0.001927168426427539,False
final_input_token_layerwise,undisclosed,k6,gain,9,100.0,-0.0018740658174369873,False
final_input_token_layerwise,undisclosed,k6,gain,10,100.0,-0.0012564436109547827,False
final_input_token_layerwise,undisclosed,k6,gain,11,100.0,-0.001821538207084139,False
final_input_token_layerwise,undisclosed,k6,gain,12,100.0,-0.001187126894114876,False
final_input_token_layerwise,undisclosed,k6,gain,13,100.0,-0.0009789990605699739,False
final_input_token_layerwise,undisclosed,k6,gain,14,100.0,-0.0002757644955143357,False
final_input_token_layerwise,undisclosed,k6,gain,15,3.0,0.01666596538341905,False
final_input_token_layerwise,undisclosed,k6,gain,16,3.0,0.004749697904964045,False
final_input_token_layerwise,undisclosed,k6,gain,17,100.0,-0.00033351614504498195,False
final_input_token_layerwise,undisclosed,k6,gain,18,100.0,-0.0002217610002130943,False
final_input_token_layerwise,undisclosed,k6,gain,19,3.0,0.009256609629616275,False
final_input_token_layerwise,undisclosed,k6,gain,20,3.0,0.016186931931943815,False
final_input_token_layerwise,undisclosed,k6,gain,21,3.0,0.004468623140509137,False
final_input_token_layerwise,undisclosed,k6,gain,22,3.0,0.010586355208380721,False
final_input_token_layerwise,undisclosed,k6,gain,23,3.0,0.025355557513291743,False
final_input_token_layerwise,undisclosed,k6,gain,24,3.0,0.018994862207174668,False
final_input_token_layerwise,undisclosed,k6,gain,25,3.0,0.031419100743391215,False
final_input_token_layerwise,undisclosed,k6,gain,26,3.0,0.037942613699582045,False
final_input_token_layerwise,undisclosed,k6,gain,27,3.0,0.050896637712422976,False
final_input_token_layerwise,undisclosed,k6,gain,28,3.0,0.053234522499032794,True
final_input_token_layerwise,undisclosed,k6,gain,29,3.0,0.05024723088096528,False
final_input_token_layerwise,undisclosed,k6,gain,30,3.0,0.04125403065641339,False
final_input_token_layerwise,undisclosed,k6,gain,31,3.0,0.05240758666210704,False
final_input_token_layerwise,undisclosed,k6,gain,32,3.0,0.04761099772654609,False
final_input_token_layerwise,undisclosed,k6,gain,33,3.0,0.02893942025306201,False
final_input_token_layerwise,undisclosed,k6,gain,34,3.0,0.040572659862595145,False
final_input_token_layerwise,undisclosed,k6,gain,35,3.0,0.03532291266424384,False
final_input_token_layerwise,undisclosed,k6,gain,36,3.0,0.04245233841964502,False
final_input_token_layerwise,undisclosed,k6,response_residual,0,0.0001,-2.7755575615628914e-17,False
final_input_token_layerwise,undisclosed,k6,response_residual,1,100.0,-0.0024251571931414306,False
final_input_token_layerwise,undisclosed,k6,response_residual,2,100.0,-0.0012272299451070168,False
final_input_token_layerwise,undisclosed,k6,response_residual,3,100.0,-0.0020477947651977024,False
final_input_token_layerwise,undisclosed,k6,response_residual,4,100.0,-0.0018118257300811513,False
final_input_token_layerwise,undisclosed,k6,response_residual,5,100.0,-0.0017886261586146368,False
final_input_token_layerwise,undisclosed,k6,response_residual,6,100.0,-0.0014942699828799089,False
final_input_token_layerwise,undisclosed,k6,response_residual,7,100.0,-0.0013660404060575615,False
final_input_token_layerwise,undisclosed,k6,response_residual,8,100.0,-0.0018021694872421556,False
final_input_token_layerwise,undisclosed,k6,response_residual,9,100.0,-0.0017083490701598758,False
final_input_token_layerwise,undisclosed,k6,response_residual,10,100.0,-0.0010153353036434498,False
final_input_token_layerwise,undisclosed,k6,response_residual,11,100.0,-0.001646460996766852,False
final_input_token_layerwise,undisclosed,k6,response_residual,12,100.0,-0.0010206167716793058,False
final_input_token_layerwise,undisclosed,k6,response_residual,13,100.0,-0.0009349445363782127,False
final_input_token_layerwise,undisclosed,k6,response_residual,14,100.0,-0.00048500202572324125,False
final_input_token_layerwise,undisclosed,k6,response_residual,15,3.0,0.0011743865539563247,False
final_input_token_layerwise,undisclosed,k6,response_residual,16,100.0,0.0005088503193922955,False
final_input_token_layerwise,undisclosed,k6,response_residual,17,100.0,9.837690376249264e-05,False
final_input_token_layerwise,undisclosed,k6,response_residual,18,100.0,-0.0002068590094309597,False
final_input_token_layerwise,undisclosed,k6,response_residual,19,100.0,8.859551416043332e-05,False
final_input_token_layerwise,undisclosed,k6,response_residual,20,100.0,0.0002650258002124817,False
final_input_token_layerwise,undisclosed,k6,response_residual,21,100.0,-0.0001818480007393375,False
final_input_token_layerwise,undisclosed,k6,response_residual,22,100.0,-5.67538616103036e-06,False
final_input_token_layerwise,undisclosed,k6,response_residual,23,100.0,0.0011640902160453548,False
final_input_token_layerwise,undisclosed,k6,response_residual,24,100.0,0.0008165063946501405,False
final_input_token_layerwise,undisclosed,k6,response_residual,25,100.0,0.001424881678265849,False
final_input_token_layerwise,undisclosed,k6,response_residual,26,100.0,0.0015030974307924383,False
final_input_token_layerwise,undisclosed,k6,response_residual,27,3.0,0.008818391693886846,False
final_input_token_layerwise,undisclosed,k6,response_residual,28,3.0,0.008051773257061051,False
final_input_token_layerwise,undisclosed,k6,response_residual,29,3.0,0.009469103820551245,False
final_input_token_layerwise,undisclosed,k6,response_residual,30,3.0,0.012426303121119225,False
final_input_token_layerwise,undisclosed,k6,response_residual,31,3.0,0.02627771518859326,True
final_input_token_layerwise,undisclosed,k6,response_residual,32,3.0,0.02418086041625342,False
final_input_token_layerwise,undisclosed,k6,response_residual,33,3.0,0.005595981816329865,False
final_input_token_layerwise,undisclosed,k6,response_residual,34,3.0,0.016357632356178736,False
final_input_token_layerwise,undisclosed,k6,response_residual,35,3.0,0.016212827560885795,False
final_input_token_layerwise,undisclosed,k6,response_residual,36,3.0,0.019546810674441167,False
final_input_token_layerwise,undisclosed,k6,last_target_observation,0,0.0001,-2.7755575615628914e-17,False
final_input_token_layerwise,undisclosed,k6,last_target_observation,1,3.0,0.017186551324497673,False
final_input_token_layerwise,undisclosed,k6,last_target_observation,2,3.0,0.0027315054733378363,False
final_input_token_layerwise,undisclosed,k6,last_target_observation,3,3.0,0.009329126776761926,False
final_input_token_layerwise,undisclosed,k6,last_target_observation,4,3.0,0.0037997221757961053,False
final_input_token_layerwise,undisclosed,k6,last_target_observation,5,100.0,0.0001754939940171174,False
final_input_token_layerwise,undisclosed,k6,last_target_observation,6,3.0,0.003642043694175645,False
final_input_token_layerwise,undisclosed,k6,last_target_observation,7,100.0,0.00035101968985412624,False
final_input_token_layerwise,undisclosed,k6,last_target_observation,8,100.0,-0.0010879010199081884,False
final_input_token_layerwise,undisclosed,k6,last_target_observation,9,100.0,-0.0006242280043027848,False
final_input_token_layerwise,undisclosed,k6,last_target_observation,10,100.0,-0.0005616554087727321,False
final_input_token_layerwise,undisclosed,k6,last_target_observation,11,100.0,-0.0003845515296216073,False
final_input_token_layerwise,undisclosed,k6,last_target_observation,12,100.0,-0.0006335889386784588,False
final_input_token_layerwise,undisclosed,k6,last_target_observation,13,3.0,0.01426451673889273,False
final_input_token_layerwise,undisclosed,k6,last_target_observation,14,3.0,0.020345430209942006,False
final_input_token_layerwise,undisclosed,k6,last_target_observation,15,3.0,0.02700694533108658,False
final_input_token_layerwise,undisclosed,k6,last_target_observation,16,3.0,0.027268602964367644,False
final_input_token_layerwise,undisclosed,k6,last_target_observation,17,3.0,0.030479169072117868,False
final_input_token_layerwise,undisclosed,k6,last_target_observation,18,3.0,0.02774063077002087,False
final_input_token_layerwise,undisclosed,k6,last_target_observation,19,3.0,0.012926630506624792,False
final_input_token_layerwise,undisclosed,k6,last_target_observation,20,3.0,0.028988910388643513,False
final_input_token_layerwise,undisclosed,k6,last_target_observation,21,3.0,0.01485153778462156,False
final_input_token_layerwise,undisclosed,k6,last_target_observation,22,100.0,0.0016954078522397331,False
final_input_token_layerwise,undisclosed,k6,last_target_observation,23,100.0,0.002124512330622136,False
final_input_token_layerwise,undisclosed,k6,last_target_observation,24,3.0,0.005505628563056031,False
final_input_token_layerwise,undisclosed,k6,last_target_observation,25,3.0,0.03958734964563673,False
final_input_token_layerwise,undisclosed,k6,last_target_observation,26,3.0,0.04239589183369255,False
final_input_token_layerwise,undisclosed,k6,last_target_observation,27,3.0,0.04976698310693392,False
final_input_token_layerwise,undisclosed,k6,last_target_observation,28,3.0,0.05913083846362591,True
final_input_token_layerwise,undisclosed,k6,last_target_observation,29,3.0,0.041700668027924964,False
final_input_token_layerwise,undisclosed,k6,last_target_observation,30,3.0,0.026338759107320753,False
final_input_token_layerwise,undisclosed,k6,last_target_observation,31,3.0,0.022247751036377217,False
final_input_token_layerwise,undisclosed,k6,last_target_observation,32,3.0,0.025587702843422766,False
final_input_token_layerwise,undisclosed,k6,last_target_observation,33,3.0,0.025306605113114305,False
final_input_token_layerwise,undisclosed,k6,last_target_observation,34,3.0,0.02349285941192325,False
final_input_token_layerwise,undisclosed,k6,last_target_observation,35,3.0,0.031102660754831785,False
final_input_token_layerwise,undisclosed,k6,last_target_observation,36,3.0,0.033299079355745,False
final_input_token_layerwise,undisclosed,k6,target_observation_mean,0,0.0001,2.7755575615628914e-17,False
final_input_token_layerwise,undisclosed,k6,target_observation_mean,1,100.0,-0.010313035859339459,False
final_input_token_layerwise,undisclosed,k6,target_observation_mean,2,100.0,-0.005655607975995708,False
final_input_token_layerwise,undisclosed,k6,target_observation_mean,3,100.0,-0.0046598770894592245,False
final_input_token_layerwise,undisclosed,k6,target_observation_mean,4,100.0,-0.0022610203062658485,False
final_input_token_layerwise,undisclosed,k6,target_observation_mean,5,100.0,-0.0016686396308857598,False
final_input_token_layerwise,undisclosed,k6,target_observation_mean,6,100.0,-0.0014503840222670483,False
final_input_token_layerwise,undisclosed,k6,target_observation_mean,7,100.0,-0.0006970700737223834,False
final_input_token_layerwise,undisclosed,k6,target_observation_mean,8,100.0,-0.0011294358674755478,False
final_input_token_layerwise,undisclosed,k6,target_observation_mean,9,100.0,0.0001644043633593495,False
final_input_token_layerwise,undisclosed,k6,target_observation_mean,10,100.0,-1.6975704329097452e-05,False
final_input_token_layerwise,undisclosed,k6,target_observation_mean,11,100.0,-0.0018791309585917404,False
final_input_token_layerwise,undisclosed,k6,target_observation_mean,12,100.0,-0.001264176622975649,False
final_input_token_layerwise,undisclosed,k6,target_observation_mean,13,100.0,-0.0006246893039559831,False
final_input_token_layerwise,undisclosed,k6,target_observation_mean,14,100.0,-0.0001631346834583547,False
final_input_token_layerwise,undisclosed,k6,target_observation_mean,15,100.0,-0.0001351206465031174,False
final_input_token_layerwise,undisclosed,k6,target_observation_mean,16,100.0,1.6832035561270553e-05,False
final_input_token_layerwise,undisclosed,k6,target_observation_mean,17,3.0,0.013612176244332919,False
final_input_token_layerwise,undisclosed,k6,target_observation_mean,18,3.0,0.03133475210658307,False
final_input_token_layerwise,undisclosed,k6,target_observation_mean,19,3.0,0.06760683497448891,False
final_input_token_layerwise,undisclosed,k6,target_observation_mean,20,0.1,0.15640057684201233,False
final_input_token_layerwise,undisclosed,k6,target_observation_mean,21,0.1,0.17909299056418937,False
final_input_token_layerwise,undisclosed,k6,target_observation_mean,22,0.1,0.20370709928151914,True
final_input_token_layerwise,undisclosed,k6,target_observation_mean,23,0.1,0.17740077074413008,False
final_input_token_layerwise,undisclosed,k6,target_observation_mean,24,3.0,0.09512231612935401,False
final_input_token_layerwise,undisclosed,k6,target_observation_mean,25,3.0,0.049333753055314566,False
final_input_token_layerwise,undisclosed,k6,target_observation_mean,26,3.0,0.046370789666213774,False
final_input_token_layerwise,undisclosed,k6,target_observation_mean,27,3.0,0.07101064158178022,False
final_input_token_layerwise,undisclosed,k6,target_observation_mean,28,3.0,0.09354330028788446,False
final_input_token_layerwise,undisclosed,k6,target_observation_mean,29,3.0,0.09018674659437018,False
final_input_token_layerwise,undisclosed,k6,target_observation_mean,30,3.0,0.06629916628396831,False
final_input_token_layerwise,undisclosed,k6,target_observation_mean,31,3.0,0.07167414939292599,False
final_input_token_layerwise,undisclosed,k6,target_observation_mean,32,3.0,0.07349703383057282,False
final_input_token_layerwise,undisclosed,k6,target_observation_mean,33,3.0,0.06262447260216794,False
final_input_token_layerwise,undisclosed,k6,target_observation_mean,34,3.0,0.055806034855261005,False
final_input_token_layerwise,undisclosed,k6,target_observation_mean,35,3.0,0.06261679263537911,False
final_input_token_layerwise,undisclosed,k6,target_observation_mean,36,3.0,0.0687719078267649,False
final_input_token_layerwise,undisclosed,k6,target_time_slope,0,0.0001,0.0,False
final_input_token_layerwise,undisclosed,k6,target_time_slope,1,100.0,0.0009786350499310648,False
final_input_token_layerwise,undisclosed,k6,target_time_slope,2,100.0,0.0009832023161335801,False
final_input_token_layerwise,undisclosed,k6,target_time_slope,3,3.0,0.003548841154006499,False
final_input_token_layerwise,undisclosed,k6,target_time_slope,4,3.0,0.004844467093689714,False
final_input_token_layerwise,undisclosed,k6,target_time_slope,5,100.0,-5.28336552565456e-05,False
final_input_token_layerwise,undisclosed,k6,target_time_slope,6,100.0,0.0002494628935311438,False
final_input_token_layerwise,undisclosed,k6,target_time_slope,7,100.0,-0.0002706588065569393,False
final_input_token_layerwise,undisclosed,k6,target_time_slope,8,100.0,-0.0011367787477346847,False
final_input_token_layerwise,undisclosed,k6,target_time_slope,9,100.0,-0.0010248585808646515,False
final_input_token_layerwise,undisclosed,k6,target_time_slope,10,100.0,-0.0012327219451815918,False
final_input_token_layerwise,undisclosed,k6,target_time_slope,11,100.0,-0.0010228263317733077,False
final_input_token_layerwise,undisclosed,k6,target_time_slope,12,100.0,-0.000895010409859065,False
final_input_token_layerwise,undisclosed,k6,target_time_slope,13,3.0,0.0050237262162597385,False
final_input_token_layerwise,undisclosed,k6,target_time_slope,14,3.0,0.02758378340134779,False
final_input_token_layerwise,undisclosed,k6,target_time_slope,15,3.0,0.024077478079559844,False
final_input_token_layerwise,undisclosed,k6,target_time_slope,16,3.0,0.024367719267147175,False
final_input_token_layerwise,undisclosed,k6,target_time_slope,17,3.0,0.03456581822292981,False
final_input_token_layerwise,undisclosed,k6,target_time_slope,18,3.0,0.055293067972350896,False
final_input_token_layerwise,undisclosed,k6,target_time_slope,19,3.0,0.05482213257223029,False
final_input_token_layerwise,undisclosed,k6,target_time_slope,20,3.0,0.07250479233952484,False
final_input_token_layerwise,undisclosed,k6,target_time_slope,21,3.0,0.054032638886739814,False
final_input_token_layerwise,undisclosed,k6,target_time_slope,22,3.0,0.03783385130963382,False
final_input_token_layerwise,undisclosed,k6,target_time_slope,23,3.0,0.03896368441136869,False
final_input_token_layerwise,undisclosed,k6,target_time_slope,24,3.0,0.012722984485905253,False
final_input_token_layerwise,undisclosed,k6,target_time_slope,25,3.0,0.07916937517140979,False
final_input_token_layerwise,undisclosed,k6,target_time_slope,26,3.0,0.06976184758890205,False
final_input_token_layerwise,undisclosed,k6,target_time_slope,27,3.0,0.07607529680427014,False
final_input_token_layerwise,undisclosed,k6,target_time_slope,28,0.1,0.09182286475627416,True
final_input_token_layerwise,undisclosed,k6,target_time_slope,29,3.0,0.07029901637244318,False
final_input_token_layerwise,undisclosed,k6,target_time_slope,30,3.0,0.07752570947473575,False
final_input_token_layerwise,undisclosed,k6,target_time_slope,31,3.0,0.06346498565318268,False
final_input_token_layerwise,undisclosed,k6,target_time_slope,32,3.0,0.07102037591596858,False
final_input_token_layerwise,undisclosed,k6,target_time_slope,33,3.0,0.07867530572628154,False
final_input_token_layerwise,undisclosed,k6,target_time_slope,34,3.0,0.06575753638909484,False
final_input_token_layerwise,undisclosed,k6,target_time_slope,35,3.0,0.07066324976606675,False
final_input_token_layerwise,undisclosed,k6,target_time_slope,36,3.0,0.06950702036806108,False
final_input_token_layerwise,undisclosed,k6,displayed_driver_outcome_slope,0,0.0001,-5.551115123125783e-17,False
final_input_token_layerwise,undisclosed,k6,displayed_driver_outcome_slope,1,100.0,-0.0015897543753152221,False
final_input_token_layerwise,undisclosed,k6,displayed_driver_outcome_slope,2,100.0,-0.0024976853261032828,False
final_input_token_layerwise,undisclosed,k6,displayed_driver_outcome_slope,3,100.0,-0.001867252835578842,False
final_input_token_layerwise,undisclosed,k6,displayed_driver_outcome_slope,4,100.0,-0.0020704487134660665,False
final_input_token_layerwise,undisclosed,k6,displayed_driver_outcome_slope,5,100.0,-0.00182281514460636,False
final_input_token_layerwise,undisclosed,k6,displayed_driver_outcome_slope,6,100.0,-0.001980708926465624,False
final_input_token_layerwise,undisclosed,k6,displayed_driver_outcome_slope,7,100.0,-0.00095942991512038,False
final_input_token_layerwise,undisclosed,k6,displayed_driver_outcome_slope,8,100.0,-0.000666205077776566,False
final_input_token_layerwise,undisclosed,k6,displayed_driver_outcome_slope,9,100.0,-0.00040124065928717756,False
final_input_token_layerwise,undisclosed,k6,displayed_driver_outcome_slope,10,100.0,-0.00026446357354653616,False
final_input_token_layerwise,undisclosed,k6,displayed_driver_outcome_slope,11,100.0,-0.0010293693141835702,False
final_input_token_layerwise,undisclosed,k6,displayed_driver_outcome_slope,12,100.0,-0.0012644989835786657,False
final_input_token_layerwise,undisclosed,k6,displayed_driver_outcome_slope,13,100.0,-0.0018950621911207333,False
final_input_token_layerwise,undisclosed,k6,displayed_driver_outcome_slope,14,100.0,-0.002524619856194954,False
final_input_token_layerwise,undisclosed,k6,displayed_driver_outcome_slope,15,100.0,-0.001556224320022781,False
final_input_token_layerwise,undisclosed,k6,displayed_driver_outcome_slope,16,100.0,-0.0008102296125829245,False
final_input_token_layerwise,undisclosed,k6,displayed_driver_outcome_slope,17,100.0,-0.0007245467006132544,False
final_input_token_layerwise,undisclosed,k6,displayed_driver_outcome_slope,18,100.0,-7.223359718097622e-05,False
final_input_token_layerwise,undisclosed,k6,displayed_driver_outcome_slope,19,100.0,-0.0006360172254287477,False
final_input_token_layerwise,undisclosed,k6,displayed_driver_outcome_slope,20,3.0,0.0015946696122182136,False
final_input_token_layerwise,undisclosed,k6,displayed_driver_outcome_slope,21,100.0,0.00042509648219912766,False
final_input_token_layerwise,undisclosed,k6,displayed_driver_outcome_slope,22,3.0,0.03138482537762688,False
final_input_token_layerwise,undisclosed,k6,displayed_driver_outcome_slope,23,3.0,0.018309509830278486,False
final_input_token_layerwise,undisclosed,k6,displayed_driver_outcome_slope,24,3.0,0.024707498972072084,False
final_input_token_layerwise,undisclosed,k6,displayed_driver_outcome_slope,25,3.0,0.018117477282405592,False
final_input_token_layerwise,undisclosed,k6,displayed_driver_outcome_slope,26,3.0,0.016040277072141257,False
final_input_token_layerwise,undisclosed,k6,displayed_driver_outcome_slope,27,3.0,0.013729095232577482,False
final_input_token_layerwise,undisclosed,k6,displayed_driver_outcome_slope,28,3.0,0.006233204474124149,False
final_input_token_layerwise,undisclosed,k6,displayed_driver_outcome_slope,29,3.0,0.007682133379778966,False
final_input_token_layerwise,undisclosed,k6,displayed_driver_outcome_slope,30,3.0,0.020285420625039574,False
final_input_token_layerwise,undisclosed,k6,displayed_driver_outcome_slope,31,3.0,0.040882215547573875,False
final_input_token_layerwise,undisclosed,k6,displayed_driver_outcome_slope,32,3.0,0.03914552318219816,False
final_input_token_layerwise,undisclosed,k6,displayed_driver_outcome_slope,33,3.0,0.04705969329517862,False
final_input_token_layerwise,undisclosed,k6,displayed_driver_outcome_slope,34,3.0,0.04291809906049893,False
final_input_token_layerwise,undisclosed,k6,displayed_driver_outcome_slope,35,3.0,0.04913255426232899,False
final_input_token_layerwise,undisclosed,k6,displayed_driver_outcome_slope,36,3.0,0.04920957938836287,True
final_input_token_layerwise,undisclosed,k6,oracle_posterior_gain,0,0.0001,-5.551115123125783e-17,False
final_input_token_layerwise,undisclosed,k6,oracle_posterior_gain,1,100.0,-0.0015221786862436582,False
final_input_token_layerwise,undisclosed,k6,oracle_posterior_gain,2,100.0,-0.000443983418306898,False
final_input_token_layerwise,undisclosed,k6,oracle_posterior_gain,3,100.0,-0.0006915046390366664,False
final_input_token_layerwise,undisclosed,k6,oracle_posterior_gain,4,100.0,-0.0006328066857848591,False
final_input_token_layerwise,undisclosed,k6,oracle_posterior_gain,5,100.0,-0.0003875910685313677,False
final_input_token_layerwise,undisclosed,k6,oracle_posterior_gain,6,100.0,-0.0004429894085745123,False
final_input_token_layerwise,undisclosed,k6,oracle_posterior_gain,7,100.0,-0.0009797445397230764,False
final_input_token_layerwise,undisclosed,k6,oracle_posterior_gain,8,100.0,-0.0011645975252208285,False
final_input_token_layerwise,undisclosed,k6,oracle_posterior_gain,9,100.0,-0.0009496011663341353,False
final_input_token_layerwise,undisclosed,k6,oracle_posterior_gain,10,100.0,-0.0005597219255790153,False
final_input_token_layerwise,undisclosed,k6,oracle_posterior_gain,11,100.0,-0.001571671859681878,False
final_input_token_layerwise,undisclosed,k6,oracle_posterior_gain,12,100.0,-0.0011686821565619065,False
final_input_token_layerwise,undisclosed,k6,oracle_posterior_gain,13,100.0,-0.0013366307182123283,False
final_input_token_layerwise,undisclosed,k6,oracle_posterior_gain,14,100.0,-0.0010266764247564009,False
final_input_token_layerwise,undisclosed,k6,oracle_posterior_gain,15,100.0,-0.0017847477782823584,False
final_input_token_layerwise,undisclosed,k6,oracle_posterior_gain,16,100.0,-0.0013541080104962633,False
final_input_token_layerwise,undisclosed,k6,oracle_posterior_gain,17,100.0,-0.0005227846649586143,False
final_input_token_layerwise,undisclosed,k6,oracle_posterior_gain,18,100.0,-0.0004794288157456972,False
final_input_token_layerwise,undisclosed,k6,oracle_posterior_gain,19,3.0,0.0027104018572996214,False
final_input_token_layerwise,undisclosed,k6,oracle_posterior_gain,20,3.0,0.05206975090066296,False
final_input_token_layerwise,undisclosed,k6,oracle_posterior_gain,21,3.0,0.051106288488730195,False
final_input_token_layerwise,undisclosed,k6,oracle_posterior_gain,22,3.0,0.05045987183568357,False
final_input_token_layerwise,undisclosed,k6,oracle_posterior_gain,23,3.0,0.06574266746251362,False
final_input_token_layerwise,undisclosed,k6,oracle_posterior_gain,24,3.0,0.05833902954314499,False
final_input_token_layerwise,undisclosed,k6,oracle_posterior_gain,25,3.0,0.06545565554386512,False
final_input_token_layerwise,undisclosed,k6,oracle_posterior_gain,26,3.0,0.07363178463606629,False
final_input_token_layerwise,undisclosed,k6,oracle_posterior_gain,27,3.0,0.08477811401568433,False
final_input_token_layerwise,undisclosed,k6,oracle_posterior_gain,28,3.0,0.08123901355138397,False
final_input_token_layerwise,undisclosed,k6,oracle_posterior_gain,29,3.0,0.08452057081701084,False
final_input_token_layerwise,undisclosed,k6,oracle_posterior_gain,30,3.0,0.07663699852536654,False
final_input_token_layerwise,undisclosed,k6,oracle_posterior_gain,31,3.0,0.08581116640859995,True
final_input_token_layerwise,undisclosed,k6,oracle_posterior_gain,32,3.0,0.08017919095122344,False
final_input_token_layerwise,undisclosed,k6,oracle_posterior_gain,33,3.0,0.07164336416298306,False
final_input_token_layerwise,undisclosed,k6,oracle_posterior_gain,34,3.0,0.07652788950766223,False
final_input_token_layerwise,undisclosed,k6,oracle_posterior_gain,35,3.0,0.07471696127066402,False
final_input_token_layerwise,undisclosed,k6,oracle_posterior_gain,36,3.0,0.07401372365974015,False
final_input_token_layerwise,undisclosed,k9,gain,0,0.0001,0.0,False
final_input_token_layerwise,undisclosed,k9,gain,1,100.0,-0.002952352509911882,False
final_input_token_layerwise,undisclosed,k9,gain,2,100.0,-0.002040804470769819,False
final_input_token_layerwise,undisclosed,k9,gain,3,100.0,-0.001554009368538778,False
final_input_token_layerwise,undisclosed,k9,gain,4,100.0,-0.0006939878914238862,False
final_input_token_layerwise,undisclosed,k9,gain,5,100.0,-0.0006604583127544639,False
final_input_token_layerwise,undisclosed,k9,gain,6,100.0,-0.0012155739856515857,False
final_input_token_layerwise,undisclosed,k9,gain,7,100.0,-0.001112035603418604,False
final_input_token_layerwise,undisclosed,k9,gain,8,100.0,-0.0014725648063268482,False
final_input_token_layerwise,undisclosed,k9,gain,9,100.0,-0.002117327895748311,False
final_input_token_layerwise,undisclosed,k9,gain,10,100.0,-0.0018767376800342683,False
final_input_token_layerwise,undisclosed,k9,gain,11,100.0,-0.0007920419597247097,False
final_input_token_layerwise,undisclosed,k9,gain,12,100.0,-0.0012614345346787237,False
final_input_token_layerwise,undisclosed,k9,gain,13,100.0,-0.0012452932397140626,False
final_input_token_layerwise,undisclosed,k9,gain,14,100.0,-0.0004586829592940489,False
final_input_token_layerwise,undisclosed,k9,gain,15,100.0,-0.0008466995871332372,False
final_input_token_layerwise,undisclosed,k9,gain,16,100.0,-0.0005104305007118393,False
final_input_token_layerwise,undisclosed,k9,gain,17,100.0,-0.0005884476980533015,False
final_input_token_layerwise,undisclosed,k9,gain,18,100.0,-0.0004476235908894566,False
final_input_token_layerwise,undisclosed,k9,gain,19,3.0,0.014754546336164631,False
final_input_token_layerwise,undisclosed,k9,gain,20,3.0,0.04694539426023103,False
final_input_token_layerwise,undisclosed,k9,gain,21,0.1,0.0727081780658348,False
final_input_token_layerwise,undisclosed,k9,gain,22,0.1,0.10056091802432143,False
final_input_token_layerwise,undisclosed,k9,gain,23,0.1,0.13507796509115222,False
final_input_token_layerwise,undisclosed,k9,gain,24,0.1,0.15328541363578707,True
final_input_token_layerwise,undisclosed,k9,gain,25,0.1,0.10010527004234945,False
final_input_token_layerwise,undisclosed,k9,gain,26,0.1,0.105066700017833,False
final_input_token_layerwise,undisclosed,k9,gain,27,3.0,0.10313936543753746,False
final_input_token_layerwise,undisclosed,k9,gain,28,3.0,0.10821784349215285,False
final_input_token_layerwise,undisclosed,k9,gain,29,3.0,0.0879886363841329,False
final_input_token_layerwise,undisclosed,k9,gain,30,3.0,0.0721898916434991,False
final_input_token_layerwise,undisclosed,k9,gain,31,3.0,0.0685113279922509,False
final_input_token_layerwise,undisclosed,k9,gain,32,3.0,0.06247572925765868,False
final_input_token_layerwise,undisclosed,k9,gain,33,3.0,0.061204566611033184,False
final_input_token_layerwise,undisclosed,k9,gain,34,0.1,0.10660050701871712,False
final_input_token_layerwise,undisclosed,k9,gain,35,0.1,0.11528515673090889,False
final_input_token_layerwise,undisclosed,k9,gain,36,0.1,0.09600340973522029,False
final_input_token_layerwise,undisclosed,k9,response_residual,0,0.0001,-2.7755575615628914e-17,False
final_input_token_layerwise,undisclosed,k9,response_residual,1,100.0,-0.003527911362621261,False
final_input_token_layerwise,undisclosed,k9,response_residual,2,100.0,-0.0022508479726815467,False
final_input_token_layerwise,undisclosed,k9,response_residual,3,100.0,-0.001676087569709439,False
final_input_token_layerwise,undisclosed,k9,response_residual,4,100.0,-0.0008290545207050304,False
final_input_token_layerwise,undisclosed,k9,response_residual,5,100.0,-0.0007639378842911326,False
final_input_token_layerwise,undisclosed,k9,response_residual,6,100.0,-0.0012211563759801924,False
final_input_token_layerwise,undisclosed,k9,response_residual,7,100.0,-0.0005244682278349455,False
final_input_token_layerwise,undisclosed,k9,response_residual,8,100.0,-0.0008649506885969049,False
final_input_token_layerwise,undisclosed,k9,response_residual,9,100.0,-0.0015744595956166674,False
final_input_token_layerwise,undisclosed,k9,response_residual,10,100.0,-0.0014387444584830211,False
final_input_token_layerwise,undisclosed,k9,response_residual,11,100.0,-0.0008950863022658129,False
final_input_token_layerwise,undisclosed,k9,response_residual,12,100.0,-0.001103954674146479,False
final_input_token_layerwise,undisclosed,k9,response_residual,13,100.0,-0.0010366699010430636,False
final_input_token_layerwise,undisclosed,k9,response_residual,14,100.0,-0.00026082821845055393,False
final_input_token_layerwise,undisclosed,k9,response_residual,15,100.0,-0.0003823917541261601,False
final_input_token_layerwise,undisclosed,k9,response_residual,16,100.0,-0.00046475098290765793,False
final_input_token_layerwise,undisclosed,k9,response_residual,17,100.0,-0.0006081001889507998,False
final_input_token_layerwise,undisclosed,k9,response_residual,18,100.0,-0.0005984813302524483,False
final_input_token_layerwise,undisclosed,k9,response_residual,19,100.0,-0.00020112353248985526,False
final_input_token_layerwise,undisclosed,k9,response_residual,20,3.0,0.003934275378758595,False
final_input_token_layerwise,undisclosed,k9,response_residual,21,100.0,0.0008295788320798747,False
final_input_token_layerwise,undisclosed,k9,response_residual,22,3.0,0.003197088689122801,False
final_input_token_layerwise,undisclosed,k9,response_residual,23,3.0,0.036161757764143515,False
final_input_token_layerwise,undisclosed,k9,response_residual,24,3.0,0.039990381917588386,False
final_input_token_layerwise,undisclosed,k9,response_residual,25,3.0,0.036340615359047784,False
final_input_token_layerwise,undisclosed,k9,response_residual,26,3.0,0.03865354817468314,False
final_input_token_layerwise,undisclosed,k9,response_residual,27,3.0,0.041495170276662885,True
final_input_token_layerwise,undisclosed,k9,response_residual,28,3.0,0.04073159222502709,False
final_input_token_layerwise,undisclosed,k9,response_residual,29,3.0,0.031314094482824684,False
final_input_token_layerwise,undisclosed,k9,response_residual,30,3.0,0.025570140642859396,False
final_input_token_layerwise,undisclosed,k9,response_residual,31,3.0,0.021174103130165878,False
final_input_token_layerwise,undisclosed,k9,response_residual,32,3.0,0.018440178266798946,False
final_input_token_layerwise,undisclosed,k9,response_residual,33,3.0,0.012118250065722314,False
final_input_token_layerwise,undisclosed,k9,response_residual,34,3.0,0.018275398582602242,False
final_input_token_layerwise,undisclosed,k9,response_residual,35,3.0,0.01753758801295327,False
final_input_token_layerwise,undisclosed,k9,response_residual,36,3.0,0.01748829573889693,False
final_input_token_layerwise,undisclosed,k9,last_target_observation,0,0.0001,1.3877787807814457e-16,False
final_input_token_layerwise,undisclosed,k9,last_target_observation,1,100.0,-0.006750445106559089,False
final_input_token_layerwise,undisclosed,k9,last_target_observation,2,100.0,-0.004544230636374047,False
final_input_token_layerwise,undisclosed,k9,last_target_observation,3,100.0,-0.002128209696615757,False
final_input_token_layerwise,undisclosed,k9,last_target_observation,4,100.0,-0.0016152010295490127,False
final_input_token_layerwise,undisclosed,k9,last_target_observation,5,100.0,-0.001139766619332877,False
final_input_token_layerwise,undisclosed,k9,last_target_observation,6,100.0,-0.0008604537502162335,False
final_input_token_layerwise,undisclosed,k9,last_target_observation,7,100.0,-0.0009670067458772136,False
final_input_token_layerwise,undisclosed,k9,last_target_observation,8,100.0,-0.00164912241598969,False
final_input_token_layerwise,undisclosed,k9,last_target_observation,9,100.0,-0.0007219804755145276,False
final_input_token_layerwise,undisclosed,k9,last_target_observation,10,100.0,-0.0002871369811874025,False
final_input_token_layerwise,undisclosed,k9,last_target_observation,11,3.0,0.008150229823663202,False
final_input_token_layerwise,undisclosed,k9,last_target_observation,12,3.0,0.006503850784956217,False
final_input_token_layerwise,undisclosed,k9,last_target_observation,13,3.0,0.015430833869861965,False
final_input_token_layerwise,undisclosed,k9,last_target_observation,14,100.0,0.0005854614084139231,False
final_input_token_layerwise,undisclosed,k9,last_target_observation,15,100.0,-0.0003811099972947096,False
final_input_token_layerwise,undisclosed,k9,last_target_observation,16,100.0,0.00020248945205120217,False
final_input_token_layerwise,undisclosed,k9,last_target_observation,17,100.0,0.0005114031364682192,False
final_input_token_layerwise,undisclosed,k9,last_target_observation,18,100.0,-0.00028560831266005726,False
final_input_token_layerwise,undisclosed,k9,last_target_observation,19,100.0,0.0006466413320070086,False
final_input_token_layerwise,undisclosed,k9,last_target_observation,20,3.0,0.031761196216517656,False
final_input_token_layerwise,undisclosed,k9,last_target_observation,21,3.0,0.03191620184326038,False
final_input_token_layerwise,undisclosed,k9,last_target_observation,22,3.0,0.04332085744765285,False
final_input_token_layerwise,undisclosed,k9,last_target_observation,23,3.0,0.05709098586095518,False
final_input_token_layerwise,undisclosed,k9,last_target_observation,24,3.0,0.06944142501227724,True
final_input_token_layerwise,undisclosed,k9,last_target_observation,25,3.0,0.0435694103471824,False
final_input_token_layerwise,undisclosed,k9,last_target_observation,26,3.0,0.03383845401516708,False
final_input_token_layerwise,undisclosed,k9,last_target_observation,27,3.0,0.011891635923495264,False
final_input_token_layerwise,undisclosed,k9,last_target_observation,28,3.0,0.017137806545088147,False
final_input_token_layerwise,undisclosed,k9,last_target_observation,29,100.0,0.00011884189961666736,False
final_input_token_layerwise,undisclosed,k9,last_target_observation,30,100.0,-0.00016485528257578763,False
final_input_token_layerwise,undisclosed,k9,last_target_observation,31,100.0,-0.0004995524488222713,False
final_input_token_layerwise,undisclosed,k9,last_target_observation,32,100.0,-0.0008588792788272737,False
final_input_token_layerwise,undisclosed,k9,last_target_observation,33,100.0,-0.0009868457854786405,False
final_input_token_layerwise,undisclosed,k9,last_target_observation,34,100.0,-0.0007059052871391525,False
final_input_token_layerwise,undisclosed,k9,last_target_observation,35,100.0,-0.0003678272746535649,False
final_input_token_layerwise,undisclosed,k9,last_target_observation,36,100.0,-0.00011525174663806759,False
final_input_token_layerwise,undisclosed,k9,target_observation_mean,0,0.0001,3.885780586188048e-16,False
final_input_token_layerwise,undisclosed,k9,target_observation_mean,1,100.0,0.005171721484536679,False
final_input_token_layerwise,undisclosed,k9,target_observation_mean,2,100.0,0.0030153384126091476,False
final_input_token_layerwise,undisclosed,k9,target_observation_mean,3,100.0,0.00342065995417809,False
final_input_token_layerwise,undisclosed,k9,target_observation_mean,4,3.0,0.006825408387469201,False
final_input_token_layerwise,undisclosed,k9,target_observation_mean,5,3.0,0.0013052699956965508,False
final_input_token_layerwise,undisclosed,k9,target_observation_mean,6,3.0,0.001923428699671409,False
final_input_token_layerwise,undisclosed,k9,target_observation_mean,7,3.0,0.004040251013271212,False
final_input_token_layerwise,undisclosed,k9,target_observation_mean,8,100.0,-0.0009388484987961909,False
final_input_token_layerwise,undisclosed,k9,target_observation_mean,9,100.0,-0.0012685463165583166,False
final_input_token_layerwise,undisclosed,k9,target_observation_mean,10,100.0,-1.069996334884804e-05,False
final_input_token_layerwise,undisclosed,k9,target_observation_mean,11,100.0,-0.0006179049433267525,False
final_input_token_layerwise,undisclosed,k9,target_observation_mean,12,100.0,-0.0007029404139019813,False
final_input_token_layerwise,undisclosed,k9,target_observation_mean,13,100.0,-0.00040334160606061986,False
final_input_token_layerwise,undisclosed,k9,target_observation_mean,14,100.0,0.000387821813441519,False
final_input_token_layerwise,undisclosed,k9,target_observation_mean,15,100.0,-0.00048464356601882197,False
final_input_token_layerwise,undisclosed,k9,target_observation_mean,16,100.0,-0.00017494910955651033,False
final_input_token_layerwise,undisclosed,k9,target_observation_mean,17,100.0,-0.0005299799603933619,False
final_input_token_layerwise,undisclosed,k9,target_observation_mean,18,100.0,0.00016299075732359447,False
final_input_token_layerwise,undisclosed,k9,target_observation_mean,19,100.0,-0.0002083815380053422,False
final_input_token_layerwise,undisclosed,k9,target_observation_mean,20,3.0,0.05438094475485161,False
final_input_token_layerwise,undisclosed,k9,target_observation_mean,21,3.0,0.055842101237232405,False
final_input_token_layerwise,undisclosed,k9,target_observation_mean,22,0.1,0.07677706212627453,False
final_input_token_layerwise,undisclosed,k9,target_observation_mean,23,0.1,0.09014568465266085,True
final_input_token_layerwise,undisclosed,k9,target_observation_mean,24,3.0,0.052517014561642344,False
final_input_token_layerwise,undisclosed,k9,target_observation_mean,25,3.0,0.03798006017676209,False
final_input_token_layerwise,undisclosed,k9,target_observation_mean,26,3.0,0.04792410513598855,False
final_input_token_layerwise,undisclosed,k9,target_observation_mean,27,3.0,0.06259541614613034,False
final_input_token_layerwise,undisclosed,k9,target_observation_mean,28,3.0,0.07220312882020238,False
final_input_token_layerwise,undisclosed,k9,target_observation_mean,29,3.0,0.04866344637243189,False
final_input_token_layerwise,undisclosed,k9,target_observation_mean,30,3.0,0.021826231295061505,False
final_input_token_layerwise,undisclosed,k9,target_observation_mean,31,3.0,0.020340938873013387,False
final_input_token_layerwise,undisclosed,k9,target_observation_mean,32,3.0,0.018738078816845916,False
final_input_token_layerwise,undisclosed,k9,target_observation_mean,33,3.0,0.014610173718859004,False
final_input_token_layerwise,undisclosed,k9,target_observation_mean,34,3.0,0.018003080473347866,False
final_input_token_layerwise,undisclosed,k9,target_observation_mean,35,3.0,0.02645455851440448,False
final_input_token_layerwise,undisclosed,k9,target_observation_mean,36,3.0,0.01962575060456867,False
final_input_token_layerwise,undisclosed,k9,target_time_slope,0,0.0001,0.0,False
final_input_token_layerwise,undisclosed,k9,target_time_slope,1,3.0,0.010892146032695366,False
final_input_token_layerwise,undisclosed,k9,target_time_slope,2,100.0,-0.001741495144526456,False
final_input_token_layerwise,undisclosed,k9,target_time_slope,3,3.0,0.007119550251615453,False
final_input_token_layerwise,undisclosed,k9,target_time_slope,4,3.0,0.0022900988637306607,False
final_input_token_layerwise,undisclosed,k9,target_time_slope,5,100.0,0.0009062030074722671,False
final_input_token_layerwise,undisclosed,k9,target_time_slope,6,3.0,0.001630557664538762,False
final_input_token_layerwise,undisclosed,k9,target_time_slope,7,100.0,0.0005326645979353006,False
final_input_token_layerwise,undisclosed,k9,target_time_slope,8,100.0,0.00023849871920156307,False
final_input_token_layerwise,undisclosed,k9,target_time_slope,9,100.0,0.0009203124419202291,False
final_input_token_layerwise,undisclosed,k9,target_time_slope,10,100.0,0.0010909990749175813,False
final_input_token_layerwise,undisclosed,k9,target_time_slope,11,100.0,0.0019113659970941,False
final_input_token_layerwise,undisclosed,k9,target_time_slope,12,100.0,0.0018427156595587635,False
final_input_token_layerwise,undisclosed,k9,target_time_slope,13,3.0,0.01010610887664462,False
final_input_token_layerwise,undisclosed,k9,target_time_slope,14,100.0,0.0006609505499173274,False
final_input_token_layerwise,undisclosed,k9,target_time_slope,15,100.0,-0.0007076715111831444,False
final_input_token_layerwise,undisclosed,k9,target_time_slope,16,3.0,0.002664615602981646,False
final_input_token_layerwise,undisclosed,k9,target_time_slope,17,3.0,0.010770911713783193,False
final_input_token_layerwise,undisclosed,k9,target_time_slope,18,3.0,0.05083036133131527,False
final_input_token_layerwise,undisclosed,k9,target_time_slope,19,3.0,0.07315443041729289,False
final_input_token_layerwise,undisclosed,k9,target_time_slope,20,3.0,0.13068679716458895,True
final_input_token_layerwise,undisclosed,k9,target_time_slope,21,3.0,0.10764268606678798,False
final_input_token_layerwise,undisclosed,k9,target_time_slope,22,3.0,0.10604156732755546,False
final_input_token_layerwise,undisclosed,k9,target_time_slope,23,3.0,0.10824789314282668,False
final_input_token_layerwise,undisclosed,k9,target_time_slope,24,3.0,0.10265517233965382,False
final_input_token_layerwise,undisclosed,k9,target_time_slope,25,3.0,0.10753891998964435,False
final_input_token_layerwise,undisclosed,k9,target_time_slope,26,3.0,0.10544462794692225,False
final_input_token_layerwise,undisclosed,k9,target_time_slope,27,3.0,0.0877681622357889,False
final_input_token_layerwise,undisclosed,k9,target_time_slope,28,3.0,0.08814220190272043,False
final_input_token_layerwise,undisclosed,k9,target_time_slope,29,3.0,0.07754077109119084,False
final_input_token_layerwise,undisclosed,k9,target_time_slope,30,3.0,0.06331649267383141,False
final_input_token_layerwise,undisclosed,k9,target_time_slope,31,3.0,0.046979674540079536,False
final_input_token_layerwise,undisclosed,k9,target_time_slope,32,3.0,0.032582938824659985,False
final_input_token_layerwise,undisclosed,k9,target_time_slope,33,3.0,0.03045894559182441,False
final_input_token_layerwise,undisclosed,k9,target_time_slope,34,3.0,0.02303926869572437,False
final_input_token_layerwise,undisclosed,k9,target_time_slope,35,3.0,0.03819055540491656,False
final_input_token_layerwise,undisclosed,k9,target_time_slope,36,3.0,0.036581738317507634,False
final_input_token_layerwise,undisclosed,k9,displayed_driver_outcome_slope,0,0.0001,-1.1102230246251565e-16,False
final_input_token_layerwise,undisclosed,k9,displayed_driver_outcome_slope,1,100.0,0.010331020737294055,False
final_input_token_layerwise,undisclosed,k9,displayed_driver_outcome_slope,2,100.0,0.005629585820955019,False
final_input_token_layerwise,undisclosed,k9,displayed_driver_outcome_slope,3,3.0,0.02450140945353188,False
final_input_token_layerwise,undisclosed,k9,displayed_driver_outcome_slope,4,3.0,0.0381159839859912,False
final_input_token_layerwise,undisclosed,k9,displayed_driver_outcome_slope,5,3.0,0.04015312943913102,False
final_input_token_layerwise,undisclosed,k9,displayed_driver_outcome_slope,6,3.0,0.025753749122332414,False
final_input_token_layerwise,undisclosed,k9,displayed_driver_outcome_slope,7,3.0,0.01846374205622789,False
final_input_token_layerwise,undisclosed,k9,displayed_driver_outcome_slope,8,100.0,-0.00011239648084446219,False
final_input_token_layerwise,undisclosed,k9,displayed_driver_outcome_slope,9,100.0,0.00011906008320264339,False
final_input_token_layerwise,undisclosed,k9,displayed_driver_outcome_slope,10,100.0,1.1690624423077445e-05,False
final_input_token_layerwise,undisclosed,k9,displayed_driver_outcome_slope,11,100.0,-0.00036388313613688883,False
final_input_token_layerwise,undisclosed,k9,displayed_driver_outcome_slope,12,100.0,-0.0003557709449638624,False
final_input_token_layerwise,undisclosed,k9,displayed_driver_outcome_slope,13,100.0,-1.904612791572835e-05,False
final_input_token_layerwise,undisclosed,k9,displayed_driver_outcome_slope,14,100.0,0.00018495721438011037,False
final_input_token_layerwise,undisclosed,k9,displayed_driver_outcome_slope,15,3.0,0.001262965065518512,False
final_input_token_layerwise,undisclosed,k9,displayed_driver_outcome_slope,16,100.0,0.00043198312771716707,False
final_input_token_layerwise,undisclosed,k9,displayed_driver_outcome_slope,17,3.0,0.0012945075674778983,False
final_input_token_layerwise,undisclosed,k9,displayed_driver_outcome_slope,18,100.0,-0.00015612573675688468,False
final_input_token_layerwise,undisclosed,k9,displayed_driver_outcome_slope,19,0.1,0.06556841599718341,False
final_input_token_layerwise,undisclosed,k9,displayed_driver_outcome_slope,20,3.0,0.038996206601801114,False
final_input_token_layerwise,undisclosed,k9,displayed_driver_outcome_slope,21,0.1,0.07196109754661106,True
final_input_token_layerwise,undisclosed,k9,displayed_driver_outcome_slope,22,3.0,0.04174427782686241,False
final_input_token_layerwise,undisclosed,k9,displayed_driver_outcome_slope,23,3.0,0.04826572863632306,False
final_input_token_layerwise,undisclosed,k9,displayed_driver_outcome_slope,24,3.0,0.04213324153390574,False
final_input_token_layerwise,undisclosed,k9,displayed_driver_outcome_slope,25,3.0,0.026132657561634992,False
final_input_token_layerwise,undisclosed,k9,displayed_driver_outcome_slope,26,3.0,0.03128585852754853,False
final_input_token_layerwise,undisclosed,k9,displayed_driver_outcome_slope,27,3.0,0.024710319876229986,False
final_input_token_layerwise,undisclosed,k9,displayed_driver_outcome_slope,28,3.0,0.0180081736865913,False
final_input_token_layerwise,undisclosed,k9,displayed_driver_outcome_slope,29,3.0,0.011050987913157728,False
final_input_token_layerwise,undisclosed,k9,displayed_driver_outcome_slope,30,3.0,0.02895148713301618,False
final_input_token_layerwise,undisclosed,k9,displayed_driver_outcome_slope,31,3.0,0.02760864845587077,False
final_input_token_layerwise,undisclosed,k9,displayed_driver_outcome_slope,32,3.0,0.016550211253309438,False
final_input_token_layerwise,undisclosed,k9,displayed_driver_outcome_slope,33,3.0,0.008750253900371652,False
final_input_token_layerwise,undisclosed,k9,displayed_driver_outcome_slope,34,3.0,0.0042936853456180535,False
final_input_token_layerwise,undisclosed,k9,displayed_driver_outcome_slope,35,3.0,0.016096922740233832,False
final_input_token_layerwise,undisclosed,k9,displayed_driver_outcome_slope,36,3.0,0.006853682702549824,False
final_input_token_layerwise,undisclosed,k9,oracle_posterior_gain,0,0.0001,0.0,False
final_input_token_layerwise,undisclosed,k9,oracle_posterior_gain,1,100.0,0.00023444752958709514,False
final_input_token_layerwise,undisclosed,k9,oracle_posterior_gain,2,100.0,0.00017842790007241427,False
final_input_token_layerwise,undisclosed,k9,oracle_posterior_gain,3,100.0,0.0001624498304592381,False
final_input_token_layerwise,undisclosed,k9,oracle_posterior_gain,4,100.0,-0.0006294104158893754,False
final_input_token_layerwise,undisclosed,k9,oracle_posterior_gain,5,100.0,-0.000656993060159039,False
final_input_token_layerwise,undisclosed,k9,oracle_posterior_gain,6,100.0,-0.0011313175225425853,False
final_input_token_layerwise,undisclosed,k9,oracle_posterior_gain,7,100.0,-0.0008748859275059528,False
final_input_token_layerwise,undisclosed,k9,oracle_posterior_gain,8,100.0,-0.0006558474313820284,False
final_input_token_layerwise,undisclosed,k9,oracle_posterior_gain,9,100.0,-0.001264988004217621,False
final_input_token_layerwise,undisclosed,k9,oracle_posterior_gain,10,100.0,-0.0010192156313311163,False
final_input_token_layerwise,undisclosed,k9,oracle_posterior_gain,11,100.0,-0.0013233915442018296,False
final_input_token_layerwise,undisclosed,k9,oracle_posterior_gain,12,100.0,-0.0014334688369692095,False
final_input_token_layerwise,undisclosed,k9,oracle_posterior_gain,13,100.0,-0.0004941398164470534,False
final_input_token_layerwise,undisclosed,k9,oracle_posterior_gain,14,3.0,0.006905188938030243,False
final_input_token_layerwise,undisclosed,k9,oracle_posterior_gain,15,100.0,0.00025069445984349237,False
final_input_token_layerwise,undisclosed,k9,oracle_posterior_gain,16,100.0,8.253217914946931e-05,False
final_input_token_layerwise,undisclosed,k9,oracle_posterior_gain,17,100.0,0.0005464167095190764,False
final_input_token_layerwise,undisclosed,k9,oracle_posterior_gain,18,3.0,0.0020827638088895817,False
final_input_token_layerwise,undisclosed,k9,oracle_posterior_gain,19,3.0,0.040072453068085184,False
final_input_token_layerwise,undisclosed,k9,oracle_posterior_gain,20,0.1,0.17005332212964866,False
final_input_token_layerwise,undisclosed,k9,oracle_posterior_gain,21,0.1,0.22628883227909105,False
final_input_token_layerwise,undisclosed,k9,oracle_posterior_gain,22,0.1,0.2220778157779679,False
final_input_token_layerwise,undisclosed,k9,oracle_posterior_gain,23,0.1,0.2530124339110193,True
final_input_token_layerwise,undisclosed,k9,oracle_posterior_gain,24,0.1,0.2357220147538535,False
final_input_token_layerwise,undisclosed,k9,oracle_posterior_gain,25,0.1,0.12849432811415987,False
final_input_token_layerwise,undisclosed,k9,oracle_posterior_gain,26,3.0,0.11498225814821855,False
final_input_token_layerwise,undisclosed,k9,oracle_posterior_gain,27,3.0,0.13976493376764312,False
final_input_token_layerwise,undisclosed,k9,oracle_posterior_gain,28,3.0,0.15162450106998437,False
final_input_token_layerwise,undisclosed,k9,oracle_posterior_gain,29,3.0,0.13026009363996313,False
final_input_token_layerwise,undisclosed,k9,oracle_posterior_gain,30,3.0,0.11420616172654519,False
final_input_token_layerwise,undisclosed,k9,oracle_posterior_gain,31,3.0,0.10811962942802814,False
final_input_token_layerwise,undisclosed,k9,oracle_posterior_gain,32,3.0,0.10116282802173346,False
final_input_token_layerwise,undisclosed,k9,oracle_posterior_gain,33,3.0,0.0990947938994381,False
final_input_token_layerwise,undisclosed,k9,oracle_posterior_gain,34,3.0,0.10644323544746592,False
final_input_token_layerwise,undisclosed,k9,oracle_posterior_gain,35,0.1,0.11919272923764176,False
final_input_token_layerwise,undisclosed,k9,oracle_posterior_gain,36,3.0,0.1134117985176398,False
final_input_token_layerwise,undisclosed,pooled,gain,0,0.0001,0.0,False
final_input_token_layerwise,undisclosed,pooled,gain,1,100.0,0.0008718360895068333,False
final_input_token_layerwise,undisclosed,pooled,gain,2,100.0,-0.00039343681553193527,False
final_input_token_layerwise,undisclosed,pooled,gain,3,100.0,-0.0029047671251933582,False
final_input_token_layerwise,undisclosed,pooled,gain,4,100.0,-0.0010193939355650032,False
final_input_token_layerwise,undisclosed,pooled,gain,5,100.0,-0.0014193600087979614,False
final_input_token_layerwise,undisclosed,pooled,gain,6,100.0,-0.0015516847381820038,False
final_input_token_layerwise,undisclosed,pooled,gain,7,100.0,-0.0014141797579189468,False
final_input_token_layerwise,undisclosed,pooled,gain,8,100.0,-0.0038019411816782867,False
final_input_token_layerwise,undisclosed,pooled,gain,9,100.0,-0.003857018746304878,False
final_input_token_layerwise,undisclosed,pooled,gain,10,100.0,-0.0031516277272701696,False
final_input_token_layerwise,undisclosed,pooled,gain,11,100.0,-0.0038416968173902535,False
final_input_token_layerwise,undisclosed,pooled,gain,12,100.0,-0.0015837226435168144,False
final_input_token_layerwise,undisclosed,pooled,gain,13,100.0,-0.005336329778974506,False
final_input_token_layerwise,undisclosed,pooled,gain,14,100.0,-0.005197886766655668,False
final_input_token_layerwise,undisclosed,pooled,gain,15,100.0,-0.002821346719077966,False
final_input_token_layerwise,undisclosed,pooled,gain,16,100.0,-0.0023352755614853837,False
final_input_token_layerwise,undisclosed,pooled,gain,17,100.0,-0.0029203294843058634,False
final_input_token_layerwise,undisclosed,pooled,gain,18,100.0,-0.0029253471842275356,False
final_input_token_layerwise,undisclosed,pooled,gain,19,100.0,0.0018759228976272524,False
final_input_token_layerwise,undisclosed,pooled,gain,20,100.0,0.004781675985465546,False
final_input_token_layerwise,undisclosed,pooled,gain,21,100.0,0.0042108028048114905,False
final_input_token_layerwise,undisclosed,pooled,gain,22,100.0,0.005891765359425751,False
final_input_token_layerwise,undisclosed,pooled,gain,23,3.0,0.035470613540564126,False
final_input_token_layerwise,undisclosed,pooled,gain,24,3.0,0.02902111261848962,False
final_input_token_layerwise,undisclosed,pooled,gain,25,3.0,0.036290149250667085,False
final_input_token_layerwise,undisclosed,pooled,gain,26,3.0,0.03603045101080629,False
final_input_token_layerwise,undisclosed,pooled,gain,27,3.0,0.04186102299125454,True
final_input_token_layerwise,undisclosed,pooled,gain,28,3.0,0.036174326027592324,False
final_input_token_layerwise,undisclosed,pooled,gain,29,3.0,0.020702918769260874,False
final_input_token_layerwise,undisclosed,pooled,gain,30,3.0,0.025852619795989778,False
final_input_token_layerwise,undisclosed,pooled,gain,31,3.0,0.04115720972249012,False
final_input_token_layerwise,undisclosed,pooled,gain,32,3.0,0.039055552964842005,False
final_input_token_layerwise,undisclosed,pooled,gain,33,3.0,0.024611419554076485,False
final_input_token_layerwise,undisclosed,pooled,gain,34,3.0,0.026569227535771067,False
final_input_token_layerwise,undisclosed,pooled,gain,35,3.0,0.03584982440173346,False
final_input_token_layerwise,undisclosed,pooled,gain,36,3.0,0.03733147075885643,False
final_input_token_layerwise,undisclosed,pooled,response_residual,0,0.0001,-2.7755575615628914e-17,False
final_input_token_layerwise,undisclosed,pooled,response_residual,1,100.0,-0.0016579841158442705,False
final_input_token_layerwise,undisclosed,pooled,response_residual,2,100.0,-0.002225384547486405,False
final_input_token_layerwise,undisclosed,pooled,response_residual,3,100.0,-0.004243728726830635,False
final_input_token_layerwise,undisclosed,pooled,response_residual,4,100.0,-0.0019024442418763092,False
final_input_token_layerwise,undisclosed,pooled,response_residual,5,100.0,-0.0026492032908650986,False
final_input_token_layerwise,undisclosed,pooled,response_residual,6,100.0,-0.0025354455001520746,False
final_input_token_layerwise,undisclosed,pooled,response_residual,7,100.0,-0.0017298467301127367,False
final_input_token_layerwise,undisclosed,pooled,response_residual,8,100.0,-0.0037036167579759896,False
final_input_token_layerwise,undisclosed,pooled,response_residual,9,100.0,-0.0038913754198130757,False
final_input_token_layerwise,undisclosed,pooled,response_residual,10,100.0,-0.003410100024033025,False
final_input_token_layerwise,undisclosed,pooled,response_residual,11,100.0,-0.005221330609709511,False
final_input_token_layerwise,undisclosed,pooled,response_residual,12,100.0,-0.002585641476943059,False
final_input_token_layerwise,undisclosed,pooled,response_residual,13,100.0,-0.006914830436974125,False
final_input_token_layerwise,undisclosed,pooled,response_residual,14,100.0,-0.005781711389217227,False
final_input_token_layerwise,undisclosed,pooled,response_residual,15,100.0,-0.0029714899648562443,False
final_input_token_layerwise,undisclosed,pooled,response_residual,16,100.0,-0.0029415653648865356,False
final_input_token_layerwise,undisclosed,pooled,response_residual,17,100.0,-0.0026154530936258005,False
final_input_token_layerwise,undisclosed,pooled,response_residual,18,100.0,-0.00318466318706521,False
final_input_token_layerwise,undisclosed,pooled,response_residual,19,100.0,-0.0011628412397463779,False
final_input_token_layerwise,undisclosed,pooled,response_residual,20,100.0,-2.956563407451503e-05,False
final_input_token_layerwise,undisclosed,pooled,response_residual,21,100.0,-0.001564737534887543,False
final_input_token_layerwise,undisclosed,pooled,response_residual,22,100.0,6.595428803142973e-05,False
final_input_token_layerwise,undisclosed,pooled,response_residual,23,100.0,0.008411357403713035,False
final_input_token_layerwise,undisclosed,pooled,response_residual,24,100.0,0.007286189200302755,False
final_input_token_layerwise,undisclosed,pooled,response_residual,25,100.0,0.009526052715532371,False
final_input_token_layerwise,undisclosed,pooled,response_residual,26,100.0,0.009384860060038774,False
final_input_token_layerwise,undisclosed,pooled,response_residual,27,100.0,0.01109494773315158,True
final_input_token_layerwise,undisclosed,pooled,response_residual,28,100.0,0.01048134040686243,False
final_input_token_layerwise,undisclosed,pooled,response_residual,29,100.0,0.010173736598197675,False
final_input_token_layerwise,undisclosed,pooled,response_residual,30,100.0,0.008971797988747726,False
final_input_token_layerwise,undisclosed,pooled,response_residual,31,100.0,0.0086141399369316,False
final_input_token_layerwise,undisclosed,pooled,response_residual,32,100.0,0.007304341037156825,False
final_input_token_layerwise,undisclosed,pooled,response_residual,33,100.0,0.005462410170851408,False
final_input_token_layerwise,undisclosed,pooled,response_residual,34,100.0,0.006240539300019739,False
final_input_token_layerwise,undisclosed,pooled,response_residual,35,100.0,0.007370097843759508,False
final_input_token_layerwise,undisclosed,pooled,response_residual,36,100.0,0.00837842835388077,False
mean_embedding,disclosed,k3,gain,0,100.0,-0.0013393875603101013,True
mean_embedding,disclosed,k3,response_residual,0,100.0,-0.00047630881776636325,True
mean_embedding,disclosed,k6,gain,0,100.0,-0.00017146628251396567,True
mean_embedding,disclosed,k6,response_residual,0,100.0,0.0009699176825104794,True
mean_embedding,disclosed,k9,gain,0,100.0,-0.0007117472640997269,True
mean_embedding,disclosed,k9,response_residual,0,100.0,0.000953518261265135,True
mean_embedding,disclosed,pooled,gain,0,100.0,-0.00911051926355024,True
mean_embedding,disclosed,pooled,response_residual,0,100.0,-0.002252039089797505,True
mean_embedding,undisclosed,k3,gain,0,100.0,-0.0015577820481136873,True
mean_embedding,undisclosed,k3,response_residual,0,100.0,-0.0006124525688177007,True
mean_embedding,undisclosed,k6,gain,0,100.0,-0.00029001209052947896,True
mean_embedding,undisclosed,k6,response_residual,0,100.0,0.0009460246119616933,True
mean_embedding,undisclosed,k9,gain,0,100.0,-0.0008389494439039191,True
mean_embedding,undisclosed,k9,response_residual,0,100.0,0.0009659547891521236,True
mean_embedding,undisclosed,pooled,gain,0,100.0,-0.009139188506194404,True
mean_embedding,undisclosed,pooled,response_residual,0,100.0,-0.0022825781034909085,True
mean_final_layer,disclosed,k3,gain,0,100.0,-0.0003615014949405748,True
mean_final_layer,disclosed,k3,response_residual,0,100.0,-0.0004941582309341275,True
mean_final_layer,disclosed,k6,gain,0,3.0,0.008051184362746183,True
mean_final_layer,disclosed,k6,response_residual,0,100.0,-2.313310478613273e-05,True
mean_final_layer,disclosed,k9,gain,0,0.1,0.052960114303909706,True
mean_final_layer,disclosed,k9,response_residual,0,3.0,0.011973641650789207,True
mean_final_layer,disclosed,pooled,gain,0,100.0,0.005275965276683309,True
mean_final_layer,disclosed,pooled,response_residual,0,100.0,-0.0007646701325028279,True
mean_final_layer,undisclosed,k3,gain,0,100.0,-0.000764193288020798,True
mean_final_layer,undisclosed,k3,response_residual,0,100.0,-0.0008247022846178398,True
mean_final_layer,undisclosed,k6,gain,0,100.0,-0.000346372903565928,True
mean_final_layer,undisclosed,k6,response_residual,0,100.0,-0.0005195870880861098,True
mean_final_layer,undisclosed,k9,gain,0,0.1,0.03354873955350282,True
mean_final_layer,undisclosed,k9,response_residual,0,3.0,0.003924906649662052,True
mean_final_layer,undisclosed,pooled,gain,0,100.0,-0.00018254423538522727,True
mean_final_layer,undisclosed,pooled,response_residual,0,100.0,-0.0051597003481232044,True
