representation,train_disclosure,evidence,target,layer,alpha,cv_macro_development_baseline_r2,selected
final_input_token_layerwise,disclosed,k3,gain,0,0.0001,0.0,False
final_input_token_layerwise,disclosed,k3,gain,1,100.0,-0.0010471993101221488,False
final_input_token_layerwise,disclosed,k3,gain,2,100.0,-0.00030967852138491514,False
final_input_token_layerwise,disclosed,k3,gain,3,100.0,-0.0007057143300241986,False
final_input_token_layerwise,disclosed,k3,gain,4,100.0,-0.0011830791285536157,False
final_input_token_layerwise,disclosed,k3,gain,5,100.0,-0.0008891861193501271,False
final_input_token_layerwise,disclosed,k3,gain,6,100.0,-0.0010934316487926088,False
final_input_token_layerwise,disclosed,k3,gain,7,100.0,-0.0010634023240663204,False
final_input_token_layerwise,disclosed,k3,gain,8,100.0,-0.0006478447854484093,False
final_input_token_layerwise,disclosed,k3,gain,9,100.0,-0.001040844719570444,False
final_input_token_layerwise,disclosed,k3,gain,10,100.0,-0.0014296685321352198,False
final_input_token_layerwise,disclosed,k3,gain,11,100.0,-0.0013107874192219149,False
final_input_token_layerwise,disclosed,k3,gain,12,100.0,-0.000657228426892642,False
final_input_token_layerwise,disclosed,k3,gain,13,100.0,-0.0005323289957989696,False
final_input_token_layerwise,disclosed,k3,gain,14,100.0,-0.0013774328313189144,False
final_input_token_layerwise,disclosed,k3,gain,15,100.0,-0.0004399789387041497,False
final_input_token_layerwise,disclosed,k3,gain,16,100.0,-0.0006724517299647736,False
final_input_token_layerwise,disclosed,k3,gain,17,100.0,-0.000578012096860564,False
final_input_token_layerwise,disclosed,k3,gain,18,100.0,-0.0011435544612563575,False
final_input_token_layerwise,disclosed,k3,gain,19,100.0,-0.001019411063887643,False
final_input_token_layerwise,disclosed,k3,gain,20,100.0,-0.0012659297597750196,False
final_input_token_layerwise,disclosed,k3,gain,21,100.0,1.7634499127588965e-05,False
final_input_token_layerwise,disclosed,k3,gain,22,100.0,-0.00034859660690830796,False
final_input_token_layerwise,disclosed,k3,gain,23,100.0,0.0006226003940593694,False
final_input_token_layerwise,disclosed,k3,gain,24,100.0,0.0008470796881237808,False
final_input_token_layerwise,disclosed,k3,gain,25,100.0,0.0015225781132468807,False
final_input_token_layerwise,disclosed,k3,gain,26,3.0,0.0019642489800895946,False
final_input_token_layerwise,disclosed,k3,gain,27,3.0,0.007491892589730431,False
final_input_token_layerwise,disclosed,k3,gain,28,3.0,0.007079312281623534,False
final_input_token_layerwise,disclosed,k3,gain,29,3.0,0.005335165128021707,False
final_input_token_layerwise,disclosed,k3,gain,30,3.0,0.009234762716486378,False
final_input_token_layerwise,disclosed,k3,gain,31,3.0,0.007963813095466954,False
final_input_token_layerwise,disclosed,k3,gain,32,100.0,0.000240137697117615,False
final_input_token_layerwise,disclosed,k3,gain,33,100.0,-0.0004444797147583335,False
final_input_token_layerwise,disclosed,k3,gain,34,100.0,0.0002382216800590753,False
final_input_token_layerwise,disclosed,k3,gain,35,3.0,0.012615101915927018,False
final_input_token_layerwise,disclosed,k3,gain,36,3.0,0.023607323725782392,True
final_input_token_layerwise,disclosed,k3,response_residual,0,0.0001,-2.7755575615628914e-17,False
final_input_token_layerwise,disclosed,k3,response_residual,1,100.0,-0.0006036232026180588,False
final_input_token_layerwise,disclosed,k3,response_residual,2,100.0,-0.00046465050187416423,False
final_input_token_layerwise,disclosed,k3,response_residual,3,100.0,-0.0005404549182533303,False
final_input_token_layerwise,disclosed,k3,response_residual,4,100.0,-0.0006426346177598741,False
final_input_token_layerwise,disclosed,k3,response_residual,5,100.0,-0.00034360276324357786,False
final_input_token_layerwise,disclosed,k3,response_residual,6,100.0,-0.0008143214183036762,False
final_input_token_layerwise,disclosed,k3,response_residual,7,100.0,-0.0008049393947787697,False
final_input_token_layerwise,disclosed,k3,response_residual,8,100.0,-0.00031416676285547784,False
final_input_token_layerwise,disclosed,k3,response_residual,9,100.0,-0.001028737807799024,False
final_input_token_layerwise,disclosed,k3,response_residual,10,100.0,-0.0012277366372183962,False
final_input_token_layerwise,disclosed,k3,response_residual,11,100.0,-0.0007623529075414526,False
final_input_token_layerwise,disclosed,k3,response_residual,12,100.0,-0.0004599792948896675,False
final_input_token_layerwise,disclosed,k3,response_residual,13,100.0,-0.0004253063789915468,False
final_input_token_layerwise,disclosed,k3,response_residual,14,100.0,-0.001260953525634767,False
final_input_token_layerwise,disclosed,k3,response_residual,15,100.0,4.842424115250599e-05,False
final_input_token_layerwise,disclosed,k3,response_residual,16,100.0,-0.00012158819322652392,False
final_input_token_layerwise,disclosed,k3,response_residual,17,100.0,-0.0005058690716149283,False
final_input_token_layerwise,disclosed,k3,response_residual,18,100.0,-0.0007572116848241217,False
final_input_token_layerwise,disclosed,k3,response_residual,19,100.0,-0.0008080165108698689,False
final_input_token_layerwise,disclosed,k3,response_residual,20,100.0,-0.0012242774795676592,False
final_input_token_layerwise,disclosed,k3,response_residual,21,100.0,-7.026716955954582e-05,False
final_input_token_layerwise,disclosed,k3,response_residual,22,100.0,-0.0005673480566505684,False
final_input_token_layerwise,disclosed,k3,response_residual,23,100.0,6.67291083542021e-05,False
final_input_token_layerwise,disclosed,k3,response_residual,24,100.0,0.0001351439206855598,False
final_input_token_layerwise,disclosed,k3,response_residual,25,100.0,0.0005830447123941762,False
final_input_token_layerwise,disclosed,k3,response_residual,26,100.0,0.0008026772544451888,False
final_input_token_layerwise,disclosed,k3,response_residual,27,100.0,0.0009700135850725378,False
final_input_token_layerwise,disclosed,k3,response_residual,28,100.0,0.0009980529704515795,False
final_input_token_layerwise,disclosed,k3,response_residual,29,100.0,0.0009607942846024953,False
final_input_token_layerwise,disclosed,k3,response_residual,30,100.0,0.0008637090557983562,False
final_input_token_layerwise,disclosed,k3,response_residual,31,100.0,0.00037540607143282667,False
final_input_token_layerwise,disclosed,k3,response_residual,32,100.0,-4.466229523225618e-05,False
final_input_token_layerwise,disclosed,k3,response_residual,33,100.0,-0.0006159069168271969,False
final_input_token_layerwise,disclosed,k3,response_residual,34,100.0,0.0003601270193574202,False
final_input_token_layerwise,disclosed,k3,response_residual,35,100.0,0.0015171532944238952,False
final_input_token_layerwise,disclosed,k3,response_residual,36,3.0,0.010191037065672287,True
final_input_token_layerwise,disclosed,k3,last_target_observation,0,0.0001,-8.326672684688674e-17,False
final_input_token_layerwise,disclosed,k3,last_target_observation,1,0.1,0.11766900711468559,True
final_input_token_layerwise,disclosed,k3,last_target_observation,2,0.1,0.010536439015168764,False
final_input_token_layerwise,disclosed,k3,last_target_observation,3,3.0,0.00242465106458703,False
final_input_token_layerwise,disclosed,k3,last_target_observation,4,100.0,-0.001238311492934796,False
final_input_token_layerwise,disclosed,k3,last_target_observation,5,100.0,-0.0007701377461956094,False
final_input_token_layerwise,disclosed,k3,last_target_observation,6,100.0,-0.0006044263651895088,False
final_input_token_layerwise,disclosed,k3,last_target_observation,7,100.0,-0.00032729856943264357,False
final_input_token_layerwise,disclosed,k3,last_target_observation,8,100.0,-0.0018465452633903423,False
final_input_token_layerwise,disclosed,k3,last_target_observation,9,100.0,-0.0018633770557182627,False
final_input_token_layerwise,disclosed,k3,last_target_observation,10,100.0,-0.0005789849117238399,False
final_input_token_layerwise,disclosed,k3,last_target_observation,11,100.0,-0.00162176344704823,False
final_input_token_layerwise,disclosed,k3,last_target_observation,12,100.0,-0.001239229756848259,False
final_input_token_layerwise,disclosed,k3,last_target_observation,13,100.0,-0.000825789727860099,False
final_input_token_layerwise,disclosed,k3,last_target_observation,14,100.0,-0.0009769862323077694,False
final_input_token_layerwise,disclosed,k3,last_target_observation,15,3.0,0.0003332920687305341,False
final_input_token_layerwise,disclosed,k3,last_target_observation,16,100.0,-0.0004999269687910868,False
final_input_token_layerwise,disclosed,k3,last_target_observation,17,100.0,-0.0012339833251825416,False
final_input_token_layerwise,disclosed,k3,last_target_observation,18,3.0,0.0036403759757241416,False
final_input_token_layerwise,disclosed,k3,last_target_observation,19,3.0,0.042885790643475,False
final_input_token_layerwise,disclosed,k3,last_target_observation,20,3.0,0.06746177357530891,False
final_input_token_layerwise,disclosed,k3,last_target_observation,21,3.0,0.05159466830244941,False
final_input_token_layerwise,disclosed,k3,last_target_observation,22,3.0,0.08821237950439914,False
final_input_token_layerwise,disclosed,k3,last_target_observation,23,3.0,0.08501816306010077,False
final_input_token_layerwise,disclosed,k3,last_target_observation,24,3.0,0.07254629661455714,False
final_input_token_layerwise,disclosed,k3,last_target_observation,25,3.0,0.054193258624095575,False
final_input_token_layerwise,disclosed,k3,last_target_observation,26,3.0,0.06472391057535304,False
final_input_token_layerwise,disclosed,k3,last_target_observation,27,3.0,0.07883018991253457,False
final_input_token_layerwise,disclosed,k3,last_target_observation,28,3.0,0.09839989159876586,False
final_input_token_layerwise,disclosed,k3,last_target_observation,29,3.0,0.0901263527511896,False
final_input_token_layerwise,disclosed,k3,last_target_observation,30,3.0,0.08004466122569248,False
final_input_token_layerwise,disclosed,k3,last_target_observation,31,3.0,0.07091135507483534,False
final_input_token_layerwise,disclosed,k3,last_target_observation,32,3.0,0.061869996023268425,False
final_input_token_layerwise,disclosed,k3,last_target_observation,33,3.0,0.06436093410740387,False
final_input_token_layerwise,disclosed,k3,last_target_observation,34,3.0,0.05368707448587032,False
final_input_token_layerwise,disclosed,k3,last_target_observation,35,3.0,0.07403918046370023,False
final_input_token_layerwise,disclosed,k3,last_target_observation,36,3.0,0.08155710549748418,False
final_input_token_layerwise,disclosed,k3,target_observation_mean,0,0.0001,5.551115123125783e-17,False
final_input_token_layerwise,disclosed,k3,target_observation_mean,1,3.0,0.02579456605241434,False
final_input_token_layerwise,disclosed,k3,target_observation_mean,2,3.0,0.0013400655418313312,False
final_input_token_layerwise,disclosed,k3,target_observation_mean,3,3.0,0.02484553498224809,False
final_input_token_layerwise,disclosed,k3,target_observation_mean,4,3.0,0.0006977795834668676,False
final_input_token_layerwise,disclosed,k3,target_observation_mean,5,100.0,9.302945574476973e-05,False
final_input_token_layerwise,disclosed,k3,target_observation_mean,6,3.0,0.005120159651079259,False
final_input_token_layerwise,disclosed,k3,target_observation_mean,7,3.0,0.004094109322641648,False
final_input_token_layerwise,disclosed,k3,target_observation_mean,8,100.0,-3.947896681177898e-05,False
final_input_token_layerwise,disclosed,k3,target_observation_mean,9,100.0,-0.0006807546315657498,False
final_input_token_layerwise,disclosed,k3,target_observation_mean,10,100.0,-0.0005895240832318183,False
final_input_token_layerwise,disclosed,k3,target_observation_mean,11,100.0,-0.00040973202852609414,False
final_input_token_layerwise,disclosed,k3,target_observation_mean,12,100.0,0.0004190672546370289,False
final_input_token_layerwise,disclosed,k3,target_observation_mean,13,100.0,7.22483189018186e-05,False
final_input_token_layerwise,disclosed,k3,target_observation_mean,14,100.0,5.530251835073052e-05,False
final_input_token_layerwise,disclosed,k3,target_observation_mean,15,3.0,0.010830012113280385,False
final_input_token_layerwise,disclosed,k3,target_observation_mean,16,3.0,0.01796671460220478,False
final_input_token_layerwise,disclosed,k3,target_observation_mean,17,100.0,-8.264907155230983e-05,False
final_input_token_layerwise,disclosed,k3,target_observation_mean,18,3.0,0.08451357484566213,False
final_input_token_layerwise,disclosed,k3,target_observation_mean,19,3.0,0.1309953146256388,False
final_input_token_layerwise,disclosed,k3,target_observation_mean,20,0.1,0.2271508678752115,False
final_input_token_layerwise,disclosed,k3,target_observation_mean,21,0.1,0.25468936503655665,False
final_input_token_layerwise,disclosed,k3,target_observation_mean,22,0.1,0.2578940682550972,False
final_input_token_layerwise,disclosed,k3,target_observation_mean,23,0.1,0.33100510225012764,True
final_input_token_layerwise,disclosed,k3,target_observation_mean,24,0.1,0.281751353271501,False
final_input_token_layerwise,disclosed,k3,target_observation_mean,25,0.1,0.2024476274091854,False
final_input_token_layerwise,disclosed,k3,target_observation_mean,26,0.1,0.22973046121893934,False
final_input_token_layerwise,disclosed,k3,target_observation_mean,27,0.1,0.29729520036030166,False
final_input_token_layerwise,disclosed,k3,target_observation_mean,28,0.1,0.29378429187571176,False
final_input_token_layerwise,disclosed,k3,target_observation_mean,29,3.0,0.18410680992176706,False
final_input_token_layerwise,disclosed,k3,target_observation_mean,30,3.0,0.1669883318618667,False
final_input_token_layerwise,disclosed,k3,target_observation_mean,31,3.0,0.18120755764945903,False
final_input_token_layerwise,disclosed,k3,target_observation_mean,32,3.0,0.16300521913583868,False
final_input_token_layerwise,disclosed,k3,target_observation_mean,33,3.0,0.16418078949871043,False
final_input_token_layerwise,disclosed,k3,target_observation_mean,34,3.0,0.14037310030944503,False
final_input_token_layerwise,disclosed,k3,target_observation_mean,35,3.0,0.15258753828744515,False
final_input_token_layerwise,disclosed,k3,target_observation_mean,36,3.0,0.17327037756342778,False
final_input_token_layerwise,disclosed,k3,target_time_slope,0,0.0001,0.0,False
final_input_token_layerwise,disclosed,k3,target_time_slope,1,100.0,-0.003964472089197368,False
final_input_token_layerwise,disclosed,k3,target_time_slope,2,100.0,-0.0027897581484475076,False
final_input_token_layerwise,disclosed,k3,target_time_slope,3,100.0,-0.0019458618542768646,False
final_input_token_layerwise,disclosed,k3,target_time_slope,4,100.0,-0.0008718200155870548,False
final_input_token_layerwise,disclosed,k3,target_time_slope,5,100.0,-0.0008823824312233775,False
final_input_token_layerwise,disclosed,k3,target_time_slope,6,100.0,-0.0008696930472273656,False
final_input_token_layerwise,disclosed,k3,target_time_slope,7,100.0,-0.0006588628484734405,False
final_input_token_layerwise,disclosed,k3,target_time_slope,8,100.0,-0.0023708678994738552,False
final_input_token_layerwise,disclosed,k3,target_time_slope,9,100.0,-0.0021079855548118975,False
final_input_token_layerwise,disclosed,k3,target_time_slope,10,100.0,-0.0009185653608224098,False
final_input_token_layerwise,disclosed,k3,target_time_slope,11,100.0,-0.0017225844992967976,False
final_input_token_layerwise,disclosed,k3,target_time_slope,12,100.0,-0.0013713834826864502,False
final_input_token_layerwise,disclosed,k3,target_time_slope,13,100.0,-0.0008547668081885784,False
final_input_token_layerwise,disclosed,k3,target_time_slope,14,100.0,-0.0014759532095978134,False
final_input_token_layerwise,disclosed,k3,target_time_slope,15,100.0,0.00016297858744107607,False
final_input_token_layerwise,disclosed,k3,target_time_slope,16,100.0,-0.0007946548197665104,False
final_input_token_layerwise,disclosed,k3,target_time_slope,17,100.0,-0.0019349202956739364,False
final_input_token_layerwise,disclosed,k3,target_time_slope,18,100.0,-0.0012483306470592592,False
final_input_token_layerwise,disclosed,k3,target_time_slope,19,3.0,0.004030390240178483,False
final_input_token_layerwise,disclosed,k3,target_time_slope,20,3.0,0.01516069869801645,False
final_input_token_layerwise,disclosed,k3,target_time_slope,21,3.0,0.007314182295857424,False
final_input_token_layerwise,disclosed,k3,target_time_slope,22,3.0,0.0298719563570283,False
final_input_token_layerwise,disclosed,k3,target_time_slope,23,3.0,0.029706306249308756,False
final_input_token_layerwise,disclosed,k3,target_time_slope,24,3.0,0.033726552977322605,False
final_input_token_layerwise,disclosed,k3,target_time_slope,25,3.0,0.026628490214470918,False
final_input_token_layerwise,disclosed,k3,target_time_slope,26,3.0,0.029648207799521403,False
final_input_token_layerwise,disclosed,k3,target_time_slope,27,3.0,0.030382460072631734,False
final_input_token_layerwise,disclosed,k3,target_time_slope,28,3.0,0.03634429152782695,False
final_input_token_layerwise,disclosed,k3,target_time_slope,29,3.0,0.04839820065593228,False
final_input_token_layerwise,disclosed,k3,target_time_slope,30,0.1,0.06779594728251073,True
final_input_token_layerwise,disclosed,k3,target_time_slope,31,3.0,0.028432930059868966,False
final_input_token_layerwise,disclosed,k3,target_time_slope,32,3.0,0.028296742198936853,False
final_input_token_layerwise,disclosed,k3,target_time_slope,33,3.0,0.05156508883928615,False
final_input_token_layerwise,disclosed,k3,target_time_slope,34,3.0,0.03155672614599567,False
final_input_token_layerwise,disclosed,k3,target_time_slope,35,3.0,0.05569522698049609,False
final_input_token_layerwise,disclosed,k3,target_time_slope,36,3.0,0.05332542072266036,False
final_input_token_layerwise,disclosed,k3,displayed_driver_outcome_slope,0,0.0001,5.551115123125783e-17,False
final_input_token_layerwise,disclosed,k3,displayed_driver_outcome_slope,1,3.0,0.008290915066980209,False
final_input_token_layerwise,disclosed,k3,displayed_driver_outcome_slope,2,3.0,0.004530570388798838,False
final_input_token_layerwise,disclosed,k3,displayed_driver_outcome_slope,3,3.0,0.02369555682472721,False
final_input_token_layerwise,disclosed,k3,displayed_driver_outcome_slope,4,3.0,0.010603912818526434,False
final_input_token_layerwise,disclosed,k3,displayed_driver_outcome_slope,5,3.0,0.005847757441182183,False
final_input_token_layerwise,disclosed,k3,displayed_driver_outcome_slope,6,100.0,0.00031755760963705915,False
final_input_token_layerwise,disclosed,k3,displayed_driver_outcome_slope,7,100.0,0.00014231679445123047,False
final_input_token_layerwise,disclosed,k3,displayed_driver_outcome_slope,8,100.0,0.0003890635957735089,False
final_input_token_layerwise,disclosed,k3,displayed_driver_outcome_slope,9,100.0,0.0006305801549532641,False
final_input_token_layerwise,disclosed,k3,displayed_driver_outcome_slope,10,3.0,0.015024050126241861,False
final_input_token_layerwise,disclosed,k3,displayed_driver_outcome_slope,11,3.0,0.024859152231747728,False
final_input_token_layerwise,disclosed,k3,displayed_driver_outcome_slope,12,3.0,0.03218202250891408,True
final_input_token_layerwise,disclosed,k3,displayed_driver_outcome_slope,13,3.0,0.021252171474910514,False
final_input_token_layerwise,disclosed,k3,displayed_driver_outcome_slope,14,3.0,0.002859053029521691,False
final_input_token_layerwise,disclosed,k3,displayed_driver_outcome_slope,15,100.0,0.0007882947437109489,False
final_input_token_layerwise,disclosed,k3,displayed_driver_outcome_slope,16,3.0,0.0066709812727048234,False
final_input_token_layerwise,disclosed,k3,displayed_driver_outcome_slope,17,3.0,0.010159563254083182,False
final_input_token_layerwise,disclosed,k3,displayed_driver_outcome_slope,18,100.0,0.000345554713599594,False
final_input_token_layerwise,disclosed,k3,displayed_driver_outcome_slope,19,100.0,0.00020205823163824133,False
final_input_token_layerwise,disclosed,k3,displayed_driver_outcome_slope,20,100.0,3.8056831406785285e-05,False
final_input_token_layerwise,disclosed,k3,displayed_driver_outcome_slope,21,100.0,0.00037289891274908116,False
final_input_token_layerwise,disclosed,k3,displayed_driver_outcome_slope,22,100.0,-0.000390814669175954,False
final_input_token_layerwise,disclosed,k3,displayed_driver_outcome_slope,23,100.0,-0.0004117817537320212,False
final_input_token_layerwise,disclosed,k3,displayed_driver_outcome_slope,24,100.0,-0.0013656301795645642,False
final_input_token_layerwise,disclosed,k3,displayed_driver_outcome_slope,25,100.0,-0.0008554119699550333,False
final_input_token_layerwise,disclosed,k3,displayed_driver_outcome_slope,26,100.0,-0.000782215986028012,False
final_input_token_layerwise,disclosed,k3,displayed_driver_outcome_slope,27,100.0,-0.0013113830507108515,False
final_input_token_layerwise,disclosed,k3,displayed_driver_outcome_slope,28,100.0,-0.0018960045943928194,False
final_input_token_layerwise,disclosed,k3,displayed_driver_outcome_slope,29,100.0,-0.0017829356754353598,False
final_input_token_layerwise,disclosed,k3,displayed_driver_outcome_slope,30,100.0,-0.0018901006696395717,False
final_input_token_layerwise,disclosed,k3,displayed_driver_outcome_slope,31,100.0,-0.0021155824485298014,False
final_input_token_layerwise,disclosed,k3,displayed_driver_outcome_slope,32,100.0,-0.0016411846081910986,False
final_input_token_layerwise,disclosed,k3,displayed_driver_outcome_slope,33,100.0,-0.0019023263544258318,False
final_input_token_layerwise,disclosed,k3,displayed_driver_outcome_slope,34,100.0,-0.0011181750281506198,False
final_input_token_layerwise,disclosed,k3,displayed_driver_outcome_slope,35,100.0,-0.0006422157653203364,False
final_input_token_layerwise,disclosed,k3,displayed_driver_outcome_slope,36,100.0,-0.0008576270449337786,False
final_input_token_layerwise,disclosed,k3,oracle_posterior_gain,0,0.0001,0.0,False
final_input_token_layerwise,disclosed,k3,oracle_posterior_gain,1,100.0,-0.0033682378217672893,False
final_input_token_layerwise,disclosed,k3,oracle_posterior_gain,2,100.0,-0.0025133165549686143,False
final_input_token_layerwise,disclosed,k3,oracle_posterior_gain,3,100.0,-0.0018621581630725859,False
final_input_token_layerwise,disclosed,k3,oracle_posterior_gain,4,100.0,-0.0016957709527175568,False
final_input_token_layerwise,disclosed,k3,oracle_posterior_gain,5,100.0,-0.001254006673184177,False
final_input_token_layerwise,disclosed,k3,oracle_posterior_gain,6,100.0,-0.0010605109392135825,False
final_input_token_layerwise,disclosed,k3,oracle_posterior_gain,7,100.0,-0.0007456346293703842,False
final_input_token_layerwise,disclosed,k3,oracle_posterior_gain,8,100.0,-0.0008393298334720134,False
final_input_token_layerwise,disclosed,k3,oracle_posterior_gain,9,100.0,-0.0012612567904818628,False
final_input_token_layerwise,disclosed,k3,oracle_posterior_gain,10,100.0,-0.0015575651635201526,False
final_input_token_layerwise,disclosed,k3,oracle_posterior_gain,11,100.0,-0.0010940088970188833,False
final_input_token_layerwise,disclosed,k3,oracle_posterior_gain,12,100.0,-0.001196115532533959,False
final_input_token_layerwise,disclosed,k3,oracle_posterior_gain,13,100.0,-0.0004032585225908769,False
final_input_token_layerwise,disclosed,k3,oracle_posterior_gain,14,100.0,-5.277126867542226e-06,False
final_input_token_layerwise,disclosed,k3,oracle_posterior_gain,15,100.0,-0.0007363776120173637,False
final_input_token_layerwise,disclosed,k3,oracle_posterior_gain,16,100.0,1.868557364451129e-05,False
final_input_token_layerwise,disclosed,k3,oracle_posterior_gain,17,100.0,-0.0002532702842663881,False
final_input_token_layerwise,disclosed,k3,oracle_posterior_gain,18,100.0,0.00034596390471719474,False
final_input_token_layerwise,disclosed,k3,oracle_posterior_gain,19,3.0,0.009226077620761747,False
final_input_token_layerwise,disclosed,k3,oracle_posterior_gain,20,3.0,0.030798380872536085,False
final_input_token_layerwise,disclosed,k3,oracle_posterior_gain,21,3.0,0.023054470385845183,False
final_input_token_layerwise,disclosed,k3,oracle_posterior_gain,22,3.0,0.03491375992742718,False
final_input_token_layerwise,disclosed,k3,oracle_posterior_gain,23,3.0,0.047517514328048516,False
final_input_token_layerwise,disclosed,k3,oracle_posterior_gain,24,3.0,0.044368883297065315,False
final_input_token_layerwise,disclosed,k3,oracle_posterior_gain,25,3.0,0.06165606543803506,True
final_input_token_layerwise,disclosed,k3,oracle_posterior_gain,26,3.0,0.05240043083507184,False
final_input_token_layerwise,disclosed,k3,oracle_posterior_gain,27,3.0,0.052269097171666945,False
final_input_token_layerwise,disclosed,k3,oracle_posterior_gain,28,3.0,0.04215817294515109,False
final_input_token_layerwise,disclosed,k3,oracle_posterior_gain,29,3.0,0.04951849655853571,False
final_input_token_layerwise,disclosed,k3,oracle_posterior_gain,30,3.0,0.046802575049040035,False
final_input_token_layerwise,disclosed,k3,oracle_posterior_gain,31,3.0,0.05337613924577514,False
final_input_token_layerwise,disclosed,k3,oracle_posterior_gain,32,3.0,0.039578738044216605,False
final_input_token_layerwise,disclosed,k3,oracle_posterior_gain,33,3.0,0.04021426116039631,False
final_input_token_layerwise,disclosed,k3,oracle_posterior_gain,34,3.0,0.02701263742418511,False
final_input_token_layerwise,disclosed,k3,oracle_posterior_gain,35,3.0,0.03926638155349374,False
final_input_token_layerwise,disclosed,k3,oracle_posterior_gain,36,3.0,0.04337463569119862,False
final_input_token_layerwise,disclosed,k6,gain,0,0.0001,0.0,False
final_input_token_layerwise,disclosed,k6,gain,1,100.0,-0.00040227899147943225,False
final_input_token_layerwise,disclosed,k6,gain,2,100.0,-0.0007394281157952487,False
final_input_token_layerwise,disclosed,k6,gain,3,100.0,-0.0009678280149762464,False
final_input_token_layerwise,disclosed,k6,gain,4,100.0,-0.0004760634260490004,False
final_input_token_layerwise,disclosed,k6,gain,5,100.0,-0.0009494763910483928,False
final_input_token_layerwise,disclosed,k6,gain,6,100.0,-0.001074188083502653,False
final_input_token_layerwise,disclosed,k6,gain,7,100.0,-0.0008971690288813727,False
final_input_token_layerwise,disclosed,k6,gain,8,100.0,-0.0012011234770032686,False
final_input_token_layerwise,disclosed,k6,gain,9,100.0,-0.0009892005098978696,False
final_input_token_layerwise,disclosed,k6,gain,10,100.0,-0.0011209378587591357,False
final_input_token_layerwise,disclosed,k6,gain,11,100.0,-0.0011040795020354766,False
final_input_token_layerwise,disclosed,k6,gain,12,100.0,-0.0008200336483091542,False
final_input_token_layerwise,disclosed,k6,gain,13,100.0,-0.0006317305742860879,False
final_input_token_layerwise,disclosed,k6,gain,14,100.0,-0.0015655745398710508,False
final_input_token_layerwise,disclosed,k6,gain,15,100.0,-0.0022169623380584036,False
final_input_token_layerwise,disclosed,k6,gain,16,100.0,-0.0014703488257412078,False
final_input_token_layerwise,disclosed,k6,gain,17,100.0,-3.7573943927116105e-05,False
final_input_token_layerwise,disclosed,k6,gain,18,100.0,-0.0005579128232607866,False
final_input_token_layerwise,disclosed,k6,gain,19,3.0,0.008766042006540076,False
final_input_token_layerwise,disclosed,k6,gain,20,3.0,0.02154881080376453,False
final_input_token_layerwise,disclosed,k6,gain,21,3.0,0.04107575503709049,False
final_input_token_layerwise,disclosed,k6,gain,22,3.0,0.04072269489652286,False
final_input_token_layerwise,disclosed,k6,gain,23,0.1,0.09619253557052562,True
final_input_token_layerwise,disclosed,k6,gain,24,3.0,0.054928743141832104,False
final_input_token_layerwise,disclosed,k6,gain,25,3.0,0.048687949719457,False
final_input_token_layerwise,disclosed,k6,gain,26,0.1,0.06267687927068791,False
final_input_token_layerwise,disclosed,k6,gain,27,3.0,0.057468968890800165,False
final_input_token_layerwise,disclosed,k6,gain,28,3.0,0.057397033961928995,False
final_input_token_layerwise,disclosed,k6,gain,29,3.0,0.048818471716598644,False
final_input_token_layerwise,disclosed,k6,gain,30,3.0,0.038600200390808914,False
final_input_token_layerwise,disclosed,k6,gain,31,3.0,0.04115867491370581,False
final_input_token_layerwise,disclosed,k6,gain,32,3.0,0.034002236822052945,False
final_input_token_layerwise,disclosed,k6,gain,33,3.0,0.029673627695129545,False
final_input_token_layerwise,disclosed,k6,gain,34,3.0,0.03567453477398436,False
final_input_token_layerwise,disclosed,k6,gain,35,3.0,0.049830843409539055,False
final_input_token_layerwise,disclosed,k6,gain,36,3.0,0.05734240808047522,False
final_input_token_layerwise,disclosed,k6,response_residual,0,0.0001,-2.7755575615628914e-17,False
final_input_token_layerwise,disclosed,k6,response_residual,1,100.0,-0.0021495235863691897,False
final_input_token_layerwise,disclosed,k6,response_residual,2,100.0,-0.0012387357477839922,False
final_input_token_layerwise,disclosed,k6,response_residual,3,100.0,-0.0013987806462210095,False
final_input_token_layerwise,disclosed,k6,response_residual,4,100.0,-0.0005953788734531229,False
final_input_token_layerwise,disclosed,k6,response_residual,5,100.0,-0.0011248553210133905,False
final_input_token_layerwise,disclosed,k6,response_residual,6,100.0,-0.0011541171074797296,False
final_input_token_layerwise,disclosed,k6,response_residual,7,100.0,-0.00097973722868272,False
final_input_token_layerwise,disclosed,k6,response_residual,8,100.0,-0.0008344657256844357,False
final_input_token_layerwise,disclosed,k6,response_residual,9,100.0,-0.0009262821513384978,False
final_input_token_layerwise,disclosed,k6,response_residual,10,100.0,-0.00098745639317252,False
final_input_token_layerwise,disclosed,k6,response_residual,11,100.0,-0.0011035356094752369,False
final_input_token_layerwise,disclosed,k6,response_residual,12,100.0,-0.0006850906769875487,False
final_input_token_layerwise,disclosed,k6,response_residual,13,100.0,-0.0009234822879646554,False
final_input_token_layerwise,disclosed,k6,response_residual,14,100.0,-0.002097272930319971,False
final_input_token_layerwise,disclosed,k6,response_residual,15,100.0,-0.0023833947338600114,False
final_input_token_layerwise,disclosed,k6,response_residual,16,100.0,-0.001923556607760779,False
final_input_token_layerwise,disclosed,k6,response_residual,17,100.0,-0.0012271322425734532,False
final_input_token_layerwise,disclosed,k6,response_residual,18,100.0,-0.001457857943010149,False
final_input_token_layerwise,disclosed,k6,response_residual,19,100.0,-0.0006064788557174627,False
final_input_token_layerwise,disclosed,k6,response_residual,20,100.0,-0.0003135564982318373,False
final_input_token_layerwise,disclosed,k6,response_residual,21,3.0,0.0057317905907933175,False
final_input_token_layerwise,disclosed,k6,response_residual,22,3.0,0.0076408004883703196,False
final_input_token_layerwise,disclosed,k6,response_residual,23,3.0,0.02657826012737491,True
final_input_token_layerwise,disclosed,k6,response_residual,24,3.0,0.011120298938612327,False
final_input_token_layerwise,disclosed,k6,response_residual,25,3.0,0.00598116539136026,False
final_input_token_layerwise,disclosed,k6,response_residual,26,3.0,0.011577675534145349,False
final_input_token_layerwise,disclosed,k6,response_residual,27,3.0,0.01104266719785768,False
final_input_token_layerwise,disclosed,k6,response_residual,28,3.0,0.009882441621401616,False
final_input_token_layerwise,disclosed,k6,response_residual,29,3.0,0.004993190017180543,False
final_input_token_layerwise,disclosed,k6,response_residual,30,100.0,0.0015304580020185365,False
final_input_token_layerwise,disclosed,k6,response_residual,31,100.0,0.0014160148588295562,False
final_input_token_layerwise,disclosed,k6,response_residual,32,100.0,0.0011437597490575602,False
final_input_token_layerwise,disclosed,k6,response_residual,33,100.0,0.0008226960387138771,False
final_input_token_layerwise,disclosed,k6,response_residual,34,100.0,0.0008443152939344167,False
final_input_token_layerwise,disclosed,k6,response_residual,35,3.0,0.013603002433250855,False
final_input_token_layerwise,disclosed,k6,response_residual,36,3.0,0.019606823782397698,False
final_input_token_layerwise,disclosed,k6,last_target_observation,0,0.0001,-2.7755575615628914e-17,False
final_input_token_layerwise,disclosed,k6,last_target_observation,1,0.1,0.06676382928605484,True
final_input_token_layerwise,disclosed,k6,last_target_observation,2,3.0,0.005029495188852012,False
final_input_token_layerwise,disclosed,k6,last_target_observation,3,100.0,0.0014374581916601625,False
final_input_token_layerwise,disclosed,k6,last_target_observation,4,3.0,0.0008413841607920192,False
final_input_token_layerwise,disclosed,k6,last_target_observation,5,100.0,0.00036895537262948697,False
final_input_token_layerwise,disclosed,k6,last_target_observation,6,100.0,0.00014034790301198363,False
final_input_token_layerwise,disclosed,k6,last_target_observation,7,100.0,4.252780641489373e-05,False
final_input_token_layerwise,disclosed,k6,last_target_observation,8,100.0,-0.0008547221848605735,False
final_input_token_layerwise,disclosed,k6,last_target_observation,9,100.0,-0.0008715604680922251,False
final_input_token_layerwise,disclosed,k6,last_target_observation,10,100.0,-0.001111048576536544,False
final_input_token_layerwise,disclosed,k6,last_target_observation,11,100.0,-0.0012786868058431988,False
final_input_token_layerwise,disclosed,k6,last_target_observation,12,100.0,-0.0009776364310824515,False
final_input_token_layerwise,disclosed,k6,last_target_observation,13,100.0,-0.00010666396704658854,False
final_input_token_layerwise,disclosed,k6,last_target_observation,14,100.0,-0.0001882710207045113,False
final_input_token_layerwise,disclosed,k6,last_target_observation,15,100.0,0.0001626460126649687,False
final_input_token_layerwise,disclosed,k6,last_target_observation,16,100.0,0.0006128344914611561,False
final_input_token_layerwise,disclosed,k6,last_target_observation,17,3.0,0.014626986552409071,False
final_input_token_layerwise,disclosed,k6,last_target_observation,18,3.0,0.0013080933792344318,False
final_input_token_layerwise,disclosed,k6,last_target_observation,19,3.0,0.017244177668418653,False
final_input_token_layerwise,disclosed,k6,last_target_observation,20,3.0,0.040306841328086096,False
final_input_token_layerwise,disclosed,k6,last_target_observation,21,3.0,0.036661663682199114,False
final_input_token_layerwise,disclosed,k6,last_target_observation,22,3.0,0.03147076373084759,False
final_input_token_layerwise,disclosed,k6,last_target_observation,23,3.0,0.04710605728421707,False
final_input_token_layerwise,disclosed,k6,last_target_observation,24,3.0,0.03705307989312104,False
final_input_token_layerwise,disclosed,k6,last_target_observation,25,3.0,0.04087289877828593,False
final_input_token_layerwise,disclosed,k6,last_target_observation,26,3.0,0.03367372005256192,False
final_input_token_layerwise,disclosed,k6,last_target_observation,27,3.0,0.037636433454643486,False
final_input_token_layerwise,disclosed,k6,last_target_observation,28,3.0,0.04325524578004847,False
final_input_token_layerwise,disclosed,k6,last_target_observation,29,3.0,0.0411708457041515,False
final_input_token_layerwise,disclosed,k6,last_target_observation,30,3.0,0.04059793560946065,False
final_input_token_layerwise,disclosed,k6,last_target_observation,31,3.0,0.046224228062868744,False
final_input_token_layerwise,disclosed,k6,last_target_observation,32,3.0,0.034684448224721554,False
final_input_token_layerwise,disclosed,k6,last_target_observation,33,3.0,0.03149358057908694,False
final_input_token_layerwise,disclosed,k6,last_target_observation,34,3.0,0.036350555599988704,False
final_input_token_layerwise,disclosed,k6,last_target_observation,35,3.0,0.038141844504368194,False
final_input_token_layerwise,disclosed,k6,last_target_observation,36,3.0,0.03283129920778918,False
final_input_token_layerwise,disclosed,k6,target_observation_mean,0,0.0001,2.7755575615628914e-17,False
final_input_token_layerwise,disclosed,k6,target_observation_mean,1,100.0,-0.012485492066991427,False
final_input_token_layerwise,disclosed,k6,target_observation_mean,2,100.0,-0.005068817331662062,False
final_input_token_layerwise,disclosed,k6,target_observation_mean,3,100.0,-0.0037727104868448824,False
final_input_token_layerwise,disclosed,k6,target_observation_mean,4,100.0,-0.0022123086781908885,False
final_input_token_layerwise,disclosed,k6,target_observation_mean,5,100.0,-0.001414506276766453,False
final_input_token_layerwise,disclosed,k6,target_observation_mean,6,100.0,-0.0002743811732374979,False
final_input_token_layerwise,disclosed,k6,target_observation_mean,7,100.0,0.0009098210896310577,False
final_input_token_layerwise,disclosed,k6,target_observation_mean,8,100.0,0.0016715446244174315,False
final_input_token_layerwise,disclosed,k6,target_observation_mean,9,100.0,0.0009021034073084244,False
final_input_token_layerwise,disclosed,k6,target_observation_mean,10,3.0,0.0019874355654708187,False
final_input_token_layerwise,disclosed,k6,target_observation_mean,11,100.0,0.0008084941237378462,False
final_input_token_layerwise,disclosed,k6,target_observation_mean,12,3.0,0.016924276091792284,False
final_input_token_layerwise,disclosed,k6,target_observation_mean,13,3.0,0.019861944869952214,False
final_input_token_layerwise,disclosed,k6,target_observation_mean,14,3.0,0.005594877271751758,False
final_input_token_layerwise,disclosed,k6,target_observation_mean,15,100.0,-0.0002703871654606005,False
final_input_token_layerwise,disclosed,k6,target_observation_mean,16,100.0,0.00010798727551442067,False
final_input_token_layerwise,disclosed,k6,target_observation_mean,17,100.0,-0.0009604198072943881,False
final_input_token_layerwise,disclosed,k6,target_observation_mean,18,3.0,0.021894245241868865,False
final_input_token_layerwise,disclosed,k6,target_observation_mean,19,3.0,0.02892207907599778,False
final_input_token_layerwise,disclosed,k6,target_observation_mean,20,0.1,0.13192954786443634,False
final_input_token_layerwise,disclosed,k6,target_observation_mean,21,0.1,0.13629003824636002,False
final_input_token_layerwise,disclosed,k6,target_observation_mean,22,0.1,0.2309454937685134,True
final_input_token_layerwise,disclosed,k6,target_observation_mean,23,0.1,0.1987180901653157,False
final_input_token_layerwise,disclosed,k6,target_observation_mean,24,3.0,0.1273436710709306,False
final_input_token_layerwise,disclosed,k6,target_observation_mean,25,3.0,0.07997739923279412,False
final_input_token_layerwise,disclosed,k6,target_observation_mean,26,3.0,0.09052862197511391,False
final_input_token_layerwise,disclosed,k6,target_observation_mean,27,0.1,0.11119536359117849,False
final_input_token_layerwise,disclosed,k6,target_observation_mean,28,3.0,0.12699615703136502,False
final_input_token_layerwise,disclosed,k6,target_observation_mean,29,3.0,0.1007247826380972,False
final_input_token_layerwise,disclosed,k6,target_observation_mean,30,3.0,0.08619804693918398,False
final_input_token_layerwise,disclosed,k6,target_observation_mean,31,3.0,0.08685670727303679,False
final_input_token_layerwise,disclosed,k6,target_observation_mean,32,3.0,0.08427590841278781,False
final_input_token_layerwise,disclosed,k6,target_observation_mean,33,3.0,0.08674909526666122,False
final_input_token_layerwise,disclosed,k6,target_observation_mean,34,0.1,0.12028626129997771,False
final_input_token_layerwise,disclosed,k6,target_observation_mean,35,0.1,0.1945740073860864,False
final_input_token_layerwise,disclosed,k6,target_observation_mean,36,0.1,0.17516799650844303,False
final_input_token_layerwise,disclosed,k6,target_time_slope,0,0.0001,0.0,False
final_input_token_layerwise,disclosed,k6,target_time_slope,1,100.0,0.0020013555503050617,False
final_input_token_layerwise,disclosed,k6,target_time_slope,2,100.0,0.0004110105260304031,False
final_input_token_layerwise,disclosed,k6,target_time_slope,3,100.0,0.00028985994135483084,False
final_input_token_layerwise,disclosed,k6,target_time_slope,4,3.0,0.0005115841564490853,False
final_input_token_layerwise,disclosed,k6,target_time_slope,5,100.0,1.0203768893823906e-05,False
final_input_token_layerwise,disclosed,k6,target_time_slope,6,100.0,-0.0002881162319158803,False
final_input_token_layerwise,disclosed,k6,target_time_slope,7,100.0,-0.00011042043499398524,False
final_input_token_layerwise,disclosed,k6,target_time_slope,8,100.0,-0.0005710197958179453,False
final_input_token_layerwise,disclosed,k6,target_time_slope,9,100.0,-0.0008780114781311021,False
final_input_token_layerwise,disclosed,k6,target_time_slope,10,100.0,-0.0011864869432977043,False
final_input_token_layerwise,disclosed,k6,target_time_slope,11,100.0,-0.0004128366098445635,False
final_input_token_layerwise,disclosed,k6,target_time_slope,12,100.0,-0.0007993291900863508,False
final_input_token_layerwise,disclosed,k6,target_time_slope,13,100.0,-0.00036726022836261474,False
final_input_token_layerwise,disclosed,k6,target_time_slope,14,100.0,-0.0003550946059333038,False
final_input_token_layerwise,disclosed,k6,target_time_slope,15,3.0,0.005996348845747401,False
final_input_token_layerwise,disclosed,k6,target_time_slope,16,3.0,0.017718805145544025,False
final_input_token_layerwise,disclosed,k6,target_time_slope,17,3.0,0.004143561083112368,False
final_input_token_layerwise,disclosed,k6,target_time_slope,18,3.0,0.008862202381897749,False
final_input_token_layerwise,disclosed,k6,target_time_slope,19,3.0,0.053098285877015816,False
final_input_token_layerwise,disclosed,k6,target_time_slope,20,3.0,0.09197090286260426,True
final_input_token_layerwise,disclosed,k6,target_time_slope,21,3.0,0.08404937558972697,False
final_input_token_layerwise,disclosed,k6,target_time_slope,22,3.0,0.0887493959498229,False
final_input_token_layerwise,disclosed,k6,target_time_slope,23,3.0,0.07492847401323133,False
final_input_token_layerwise,disclosed,k6,target_time_slope,24,3.0,0.04577351791362541,False
final_input_token_layerwise,disclosed,k6,target_time_slope,25,3.0,0.05309005323937302,False
final_input_token_layerwise,disclosed,k6,target_time_slope,26,3.0,0.048931606886784496,False
final_input_token_layerwise,disclosed,k6,target_time_slope,27,3.0,0.05498039994547216,False
final_input_token_layerwise,disclosed,k6,target_time_slope,28,3.0,0.05708761150953992,False
final_input_token_layerwise,disclosed,k6,target_time_slope,29,3.0,0.05148553521786178,False
final_input_token_layerwise,disclosed,k6,target_time_slope,30,3.0,0.052897855179021847,False
final_input_token_layerwise,disclosed,k6,target_time_slope,31,3.0,0.05551079582190607,False
final_input_token_layerwise,disclosed,k6,target_time_slope,32,3.0,0.0409016934805875,False
final_input_token_layerwise,disclosed,k6,target_time_slope,33,3.0,0.05280259613944149,False
final_input_token_layerwise,disclosed,k6,target_time_slope,34,3.0,0.05538478325451085,False
final_input_token_layerwise,disclosed,k6,target_time_slope,35,3.0,0.053295032768643336,False
final_input_token_layerwise,disclosed,k6,target_time_slope,36,3.0,0.04687036602991648,False
final_input_token_layerwise,disclosed,k6,displayed_driver_outcome_slope,0,0.0001,-5.551115123125783e-17,False
final_input_token_layerwise,disclosed,k6,displayed_driver_outcome_slope,1,100.0,-0.0021480951363031797,False
final_input_token_layerwise,disclosed,k6,displayed_driver_outcome_slope,2,100.0,-0.002278288515641269,False
final_input_token_layerwise,disclosed,k6,displayed_driver_outcome_slope,3,100.0,-0.0021159461609592256,False
final_input_token_layerwise,disclosed,k6,displayed_driver_outcome_slope,4,100.0,-0.002245998806323646,False
final_input_token_layerwise,disclosed,k6,displayed_driver_outcome_slope,5,100.0,-0.0016932833582481432,False
final_input_token_layerwise,disclosed,k6,displayed_driver_outcome_slope,6,100.0,-0.0014868101682613821,False
final_input_token_layerwise,disclosed,k6,displayed_driver_outcome_slope,7,100.0,-0.0016269540509569747,False
final_input_token_layerwise,disclosed,k6,displayed_driver_outcome_slope,8,100.0,-0.0018164229305633328,False
final_input_token_layerwise,disclosed,k6,displayed_driver_outcome_slope,9,100.0,-0.0009834690029436322,False
final_input_token_layerwise,disclosed,k6,displayed_driver_outcome_slope,10,100.0,-0.001757848596849021,False
final_input_token_layerwise,disclosed,k6,displayed_driver_outcome_slope,11,100.0,-0.00109251074426292,False
final_input_token_layerwise,disclosed,k6,displayed_driver_outcome_slope,12,100.0,-4.0827711708824044e-05,False
final_input_token_layerwise,disclosed,k6,displayed_driver_outcome_slope,13,100.0,-0.0006321527973565944,False
final_input_token_layerwise,disclosed,k6,displayed_driver_outcome_slope,14,100.0,-0.0012563843528821672,False
final_input_token_layerwise,disclosed,k6,displayed_driver_outcome_slope,15,100.0,-0.0013147584076501906,False
final_input_token_layerwise,disclosed,k6,displayed_driver_outcome_slope,16,100.0,-0.0015218948202438964,False
final_input_token_layerwise,disclosed,k6,displayed_driver_outcome_slope,17,100.0,-0.0019043407264960899,False
final_input_token_layerwise,disclosed,k6,displayed_driver_outcome_slope,18,100.0,-0.00136481278810191,False
final_input_token_layerwise,disclosed,k6,displayed_driver_outcome_slope,19,100.0,-0.0006150005396245439,False
final_input_token_layerwise,disclosed,k6,displayed_driver_outcome_slope,20,100.0,-0.0005225215811821837,False
final_input_token_layerwise,disclosed,k6,displayed_driver_outcome_slope,21,3.0,0.001587990935803446,False
final_input_token_layerwise,disclosed,k6,displayed_driver_outcome_slope,22,100.0,0.00044428465364138026,False
final_input_token_layerwise,disclosed,k6,displayed_driver_outcome_slope,23,100.0,-0.0010196409926190864,False
final_input_token_layerwise,disclosed,k6,displayed_driver_outcome_slope,24,100.0,-0.0027251786650491217,False
final_input_token_layerwise,disclosed,k6,displayed_driver_outcome_slope,25,100.0,-0.0014131196158022052,False
final_input_token_layerwise,disclosed,k6,displayed_driver_outcome_slope,26,100.0,-0.002090752054021261,False
final_input_token_layerwise,disclosed,k6,displayed_driver_outcome_slope,27,3.0,0.0029649301147305906,True
final_input_token_layerwise,disclosed,k6,displayed_driver_outcome_slope,28,100.0,-0.0021190388085865486,False
final_input_token_layerwise,disclosed,k6,displayed_driver_outcome_slope,29,100.0,-0.0019320240952858114,False
final_input_token_layerwise,disclosed,k6,displayed_driver_outcome_slope,30,100.0,-0.0022165680300531565,False
final_input_token_layerwise,disclosed,k6,displayed_driver_outcome_slope,31,100.0,-0.0024189653204959027,False
final_input_token_layerwise,disclosed,k6,displayed_driver_outcome_slope,32,100.0,-0.0023025799113847722,False
final_input_token_layerwise,disclosed,k6,displayed_driver_outcome_slope,33,100.0,-0.0019071586000302676,False
final_input_token_layerwise,disclosed,k6,displayed_driver_outcome_slope,34,100.0,-0.0017166329523048973,False
final_input_token_layerwise,disclosed,k6,displayed_driver_outcome_slope,35,100.0,-0.0014758401377319152,False
final_input_token_layerwise,disclosed,k6,displayed_driver_outcome_slope,36,100.0,-0.0016036323122821383,False
final_input_token_layerwise,disclosed,k6,oracle_posterior_gain,0,0.0001,-5.551115123125783e-17,False
final_input_token_layerwise,disclosed,k6,oracle_posterior_gain,1,100.0,-0.005474877335033379,False
final_input_token_layerwise,disclosed,k6,oracle_posterior_gain,2,100.0,-0.0032838524701559735,False
final_input_token_layerwise,disclosed,k6,oracle_posterior_gain,3,100.0,-0.0030208125974594546,False
final_input_token_layerwise,disclosed,k6,oracle_posterior_gain,4,100.0,-0.0011953647253700739,False
final_input_token_layerwise,disclosed,k6,oracle_posterior_gain,5,100.0,-0.0010987666473238067,False
final_input_token_layerwise,disclosed,k6,oracle_posterior_gain,6,100.0,-0.0009162692718773235,False
final_input_token_layerwise,disclosed,k6,oracle_posterior_gain,7,100.0,-0.0006901971806055618,False
final_input_token_layerwise,disclosed,k6,oracle_posterior_gain,8,100.0,0.00014866798612109267,False
final_input_token_layerwise,disclosed,k6,oracle_posterior_gain,9,100.0,-8.886763493737293e-05,False
final_input_token_layerwise,disclosed,k6,oracle_posterior_gain,10,100.0,-0.0011516339772570383,False
final_input_token_layerwise,disclosed,k6,oracle_posterior_gain,11,100.0,-0.0003451010864886084,False
final_input_token_layerwise,disclosed,k6,oracle_posterior_gain,12,100.0,-7.725920198364822e-05,False
final_input_token_layerwise,disclosed,k6,oracle_posterior_gain,13,3.0,0.0009566544639901808,False
final_input_token_layerwise,disclosed,k6,oracle_posterior_gain,14,100.0,-0.0006578943770058354,False
final_input_token_layerwise,disclosed,k6,oracle_posterior_gain,15,100.0,-0.002455153567727686,False
final_input_token_layerwise,disclosed,k6,oracle_posterior_gain,16,100.0,-0.000897290379014426,False
final_input_token_layerwise,disclosed,k6,oracle_posterior_gain,17,100.0,-0.0001334602780017069,False
final_input_token_layerwise,disclosed,k6,oracle_posterior_gain,18,100.0,-0.00016132939170326877,False
final_input_token_layerwise,disclosed,k6,oracle_posterior_gain,19,3.0,0.02696493934127958,False
final_input_token_layerwise,disclosed,k6,oracle_posterior_gain,20,3.0,0.046235423717906204,False
final_input_token_layerwise,disclosed,k6,oracle_posterior_gain,21,3.0,0.06579943715011657,False
final_input_token_layerwise,disclosed,k6,oracle_posterior_gain,22,3.0,0.06219392752040456,False
final_input_token_layerwise,disclosed,k6,oracle_posterior_gain,23,3.0,0.06963638786164694,False
final_input_token_layerwise,disclosed,k6,oracle_posterior_gain,24,3.0,0.05621685848823604,False
final_input_token_layerwise,disclosed,k6,oracle_posterior_gain,25,3.0,0.06481782411544865,False
final_input_token_layerwise,disclosed,k6,oracle_posterior_gain,26,3.0,0.05410959382237451,False
final_input_token_layerwise,disclosed,k6,oracle_posterior_gain,27,3.0,0.0624650521225818,False
final_input_token_layerwise,disclosed,k6,oracle_posterior_gain,28,3.0,0.061008466365949976,False
final_input_token_layerwise,disclosed,k6,oracle_posterior_gain,29,3.0,0.0523247241276264,False
final_input_token_layerwise,disclosed,k6,oracle_posterior_gain,30,3.0,0.05398014873233836,False
final_input_token_layerwise,disclosed,k6,oracle_posterior_gain,31,3.0,0.05369435512226922,False
final_input_token_layerwise,disclosed,k6,oracle_posterior_gain,32,3.0,0.04602407045147877,False
final_input_token_layerwise,disclosed,k6,oracle_posterior_gain,33,3.0,0.04666553159637127,False
final_input_token_layerwise,disclosed,k6,oracle_posterior_gain,34,3.0,0.058344984784855086,False
final_input_token_layerwise,disclosed,k6,oracle_posterior_gain,35,3.0,0.07520999466294001,False
final_input_token_layerwise,disclosed,k6,oracle_posterior_gain,36,3.0,0.08286060203903786,True
final_input_token_layerwise,disclosed,k9,gain,0,0.0001,0.0,False
final_input_token_layerwise,disclosed,k9,gain,1,100.0,-0.0028482125701540517,False
final_input_token_layerwise,disclosed,k9,gain,2,100.0,-0.001372551606136807,False
final_input_token_layerwise,disclosed,k9,gain,3,100.0,-0.0011522964576705375,False
final_input_token_layerwise,disclosed,k9,gain,4,100.0,-0.0007979562332934287,False
final_input_token_layerwise,disclosed,k9,gain,5,100.0,-0.0009401106430625417,False
final_input_token_layerwise,disclosed,k9,gain,6,100.0,-0.0009707882913123078,False
final_input_token_layerwise,disclosed,k9,gain,7,100.0,-0.0006967948471510166,False
final_input_token_layerwise,disclosed,k9,gain,8,3.0,0.002288141835461971,False
final_input_token_layerwise,disclosed,k9,gain,9,100.0,-0.001162463923619017,False
final_input_token_layerwise,disclosed,k9,gain,10,100.0,-0.0017630728999482037,False
final_input_token_layerwise,disclosed,k9,gain,11,100.0,-0.0017874599111235567,False
final_input_token_layerwise,disclosed,k9,gain,12,100.0,-0.0017345559577120473,False
final_input_token_layerwise,disclosed,k9,gain,13,100.0,-0.0015924122705855415,False
final_input_token_layerwise,disclosed,k9,gain,14,100.0,-0.003062095527851194,False
final_input_token_layerwise,disclosed,k9,gain,15,100.0,-0.0029995662228158304,False
final_input_token_layerwise,disclosed,k9,gain,16,100.0,-0.0023815027653984466,False
final_input_token_layerwise,disclosed,k9,gain,17,100.0,-0.00145096015217816,False
final_input_token_layerwise,disclosed,k9,gain,18,100.0,-0.0013788702812626286,False
final_input_token_layerwise,disclosed,k9,gain,19,100.0,9.202568701324743e-05,False
final_input_token_layerwise,disclosed,k9,gain,20,3.0,0.027443646532306798,False
final_input_token_layerwise,disclosed,k9,gain,21,3.0,0.03501891271625679,False
final_input_token_layerwise,disclosed,k9,gain,22,3.0,0.026864641187122146,False
final_input_token_layerwise,disclosed,k9,gain,23,3.0,0.030802994283633506,False
final_input_token_layerwise,disclosed,k9,gain,24,3.0,0.02850977746597083,False
final_input_token_layerwise,disclosed,k9,gain,25,3.0,0.035896206663247554,False
final_input_token_layerwise,disclosed,k9,gain,26,0.1,0.04031652380990683,False
final_input_token_layerwise,disclosed,k9,gain,27,0.1,0.11858008516518065,False
final_input_token_layerwise,disclosed,k9,gain,28,0.1,0.09125865675919134,False
final_input_token_layerwise,disclosed,k9,gain,29,0.1,0.09412442009520797,False
final_input_token_layerwise,disclosed,k9,gain,30,0.1,0.06690013621245414,False
final_input_token_layerwise,disclosed,k9,gain,31,0.1,0.0552347637849773,False
final_input_token_layerwise,disclosed,k9,gain,32,0.1,0.049675899686428354,False
final_input_token_layerwise,disclosed,k9,gain,33,0.1,0.08030586455807448,False
final_input_token_layerwise,disclosed,k9,gain,34,0.1,0.12023461123165119,False
final_input_token_layerwise,disclosed,k9,gain,35,0.1,0.12059398553488138,False
final_input_token_layerwise,disclosed,k9,gain,36,0.1,0.12838283441522602,True
final_input_token_layerwise,disclosed,k9,response_residual,0,0.0001,-2.7755575615628914e-17,False
final_input_token_layerwise,disclosed,k9,response_residual,1,100.0,-0.003288922720408982,False
final_input_token_layerwise,disclosed,k9,response_residual,2,100.0,-0.0014895449879848144,False
final_input_token_layerwise,disclosed,k9,response_residual,3,100.0,-0.0011235473646271088,False
final_input_token_layerwise,disclosed,k9,response_residual,4,100.0,-0.0010164058013316102,False
final_input_token_layerwise,disclosed,k9,response_residual,5,100.0,-0.0010375438255329494,False
final_input_token_layerwise,disclosed,k9,response_residual,6,100.0,-0.0010081374632807116,False
final_input_token_layerwise,disclosed,k9,response_residual,7,100.0,-0.0006842414716312639,False
final_input_token_layerwise,disclosed,k9,response_residual,8,100.0,-0.00033308235666784647,False
final_input_token_layerwise,disclosed,k9,response_residual,9,100.0,-0.0011682767605432909,False
final_input_token_layerwise,disclosed,k9,response_residual,10,100.0,-0.0013876389477192885,False
final_input_token_layerwise,disclosed,k9,response_residual,11,100.0,-0.0016974793548741318,False
final_input_token_layerwise,disclosed,k9,response_residual,12,100.0,-0.0017208813058613437,False
final_input_token_layerwise,disclosed,k9,response_residual,13,100.0,-0.0019996510499772913,False
final_input_token_layerwise,disclosed,k9,response_residual,14,100.0,-0.003157941486458593,False
final_input_token_layerwise,disclosed,k9,response_residual,15,100.0,-0.0028251172906590405,False
final_input_token_layerwise,disclosed,k9,response_residual,16,100.0,-0.0024674185795914294,False
final_input_token_layerwise,disclosed,k9,response_residual,17,100.0,-0.0019348930404652354,False
final_input_token_layerwise,disclosed,k9,response_residual,18,100.0,-0.0019518486515203715,False
final_input_token_layerwise,disclosed,k9,response_residual,19,100.0,-0.0006914170704382661,False
final_input_token_layerwise,disclosed,k9,response_residual,20,3.0,0.0030538763810804004,False
final_input_token_layerwise,disclosed,k9,response_residual,21,3.0,0.006508945425604151,False
final_input_token_layerwise,disclosed,k9,response_residual,22,100.0,0.0010663518140825168,False
final_input_token_layerwise,disclosed,k9,response_residual,23,3.0,0.010440746462917733,False
final_input_token_layerwise,disclosed,k9,response_residual,24,3.0,0.006504139424618832,False
final_input_token_layerwise,disclosed,k9,response_residual,25,3.0,0.011503744535540733,False
final_input_token_layerwise,disclosed,k9,response_residual,26,3.0,0.011882387640309161,False
final_input_token_layerwise,disclosed,k9,response_residual,27,3.0,0.019349648519057683,False
final_input_token_layerwise,disclosed,k9,response_residual,28,3.0,0.013989495913408062,False
final_input_token_layerwise,disclosed,k9,response_residual,29,3.0,0.009395248226238023,False
final_input_token_layerwise,disclosed,k9,response_residual,30,3.0,0.011446205992690556,False
final_input_token_layerwise,disclosed,k9,response_residual,31,3.0,0.015838018166264817,False
final_input_token_layerwise,disclosed,k9,response_residual,32,3.0,0.012908266392053253,False
final_input_token_layerwise,disclosed,k9,response_residual,33,3.0,0.017326843947645915,False
final_input_token_layerwise,disclosed,k9,response_residual,34,3.0,0.04322764682220631,False
final_input_token_layerwise,disclosed,k9,response_residual,35,3.0,0.0571413259097826,False
final_input_token_layerwise,disclosed,k9,response_residual,36,3.0,0.06517638984511306,True
final_input_token_layerwise,disclosed,k9,last_target_observation,0,0.0001,1.3877787807814457e-16,False
final_input_token_layerwise,disclosed,k9,last_target_observation,1,100.0,-0.005902248224804618,False
final_input_token_layerwise,disclosed,k9,last_target_observation,2,100.0,-0.0048963111830915285,False
final_input_token_layerwise,disclosed,k9,last_target_observation,3,100.0,-0.0029913090555346022,False
final_input_token_layerwise,disclosed,k9,last_target_observation,4,100.0,-0.0015270695169278536,False
final_input_token_layerwise,disclosed,k9,last_target_observation,5,100.0,-0.0009390655224918443,False
final_input_token_layerwise,disclosed,k9,last_target_observation,6,100.0,-0.000840197607426707,False
final_input_token_layerwise,disclosed,k9,last_target_observation,7,100.0,-0.0009673883455206256,False
final_input_token_layerwise,disclosed,k9,last_target_observation,8,100.0,-0.0007914094491309198,False
final_input_token_layerwise,disclosed,k9,last_target_observation,9,100.0,-0.0004136733407885673,False
final_input_token_layerwise,disclosed,k9,last_target_observation,10,100.0,-0.0008157178997753589,False
final_input_token_layerwise,disclosed,k9,last_target_observation,11,100.0,-0.0006696697577858179,False
final_input_token_layerwise,disclosed,k9,last_target_observation,12,100.0,-0.0003166789707345907,False
final_input_token_layerwise,disclosed,k9,last_target_observation,13,100.0,-0.0006456277398250165,False
final_input_token_layerwise,disclosed,k9,last_target_observation,14,100.0,-0.0005008706972165766,False
final_input_token_layerwise,disclosed,k9,last_target_observation,15,100.0,-0.0004809141431295627,False
final_input_token_layerwise,disclosed,k9,last_target_observation,16,100.0,-0.00019873427804431576,False
final_input_token_layerwise,disclosed,k9,last_target_observation,17,3.0,0.006315278198179036,False
final_input_token_layerwise,disclosed,k9,last_target_observation,18,100.0,0.0006827823766046293,False
final_input_token_layerwise,disclosed,k9,last_target_observation,19,3.0,0.035874436267761656,False
final_input_token_layerwise,disclosed,k9,last_target_observation,20,3.0,0.04978218117480632,True
final_input_token_layerwise,disclosed,k9,last_target_observation,21,3.0,0.018993157500918928,False
final_input_token_layerwise,disclosed,k9,last_target_observation,22,3.0,0.037817384741468146,False
final_input_token_layerwise,disclosed,k9,last_target_observation,23,3.0,0.037747264945414194,False
final_input_token_layerwise,disclosed,k9,last_target_observation,24,3.0,0.007061977445660006,False
final_input_token_layerwise,disclosed,k9,last_target_observation,25,3.0,0.010723457139855952,False
final_input_token_layerwise,disclosed,k9,last_target_observation,26,3.0,0.00983770972166384,False
final_input_token_layerwise,disclosed,k9,last_target_observation,27,3.0,0.02073302074292438,False
final_input_token_layerwise,disclosed,k9,last_target_observation,28,3.0,0.022970284277773367,False
final_input_token_layerwise,disclosed,k9,last_target_observation,29,3.0,0.017656197778041838,False
final_input_token_layerwise,disclosed,k9,last_target_observation,30,3.0,0.013809570140006111,False
final_input_token_layerwise,disclosed,k9,last_target_observation,31,3.0,0.01837980964230279,False
final_input_token_layerwise,disclosed,k9,last_target_observation,32,3.0,0.01767814651533761,False
final_input_token_layerwise,disclosed,k9,last_target_observation,33,3.0,0.00798890458934351,False
final_input_token_layerwise,disclosed,k9,last_target_observation,34,100.0,0.00013034847395440585,False
final_input_token_layerwise,disclosed,k9,last_target_observation,35,100.0,0.0006375827967334824,False
final_input_token_layerwise,disclosed,k9,last_target_observation,36,100.0,0.0007368736878856086,False
final_input_token_layerwise,disclosed,k9,target_observation_mean,0,0.0001,3.885780586188048e-16,False
final_input_token_layerwise,disclosed,k9,target_observation_mean,1,100.0,0.00447951647882705,False
final_input_token_layerwise,disclosed,k9,target_observation_mean,2,100.0,0.0022046833872041705,False
final_input_token_layerwise,disclosed,k9,target_observation_mean,3,100.0,0.001650270262953002,False
final_input_token_layerwise,disclosed,k9,target_observation_mean,4,100.0,0.0004752396462250341,False
final_input_token_layerwise,disclosed,k9,target_observation_mean,5,100.0,0.00027106392248210653,False
final_input_token_layerwise,disclosed,k9,target_observation_mean,6,100.0,0.00028874522126023927,False
final_input_token_layerwise,disclosed,k9,target_observation_mean,7,3.0,0.009413986825531462,False
final_input_token_layerwise,disclosed,k9,target_observation_mean,8,3.0,0.024648745328456734,False
final_input_token_layerwise,disclosed,k9,target_observation_mean,9,3.0,0.013390922306824815,False
final_input_token_layerwise,disclosed,k9,target_observation_mean,10,0.1,0.02822239732415749,False
final_input_token_layerwise,disclosed,k9,target_observation_mean,11,3.0,0.012530738387038803,False
final_input_token_layerwise,disclosed,k9,target_observation_mean,12,3.0,0.011615431983303753,False
final_input_token_layerwise,disclosed,k9,target_observation_mean,13,3.0,0.016979118608454358,False
final_input_token_layerwise,disclosed,k9,target_observation_mean,14,100.0,0.00028240673947863004,False
final_input_token_layerwise,disclosed,k9,target_observation_mean,15,100.0,-2.797223459916065e-06,False
final_input_token_layerwise,disclosed,k9,target_observation_mean,16,100.0,-0.0008330711117137124,False
final_input_token_layerwise,disclosed,k9,target_observation_mean,17,100.0,-0.00021073058957193913,False
final_input_token_layerwise,disclosed,k9,target_observation_mean,18,100.0,-0.0005342567715644619,False
final_input_token_layerwise,disclosed,k9,target_observation_mean,19,100.0,-3.7767929978616e-05,False
final_input_token_layerwise,disclosed,k9,target_observation_mean,20,3.0,0.010814474590631812,False
final_input_token_layerwise,disclosed,k9,target_observation_mean,21,3.0,0.036196309902203544,False
final_input_token_layerwise,disclosed,k9,target_observation_mean,22,3.0,0.0735468321292311,False
final_input_token_layerwise,disclosed,k9,target_observation_mean,23,3.0,0.06892140005544548,False
final_input_token_layerwise,disclosed,k9,target_observation_mean,24,3.0,0.056154582796175745,False
final_input_token_layerwise,disclosed,k9,target_observation_mean,25,0.1,0.04780131910908181,False
final_input_token_layerwise,disclosed,k9,target_observation_mean,26,3.0,0.03331681884101961,False
final_input_token_layerwise,disclosed,k9,target_observation_mean,27,0.1,0.06756664499105527,False
final_input_token_layerwise,disclosed,k9,target_observation_mean,28,0.1,0.07810226830767225,False
final_input_token_layerwise,disclosed,k9,target_observation_mean,29,0.1,0.06299049901819989,False
final_input_token_layerwise,disclosed,k9,target_observation_mean,30,3.0,0.030525526832872796,False
final_input_token_layerwise,disclosed,k9,target_observation_mean,31,3.0,0.040770019643688565,False
final_input_token_layerwise,disclosed,k9,target_observation_mean,32,0.1,0.08658104010469186,True
final_input_token_layerwise,disclosed,k9,target_observation_mean,33,0.1,0.06776557328352234,False
final_input_token_layerwise,disclosed,k9,target_observation_mean,34,3.0,0.06079798649847595,False
final_input_token_layerwise,disclosed,k9,target_observation_mean,35,3.0,0.08310996005817758,False
final_input_token_layerwise,disclosed,k9,target_observation_mean,36,3.0,0.08514845743483437,False
final_input_token_layerwise,disclosed,k9,target_time_slope,0,0.0001,0.0,False
final_input_token_layerwise,disclosed,k9,target_time_slope,1,3.0,0.008012212163121812,False
final_input_token_layerwise,disclosed,k9,target_time_slope,2,100.0,-0.0010825494149315218,False
final_input_token_layerwise,disclosed,k9,target_time_slope,3,100.0,-0.00039177766295450667,False
final_input_token_layerwise,disclosed,k9,target_time_slope,4,100.0,2.174238313523702e-05,False
final_input_token_layerwise,disclosed,k9,target_time_slope,5,3.0,0.001439876771017451,False
final_input_token_layerwise,disclosed,k9,target_time_slope,6,3.0,0.005410403184715529,False
final_input_token_layerwise,disclosed,k9,target_time_slope,7,3.0,0.00016479925192364187,False
final_input_token_layerwise,disclosed,k9,target_time_slope,8,3.0,0.0021558543366622662,False
final_input_token_layerwise,disclosed,k9,target_time_slope,9,100.0,-0.0003087254621388924,False
final_input_token_layerwise,disclosed,k9,target_time_slope,10,100.0,-0.0006716020542590351,False
final_input_token_layerwise,disclosed,k9,target_time_slope,11,100.0,3.378805199560908e-05,False
final_input_token_layerwise,disclosed,k9,target_time_slope,12,100.0,0.00037321923515287736,False
final_input_token_layerwise,disclosed,k9,target_time_slope,13,100.0,-0.0003791424865433879,False
final_input_token_layerwise,disclosed,k9,target_time_slope,14,100.0,-0.001701386284903017,False
final_input_token_layerwise,disclosed,k9,target_time_slope,15,100.0,-0.0003521190016770037,False
final_input_token_layerwise,disclosed,k9,target_time_slope,16,100.0,-0.00013393448118009799,False
final_input_token_layerwise,disclosed,k9,target_time_slope,17,100.0,0.001045684932833163,False
final_input_token_layerwise,disclosed,k9,target_time_slope,18,3.0,0.036956699023300565,False
final_input_token_layerwise,disclosed,k9,target_time_slope,19,3.0,0.09449650024808726,False
final_input_token_layerwise,disclosed,k9,target_time_slope,20,3.0,0.13833015156600142,True
final_input_token_layerwise,disclosed,k9,target_time_slope,21,3.0,0.11450199135943917,False
final_input_token_layerwise,disclosed,k9,target_time_slope,22,3.0,0.13174130654798333,False
final_input_token_layerwise,disclosed,k9,target_time_slope,23,3.0,0.12734483710527533,False
final_input_token_layerwise,disclosed,k9,target_time_slope,24,3.0,0.10698351940897924,False
final_input_token_layerwise,disclosed,k9,target_time_slope,25,3.0,0.0784195677029606,False
final_input_token_layerwise,disclosed,k9,target_time_slope,26,3.0,0.06767671823802682,False
final_input_token_layerwise,disclosed,k9,target_time_slope,27,3.0,0.06119176622134889,False
final_input_token_layerwise,disclosed,k9,target_time_slope,28,3.0,0.06197537730265282,False
final_input_token_layerwise,disclosed,k9,target_time_slope,29,3.0,0.038045273168280214,False
final_input_token_layerwise,disclosed,k9,target_time_slope,30,3.0,0.040146885631432594,False
final_input_token_layerwise,disclosed,k9,target_time_slope,31,3.0,0.056143433227235834,False
final_input_token_layerwise,disclosed,k9,target_time_slope,32,3.0,0.05967147187272728,False
final_input_token_layerwise,disclosed,k9,target_time_slope,33,3.0,0.04840324216984959,False
final_input_token_layerwise,disclosed,k9,target_time_slope,34,3.0,0.02612533445706436,False
final_input_token_layerwise,disclosed,k9,target_time_slope,35,3.0,0.011802075216596736,False
final_input_token_layerwise,disclosed,k9,target_time_slope,36,3.0,0.02444592530480763,False
final_input_token_layerwise,disclosed,k9,displayed_driver_outcome_slope,0,0.0001,-1.1102230246251565e-16,False
final_input_token_layerwise,disclosed,k9,displayed_driver_outcome_slope,1,100.0,0.009904592271078039,False
final_input_token_layerwise,disclosed,k9,displayed_driver_outcome_slope,2,3.0,0.02813364229975926,False
final_input_token_layerwise,disclosed,k9,displayed_driver_outcome_slope,3,3.0,0.03236337445707116,False
final_input_token_layerwise,disclosed,k9,displayed_driver_outcome_slope,4,3.0,0.02113356162323124,False
final_input_token_layerwise,disclosed,k9,displayed_driver_outcome_slope,5,3.0,0.009034812673164222,False
final_input_token_layerwise,disclosed,k9,displayed_driver_outcome_slope,6,100.0,0.0003564144947288128,False
final_input_token_layerwise,disclosed,k9,displayed_driver_outcome_slope,7,100.0,-8.34705792259749e-05,False
final_input_token_layerwise,disclosed,k9,displayed_driver_outcome_slope,8,100.0,-0.0006961930264485217,False
final_input_token_layerwise,disclosed,k9,displayed_driver_outcome_slope,9,100.0,-0.000545917269035856,False
final_input_token_layerwise,disclosed,k9,displayed_driver_outcome_slope,10,100.0,-0.0005311451067247785,False
final_input_token_layerwise,disclosed,k9,displayed_driver_outcome_slope,11,3.0,0.003545407415540963,False
final_input_token_layerwise,disclosed,k9,displayed_driver_outcome_slope,12,100.0,-0.0001903847048488061,False
final_input_token_layerwise,disclosed,k9,displayed_driver_outcome_slope,13,100.0,0.0004465475820228382,False
final_input_token_layerwise,disclosed,k9,displayed_driver_outcome_slope,14,3.0,0.022667714987781612,False
final_input_token_layerwise,disclosed,k9,displayed_driver_outcome_slope,15,100.0,0.0005729703645952766,False
final_input_token_layerwise,disclosed,k9,displayed_driver_outcome_slope,16,3.0,0.003145512653564164,False
final_input_token_layerwise,disclosed,k9,displayed_driver_outcome_slope,17,3.0,0.02598302367556013,False
final_input_token_layerwise,disclosed,k9,displayed_driver_outcome_slope,18,3.0,0.014912416168705228,False
final_input_token_layerwise,disclosed,k9,displayed_driver_outcome_slope,19,3.0,0.0414587691510207,False
final_input_token_layerwise,disclosed,k9,displayed_driver_outcome_slope,20,3.0,0.04747760467083992,False
final_input_token_layerwise,disclosed,k9,displayed_driver_outcome_slope,21,3.0,0.05707049107739104,False
final_input_token_layerwise,disclosed,k9,displayed_driver_outcome_slope,22,3.0,0.057082868757391075,True
final_input_token_layerwise,disclosed,k9,displayed_driver_outcome_slope,23,3.0,0.04817263829275417,False
final_input_token_layerwise,disclosed,k9,displayed_driver_outcome_slope,24,3.0,0.016407761467865878,False
final_input_token_layerwise,disclosed,k9,displayed_driver_outcome_slope,25,3.0,0.023767580621860768,False
final_input_token_layerwise,disclosed,k9,displayed_driver_outcome_slope,26,3.0,0.02602372643280032,False
final_input_token_layerwise,disclosed,k9,displayed_driver_outcome_slope,27,3.0,0.029365203772354603,False
final_input_token_layerwise,disclosed,k9,displayed_driver_outcome_slope,28,3.0,0.028879316687161538,False
final_input_token_layerwise,disclosed,k9,displayed_driver_outcome_slope,29,3.0,0.019691725493746204,False
final_input_token_layerwise,disclosed,k9,displayed_driver_outcome_slope,30,3.0,0.026383387064944253,False
final_input_token_layerwise,disclosed,k9,displayed_driver_outcome_slope,31,3.0,0.02377925537747938,False
final_input_token_layerwise,disclosed,k9,displayed_driver_outcome_slope,32,3.0,0.013488047146062443,False
final_input_token_layerwise,disclosed,k9,displayed_driver_outcome_slope,33,3.0,0.011965997790751387,False
final_input_token_layerwise,disclosed,k9,displayed_driver_outcome_slope,34,3.0,0.0030638840641732945,False
final_input_token_layerwise,disclosed,k9,displayed_driver_outcome_slope,35,3.0,0.03166490200422342,False
final_input_token_layerwise,disclosed,k9,displayed_driver_outcome_slope,36,3.0,0.035673565752547515,False
final_input_token_layerwise,disclosed,k9,oracle_posterior_gain,0,0.0001,0.0,False
final_input_token_layerwise,disclosed,k9,oracle_posterior_gain,1,100.0,-0.0015096828388185546,False
final_input_token_layerwise,disclosed,k9,oracle_posterior_gain,2,100.0,-0.000304598961059499,False
final_input_token_layerwise,disclosed,k9,oracle_posterior_gain,3,100.0,0.00041460024002631934,False
final_input_token_layerwise,disclosed,k9,oracle_posterior_gain,4,100.0,8.045329819750258e-05,False
final_input_token_layerwise,disclosed,k9,oracle_posterior_gain,5,100.0,-0.00022980542328407405,False
final_input_token_layerwise,disclosed,k9,oracle_posterior_gain,6,100.0,-0.0003160710960606883,False
final_input_token_layerwise,disclosed,k9,oracle_posterior_gain,7,3.0,0.0035752117040676323,False
final_input_token_layerwise,disclosed,k9,oracle_posterior_gain,8,100.0,1.0892091211911481e-05,False
final_input_token_layerwise,disclosed,k9,oracle_posterior_gain,9,100.0,-0.00026112228905864066,False
final_input_token_layerwise,disclosed,k9,oracle_posterior_gain,10,100.0,-0.0007546683419258349,False
final_input_token_layerwise,disclosed,k9,oracle_posterior_gain,11,100.0,-0.0009934845744292709,False
final_input_token_layerwise,disclosed,k9,oracle_posterior_gain,12,100.0,-0.0009954962978329651,False
final_input_token_layerwise,disclosed,k9,oracle_posterior_gain,13,100.0,-0.0005428190034152125,False
final_input_token_layerwise,disclosed,k9,oracle_posterior_gain,14,100.0,-0.0011107749029104497,False
final_input_token_layerwise,disclosed,k9,oracle_posterior_gain,15,100.0,-0.001396281598773308,False
final_input_token_layerwise,disclosed,k9,oracle_posterior_gain,16,100.0,-0.0012233484989699894,False
final_input_token_layerwise,disclosed,k9,oracle_posterior_gain,17,100.0,-0.00037057916566557436,False
final_input_token_layerwise,disclosed,k9,oracle_posterior_gain,18,100.0,-0.0006177828756748494,False
final_input_token_layerwise,disclosed,k9,oracle_posterior_gain,19,3.0,0.04994044822810079,False
final_input_token_layerwise,disclosed,k9,oracle_posterior_gain,20,0.1,0.13137703081336602,False
final_input_token_layerwise,disclosed,k9,oracle_posterior_gain,21,3.0,0.086462945690913,False
final_input_token_layerwise,disclosed,k9,oracle_posterior_gain,22,3.0,0.09336278814503235,False
final_input_token_layerwise,disclosed,k9,oracle_posterior_gain,23,3.0,0.09629706544416797,False
final_input_token_layerwise,disclosed,k9,oracle_posterior_gain,24,3.0,0.07196402121400375,False
final_input_token_layerwise,disclosed,k9,oracle_posterior_gain,25,0.1,0.15121158466261422,False
final_input_token_layerwise,disclosed,k9,oracle_posterior_gain,26,0.1,0.14739640457360145,False
final_input_token_layerwise,disclosed,k9,oracle_posterior_gain,27,0.1,0.19145412782961527,False
final_input_token_layerwise,disclosed,k9,oracle_posterior_gain,28,0.1,0.18440966277669377,False
final_input_token_layerwise,disclosed,k9,oracle_posterior_gain,29,0.1,0.2259919463094285,False
final_input_token_layerwise,disclosed,k9,oracle_posterior_gain,30,0.1,0.20849862060996974,False
final_input_token_layerwise,disclosed,k9,oracle_posterior_gain,31,0.1,0.18545080370778103,False
final_input_token_layerwise,disclosed,k9,oracle_posterior_gain,32,0.1,0.1391805884816515,False
final_input_token_layerwise,disclosed,k9,oracle_posterior_gain,33,0.1,0.1717746601772531,False
final_input_token_layerwise,disclosed,k9,oracle_posterior_gain,34,0.1,0.22472333829775964,False
final_input_token_layerwise,disclosed,k9,oracle_posterior_gain,35,0.1,0.22397870540939666,False
final_input_token_layerwise,disclosed,k9,oracle_posterior_gain,36,0.1,0.258519964394745,True
final_input_token_layerwise,disclosed,pooled,gain,0,0.0001,0.0,False
final_input_token_layerwise,disclosed,pooled,gain,1,100.0,0.0009822032595750523,False
final_input_token_layerwise,disclosed,pooled,gain,2,100.0,-0.0014446243322368084,False
final_input_token_layerwise,disclosed,pooled,gain,3,100.0,-0.0010678583585496115,False
final_input_token_layerwise,disclosed,pooled,gain,4,100.0,-0.0028989624453498453,False
final_input_token_layerwise,disclosed,pooled,gain,5,100.0,-0.005220416898271518,False
final_input_token_layerwise,disclosed,pooled,gain,6,100.0,-0.006153629041633829,False
final_input_token_layerwise,disclosed,pooled,gain,7,100.0,-0.006289079023839184,False
final_input_token_layerwise,disclosed,pooled,gain,8,100.0,-0.007626132046338978,False
final_input_token_layerwise,disclosed,pooled,gain,9,100.0,-0.008239109829441224,False
final_input_token_layerwise,disclosed,pooled,gain,10,100.0,-0.007263623835456885,False
final_input_token_layerwise,disclosed,pooled,gain,11,100.0,-0.005232616421188506,False
final_input_token_layerwise,disclosed,pooled,gain,12,100.0,-0.003932422784401664,False
final_input_token_layerwise,disclosed,pooled,gain,13,100.0,-0.0050417424833704245,False
final_input_token_layerwise,disclosed,pooled,gain,14,100.0,-0.011341528841572543,False
final_input_token_layerwise,disclosed,pooled,gain,15,100.0,-0.00813810614169754,False
final_input_token_layerwise,disclosed,pooled,gain,16,100.0,-0.004457749649792721,False
final_input_token_layerwise,disclosed,pooled,gain,17,100.0,1.4170910473630208e-05,False
final_input_token_layerwise,disclosed,pooled,gain,18,100.0,-0.0010244187001937817,False
final_input_token_layerwise,disclosed,pooled,gain,19,100.0,0.0015298343652734119,False
final_input_token_layerwise,disclosed,pooled,gain,20,100.0,0.006283467508714724,False
final_input_token_layerwise,disclosed,pooled,gain,21,100.0,0.011287102048903772,False
final_input_token_layerwise,disclosed,pooled,gain,22,3.0,0.0174509808178575,False
final_input_token_layerwise,disclosed,pooled,gain,23,3.0,0.038940764213613144,False
final_input_token_layerwise,disclosed,pooled,gain,24,3.0,0.053338494594921265,False
final_input_token_layerwise,disclosed,pooled,gain,25,3.0,0.06113387652854029,False
final_input_token_layerwise,disclosed,pooled,gain,26,3.0,0.06185446194644708,False
final_input_token_layerwise,disclosed,pooled,gain,27,3.0,0.07471158838449043,False
final_input_token_layerwise,disclosed,pooled,gain,28,3.0,0.05900103578725649,False
final_input_token_layerwise,disclosed,pooled,gain,29,3.0,0.041156245591612094,False
final_input_token_layerwise,disclosed,pooled,gain,30,3.0,0.039270012796333804,False
final_input_token_layerwise,disclosed,pooled,gain,31,3.0,0.04309615960813165,False
final_input_token_layerwise,disclosed,pooled,gain,32,3.0,0.03575941869689018,False
final_input_token_layerwise,disclosed,pooled,gain,33,3.0,0.025617605542156623,False
final_input_token_layerwise,disclosed,pooled,gain,34,3.0,0.05909134640415273,False
final_input_token_layerwise,disclosed,pooled,gain,35,3.0,0.096624026288616,False
final_input_token_layerwise,disclosed,pooled,gain,36,3.0,0.10533932327353261,True
final_input_token_layerwise,disclosed,pooled,response_residual,0,0.0001,-2.7755575615628914e-17,False
final_input_token_layerwise,disclosed,pooled,response_residual,1,100.0,-0.001054702525580542,False
final_input_token_layerwise,disclosed,pooled,response_residual,2,100.0,-0.0020173269045967814,False
final_input_token_layerwise,disclosed,pooled,response_residual,3,100.0,-0.0020936398267640357,False
final_input_token_layerwise,disclosed,pooled,response_residual,4,100.0,-0.003806034782739646,False
final_input_token_layerwise,disclosed,pooled,response_residual,5,100.0,-0.006285372964542013,False
final_input_token_layerwise,disclosed,pooled,response_residual,6,100.0,-0.007354278418828232,False
final_input_token_layerwise,disclosed,pooled,response_residual,7,100.0,-0.006854253077963511,False
final_input_token_layerwise,disclosed,pooled,response_residual,8,100.0,-0.006128340224903883,False
final_input_token_layerwise,disclosed,pooled,response_residual,9,100.0,-0.007311300979245909,False
final_input_token_layerwise,disclosed,pooled,response_residual,10,100.0,-0.006296212707573097,False
final_input_token_layerwise,disclosed,pooled,response_residual,11,100.0,-0.0052632957266131415,False
final_input_token_layerwise,disclosed,pooled,response_residual,12,100.0,-0.00381863380661319,False
final_input_token_layerwise,disclosed,pooled,response_residual,13,100.0,-0.006276001692615866,False
final_input_token_layerwise,disclosed,pooled,response_residual,14,100.0,-0.013482500104645948,False
final_input_token_layerwise,disclosed,pooled,response_residual,15,100.0,-0.009021231787872905,False
final_input_token_layerwise,disclosed,pooled,response_residual,16,100.0,-0.006935266784979827,False
final_input_token_layerwise,disclosed,pooled,response_residual,17,100.0,-0.004747442989628388,False
final_input_token_layerwise,disclosed,pooled,response_residual,18,100.0,-0.005476400801762972,False
final_input_token_layerwise,disclosed,pooled,response_residual,19,100.0,-0.003689411269247859,False
final_input_token_layerwise,disclosed,pooled,response_residual,20,100.0,0.0009638308127535763,False
final_input_token_layerwise,disclosed,pooled,response_residual,21,100.0,0.005265799282173661,False
final_input_token_layerwise,disclosed,pooled,response_residual,22,100.0,0.005726386877053273,False
final_input_token_layerwise,disclosed,pooled,response_residual,23,100.0,0.009539650867967328,False
final_input_token_layerwise,disclosed,pooled,response_residual,24,100.0,0.007077770160480362,False
final_input_token_layerwise,disclosed,pooled,response_residual,25,100.0,0.008106403249121402,False
final_input_token_layerwise,disclosed,pooled,response_residual,26,100.0,0.00871970415555017,False
final_input_token_layerwise,disclosed,pooled,response_residual,27,100.0,0.009230019550456705,False
final_input_token_layerwise,disclosed,pooled,response_residual,28,100.0,0.007763047551552262,False
final_input_token_layerwise,disclosed,pooled,response_residual,29,100.0,0.006531922427807886,False
final_input_token_layerwise,disclosed,pooled,response_residual,30,100.0,0.0071866026798491816,False
final_input_token_layerwise,disclosed,pooled,response_residual,31,100.0,0.006195343480096334,False
final_input_token_layerwise,disclosed,pooled,response_residual,32,100.0,0.004859872223589533,False
final_input_token_layerwise,disclosed,pooled,response_residual,33,100.0,0.0046948412211929675,False
final_input_token_layerwise,disclosed,pooled,response_residual,34,100.0,0.00917712917830584,False
final_input_token_layerwise,disclosed,pooled,response_residual,35,100.0,0.0167903582692643,False
final_input_token_layerwise,disclosed,pooled,response_residual,36,100.0,0.018390357125731033,True
final_input_token_layerwise,undisclosed,k3,gain,0,0.0001,0.0,False
final_input_token_layerwise,undisclosed,k3,gain,1,100.0,-0.0010499939873483133,False
final_input_token_layerwise,undisclosed,k3,gain,2,100.0,-0.0005515638163081649,False
final_input_token_layerwise,undisclosed,k3,gain,3,100.0,-0.0014342403679720728,False
final_input_token_layerwise,undisclosed,k3,gain,4,100.0,-0.001139568581638578,False
final_input_token_layerwise,undisclosed,k3,gain,5,100.0,-0.0008078750253716904,False
final_input_token_layerwise,undisclosed,k3,gain,6,100.0,-0.0008140537037244766,False
final_input_token_layerwise,undisclosed,k3,gain,7,100.0,-0.000680749382056367,False
final_input_token_layerwise,undisclosed,k3,gain,8,100.0,2.485695519763298e-05,False
final_input_token_layerwise,undisclosed,k3,gain,9,100.0,0.00044046543196343824,False
final_input_token_layerwise,undisclosed,k3,gain,10,100.0,0.0001655634060271638,False
final_input_token_layerwise,undisclosed,k3,gain,11,100.0,-0.0005459783808969554,False
final_input_token_layerwise,undisclosed,k3,gain,12,100.0,-0.00038562567651542756,False
final_input_token_layerwise,undisclosed,k3,gain,13,100.0,-0.0011346616123075748,False
final_input_token_layerwise,undisclosed,k3,gain,14,100.0,-0.0015418396889486097,False
final_input_token_layerwise,undisclosed,k3,gain,15,100.0,-0.0014959783253795933,False
final_input_token_layerwise,undisclosed,k3,gain,16,100.0,-0.000937799917696186,False
final_input_token_layerwise,undisclosed,k3,gain,17,100.0,-0.0010147243812613227,False
final_input_token_layerwise,undisclosed,k3,gain,18,100.0,-0.0003205362274688872,False
final_input_token_layerwise,undisclosed,k3,gain,19,100.0,-0.00017288859019304326,False
final_input_token_layerwise,undisclosed,k3,gain,20,100.0,-0.0007724274605366288,False
final_input_token_layerwise,undisclosed,k3,gain,21,100.0,-0.0016719181937475125,False
final_input_token_layerwise,undisclosed,k3,gain,22,100.0,-0.0016963837540798776,False
final_input_token_layerwise,undisclosed,k3,gain,23,100.0,-0.0007082985293190847,False
final_input_token_layerwise,undisclosed,k3,gain,24,100.0,9.795117785460494e-05,False
final_input_token_layerwise,undisclosed,k3,gain,25,100.0,0.0007614136713275654,False
final_input_token_layerwise,undisclosed,k3,gain,26,100.0,0.0007342177239795522,False
final_input_token_layerwise,undisclosed,k3,gain,27,100.0,0.0015029783883869219,False
final_input_token_layerwise,undisclosed,k3,gain,28,100.0,0.001463435324004142,False
final_input_token_layerwise,undisclosed,k3,gain,29,100.0,0.00213292713308183,True
final_input_token_layerwise,undisclosed,k3,gain,30,100.0,0.0015963150867850384,False
final_input_token_layerwise,undisclosed,k3,gain,31,100.0,0.0014308332033970694,False
final_input_token_layerwise,undisclosed,k3,gain,32,100.0,0.0016062227201328605,False
final_input_token_layerwise,undisclosed,k3,gain,33,100.0,0.0009248120466466558,False
final_input_token_layerwise,undisclosed,k3,gain,34,100.0,0.001651303741301291,False
final_input_token_layerwise,undisclosed,k3,gain,35,100.0,0.002051709553393344,False
final_input_token_layerwise,undisclosed,k3,gain,36,100.0,0.001747434699756134,False
final_input_token_layerwise,undisclosed,k3,response_residual,0,0.0001,-2.7755575615628914e-17,False
final_input_token_layerwise,undisclosed,k3,response_residual,1,100.0,-0.0010481730373805287,False
final_input_token_layerwise,undisclosed,k3,response_residual,2,100.0,-0.0001614713285786884,False
final_input_token_layerwise,undisclosed,k3,response_residual,3,100.0,-0.0007826215337972953,False
final_input_token_layerwise,undisclosed,k3,response_residual,4,100.0,-0.00026406181506982707,False
final_input_token_layerwise,undisclosed,k3,response_residual,5,100.0,-8.185426868032031e-05,False
final_input_token_layerwise,undisclosed,k3,response_residual,6,100.0,-0.00021158592812342558,False
final_input_token_layerwise,undisclosed,k3,response_residual,7,100.0,-0.00034682736444544005,False
final_input_token_layerwise,undisclosed,k3,response_residual,8,100.0,0.0006245928551277535,False
final_input_token_layerwise,undisclosed,k3,response_residual,9,100.0,0.0005977121131851282,False
final_input_token_layerwise,undisclosed,k3,response_residual,10,100.0,0.0002865832912171129,False
final_input_token_layerwise,undisclosed,k3,response_residual,11,100.0,-0.00040373344226174446,False
final_input_token_layerwise,undisclosed,k3,response_residual,12,100.0,-0.00035971734533440936,False
final_input_token_layerwise,undisclosed,k3,response_residual,13,100.0,-0.0012910185639230243,False
final_input_token_layerwise,undisclosed,k3,response_residual,14,100.0,-0.0017575971997530193,False
final_input_token_layerwise,undisclosed,k3,response_residual,15,100.0,-0.0017325991673687868,False
final_input_token_layerwise,undisclosed,k3,response_residual,16,100.0,-0.0017289200579500563,False
final_input_token_layerwise,undisclosed,k3,response_residual,17,100.0,-0.0017345828385177953,False
final_input_token_layerwise,undisclosed,k3,response_residual,18,100.0,-0.0008994187038116608,False
final_input_token_layerwise,undisclosed,k3,response_residual,19,100.0,-0.0008699210576394445,False
final_input_token_layerwise,undisclosed,k3,response_residual,20,100.0,-0.0012369676488889758,False
final_input_token_layerwise,undisclosed,k3,response_residual,21,100.0,-0.0022031221798679557,False
final_input_token_layerwise,undisclosed,k3,response_residual,22,100.0,-0.0021329282752330925,False
final_input_token_layerwise,undisclosed,k3,response_residual,23,100.0,-0.0013421674521125193,False
final_input_token_layerwise,undisclosed,k3,response_residual,24,100.0,-0.0009377601657469259,False
final_input_token_layerwise,undisclosed,k3,response_residual,25,100.0,1.4623652655781916e-05,False
final_input_token_layerwise,undisclosed,k3,response_residual,26,100.0,0.00018610555019879516,False
final_input_token_layerwise,undisclosed,k3,response_residual,27,100.0,0.0008649173794500198,False
final_input_token_layerwise,undisclosed,k3,response_residual,28,100.0,0.0006133532116915641,False
final_input_token_layerwise,undisclosed,k3,response_residual,29,100.0,0.0011890447009465788,True
final_input_token_layerwise,undisclosed,k3,response_residual,30,100.0,0.0005910307237600165,False
final_input_token_layerwise,undisclosed,k3,response_residual,31,100.0,0.0005111981342692806,False
final_input_token_layerwise,undisclosed,k3,response_residual,32,100.0,0.0007666974686723893,False
final_input_token_layerwise,undisclosed,k3,response_residual,33,100.0,-1.0677393370489563e-05,False
final_input_token_layerwise,undisclosed,k3,response_residual,34,100.0,0.0006702453839209088,False
final_input_token_layerwise,undisclosed,k3,response_residual,35,100.0,0.0010204940419172581,False
final_input_token_layerwise,undisclosed,k3,response_residual,36,100.0,0.0008646038848918458,False
final_input_token_layerwise,undisclosed,k3,last_target_observation,0,0.0001,-8.326672684688674e-17,False
final_input_token_layerwise,undisclosed,k3,last_target_observation,1,0.1,0.1185008855131586,False
final_input_token_layerwise,undisclosed,k3,last_target_observation,2,0.1,0.009200726629892159,False
final_input_token_layerwise,undisclosed,k3,last_target_observation,3,0.1,0.022139754200139666,False
final_input_token_layerwise,undisclosed,k3,last_target_observation,4,100.0,-0.00011427242059358633,False
final_input_token_layerwise,undisclosed,k3,last_target_observation,5,3.0,0.005467745730007967,False
final_input_token_layerwise,undisclosed,k3,last_target_observation,6,3.0,0.00802301031772193,False
final_input_token_layerwise,undisclosed,k3,last_target_observation,7,3.0,0.011309259715965275,False
final_input_token_layerwise,undisclosed,k3,last_target_observation,8,3.0,0.017483481303356058,False
final_input_token_layerwise,undisclosed,k3,last_target_observation,9,3.0,0.008616172503835617,False
final_input_token_layerwise,undisclosed,k3,last_target_observation,10,3.0,0.0038230185954005458,False
final_input_token_layerwise,undisclosed,k3,last_target_observation,11,3.0,0.012087153200406875,False
final_input_token_layerwise,undisclosed,k3,last_target_observation,12,100.0,0.00057369440952168,False
final_input_token_layerwise,undisclosed,k3,last_target_observation,13,100.0,4.237304733945013e-05,False
final_input_token_layerwise,undisclosed,k3,last_target_observation,14,100.0,-5.170895664957653e-05,False
final_input_token_layerwise,undisclosed,k3,last_target_observation,15,3.0,0.0024296453332238177,False
final_input_token_layerwise,undisclosed,k3,last_target_observation,16,3.0,0.024231894573646745,False
final_input_token_layerwise,undisclosed,k3,last_target_observation,17,3.0,0.037638857745088655,False
final_input_token_layerwise,undisclosed,k3,last_target_observation,18,3.0,0.05827512463148063,False
final_input_token_layerwise,undisclosed,k3,last_target_observation,19,0.1,0.07107301015443665,False
final_input_token_layerwise,undisclosed,k3,last_target_observation,20,0.1,0.20826321586219457,True
final_input_token_layerwise,undisclosed,k3,last_target_observation,21,3.0,0.09559067223397852,False
final_input_token_layerwise,undisclosed,k3,last_target_observation,22,3.0,0.08003282079223731,False
final_input_token_layerwise,undisclosed,k3,last_target_observation,23,3.0,0.07931896686230996,False
final_input_token_layerwise,undisclosed,k3,last_target_observation,24,3.0,0.07497973846830117,False
final_input_token_layerwise,undisclosed,k3,last_target_observation,25,3.0,0.03676051362834365,False
final_input_token_layerwise,undisclosed,k3,last_target_observation,26,3.0,0.03899768446862201,False
final_input_token_layerwise,undisclosed,k3,last_target_observation,27,3.0,0.07698565657703316,False
final_input_token_layerwise,undisclosed,k3,last_target_observation,28,3.0,0.09541695780787504,False
final_input_token_layerwise,undisclosed,k3,last_target_observation,29,3.0,0.09067985723480493,False
final_input_token_layerwise,undisclosed,k3,last_target_observation,30,3.0,0.07235633989182874,False
final_input_token_layerwise,undisclosed,k3,last_target_observation,31,3.0,0.07460092032670945,False
final_input_token_layerwise,undisclosed,k3,last_target_observation,32,3.0,0.08091121036402474,False
final_input_token_layerwise,undisclosed,k3,last_target_observation,33,3.0,0.08607682740574363,False
final_input_token_layerwise,undisclosed,k3,last_target_observation,34,3.0,0.09256361028897786,False
final_input_token_layerwise,undisclosed,k3,last_target_observation,35,3.0,0.11942118582925229,False
final_input_token_layerwise,undisclosed,k3,last_target_observation,36,3.0,0.12378551845471147,False
final_input_token_layerwise,undisclosed,k3,target_observation_mean,0,0.0001,5.551115123125783e-17,False
final_input_token_layerwise,undisclosed,k3,target_observation_mean,1,3.0,0.01855038000713033,False
final_input_token_layerwise,undisclosed,k3,target_observation_mean,2,3.0,0.005578534705961979,False
final_input_token_layerwise,undisclosed,k3,target_observation_mean,3,3.0,0.014158835461415914,False
final_input_token_layerwise,undisclosed,k3,target_observation_mean,4,100.0,5.540922605196119e-05,False
final_input_token_layerwise,undisclosed,k3,target_observation_mean,5,3.0,0.015578633624127036,False
final_input_token_layerwise,undisclosed,k3,target_observation_mean,6,3.0,0.013209860402642354,False
final_input_token_layerwise,undisclosed,k3,target_observation_mean,7,3.0,0.0073643170085169185,False
final_input_token_layerwise,undisclosed,k3,target_observation_mean,8,3.0,0.01805403246326251,False
final_input_token_layerwise,undisclosed,k3,target_observation_mean,9,3.0,0.021181243109549802,False
final_input_token_layerwise,undisclosed,k3,target_observation_mean,10,3.0,0.016569216068321985,False
final_input_token_layerwise,undisclosed,k3,target_observation_mean,11,3.0,0.015065785152439032,False
final_input_token_layerwise,undisclosed,k3,target_observation_mean,12,3.0,0.0007779167133907527,False
final_input_token_layerwise,undisclosed,k3,target_observation_mean,13,100.0,0.00017151016123803653,False
final_input_token_layerwise,undisclosed,k3,target_observation_mean,14,100.0,0.00043765678189602863,False
final_input_token_layerwise,undisclosed,k3,target_observation_mean,15,100.0,0.00035876232933265695,False
final_input_token_layerwise,undisclosed,k3,target_observation_mean,16,3.0,0.0303649895890844,False
final_input_token_layerwise,undisclosed,k3,target_observation_mean,17,3.0,0.04430201776277293,False
final_input_token_layerwise,undisclosed,k3,target_observation_mean,18,3.0,0.125897111540639,False
final_input_token_layerwise,undisclosed,k3,target_observation_mean,19,3.0,0.12664653701510067,False
final_input_token_layerwise,undisclosed,k3,target_observation_mean,20,0.1,0.27525412718099107,True
final_input_token_layerwise,undisclosed,k3,target_observation_mean,21,3.0,0.20551337976287976,False
final_input_token_layerwise,undisclosed,k3,target_observation_mean,22,0.1,0.22548962042757847,False
final_input_token_layerwise,undisclosed,k3,target_observation_mean,23,3.0,0.20433237877817112,False
final_input_token_layerwise,undisclosed,k3,target_observation_mean,24,3.0,0.16698196813299346,False
final_input_token_layerwise,undisclosed,k3,target_observation_mean,25,3.0,0.14195221510247194,False
final_input_token_layerwise,undisclosed,k3,target_observation_mean,26,0.1,0.15348360481441853,False
final_input_token_layerwise,undisclosed,k3,target_observation_mean,27,0.1,0.2716191393955933,False
final_input_token_layerwise,undisclosed,k3,target_observation_mean,28,0.1,0.2548379923599405,False
final_input_token_layerwise,undisclosed,k3,target_observation_mean,29,0.1,0.22268762040212972,False
final_input_token_layerwise,undisclosed,k3,target_observation_mean,30,0.1,0.18002310140204336,False
final_input_token_layerwise,undisclosed,k3,target_observation_mean,31,0.1,0.20462807812598485,False
final_input_token_layerwise,undisclosed,k3,target_observation_mean,32,0.1,0.23818612785841492,False
final_input_token_layerwise,undisclosed,k3,target_observation_mean,33,3.0,0.19178023391916804,False
final_input_token_layerwise,undisclosed,k3,target_observation_mean,34,0.1,0.24043227640665946,False
final_input_token_layerwise,undisclosed,k3,target_observation_mean,35,0.1,0.19019399831477926,False
final_input_token_layerwise,undisclosed,k3,target_observation_mean,36,3.0,0.19877614629826074,False
final_input_token_layerwise,undisclosed,k3,target_time_slope,0,0.0001,0.0,False
final_input_token_layerwise,undisclosed,k3,target_time_slope,1,0.1,0.017023975530425617,False
final_input_token_layerwise,undisclosed,k3,target_time_slope,2,100.0,-0.0026286216747597457,False
final_input_token_layerwise,undisclosed,k3,target_time_slope,3,100.0,-0.003297824691987028,False
final_input_token_layerwise,undisclosed,k3,target_time_slope,4,100.0,-0.0008912334689524237,False
final_input_token_layerwise,undisclosed,k3,target_time_slope,5,100.0,-0.0008484666160706866,False
final_input_token_layerwise,undisclosed,k3,target_time_slope,6,100.0,-0.0006538943669827657,False
final_input_token_layerwise,undisclosed,k3,target_time_slope,7,100.0,-0.0006229264312756222,False
final_input_token_layerwise,undisclosed,k3,target_time_slope,8,100.0,-6.097053254683349e-05,False
final_input_token_layerwise,undisclosed,k3,target_time_slope,9,100.0,0.00018748109943830804,False
final_input_token_layerwise,undisclosed,k3,target_time_slope,10,100.0,-0.0006559986259645212,False
final_input_token_layerwise,undisclosed,k3,target_time_slope,11,100.0,-0.0007815072242853272,False
final_input_token_layerwise,undisclosed,k3,target_time_slope,12,100.0,-0.0005804837120385042,False
final_input_token_layerwise,undisclosed,k3,target_time_slope,13,100.0,-0.000654263091864421,False
final_input_token_layerwise,undisclosed,k3,target_time_slope,14,100.0,-0.000963910154348685,False
final_input_token_layerwise,undisclosed,k3,target_time_slope,15,100.0,-0.001094247173672347,False
final_input_token_layerwise,undisclosed,k3,target_time_slope,16,100.0,-0.0006749324581893923,False
final_input_token_layerwise,undisclosed,k3,target_time_slope,17,100.0,-8.16501373904488e-05,False
final_input_token_layerwise,undisclosed,k3,target_time_slope,18,100.0,-8.359963893395106e-05,False
final_input_token_layerwise,undisclosed,k3,target_time_slope,19,100.0,0.0002143946068690894,False
final_input_token_layerwise,undisclosed,k3,target_time_slope,20,3.0,0.0107555001087212,False
final_input_token_layerwise,undisclosed,k3,target_time_slope,21,3.0,0.014142970575621083,False
final_input_token_layerwise,undisclosed,k3,target_time_slope,22,3.0,0.002735567630666874,False
final_input_token_layerwise,undisclosed,k3,target_time_slope,23,3.0,0.00806560156237865,False
final_input_token_layerwise,undisclosed,k3,target_time_slope,24,3.0,0.0069983773541413274,False
final_input_token_layerwise,undisclosed,k3,target_time_slope,25,3.0,0.014816380322024897,False
final_input_token_layerwise,undisclosed,k3,target_time_slope,26,3.0,0.01910610619742259,False
final_input_token_layerwise,undisclosed,k3,target_time_slope,27,3.0,0.03237448637419993,False
final_input_token_layerwise,undisclosed,k3,target_time_slope,28,3.0,0.03290987714658461,False
final_input_token_layerwise,undisclosed,k3,target_time_slope,29,3.0,0.04998809595954806,False
final_input_token_layerwise,undisclosed,k3,target_time_slope,30,3.0,0.04777098143689268,False
final_input_token_layerwise,undisclosed,k3,target_time_slope,31,3.0,0.03830452255762007,False
final_input_token_layerwise,undisclosed,k3,target_time_slope,32,3.0,0.045892667734731496,False
final_input_token_layerwise,undisclosed,k3,target_time_slope,33,3.0,0.049412362551864264,False
final_input_token_layerwise,undisclosed,k3,target_time_slope,34,3.0,0.0592875369529591,False
final_input_token_layerwise,undisclosed,k3,target_time_slope,35,3.0,0.08671852810645264,True
final_input_token_layerwise,undisclosed,k3,target_time_slope,36,0.1,0.08646277597282759,False
final_input_token_layerwise,undisclosed,k3,displayed_driver_outcome_slope,0,0.0001,5.551115123125783e-17,False
final_input_token_layerwise,undisclosed,k3,displayed_driver_outcome_slope,1,3.0,0.01514241848814557,True
final_input_token_layerwise,undisclosed,k3,displayed_driver_outcome_slope,2,100.0,0.0009342582550070644,False
final_input_token_layerwise,undisclosed,k3,displayed_driver_outcome_slope,3,3.0,0.0072679735941173496,False
final_input_token_layerwise,undisclosed,k3,displayed_driver_outcome_slope,4,3.0,0.0025095401344918944,False
final_input_token_layerwise,undisclosed,k3,displayed_driver_outcome_slope,5,100.0,0.00024962432875841323,False
final_input_token_layerwise,undisclosed,k3,displayed_driver_outcome_slope,6,100.0,0.00014194959273627905,False
final_input_token_layerwise,undisclosed,k3,displayed_driver_outcome_slope,7,3.0,0.004346479498308381,False
final_input_token_layerwise,undisclosed,k3,displayed_driver_outcome_slope,8,100.0,-0.0008016320910782526,False
final_input_token_layerwise,undisclosed,k3,displayed_driver_outcome_slope,9,100.0,-0.0013347145409993988,False
final_input_token_layerwise,undisclosed,k3,displayed_driver_outcome_slope,10,100.0,-0.0005738532740655056,False
final_input_token_layerwise,undisclosed,k3,displayed_driver_outcome_slope,11,100.0,0.00024781054024533566,False
final_input_token_layerwise,undisclosed,k3,displayed_driver_outcome_slope,12,100.0,0.0002899844431062393,False
final_input_token_layerwise,undisclosed,k3,displayed_driver_outcome_slope,13,100.0,-1.665281301863053e-05,False
final_input_token_layerwise,undisclosed,k3,displayed_driver_outcome_slope,14,100.0,-0.000536383723479944,False
final_input_token_layerwise,undisclosed,k3,displayed_driver_outcome_slope,15,100.0,-0.0005577499686912901,False
final_input_token_layerwise,undisclosed,k3,displayed_driver_outcome_slope,16,100.0,-0.0008209615580070384,False
final_input_token_layerwise,undisclosed,k3,displayed_driver_outcome_slope,17,100.0,-0.00026390270604795263,False
final_input_token_layerwise,undisclosed,k3,displayed_driver_outcome_slope,18,100.0,0.00020983706434607452,False
final_input_token_layerwise,undisclosed,k3,displayed_driver_outcome_slope,19,100.0,-0.0005092301159094481,False
final_input_token_layerwise,undisclosed,k3,displayed_driver_outcome_slope,20,100.0,-0.0009097523639335914,False
final_input_token_layerwise,undisclosed,k3,displayed_driver_outcome_slope,21,100.0,-0.0009306876292771993,False
final_input_token_layerwise,undisclosed,k3,displayed_driver_outcome_slope,22,100.0,-0.0007933803076012602,False
final_input_token_layerwise,undisclosed,k3,displayed_driver_outcome_slope,23,100.0,-0.0008286683123686356,False
final_input_token_layerwise,undisclosed,k3,displayed_driver_outcome_slope,24,100.0,-0.0015728714463390525,False
final_input_token_layerwise,undisclosed,k3,displayed_driver_outcome_slope,25,100.0,-0.0026508760991446334,False
final_input_token_layerwise,undisclosed,k3,displayed_driver_outcome_slope,26,100.0,-0.003332870389876813,False
final_input_token_layerwise,undisclosed,k3,displayed_driver_outcome_slope,27,100.0,-0.002619714444651533,False
final_input_token_layerwise,undisclosed,k3,displayed_driver_outcome_slope,28,100.0,-0.002799645902728104,False
final_input_token_layerwise,undisclosed,k3,displayed_driver_outcome_slope,29,100.0,-0.002864967477119784,False
final_input_token_layerwise,undisclosed,k3,displayed_driver_outcome_slope,30,100.0,-0.0029992531568360237,False
final_input_token_layerwise,undisclosed,k3,displayed_driver_outcome_slope,31,100.0,-0.0028602854114329335,False
final_input_token_layerwise,undisclosed,k3,displayed_driver_outcome_slope,32,100.0,-0.002273312414009937,False
final_input_token_layerwise,undisclosed,k3,displayed_driver_outcome_slope,33,100.0,-0.0026840420800657294,False
final_input_token_layerwise,undisclosed,k3,displayed_driver_outcome_slope,34,100.0,-0.002862066719927142,False
final_input_token_layerwise,undisclosed,k3,displayed_driver_outcome_slope,35,100.0,-0.002204865688552521,False
final_input_token_layerwise,undisclosed,k3,displayed_driver_outcome_slope,36,100.0,-0.0023590758107941145,False
final_input_token_layerwise,undisclosed,k3,oracle_posterior_gain,0,0.0001,2.7755575615628914e-17,False
final_input_token_layerwise,undisclosed,k3,oracle_posterior_gain,1,100.0,-0.0022861452016540995,False
final_input_token_layerwise,undisclosed,k3,oracle_posterior_gain,2,100.0,-0.0020801655178119827,False
final_input_token_layerwise,undisclosed,k3,oracle_posterior_gain,3,100.0,-0.00217312607266279,False
final_input_token_layerwise,undisclosed,k3,oracle_posterior_gain,4,100.0,-0.00202257792821936,False
final_input_token_layerwise,undisclosed,k3,oracle_posterior_gain,5,100.0,-0.0015549197117421532,False
final_input_token_layerwise,undisclosed,k3,oracle_posterior_gain,6,100.0,-0.0007891466290506077,False
final_input_token_layerwise,undisclosed,k3,oracle_posterior_gain,7,100.0,-0.001260384029301509,False
final_input_token_layerwise,undisclosed,k3,oracle_posterior_gain,8,100.0,-0.0020550972555184455,False
final_input_token_layerwise,undisclosed,k3,oracle_posterior_gain,9,100.0,-0.0016040328568417972,False
final_input_token_layerwise,undisclosed,k3,oracle_posterior_gain,10,100.0,-0.0008036357997691923,False
final_input_token_layerwise,undisclosed,k3,oracle_posterior_gain,11,100.0,-0.00027577787745489135,False
final_input_token_layerwise,undisclosed,k3,oracle_posterior_gain,12,100.0,0.00011385281976228345,False
final_input_token_layerwise,undisclosed,k3,oracle_posterior_gain,13,100.0,-0.00023760435566841376,False
final_input_token_layerwise,undisclosed,k3,oracle_posterior_gain,14,3.0,0.0022458035538178156,False
final_input_token_layerwise,undisclosed,k3,oracle_posterior_gain,15,100.0,0.0005088242763121864,False
final_input_token_layerwise,undisclosed,k3,oracle_posterior_gain,16,3.0,0.008539323573677648,False
final_input_token_layerwise,undisclosed,k3,oracle_posterior_gain,17,3.0,0.022618725109087856,False
final_input_token_layerwise,undisclosed,k3,oracle_posterior_gain,18,3.0,0.03811598464691632,False
final_input_token_layerwise,undisclosed,k3,oracle_posterior_gain,19,3.0,0.028365877562587183,False
final_input_token_layerwise,undisclosed,k3,oracle_posterior_gain,20,0.1,0.12857808920310693,False
final_input_token_layerwise,undisclosed,k3,oracle_posterior_gain,21,3.0,0.05123122542463887,False
final_input_token_layerwise,undisclosed,k3,oracle_posterior_gain,22,3.0,0.06509702835833536,False
final_input_token_layerwise,undisclosed,k3,oracle_posterior_gain,23,3.0,0.11659895671077763,False
final_input_token_layerwise,undisclosed,k3,oracle_posterior_gain,24,3.0,0.15733537916824697,False
final_input_token_layerwise,undisclosed,k3,oracle_posterior_gain,25,0.1,0.18189792161907647,True
final_input_token_layerwise,undisclosed,k3,oracle_posterior_gain,26,3.0,0.14111629196201336,False
final_input_token_layerwise,undisclosed,k3,oracle_posterior_gain,27,0.1,0.17542269244480801,False
final_input_token_layerwise,undisclosed,k3,oracle_posterior_gain,28,3.0,0.14176292832158657,False
final_input_token_layerwise,undisclosed,k3,oracle_posterior_gain,29,3.0,0.1450655359752405,False
final_input_token_layerwise,undisclosed,k3,oracle_posterior_gain,30,3.0,0.13410695304661613,False
final_input_token_layerwise,undisclosed,k3,oracle_posterior_gain,31,3.0,0.12394977912783803,False
final_input_token_layerwise,undisclosed,k3,oracle_posterior_gain,32,3.0,0.11739913094093082,False
final_input_token_layerwise,undisclosed,k3,oracle_posterior_gain,33,3.0,0.11084307147053524,False
final_input_token_layerwise,undisclosed,k3,oracle_posterior_gain,34,3.0,0.10895387186722325,False
final_input_token_layerwise,undisclosed,k3,oracle_posterior_gain,35,3.0,0.11367119576276005,False
final_input_token_layerwise,undisclosed,k3,oracle_posterior_gain,36,3.0,0.11376124523928435,False
final_input_token_layerwise,undisclosed,k6,gain,0,0.0001,0.0,False
final_input_token_layerwise,undisclosed,k6,gain,1,100.0,-0.0005553708651681311,False
final_input_token_layerwise,undisclosed,k6,gain,2,100.0,-0.0005115306790681173,False
final_input_token_layerwise,undisclosed,k6,gain,3,100.0,-0.0010358759328947809,False
final_input_token_layerwise,undisclosed,k6,gain,4,100.0,-0.0019034955904033979,False
final_input_token_layerwise,undisclosed,k6,gain,5,100.0,-0.001393896426083563,False
final_input_token_layerwise,undisclosed,k6,gain,6,100.0,-0.0014003552549056997,False
final_input_token_layerwise,undisclosed,k6,gain,7,100.0,-0.0010283811340801585,False
final_input_token_layerwise,undisclosed,k6,gain,8,100.0,-0.002741160416150301,False
final_input_token_layerwise,undisclosed,k6,gain,9,100.0,-0.002579030937417348,False
final_input_token_layerwise,undisclosed,k6,gain,10,100.0,-0.002072528667260598,False
final_input_token_layerwise,undisclosed,k6,gain,11,100.0,-0.0016207796296345278,False
final_input_token_layerwise,undisclosed,k6,gain,12,100.0,-0.0010839901065740065,False
final_input_token_layerwise,undisclosed,k6,gain,13,100.0,-0.000799789740251966,False
final_input_token_layerwise,undisclosed,k6,gain,14,100.0,-0.00014731195632577965,False
final_input_token_layerwise,undisclosed,k6,gain,15,3.0,0.0020358353115427774,False
final_input_token_layerwise,undisclosed,k6,gain,16,100.0,0.0005997912461931931,False
final_input_token_layerwise,undisclosed,k6,gain,17,100.0,0.001309270746565061,False
final_input_token_layerwise,undisclosed,k6,gain,18,3.0,0.007332389667963929,False
final_input_token_layerwise,undisclosed,k6,gain,19,3.0,0.019570539394963143,False
final_input_token_layerwise,undisclosed,k6,gain,20,3.0,0.011897432283871662,False
final_input_token_layerwise,undisclosed,k6,gain,21,3.0,0.028413462732957556,False
final_input_token_layerwise,undisclosed,k6,gain,22,3.0,0.017839081475808566,False
final_input_token_layerwise,undisclosed,k6,gain,23,3.0,0.0800690694623479,True
final_input_token_layerwise,undisclosed,k6,gain,24,3.0,0.06391993638132773,False
final_input_token_layerwise,undisclosed,k6,gain,25,3.0,0.05129304993946854,False
final_input_token_layerwise,undisclosed,k6,gain,26,3.0,0.04875206325635181,False
final_input_token_layerwise,undisclosed,k6,gain,27,3.0,0.06642534911569736,False
final_input_token_layerwise,undisclosed,k6,gain,28,3.0,0.06442454689493907,False
final_input_token_layerwise,undisclosed,k6,gain,29,3.0,0.0625300856087592,False
final_input_token_layerwise,undisclosed,k6,gain,30,3.0,0.05392729752842032,False
final_input_token_layerwise,undisclosed,k6,gain,31,3.0,0.04388314037165503,False
final_input_token_layerwise,undisclosed,k6,gain,32,3.0,0.0400315362279233,False
final_input_token_layerwise,undisclosed,k6,gain,33,3.0,0.029464602391800848,False
final_input_token_layerwise,undisclosed,k6,gain,34,3.0,0.02639010783348303,False
final_input_token_layerwise,undisclosed,k6,gain,35,3.0,0.03085936788075183,False
final_input_token_layerwise,undisclosed,k6,gain,36,3.0,0.03423959980987468,False
final_input_token_layerwise,undisclosed,k6,response_residual,0,0.0001,-2.7755575615628914e-17,False
final_input_token_layerwise,undisclosed,k6,response_residual,1,100.0,-0.002287461136654817,False
final_input_token_layerwise,undisclosed,k6,response_residual,2,100.0,-0.0012253008307784308,False
final_input_token_layerwise,undisclosed,k6,response_residual,3,100.0,-0.001676182863905834,False
final_input_token_layerwise,undisclosed,k6,response_residual,4,100.0,-0.0019796471411922256,False
final_input_token_layerwise,undisclosed,k6,response_residual,5,100.0,-0.0014152408176761333,False
final_input_token_layerwise,undisclosed,k6,response_residual,6,100.0,-0.001324735350037659,False
final_input_token_layerwise,undisclosed,k6,response_residual,7,100.0,-0.0010737270629157525,False
final_input_token_layerwise,undisclosed,k6,response_residual,8,100.0,-0.0026372172341221356,False
final_input_token_layerwise,undisclosed,k6,response_residual,9,100.0,-0.0025326937345164224,False
final_input_token_layerwise,undisclosed,k6,response_residual,10,100.0,-0.002139003518949356,False
final_input_token_layerwise,undisclosed,k6,response_residual,11,100.0,-0.0017196612037846948,False
final_input_token_layerwise,undisclosed,k6,response_residual,12,100.0,-0.0011188403575548844,False
final_input_token_layerwise,undisclosed,k6,response_residual,13,100.0,-0.000802317860144508,False
final_input_token_layerwise,undisclosed,k6,response_residual,14,100.0,-0.00026659197961154124,False
final_input_token_layerwise,undisclosed,k6,response_residual,15,100.0,0.0006598641673784822,False
final_input_token_layerwise,undisclosed,k6,response_residual,16,100.0,0.00014762888294633791,False
final_input_token_layerwise,undisclosed,k6,response_residual,17,100.0,0.0010582162387564042,False
final_input_token_layerwise,undisclosed,k6,response_residual,18,100.0,0.0016911130700176802,False
final_input_token_layerwise,undisclosed,k6,response_residual,19,100.0,0.001502909614848863,False
final_input_token_layerwise,undisclosed,k6,response_residual,20,100.0,0.0010638411605649045,False
final_input_token_layerwise,undisclosed,k6,response_residual,21,100.0,0.001351626405743267,False
final_input_token_layerwise,undisclosed,k6,response_residual,22,100.0,0.0005767825856800024,False
final_input_token_layerwise,undisclosed,k6,response_residual,23,3.0,0.020338694586374273,False
final_input_token_layerwise,undisclosed,k6,response_residual,24,3.0,0.010550393610333414,False
final_input_token_layerwise,undisclosed,k6,response_residual,25,3.0,0.011866563475752656,False
final_input_token_layerwise,undisclosed,k6,response_residual,26,3.0,0.010157055042014196,False
final_input_token_layerwise,undisclosed,k6,response_residual,27,3.0,0.022712656301843576,True
final_input_token_layerwise,undisclosed,k6,response_residual,28,3.0,0.014250373415649914,False
final_input_token_layerwise,undisclosed,k6,response_residual,29,3.0,0.013315686710494407,False
final_input_token_layerwise,undisclosed,k6,response_residual,30,3.0,0.012757125277783388,False
final_input_token_layerwise,undisclosed,k6,response_residual,31,3.0,0.007670372044565804,False
final_input_token_layerwise,undisclosed,k6,response_residual,32,100.0,0.0036277337278060595,False
final_input_token_layerwise,undisclosed,k6,response_residual,33,100.0,0.002678147011926174,False
final_input_token_layerwise,undisclosed,k6,response_residual,34,100.0,0.0019223712042896468,False
final_input_token_layerwise,undisclosed,k6,response_residual,35,100.0,0.0017938763012906866,False
final_input_token_layerwise,undisclosed,k6,response_residual,36,100.0,0.0021652729949555583,False
final_input_token_layerwise,undisclosed,k6,last_target_observation,0,0.0001,-2.7755575615628914e-17,False
final_input_token_layerwise,undisclosed,k6,last_target_observation,1,0.1,0.06546258823883427,True
final_input_token_layerwise,undisclosed,k6,last_target_observation,2,3.0,0.010525490303806201,False
final_input_token_layerwise,undisclosed,k6,last_target_observation,3,3.0,0.008230935364913206,False
final_input_token_layerwise,undisclosed,k6,last_target_observation,4,100.0,0.0005937971187098545,False
final_input_token_layerwise,undisclosed,k6,last_target_observation,5,100.0,0.0004689176974581599,False
final_input_token_layerwise,undisclosed,k6,last_target_observation,6,3.0,0.0008026844483038087,False
final_input_token_layerwise,undisclosed,k6,last_target_observation,7,3.0,0.0070910740004390405,False
final_input_token_layerwise,undisclosed,k6,last_target_observation,8,3.0,0.00828838068398663,False
final_input_token_layerwise,undisclosed,k6,last_target_observation,9,100.0,0.00029413985488344063,False
final_input_token_layerwise,undisclosed,k6,last_target_observation,10,100.0,-0.0006525492379522435,False
final_input_token_layerwise,undisclosed,k6,last_target_observation,11,100.0,-0.0008031444071365801,False
final_input_token_layerwise,undisclosed,k6,last_target_observation,12,100.0,-0.0004935490929578734,False
final_input_token_layerwise,undisclosed,k6,last_target_observation,13,3.0,0.03025580079620127,False
final_input_token_layerwise,undisclosed,k6,last_target_observation,14,3.0,0.014968189876779447,False
final_input_token_layerwise,undisclosed,k6,last_target_observation,15,3.0,0.022148567966677052,False
final_input_token_layerwise,undisclosed,k6,last_target_observation,16,3.0,0.005802183188182625,False
final_input_token_layerwise,undisclosed,k6,last_target_observation,17,3.0,0.03228811709645546,False
final_input_token_layerwise,undisclosed,k6,last_target_observation,18,3.0,0.01436268123178186,False
final_input_token_layerwise,undisclosed,k6,last_target_observation,19,3.0,0.019705498213909434,False
final_input_token_layerwise,undisclosed,k6,last_target_observation,20,3.0,0.043070899894317644,False
final_input_token_layerwise,undisclosed,k6,last_target_observation,21,3.0,0.015982357071057773,False
final_input_token_layerwise,undisclosed,k6,last_target_observation,22,3.0,0.009913001782925146,False
final_input_token_layerwise,undisclosed,k6,last_target_observation,23,3.0,0.02129579910737875,False
final_input_token_layerwise,undisclosed,k6,last_target_observation,24,3.0,0.01284767158294095,False
final_input_token_layerwise,undisclosed,k6,last_target_observation,25,3.0,0.05878837921959432,False
final_input_token_layerwise,undisclosed,k6,last_target_observation,26,3.0,0.04950681219604608,False
final_input_token_layerwise,undisclosed,k6,last_target_observation,27,3.0,0.04797678943770989,False
final_input_token_layerwise,undisclosed,k6,last_target_observation,28,3.0,0.04495522386159123,False
final_input_token_layerwise,undisclosed,k6,last_target_observation,29,3.0,0.03889131240770691,False
final_input_token_layerwise,undisclosed,k6,last_target_observation,30,3.0,0.03935323263128951,False
final_input_token_layerwise,undisclosed,k6,last_target_observation,31,3.0,0.024717043443625103,False
final_input_token_layerwise,undisclosed,k6,last_target_observation,32,3.0,0.015735160297305262,False
final_input_token_layerwise,undisclosed,k6,last_target_observation,33,3.0,0.008829552058752355,False
final_input_token_layerwise,undisclosed,k6,last_target_observation,34,3.0,0.006481251695166279,False
final_input_token_layerwise,undisclosed,k6,last_target_observation,35,3.0,0.0008133062401213254,False
final_input_token_layerwise,undisclosed,k6,last_target_observation,36,100.0,0.0004947262111047734,False
final_input_token_layerwise,undisclosed,k6,target_observation_mean,0,0.0001,2.7755575615628914e-17,False
final_input_token_layerwise,undisclosed,k6,target_observation_mean,1,100.0,-0.011076937186390079,False
final_input_token_layerwise,undisclosed,k6,target_observation_mean,2,100.0,-0.006150664071525036,False
final_input_token_layerwise,undisclosed,k6,target_observation_mean,3,100.0,-0.0033734812288775673,False
final_input_token_layerwise,undisclosed,k6,target_observation_mean,4,100.0,-0.0003698316272667257,False
final_input_token_layerwise,undisclosed,k6,target_observation_mean,5,100.0,-0.0005065914243610747,False
final_input_token_layerwise,undisclosed,k6,target_observation_mean,6,100.0,-0.00033846118584091034,False
final_input_token_layerwise,undisclosed,k6,target_observation_mean,7,100.0,0.0003553808479467291,False
final_input_token_layerwise,undisclosed,k6,target_observation_mean,8,100.0,0.0017100460855965505,False
final_input_token_layerwise,undisclosed,k6,target_observation_mean,9,3.0,0.01504015418301069,False
final_input_token_layerwise,undisclosed,k6,target_observation_mean,10,3.0,0.009955030591260738,False
final_input_token_layerwise,undisclosed,k6,target_observation_mean,11,100.0,0.0009874799187432337,False
final_input_token_layerwise,undisclosed,k6,target_observation_mean,12,100.0,0.0001360341216779526,False
final_input_token_layerwise,undisclosed,k6,target_observation_mean,13,3.0,0.007245248793955245,False
final_input_token_layerwise,undisclosed,k6,target_observation_mean,14,3.0,0.02788398055473265,False
final_input_token_layerwise,undisclosed,k6,target_observation_mean,15,3.0,0.008343779148665242,False
final_input_token_layerwise,undisclosed,k6,target_observation_mean,16,3.0,0.04052266565077059,False
final_input_token_layerwise,undisclosed,k6,target_observation_mean,17,3.0,0.043290154154931565,False
final_input_token_layerwise,undisclosed,k6,target_observation_mean,18,3.0,0.07452480336257947,False
final_input_token_layerwise,undisclosed,k6,target_observation_mean,19,3.0,0.07515240278506621,False
final_input_token_layerwise,undisclosed,k6,target_observation_mean,20,0.1,0.19702002268578328,False
final_input_token_layerwise,undisclosed,k6,target_observation_mean,21,0.1,0.3184834400276934,True
final_input_token_layerwise,undisclosed,k6,target_observation_mean,22,0.1,0.2752743215805813,False
final_input_token_layerwise,undisclosed,k6,target_observation_mean,23,0.1,0.3071858312659367,False
final_input_token_layerwise,undisclosed,k6,target_observation_mean,24,0.1,0.2524038353453232,False
final_input_token_layerwise,undisclosed,k6,target_observation_mean,25,0.1,0.17665215866494322,False
final_input_token_layerwise,undisclosed,k6,target_observation_mean,26,0.1,0.16260458539888376,False
final_input_token_layerwise,undisclosed,k6,target_observation_mean,27,3.0,0.13768761223674567,False
final_input_token_layerwise,undisclosed,k6,target_observation_mean,28,3.0,0.18025309293071445,False
final_input_token_layerwise,undisclosed,k6,target_observation_mean,29,3.0,0.15223061950529912,False
final_input_token_layerwise,undisclosed,k6,target_observation_mean,30,3.0,0.13767769921940629,False
final_input_token_layerwise,undisclosed,k6,target_observation_mean,31,0.1,0.13535618828320226,False
final_input_token_layerwise,undisclosed,k6,target_observation_mean,32,0.1,0.1814870174242468,False
final_input_token_layerwise,undisclosed,k6,target_observation_mean,33,0.1,0.12408378915598348,False
final_input_token_layerwise,undisclosed,k6,target_observation_mean,34,0.1,0.13197676677730885,False
final_input_token_layerwise,undisclosed,k6,target_observation_mean,35,0.1,0.11118453562701947,False
final_input_token_layerwise,undisclosed,k6,target_observation_mean,36,3.0,0.09183747261877792,False
final_input_token_layerwise,undisclosed,k6,target_time_slope,0,0.0001,0.0,False
final_input_token_layerwise,undisclosed,k6,target_time_slope,1,100.0,0.001244204685377448,False
final_input_token_layerwise,undisclosed,k6,target_time_slope,2,100.0,0.0009672803894897886,False
final_input_token_layerwise,undisclosed,k6,target_time_slope,3,100.0,6.326205486353875e-05,False
final_input_token_layerwise,undisclosed,k6,target_time_slope,4,100.0,-0.00025677294744547163,False
final_input_token_layerwise,undisclosed,k6,target_time_slope,5,100.0,-0.0003189234793910256,False
final_input_token_layerwise,undisclosed,k6,target_time_slope,6,100.0,-0.000254456391305502,False
final_input_token_layerwise,undisclosed,k6,target_time_slope,7,100.0,-8.691087040396672e-05,False
final_input_token_layerwise,undisclosed,k6,target_time_slope,8,3.0,0.00819267815544214,False
final_input_token_layerwise,undisclosed,k6,target_time_slope,9,3.0,0.011933854444665215,False
final_input_token_layerwise,undisclosed,k6,target_time_slope,10,3.0,0.004768507394696253,False
final_input_token_layerwise,undisclosed,k6,target_time_slope,11,3.0,0.0007712935153977307,False
final_input_token_layerwise,undisclosed,k6,target_time_slope,12,100.0,-0.0002498616599993231,False
final_input_token_layerwise,undisclosed,k6,target_time_slope,13,3.0,0.026767244413751196,False
final_input_token_layerwise,undisclosed,k6,target_time_slope,14,3.0,0.0033985497480480686,False
final_input_token_layerwise,undisclosed,k6,target_time_slope,15,3.0,0.01311897940287357,False
final_input_token_layerwise,undisclosed,k6,target_time_slope,16,3.0,0.022183685757717536,False
final_input_token_layerwise,undisclosed,k6,target_time_slope,17,3.0,0.055842597044555325,False
final_input_token_layerwise,undisclosed,k6,target_time_slope,18,3.0,0.04849019176035438,False
final_input_token_layerwise,undisclosed,k6,target_time_slope,19,3.0,0.056550510465276094,False
final_input_token_layerwise,undisclosed,k6,target_time_slope,20,3.0,0.08917922302921294,False
final_input_token_layerwise,undisclosed,k6,target_time_slope,21,3.0,0.06373234632547914,False
final_input_token_layerwise,undisclosed,k6,target_time_slope,22,3.0,0.07199101515124953,False
final_input_token_layerwise,undisclosed,k6,target_time_slope,23,3.0,0.07389174165247317,False
final_input_token_layerwise,undisclosed,k6,target_time_slope,24,3.0,0.06563688027445788,False
final_input_token_layerwise,undisclosed,k6,target_time_slope,25,3.0,0.14281431867622035,True
final_input_token_layerwise,undisclosed,k6,target_time_slope,26,3.0,0.11641668528506216,False
final_input_token_layerwise,undisclosed,k6,target_time_slope,27,3.0,0.11872409468889003,False
final_input_token_layerwise,undisclosed,k6,target_time_slope,28,3.0,0.11587501717393214,False
final_input_token_layerwise,undisclosed,k6,target_time_slope,29,3.0,0.11246721229639231,False
final_input_token_layerwise,undisclosed,k6,target_time_slope,30,3.0,0.12103386591109389,False
final_input_token_layerwise,undisclosed,k6,target_time_slope,31,3.0,0.10668788216035241,False
final_input_token_layerwise,undisclosed,k6,target_time_slope,32,3.0,0.09948393923572516,False
final_input_token_layerwise,undisclosed,k6,target_time_slope,33,3.0,0.0956773635350141,False
final_input_token_layerwise,undisclosed,k6,target_time_slope,34,3.0,0.10049495412767265,False
final_input_token_layerwise,undisclosed,k6,target_time_slope,35,3.0,0.09797501456365479,False
final_input_token_layerwise,undisclosed,k6,target_time_slope,36,3.0,0.0990316514471874,False
final_input_token_layerwise,undisclosed,k6,displayed_driver_outcome_slope,0,0.0001,-5.551115123125783e-17,False
final_input_token_layerwise,undisclosed,k6,displayed_driver_outcome_slope,1,100.0,-0.0016841916692367231,False
final_input_token_layerwise,undisclosed,k6,displayed_driver_outcome_slope,2,100.0,-0.002051059818013068,False
final_input_token_layerwise,undisclosed,k6,displayed_driver_outcome_slope,3,100.0,-0.001283377336080277,False
final_input_token_layerwise,undisclosed,k6,displayed_driver_outcome_slope,4,100.0,-0.0005614119099577597,False
final_input_token_layerwise,undisclosed,k6,displayed_driver_outcome_slope,5,100.0,-0.0010430895297464104,False
final_input_token_layerwise,undisclosed,k6,displayed_driver_outcome_slope,6,100.0,-0.0012651485581730293,False
final_input_token_layerwise,undisclosed,k6,displayed_driver_outcome_slope,7,100.0,-0.0012522688319975273,False
final_input_token_layerwise,undisclosed,k6,displayed_driver_outcome_slope,8,100.0,-0.001112976550401934,False
final_input_token_layerwise,undisclosed,k6,displayed_driver_outcome_slope,9,100.0,-0.0014254772075602273,False
final_input_token_layerwise,undisclosed,k6,displayed_driver_outcome_slope,10,100.0,-0.001380399654369091,False
final_input_token_layerwise,undisclosed,k6,displayed_driver_outcome_slope,11,100.0,-0.0014045798971294987,False
final_input_token_layerwise,undisclosed,k6,displayed_driver_outcome_slope,12,100.0,-0.0002449805889568335,False
final_input_token_layerwise,undisclosed,k6,displayed_driver_outcome_slope,13,100.0,-0.0010130518066803484,False
final_input_token_layerwise,undisclosed,k6,displayed_driver_outcome_slope,14,100.0,-0.0012270100126667571,False
final_input_token_layerwise,undisclosed,k6,displayed_driver_outcome_slope,15,100.0,-0.0017092005678931432,False
final_input_token_layerwise,undisclosed,k6,displayed_driver_outcome_slope,16,100.0,-0.0024101375087851595,False
final_input_token_layerwise,undisclosed,k6,displayed_driver_outcome_slope,17,100.0,-0.0016668812680315503,False
final_input_token_layerwise,undisclosed,k6,displayed_driver_outcome_slope,18,100.0,-0.00041331965468208165,False
final_input_token_layerwise,undisclosed,k6,displayed_driver_outcome_slope,19,100.0,0.0004971734063485833,False
final_input_token_layerwise,undisclosed,k6,displayed_driver_outcome_slope,20,100.0,0.00034266721406245315,False
final_input_token_layerwise,undisclosed,k6,displayed_driver_outcome_slope,21,3.0,0.0032136471582003,False
final_input_token_layerwise,undisclosed,k6,displayed_driver_outcome_slope,22,3.0,0.006253090937069328,False
final_input_token_layerwise,undisclosed,k6,displayed_driver_outcome_slope,23,3.0,0.01023492832513806,False
final_input_token_layerwise,undisclosed,k6,displayed_driver_outcome_slope,24,3.0,0.012805293368964299,False
final_input_token_layerwise,undisclosed,k6,displayed_driver_outcome_slope,25,100.0,0.0008700239946083099,False
final_input_token_layerwise,undisclosed,k6,displayed_driver_outcome_slope,26,100.0,0.0005115950902758182,False
final_input_token_layerwise,undisclosed,k6,displayed_driver_outcome_slope,27,3.0,0.014992057376629953,True
final_input_token_layerwise,undisclosed,k6,displayed_driver_outcome_slope,28,3.0,0.007561076714619225,False
final_input_token_layerwise,undisclosed,k6,displayed_driver_outcome_slope,29,3.0,0.011301561412296879,False
final_input_token_layerwise,undisclosed,k6,displayed_driver_outcome_slope,30,100.0,0.00018638343695071002,False
final_input_token_layerwise,undisclosed,k6,displayed_driver_outcome_slope,31,3.0,0.010325811224933729,False
final_input_token_layerwise,undisclosed,k6,displayed_driver_outcome_slope,32,3.0,0.012942444768510364,False
final_input_token_layerwise,undisclosed,k6,displayed_driver_outcome_slope,33,3.0,0.004219630651339845,False
final_input_token_layerwise,undisclosed,k6,displayed_driver_outcome_slope,34,3.0,0.004680917610046076,False
final_input_token_layerwise,undisclosed,k6,displayed_driver_outcome_slope,35,3.0,0.010066188754397853,False
final_input_token_layerwise,undisclosed,k6,displayed_driver_outcome_slope,36,3.0,0.009548105492950126,False
final_input_token_layerwise,undisclosed,k6,oracle_posterior_gain,0,0.0001,-5.551115123125783e-17,False
final_input_token_layerwise,undisclosed,k6,oracle_posterior_gain,1,100.0,-0.0020080809057427262,False
final_input_token_layerwise,undisclosed,k6,oracle_posterior_gain,2,100.0,-0.0010027626542040147,False
final_input_token_layerwise,undisclosed,k6,oracle_posterior_gain,3,100.0,-0.0004922704563142533,False
final_input_token_layerwise,undisclosed,k6,oracle_posterior_gain,4,100.0,0.0011795474695999453,False
final_input_token_layerwise,undisclosed,k6,oracle_posterior_gain,5,3.0,0.005466388620753215,False
final_input_token_layerwise,undisclosed,k6,oracle_posterior_gain,6,100.0,0.0006185993617241758,False
final_input_token_layerwise,undisclosed,k6,oracle_posterior_gain,7,3.0,0.00185919977365806,False
final_input_token_layerwise,undisclosed,k6,oracle_posterior_gain,8,100.0,-0.00038766288343650146,False
final_input_token_layerwise,undisclosed,k6,oracle_posterior_gain,9,100.0,-0.0003340564450916572,False
final_input_token_layerwise,undisclosed,k6,oracle_posterior_gain,10,100.0,-0.0006991603818108927,False
final_input_token_layerwise,undisclosed,k6,oracle_posterior_gain,11,100.0,-0.0004930068785740371,False
final_input_token_layerwise,undisclosed,k6,oracle_posterior_gain,12,100.0,-0.0007658539120342922,False
final_input_token_layerwise,undisclosed,k6,oracle_posterior_gain,13,100.0,-0.0004828864995619353,False
final_input_token_layerwise,undisclosed,k6,oracle_posterior_gain,14,100.0,-0.0009193720760616586,False
final_input_token_layerwise,undisclosed,k6,oracle_posterior_gain,15,100.0,-0.0002240377617534206,False
final_input_token_layerwise,undisclosed,k6,oracle_posterior_gain,16,100.0,0.0004541727185711497,False
final_input_token_layerwise,undisclosed,k6,oracle_posterior_gain,17,100.0,2.3848153357874935e-05,False
final_input_token_layerwise,undisclosed,k6,oracle_posterior_gain,18,3.0,0.0026158613149377674,False
final_input_token_layerwise,undisclosed,k6,oracle_posterior_gain,19,3.0,0.022033059208121375,False
final_input_token_layerwise,undisclosed,k6,oracle_posterior_gain,20,3.0,0.06395220304856242,False
final_input_token_layerwise,undisclosed,k6,oracle_posterior_gain,21,3.0,0.07041074604496964,False
final_input_token_layerwise,undisclosed,k6,oracle_posterior_gain,22,3.0,0.06543849674614508,False
final_input_token_layerwise,undisclosed,k6,oracle_posterior_gain,23,3.0,0.10165618158008077,False
final_input_token_layerwise,undisclosed,k6,oracle_posterior_gain,24,3.0,0.08845294500564635,False
final_input_token_layerwise,undisclosed,k6,oracle_posterior_gain,25,3.0,0.09451412332970774,False
final_input_token_layerwise,undisclosed,k6,oracle_posterior_gain,26,3.0,0.1078666138977959,False
final_input_token_layerwise,undisclosed,k6,oracle_posterior_gain,27,3.0,0.12740902556433426,False
final_input_token_layerwise,undisclosed,k6,oracle_posterior_gain,28,3.0,0.13112065478903784,True
final_input_token_layerwise,undisclosed,k6,oracle_posterior_gain,29,3.0,0.12838385538590602,False
final_input_token_layerwise,undisclosed,k6,oracle_posterior_gain,30,3.0,0.12528009663168346,False
final_input_token_layerwise,undisclosed,k6,oracle_posterior_gain,31,3.0,0.11072286183191268,False
final_input_token_layerwise,undisclosed,k6,oracle_posterior_gain,32,3.0,0.10511393906559474,False
final_input_token_layerwise,undisclosed,k6,oracle_posterior_gain,33,3.0,0.1028952760878562,False
final_input_token_layerwise,undisclosed,k6,oracle_posterior_gain,34,3.0,0.08569006560582457,False
final_input_token_layerwise,undisclosed,k6,oracle_posterior_gain,35,3.0,0.09248633323296915,False
final_input_token_layerwise,undisclosed,k6,oracle_posterior_gain,36,3.0,0.09491364178196021,False
final_input_token_layerwise,undisclosed,k9,gain,0,0.0001,0.0,False
final_input_token_layerwise,undisclosed,k9,gain,1,100.0,-0.002931562230133855,False
final_input_token_layerwise,undisclosed,k9,gain,2,100.0,-0.0019416998572647781,False
final_input_token_layerwise,undisclosed,k9,gain,3,100.0,-0.0015448485960155578,False
final_input_token_layerwise,undisclosed,k9,gain,4,100.0,-0.0008560902697730133,False
final_input_token_layerwise,undisclosed,k9,gain,5,100.0,-0.0004122068792197231,False
final_input_token_layerwise,undisclosed,k9,gain,6,100.0,-0.0006787642237203184,False
final_input_token_layerwise,undisclosed,k9,gain,7,100.0,-1.3297505154219458e-06,False
final_input_token_layerwise,undisclosed,k9,gain,8,100.0,0.001008071407234773,False
final_input_token_layerwise,undisclosed,k9,gain,9,100.0,0.0008118854134239739,False
final_input_token_layerwise,undisclosed,k9,gain,10,100.0,0.0003697417711762685,False
final_input_token_layerwise,undisclosed,k9,gain,11,100.0,0.00031940347024178584,False
final_input_token_layerwise,undisclosed,k9,gain,12,100.0,-2.5375243450920237e-06,False
final_input_token_layerwise,undisclosed,k9,gain,13,100.0,-2.26669680204461e-05,False
final_input_token_layerwise,undisclosed,k9,gain,14,100.0,5.712823212433715e-06,False
final_input_token_layerwise,undisclosed,k9,gain,15,3.0,0.0004995887874914839,False
final_input_token_layerwise,undisclosed,k9,gain,16,3.0,0.01877020738666979,False
final_input_token_layerwise,undisclosed,k9,gain,17,3.0,0.019958794076378378,False
final_input_token_layerwise,undisclosed,k9,gain,18,3.0,0.01784324618462374,False
final_input_token_layerwise,undisclosed,k9,gain,19,0.1,0.08669001450226099,False
final_input_token_layerwise,undisclosed,k9,gain,20,3.0,0.09098712921021873,False
final_input_token_layerwise,undisclosed,k9,gain,21,0.1,0.09180359373872524,False
final_input_token_layerwise,undisclosed,k9,gain,22,3.0,0.07191070654659967,False
final_input_token_layerwise,undisclosed,k9,gain,23,3.0,0.11650868355149582,True
final_input_token_layerwise,undisclosed,k9,gain,24,3.0,0.1134419576895617,False
final_input_token_layerwise,undisclosed,k9,gain,25,0.1,0.10214737017407471,False
final_input_token_layerwise,undisclosed,k9,gain,26,3.0,0.08855866651461203,False
final_input_token_layerwise,undisclosed,k9,gain,27,3.0,0.10474933226257588,False
final_input_token_layerwise,undisclosed,k9,gain,28,3.0,0.10840707548735398,False
final_input_token_layerwise,undisclosed,k9,gain,29,3.0,0.09319271281986372,False
final_input_token_layerwise,undisclosed,k9,gain,30,3.0,0.086664526114732,False
final_input_token_layerwise,undisclosed,k9,gain,31,3.0,0.08514300785536882,False
final_input_token_layerwise,undisclosed,k9,gain,32,3.0,0.08114040434058536,False
final_input_token_layerwise,undisclosed,k9,gain,33,3.0,0.05915072914157801,False
final_input_token_layerwise,undisclosed,k9,gain,34,3.0,0.06161004342745799,False
final_input_token_layerwise,undisclosed,k9,gain,35,3.0,0.0849843221881981,False
final_input_token_layerwise,undisclosed,k9,gain,36,3.0,0.0992107995415566,False
final_input_token_layerwise,undisclosed,k9,response_residual,0,0.0001,-2.7755575615628914e-17,False
final_input_token_layerwise,undisclosed,k9,response_residual,1,100.0,-0.003493604264280581,False
final_input_token_layerwise,undisclosed,k9,response_residual,2,100.0,-0.0024489491750778747,False
final_input_token_layerwise,undisclosed,k9,response_residual,3,100.0,-0.002228817949518236,False
final_input_token_layerwise,undisclosed,k9,response_residual,4,100.0,-0.0008323248711396558,False
final_input_token_layerwise,undisclosed,k9,response_residual,5,100.0,-0.0004829436659885,False
final_input_token_layerwise,undisclosed,k9,response_residual,6,100.0,-0.00046435007260492434,False
final_input_token_layerwise,undisclosed,k9,response_residual,7,100.0,0.0001014198002179667,False
final_input_token_layerwise,undisclosed,k9,response_residual,8,100.0,0.00113215149970336,False
final_input_token_layerwise,undisclosed,k9,response_residual,9,100.0,0.0010533968798024929,False
final_input_token_layerwise,undisclosed,k9,response_residual,10,3.0,0.0014196359898836497,False
final_input_token_layerwise,undisclosed,k9,response_residual,11,100.0,0.00034384332958523056,False
final_input_token_layerwise,undisclosed,k9,response_residual,12,100.0,0.0002853371440358077,False
final_input_token_layerwise,undisclosed,k9,response_residual,13,100.0,1.3874749607678538e-05,False
final_input_token_layerwise,undisclosed,k9,response_residual,14,100.0,0.0002355781666489032,False
final_input_token_layerwise,undisclosed,k9,response_residual,15,100.0,0.00012106948223042369,False
final_input_token_layerwise,undisclosed,k9,response_residual,16,100.0,0.0009602608155598047,False
final_input_token_layerwise,undisclosed,k9,response_residual,17,100.0,0.0011778955956714965,False
final_input_token_layerwise,undisclosed,k9,response_residual,18,100.0,0.0011549668126256407,False
final_input_token_layerwise,undisclosed,k9,response_residual,19,3.0,0.019620768031157754,False
final_input_token_layerwise,undisclosed,k9,response_residual,20,3.0,0.03988385756536042,False
final_input_token_layerwise,undisclosed,k9,response_residual,21,3.0,0.026794961815822,False
final_input_token_layerwise,undisclosed,k9,response_residual,22,3.0,0.022813507276708334,False
final_input_token_layerwise,undisclosed,k9,response_residual,23,3.0,0.041695506678398275,True
final_input_token_layerwise,undisclosed,k9,response_residual,24,3.0,0.03353798791069945,False
final_input_token_layerwise,undisclosed,k9,response_residual,25,3.0,0.0354381650768161,False
final_input_token_layerwise,undisclosed,k9,response_residual,26,3.0,0.0279889269115611,False
final_input_token_layerwise,undisclosed,k9,response_residual,27,3.0,0.037435473888524334,False
final_input_token_layerwise,undisclosed,k9,response_residual,28,3.0,0.031303570183577045,False
final_input_token_layerwise,undisclosed,k9,response_residual,29,3.0,0.026861405604665795,False
final_input_token_layerwise,undisclosed,k9,response_residual,30,3.0,0.02790960611768839,False
final_input_token_layerwise,undisclosed,k9,response_residual,31,3.0,0.026968822387464647,False
final_input_token_layerwise,undisclosed,k9,response_residual,32,3.0,0.022172343032339364,False
final_input_token_layerwise,undisclosed,k9,response_residual,33,3.0,0.005472825004210202,False
final_input_token_layerwise,undisclosed,k9,response_residual,34,3.0,0.017142064941783525,False
final_input_token_layerwise,undisclosed,k9,response_residual,35,3.0,0.0317928641484779,False
final_input_token_layerwise,undisclosed,k9,response_residual,36,3.0,0.0388022331026216,False
final_input_token_layerwise,undisclosed,k9,last_target_observation,0,0.0001,1.3877787807814457e-16,False
final_input_token_layerwise,undisclosed,k9,last_target_observation,1,100.0,-0.006617031192206413,False
final_input_token_layerwise,undisclosed,k9,last_target_observation,2,100.0,-0.005123434384415149,False
final_input_token_layerwise,undisclosed,k9,last_target_observation,3,100.0,-0.003875519265738425,False
final_input_token_layerwise,undisclosed,k9,last_target_observation,4,100.0,-0.0018932327041109032,False
final_input_token_layerwise,undisclosed,k9,last_target_observation,5,100.0,-0.0010959182538137213,False
final_input_token_layerwise,undisclosed,k9,last_target_observation,6,100.0,-0.0005856416212699778,False
final_input_token_layerwise,undisclosed,k9,last_target_observation,7,100.0,-0.000591924839903335,False
final_input_token_layerwise,undisclosed,k9,last_target_observation,8,100.0,-0.00034598460394325015,False
final_input_token_layerwise,undisclosed,k9,last_target_observation,9,100.0,-0.00012392810689221267,False
final_input_token_layerwise,undisclosed,k9,last_target_observation,10,100.0,-0.00024471429745270834,False
final_input_token_layerwise,undisclosed,k9,last_target_observation,11,100.0,0.00016815434998909695,False
final_input_token_layerwise,undisclosed,k9,last_target_observation,12,3.0,0.014011874908342548,False
final_input_token_layerwise,undisclosed,k9,last_target_observation,13,3.0,0.03289296759950405,False
final_input_token_layerwise,undisclosed,k9,last_target_observation,14,3.0,0.036217697794953596,False
final_input_token_layerwise,undisclosed,k9,last_target_observation,15,3.0,0.015123066239669913,False
final_input_token_layerwise,undisclosed,k9,last_target_observation,16,3.0,0.008998884936450596,False
final_input_token_layerwise,undisclosed,k9,last_target_observation,17,100.0,0.00013150797206140652,False
final_input_token_layerwise,undisclosed,k9,last_target_observation,18,100.0,-0.0005605930303746176,False
final_input_token_layerwise,undisclosed,k9,last_target_observation,19,100.0,-9.138420687662685e-05,False
final_input_token_layerwise,undisclosed,k9,last_target_observation,20,3.0,0.026930316185190983,False
final_input_token_layerwise,undisclosed,k9,last_target_observation,21,3.0,0.02833897354180559,False
final_input_token_layerwise,undisclosed,k9,last_target_observation,22,3.0,0.04344081729227725,True
final_input_token_layerwise,undisclosed,k9,last_target_observation,23,3.0,0.0361592998841217,False
final_input_token_layerwise,undisclosed,k9,last_target_observation,24,3.0,0.01806929148743766,False
final_input_token_layerwise,undisclosed,k9,last_target_observation,25,3.0,0.0135967906844906,False
final_input_token_layerwise,undisclosed,k9,last_target_observation,26,3.0,0.004644479363840992,False
final_input_token_layerwise,undisclosed,k9,last_target_observation,27,3.0,0.01183370041535331,False
final_input_token_layerwise,undisclosed,k9,last_target_observation,28,3.0,0.011825014154540736,False
final_input_token_layerwise,undisclosed,k9,last_target_observation,29,3.0,0.007955488482671302,False
final_input_token_layerwise,undisclosed,k9,last_target_observation,30,3.0,0.012840697461552059,False
final_input_token_layerwise,undisclosed,k9,last_target_observation,31,3.0,0.006364403863846901,False
final_input_token_layerwise,undisclosed,k9,last_target_observation,32,3.0,0.006244418056561923,False
final_input_token_layerwise,undisclosed,k9,last_target_observation,33,100.0,-0.0004486684082571635,False
final_input_token_layerwise,undisclosed,k9,last_target_observation,34,100.0,-0.00048563319913319525,False
final_input_token_layerwise,undisclosed,k9,last_target_observation,35,3.0,0.003232642219937798,False
final_input_token_layerwise,undisclosed,k9,last_target_observation,36,3.0,0.005102068926298081,False
final_input_token_layerwise,undisclosed,k9,target_observation_mean,0,0.0001,3.885780586188048e-16,False
final_input_token_layerwise,undisclosed,k9,target_observation_mean,1,100.0,0.005144934771380616,False
final_input_token_layerwise,undisclosed,k9,target_observation_mean,2,3.0,0.0036568208032012606,False
final_input_token_layerwise,undisclosed,k9,target_observation_mean,3,100.0,0.0025331117253845625,False
final_input_token_layerwise,undisclosed,k9,target_observation_mean,4,3.0,0.011645569220490815,False
final_input_token_layerwise,undisclosed,k9,target_observation_mean,5,3.0,0.017893558120670006,False
final_input_token_layerwise,undisclosed,k9,target_observation_mean,6,3.0,0.013084291387411212,False
final_input_token_layerwise,undisclosed,k9,target_observation_mean,7,3.0,0.016354729600456197,False
final_input_token_layerwise,undisclosed,k9,target_observation_mean,8,100.0,0.0005552395030562207,False
final_input_token_layerwise,undisclosed,k9,target_observation_mean,9,3.0,0.00197671505092617,False
final_input_token_layerwise,undisclosed,k9,target_observation_mean,10,100.0,-0.00020667838547824835,False
final_input_token_layerwise,undisclosed,k9,target_observation_mean,11,100.0,-0.0010877093589250209,False
final_input_token_layerwise,undisclosed,k9,target_observation_mean,12,100.0,-0.0008252504666763916,False
final_input_token_layerwise,undisclosed,k9,target_observation_mean,13,100.0,0.000128824146008788,False
final_input_token_layerwise,undisclosed,k9,target_observation_mean,14,100.0,-0.0004596262857177458,False
final_input_token_layerwise,undisclosed,k9,target_observation_mean,15,3.0,0.001986450331594003,False
final_input_token_layerwise,undisclosed,k9,target_observation_mean,16,3.0,0.0367734818202432,False
final_input_token_layerwise,undisclosed,k9,target_observation_mean,17,3.0,0.030422979522830823,False
final_input_token_layerwise,undisclosed,k9,target_observation_mean,18,3.0,0.044711365698357874,False
final_input_token_layerwise,undisclosed,k9,target_observation_mean,19,3.0,0.03488175374416627,False
final_input_token_layerwise,undisclosed,k9,target_observation_mean,20,0.1,0.16520599290415225,False
final_input_token_layerwise,undisclosed,k9,target_observation_mean,21,0.1,0.12291813363185733,False
final_input_token_layerwise,undisclosed,k9,target_observation_mean,22,0.1,0.1754176543310373,False
final_input_token_layerwise,undisclosed,k9,target_observation_mean,23,0.1,0.22866547735689643,True
final_input_token_layerwise,undisclosed,k9,target_observation_mean,24,0.1,0.15334971138009976,False
final_input_token_layerwise,undisclosed,k9,target_observation_mean,25,3.0,0.09838887111358696,False
final_input_token_layerwise,undisclosed,k9,target_observation_mean,26,0.1,0.12170387328004373,False
final_input_token_layerwise,undisclosed,k9,target_observation_mean,27,3.0,0.1342396351208392,False
final_input_token_layerwise,undisclosed,k9,target_observation_mean,28,3.0,0.1485287636452422,False
final_input_token_layerwise,undisclosed,k9,target_observation_mean,29,3.0,0.130032818513186,False
final_input_token_layerwise,undisclosed,k9,target_observation_mean,30,3.0,0.11856673846158705,False
final_input_token_layerwise,undisclosed,k9,target_observation_mean,31,3.0,0.11939065515478853,False
final_input_token_layerwise,undisclosed,k9,target_observation_mean,32,3.0,0.11175498100834833,False
final_input_token_layerwise,undisclosed,k9,target_observation_mean,33,3.0,0.0951806729740701,False
final_input_token_layerwise,undisclosed,k9,target_observation_mean,34,3.0,0.08042260027377174,False
final_input_token_layerwise,undisclosed,k9,target_observation_mean,35,3.0,0.0890091324147301,False
final_input_token_layerwise,undisclosed,k9,target_observation_mean,36,3.0,0.10315348775808209,False
final_input_token_layerwise,undisclosed,k9,target_time_slope,0,0.0001,0.0,False
final_input_token_layerwise,undisclosed,k9,target_time_slope,1,3.0,0.007518152414911633,False
final_input_token_layerwise,undisclosed,k9,target_time_slope,2,100.0,-0.0024448531871867907,False
final_input_token_layerwise,undisclosed,k9,target_time_slope,3,100.0,-0.0016303561908771746,False
final_input_token_layerwise,undisclosed,k9,target_time_slope,4,100.0,-0.0006906576827443445,False
final_input_token_layerwise,undisclosed,k9,target_time_slope,5,100.0,-0.0001218974720941235,False
final_input_token_layerwise,undisclosed,k9,target_time_slope,6,100.0,0.00031559452574900226,False
final_input_token_layerwise,undisclosed,k9,target_time_slope,7,3.0,0.006885955879117334,False
final_input_token_layerwise,undisclosed,k9,target_time_slope,8,3.0,0.003987532735473698,False
final_input_token_layerwise,undisclosed,k9,target_time_slope,9,3.0,0.004959412965314103,False
final_input_token_layerwise,undisclosed,k9,target_time_slope,10,3.0,0.021549974524499443,False
final_input_token_layerwise,undisclosed,k9,target_time_slope,11,3.0,0.014278783855776078,False
final_input_token_layerwise,undisclosed,k9,target_time_slope,12,3.0,0.003454789582760104,False
final_input_token_layerwise,undisclosed,k9,target_time_slope,13,3.0,0.022424002310126617,False
final_input_token_layerwise,undisclosed,k9,target_time_slope,14,3.0,0.020861076224642727,False
final_input_token_layerwise,undisclosed,k9,target_time_slope,15,100.0,0.0009754700711203934,False
final_input_token_layerwise,undisclosed,k9,target_time_slope,16,3.0,0.0033224327926065222,False
final_input_token_layerwise,undisclosed,k9,target_time_slope,17,3.0,0.012256146854911526,False
final_input_token_layerwise,undisclosed,k9,target_time_slope,18,3.0,0.04280907188261898,False
final_input_token_layerwise,undisclosed,k9,target_time_slope,19,3.0,0.08749256471518094,False
final_input_token_layerwise,undisclosed,k9,target_time_slope,20,0.1,0.15226533674122675,True
final_input_token_layerwise,undisclosed,k9,target_time_slope,21,3.0,0.11635478483754963,False
final_input_token_layerwise,undisclosed,k9,target_time_slope,22,3.0,0.11785284315517314,False
final_input_token_layerwise,undisclosed,k9,target_time_slope,23,3.0,0.1053019043210831,False
final_input_token_layerwise,undisclosed,k9,target_time_slope,24,3.0,0.062300377394427536,False
final_input_token_layerwise,undisclosed,k9,target_time_slope,25,3.0,0.09392140140031324,False
final_input_token_layerwise,undisclosed,k9,target_time_slope,26,3.0,0.06351063095995982,False
final_input_token_layerwise,undisclosed,k9,target_time_slope,27,3.0,0.06283857307753915,False
final_input_token_layerwise,undisclosed,k9,target_time_slope,28,3.0,0.06419597825840631,False
final_input_token_layerwise,undisclosed,k9,target_time_slope,29,3.0,0.0461154628286663,False
final_input_token_layerwise,undisclosed,k9,target_time_slope,30,3.0,0.06513061468503317,False
final_input_token_layerwise,undisclosed,k9,target_time_slope,31,3.0,0.052965680107009305,False
final_input_token_layerwise,undisclosed,k9,target_time_slope,32,3.0,0.04780618722905497,False
final_input_token_layerwise,undisclosed,k9,target_time_slope,33,3.0,0.04580901290209263,False
final_input_token_layerwise,undisclosed,k9,target_time_slope,34,3.0,0.04830483040576791,False
final_input_token_layerwise,undisclosed,k9,target_time_slope,35,3.0,0.04217833491745651,False
final_input_token_layerwise,undisclosed,k9,target_time_slope,36,3.0,0.04885436042070068,False
final_input_token_layerwise,undisclosed,k9,displayed_driver_outcome_slope,0,0.0001,-1.1102230246251565e-16,False
final_input_token_layerwise,undisclosed,k9,displayed_driver_outcome_slope,1,100.0,0.01044549775638104,False
final_input_token_layerwise,undisclosed,k9,displayed_driver_outcome_slope,2,100.0,0.005819757739062265,False
final_input_token_layerwise,undisclosed,k9,displayed_driver_outcome_slope,3,3.0,0.015852383732946507,False
final_input_token_layerwise,undisclosed,k9,displayed_driver_outcome_slope,4,3.0,0.009311441432436868,False
final_input_token_layerwise,undisclosed,k9,displayed_driver_outcome_slope,5,3.0,0.016913517151706303,False
final_input_token_layerwise,undisclosed,k9,displayed_driver_outcome_slope,6,3.0,0.005886726398316777,False
final_input_token_layerwise,undisclosed,k9,displayed_driver_outcome_slope,7,3.0,0.008408540018107424,False
final_input_token_layerwise,undisclosed,k9,displayed_driver_outcome_slope,8,3.0,0.0025746270510492997,False
final_input_token_layerwise,undisclosed,k9,displayed_driver_outcome_slope,9,3.0,0.010038805334724954,False
final_input_token_layerwise,undisclosed,k9,displayed_driver_outcome_slope,10,3.0,0.004106049155307989,False
final_input_token_layerwise,undisclosed,k9,displayed_driver_outcome_slope,11,100.0,4.8703345287698374e-05,False
final_input_token_layerwise,undisclosed,k9,displayed_driver_outcome_slope,12,100.0,0.00023720889109432597,False
final_input_token_layerwise,undisclosed,k9,displayed_driver_outcome_slope,13,100.0,0.0003458561055132148,False
final_input_token_layerwise,undisclosed,k9,displayed_driver_outcome_slope,14,100.0,-8.670088295620326e-05,False
final_input_token_layerwise,undisclosed,k9,displayed_driver_outcome_slope,15,100.0,-0.00048619988075054854,False
final_input_token_layerwise,undisclosed,k9,displayed_driver_outcome_slope,16,100.0,-1.9133819098099414e-05,False
final_input_token_layerwise,undisclosed,k9,displayed_driver_outcome_slope,17,100.0,-0.00023040065027554735,False
final_input_token_layerwise,undisclosed,k9,displayed_driver_outcome_slope,18,100.0,-0.00044849012425429713,False
final_input_token_layerwise,undisclosed,k9,displayed_driver_outcome_slope,19,3.0,0.03196943175796946,False
final_input_token_layerwise,undisclosed,k9,displayed_driver_outcome_slope,20,3.0,0.02870658288749295,False
final_input_token_layerwise,undisclosed,k9,displayed_driver_outcome_slope,21,3.0,0.06378155381366452,False
final_input_token_layerwise,undisclosed,k9,displayed_driver_outcome_slope,22,3.0,0.0716147790938475,False
final_input_token_layerwise,undisclosed,k9,displayed_driver_outcome_slope,23,3.0,0.07018417365722213,False
final_input_token_layerwise,undisclosed,k9,displayed_driver_outcome_slope,24,3.0,0.082020043785371,True
final_input_token_layerwise,undisclosed,k9,displayed_driver_outcome_slope,25,3.0,0.032525904623095986,False
final_input_token_layerwise,undisclosed,k9,displayed_driver_outcome_slope,26,3.0,0.040786993339968214,False
final_input_token_layerwise,undisclosed,k9,displayed_driver_outcome_slope,27,3.0,0.04817177332566838,False
final_input_token_layerwise,undisclosed,k9,displayed_driver_outcome_slope,28,3.0,0.04174663219421268,False
final_input_token_layerwise,undisclosed,k9,displayed_driver_outcome_slope,29,3.0,0.0399579037759685,False
final_input_token_layerwise,undisclosed,k9,displayed_driver_outcome_slope,30,3.0,0.03209283025851034,False
final_input_token_layerwise,undisclosed,k9,displayed_driver_outcome_slope,31,3.0,0.033223292885018546,False
final_input_token_layerwise,undisclosed,k9,displayed_driver_outcome_slope,32,3.0,0.038663158822942356,False
final_input_token_layerwise,undisclosed,k9,displayed_driver_outcome_slope,33,3.0,0.031035075591157507,False
final_input_token_layerwise,undisclosed,k9,displayed_driver_outcome_slope,34,3.0,0.014536083537613376,False
final_input_token_layerwise,undisclosed,k9,displayed_driver_outcome_slope,35,3.0,0.023896843381180005,False
final_input_token_layerwise,undisclosed,k9,displayed_driver_outcome_slope,36,3.0,0.02614083174757842,False
final_input_token_layerwise,undisclosed,k9,oracle_posterior_gain,0,0.0001,0.0,False
final_input_token_layerwise,undisclosed,k9,oracle_posterior_gain,1,100.0,-3.581026845406177e-05,False
final_input_token_layerwise,undisclosed,k9,oracle_posterior_gain,2,100.0,-0.0010527741283959946,False
final_input_token_layerwise,undisclosed,k9,oracle_posterior_gain,3,100.0,-0.0006151633832655878,False
final_input_token_layerwise,undisclosed,k9,oracle_posterior_gain,4,100.0,-0.0009798231807741087,False
final_input_token_layerwise,undisclosed,k9,oracle_posterior_gain,5,100.0,-0.0006735601457713292,False
final_input_token_layerwise,undisclosed,k9,oracle_posterior_gain,6,100.0,-0.0008157030053139447,False
final_input_token_layerwise,undisclosed,k9,oracle_posterior_gain,7,3.0,0.0067376021565753175,False
final_input_token_layerwise,undisclosed,k9,oracle_posterior_gain,8,3.0,0.008844293456530594,False
final_input_token_layerwise,undisclosed,k9,oracle_posterior_gain,9,3.0,0.007175041450242947,False
final_input_token_layerwise,undisclosed,k9,oracle_posterior_gain,10,100.0,0.0006596729651354438,False
final_input_token_layerwise,undisclosed,k9,oracle_posterior_gain,11,100.0,0.00048267273679925005,False
final_input_token_layerwise,undisclosed,k9,oracle_posterior_gain,12,100.0,0.0005869994227270248,False
final_input_token_layerwise,undisclosed,k9,oracle_posterior_gain,13,3.0,0.020549243765488334,False
final_input_token_layerwise,undisclosed,k9,oracle_posterior_gain,14,3.0,0.002080218366528025,False
final_input_token_layerwise,undisclosed,k9,oracle_posterior_gain,15,3.0,0.025344009079128094,False
final_input_token_layerwise,undisclosed,k9,oracle_posterior_gain,16,3.0,0.032712656443624005,False
final_input_token_layerwise,undisclosed,k9,oracle_posterior_gain,17,3.0,0.03715987463801501,False
final_input_token_layerwise,undisclosed,k9,oracle_posterior_gain,18,3.0,0.03208031529149252,False
final_input_token_layerwise,undisclosed,k9,oracle_posterior_gain,19,0.1,0.08643305237820048,False
final_input_token_layerwise,undisclosed,k9,oracle_posterior_gain,20,0.1,0.1667261912187498,False
final_input_token_layerwise,undisclosed,k9,oracle_posterior_gain,21,3.0,0.1255297848556272,False
final_input_token_layerwise,undisclosed,k9,oracle_posterior_gain,22,3.0,0.1165973447769707,False
final_input_token_layerwise,undisclosed,k9,oracle_posterior_gain,23,3.0,0.17145466005017745,True
final_input_token_layerwise,undisclosed,k9,oracle_posterior_gain,24,3.0,0.16114162918407127,False
final_input_token_layerwise,undisclosed,k9,oracle_posterior_gain,25,3.0,0.13728051736194166,False
final_input_token_layerwise,undisclosed,k9,oracle_posterior_gain,26,3.0,0.132155979314086,False
final_input_token_layerwise,undisclosed,k9,oracle_posterior_gain,27,3.0,0.15179372641441755,False
final_input_token_layerwise,undisclosed,k9,oracle_posterior_gain,28,3.0,0.15477873668340622,False
final_input_token_layerwise,undisclosed,k9,oracle_posterior_gain,29,3.0,0.14921438820714186,False
final_input_token_layerwise,undisclosed,k9,oracle_posterior_gain,30,3.0,0.14195126418907944,False
final_input_token_layerwise,undisclosed,k9,oracle_posterior_gain,31,3.0,0.1430263583590586,False
final_input_token_layerwise,undisclosed,k9,oracle_posterior_gain,32,3.0,0.1319038325118883,False
final_input_token_layerwise,undisclosed,k9,oracle_posterior_gain,33,3.0,0.11936798792228195,False
final_input_token_layerwise,undisclosed,k9,oracle_posterior_gain,34,3.0,0.11509865116673065,False
final_input_token_layerwise,undisclosed,k9,oracle_posterior_gain,35,0.1,0.16523639004439872,False
final_input_token_layerwise,undisclosed,k9,oracle_posterior_gain,36,3.0,0.15830337212781756,False
final_input_token_layerwise,undisclosed,pooled,gain,0,0.0001,0.0,False
final_input_token_layerwise,undisclosed,pooled,gain,1,100.0,0.001406157646781712,False
final_input_token_layerwise,undisclosed,pooled,gain,2,100.0,0.003423855253052943,False
final_input_token_layerwise,undisclosed,pooled,gain,3,100.0,0.0006830635068157028,False
final_input_token_layerwise,undisclosed,pooled,gain,4,100.0,-0.0016382819758349414,False
final_input_token_layerwise,undisclosed,pooled,gain,5,100.0,-0.0017484241830205416,False
final_input_token_layerwise,undisclosed,pooled,gain,6,100.0,-0.0025799261104871942,False
final_input_token_layerwise,undisclosed,pooled,gain,7,100.0,-0.0012232109672909257,False
final_input_token_layerwise,undisclosed,pooled,gain,8,100.0,-0.002216661968859085,False
final_input_token_layerwise,undisclosed,pooled,gain,9,100.0,-0.00136495704360536,False
final_input_token_layerwise,undisclosed,pooled,gain,10,100.0,-0.0006125264507076863,False
final_input_token_layerwise,undisclosed,pooled,gain,11,100.0,-0.002255977621118621,False
final_input_token_layerwise,undisclosed,pooled,gain,12,100.0,-0.0024732649813357654,False
final_input_token_layerwise,undisclosed,pooled,gain,13,100.0,-0.005426243451430492,False
final_input_token_layerwise,undisclosed,pooled,gain,14,100.0,-0.00432621193576424,False
final_input_token_layerwise,undisclosed,pooled,gain,15,100.0,-0.0032799990762648334,False
final_input_token_layerwise,undisclosed,pooled,gain,16,100.0,-0.001082167143031998,False
final_input_token_layerwise,undisclosed,pooled,gain,17,100.0,-0.00019560743840566866,False
final_input_token_layerwise,undisclosed,pooled,gain,18,100.0,-0.0007219366599868863,False
final_input_token_layerwise,undisclosed,pooled,gain,19,100.0,0.004296959490248257,False
final_input_token_layerwise,undisclosed,pooled,gain,20,3.0,0.020133117370555908,False
final_input_token_layerwise,undisclosed,pooled,gain,21,3.0,0.007877928954432512,False
final_input_token_layerwise,undisclosed,pooled,gain,22,100.0,0.0064415143488157816,False
final_input_token_layerwise,undisclosed,pooled,gain,23,3.0,0.058068664772676894,False
final_input_token_layerwise,undisclosed,pooled,gain,24,3.0,0.05091318183049034,False
final_input_token_layerwise,undisclosed,pooled,gain,25,3.0,0.0645571284120977,True
final_input_token_layerwise,undisclosed,pooled,gain,26,3.0,0.032014449781174764,False
final_input_token_layerwise,undisclosed,pooled,gain,27,3.0,0.05120528773037441,False
final_input_token_layerwise,undisclosed,pooled,gain,28,3.0,0.05333581553902481,False
final_input_token_layerwise,undisclosed,pooled,gain,29,3.0,0.04403779393222441,False
final_input_token_layerwise,undisclosed,pooled,gain,30,3.0,0.03531316227206405,False
final_input_token_layerwise,undisclosed,pooled,gain,31,100.0,0.024922718353198592,False
final_input_token_layerwise,undisclosed,pooled,gain,32,100.0,0.024382687752410908,False
final_input_token_layerwise,undisclosed,pooled,gain,33,100.0,0.020556693028407336,False
final_input_token_layerwise,undisclosed,pooled,gain,34,100.0,0.019669623070636116,False
final_input_token_layerwise,undisclosed,pooled,gain,35,3.0,0.039752872597762424,False
final_input_token_layerwise,undisclosed,pooled,gain,36,3.0,0.04530545957300965,False
final_input_token_layerwise,undisclosed,pooled,response_residual,0,0.0001,-2.7755575615628914e-17,False
final_input_token_layerwise,undisclosed,pooled,response_residual,1,100.0,-0.0014822655161393639,False
final_input_token_layerwise,undisclosed,pooled,response_residual,2,100.0,-4.851483336669923e-05,False
final_input_token_layerwise,undisclosed,pooled,response_residual,3,100.0,-0.0023074618871632055,False
final_input_token_layerwise,undisclosed,pooled,response_residual,4,100.0,-0.002888070240525185,False
final_input_token_layerwise,undisclosed,pooled,response_residual,5,100.0,-0.0027676877157556123,False
final_input_token_layerwise,undisclosed,pooled,response_residual,6,100.0,-0.003137778169555664,False
final_input_token_layerwise,undisclosed,pooled,response_residual,7,100.0,-0.0024141106251106734,False
final_input_token_layerwise,undisclosed,pooled,response_residual,8,100.0,-0.002510790796966681,False
final_input_token_layerwise,undisclosed,pooled,response_residual,9,100.0,-0.0019710965631177433,False
final_input_token_layerwise,undisclosed,pooled,response_residual,10,100.0,-0.0011125440973988137,False
final_input_token_layerwise,undisclosed,pooled,response_residual,11,100.0,-0.003099819649035579,False
final_input_token_layerwise,undisclosed,pooled,response_residual,12,100.0,-0.0020994351164422462,False
final_input_token_layerwise,undisclosed,pooled,response_residual,13,100.0,-0.00667173646043918,False
final_input_token_layerwise,undisclosed,pooled,response_residual,14,100.0,-0.005268455516472555,False
final_input_token_layerwise,undisclosed,pooled,response_residual,15,100.0,-0.0038124736226580283,False
final_input_token_layerwise,undisclosed,pooled,response_residual,16,100.0,-0.0031958301374622098,False
final_input_token_layerwise,undisclosed,pooled,response_residual,17,100.0,-0.0012252703695828464,False
final_input_token_layerwise,undisclosed,pooled,response_residual,18,100.0,-0.0012063292737339488,False
final_input_token_layerwise,undisclosed,pooled,response_residual,19,100.0,0.0011450662399087412,False
final_input_token_layerwise,undisclosed,pooled,response_residual,20,100.0,0.0033321417875505632,False
final_input_token_layerwise,undisclosed,pooled,response_residual,21,100.0,0.00069241539177158,False
final_input_token_layerwise,undisclosed,pooled,response_residual,22,100.0,-0.00018615170473750461,False
final_input_token_layerwise,undisclosed,pooled,response_residual,23,100.0,0.012075594665884584,False
final_input_token_layerwise,undisclosed,pooled,response_residual,24,100.0,0.009879200626033,False
final_input_token_layerwise,undisclosed,pooled,response_residual,25,100.0,0.01272334066956556,False
final_input_token_layerwise,undisclosed,pooled,response_residual,26,100.0,0.011703887842308016,False
final_input_token_layerwise,undisclosed,pooled,response_residual,27,100.0,0.01580083803878028,False
final_input_token_layerwise,undisclosed,pooled,response_residual,28,100.0,0.01505923925810193,False
final_input_token_layerwise,undisclosed,pooled,response_residual,29,100.0,0.016066130842643706,True
final_input_token_layerwise,undisclosed,pooled,response_residual,30,100.0,0.014952525742256695,False
final_input_token_layerwise,undisclosed,pooled,response_residual,31,100.0,0.01326682517706874,False
final_input_token_layerwise,undisclosed,pooled,response_residual,32,100.0,0.012264349855965659,False
final_input_token_layerwise,undisclosed,pooled,response_residual,33,100.0,0.00954843332115049,False
final_input_token_layerwise,undisclosed,pooled,response_residual,34,100.0,0.009437783259321217,False
final_input_token_layerwise,undisclosed,pooled,response_residual,35,100.0,0.013887711959981905,False
final_input_token_layerwise,undisclosed,pooled,response_residual,36,100.0,0.015014187601875348,False
mean_embedding,disclosed,k3,gain,0,100.0,-0.0013393875603101013,True
mean_embedding,disclosed,k3,response_residual,0,100.0,-0.00047630881776636325,True
mean_embedding,disclosed,k6,gain,0,100.0,-0.00017146628251396567,True
mean_embedding,disclosed,k6,response_residual,0,100.0,0.0009699176825104794,True
mean_embedding,disclosed,k9,gain,0,100.0,-0.0007117472640997269,True
mean_embedding,disclosed,k9,response_residual,0,100.0,0.000953518261265135,True
mean_embedding,disclosed,pooled,gain,0,100.0,-0.00911051926355024,True
mean_embedding,disclosed,pooled,response_residual,0,100.0,-0.002252039089797505,True
mean_embedding,undisclosed,k3,gain,0,100.0,-0.0015577820481136873,True
mean_embedding,undisclosed,k3,response_residual,0,100.0,-0.0006124525688177007,True
mean_embedding,undisclosed,k6,gain,0,100.0,-0.00029001209052947896,True
mean_embedding,undisclosed,k6,response_residual,0,100.0,0.0009460246119616933,True
mean_embedding,undisclosed,k9,gain,0,100.0,-0.0008389494439039191,True
mean_embedding,undisclosed,k9,response_residual,0,100.0,0.0009659547891521236,True
mean_embedding,undisclosed,pooled,gain,0,100.0,-0.009139188506194404,True
mean_embedding,undisclosed,pooled,response_residual,0,100.0,-0.0022825781034909085,True
mean_final_layer,disclosed,k3,gain,0,100.0,-0.0003008986792514823,True
mean_final_layer,disclosed,k3,response_residual,0,100.0,-0.000464286749666476,True
mean_final_layer,disclosed,k6,gain,0,3.0,0.0056298185801061384,True
mean_final_layer,disclosed,k6,response_residual,0,100.0,-0.0001849046453743508,True
mean_final_layer,disclosed,k9,gain,0,0.1,0.04035635978051963,True
mean_final_layer,disclosed,k9,response_residual,0,3.0,0.012030190726670359,True
mean_final_layer,disclosed,pooled,gain,0,100.0,0.0055824026836107194,True
mean_final_layer,disclosed,pooled,response_residual,0,100.0,-0.00037092451286638295,True
mean_final_layer,undisclosed,k3,gain,0,100.0,-0.0007714685405255661,True
mean_final_layer,undisclosed,k3,response_residual,0,100.0,-0.0008995603561520737,True
mean_final_layer,undisclosed,k6,gain,0,100.0,-0.00017381634268684443,True
mean_final_layer,undisclosed,k6,response_residual,0,100.0,-0.0004128765791411859,True
mean_final_layer,undisclosed,k9,gain,0,0.1,0.02429718957208507,True
mean_final_layer,undisclosed,k9,response_residual,0,3.0,0.006760206525762563,True
mean_final_layer,undisclosed,pooled,gain,0,100.0,0.001981720198396606,True
mean_final_layer,undisclosed,pooled,response_residual,0,100.0,-0.0038274013225072048,True
