representation,train_disclosure,evidence,target,layer,alpha,cv_macro_development_baseline_r2,selected
final_input_token_layerwise,disclosed,k3,gain,0,0.0001,0.0,False
final_input_token_layerwise,disclosed,k3,gain,1,100.0,-0.0008603898201529347,False
final_input_token_layerwise,disclosed,k3,gain,2,100.0,-0.0007466906322089739,False
final_input_token_layerwise,disclosed,k3,gain,3,100.0,-0.0006374326511787431,False
final_input_token_layerwise,disclosed,k3,gain,4,100.0,-0.0005568656180156284,False
final_input_token_layerwise,disclosed,k3,gain,5,100.0,-0.00022166587007557692,False
final_input_token_layerwise,disclosed,k3,gain,6,100.0,-0.0005522705085361235,False
final_input_token_layerwise,disclosed,k3,gain,7,100.0,-0.00035179209686808655,False
final_input_token_layerwise,disclosed,k3,gain,8,100.0,-0.0006128354209471443,False
final_input_token_layerwise,disclosed,k3,gain,9,100.0,-0.0008081782328843989,False
final_input_token_layerwise,disclosed,k3,gain,10,100.0,-0.0006938364031426336,False
final_input_token_layerwise,disclosed,k3,gain,11,100.0,-0.000992835198757508,False
final_input_token_layerwise,disclosed,k3,gain,12,100.0,-0.00039728496938076785,False
final_input_token_layerwise,disclosed,k3,gain,13,100.0,-0.0003394968557044742,False
final_input_token_layerwise,disclosed,k3,gain,14,100.0,-0.0009535241849981668,False
final_input_token_layerwise,disclosed,k3,gain,15,100.0,-0.00015952619289108516,False
final_input_token_layerwise,disclosed,k3,gain,16,3.0,0.0050460067290759025,False
final_input_token_layerwise,disclosed,k3,gain,17,3.0,0.0336439103596651,False
final_input_token_layerwise,disclosed,k3,gain,18,3.0,0.022709381221576758,False
final_input_token_layerwise,disclosed,k3,gain,19,3.0,0.011687709926944095,False
final_input_token_layerwise,disclosed,k3,gain,20,3.0,0.01689221719391404,False
final_input_token_layerwise,disclosed,k3,gain,21,3.0,0.006726392246547502,False
final_input_token_layerwise,disclosed,k3,gain,22,3.0,0.017871671100550296,False
final_input_token_layerwise,disclosed,k3,gain,23,3.0,0.030633339398511955,False
final_input_token_layerwise,disclosed,k3,gain,24,3.0,0.031929273976803924,False
final_input_token_layerwise,disclosed,k3,gain,25,3.0,0.04081026265904128,True
final_input_token_layerwise,disclosed,k3,gain,26,3.0,0.02970904939344987,False
final_input_token_layerwise,disclosed,k3,gain,27,3.0,0.028031707130236366,False
final_input_token_layerwise,disclosed,k3,gain,28,3.0,0.03160397700505946,False
final_input_token_layerwise,disclosed,k3,gain,29,3.0,0.034912755507767346,False
final_input_token_layerwise,disclosed,k3,gain,30,3.0,0.018956300961631478,False
final_input_token_layerwise,disclosed,k3,gain,31,3.0,0.012802174230003377,False
final_input_token_layerwise,disclosed,k3,gain,32,3.0,0.015475650241037225,False
final_input_token_layerwise,disclosed,k3,gain,33,3.0,0.01357365299808777,False
final_input_token_layerwise,disclosed,k3,gain,34,3.0,0.02002559630113948,False
final_input_token_layerwise,disclosed,k3,gain,35,3.0,0.015986608006663378,False
final_input_token_layerwise,disclosed,k3,gain,36,3.0,0.018936115174580076,False
final_input_token_layerwise,disclosed,k3,response_residual,0,0.0001,-2.7755575615628914e-17,False
final_input_token_layerwise,disclosed,k3,response_residual,1,100.0,-0.0005549496845862478,False
final_input_token_layerwise,disclosed,k3,response_residual,2,100.0,-0.0006777296552560874,False
final_input_token_layerwise,disclosed,k3,response_residual,3,100.0,-0.00030626266116187684,False
final_input_token_layerwise,disclosed,k3,response_residual,4,100.0,-0.00026902954982693794,False
final_input_token_layerwise,disclosed,k3,response_residual,5,100.0,0.0001791633651807567,False
final_input_token_layerwise,disclosed,k3,response_residual,6,100.0,-0.0002744319619125968,False
final_input_token_layerwise,disclosed,k3,response_residual,7,100.0,-8.235417817092916e-05,False
final_input_token_layerwise,disclosed,k3,response_residual,8,100.0,-0.000856853185198847,False
final_input_token_layerwise,disclosed,k3,response_residual,9,100.0,-0.0005916176174545207,False
final_input_token_layerwise,disclosed,k3,response_residual,10,100.0,-0.0005752601225578191,False
final_input_token_layerwise,disclosed,k3,response_residual,11,100.0,-0.0007931128335692816,False
final_input_token_layerwise,disclosed,k3,response_residual,12,100.0,-0.0002757932312195954,False
final_input_token_layerwise,disclosed,k3,response_residual,13,100.0,-0.00048275787528795355,False
final_input_token_layerwise,disclosed,k3,response_residual,14,100.0,-0.0006310497695284634,False
final_input_token_layerwise,disclosed,k3,response_residual,15,100.0,0.00024214104809638926,False
final_input_token_layerwise,disclosed,k3,response_residual,16,100.0,0.0013643727926863913,False
final_input_token_layerwise,disclosed,k3,response_residual,17,3.0,0.015530938672341288,False
final_input_token_layerwise,disclosed,k3,response_residual,18,3.0,0.0037117126383407195,False
final_input_token_layerwise,disclosed,k3,response_residual,19,100.0,0.0010236165775974748,False
final_input_token_layerwise,disclosed,k3,response_residual,20,3.0,0.0013918625163555076,False
final_input_token_layerwise,disclosed,k3,response_residual,21,100.0,0.001127618519952328,False
final_input_token_layerwise,disclosed,k3,response_residual,22,3.0,0.009892426920188713,False
final_input_token_layerwise,disclosed,k3,response_residual,23,3.0,0.017018110143814436,True
final_input_token_layerwise,disclosed,k3,response_residual,24,3.0,0.014087378165161452,False
final_input_token_layerwise,disclosed,k3,response_residual,25,3.0,0.013384471953034494,False
final_input_token_layerwise,disclosed,k3,response_residual,26,3.0,0.006074535116100649,False
final_input_token_layerwise,disclosed,k3,response_residual,27,3.0,0.006949850588535478,False
final_input_token_layerwise,disclosed,k3,response_residual,28,3.0,0.005334911511047036,False
final_input_token_layerwise,disclosed,k3,response_residual,29,3.0,0.008613504871908706,False
final_input_token_layerwise,disclosed,k3,response_residual,30,100.0,0.0019137777747226525,False
final_input_token_layerwise,disclosed,k3,response_residual,31,100.0,0.0014092769783806969,False
final_input_token_layerwise,disclosed,k3,response_residual,32,100.0,0.0013373491063436715,False
final_input_token_layerwise,disclosed,k3,response_residual,33,100.0,0.000927441167145937,False
final_input_token_layerwise,disclosed,k3,response_residual,34,100.0,0.0013020157357025441,False
final_input_token_layerwise,disclosed,k3,response_residual,35,100.0,0.0011614678893888952,False
final_input_token_layerwise,disclosed,k3,response_residual,36,100.0,0.0012343142065356916,False
final_input_token_layerwise,disclosed,k3,last_target_observation,0,0.0001,-8.326672684688674e-17,False
final_input_token_layerwise,disclosed,k3,last_target_observation,1,0.1,0.061304465840892414,False
final_input_token_layerwise,disclosed,k3,last_target_observation,2,0.1,0.01489499138797426,False
final_input_token_layerwise,disclosed,k3,last_target_observation,3,3.0,-0.00010284966873624901,False
final_input_token_layerwise,disclosed,k3,last_target_observation,4,0.1,0.03894873225153739,False
final_input_token_layerwise,disclosed,k3,last_target_observation,5,3.0,0.01080458790480826,False
final_input_token_layerwise,disclosed,k3,last_target_observation,6,3.0,0.008883682981561947,False
final_input_token_layerwise,disclosed,k3,last_target_observation,7,0.1,0.052727115435811656,False
final_input_token_layerwise,disclosed,k3,last_target_observation,8,3.0,0.0012134244575318365,False
final_input_token_layerwise,disclosed,k3,last_target_observation,9,100.0,-0.0008906284244129259,False
final_input_token_layerwise,disclosed,k3,last_target_observation,10,100.0,-0.0012736812958140387,False
final_input_token_layerwise,disclosed,k3,last_target_observation,11,100.0,-0.0007083098937326338,False
final_input_token_layerwise,disclosed,k3,last_target_observation,12,100.0,-0.0014815686578318887,False
final_input_token_layerwise,disclosed,k3,last_target_observation,13,100.0,-0.0014573023713769784,False
final_input_token_layerwise,disclosed,k3,last_target_observation,14,100.0,-0.0014547062130888522,False
final_input_token_layerwise,disclosed,k3,last_target_observation,15,100.0,-0.0010789866046533036,False
final_input_token_layerwise,disclosed,k3,last_target_observation,16,100.0,-0.0003426176427399896,False
final_input_token_layerwise,disclosed,k3,last_target_observation,17,100.0,0.00021693106953535324,False
final_input_token_layerwise,disclosed,k3,last_target_observation,18,3.0,0.024440617466192055,False
final_input_token_layerwise,disclosed,k3,last_target_observation,19,3.0,0.050628444573990794,False
final_input_token_layerwise,disclosed,k3,last_target_observation,20,3.0,0.09975434673839279,True
final_input_token_layerwise,disclosed,k3,last_target_observation,21,3.0,0.09475617500604411,False
final_input_token_layerwise,disclosed,k3,last_target_observation,22,3.0,0.09151406220809088,False
final_input_token_layerwise,disclosed,k3,last_target_observation,23,3.0,0.08746180946864662,False
final_input_token_layerwise,disclosed,k3,last_target_observation,24,3.0,0.08217379622048585,False
final_input_token_layerwise,disclosed,k3,last_target_observation,25,0.1,0.09222526825307625,False
final_input_token_layerwise,disclosed,k3,last_target_observation,26,0.1,0.08679624477623585,False
final_input_token_layerwise,disclosed,k3,last_target_observation,27,3.0,0.051374674131139775,False
final_input_token_layerwise,disclosed,k3,last_target_observation,28,3.0,0.06314270397533378,False
final_input_token_layerwise,disclosed,k3,last_target_observation,29,3.0,0.044595063022010495,False
final_input_token_layerwise,disclosed,k3,last_target_observation,30,3.0,0.030384248445312317,False
final_input_token_layerwise,disclosed,k3,last_target_observation,31,3.0,0.01823449900532559,False
final_input_token_layerwise,disclosed,k3,last_target_observation,32,3.0,0.025734341681379447,False
final_input_token_layerwise,disclosed,k3,last_target_observation,33,3.0,0.020885427297387016,False
final_input_token_layerwise,disclosed,k3,last_target_observation,34,3.0,0.014545185842924302,False
final_input_token_layerwise,disclosed,k3,last_target_observation,35,3.0,0.019154646246887147,False
final_input_token_layerwise,disclosed,k3,last_target_observation,36,3.0,0.01952575221048708,False
final_input_token_layerwise,disclosed,k3,target_observation_mean,0,0.0001,5.551115123125783e-17,False
final_input_token_layerwise,disclosed,k3,target_observation_mean,1,3.0,0.015916983037711413,False
final_input_token_layerwise,disclosed,k3,target_observation_mean,2,3.0,0.008894006025671308,False
final_input_token_layerwise,disclosed,k3,target_observation_mean,3,3.0,0.024771359134952625,False
final_input_token_layerwise,disclosed,k3,target_observation_mean,4,3.0,0.020489551332702166,False
final_input_token_layerwise,disclosed,k3,target_observation_mean,5,3.0,0.025332072495101665,False
final_input_token_layerwise,disclosed,k3,target_observation_mean,6,3.0,0.030145732178999712,False
final_input_token_layerwise,disclosed,k3,target_observation_mean,7,3.0,0.026012186048480906,False
final_input_token_layerwise,disclosed,k3,target_observation_mean,8,3.0,0.0423863963292847,False
final_input_token_layerwise,disclosed,k3,target_observation_mean,9,3.0,0.013541669073815488,False
final_input_token_layerwise,disclosed,k3,target_observation_mean,10,3.0,0.0094877028286387,False
final_input_token_layerwise,disclosed,k3,target_observation_mean,11,100.0,0.0007060518143063854,False
final_input_token_layerwise,disclosed,k3,target_observation_mean,12,100.0,0.00033636175126716683,False
final_input_token_layerwise,disclosed,k3,target_observation_mean,13,100.0,-0.00032894021583831923,False
final_input_token_layerwise,disclosed,k3,target_observation_mean,14,100.0,-0.0007313302365775654,False
final_input_token_layerwise,disclosed,k3,target_observation_mean,15,100.0,-3.93669655820994e-05,False
final_input_token_layerwise,disclosed,k3,target_observation_mean,16,100.0,0.0008121165352311666,False
final_input_token_layerwise,disclosed,k3,target_observation_mean,17,100.0,0.001427284019737518,False
final_input_token_layerwise,disclosed,k3,target_observation_mean,18,3.0,0.06314201084976867,False
final_input_token_layerwise,disclosed,k3,target_observation_mean,19,3.0,0.08251953817322225,False
final_input_token_layerwise,disclosed,k3,target_observation_mean,20,0.1,0.19557345121369007,True
final_input_token_layerwise,disclosed,k3,target_observation_mean,21,0.1,0.17924251451423542,False
final_input_token_layerwise,disclosed,k3,target_observation_mean,22,3.0,0.17923515450482633,False
final_input_token_layerwise,disclosed,k3,target_observation_mean,23,3.0,0.1519404023883616,False
final_input_token_layerwise,disclosed,k3,target_observation_mean,24,3.0,0.14161094660456308,False
final_input_token_layerwise,disclosed,k3,target_observation_mean,25,3.0,0.12844265009947262,False
final_input_token_layerwise,disclosed,k3,target_observation_mean,26,3.0,0.13374549119020873,False
final_input_token_layerwise,disclosed,k3,target_observation_mean,27,3.0,0.1305664345428676,False
final_input_token_layerwise,disclosed,k3,target_observation_mean,28,3.0,0.15347481887216555,False
final_input_token_layerwise,disclosed,k3,target_observation_mean,29,3.0,0.11482580017973903,False
final_input_token_layerwise,disclosed,k3,target_observation_mean,30,3.0,0.11643998929972804,False
final_input_token_layerwise,disclosed,k3,target_observation_mean,31,3.0,0.10124613123214662,False
final_input_token_layerwise,disclosed,k3,target_observation_mean,32,3.0,0.10974735069364824,False
final_input_token_layerwise,disclosed,k3,target_observation_mean,33,3.0,0.10699178711585275,False
final_input_token_layerwise,disclosed,k3,target_observation_mean,34,0.1,0.08617481711188968,False
final_input_token_layerwise,disclosed,k3,target_observation_mean,35,3.0,0.07165075330893159,False
final_input_token_layerwise,disclosed,k3,target_observation_mean,36,3.0,0.08576074687167418,False
final_input_token_layerwise,disclosed,k3,target_time_slope,0,0.0001,0.0,False
final_input_token_layerwise,disclosed,k3,target_time_slope,1,100.0,-0.0039972090494935775,False
final_input_token_layerwise,disclosed,k3,target_time_slope,2,100.0,-0.0020128374795647663,False
final_input_token_layerwise,disclosed,k3,target_time_slope,3,100.0,-0.0018439848779632229,False
final_input_token_layerwise,disclosed,k3,target_time_slope,4,100.0,-0.0010505766643059689,False
final_input_token_layerwise,disclosed,k3,target_time_slope,5,100.0,-0.0007165947454509103,False
final_input_token_layerwise,disclosed,k3,target_time_slope,6,100.0,-0.000542399191024362,False
final_input_token_layerwise,disclosed,k3,target_time_slope,7,100.0,-1.571884542850288e-05,False
final_input_token_layerwise,disclosed,k3,target_time_slope,8,100.0,-0.002056230975068435,False
final_input_token_layerwise,disclosed,k3,target_time_slope,9,100.0,-0.0019429083227074373,False
final_input_token_layerwise,disclosed,k3,target_time_slope,10,100.0,-0.0024465256613242503,False
final_input_token_layerwise,disclosed,k3,target_time_slope,11,100.0,-0.0011573262684645425,False
final_input_token_layerwise,disclosed,k3,target_time_slope,12,100.0,-0.0019159748322618575,False
final_input_token_layerwise,disclosed,k3,target_time_slope,13,100.0,-0.0020867460197839804,False
final_input_token_layerwise,disclosed,k3,target_time_slope,14,100.0,-0.0021726111082673305,False
final_input_token_layerwise,disclosed,k3,target_time_slope,15,100.0,-0.001143261415465363,False
final_input_token_layerwise,disclosed,k3,target_time_slope,16,100.0,-0.0017654632517295765,False
final_input_token_layerwise,disclosed,k3,target_time_slope,17,100.0,-0.0012095954539518006,False
final_input_token_layerwise,disclosed,k3,target_time_slope,18,100.0,0.00015525348005440698,False
final_input_token_layerwise,disclosed,k3,target_time_slope,19,3.0,0.018409547898892653,False
final_input_token_layerwise,disclosed,k3,target_time_slope,20,3.0,0.01211768710631314,False
final_input_token_layerwise,disclosed,k3,target_time_slope,21,3.0,0.0036121165874322125,False
final_input_token_layerwise,disclosed,k3,target_time_slope,22,3.0,0.00829273338339559,False
final_input_token_layerwise,disclosed,k3,target_time_slope,23,3.0,0.01864874414124504,False
final_input_token_layerwise,disclosed,k3,target_time_slope,24,3.0,0.018864698798137458,False
final_input_token_layerwise,disclosed,k3,target_time_slope,25,0.1,0.023782948125196712,False
final_input_token_layerwise,disclosed,k3,target_time_slope,26,0.1,0.04485262121792677,True
final_input_token_layerwise,disclosed,k3,target_time_slope,27,0.1,0.03635360218730116,False
final_input_token_layerwise,disclosed,k3,target_time_slope,28,3.0,0.004676537024162097,False
final_input_token_layerwise,disclosed,k3,target_time_slope,29,0.1,0.017430214462441806,False
final_input_token_layerwise,disclosed,k3,target_time_slope,30,100.0,-2.900693713162039e-05,False
final_input_token_layerwise,disclosed,k3,target_time_slope,31,100.0,-0.0007215016322120738,False
final_input_token_layerwise,disclosed,k3,target_time_slope,32,100.0,-0.0007595883503454526,False
final_input_token_layerwise,disclosed,k3,target_time_slope,33,100.0,-3.2174554948749545e-05,False
final_input_token_layerwise,disclosed,k3,target_time_slope,34,3.0,0.0016172660284654028,False
final_input_token_layerwise,disclosed,k3,target_time_slope,35,3.0,0.010675470671327902,False
final_input_token_layerwise,disclosed,k3,target_time_slope,36,3.0,0.005993234987585194,False
final_input_token_layerwise,disclosed,k3,displayed_driver_outcome_slope,0,0.0001,5.551115123125783e-17,False
final_input_token_layerwise,disclosed,k3,displayed_driver_outcome_slope,1,3.0,0.007838820385033418,False
final_input_token_layerwise,disclosed,k3,displayed_driver_outcome_slope,2,100.0,0.000345576738968012,False
final_input_token_layerwise,disclosed,k3,displayed_driver_outcome_slope,3,3.0,0.008671320870874383,False
final_input_token_layerwise,disclosed,k3,displayed_driver_outcome_slope,4,3.0,0.018020789678628024,True
final_input_token_layerwise,disclosed,k3,displayed_driver_outcome_slope,5,3.0,0.009801559702306867,False
final_input_token_layerwise,disclosed,k3,displayed_driver_outcome_slope,6,3.0,0.007688823231628367,False
final_input_token_layerwise,disclosed,k3,displayed_driver_outcome_slope,7,3.0,0.004961002471133041,False
final_input_token_layerwise,disclosed,k3,displayed_driver_outcome_slope,8,100.0,-0.0003245821488866707,False
final_input_token_layerwise,disclosed,k3,displayed_driver_outcome_slope,9,100.0,0.000316076579553376,False
final_input_token_layerwise,disclosed,k3,displayed_driver_outcome_slope,10,100.0,-0.0003402644356904627,False
final_input_token_layerwise,disclosed,k3,displayed_driver_outcome_slope,11,100.0,-0.00023073128541503674,False
final_input_token_layerwise,disclosed,k3,displayed_driver_outcome_slope,12,100.0,0.00013411800877999314,False
final_input_token_layerwise,disclosed,k3,displayed_driver_outcome_slope,13,100.0,0.00020408569440824587,False
final_input_token_layerwise,disclosed,k3,displayed_driver_outcome_slope,14,100.0,-0.0008663236025548138,False
final_input_token_layerwise,disclosed,k3,displayed_driver_outcome_slope,15,100.0,4.027394286848507e-05,False
final_input_token_layerwise,disclosed,k3,displayed_driver_outcome_slope,16,100.0,0.0007560253039105846,False
final_input_token_layerwise,disclosed,k3,displayed_driver_outcome_slope,17,100.0,-0.0008730035451865181,False
final_input_token_layerwise,disclosed,k3,displayed_driver_outcome_slope,18,100.0,0.00047680816430020756,False
final_input_token_layerwise,disclosed,k3,displayed_driver_outcome_slope,19,100.0,0.0008664293250024713,False
final_input_token_layerwise,disclosed,k3,displayed_driver_outcome_slope,20,3.0,0.0041764369626781095,False
final_input_token_layerwise,disclosed,k3,displayed_driver_outcome_slope,21,3.0,0.0054906956408707075,False
final_input_token_layerwise,disclosed,k3,displayed_driver_outcome_slope,22,100.0,0.0004771536905019691,False
final_input_token_layerwise,disclosed,k3,displayed_driver_outcome_slope,23,100.0,0.0010235315493493657,False
final_input_token_layerwise,disclosed,k3,displayed_driver_outcome_slope,24,100.0,0.0009070237313499041,False
final_input_token_layerwise,disclosed,k3,displayed_driver_outcome_slope,25,3.0,0.0018571341934593422,False
final_input_token_layerwise,disclosed,k3,displayed_driver_outcome_slope,26,100.0,0.0003904268368064845,False
final_input_token_layerwise,disclosed,k3,displayed_driver_outcome_slope,27,100.0,6.391144496156742e-05,False
final_input_token_layerwise,disclosed,k3,displayed_driver_outcome_slope,28,100.0,-1.7788699233051153e-05,False
final_input_token_layerwise,disclosed,k3,displayed_driver_outcome_slope,29,100.0,0.00011896766139010695,False
final_input_token_layerwise,disclosed,k3,displayed_driver_outcome_slope,30,100.0,-8.056511075743567e-06,False
final_input_token_layerwise,disclosed,k3,displayed_driver_outcome_slope,31,100.0,-0.0008370391517110165,False
final_input_token_layerwise,disclosed,k3,displayed_driver_outcome_slope,32,100.0,-0.000930910091824444,False
final_input_token_layerwise,disclosed,k3,displayed_driver_outcome_slope,33,100.0,-0.0012499592766666012,False
final_input_token_layerwise,disclosed,k3,displayed_driver_outcome_slope,34,100.0,-0.0008505158207038899,False
final_input_token_layerwise,disclosed,k3,displayed_driver_outcome_slope,35,100.0,-0.0008703262432589454,False
final_input_token_layerwise,disclosed,k3,displayed_driver_outcome_slope,36,100.0,-0.0010052039862045448,False
final_input_token_layerwise,disclosed,k3,oracle_posterior_gain,0,0.0001,0.0,False
final_input_token_layerwise,disclosed,k3,oracle_posterior_gain,1,100.0,-0.003263358020674567,False
final_input_token_layerwise,disclosed,k3,oracle_posterior_gain,2,100.0,-0.0028564820810583758,False
final_input_token_layerwise,disclosed,k3,oracle_posterior_gain,3,100.0,-0.0016786841476933434,False
final_input_token_layerwise,disclosed,k3,oracle_posterior_gain,4,100.0,-0.0011178743897335974,False
final_input_token_layerwise,disclosed,k3,oracle_posterior_gain,5,100.0,-0.0010390190289358003,False
final_input_token_layerwise,disclosed,k3,oracle_posterior_gain,6,100.0,-0.0014965289195075782,False
final_input_token_layerwise,disclosed,k3,oracle_posterior_gain,7,100.0,-0.000844133401173619,False
final_input_token_layerwise,disclosed,k3,oracle_posterior_gain,8,100.0,-0.002030607995649941,False
final_input_token_layerwise,disclosed,k3,oracle_posterior_gain,9,100.0,-0.0018618084093441067,False
final_input_token_layerwise,disclosed,k3,oracle_posterior_gain,10,100.0,-0.0017213793456610227,False
final_input_token_layerwise,disclosed,k3,oracle_posterior_gain,11,100.0,-0.002243042780692872,False
final_input_token_layerwise,disclosed,k3,oracle_posterior_gain,12,100.0,-0.0017885491227238037,False
final_input_token_layerwise,disclosed,k3,oracle_posterior_gain,13,100.0,-0.0015060130354661028,False
final_input_token_layerwise,disclosed,k3,oracle_posterior_gain,14,100.0,-0.00031081020765866274,False
final_input_token_layerwise,disclosed,k3,oracle_posterior_gain,15,100.0,0.00028829336069408074,False
final_input_token_layerwise,disclosed,k3,oracle_posterior_gain,16,100.0,0.0007809495790298271,False
final_input_token_layerwise,disclosed,k3,oracle_posterior_gain,17,100.0,0.00022331701295172368,False
final_input_token_layerwise,disclosed,k3,oracle_posterior_gain,18,100.0,0.0003640822444519465,False
final_input_token_layerwise,disclosed,k3,oracle_posterior_gain,19,3.0,0.02923156475093744,False
final_input_token_layerwise,disclosed,k3,oracle_posterior_gain,20,3.0,0.0158668722946598,False
final_input_token_layerwise,disclosed,k3,oracle_posterior_gain,21,3.0,0.0168847496180779,False
final_input_token_layerwise,disclosed,k3,oracle_posterior_gain,22,3.0,0.028112946196494126,False
final_input_token_layerwise,disclosed,k3,oracle_posterior_gain,23,3.0,0.05595745005158534,False
final_input_token_layerwise,disclosed,k3,oracle_posterior_gain,24,3.0,0.06661995761552242,False
final_input_token_layerwise,disclosed,k3,oracle_posterior_gain,25,3.0,0.07575625889249218,True
final_input_token_layerwise,disclosed,k3,oracle_posterior_gain,26,3.0,0.06023428712738779,False
final_input_token_layerwise,disclosed,k3,oracle_posterior_gain,27,3.0,0.06404359948508451,False
final_input_token_layerwise,disclosed,k3,oracle_posterior_gain,28,3.0,0.034512392685303456,False
final_input_token_layerwise,disclosed,k3,oracle_posterior_gain,29,3.0,0.03228930352007167,False
final_input_token_layerwise,disclosed,k3,oracle_posterior_gain,30,3.0,0.012508100852818976,False
final_input_token_layerwise,disclosed,k3,oracle_posterior_gain,31,100.0,0.0016334493707814701,False
final_input_token_layerwise,disclosed,k3,oracle_posterior_gain,32,3.0,0.008236523969236353,False
final_input_token_layerwise,disclosed,k3,oracle_posterior_gain,33,3.0,0.0035768746242932914,False
final_input_token_layerwise,disclosed,k3,oracle_posterior_gain,34,100.0,0.0010874892821507998,False
final_input_token_layerwise,disclosed,k3,oracle_posterior_gain,35,3.0,0.008975815387856495,False
final_input_token_layerwise,disclosed,k3,oracle_posterior_gain,36,3.0,0.010408713618006438,False
final_input_token_layerwise,disclosed,k6,gain,0,0.0001,0.0,False
final_input_token_layerwise,disclosed,k6,gain,1,100.0,-0.0006202185304173546,False
final_input_token_layerwise,disclosed,k6,gain,2,100.0,-0.0008397047575809391,False
final_input_token_layerwise,disclosed,k6,gain,3,100.0,-0.0010198347445966316,False
final_input_token_layerwise,disclosed,k6,gain,4,100.0,-0.0007810415906696067,False
final_input_token_layerwise,disclosed,k6,gain,5,100.0,-0.0006237917844701124,False
final_input_token_layerwise,disclosed,k6,gain,6,3.0,0.0021290639378939435,False
final_input_token_layerwise,disclosed,k6,gain,7,3.0,0.0009657763759890192,False
final_input_token_layerwise,disclosed,k6,gain,8,100.0,-0.0008201794802210061,False
final_input_token_layerwise,disclosed,k6,gain,9,100.0,-0.0004045942302690897,False
final_input_token_layerwise,disclosed,k6,gain,10,100.0,-0.0001667946569450518,False
final_input_token_layerwise,disclosed,k6,gain,11,100.0,0.00021133927804217745,False
final_input_token_layerwise,disclosed,k6,gain,12,100.0,-0.00024848469009633445,False
final_input_token_layerwise,disclosed,k6,gain,13,3.0,0.005229711924697761,False
final_input_token_layerwise,disclosed,k6,gain,14,100.0,-0.0014219684368380059,False
final_input_token_layerwise,disclosed,k6,gain,15,100.0,-0.0023683710893003806,False
final_input_token_layerwise,disclosed,k6,gain,16,100.0,-0.002009604807225507,False
final_input_token_layerwise,disclosed,k6,gain,17,100.0,-0.0012232540083271237,False
final_input_token_layerwise,disclosed,k6,gain,18,100.0,-0.0007577662308837219,False
final_input_token_layerwise,disclosed,k6,gain,19,100.0,-0.0008412502342935724,False
final_input_token_layerwise,disclosed,k6,gain,20,100.0,-0.0007025661026155428,False
final_input_token_layerwise,disclosed,k6,gain,21,100.0,-0.00025987492137355406,False
final_input_token_layerwise,disclosed,k6,gain,22,100.0,-0.0005963709602348211,False
final_input_token_layerwise,disclosed,k6,gain,23,3.0,0.007639040941598729,False
final_input_token_layerwise,disclosed,k6,gain,24,3.0,0.00813357350882482,True
final_input_token_layerwise,disclosed,k6,gain,25,3.0,0.008070651142687374,False
final_input_token_layerwise,disclosed,k6,gain,26,3.0,0.008083905574013506,False
final_input_token_layerwise,disclosed,k6,gain,27,3.0,0.007375947127968602,False
final_input_token_layerwise,disclosed,k6,gain,28,3.0,0.002502629013359181,False
final_input_token_layerwise,disclosed,k6,gain,29,100.0,-0.0011113214941135818,False
final_input_token_layerwise,disclosed,k6,gain,30,3.0,0.001683740226431446,False
final_input_token_layerwise,disclosed,k6,gain,31,100.0,-0.0014076317750370548,False
final_input_token_layerwise,disclosed,k6,gain,32,100.0,-0.0016719040467122193,False
final_input_token_layerwise,disclosed,k6,gain,33,100.0,-0.0024148981037542816,False
final_input_token_layerwise,disclosed,k6,gain,34,100.0,-0.002088297534276806,False
final_input_token_layerwise,disclosed,k6,gain,35,100.0,-0.001472916559963372,False
final_input_token_layerwise,disclosed,k6,gain,36,100.0,-0.0014943235501846674,False
final_input_token_layerwise,disclosed,k6,response_residual,0,0.0001,-2.7755575615628914e-17,False
final_input_token_layerwise,disclosed,k6,response_residual,1,100.0,-0.002267850071405425,False
final_input_token_layerwise,disclosed,k6,response_residual,2,100.0,-0.001476015821978427,False
final_input_token_layerwise,disclosed,k6,response_residual,3,100.0,-0.0014228668624715335,False
final_input_token_layerwise,disclosed,k6,response_residual,4,100.0,-0.0010511240507770359,False
final_input_token_layerwise,disclosed,k6,response_residual,5,100.0,-0.0008093591533301914,False
final_input_token_layerwise,disclosed,k6,response_residual,6,100.0,-0.0005108689413258483,False
final_input_token_layerwise,disclosed,k6,response_residual,7,100.0,-0.00045435857096287613,False
final_input_token_layerwise,disclosed,k6,response_residual,8,100.0,-0.0009002767606167694,False
final_input_token_layerwise,disclosed,k6,response_residual,9,100.0,-0.0005359572413883018,False
final_input_token_layerwise,disclosed,k6,response_residual,10,100.0,-0.0003559106454262828,False
final_input_token_layerwise,disclosed,k6,response_residual,11,100.0,-0.00024834881205879067,False
final_input_token_layerwise,disclosed,k6,response_residual,12,100.0,-0.00038525469335237705,False
final_input_token_layerwise,disclosed,k6,response_residual,13,100.0,0.00010847676598785272,True
final_input_token_layerwise,disclosed,k6,response_residual,14,100.0,-0.0011564748834380634,False
final_input_token_layerwise,disclosed,k6,response_residual,15,100.0,-0.0013672928736148116,False
final_input_token_layerwise,disclosed,k6,response_residual,16,100.0,-0.0011931127553786725,False
final_input_token_layerwise,disclosed,k6,response_residual,17,100.0,-0.0009598122504079765,False
final_input_token_layerwise,disclosed,k6,response_residual,18,100.0,-0.0007243610085028995,False
final_input_token_layerwise,disclosed,k6,response_residual,19,100.0,-0.0008251560135721925,False
final_input_token_layerwise,disclosed,k6,response_residual,20,100.0,-0.0008718223076010778,False
final_input_token_layerwise,disclosed,k6,response_residual,21,100.0,-0.00038527682560512977,False
final_input_token_layerwise,disclosed,k6,response_residual,22,100.0,-0.0004502666120369536,False
final_input_token_layerwise,disclosed,k6,response_residual,23,100.0,-0.0006139591046469828,False
final_input_token_layerwise,disclosed,k6,response_residual,24,100.0,-0.001011195973128154,False
final_input_token_layerwise,disclosed,k6,response_residual,25,100.0,-0.0006222048767208499,False
final_input_token_layerwise,disclosed,k6,response_residual,26,100.0,-0.0007471985465883901,False
final_input_token_layerwise,disclosed,k6,response_residual,27,100.0,-0.00047671956888298284,False
final_input_token_layerwise,disclosed,k6,response_residual,28,100.0,-0.0008198114415779723,False
final_input_token_layerwise,disclosed,k6,response_residual,29,100.0,-0.0009102784976113831,False
final_input_token_layerwise,disclosed,k6,response_residual,30,100.0,-0.0006625493314136588,False
final_input_token_layerwise,disclosed,k6,response_residual,31,100.0,-0.0009231514406482233,False
final_input_token_layerwise,disclosed,k6,response_residual,32,100.0,-0.0009862956079195184,False
final_input_token_layerwise,disclosed,k6,response_residual,33,100.0,-0.0016898137224615473,False
final_input_token_layerwise,disclosed,k6,response_residual,34,100.0,-0.0014809372907523544,False
final_input_token_layerwise,disclosed,k6,response_residual,35,100.0,-0.0008341748281902039,False
final_input_token_layerwise,disclosed,k6,response_residual,36,100.0,-0.0008918954915170529,False
final_input_token_layerwise,disclosed,k6,last_target_observation,0,0.0001,-2.7755575615628914e-17,False
final_input_token_layerwise,disclosed,k6,last_target_observation,1,3.0,0.017413236388849507,False
final_input_token_layerwise,disclosed,k6,last_target_observation,2,3.0,0.011502008927478768,False
final_input_token_layerwise,disclosed,k6,last_target_observation,3,3.0,0.003880967265749241,False
final_input_token_layerwise,disclosed,k6,last_target_observation,4,3.0,0.011071514309659858,False
final_input_token_layerwise,disclosed,k6,last_target_observation,5,3.0,0.012604493697334018,False
final_input_token_layerwise,disclosed,k6,last_target_observation,6,3.0,0.004674105569942716,False
final_input_token_layerwise,disclosed,k6,last_target_observation,7,3.0,0.0065120939899426245,False
final_input_token_layerwise,disclosed,k6,last_target_observation,8,100.0,0.0012569343683284107,False
final_input_token_layerwise,disclosed,k6,last_target_observation,9,100.0,0.0009075620284692831,False
final_input_token_layerwise,disclosed,k6,last_target_observation,10,100.0,0.0005390624814214928,False
final_input_token_layerwise,disclosed,k6,last_target_observation,11,100.0,0.0008709734305175909,False
final_input_token_layerwise,disclosed,k6,last_target_observation,12,100.0,7.101043715215805e-05,False
final_input_token_layerwise,disclosed,k6,last_target_observation,13,3.0,0.02221333159024258,True
final_input_token_layerwise,disclosed,k6,last_target_observation,14,3.0,0.021848226987934677,False
final_input_token_layerwise,disclosed,k6,last_target_observation,15,3.0,0.0034289510835957826,False
final_input_token_layerwise,disclosed,k6,last_target_observation,16,100.0,0.0005405996577494965,False
final_input_token_layerwise,disclosed,k6,last_target_observation,17,100.0,-0.0003191235730045372,False
final_input_token_layerwise,disclosed,k6,last_target_observation,18,100.0,-0.00039614971652524034,False
final_input_token_layerwise,disclosed,k6,last_target_observation,19,100.0,-6.00961243751863e-06,False
final_input_token_layerwise,disclosed,k6,last_target_observation,20,3.0,0.007882275087093965,False
final_input_token_layerwise,disclosed,k6,last_target_observation,21,100.0,0.00030620116664573094,False
final_input_token_layerwise,disclosed,k6,last_target_observation,22,100.0,-0.00010614931112182258,False
final_input_token_layerwise,disclosed,k6,last_target_observation,23,100.0,0.001869803822884375,False
final_input_token_layerwise,disclosed,k6,last_target_observation,24,100.0,0.002802210241251768,False
final_input_token_layerwise,disclosed,k6,last_target_observation,25,100.0,0.003488095470664143,False
final_input_token_layerwise,disclosed,k6,last_target_observation,26,100.0,0.0031818055849580362,False
final_input_token_layerwise,disclosed,k6,last_target_observation,27,100.0,0.0032871908040087994,False
final_input_token_layerwise,disclosed,k6,last_target_observation,28,100.0,0.00309270221091687,False
final_input_token_layerwise,disclosed,k6,last_target_observation,29,100.0,0.003084508244580675,False
final_input_token_layerwise,disclosed,k6,last_target_observation,30,100.0,0.0026081896581441055,False
final_input_token_layerwise,disclosed,k6,last_target_observation,31,100.0,0.002746209796285898,False
final_input_token_layerwise,disclosed,k6,last_target_observation,32,100.0,0.0031547594923224953,False
final_input_token_layerwise,disclosed,k6,last_target_observation,33,100.0,0.0019745315763363136,False
final_input_token_layerwise,disclosed,k6,last_target_observation,34,100.0,0.002567317394846058,False
final_input_token_layerwise,disclosed,k6,last_target_observation,35,100.0,0.0030314173490761376,False
final_input_token_layerwise,disclosed,k6,last_target_observation,36,100.0,0.0031433897155505597,False
final_input_token_layerwise,disclosed,k6,target_observation_mean,0,0.0001,2.7755575615628914e-17,False
final_input_token_layerwise,disclosed,k6,target_observation_mean,1,100.0,-0.012411922605756132,False
final_input_token_layerwise,disclosed,k6,target_observation_mean,2,100.0,-0.005409785418089258,False
final_input_token_layerwise,disclosed,k6,target_observation_mean,3,100.0,-0.003913185949379866,False
final_input_token_layerwise,disclosed,k6,target_observation_mean,4,100.0,-0.002072466636977549,False
final_input_token_layerwise,disclosed,k6,target_observation_mean,5,100.0,-0.000555318028402807,False
final_input_token_layerwise,disclosed,k6,target_observation_mean,6,100.0,0.0003531351257752835,False
final_input_token_layerwise,disclosed,k6,target_observation_mean,7,3.0,0.011327364654408312,False
final_input_token_layerwise,disclosed,k6,target_observation_mean,8,100.0,0.0015909880422770861,False
final_input_token_layerwise,disclosed,k6,target_observation_mean,9,100.0,0.0008749317794454481,False
final_input_token_layerwise,disclosed,k6,target_observation_mean,10,100.0,0.0008234843447122442,False
final_input_token_layerwise,disclosed,k6,target_observation_mean,11,100.0,-0.0004270826410679718,False
final_input_token_layerwise,disclosed,k6,target_observation_mean,12,100.0,-0.0006291536688713129,False
final_input_token_layerwise,disclosed,k6,target_observation_mean,13,100.0,0.0003950913721571525,False
final_input_token_layerwise,disclosed,k6,target_observation_mean,14,100.0,0.0008346940118562352,False
final_input_token_layerwise,disclosed,k6,target_observation_mean,15,3.0,0.0149201485383601,False
final_input_token_layerwise,disclosed,k6,target_observation_mean,16,3.0,0.04020891751467193,False
final_input_token_layerwise,disclosed,k6,target_observation_mean,17,3.0,0.03317365557119831,False
final_input_token_layerwise,disclosed,k6,target_observation_mean,18,3.0,0.05873016508302936,False
final_input_token_layerwise,disclosed,k6,target_observation_mean,19,3.0,0.06309297766170141,False
final_input_token_layerwise,disclosed,k6,target_observation_mean,20,3.0,0.07928655827215336,False
final_input_token_layerwise,disclosed,k6,target_observation_mean,21,0.1,0.15611243979663902,True
final_input_token_layerwise,disclosed,k6,target_observation_mean,22,3.0,0.11607366545949166,False
final_input_token_layerwise,disclosed,k6,target_observation_mean,23,3.0,0.07631423677350929,False
final_input_token_layerwise,disclosed,k6,target_observation_mean,24,3.0,0.0647100792818493,False
final_input_token_layerwise,disclosed,k6,target_observation_mean,25,3.0,0.047297796442653556,False
final_input_token_layerwise,disclosed,k6,target_observation_mean,26,3.0,0.039308190783533925,False
final_input_token_layerwise,disclosed,k6,target_observation_mean,27,3.0,0.03598659581498012,False
final_input_token_layerwise,disclosed,k6,target_observation_mean,28,3.0,0.04556478427958269,False
final_input_token_layerwise,disclosed,k6,target_observation_mean,29,3.0,0.033836304132955214,False
final_input_token_layerwise,disclosed,k6,target_observation_mean,30,3.0,0.044072643349784,False
final_input_token_layerwise,disclosed,k6,target_observation_mean,31,3.0,0.03178566312906558,False
final_input_token_layerwise,disclosed,k6,target_observation_mean,32,3.0,0.03856819284666024,False
final_input_token_layerwise,disclosed,k6,target_observation_mean,33,3.0,0.030729641676555952,False
final_input_token_layerwise,disclosed,k6,target_observation_mean,34,3.0,0.029932909047882122,False
final_input_token_layerwise,disclosed,k6,target_observation_mean,35,3.0,0.04938273371938151,False
final_input_token_layerwise,disclosed,k6,target_observation_mean,36,3.0,0.04584862649881008,False
final_input_token_layerwise,disclosed,k6,target_time_slope,0,0.0001,0.0,False
final_input_token_layerwise,disclosed,k6,target_time_slope,1,100.0,0.0020057299410425333,False
final_input_token_layerwise,disclosed,k6,target_time_slope,2,3.0,0.005909643657035946,False
final_input_token_layerwise,disclosed,k6,target_time_slope,3,100.0,0.0004563438590551028,False
final_input_token_layerwise,disclosed,k6,target_time_slope,4,3.0,0.012585045512752274,False
final_input_token_layerwise,disclosed,k6,target_time_slope,5,3.0,0.00538367974312759,False
final_input_token_layerwise,disclosed,k6,target_time_slope,6,100.0,0.0002824051177616471,False
final_input_token_layerwise,disclosed,k6,target_time_slope,7,3.0,0.0036654264840456086,False
final_input_token_layerwise,disclosed,k6,target_time_slope,8,3.0,0.014109779226984032,False
final_input_token_layerwise,disclosed,k6,target_time_slope,9,100.0,0.000658443268893999,False
final_input_token_layerwise,disclosed,k6,target_time_slope,10,100.0,0.0003528356172535496,False
final_input_token_layerwise,disclosed,k6,target_time_slope,11,100.0,-1.4137989588991484e-05,False
final_input_token_layerwise,disclosed,k6,target_time_slope,12,3.0,0.0029779140518108593,False
final_input_token_layerwise,disclosed,k6,target_time_slope,13,3.0,0.01617960571081517,False
final_input_token_layerwise,disclosed,k6,target_time_slope,14,100.0,0.0003578794603703861,False
final_input_token_layerwise,disclosed,k6,target_time_slope,15,3.0,0.030162330285804534,False
final_input_token_layerwise,disclosed,k6,target_time_slope,16,3.0,0.01857099421918995,False
final_input_token_layerwise,disclosed,k6,target_time_slope,17,100.0,0.0006717274388031713,False
final_input_token_layerwise,disclosed,k6,target_time_slope,18,100.0,0.00035221251013328736,False
final_input_token_layerwise,disclosed,k6,target_time_slope,19,3.0,0.026666861657071633,False
final_input_token_layerwise,disclosed,k6,target_time_slope,20,0.1,0.054580664092626185,True
final_input_token_layerwise,disclosed,k6,target_time_slope,21,3.0,0.036780600229749105,False
final_input_token_layerwise,disclosed,k6,target_time_slope,22,3.0,0.03864118916425724,False
final_input_token_layerwise,disclosed,k6,target_time_slope,23,3.0,0.021650346317333036,False
final_input_token_layerwise,disclosed,k6,target_time_slope,24,100.0,0.003873419847327808,False
final_input_token_layerwise,disclosed,k6,target_time_slope,25,3.0,0.0058243903647383355,False
final_input_token_layerwise,disclosed,k6,target_time_slope,26,100.0,0.003665631933827601,False
final_input_token_layerwise,disclosed,k6,target_time_slope,27,100.0,0.0038865631164898273,False
final_input_token_layerwise,disclosed,k6,target_time_slope,28,100.0,0.0038957697789386847,False
final_input_token_layerwise,disclosed,k6,target_time_slope,29,3.0,0.008904441287021725,False
final_input_token_layerwise,disclosed,k6,target_time_slope,30,3.0,0.008783472304966428,False
final_input_token_layerwise,disclosed,k6,target_time_slope,31,100.0,0.003349130494161523,False
final_input_token_layerwise,disclosed,k6,target_time_slope,32,3.0,0.007570755413100233,False
final_input_token_layerwise,disclosed,k6,target_time_slope,33,3.0,0.013550038190703051,False
final_input_token_layerwise,disclosed,k6,target_time_slope,34,3.0,0.020392731834745742,False
final_input_token_layerwise,disclosed,k6,target_time_slope,35,3.0,0.045658976974306875,False
final_input_token_layerwise,disclosed,k6,target_time_slope,36,3.0,0.04333488246088843,False
final_input_token_layerwise,disclosed,k6,displayed_driver_outcome_slope,0,0.0001,-5.551115123125783e-17,False
final_input_token_layerwise,disclosed,k6,displayed_driver_outcome_slope,1,100.0,-0.0023971284742902166,False
final_input_token_layerwise,disclosed,k6,displayed_driver_outcome_slope,2,100.0,-0.00224619735405468,False
final_input_token_layerwise,disclosed,k6,displayed_driver_outcome_slope,3,100.0,-0.002220753825286914,False
final_input_token_layerwise,disclosed,k6,displayed_driver_outcome_slope,4,100.0,-0.0024465203907063637,False
final_input_token_layerwise,disclosed,k6,displayed_driver_outcome_slope,5,100.0,-0.0016102069917657835,False
final_input_token_layerwise,disclosed,k6,displayed_driver_outcome_slope,6,100.0,-0.0021690882877809514,False
final_input_token_layerwise,disclosed,k6,displayed_driver_outcome_slope,7,100.0,-0.0016721837736463074,False
final_input_token_layerwise,disclosed,k6,displayed_driver_outcome_slope,8,100.0,-0.0017325228682083527,False
final_input_token_layerwise,disclosed,k6,displayed_driver_outcome_slope,9,100.0,-0.0014483915860449281,False
final_input_token_layerwise,disclosed,k6,displayed_driver_outcome_slope,10,100.0,-0.0009984039929984423,False
final_input_token_layerwise,disclosed,k6,displayed_driver_outcome_slope,11,100.0,-0.0012015841908105673,False
final_input_token_layerwise,disclosed,k6,displayed_driver_outcome_slope,12,100.0,-0.00101864611647548,False
final_input_token_layerwise,disclosed,k6,displayed_driver_outcome_slope,13,100.0,-0.001693639341497466,False
final_input_token_layerwise,disclosed,k6,displayed_driver_outcome_slope,14,100.0,-0.0022659168157330156,False
final_input_token_layerwise,disclosed,k6,displayed_driver_outcome_slope,15,100.0,-0.0012212832599447776,False
final_input_token_layerwise,disclosed,k6,displayed_driver_outcome_slope,16,100.0,-0.0009737544441587032,False
final_input_token_layerwise,disclosed,k6,displayed_driver_outcome_slope,17,100.0,-0.0009178624959406967,False
final_input_token_layerwise,disclosed,k6,displayed_driver_outcome_slope,18,100.0,-0.00020160592292745028,False
final_input_token_layerwise,disclosed,k6,displayed_driver_outcome_slope,19,100.0,-0.00028727308741891,False
final_input_token_layerwise,disclosed,k6,displayed_driver_outcome_slope,20,100.0,-0.0007489826468931038,False
final_input_token_layerwise,disclosed,k6,displayed_driver_outcome_slope,21,100.0,-0.0005733487920393798,False
final_input_token_layerwise,disclosed,k6,displayed_driver_outcome_slope,22,100.0,-0.0008094590437350835,False
final_input_token_layerwise,disclosed,k6,displayed_driver_outcome_slope,23,100.0,0.0009071346080723741,False
final_input_token_layerwise,disclosed,k6,displayed_driver_outcome_slope,24,100.0,0.00034352699735074044,False
final_input_token_layerwise,disclosed,k6,displayed_driver_outcome_slope,25,3.0,0.012925557310968727,False
final_input_token_layerwise,disclosed,k6,displayed_driver_outcome_slope,26,3.0,0.01850532620324674,True
final_input_token_layerwise,disclosed,k6,displayed_driver_outcome_slope,27,3.0,0.01501854902052474,False
final_input_token_layerwise,disclosed,k6,displayed_driver_outcome_slope,28,3.0,0.017566011266085757,False
final_input_token_layerwise,disclosed,k6,displayed_driver_outcome_slope,29,3.0,0.013877449899621086,False
final_input_token_layerwise,disclosed,k6,displayed_driver_outcome_slope,30,3.0,0.009015176748636361,False
final_input_token_layerwise,disclosed,k6,displayed_driver_outcome_slope,31,3.0,0.014503612297701446,False
final_input_token_layerwise,disclosed,k6,displayed_driver_outcome_slope,32,3.0,0.017253587662715897,False
final_input_token_layerwise,disclosed,k6,displayed_driver_outcome_slope,33,3.0,0.01722108927751123,False
final_input_token_layerwise,disclosed,k6,displayed_driver_outcome_slope,34,3.0,0.01108953055854947,False
final_input_token_layerwise,disclosed,k6,displayed_driver_outcome_slope,35,3.0,0.007831776478384234,False
final_input_token_layerwise,disclosed,k6,displayed_driver_outcome_slope,36,100.0,-0.0006763643875061232,False
final_input_token_layerwise,disclosed,k6,oracle_posterior_gain,0,0.0001,-5.551115123125783e-17,False
final_input_token_layerwise,disclosed,k6,oracle_posterior_gain,1,100.0,-0.00569707959359983,False
final_input_token_layerwise,disclosed,k6,oracle_posterior_gain,2,100.0,-0.0031262569588747235,False
final_input_token_layerwise,disclosed,k6,oracle_posterior_gain,3,100.0,-0.0024715802888644334,False
final_input_token_layerwise,disclosed,k6,oracle_posterior_gain,4,100.0,-0.0019465883422430663,False
final_input_token_layerwise,disclosed,k6,oracle_posterior_gain,5,100.0,-0.0010662140997779734,False
final_input_token_layerwise,disclosed,k6,oracle_posterior_gain,6,100.0,0.00035159676501014814,False
final_input_token_layerwise,disclosed,k6,oracle_posterior_gain,7,100.0,2.121991228820619e-05,False
final_input_token_layerwise,disclosed,k6,oracle_posterior_gain,8,100.0,0.0006850313996982771,False
final_input_token_layerwise,disclosed,k6,oracle_posterior_gain,9,100.0,0.0001516500303335444,False
final_input_token_layerwise,disclosed,k6,oracle_posterior_gain,10,100.0,9.174520771981776e-06,False
final_input_token_layerwise,disclosed,k6,oracle_posterior_gain,11,100.0,5.728460691148407e-05,False
final_input_token_layerwise,disclosed,k6,oracle_posterior_gain,12,100.0,-0.0005800387391297901,False
final_input_token_layerwise,disclosed,k6,oracle_posterior_gain,13,100.0,-0.0005092075622650238,False
final_input_token_layerwise,disclosed,k6,oracle_posterior_gain,14,100.0,-0.0009466268694570401,False
final_input_token_layerwise,disclosed,k6,oracle_posterior_gain,15,100.0,-0.002448421475792162,False
final_input_token_layerwise,disclosed,k6,oracle_posterior_gain,16,100.0,-0.0021291908399777015,False
final_input_token_layerwise,disclosed,k6,oracle_posterior_gain,17,100.0,-0.001922360998610817,False
final_input_token_layerwise,disclosed,k6,oracle_posterior_gain,18,100.0,-0.0020343569526649063,False
final_input_token_layerwise,disclosed,k6,oracle_posterior_gain,19,100.0,-0.0005215231596411574,False
final_input_token_layerwise,disclosed,k6,oracle_posterior_gain,20,3.0,0.025835396472330047,False
final_input_token_layerwise,disclosed,k6,oracle_posterior_gain,21,3.0,0.02853994601113599,False
final_input_token_layerwise,disclosed,k6,oracle_posterior_gain,22,3.0,0.03627344679967845,False
final_input_token_layerwise,disclosed,k6,oracle_posterior_gain,23,3.0,0.06111015176083087,True
final_input_token_layerwise,disclosed,k6,oracle_posterior_gain,24,3.0,0.047740017915288674,False
final_input_token_layerwise,disclosed,k6,oracle_posterior_gain,25,3.0,0.059250901625751834,False
final_input_token_layerwise,disclosed,k6,oracle_posterior_gain,26,3.0,0.05217823932228813,False
final_input_token_layerwise,disclosed,k6,oracle_posterior_gain,27,3.0,0.04967737223321761,False
final_input_token_layerwise,disclosed,k6,oracle_posterior_gain,28,3.0,0.043143717980257484,False
final_input_token_layerwise,disclosed,k6,oracle_posterior_gain,29,3.0,0.03159853779597613,False
final_input_token_layerwise,disclosed,k6,oracle_posterior_gain,30,3.0,0.03217743759788594,False
final_input_token_layerwise,disclosed,k6,oracle_posterior_gain,31,3.0,0.027675948884690743,False
final_input_token_layerwise,disclosed,k6,oracle_posterior_gain,32,3.0,0.019590152516304526,False
final_input_token_layerwise,disclosed,k6,oracle_posterior_gain,33,3.0,0.005702338864943229,False
final_input_token_layerwise,disclosed,k6,oracle_posterior_gain,34,3.0,0.009903066364979424,False
final_input_token_layerwise,disclosed,k6,oracle_posterior_gain,35,3.0,0.02199462927175555,False
final_input_token_layerwise,disclosed,k6,oracle_posterior_gain,36,3.0,0.01996481985321827,False
final_input_token_layerwise,disclosed,k9,gain,0,0.0001,0.0,False
final_input_token_layerwise,disclosed,k9,gain,1,100.0,-0.0031524682627919187,False
final_input_token_layerwise,disclosed,k9,gain,2,100.0,-0.0013728500646160713,False
final_input_token_layerwise,disclosed,k9,gain,3,100.0,-0.001195642813094533,False
final_input_token_layerwise,disclosed,k9,gain,4,100.0,-0.00019097077583307698,False
final_input_token_layerwise,disclosed,k9,gain,5,100.0,-0.000488608740566332,False
final_input_token_layerwise,disclosed,k9,gain,6,3.0,-1.1539181351716277e-05,False
final_input_token_layerwise,disclosed,k9,gain,7,100.0,-0.00047686155921930484,False
final_input_token_layerwise,disclosed,k9,gain,8,100.0,-0.0006624296153930065,False
final_input_token_layerwise,disclosed,k9,gain,9,100.0,-0.0004181609185776036,False
final_input_token_layerwise,disclosed,k9,gain,10,3.0,0.0074759065152426585,False
final_input_token_layerwise,disclosed,k9,gain,11,3.0,0.008221399242915012,False
final_input_token_layerwise,disclosed,k9,gain,12,3.0,0.022049497203067814,False
final_input_token_layerwise,disclosed,k9,gain,13,3.0,0.0163705204456574,False
final_input_token_layerwise,disclosed,k9,gain,14,100.0,-2.162215830658898e-05,False
final_input_token_layerwise,disclosed,k9,gain,15,100.0,0.00015739300245848353,False
final_input_token_layerwise,disclosed,k9,gain,16,3.0,0.0022943439494934603,False
final_input_token_layerwise,disclosed,k9,gain,17,100.0,0.0007574901817810065,False
final_input_token_layerwise,disclosed,k9,gain,18,100.0,-0.0005278318934849591,False
final_input_token_layerwise,disclosed,k9,gain,19,100.0,0.0002804803933689204,False
final_input_token_layerwise,disclosed,k9,gain,20,3.0,0.024365347433599777,False
final_input_token_layerwise,disclosed,k9,gain,21,3.0,0.04081141252858572,False
final_input_token_layerwise,disclosed,k9,gain,22,3.0,0.049603982074712255,True
final_input_token_layerwise,disclosed,k9,gain,23,3.0,0.03874335184379532,False
final_input_token_layerwise,disclosed,k9,gain,24,3.0,0.031786261324200066,False
final_input_token_layerwise,disclosed,k9,gain,25,3.0,0.0098702259460558,False
final_input_token_layerwise,disclosed,k9,gain,26,3.0,0.01896384824662084,False
final_input_token_layerwise,disclosed,k9,gain,27,3.0,0.012916689271679854,False
final_input_token_layerwise,disclosed,k9,gain,28,100.0,0.0007884563548720136,False
final_input_token_layerwise,disclosed,k9,gain,29,100.0,0.00042353793662253114,False
final_input_token_layerwise,disclosed,k9,gain,30,100.0,0.0002725568646761989,False
final_input_token_layerwise,disclosed,k9,gain,31,100.0,-0.00021959275082955587,False
final_input_token_layerwise,disclosed,k9,gain,32,100.0,-0.00022498388285496773,False
final_input_token_layerwise,disclosed,k9,gain,33,100.0,-0.000552572444132482,False
final_input_token_layerwise,disclosed,k9,gain,34,100.0,-0.0004947058025061013,False
final_input_token_layerwise,disclosed,k9,gain,35,100.0,-5.697118732614359e-05,False
final_input_token_layerwise,disclosed,k9,gain,36,3.0,0.005754008969339197,False
final_input_token_layerwise,disclosed,k9,response_residual,0,0.0001,-2.7755575615628914e-17,False
final_input_token_layerwise,disclosed,k9,response_residual,1,100.0,-0.0035388157287973288,False
final_input_token_layerwise,disclosed,k9,response_residual,2,100.0,-0.0017447943788154174,False
final_input_token_layerwise,disclosed,k9,response_residual,3,100.0,-0.001331140576100176,False
final_input_token_layerwise,disclosed,k9,response_residual,4,100.0,-0.00043136340725374867,False
final_input_token_layerwise,disclosed,k9,response_residual,5,100.0,-0.0006216739421570361,False
final_input_token_layerwise,disclosed,k9,response_residual,6,100.0,-0.00031471072230229713,False
final_input_token_layerwise,disclosed,k9,response_residual,7,100.0,-8.235480025303721e-05,False
final_input_token_layerwise,disclosed,k9,response_residual,8,100.0,-0.00043008662165880396,False
final_input_token_layerwise,disclosed,k9,response_residual,9,100.0,-0.00031859734991468436,False
final_input_token_layerwise,disclosed,k9,response_residual,10,100.0,0.0006662571313922339,False
final_input_token_layerwise,disclosed,k9,response_residual,11,3.0,0.0024968669733209936,False
final_input_token_layerwise,disclosed,k9,response_residual,12,3.0,0.017355666914113443,True
final_input_token_layerwise,disclosed,k9,response_residual,13,3.0,0.0017938261897939567,False
final_input_token_layerwise,disclosed,k9,response_residual,14,100.0,-0.0009091836350733906,False
final_input_token_layerwise,disclosed,k9,response_residual,15,100.0,-0.00038685799897958395,False
final_input_token_layerwise,disclosed,k9,response_residual,16,100.0,8.990381219722843e-05,False
final_input_token_layerwise,disclosed,k9,response_residual,17,100.0,0.0008481477024164519,False
final_input_token_layerwise,disclosed,k9,response_residual,18,100.0,-0.00013020051328760385,False
final_input_token_layerwise,disclosed,k9,response_residual,19,100.0,0.00019384837975791602,False
final_input_token_layerwise,disclosed,k9,response_residual,20,100.0,0.0004930724538527997,False
final_input_token_layerwise,disclosed,k9,response_residual,21,3.0,0.010997334937181802,False
final_input_token_layerwise,disclosed,k9,response_residual,22,3.0,0.013839849674092908,False
final_input_token_layerwise,disclosed,k9,response_residual,23,3.0,0.007900916642899325,False
final_input_token_layerwise,disclosed,k9,response_residual,24,3.0,0.0037596233276351587,False
final_input_token_layerwise,disclosed,k9,response_residual,25,100.0,0.00045896642459161696,False
final_input_token_layerwise,disclosed,k9,response_residual,26,100.0,0.0007603465622744721,False
final_input_token_layerwise,disclosed,k9,response_residual,27,100.0,0.0007223711503051289,False
final_input_token_layerwise,disclosed,k9,response_residual,28,100.0,0.0003136268983778556,False
final_input_token_layerwise,disclosed,k9,response_residual,29,100.0,-8.449288280265588e-05,False
final_input_token_layerwise,disclosed,k9,response_residual,30,100.0,-0.00014801916418832883,False
final_input_token_layerwise,disclosed,k9,response_residual,31,100.0,-0.0005285172062919063,False
final_input_token_layerwise,disclosed,k9,response_residual,32,100.0,-0.0005045493189769212,False
final_input_token_layerwise,disclosed,k9,response_residual,33,100.0,-0.0005177881679504226,False
final_input_token_layerwise,disclosed,k9,response_residual,34,100.0,-0.0002941046844585349,False
final_input_token_layerwise,disclosed,k9,response_residual,35,100.0,0.00011094547402248911,False
final_input_token_layerwise,disclosed,k9,response_residual,36,100.0,0.0002377160564096814,False
final_input_token_layerwise,disclosed,k9,last_target_observation,0,0.0001,1.3877787807814457e-16,False
final_input_token_layerwise,disclosed,k9,last_target_observation,1,100.0,-0.005843278618542669,False
final_input_token_layerwise,disclosed,k9,last_target_observation,2,100.0,-0.003725127241254511,False
final_input_token_layerwise,disclosed,k9,last_target_observation,3,100.0,-0.002259456066269344,False
final_input_token_layerwise,disclosed,k9,last_target_observation,4,100.0,-0.000795641558555632,False
final_input_token_layerwise,disclosed,k9,last_target_observation,5,3.0,0.003415599428925581,False
final_input_token_layerwise,disclosed,k9,last_target_observation,6,3.0,0.010793268830694508,False
final_input_token_layerwise,disclosed,k9,last_target_observation,7,100.0,-0.0001257946612691907,False
final_input_token_layerwise,disclosed,k9,last_target_observation,8,3.0,0.006182255097466449,False
final_input_token_layerwise,disclosed,k9,last_target_observation,9,3.0,0.006841815005789537,False
final_input_token_layerwise,disclosed,k9,last_target_observation,10,100.0,-0.0007655855931575917,False
final_input_token_layerwise,disclosed,k9,last_target_observation,11,3.0,0.003079935809650075,False
final_input_token_layerwise,disclosed,k9,last_target_observation,12,3.0,0.012840772507169307,False
final_input_token_layerwise,disclosed,k9,last_target_observation,13,3.0,0.02011789368319067,False
final_input_token_layerwise,disclosed,k9,last_target_observation,14,100.0,0.00010892139824877911,False
final_input_token_layerwise,disclosed,k9,last_target_observation,15,3.0,0.004956265932969467,False
final_input_token_layerwise,disclosed,k9,last_target_observation,16,3.0,0.004872766883780882,False
final_input_token_layerwise,disclosed,k9,last_target_observation,17,3.0,0.018834549083961927,False
final_input_token_layerwise,disclosed,k9,last_target_observation,18,3.0,0.02795079072679474,False
final_input_token_layerwise,disclosed,k9,last_target_observation,19,3.0,0.04496074815736539,False
final_input_token_layerwise,disclosed,k9,last_target_observation,20,3.0,0.04684394116832799,True
final_input_token_layerwise,disclosed,k9,last_target_observation,21,3.0,0.017737810000558518,False
final_input_token_layerwise,disclosed,k9,last_target_observation,22,3.0,0.018574018904195078,False
final_input_token_layerwise,disclosed,k9,last_target_observation,23,3.0,0.006642851330317723,False
final_input_token_layerwise,disclosed,k9,last_target_observation,24,100.0,-0.0001962278616135238,False
final_input_token_layerwise,disclosed,k9,last_target_observation,25,100.0,-0.00025662325750186454,False
final_input_token_layerwise,disclosed,k9,last_target_observation,26,100.0,-0.00013350332746903115,False
final_input_token_layerwise,disclosed,k9,last_target_observation,27,100.0,0.0003649668552548335,False
final_input_token_layerwise,disclosed,k9,last_target_observation,28,100.0,0.00033164673436630876,False
final_input_token_layerwise,disclosed,k9,last_target_observation,29,100.0,0.0005870971586634521,False
final_input_token_layerwise,disclosed,k9,last_target_observation,30,100.0,0.00010731744690681277,False
final_input_token_layerwise,disclosed,k9,last_target_observation,31,100.0,-6.710030168527448e-06,False
final_input_token_layerwise,disclosed,k9,last_target_observation,32,100.0,6.335721884587198e-05,False
final_input_token_layerwise,disclosed,k9,last_target_observation,33,100.0,0.0006310704317597227,False
final_input_token_layerwise,disclosed,k9,last_target_observation,34,3.0,0.005500819843214322,False
final_input_token_layerwise,disclosed,k9,last_target_observation,35,3.0,0.001620916140715134,False
final_input_token_layerwise,disclosed,k9,last_target_observation,36,3.0,0.008785785253409506,False
final_input_token_layerwise,disclosed,k9,target_observation_mean,0,0.0001,3.885780586188048e-16,False
final_input_token_layerwise,disclosed,k9,target_observation_mean,1,100.0,0.004594211869852871,False
final_input_token_layerwise,disclosed,k9,target_observation_mean,2,100.0,0.0018739746473365737,False
final_input_token_layerwise,disclosed,k9,target_observation_mean,3,100.0,0.00174914845459892,False
final_input_token_layerwise,disclosed,k9,target_observation_mean,4,3.0,0.017230510029902862,False
final_input_token_layerwise,disclosed,k9,target_observation_mean,5,3.0,0.010390936603282996,False
final_input_token_layerwise,disclosed,k9,target_observation_mean,6,3.0,0.017274559243600607,False
final_input_token_layerwise,disclosed,k9,target_observation_mean,7,3.0,0.019651770923675066,False
final_input_token_layerwise,disclosed,k9,target_observation_mean,8,3.0,0.014927149801468809,False
final_input_token_layerwise,disclosed,k9,target_observation_mean,9,100.0,-6.0868672575348226e-05,False
final_input_token_layerwise,disclosed,k9,target_observation_mean,10,100.0,-0.00011599212172511142,False
final_input_token_layerwise,disclosed,k9,target_observation_mean,11,100.0,0.0003230985911519546,False
final_input_token_layerwise,disclosed,k9,target_observation_mean,12,3.0,0.009065350047631232,False
final_input_token_layerwise,disclosed,k9,target_observation_mean,13,3.0,0.0054560245820395314,False
final_input_token_layerwise,disclosed,k9,target_observation_mean,14,3.0,0.012285260299133322,False
final_input_token_layerwise,disclosed,k9,target_observation_mean,15,100.0,0.0002819251479722895,False
final_input_token_layerwise,disclosed,k9,target_observation_mean,16,100.0,0.0005586965451273296,False
final_input_token_layerwise,disclosed,k9,target_observation_mean,17,100.0,-0.0008624463143460381,False
final_input_token_layerwise,disclosed,k9,target_observation_mean,18,100.0,-0.0001428589880273501,False
final_input_token_layerwise,disclosed,k9,target_observation_mean,19,100.0,-0.00032652596634283326,False
final_input_token_layerwise,disclosed,k9,target_observation_mean,20,100.0,-0.00030472198063699607,False
final_input_token_layerwise,disclosed,k9,target_observation_mean,21,3.0,0.03738166785943642,False
final_input_token_layerwise,disclosed,k9,target_observation_mean,22,3.0,0.051737526616866564,True
final_input_token_layerwise,disclosed,k9,target_observation_mean,23,3.0,0.04052698323499748,False
final_input_token_layerwise,disclosed,k9,target_observation_mean,24,3.0,0.0384218611438667,False
final_input_token_layerwise,disclosed,k9,target_observation_mean,25,3.0,0.0030048140763760944,False
final_input_token_layerwise,disclosed,k9,target_observation_mean,26,3.0,0.006994027317561352,False
final_input_token_layerwise,disclosed,k9,target_observation_mean,27,3.0,0.002576394237113061,False
final_input_token_layerwise,disclosed,k9,target_observation_mean,28,100.0,0.0010712328254880443,False
final_input_token_layerwise,disclosed,k9,target_observation_mean,29,100.0,0.0003675259108781026,False
final_input_token_layerwise,disclosed,k9,target_observation_mean,30,100.0,0.0007215735933610024,False
final_input_token_layerwise,disclosed,k9,target_observation_mean,31,3.0,0.002738194182453163,False
final_input_token_layerwise,disclosed,k9,target_observation_mean,32,3.0,0.009840067909645922,False
final_input_token_layerwise,disclosed,k9,target_observation_mean,33,3.0,0.0012248557279658234,False
final_input_token_layerwise,disclosed,k9,target_observation_mean,34,3.0,0.004529555309798983,False
final_input_token_layerwise,disclosed,k9,target_observation_mean,35,3.0,0.013429330931813005,False
final_input_token_layerwise,disclosed,k9,target_observation_mean,36,3.0,0.01805149379753529,False
final_input_token_layerwise,disclosed,k9,target_time_slope,0,0.0001,0.0,False
final_input_token_layerwise,disclosed,k9,target_time_slope,1,3.0,0.011508647350285145,False
final_input_token_layerwise,disclosed,k9,target_time_slope,2,100.0,-0.001375146871826688,False
final_input_token_layerwise,disclosed,k9,target_time_slope,3,100.0,-0.0009270504255772249,False
final_input_token_layerwise,disclosed,k9,target_time_slope,4,100.0,-0.0006387509761874299,False
final_input_token_layerwise,disclosed,k9,target_time_slope,5,100.0,-0.000227380646378339,False
final_input_token_layerwise,disclosed,k9,target_time_slope,6,3.0,0.005396146603988766,False
final_input_token_layerwise,disclosed,k9,target_time_slope,7,100.0,-0.00034627806238551884,False
final_input_token_layerwise,disclosed,k9,target_time_slope,8,100.0,-0.0005215649563365954,False
final_input_token_layerwise,disclosed,k9,target_time_slope,9,100.0,-0.0006438445225009637,False
final_input_token_layerwise,disclosed,k9,target_time_slope,10,100.0,-0.001139080638294765,False
final_input_token_layerwise,disclosed,k9,target_time_slope,11,3.0,0.0025311733856197283,False
final_input_token_layerwise,disclosed,k9,target_time_slope,12,3.0,0.0032082608878809538,False
final_input_token_layerwise,disclosed,k9,target_time_slope,13,3.0,0.026666244704262154,False
final_input_token_layerwise,disclosed,k9,target_time_slope,14,100.0,-0.0004138916053847419,False
final_input_token_layerwise,disclosed,k9,target_time_slope,15,3.0,0.0018540998721726931,False
final_input_token_layerwise,disclosed,k9,target_time_slope,16,100.0,-0.0007042147954191003,False
final_input_token_layerwise,disclosed,k9,target_time_slope,17,3.0,0.022032992892544123,False
final_input_token_layerwise,disclosed,k9,target_time_slope,18,3.0,0.06594871921697223,False
final_input_token_layerwise,disclosed,k9,target_time_slope,19,3.0,0.08751160207261308,False
final_input_token_layerwise,disclosed,k9,target_time_slope,20,3.0,0.11063638525300817,True
final_input_token_layerwise,disclosed,k9,target_time_slope,21,3.0,0.1048100593389367,False
final_input_token_layerwise,disclosed,k9,target_time_slope,22,3.0,0.09209073036283577,False
final_input_token_layerwise,disclosed,k9,target_time_slope,23,3.0,0.06640848252206194,False
final_input_token_layerwise,disclosed,k9,target_time_slope,24,3.0,0.05283999036974532,False
final_input_token_layerwise,disclosed,k9,target_time_slope,25,3.0,0.049042509189624606,False
final_input_token_layerwise,disclosed,k9,target_time_slope,26,3.0,0.034780432301995345,False
final_input_token_layerwise,disclosed,k9,target_time_slope,27,3.0,0.04452263990995459,False
final_input_token_layerwise,disclosed,k9,target_time_slope,28,3.0,0.05608123617266994,False
final_input_token_layerwise,disclosed,k9,target_time_slope,29,3.0,0.04269246085429376,False
final_input_token_layerwise,disclosed,k9,target_time_slope,30,3.0,0.029581673159402494,False
final_input_token_layerwise,disclosed,k9,target_time_slope,31,3.0,0.03127193535121617,False
final_input_token_layerwise,disclosed,k9,target_time_slope,32,3.0,0.03511182151237058,False
final_input_token_layerwise,disclosed,k9,target_time_slope,33,3.0,0.042437296970721405,False
final_input_token_layerwise,disclosed,k9,target_time_slope,34,3.0,0.0437454051001423,False
final_input_token_layerwise,disclosed,k9,target_time_slope,35,3.0,0.04019568400586096,False
final_input_token_layerwise,disclosed,k9,target_time_slope,36,3.0,0.0347524894787149,False
final_input_token_layerwise,disclosed,k9,displayed_driver_outcome_slope,0,0.0001,-1.1102230246251565e-16,False
final_input_token_layerwise,disclosed,k9,displayed_driver_outcome_slope,1,100.0,0.009570939286235758,False
final_input_token_layerwise,disclosed,k9,displayed_driver_outcome_slope,2,3.0,0.010673691164658133,False
final_input_token_layerwise,disclosed,k9,displayed_driver_outcome_slope,3,3.0,0.00629144588470501,False
final_input_token_layerwise,disclosed,k9,displayed_driver_outcome_slope,4,3.0,0.016675575144747518,False
final_input_token_layerwise,disclosed,k9,displayed_driver_outcome_slope,5,3.0,0.009354055315594273,False
final_input_token_layerwise,disclosed,k9,displayed_driver_outcome_slope,6,3.0,0.004311480586099176,False
final_input_token_layerwise,disclosed,k9,displayed_driver_outcome_slope,7,3.0,0.011142976626037165,False
final_input_token_layerwise,disclosed,k9,displayed_driver_outcome_slope,8,100.0,0.00035003684057641204,False
final_input_token_layerwise,disclosed,k9,displayed_driver_outcome_slope,9,3.0,0.003991799967524773,False
final_input_token_layerwise,disclosed,k9,displayed_driver_outcome_slope,10,100.0,-0.00011822810175896037,False
final_input_token_layerwise,disclosed,k9,displayed_driver_outcome_slope,11,100.0,-4.17542055788922e-06,False
final_input_token_layerwise,disclosed,k9,displayed_driver_outcome_slope,12,100.0,0.00013958989934420574,False
final_input_token_layerwise,disclosed,k9,displayed_driver_outcome_slope,13,3.0,0.009848168500876664,False
final_input_token_layerwise,disclosed,k9,displayed_driver_outcome_slope,14,3.0,0.009099409461392927,False
final_input_token_layerwise,disclosed,k9,displayed_driver_outcome_slope,15,100.0,0.0009433582681306618,False
final_input_token_layerwise,disclosed,k9,displayed_driver_outcome_slope,16,3.0,0.0029779588392626344,False
final_input_token_layerwise,disclosed,k9,displayed_driver_outcome_slope,17,100.0,-0.00019405960178561776,False
final_input_token_layerwise,disclosed,k9,displayed_driver_outcome_slope,18,3.0,0.013441513439322567,False
final_input_token_layerwise,disclosed,k9,displayed_driver_outcome_slope,19,0.1,0.04810200930765671,False
final_input_token_layerwise,disclosed,k9,displayed_driver_outcome_slope,20,0.1,0.046143824726281535,False
final_input_token_layerwise,disclosed,k9,displayed_driver_outcome_slope,21,0.1,0.06619595832184308,True
final_input_token_layerwise,disclosed,k9,displayed_driver_outcome_slope,22,3.0,0.0355264861003963,False
final_input_token_layerwise,disclosed,k9,displayed_driver_outcome_slope,23,3.0,0.04607165127836399,False
final_input_token_layerwise,disclosed,k9,displayed_driver_outcome_slope,24,3.0,0.03247284212833845,False
final_input_token_layerwise,disclosed,k9,displayed_driver_outcome_slope,25,3.0,0.008014074068103255,False
final_input_token_layerwise,disclosed,k9,displayed_driver_outcome_slope,26,3.0,0.011534434855122677,False
final_input_token_layerwise,disclosed,k9,displayed_driver_outcome_slope,27,3.0,0.0016042382488407614,False
final_input_token_layerwise,disclosed,k9,displayed_driver_outcome_slope,28,3.0,0.008995356700970653,False
final_input_token_layerwise,disclosed,k9,displayed_driver_outcome_slope,29,3.0,0.010387102141324822,False
final_input_token_layerwise,disclosed,k9,displayed_driver_outcome_slope,30,3.0,0.002003038710641225,False
final_input_token_layerwise,disclosed,k9,displayed_driver_outcome_slope,31,3.0,0.00516076152426484,False
final_input_token_layerwise,disclosed,k9,displayed_driver_outcome_slope,32,3.0,0.005349835677994602,False
final_input_token_layerwise,disclosed,k9,displayed_driver_outcome_slope,33,3.0,0.006222884180071359,False
final_input_token_layerwise,disclosed,k9,displayed_driver_outcome_slope,34,100.0,0.0005878262311652394,False
final_input_token_layerwise,disclosed,k9,displayed_driver_outcome_slope,35,3.0,0.003447024168653917,False
final_input_token_layerwise,disclosed,k9,displayed_driver_outcome_slope,36,3.0,0.0071644408554960015,False
final_input_token_layerwise,disclosed,k9,oracle_posterior_gain,0,0.0001,0.0,False
final_input_token_layerwise,disclosed,k9,oracle_posterior_gain,1,100.0,-0.0015547518626111978,False
final_input_token_layerwise,disclosed,k9,oracle_posterior_gain,2,100.0,-0.001232060143177477,False
final_input_token_layerwise,disclosed,k9,oracle_posterior_gain,3,100.0,-0.0009026602343190082,False
final_input_token_layerwise,disclosed,k9,oracle_posterior_gain,4,3.0,0.0004616877282557219,False
final_input_token_layerwise,disclosed,k9,oracle_posterior_gain,5,100.0,-0.00040756389718404895,False
final_input_token_layerwise,disclosed,k9,oracle_posterior_gain,6,3.0,0.001838791625606101,False
final_input_token_layerwise,disclosed,k9,oracle_posterior_gain,7,100.0,-0.0002166567631522731,False
final_input_token_layerwise,disclosed,k9,oracle_posterior_gain,8,3.0,0.012619490109676085,False
final_input_token_layerwise,disclosed,k9,oracle_posterior_gain,9,3.0,0.012681740714410972,False
final_input_token_layerwise,disclosed,k9,oracle_posterior_gain,10,3.0,0.02467352483791277,False
final_input_token_layerwise,disclosed,k9,oracle_posterior_gain,11,3.0,0.03131745906109351,False
final_input_token_layerwise,disclosed,k9,oracle_posterior_gain,12,3.0,0.02843111951043356,False
final_input_token_layerwise,disclosed,k9,oracle_posterior_gain,13,3.0,0.04147670459034858,False
final_input_token_layerwise,disclosed,k9,oracle_posterior_gain,14,3.0,0.06459243929079014,False
final_input_token_layerwise,disclosed,k9,oracle_posterior_gain,15,3.0,0.03581453276163876,False
final_input_token_layerwise,disclosed,k9,oracle_posterior_gain,16,3.0,0.06397441027292078,False
final_input_token_layerwise,disclosed,k9,oracle_posterior_gain,17,3.0,0.051347133264302985,False
final_input_token_layerwise,disclosed,k9,oracle_posterior_gain,18,3.0,0.03505745164998583,False
final_input_token_layerwise,disclosed,k9,oracle_posterior_gain,19,3.0,0.03909971354045258,False
final_input_token_layerwise,disclosed,k9,oracle_posterior_gain,20,3.0,0.07979285676591921,True
final_input_token_layerwise,disclosed,k9,oracle_posterior_gain,21,3.0,0.06316076350318267,False
final_input_token_layerwise,disclosed,k9,oracle_posterior_gain,22,3.0,0.07476267513401647,False
final_input_token_layerwise,disclosed,k9,oracle_posterior_gain,23,3.0,0.059995754809759966,False
final_input_token_layerwise,disclosed,k9,oracle_posterior_gain,24,0.1,0.0735638634639102,False
final_input_token_layerwise,disclosed,k9,oracle_posterior_gain,25,3.0,0.02434349823025833,False
final_input_token_layerwise,disclosed,k9,oracle_posterior_gain,26,3.0,0.0317175813983569,False
final_input_token_layerwise,disclosed,k9,oracle_posterior_gain,27,3.0,0.029667602271190224,False
final_input_token_layerwise,disclosed,k9,oracle_posterior_gain,28,3.0,0.02684049276496997,False
final_input_token_layerwise,disclosed,k9,oracle_posterior_gain,29,3.0,0.024384218447141698,False
final_input_token_layerwise,disclosed,k9,oracle_posterior_gain,30,3.0,0.02232458321216435,False
final_input_token_layerwise,disclosed,k9,oracle_posterior_gain,31,3.0,0.00821178005685197,False
final_input_token_layerwise,disclosed,k9,oracle_posterior_gain,32,3.0,0.0018182832372768964,False
final_input_token_layerwise,disclosed,k9,oracle_posterior_gain,33,3.0,0.00271489895584609,False
final_input_token_layerwise,disclosed,k9,oracle_posterior_gain,34,3.0,0.0037596480926916087,False
final_input_token_layerwise,disclosed,k9,oracle_posterior_gain,35,0.1,0.031256472591862816,False
final_input_token_layerwise,disclosed,k9,oracle_posterior_gain,36,0.1,0.06290630613708817,False
final_input_token_layerwise,disclosed,pooled,gain,0,0.0001,0.0,False
final_input_token_layerwise,disclosed,pooled,gain,1,100.0,0.0014279363333298174,False
final_input_token_layerwise,disclosed,pooled,gain,2,100.0,-0.0007715510845094087,False
final_input_token_layerwise,disclosed,pooled,gain,3,100.0,-0.0005104117407395969,False
final_input_token_layerwise,disclosed,pooled,gain,4,100.0,-0.00042124055030326457,False
final_input_token_layerwise,disclosed,pooled,gain,5,100.0,-0.0021923689933083246,False
final_input_token_layerwise,disclosed,pooled,gain,6,100.0,-0.0017311901934540057,False
final_input_token_layerwise,disclosed,pooled,gain,7,100.0,-0.0013252442573201313,False
final_input_token_layerwise,disclosed,pooled,gain,8,100.0,-0.005617307915851105,False
final_input_token_layerwise,disclosed,pooled,gain,9,100.0,-0.0039799510969600604,False
final_input_token_layerwise,disclosed,pooled,gain,10,100.0,-0.004133692773475352,False
final_input_token_layerwise,disclosed,pooled,gain,11,100.0,-0.005226179278331855,False
final_input_token_layerwise,disclosed,pooled,gain,12,100.0,-0.0014321533287446526,False
final_input_token_layerwise,disclosed,pooled,gain,13,100.0,-0.0009452018599139337,False
final_input_token_layerwise,disclosed,pooled,gain,14,100.0,-0.007417279055510734,False
final_input_token_layerwise,disclosed,pooled,gain,15,100.0,-0.008036745462237075,False
final_input_token_layerwise,disclosed,pooled,gain,16,100.0,-0.006225554370918096,False
final_input_token_layerwise,disclosed,pooled,gain,17,100.0,-0.002450630360471865,False
final_input_token_layerwise,disclosed,pooled,gain,18,100.0,-0.005205376849007949,False
final_input_token_layerwise,disclosed,pooled,gain,19,100.0,-0.0012254844845567547,False
final_input_token_layerwise,disclosed,pooled,gain,20,100.0,0.005025804500309826,False
final_input_token_layerwise,disclosed,pooled,gain,21,100.0,0.0105353666542753,False
final_input_token_layerwise,disclosed,pooled,gain,22,3.0,0.024322291138227963,False
final_input_token_layerwise,disclosed,pooled,gain,23,3.0,0.053728096357432725,False
final_input_token_layerwise,disclosed,pooled,gain,24,3.0,0.06078528353874881,True
final_input_token_layerwise,disclosed,pooled,gain,25,3.0,0.045686506349972365,False
final_input_token_layerwise,disclosed,pooled,gain,26,3.0,0.03745594078591822,False
final_input_token_layerwise,disclosed,pooled,gain,27,3.0,0.03096527756074848,False
final_input_token_layerwise,disclosed,pooled,gain,28,3.0,0.01907570327969374,False
final_input_token_layerwise,disclosed,pooled,gain,29,100.0,0.0074720115532250775,False
final_input_token_layerwise,disclosed,pooled,gain,30,100.0,0.005609701098790119,False
final_input_token_layerwise,disclosed,pooled,gain,31,100.0,0.004853817162065455,False
final_input_token_layerwise,disclosed,pooled,gain,32,100.0,0.003629023463935621,False
final_input_token_layerwise,disclosed,pooled,gain,33,100.0,0.002213261553582322,False
final_input_token_layerwise,disclosed,pooled,gain,34,3.0,0.003918444326609778,False
final_input_token_layerwise,disclosed,pooled,gain,35,3.0,0.02701182835396875,False
final_input_token_layerwise,disclosed,pooled,gain,36,3.0,0.02567750728476803,False
final_input_token_layerwise,disclosed,pooled,response_residual,0,0.0001,-2.7755575615628914e-17,False
final_input_token_layerwise,disclosed,pooled,response_residual,1,100.0,-0.001111519249072009,False
final_input_token_layerwise,disclosed,pooled,response_residual,2,100.0,-0.003152975067141387,False
final_input_token_layerwise,disclosed,pooled,response_residual,3,100.0,-0.0026568446098820995,False
final_input_token_layerwise,disclosed,pooled,response_residual,4,100.0,-0.001685331656276064,False
final_input_token_layerwise,disclosed,pooled,response_residual,5,100.0,-0.0029413381891104096,False
final_input_token_layerwise,disclosed,pooled,response_residual,6,100.0,-0.0031232866198348253,False
final_input_token_layerwise,disclosed,pooled,response_residual,7,100.0,-0.0018182291791560556,False
final_input_token_layerwise,disclosed,pooled,response_residual,8,100.0,-0.005771887479038368,False
final_input_token_layerwise,disclosed,pooled,response_residual,9,100.0,-0.003417986918062508,False
final_input_token_layerwise,disclosed,pooled,response_residual,10,100.0,-0.003489504595576167,False
final_input_token_layerwise,disclosed,pooled,response_residual,11,100.0,-0.004977015264562966,False
final_input_token_layerwise,disclosed,pooled,response_residual,12,100.0,-0.00034453549233562364,False
final_input_token_layerwise,disclosed,pooled,response_residual,13,100.0,-0.0013395708490197,False
final_input_token_layerwise,disclosed,pooled,response_residual,14,100.0,-0.007530445137878493,False
final_input_token_layerwise,disclosed,pooled,response_residual,15,100.0,-0.0062203418356435265,False
final_input_token_layerwise,disclosed,pooled,response_residual,16,100.0,-0.004601684501500679,False
final_input_token_layerwise,disclosed,pooled,response_residual,17,100.0,-0.0016643363347804419,False
final_input_token_layerwise,disclosed,pooled,response_residual,18,100.0,-0.004794361004253446,False
final_input_token_layerwise,disclosed,pooled,response_residual,19,100.0,-0.002753051059062058,False
final_input_token_layerwise,disclosed,pooled,response_residual,20,100.0,0.0016465923180062902,False
final_input_token_layerwise,disclosed,pooled,response_residual,21,100.0,0.0067951876883723394,False
final_input_token_layerwise,disclosed,pooled,response_residual,22,100.0,0.009097064178773493,True
final_input_token_layerwise,disclosed,pooled,response_residual,23,100.0,0.006136206541541502,False
final_input_token_layerwise,disclosed,pooled,response_residual,24,100.0,0.005440410097777969,False
final_input_token_layerwise,disclosed,pooled,response_residual,25,100.0,0.00632544609353954,False
final_input_token_layerwise,disclosed,pooled,response_residual,26,100.0,0.005394018690410424,False
final_input_token_layerwise,disclosed,pooled,response_residual,27,100.0,0.005492272866118882,False
final_input_token_layerwise,disclosed,pooled,response_residual,28,100.0,0.00449000679378934,False
final_input_token_layerwise,disclosed,pooled,response_residual,29,100.0,0.0034825573708104165,False
final_input_token_layerwise,disclosed,pooled,response_residual,30,100.0,0.0028571858655584517,False
final_input_token_layerwise,disclosed,pooled,response_residual,31,100.0,0.002649032352701771,False
final_input_token_layerwise,disclosed,pooled,response_residual,32,100.0,0.0018089784608297892,False
final_input_token_layerwise,disclosed,pooled,response_residual,33,100.0,0.0010164336974165984,False
final_input_token_layerwise,disclosed,pooled,response_residual,34,100.0,0.0013131140951769076,False
final_input_token_layerwise,disclosed,pooled,response_residual,35,100.0,0.003270177581954794,False
final_input_token_layerwise,disclosed,pooled,response_residual,36,100.0,0.0031846022932710736,False
final_input_token_layerwise,undisclosed,k3,gain,0,0.0001,0.0,False
final_input_token_layerwise,undisclosed,k3,gain,1,100.0,-0.0009807316045265246,False
final_input_token_layerwise,undisclosed,k3,gain,2,100.0,-0.0006931518317850605,False
final_input_token_layerwise,undisclosed,k3,gain,3,100.0,-0.0015316141821596352,False
final_input_token_layerwise,undisclosed,k3,gain,4,100.0,-0.0009964638979149398,False
final_input_token_layerwise,undisclosed,k3,gain,5,100.0,-0.0001648402676015237,False
final_input_token_layerwise,undisclosed,k3,gain,6,100.0,-2.223062089051764e-06,False
final_input_token_layerwise,undisclosed,k3,gain,7,100.0,-0.00022371589528866198,False
final_input_token_layerwise,undisclosed,k3,gain,8,100.0,-8.734917145436505e-05,False
final_input_token_layerwise,undisclosed,k3,gain,9,100.0,-0.00033683019112959456,False
final_input_token_layerwise,undisclosed,k3,gain,10,100.0,-0.0005189549618259126,False
final_input_token_layerwise,undisclosed,k3,gain,11,100.0,-0.00034082900452778175,False
final_input_token_layerwise,undisclosed,k3,gain,12,100.0,-0.0001306551252676369,False
final_input_token_layerwise,undisclosed,k3,gain,13,100.0,-0.0006368560400222267,False
final_input_token_layerwise,undisclosed,k3,gain,14,100.0,-0.00039064887779702295,False
final_input_token_layerwise,undisclosed,k3,gain,15,100.0,-0.00036694422159752604,False
final_input_token_layerwise,undisclosed,k3,gain,16,100.0,0.0002934789385733716,False
final_input_token_layerwise,undisclosed,k3,gain,17,100.0,0.0002513065672377912,False
final_input_token_layerwise,undisclosed,k3,gain,18,3.0,0.009832816791158328,True
final_input_token_layerwise,undisclosed,k3,gain,19,100.0,-0.0006875457802753282,False
final_input_token_layerwise,undisclosed,k3,gain,20,100.0,-0.0011599198648188924,False
final_input_token_layerwise,undisclosed,k3,gain,21,100.0,-0.0018555208634435938,False
final_input_token_layerwise,undisclosed,k3,gain,22,100.0,-0.0018575536082164334,False
final_input_token_layerwise,undisclosed,k3,gain,23,100.0,-0.0005042922496360791,False
final_input_token_layerwise,undisclosed,k3,gain,24,100.0,8.41340826104875e-06,False
final_input_token_layerwise,undisclosed,k3,gain,25,100.0,0.0007372001321569455,False
final_input_token_layerwise,undisclosed,k3,gain,26,100.0,0.0009272931226649017,False
final_input_token_layerwise,undisclosed,k3,gain,27,100.0,0.0009292227684796761,False
final_input_token_layerwise,undisclosed,k3,gain,28,100.0,0.0011903503024271733,False
final_input_token_layerwise,undisclosed,k3,gain,29,100.0,0.001337360957013728,False
final_input_token_layerwise,undisclosed,k3,gain,30,100.0,0.00038322734295834215,False
final_input_token_layerwise,undisclosed,k3,gain,31,100.0,0.0004498601796913415,False
final_input_token_layerwise,undisclosed,k3,gain,32,100.0,0.0005439763498757133,False
final_input_token_layerwise,undisclosed,k3,gain,33,100.0,-7.907612974614175e-05,False
final_input_token_layerwise,undisclosed,k3,gain,34,100.0,-0.0005321568956236922,False
final_input_token_layerwise,undisclosed,k3,gain,35,100.0,-0.0010330985849427432,False
final_input_token_layerwise,undisclosed,k3,gain,36,100.0,-0.0007098924519950978,False
final_input_token_layerwise,undisclosed,k3,response_residual,0,0.0001,-2.7755575615628914e-17,False
final_input_token_layerwise,undisclosed,k3,response_residual,1,100.0,-0.0009420022741619127,False
final_input_token_layerwise,undisclosed,k3,response_residual,2,100.0,-0.0006232459021883741,False
final_input_token_layerwise,undisclosed,k3,response_residual,3,100.0,-0.0008857269756911423,False
final_input_token_layerwise,undisclosed,k3,response_residual,4,100.0,-0.0002721189700041482,False
final_input_token_layerwise,undisclosed,k3,response_residual,5,100.0,0.0003175159306102182,False
final_input_token_layerwise,undisclosed,k3,response_residual,6,100.0,0.0002808756425367043,False
final_input_token_layerwise,undisclosed,k3,response_residual,7,100.0,0.00015066206802460957,False
final_input_token_layerwise,undisclosed,k3,response_residual,8,100.0,0.0007937580344466733,False
final_input_token_layerwise,undisclosed,k3,response_residual,9,100.0,0.0006492656724302603,False
final_input_token_layerwise,undisclosed,k3,response_residual,10,100.0,0.0002961520597977163,False
final_input_token_layerwise,undisclosed,k3,response_residual,11,100.0,0.0006143658101954164,False
final_input_token_layerwise,undisclosed,k3,response_residual,12,100.0,0.0006772756966554327,False
final_input_token_layerwise,undisclosed,k3,response_residual,13,100.0,3.1607221250007367e-06,False
final_input_token_layerwise,undisclosed,k3,response_residual,14,100.0,0.0001583309730647242,False
final_input_token_layerwise,undisclosed,k3,response_residual,15,100.0,0.00010537311311367703,False
final_input_token_layerwise,undisclosed,k3,response_residual,16,100.0,0.0006073187337199415,False
final_input_token_layerwise,undisclosed,k3,response_residual,17,100.0,0.000549054641146629,False
final_input_token_layerwise,undisclosed,k3,response_residual,18,3.0,0.0028356675143925147,True
final_input_token_layerwise,undisclosed,k3,response_residual,19,100.0,-0.0006146309455118404,False
final_input_token_layerwise,undisclosed,k3,response_residual,20,100.0,-0.0012020906627065453,False
final_input_token_layerwise,undisclosed,k3,response_residual,21,100.0,-0.0016465518446331373,False
final_input_token_layerwise,undisclosed,k3,response_residual,22,100.0,-0.0017451418046549039,False
final_input_token_layerwise,undisclosed,k3,response_residual,23,100.0,-0.0006892760246600682,False
final_input_token_layerwise,undisclosed,k3,response_residual,24,100.0,-0.00021488245190334765,False
final_input_token_layerwise,undisclosed,k3,response_residual,25,100.0,0.0006904492565635578,False
final_input_token_layerwise,undisclosed,k3,response_residual,26,100.0,0.0007349335436702686,False
final_input_token_layerwise,undisclosed,k3,response_residual,27,100.0,0.000898817748035935,False
final_input_token_layerwise,undisclosed,k3,response_residual,28,100.0,0.0011276196343315281,False
final_input_token_layerwise,undisclosed,k3,response_residual,29,100.0,0.00102440125021383,False
final_input_token_layerwise,undisclosed,k3,response_residual,30,100.0,0.00021841305264364008,False
final_input_token_layerwise,undisclosed,k3,response_residual,31,100.0,0.0003396089294665783,False
final_input_token_layerwise,undisclosed,k3,response_residual,32,100.0,0.00044705502956959853,False
final_input_token_layerwise,undisclosed,k3,response_residual,33,100.0,-0.00020532197173217526,False
final_input_token_layerwise,undisclosed,k3,response_residual,34,100.0,-0.0005796414061512434,False
final_input_token_layerwise,undisclosed,k3,response_residual,35,100.0,-0.0007928852310556678,False
final_input_token_layerwise,undisclosed,k3,response_residual,36,100.0,-0.0004336232178172583,False
final_input_token_layerwise,undisclosed,k3,last_target_observation,0,0.0001,-8.326672684688674e-17,False
final_input_token_layerwise,undisclosed,k3,last_target_observation,1,0.1,0.11180128582498017,True
final_input_token_layerwise,undisclosed,k3,last_target_observation,2,100.0,-0.0021920582231776398,False
final_input_token_layerwise,undisclosed,k3,last_target_observation,3,100.0,-0.002241298166539951,False
final_input_token_layerwise,undisclosed,k3,last_target_observation,4,100.0,-0.001239430728351365,False
final_input_token_layerwise,undisclosed,k3,last_target_observation,5,100.0,-8.548418302020688e-05,False
final_input_token_layerwise,undisclosed,k3,last_target_observation,6,3.0,0.002599272801761532,False
final_input_token_layerwise,undisclosed,k3,last_target_observation,7,100.0,0.0004965009785592445,False
final_input_token_layerwise,undisclosed,k3,last_target_observation,8,100.0,0.0023777112336625383,False
final_input_token_layerwise,undisclosed,k3,last_target_observation,9,100.0,0.001373660202436039,False
final_input_token_layerwise,undisclosed,k3,last_target_observation,10,100.0,0.00040047661778624954,False
final_input_token_layerwise,undisclosed,k3,last_target_observation,11,100.0,0.0007034395712610109,False
final_input_token_layerwise,undisclosed,k3,last_target_observation,12,100.0,0.0001571570647675713,False
final_input_token_layerwise,undisclosed,k3,last_target_observation,13,100.0,0.0003080034075240434,False
final_input_token_layerwise,undisclosed,k3,last_target_observation,14,3.0,0.001032686270692279,False
final_input_token_layerwise,undisclosed,k3,last_target_observation,15,3.0,0.006422578869035661,False
final_input_token_layerwise,undisclosed,k3,last_target_observation,16,3.0,0.010557540360976836,False
final_input_token_layerwise,undisclosed,k3,last_target_observation,17,3.0,0.0013253767740798172,False
final_input_token_layerwise,undisclosed,k3,last_target_observation,18,3.0,0.005054259620919432,False
final_input_token_layerwise,undisclosed,k3,last_target_observation,19,3.0,0.014777216376884922,False
final_input_token_layerwise,undisclosed,k3,last_target_observation,20,3.0,0.06576600773511262,False
final_input_token_layerwise,undisclosed,k3,last_target_observation,21,3.0,0.062628601023197,False
final_input_token_layerwise,undisclosed,k3,last_target_observation,22,3.0,0.07413371620233328,False
final_input_token_layerwise,undisclosed,k3,last_target_observation,23,3.0,0.07730421834078324,False
final_input_token_layerwise,undisclosed,k3,last_target_observation,24,3.0,0.05842301409960571,False
final_input_token_layerwise,undisclosed,k3,last_target_observation,25,3.0,0.027912952012388165,False
final_input_token_layerwise,undisclosed,k3,last_target_observation,26,3.0,0.030660002217806043,False
final_input_token_layerwise,undisclosed,k3,last_target_observation,27,3.0,0.04766558350361555,False
final_input_token_layerwise,undisclosed,k3,last_target_observation,28,3.0,0.047780164555301485,False
final_input_token_layerwise,undisclosed,k3,last_target_observation,29,3.0,0.04218534269442517,False
final_input_token_layerwise,undisclosed,k3,last_target_observation,30,3.0,0.03864021952159008,False
final_input_token_layerwise,undisclosed,k3,last_target_observation,31,3.0,0.04093348692081081,False
final_input_token_layerwise,undisclosed,k3,last_target_observation,32,3.0,0.03635433279011557,False
final_input_token_layerwise,undisclosed,k3,last_target_observation,33,3.0,0.0444590061669527,False
final_input_token_layerwise,undisclosed,k3,last_target_observation,34,3.0,0.0326520411374272,False
final_input_token_layerwise,undisclosed,k3,last_target_observation,35,3.0,0.03539278631464901,False
final_input_token_layerwise,undisclosed,k3,last_target_observation,36,3.0,0.03934171070945952,False
final_input_token_layerwise,undisclosed,k3,target_observation_mean,0,0.0001,5.551115123125783e-17,False
final_input_token_layerwise,undisclosed,k3,target_observation_mean,1,3.0,0.01709025996273919,False
final_input_token_layerwise,undisclosed,k3,target_observation_mean,2,3.0,0.0027011382387948923,False
final_input_token_layerwise,undisclosed,k3,target_observation_mean,3,3.0,0.0014360673459990758,False
final_input_token_layerwise,undisclosed,k3,target_observation_mean,4,100.0,-0.0004957092026810495,False
final_input_token_layerwise,undisclosed,k3,target_observation_mean,5,3.0,0.007673514690695493,False
final_input_token_layerwise,undisclosed,k3,target_observation_mean,6,3.0,0.023983328901732992,False
final_input_token_layerwise,undisclosed,k3,target_observation_mean,7,3.0,0.0033896751319996976,False
final_input_token_layerwise,undisclosed,k3,target_observation_mean,8,3.0,0.013659430334446027,False
final_input_token_layerwise,undisclosed,k3,target_observation_mean,9,100.0,0.00043518983830292957,False
final_input_token_layerwise,undisclosed,k3,target_observation_mean,10,100.0,-0.0006553047662797851,False
final_input_token_layerwise,undisclosed,k3,target_observation_mean,11,100.0,0.0002629608509880643,False
final_input_token_layerwise,undisclosed,k3,target_observation_mean,12,100.0,-0.0005343907832330019,False
final_input_token_layerwise,undisclosed,k3,target_observation_mean,13,100.0,-0.0003933372625888054,False
final_input_token_layerwise,undisclosed,k3,target_observation_mean,14,100.0,-0.00011191317033354409,False
final_input_token_layerwise,undisclosed,k3,target_observation_mean,15,100.0,0.00037803024042251665,False
final_input_token_layerwise,undisclosed,k3,target_observation_mean,16,100.0,0.0009152426094466704,False
final_input_token_layerwise,undisclosed,k3,target_observation_mean,17,100.0,-0.00027735811863574544,False
final_input_token_layerwise,undisclosed,k3,target_observation_mean,18,3.0,0.06602147762668473,False
final_input_token_layerwise,undisclosed,k3,target_observation_mean,19,3.0,0.08673967968099455,False
final_input_token_layerwise,undisclosed,k3,target_observation_mean,20,3.0,0.14852279428629847,False
final_input_token_layerwise,undisclosed,k3,target_observation_mean,21,3.0,0.14652353610513247,False
final_input_token_layerwise,undisclosed,k3,target_observation_mean,22,3.0,0.1804363558625095,True
final_input_token_layerwise,undisclosed,k3,target_observation_mean,23,3.0,0.16653222243011281,False
final_input_token_layerwise,undisclosed,k3,target_observation_mean,24,3.0,0.1170999538544957,False
final_input_token_layerwise,undisclosed,k3,target_observation_mean,25,3.0,0.09838661214802658,False
final_input_token_layerwise,undisclosed,k3,target_observation_mean,26,3.0,0.08112486543942876,False
final_input_token_layerwise,undisclosed,k3,target_observation_mean,27,3.0,0.08734125523346781,False
final_input_token_layerwise,undisclosed,k3,target_observation_mean,28,3.0,0.09011468044045043,False
final_input_token_layerwise,undisclosed,k3,target_observation_mean,29,3.0,0.07954017916668601,False
final_input_token_layerwise,undisclosed,k3,target_observation_mean,30,3.0,0.08647764843560579,False
final_input_token_layerwise,undisclosed,k3,target_observation_mean,31,3.0,0.07792632669017366,False
final_input_token_layerwise,undisclosed,k3,target_observation_mean,32,3.0,0.08552519787107318,False
final_input_token_layerwise,undisclosed,k3,target_observation_mean,33,3.0,0.06569723708554917,False
final_input_token_layerwise,undisclosed,k3,target_observation_mean,34,3.0,0.06282005215163702,False
final_input_token_layerwise,undisclosed,k3,target_observation_mean,35,3.0,0.05186941033105527,False
final_input_token_layerwise,undisclosed,k3,target_observation_mean,36,3.0,0.06004226969210638,False
final_input_token_layerwise,undisclosed,k3,target_time_slope,0,0.0001,0.0,False
final_input_token_layerwise,undisclosed,k3,target_time_slope,1,0.1,0.028039110741977263,False
final_input_token_layerwise,undisclosed,k3,target_time_slope,2,100.0,-0.002739599786121233,False
final_input_token_layerwise,undisclosed,k3,target_time_slope,3,100.0,-0.003580768909535237,False
final_input_token_layerwise,undisclosed,k3,target_time_slope,4,100.0,-0.0021548956828000843,False
final_input_token_layerwise,undisclosed,k3,target_time_slope,5,100.0,-0.001679911628554548,False
final_input_token_layerwise,undisclosed,k3,target_time_slope,6,100.0,-0.0014170431657607174,False
final_input_token_layerwise,undisclosed,k3,target_time_slope,7,100.0,-0.0016685155733943413,False
final_input_token_layerwise,undisclosed,k3,target_time_slope,8,100.0,-0.0021517257241531196,False
final_input_token_layerwise,undisclosed,k3,target_time_slope,9,100.0,-0.0019305704719130845,False
final_input_token_layerwise,undisclosed,k3,target_time_slope,10,100.0,-0.0011612076938876947,False
final_input_token_layerwise,undisclosed,k3,target_time_slope,11,100.0,0.0002826471597102975,False
final_input_token_layerwise,undisclosed,k3,target_time_slope,12,100.0,0.0006382868334472158,False
final_input_token_layerwise,undisclosed,k3,target_time_slope,13,100.0,0.0007114691556256436,False
final_input_token_layerwise,undisclosed,k3,target_time_slope,14,100.0,0.0007600684055723839,False
final_input_token_layerwise,undisclosed,k3,target_time_slope,15,3.0,0.006692261207477013,False
final_input_token_layerwise,undisclosed,k3,target_time_slope,16,3.0,0.012658634841382327,False
final_input_token_layerwise,undisclosed,k3,target_time_slope,17,3.0,0.016604249220399492,False
final_input_token_layerwise,undisclosed,k3,target_time_slope,18,100.0,-0.00010721409736214049,False
final_input_token_layerwise,undisclosed,k3,target_time_slope,19,3.0,0.00426485500666085,False
final_input_token_layerwise,undisclosed,k3,target_time_slope,20,3.0,0.023691874765397553,False
final_input_token_layerwise,undisclosed,k3,target_time_slope,21,3.0,0.021166224424771035,False
final_input_token_layerwise,undisclosed,k3,target_time_slope,22,3.0,0.02485740194762659,False
final_input_token_layerwise,undisclosed,k3,target_time_slope,23,3.0,0.03140636336068814,False
final_input_token_layerwise,undisclosed,k3,target_time_slope,24,3.0,0.029793341562842246,False
final_input_token_layerwise,undisclosed,k3,target_time_slope,25,3.0,0.016856997833524123,False
final_input_token_layerwise,undisclosed,k3,target_time_slope,26,3.0,0.02884421961007433,False
final_input_token_layerwise,undisclosed,k3,target_time_slope,27,3.0,0.041527973864344175,False
final_input_token_layerwise,undisclosed,k3,target_time_slope,28,3.0,0.03801220580764528,False
final_input_token_layerwise,undisclosed,k3,target_time_slope,29,3.0,0.043809708283794824,False
final_input_token_layerwise,undisclosed,k3,target_time_slope,30,3.0,0.04246837616806576,False
final_input_token_layerwise,undisclosed,k3,target_time_slope,31,3.0,0.03547877670772906,False
final_input_token_layerwise,undisclosed,k3,target_time_slope,32,3.0,0.03406161941744265,False
final_input_token_layerwise,undisclosed,k3,target_time_slope,33,3.0,0.055243622369544165,True
final_input_token_layerwise,undisclosed,k3,target_time_slope,34,3.0,0.05073039092116008,False
final_input_token_layerwise,undisclosed,k3,target_time_slope,35,3.0,0.04752906435582807,False
final_input_token_layerwise,undisclosed,k3,target_time_slope,36,3.0,0.04638940681557152,False
final_input_token_layerwise,undisclosed,k3,displayed_driver_outcome_slope,0,0.0001,5.551115123125783e-17,False
final_input_token_layerwise,undisclosed,k3,displayed_driver_outcome_slope,1,3.0,0.014040440560165457,False
final_input_token_layerwise,undisclosed,k3,displayed_driver_outcome_slope,2,3.0,0.008395893765402812,False
final_input_token_layerwise,undisclosed,k3,displayed_driver_outcome_slope,3,3.0,0.016382974426131874,False
final_input_token_layerwise,undisclosed,k3,displayed_driver_outcome_slope,4,3.0,0.0011502712258493475,False
final_input_token_layerwise,undisclosed,k3,displayed_driver_outcome_slope,5,3.0,0.009958986541302284,False
final_input_token_layerwise,undisclosed,k3,displayed_driver_outcome_slope,6,3.0,0.008568825479722153,False
final_input_token_layerwise,undisclosed,k3,displayed_driver_outcome_slope,7,3.0,0.01045340999202804,False
final_input_token_layerwise,undisclosed,k3,displayed_driver_outcome_slope,8,3.0,0.027624042783347985,False
final_input_token_layerwise,undisclosed,k3,displayed_driver_outcome_slope,9,3.0,0.015073346003126209,False
final_input_token_layerwise,undisclosed,k3,displayed_driver_outcome_slope,10,3.0,0.015357836615968734,False
final_input_token_layerwise,undisclosed,k3,displayed_driver_outcome_slope,11,3.0,0.02297295227263041,False
final_input_token_layerwise,undisclosed,k3,displayed_driver_outcome_slope,12,3.0,0.012486710894546005,False
final_input_token_layerwise,undisclosed,k3,displayed_driver_outcome_slope,13,3.0,0.020488656940548383,False
final_input_token_layerwise,undisclosed,k3,displayed_driver_outcome_slope,14,3.0,0.029407961512588343,True
final_input_token_layerwise,undisclosed,k3,displayed_driver_outcome_slope,15,3.0,0.020334294992403495,False
final_input_token_layerwise,undisclosed,k3,displayed_driver_outcome_slope,16,3.0,0.021708564327129337,False
final_input_token_layerwise,undisclosed,k3,displayed_driver_outcome_slope,17,3.0,0.01584751846558316,False
final_input_token_layerwise,undisclosed,k3,displayed_driver_outcome_slope,18,3.0,0.012954553263771068,False
final_input_token_layerwise,undisclosed,k3,displayed_driver_outcome_slope,19,100.0,0.0004900224688897392,False
final_input_token_layerwise,undisclosed,k3,displayed_driver_outcome_slope,20,100.0,-8.331110844619904e-05,False
final_input_token_layerwise,undisclosed,k3,displayed_driver_outcome_slope,21,100.0,-0.0004609948438439315,False
final_input_token_layerwise,undisclosed,k3,displayed_driver_outcome_slope,22,100.0,-0.00028456962909628736,False
final_input_token_layerwise,undisclosed,k3,displayed_driver_outcome_slope,23,100.0,-0.0005850415187909908,False
final_input_token_layerwise,undisclosed,k3,displayed_driver_outcome_slope,24,100.0,0.00023268078069443865,False
final_input_token_layerwise,undisclosed,k3,displayed_driver_outcome_slope,25,100.0,-0.0005642062062879705,False
final_input_token_layerwise,undisclosed,k3,displayed_driver_outcome_slope,26,100.0,-0.00045414974747556847,False
final_input_token_layerwise,undisclosed,k3,displayed_driver_outcome_slope,27,100.0,-0.00029568790340139817,False
final_input_token_layerwise,undisclosed,k3,displayed_driver_outcome_slope,28,100.0,-6.458560169919636e-05,False
final_input_token_layerwise,undisclosed,k3,displayed_driver_outcome_slope,29,100.0,-0.0004621635758286502,False
final_input_token_layerwise,undisclosed,k3,displayed_driver_outcome_slope,30,100.0,-0.0005991049157848816,False
final_input_token_layerwise,undisclosed,k3,displayed_driver_outcome_slope,31,100.0,-0.0007457694887226529,False
final_input_token_layerwise,undisclosed,k3,displayed_driver_outcome_slope,32,100.0,-0.0007501800063430819,False
final_input_token_layerwise,undisclosed,k3,displayed_driver_outcome_slope,33,100.0,-0.0012519454994952828,False
final_input_token_layerwise,undisclosed,k3,displayed_driver_outcome_slope,34,100.0,-0.0005838921124812491,False
final_input_token_layerwise,undisclosed,k3,displayed_driver_outcome_slope,35,100.0,-0.00031660328294641493,False
final_input_token_layerwise,undisclosed,k3,displayed_driver_outcome_slope,36,100.0,-0.0007109204767225263,False
final_input_token_layerwise,undisclosed,k3,oracle_posterior_gain,0,0.0001,2.7755575615628914e-17,False
final_input_token_layerwise,undisclosed,k3,oracle_posterior_gain,1,100.0,-0.0021621117539595835,False
final_input_token_layerwise,undisclosed,k3,oracle_posterior_gain,2,100.0,-0.0023028470757741615,False
final_input_token_layerwise,undisclosed,k3,oracle_posterior_gain,3,100.0,-0.002450865924271961,False
final_input_token_layerwise,undisclosed,k3,oracle_posterior_gain,4,100.0,-0.001601320306237941,False
final_input_token_layerwise,undisclosed,k3,oracle_posterior_gain,5,100.0,-0.001247145933283067,False
final_input_token_layerwise,undisclosed,k3,oracle_posterior_gain,6,100.0,-0.0010100952168243804,False
final_input_token_layerwise,undisclosed,k3,oracle_posterior_gain,7,100.0,-0.001651790912950729,False
final_input_token_layerwise,undisclosed,k3,oracle_posterior_gain,8,100.0,-0.0024734531011706418,False
final_input_token_layerwise,undisclosed,k3,oracle_posterior_gain,9,100.0,-0.0019599539096285534,False
final_input_token_layerwise,undisclosed,k3,oracle_posterior_gain,10,100.0,-0.001547003728134544,False
final_input_token_layerwise,undisclosed,k3,oracle_posterior_gain,11,100.0,0.0008791755421344305,False
final_input_token_layerwise,undisclosed,k3,oracle_posterior_gain,12,100.0,0.0008714330469276332,False
final_input_token_layerwise,undisclosed,k3,oracle_posterior_gain,13,100.0,-0.00019424825644179244,False
final_input_token_layerwise,undisclosed,k3,oracle_posterior_gain,14,100.0,0.00029613109388024195,False
final_input_token_layerwise,undisclosed,k3,oracle_posterior_gain,15,100.0,0.0003518467532925007,False
final_input_token_layerwise,undisclosed,k3,oracle_posterior_gain,16,3.0,0.0021386837043157747,False
final_input_token_layerwise,undisclosed,k3,oracle_posterior_gain,17,3.0,0.026616414425771034,False
final_input_token_layerwise,undisclosed,k3,oracle_posterior_gain,18,3.0,0.0208065275508085,False
final_input_token_layerwise,undisclosed,k3,oracle_posterior_gain,19,3.0,0.039886062553213864,False
final_input_token_layerwise,undisclosed,k3,oracle_posterior_gain,20,3.0,0.05066469046884939,False
final_input_token_layerwise,undisclosed,k3,oracle_posterior_gain,21,3.0,0.05534873442839405,False
final_input_token_layerwise,undisclosed,k3,oracle_posterior_gain,22,3.0,0.06847073087305364,False
final_input_token_layerwise,undisclosed,k3,oracle_posterior_gain,23,3.0,0.09822336005411006,False
final_input_token_layerwise,undisclosed,k3,oracle_posterior_gain,24,3.0,0.12140028195527269,False
final_input_token_layerwise,undisclosed,k3,oracle_posterior_gain,25,3.0,0.132608392201741,True
final_input_token_layerwise,undisclosed,k3,oracle_posterior_gain,26,3.0,0.11998967765061483,False
final_input_token_layerwise,undisclosed,k3,oracle_posterior_gain,27,3.0,0.11774721129998744,False
final_input_token_layerwise,undisclosed,k3,oracle_posterior_gain,28,3.0,0.11690420068950794,False
final_input_token_layerwise,undisclosed,k3,oracle_posterior_gain,29,3.0,0.11596455991512636,False
final_input_token_layerwise,undisclosed,k3,oracle_posterior_gain,30,3.0,0.1111964423773232,False
final_input_token_layerwise,undisclosed,k3,oracle_posterior_gain,31,3.0,0.10713877292378607,False
final_input_token_layerwise,undisclosed,k3,oracle_posterior_gain,32,3.0,0.11090117744118858,False
final_input_token_layerwise,undisclosed,k3,oracle_posterior_gain,33,3.0,0.09569651942138627,False
final_input_token_layerwise,undisclosed,k3,oracle_posterior_gain,34,3.0,0.08836048818180375,False
final_input_token_layerwise,undisclosed,k3,oracle_posterior_gain,35,3.0,0.08291992209553739,False
final_input_token_layerwise,undisclosed,k3,oracle_posterior_gain,36,3.0,0.07686557881657713,False
final_input_token_layerwise,undisclosed,k6,gain,0,0.0001,0.0,False
final_input_token_layerwise,undisclosed,k6,gain,1,100.0,-0.0005905505536801525,False
final_input_token_layerwise,undisclosed,k6,gain,2,100.0,-0.0012188553250318812,False
final_input_token_layerwise,undisclosed,k6,gain,3,100.0,-0.0015305268345281453,False
final_input_token_layerwise,undisclosed,k6,gain,4,100.0,-0.0017638118806904135,False
final_input_token_layerwise,undisclosed,k6,gain,5,100.0,-0.0014113526167699175,False
final_input_token_layerwise,undisclosed,k6,gain,6,100.0,-0.0009928396918456872,False
final_input_token_layerwise,undisclosed,k6,gain,7,100.0,-0.0008369602312638391,False
final_input_token_layerwise,undisclosed,k6,gain,8,100.0,-0.0015013621144299716,False
final_input_token_layerwise,undisclosed,k6,gain,9,100.0,-0.001177245935255089,False
final_input_token_layerwise,undisclosed,k6,gain,10,100.0,-0.0015113444821084343,False
final_input_token_layerwise,undisclosed,k6,gain,11,100.0,-0.00197417851047188,False
final_input_token_layerwise,undisclosed,k6,gain,12,100.0,-0.0016938322500661407,False
final_input_token_layerwise,undisclosed,k6,gain,13,100.0,-0.001049031662948785,False
final_input_token_layerwise,undisclosed,k6,gain,14,100.0,-0.0011840373344791377,False
final_input_token_layerwise,undisclosed,k6,gain,15,100.0,-0.0009961648603058482,False
final_input_token_layerwise,undisclosed,k6,gain,16,100.0,-0.00035617974165930155,False
final_input_token_layerwise,undisclosed,k6,gain,17,3.0,0.004801501517199408,False
final_input_token_layerwise,undisclosed,k6,gain,18,3.0,0.008483732053234716,False
final_input_token_layerwise,undisclosed,k6,gain,19,3.0,0.006631832992789355,False
final_input_token_layerwise,undisclosed,k6,gain,20,3.0,0.004538690383442651,False
final_input_token_layerwise,undisclosed,k6,gain,21,3.0,0.007553106068241416,False
final_input_token_layerwise,undisclosed,k6,gain,22,100.0,-0.0002987068537402271,False
final_input_token_layerwise,undisclosed,k6,gain,23,3.0,0.01114509200369146,True
final_input_token_layerwise,undisclosed,k6,gain,24,3.0,0.007838316284776131,False
final_input_token_layerwise,undisclosed,k6,gain,25,100.0,-0.0005641329523113081,False
final_input_token_layerwise,undisclosed,k6,gain,26,100.0,-0.0008287822681374291,False
final_input_token_layerwise,undisclosed,k6,gain,27,100.0,-0.0012764280270337602,False
final_input_token_layerwise,undisclosed,k6,gain,28,100.0,-0.001540917543965209,False
final_input_token_layerwise,undisclosed,k6,gain,29,100.0,-0.0017188171749658865,False
final_input_token_layerwise,undisclosed,k6,gain,30,100.0,-0.0020609631345062107,False
final_input_token_layerwise,undisclosed,k6,gain,31,100.0,-0.0019380627008518392,False
final_input_token_layerwise,undisclosed,k6,gain,32,100.0,-0.0014612360445698247,False
final_input_token_layerwise,undisclosed,k6,gain,33,100.0,-0.0017544460470730605,False
final_input_token_layerwise,undisclosed,k6,gain,34,100.0,-0.0015918800615452589,False
final_input_token_layerwise,undisclosed,k6,gain,35,100.0,-0.0010697444200817585,False
final_input_token_layerwise,undisclosed,k6,gain,36,100.0,-0.0018042201536463687,False
final_input_token_layerwise,undisclosed,k6,response_residual,0,0.0001,-2.7755575615628914e-17,False
final_input_token_layerwise,undisclosed,k6,response_residual,1,100.0,-0.002393532692042899,False
final_input_token_layerwise,undisclosed,k6,response_residual,2,100.0,-0.0015682813235362025,False
final_input_token_layerwise,undisclosed,k6,response_residual,3,100.0,-0.0019888048122266577,False
final_input_token_layerwise,undisclosed,k6,response_residual,4,100.0,-0.001473251875212217,False
final_input_token_layerwise,undisclosed,k6,response_residual,5,100.0,-0.0012824257058396127,False
final_input_token_layerwise,undisclosed,k6,response_residual,6,100.0,-0.0008538348747164914,False
final_input_token_layerwise,undisclosed,k6,response_residual,7,100.0,-0.00065415287743531,False
final_input_token_layerwise,undisclosed,k6,response_residual,8,100.0,-0.0014921645799744754,False
final_input_token_layerwise,undisclosed,k6,response_residual,9,100.0,-0.0010479974525993696,False
final_input_token_layerwise,undisclosed,k6,response_residual,10,100.0,-0.0015856610742846222,False
final_input_token_layerwise,undisclosed,k6,response_residual,11,100.0,-0.0019714468292809095,False
final_input_token_layerwise,undisclosed,k6,response_residual,12,100.0,-0.001843871946222042,False
final_input_token_layerwise,undisclosed,k6,response_residual,13,100.0,-0.0014153914366285547,False
final_input_token_layerwise,undisclosed,k6,response_residual,14,100.0,-0.0019067649935959607,False
final_input_token_layerwise,undisclosed,k6,response_residual,15,100.0,-0.001457226212683238,False
final_input_token_layerwise,undisclosed,k6,response_residual,16,100.0,-0.0009622972141922759,False
final_input_token_layerwise,undisclosed,k6,response_residual,17,100.0,0.00044146512464887655,False
final_input_token_layerwise,undisclosed,k6,response_residual,18,100.0,0.000631030754605022,True
final_input_token_layerwise,undisclosed,k6,response_residual,19,100.0,0.00031828377128576,False
final_input_token_layerwise,undisclosed,k6,response_residual,20,100.0,-0.00025257608958431654,False
final_input_token_layerwise,undisclosed,k6,response_residual,21,100.0,-3.6665386240863906e-05,False
final_input_token_layerwise,undisclosed,k6,response_residual,22,100.0,-0.000525109169071114,False
final_input_token_layerwise,undisclosed,k6,response_residual,23,100.0,-9.515790153916126e-05,False
final_input_token_layerwise,undisclosed,k6,response_residual,24,100.0,-0.0010173701597409324,False
final_input_token_layerwise,undisclosed,k6,response_residual,25,100.0,-0.0010259424547074125,False
final_input_token_layerwise,undisclosed,k6,response_residual,26,100.0,-0.001431699355380317,False
final_input_token_layerwise,undisclosed,k6,response_residual,27,100.0,-0.001601908669317642,False
final_input_token_layerwise,undisclosed,k6,response_residual,28,100.0,-0.0017106726500590586,False
final_input_token_layerwise,undisclosed,k6,response_residual,29,100.0,-0.0018971481312784755,False
final_input_token_layerwise,undisclosed,k6,response_residual,30,100.0,-0.002180360670321735,False
final_input_token_layerwise,undisclosed,k6,response_residual,31,100.0,-0.0019721076827954598,False
final_input_token_layerwise,undisclosed,k6,response_residual,32,100.0,-0.0015536590091262958,False
final_input_token_layerwise,undisclosed,k6,response_residual,33,100.0,-0.00179927226734658,False
final_input_token_layerwise,undisclosed,k6,response_residual,34,100.0,-0.001921712536717135,False
final_input_token_layerwise,undisclosed,k6,response_residual,35,100.0,-0.00112933909158891,False
final_input_token_layerwise,undisclosed,k6,response_residual,36,100.0,-0.0016465061999542396,False
final_input_token_layerwise,undisclosed,k6,last_target_observation,0,0.0001,-2.7755575615628914e-17,False
final_input_token_layerwise,undisclosed,k6,last_target_observation,1,0.1,0.04982663400282264,False
final_input_token_layerwise,undisclosed,k6,last_target_observation,2,3.0,0.01323397829866621,False
final_input_token_layerwise,undisclosed,k6,last_target_observation,3,3.0,0.016693179587641077,False
final_input_token_layerwise,undisclosed,k6,last_target_observation,4,100.0,0.00010978560307542407,False
final_input_token_layerwise,undisclosed,k6,last_target_observation,5,100.0,-0.00011370576574668001,False
final_input_token_layerwise,undisclosed,k6,last_target_observation,6,100.0,-0.00033402656376532724,False
final_input_token_layerwise,undisclosed,k6,last_target_observation,7,100.0,-8.636675497539215e-05,False
final_input_token_layerwise,undisclosed,k6,last_target_observation,8,100.0,0.0006677714260116263,False
final_input_token_layerwise,undisclosed,k6,last_target_observation,9,100.0,0.0010393572521612549,False
final_input_token_layerwise,undisclosed,k6,last_target_observation,10,100.0,0.0004978088660114177,False
final_input_token_layerwise,undisclosed,k6,last_target_observation,11,100.0,0.0006664455201821073,False
final_input_token_layerwise,undisclosed,k6,last_target_observation,12,100.0,0.0005605123648332044,False
final_input_token_layerwise,undisclosed,k6,last_target_observation,13,3.0,0.03516450833555873,False
final_input_token_layerwise,undisclosed,k6,last_target_observation,14,3.0,0.026322444580159116,False
final_input_token_layerwise,undisclosed,k6,last_target_observation,15,3.0,0.0279665940803408,False
final_input_token_layerwise,undisclosed,k6,last_target_observation,16,3.0,0.031252234815473984,False
final_input_token_layerwise,undisclosed,k6,last_target_observation,17,3.0,0.03701748871241861,False
final_input_token_layerwise,undisclosed,k6,last_target_observation,18,3.0,0.04097625643176042,False
final_input_token_layerwise,undisclosed,k6,last_target_observation,19,3.0,0.05224784223562193,False
final_input_token_layerwise,undisclosed,k6,last_target_observation,20,3.0,0.0617803827152959,False
final_input_token_layerwise,undisclosed,k6,last_target_observation,21,3.0,0.07068051234294906,True
final_input_token_layerwise,undisclosed,k6,last_target_observation,22,3.0,0.05334678336003629,False
final_input_token_layerwise,undisclosed,k6,last_target_observation,23,3.0,0.04421815181649577,False
final_input_token_layerwise,undisclosed,k6,last_target_observation,24,3.0,0.033567286401521346,False
final_input_token_layerwise,undisclosed,k6,last_target_observation,25,3.0,0.043923372929830284,False
final_input_token_layerwise,undisclosed,k6,last_target_observation,26,3.0,0.047599188818715416,False
final_input_token_layerwise,undisclosed,k6,last_target_observation,27,3.0,0.03129535511897996,False
final_input_token_layerwise,undisclosed,k6,last_target_observation,28,3.0,0.03400002018767889,False
final_input_token_layerwise,undisclosed,k6,last_target_observation,29,3.0,0.03552781814481423,False
final_input_token_layerwise,undisclosed,k6,last_target_observation,30,3.0,0.03540335410135942,False
final_input_token_layerwise,undisclosed,k6,last_target_observation,31,3.0,0.04067545659567379,False
final_input_token_layerwise,undisclosed,k6,last_target_observation,32,3.0,0.049860314271395034,False
final_input_token_layerwise,undisclosed,k6,last_target_observation,33,3.0,0.055454770993173114,False
final_input_token_layerwise,undisclosed,k6,last_target_observation,34,3.0,0.04410086873932478,False
final_input_token_layerwise,undisclosed,k6,last_target_observation,35,3.0,0.02988885245255829,False
final_input_token_layerwise,undisclosed,k6,last_target_observation,36,3.0,0.03296402682580618,False
final_input_token_layerwise,undisclosed,k6,target_observation_mean,0,0.0001,2.7755575615628914e-17,False
final_input_token_layerwise,undisclosed,k6,target_observation_mean,1,100.0,-0.011093890719790833,False
final_input_token_layerwise,undisclosed,k6,target_observation_mean,2,100.0,-0.006198676071601267,False
final_input_token_layerwise,undisclosed,k6,target_observation_mean,3,100.0,-0.004201909747405752,False
final_input_token_layerwise,undisclosed,k6,target_observation_mean,4,100.0,-0.0025088031861235927,False
final_input_token_layerwise,undisclosed,k6,target_observation_mean,5,100.0,-0.0014034497717781425,False
final_input_token_layerwise,undisclosed,k6,target_observation_mean,6,100.0,-0.001183917002813506,False
final_input_token_layerwise,undisclosed,k6,target_observation_mean,7,100.0,-0.00036489922955970644,False
final_input_token_layerwise,undisclosed,k6,target_observation_mean,8,100.0,-2.6704571183089332e-05,False
final_input_token_layerwise,undisclosed,k6,target_observation_mean,9,100.0,-0.0009697565168055589,False
final_input_token_layerwise,undisclosed,k6,target_observation_mean,10,100.0,-0.00033909273517856997,False
final_input_token_layerwise,undisclosed,k6,target_observation_mean,11,100.0,-0.00025228283017517117,False
final_input_token_layerwise,undisclosed,k6,target_observation_mean,12,100.0,-0.0007380525045014297,False
final_input_token_layerwise,undisclosed,k6,target_observation_mean,13,3.0,0.015881567810704905,False
final_input_token_layerwise,undisclosed,k6,target_observation_mean,14,3.0,0.027726189455801298,False
final_input_token_layerwise,undisclosed,k6,target_observation_mean,15,3.0,0.0405983281893853,False
final_input_token_layerwise,undisclosed,k6,target_observation_mean,16,3.0,0.07815074955736503,False
final_input_token_layerwise,undisclosed,k6,target_observation_mean,17,3.0,0.07041455317392539,False
final_input_token_layerwise,undisclosed,k6,target_observation_mean,18,3.0,0.08795741664495005,False
final_input_token_layerwise,undisclosed,k6,target_observation_mean,19,3.0,0.08357094861178324,False
final_input_token_layerwise,undisclosed,k6,target_observation_mean,20,0.1,0.16592142488585893,False
final_input_token_layerwise,undisclosed,k6,target_observation_mean,21,0.1,0.2277508972048394,False
final_input_token_layerwise,undisclosed,k6,target_observation_mean,22,0.1,0.18000425916371665,False
final_input_token_layerwise,undisclosed,k6,target_observation_mean,23,0.1,0.26165361647114094,True
final_input_token_layerwise,undisclosed,k6,target_observation_mean,24,0.1,0.1786656194381812,False
final_input_token_layerwise,undisclosed,k6,target_observation_mean,25,0.1,0.16338576091970483,False
final_input_token_layerwise,undisclosed,k6,target_observation_mean,26,3.0,0.0958148664295328,False
final_input_token_layerwise,undisclosed,k6,target_observation_mean,27,3.0,0.09095661979244479,False
final_input_token_layerwise,undisclosed,k6,target_observation_mean,28,3.0,0.10891041634756052,False
final_input_token_layerwise,undisclosed,k6,target_observation_mean,29,3.0,0.09447447291031277,False
final_input_token_layerwise,undisclosed,k6,target_observation_mean,30,3.0,0.06822362028316914,False
final_input_token_layerwise,undisclosed,k6,target_observation_mean,31,3.0,0.06115015657361306,False
final_input_token_layerwise,undisclosed,k6,target_observation_mean,32,3.0,0.06379135891353094,False
final_input_token_layerwise,undisclosed,k6,target_observation_mean,33,3.0,0.044487735777085285,False
final_input_token_layerwise,undisclosed,k6,target_observation_mean,34,3.0,0.057228874616483155,False
final_input_token_layerwise,undisclosed,k6,target_observation_mean,35,3.0,0.058488710714922454,False
final_input_token_layerwise,undisclosed,k6,target_observation_mean,36,3.0,0.05888098606100842,False
final_input_token_layerwise,undisclosed,k6,target_time_slope,0,0.0001,0.0,False
final_input_token_layerwise,undisclosed,k6,target_time_slope,1,100.0,0.001274706272271886,False
final_input_token_layerwise,undisclosed,k6,target_time_slope,2,3.0,0.0016987480760047857,False
final_input_token_layerwise,undisclosed,k6,target_time_slope,3,3.0,0.0024126150536546154,False
final_input_token_layerwise,undisclosed,k6,target_time_slope,4,100.0,-0.00029544386812896395,False
final_input_token_layerwise,undisclosed,k6,target_time_slope,5,100.0,-0.0002423741550503511,False
final_input_token_layerwise,undisclosed,k6,target_time_slope,6,100.0,-0.0005013392114396886,False
final_input_token_layerwise,undisclosed,k6,target_time_slope,7,100.0,-0.0004340252057147276,False
final_input_token_layerwise,undisclosed,k6,target_time_slope,8,100.0,0.000197797835204655,False
final_input_token_layerwise,undisclosed,k6,target_time_slope,9,100.0,0.0005249963393092749,False
final_input_token_layerwise,undisclosed,k6,target_time_slope,10,100.0,-0.00018403494124361042,False
final_input_token_layerwise,undisclosed,k6,target_time_slope,11,100.0,-0.00019316716258310773,False
final_input_token_layerwise,undisclosed,k6,target_time_slope,12,100.0,0.0004098108610184892,False
final_input_token_layerwise,undisclosed,k6,target_time_slope,13,3.0,0.011490997629017063,False
final_input_token_layerwise,undisclosed,k6,target_time_slope,14,3.0,0.018985319415443597,False
final_input_token_layerwise,undisclosed,k6,target_time_slope,15,3.0,0.03655594846455387,False
final_input_token_layerwise,undisclosed,k6,target_time_slope,16,3.0,0.07204391915730571,False
final_input_token_layerwise,undisclosed,k6,target_time_slope,17,3.0,0.07315746510761206,False
final_input_token_layerwise,undisclosed,k6,target_time_slope,18,3.0,0.07921879267785595,False
final_input_token_layerwise,undisclosed,k6,target_time_slope,19,0.1,0.11653349164128904,True
final_input_token_layerwise,undisclosed,k6,target_time_slope,20,0.1,0.0932705030240967,False
final_input_token_layerwise,undisclosed,k6,target_time_slope,21,3.0,0.08566524598491512,False
final_input_token_layerwise,undisclosed,k6,target_time_slope,22,3.0,0.06656201274988077,False
final_input_token_layerwise,undisclosed,k6,target_time_slope,23,3.0,0.05358438913615077,False
final_input_token_layerwise,undisclosed,k6,target_time_slope,24,3.0,0.020126487432027634,False
final_input_token_layerwise,undisclosed,k6,target_time_slope,25,3.0,0.050914288100088606,False
final_input_token_layerwise,undisclosed,k6,target_time_slope,26,3.0,0.046106760190224,False
final_input_token_layerwise,undisclosed,k6,target_time_slope,27,3.0,0.029990819734354995,False
final_input_token_layerwise,undisclosed,k6,target_time_slope,28,3.0,0.03189082447791669,False
final_input_token_layerwise,undisclosed,k6,target_time_slope,29,3.0,0.0383114165265068,False
final_input_token_layerwise,undisclosed,k6,target_time_slope,30,3.0,0.06140531638855623,False
final_input_token_layerwise,undisclosed,k6,target_time_slope,31,3.0,0.04232689563821218,False
final_input_token_layerwise,undisclosed,k6,target_time_slope,32,3.0,0.055007579481168994,False
final_input_token_layerwise,undisclosed,k6,target_time_slope,33,3.0,0.06494090377886871,False
final_input_token_layerwise,undisclosed,k6,target_time_slope,34,3.0,0.039419342131716634,False
final_input_token_layerwise,undisclosed,k6,target_time_slope,35,3.0,0.024488228319721222,False
final_input_token_layerwise,undisclosed,k6,target_time_slope,36,3.0,0.027025276097332684,False
final_input_token_layerwise,undisclosed,k6,displayed_driver_outcome_slope,0,0.0001,-5.551115123125783e-17,False
final_input_token_layerwise,undisclosed,k6,displayed_driver_outcome_slope,1,100.0,-0.0016686370421820917,False
final_input_token_layerwise,undisclosed,k6,displayed_driver_outcome_slope,2,100.0,-0.0015542412910032055,False
final_input_token_layerwise,undisclosed,k6,displayed_driver_outcome_slope,3,100.0,-0.0009847642381886068,False
final_input_token_layerwise,undisclosed,k6,displayed_driver_outcome_slope,4,100.0,-0.0006420382221571097,False
final_input_token_layerwise,undisclosed,k6,displayed_driver_outcome_slope,5,100.0,-0.000602452459923436,False
final_input_token_layerwise,undisclosed,k6,displayed_driver_outcome_slope,6,100.0,-0.00037470653078147675,False
final_input_token_layerwise,undisclosed,k6,displayed_driver_outcome_slope,7,100.0,-0.0007519037095614078,False
final_input_token_layerwise,undisclosed,k6,displayed_driver_outcome_slope,8,100.0,-0.0014339334259343972,False
final_input_token_layerwise,undisclosed,k6,displayed_driver_outcome_slope,9,100.0,-0.0015125079813230191,False
final_input_token_layerwise,undisclosed,k6,displayed_driver_outcome_slope,10,100.0,-0.0015309483376034771,False
final_input_token_layerwise,undisclosed,k6,displayed_driver_outcome_slope,11,100.0,-0.0014298640970257792,False
final_input_token_layerwise,undisclosed,k6,displayed_driver_outcome_slope,12,100.0,-0.0012932195898501253,False
final_input_token_layerwise,undisclosed,k6,displayed_driver_outcome_slope,13,100.0,-0.0014807676447110008,False
final_input_token_layerwise,undisclosed,k6,displayed_driver_outcome_slope,14,100.0,-0.0010829654816760237,False
final_input_token_layerwise,undisclosed,k6,displayed_driver_outcome_slope,15,100.0,-0.0009613990716756393,False
final_input_token_layerwise,undisclosed,k6,displayed_driver_outcome_slope,16,100.0,-0.0012948054701182043,False
final_input_token_layerwise,undisclosed,k6,displayed_driver_outcome_slope,17,100.0,-0.00034922125947386973,False
final_input_token_layerwise,undisclosed,k6,displayed_driver_outcome_slope,18,100.0,-0.00027423875035786915,False
final_input_token_layerwise,undisclosed,k6,displayed_driver_outcome_slope,19,3.0,0.004991462327062934,False
final_input_token_layerwise,undisclosed,k6,displayed_driver_outcome_slope,20,100.0,0.00033719559590814074,False
final_input_token_layerwise,undisclosed,k6,displayed_driver_outcome_slope,21,100.0,0.0007514017435424902,False
final_input_token_layerwise,undisclosed,k6,displayed_driver_outcome_slope,22,100.0,0.00046987429619760324,False
final_input_token_layerwise,undisclosed,k6,displayed_driver_outcome_slope,23,100.0,0.0006577619039761506,False
final_input_token_layerwise,undisclosed,k6,displayed_driver_outcome_slope,24,100.0,0.0002683709153508407,False
final_input_token_layerwise,undisclosed,k6,displayed_driver_outcome_slope,25,3.0,0.006284293178505512,False
final_input_token_layerwise,undisclosed,k6,displayed_driver_outcome_slope,26,100.0,0.0005282098960346371,False
final_input_token_layerwise,undisclosed,k6,displayed_driver_outcome_slope,27,100.0,0.0004867277271815018,False
final_input_token_layerwise,undisclosed,k6,displayed_driver_outcome_slope,28,100.0,0.0004491708655346427,False
final_input_token_layerwise,undisclosed,k6,displayed_driver_outcome_slope,29,100.0,5.692605808610418e-05,False
final_input_token_layerwise,undisclosed,k6,displayed_driver_outcome_slope,30,3.0,0.003402172602726433,False
final_input_token_layerwise,undisclosed,k6,displayed_driver_outcome_slope,31,3.0,0.005076254633800598,False
final_input_token_layerwise,undisclosed,k6,displayed_driver_outcome_slope,32,3.0,0.014791507952523875,True
final_input_token_layerwise,undisclosed,k6,displayed_driver_outcome_slope,33,3.0,0.001380611788182523,False
final_input_token_layerwise,undisclosed,k6,displayed_driver_outcome_slope,34,100.0,0.0010103493406377617,False
final_input_token_layerwise,undisclosed,k6,displayed_driver_outcome_slope,35,100.0,0.0007051245373227155,False
final_input_token_layerwise,undisclosed,k6,displayed_driver_outcome_slope,36,100.0,0.0007946912811125917,False
final_input_token_layerwise,undisclosed,k6,oracle_posterior_gain,0,0.0001,-5.551115123125783e-17,False
final_input_token_layerwise,undisclosed,k6,oracle_posterior_gain,1,100.0,-0.001959680881102932,False
final_input_token_layerwise,undisclosed,k6,oracle_posterior_gain,2,100.0,-0.0004081932517411291,False
final_input_token_layerwise,undisclosed,k6,oracle_posterior_gain,3,100.0,-0.0002730256763956995,False
final_input_token_layerwise,undisclosed,k6,oracle_posterior_gain,4,100.0,-1.5486916901952252e-06,False
final_input_token_layerwise,undisclosed,k6,oracle_posterior_gain,5,100.0,-0.00038225313116976856,False
final_input_token_layerwise,undisclosed,k6,oracle_posterior_gain,6,100.0,-0.0004253265126481498,False
final_input_token_layerwise,undisclosed,k6,oracle_posterior_gain,7,100.0,-0.00037064848323989374,False
final_input_token_layerwise,undisclosed,k6,oracle_posterior_gain,8,100.0,0.0013298950453606018,False
final_input_token_layerwise,undisclosed,k6,oracle_posterior_gain,9,100.0,0.0008120445190374914,False
final_input_token_layerwise,undisclosed,k6,oracle_posterior_gain,10,3.0,0.0018648357944668903,False
final_input_token_layerwise,undisclosed,k6,oracle_posterior_gain,11,3.0,0.0013207485247847262,False
final_input_token_layerwise,undisclosed,k6,oracle_posterior_gain,12,3.0,0.003210950514518779,False
final_input_token_layerwise,undisclosed,k6,oracle_posterior_gain,13,100.0,0.0003954949089940152,False
final_input_token_layerwise,undisclosed,k6,oracle_posterior_gain,14,100.0,-3.2696388921643615e-05,False
final_input_token_layerwise,undisclosed,k6,oracle_posterior_gain,15,100.0,0.00017123808728594647,False
final_input_token_layerwise,undisclosed,k6,oracle_posterior_gain,16,100.0,2.7290806005664248e-05,False
final_input_token_layerwise,undisclosed,k6,oracle_posterior_gain,17,3.0,0.002345912970303954,False
final_input_token_layerwise,undisclosed,k6,oracle_posterior_gain,18,3.0,0.023322468213875736,False
final_input_token_layerwise,undisclosed,k6,oracle_posterior_gain,19,3.0,0.023677600528068443,False
final_input_token_layerwise,undisclosed,k6,oracle_posterior_gain,20,3.0,0.05908871328818746,False
final_input_token_layerwise,undisclosed,k6,oracle_posterior_gain,21,3.0,0.05109114536269177,False
final_input_token_layerwise,undisclosed,k6,oracle_posterior_gain,22,3.0,0.05059727362185362,False
final_input_token_layerwise,undisclosed,k6,oracle_posterior_gain,23,3.0,0.06911517262011127,False
final_input_token_layerwise,undisclosed,k6,oracle_posterior_gain,24,3.0,0.08257165081523332,True
final_input_token_layerwise,undisclosed,k6,oracle_posterior_gain,25,3.0,0.07967277916504589,False
final_input_token_layerwise,undisclosed,k6,oracle_posterior_gain,26,3.0,0.07938422307262835,False
final_input_token_layerwise,undisclosed,k6,oracle_posterior_gain,27,3.0,0.07774065544382094,False
final_input_token_layerwise,undisclosed,k6,oracle_posterior_gain,28,3.0,0.06652284402199521,False
final_input_token_layerwise,undisclosed,k6,oracle_posterior_gain,29,3.0,0.07401861661656056,False
final_input_token_layerwise,undisclosed,k6,oracle_posterior_gain,30,3.0,0.07840042144080353,False
final_input_token_layerwise,undisclosed,k6,oracle_posterior_gain,31,3.0,0.07601304002114131,False
final_input_token_layerwise,undisclosed,k6,oracle_posterior_gain,32,3.0,0.06644453109040555,False
final_input_token_layerwise,undisclosed,k6,oracle_posterior_gain,33,3.0,0.05489322634562713,False
final_input_token_layerwise,undisclosed,k6,oracle_posterior_gain,34,3.0,0.05082835664960936,False
final_input_token_layerwise,undisclosed,k6,oracle_posterior_gain,35,3.0,0.040743724063426884,False
final_input_token_layerwise,undisclosed,k6,oracle_posterior_gain,36,3.0,0.03532544803096699,False
final_input_token_layerwise,undisclosed,k9,gain,0,0.0001,0.0,False
final_input_token_layerwise,undisclosed,k9,gain,1,100.0,-0.0029176356171573548,False
final_input_token_layerwise,undisclosed,k9,gain,2,100.0,-0.0018101401024757657,False
final_input_token_layerwise,undisclosed,k9,gain,3,100.0,-0.0012328460996854917,False
final_input_token_layerwise,undisclosed,k9,gain,4,100.0,-0.00159418704385611,False
final_input_token_layerwise,undisclosed,k9,gain,5,100.0,-0.0009310986862170467,False
final_input_token_layerwise,undisclosed,k9,gain,6,100.0,-0.00023662333443269512,False
final_input_token_layerwise,undisclosed,k9,gain,7,3.0,0.0011135122690145716,False
final_input_token_layerwise,undisclosed,k9,gain,8,3.0,0.012408084833212901,False
final_input_token_layerwise,undisclosed,k9,gain,9,3.0,0.0005442899814785962,False
final_input_token_layerwise,undisclosed,k9,gain,10,100.0,4.6228266690012676e-05,False
final_input_token_layerwise,undisclosed,k9,gain,11,100.0,-0.0003629939936615756,False
final_input_token_layerwise,undisclosed,k9,gain,12,100.0,0.00011152403589512194,False
final_input_token_layerwise,undisclosed,k9,gain,13,100.0,-0.0005505625914503376,False
final_input_token_layerwise,undisclosed,k9,gain,14,100.0,-0.0008310322977930773,False
final_input_token_layerwise,undisclosed,k9,gain,15,100.0,-0.0008011948756308507,False
final_input_token_layerwise,undisclosed,k9,gain,16,100.0,-0.000851243991193934,False
final_input_token_layerwise,undisclosed,k9,gain,17,100.0,-0.0012451896088598036,False
final_input_token_layerwise,undisclosed,k9,gain,18,100.0,-0.0010282006063613292,False
final_input_token_layerwise,undisclosed,k9,gain,19,3.0,0.014734448108805948,False
final_input_token_layerwise,undisclosed,k9,gain,20,3.0,0.054674678741111926,False
final_input_token_layerwise,undisclosed,k9,gain,21,0.1,0.08053625735430675,False
final_input_token_layerwise,undisclosed,k9,gain,22,3.0,0.05643722906391285,False
final_input_token_layerwise,undisclosed,k9,gain,23,3.0,0.0752328277384528,False
final_input_token_layerwise,undisclosed,k9,gain,24,3.0,0.08108273424288717,True
final_input_token_layerwise,undisclosed,k9,gain,25,3.0,0.05672605337420458,False
final_input_token_layerwise,undisclosed,k9,gain,26,3.0,0.06383677753792028,False
final_input_token_layerwise,undisclosed,k9,gain,27,3.0,0.06365824184276117,False
final_input_token_layerwise,undisclosed,k9,gain,28,3.0,0.0656089106531644,False
final_input_token_layerwise,undisclosed,k9,gain,29,3.0,0.05215336701645057,False
final_input_token_layerwise,undisclosed,k9,gain,30,3.0,0.04631664195815968,False
final_input_token_layerwise,undisclosed,k9,gain,31,3.0,0.03667996543964691,False
final_input_token_layerwise,undisclosed,k9,gain,32,3.0,0.03262395493913925,False
final_input_token_layerwise,undisclosed,k9,gain,33,3.0,0.031461266452086745,False
final_input_token_layerwise,undisclosed,k9,gain,34,3.0,0.0506387615897054,False
final_input_token_layerwise,undisclosed,k9,gain,35,3.0,0.046285392910131035,False
final_input_token_layerwise,undisclosed,k9,gain,36,3.0,0.04695258564673627,False
final_input_token_layerwise,undisclosed,k9,response_residual,0,0.0001,-2.7755575615628914e-17,False
final_input_token_layerwise,undisclosed,k9,response_residual,1,100.0,-0.003518000344429284,False
final_input_token_layerwise,undisclosed,k9,response_residual,2,100.0,-0.002065757137882651,False
final_input_token_layerwise,undisclosed,k9,response_residual,3,100.0,-0.0014132342686505317,False
final_input_token_layerwise,undisclosed,k9,response_residual,4,100.0,-0.0017317957254115446,False
final_input_token_layerwise,undisclosed,k9,response_residual,5,100.0,-0.0011097043687550157,False
final_input_token_layerwise,undisclosed,k9,response_residual,6,100.0,-0.00037417566833003457,False
final_input_token_layerwise,undisclosed,k9,response_residual,7,100.0,0.00030580059888860034,False
final_input_token_layerwise,undisclosed,k9,response_residual,8,100.0,0.0006005469223185067,False
final_input_token_layerwise,undisclosed,k9,response_residual,9,100.0,0.0003379646121643154,False
final_input_token_layerwise,undisclosed,k9,response_residual,10,100.0,0.00024269266801610345,False
final_input_token_layerwise,undisclosed,k9,response_residual,11,100.0,-0.00030420146045792573,False
final_input_token_layerwise,undisclosed,k9,response_residual,12,100.0,5.78768256259965e-05,False
final_input_token_layerwise,undisclosed,k9,response_residual,13,100.0,-0.0006454285039823593,False
final_input_token_layerwise,undisclosed,k9,response_residual,14,100.0,-0.0003518367488292429,False
final_input_token_layerwise,undisclosed,k9,response_residual,15,100.0,-0.000557277020023117,False
final_input_token_layerwise,undisclosed,k9,response_residual,16,100.0,-0.0007245018954291915,False
final_input_token_layerwise,undisclosed,k9,response_residual,17,100.0,-0.0008146912759493807,False
final_input_token_layerwise,undisclosed,k9,response_residual,18,100.0,-0.00024608008846682683,False
final_input_token_layerwise,undisclosed,k9,response_residual,19,3.0,0.006200260775395927,False
final_input_token_layerwise,undisclosed,k9,response_residual,20,3.0,0.028942059253290076,True
final_input_token_layerwise,undisclosed,k9,response_residual,21,3.0,0.02670042136480999,False
final_input_token_layerwise,undisclosed,k9,response_residual,22,3.0,0.01839818897948492,False
final_input_token_layerwise,undisclosed,k9,response_residual,23,3.0,0.02335388697850413,False
final_input_token_layerwise,undisclosed,k9,response_residual,24,3.0,0.02608570211670616,False
final_input_token_layerwise,undisclosed,k9,response_residual,25,3.0,0.01214958884006248,False
final_input_token_layerwise,undisclosed,k9,response_residual,26,3.0,0.016722269896078362,False
final_input_token_layerwise,undisclosed,k9,response_residual,27,3.0,0.013878048132995785,False
final_input_token_layerwise,undisclosed,k9,response_residual,28,3.0,0.00815425581578283,False
final_input_token_layerwise,undisclosed,k9,response_residual,29,100.0,0.0029967727060566107,False
final_input_token_layerwise,undisclosed,k9,response_residual,30,100.0,0.002052276520072477,False
final_input_token_layerwise,undisclosed,k9,response_residual,31,100.0,0.0015013992340541793,False
final_input_token_layerwise,undisclosed,k9,response_residual,32,100.0,0.0012263923240505847,False
final_input_token_layerwise,undisclosed,k9,response_residual,33,100.0,0.0009185961211181926,False
final_input_token_layerwise,undisclosed,k9,response_residual,34,3.0,0.012792057301052234,False
final_input_token_layerwise,undisclosed,k9,response_residual,35,3.0,0.011730033585626493,False
final_input_token_layerwise,undisclosed,k9,response_residual,36,3.0,0.01613368776997734,False
final_input_token_layerwise,undisclosed,k9,last_target_observation,0,0.0001,1.3877787807814457e-16,False
final_input_token_layerwise,undisclosed,k9,last_target_observation,1,100.0,-0.006644374131570707,False
final_input_token_layerwise,undisclosed,k9,last_target_observation,2,100.0,-0.004060675746567266,False
final_input_token_layerwise,undisclosed,k9,last_target_observation,3,100.0,-0.0023249606595963923,False
final_input_token_layerwise,undisclosed,k9,last_target_observation,4,100.0,-0.001847416847069433,False
final_input_token_layerwise,undisclosed,k9,last_target_observation,5,100.0,-0.0012917541737962335,False
final_input_token_layerwise,undisclosed,k9,last_target_observation,6,100.0,-0.0010916386195691519,False
final_input_token_layerwise,undisclosed,k9,last_target_observation,7,100.0,-0.0009441862502658216,False
final_input_token_layerwise,undisclosed,k9,last_target_observation,8,100.0,-0.0008227718690846375,False
final_input_token_layerwise,undisclosed,k9,last_target_observation,9,100.0,-0.0006135016326777876,False
final_input_token_layerwise,undisclosed,k9,last_target_observation,10,3.0,0.004050275086827454,False
final_input_token_layerwise,undisclosed,k9,last_target_observation,11,3.0,0.033837328294286984,False
final_input_token_layerwise,undisclosed,k9,last_target_observation,12,3.0,0.024567576010406628,False
final_input_token_layerwise,undisclosed,k9,last_target_observation,13,3.0,0.02967624240477637,False
final_input_token_layerwise,undisclosed,k9,last_target_observation,14,3.0,0.046330602121197134,False
final_input_token_layerwise,undisclosed,k9,last_target_observation,15,3.0,0.033864874702307146,False
final_input_token_layerwise,undisclosed,k9,last_target_observation,16,3.0,0.025469827413982044,False
final_input_token_layerwise,undisclosed,k9,last_target_observation,17,3.0,0.020851951720053385,False
final_input_token_layerwise,undisclosed,k9,last_target_observation,18,3.0,0.008094364854925429,False
final_input_token_layerwise,undisclosed,k9,last_target_observation,19,3.0,0.025978383035689223,False
final_input_token_layerwise,undisclosed,k9,last_target_observation,20,3.0,0.05627907851474159,True
final_input_token_layerwise,undisclosed,k9,last_target_observation,21,3.0,0.04799908037280909,False
final_input_token_layerwise,undisclosed,k9,last_target_observation,22,3.0,0.04123175046185179,False
final_input_token_layerwise,undisclosed,k9,last_target_observation,23,3.0,0.034975379136914314,False
final_input_token_layerwise,undisclosed,k9,last_target_observation,24,3.0,0.04053891639750973,False
final_input_token_layerwise,undisclosed,k9,last_target_observation,25,3.0,0.03177770940021124,False
final_input_token_layerwise,undisclosed,k9,last_target_observation,26,3.0,0.03385300643981323,False
final_input_token_layerwise,undisclosed,k9,last_target_observation,27,3.0,0.034856718299729444,False
final_input_token_layerwise,undisclosed,k9,last_target_observation,28,3.0,0.029457277259731685,False
final_input_token_layerwise,undisclosed,k9,last_target_observation,29,3.0,0.022957626525529073,False
final_input_token_layerwise,undisclosed,k9,last_target_observation,30,3.0,0.018808567835311596,False
final_input_token_layerwise,undisclosed,k9,last_target_observation,31,3.0,0.010093154388736036,False
final_input_token_layerwise,undisclosed,k9,last_target_observation,32,100.0,0.001016539421358681,False
final_input_token_layerwise,undisclosed,k9,last_target_observation,33,100.0,0.0008511241792086288,False
final_input_token_layerwise,undisclosed,k9,last_target_observation,34,100.0,0.0006562557591733298,False
final_input_token_layerwise,undisclosed,k9,last_target_observation,35,100.0,0.0006462512279272747,False
final_input_token_layerwise,undisclosed,k9,last_target_observation,36,100.0,0.000533099556575517,False
final_input_token_layerwise,undisclosed,k9,target_observation_mean,0,0.0001,3.885780586188048e-16,False
final_input_token_layerwise,undisclosed,k9,target_observation_mean,1,100.0,0.0046021327265916845,False
final_input_token_layerwise,undisclosed,k9,target_observation_mean,2,3.0,0.005921184728609558,False
final_input_token_layerwise,undisclosed,k9,target_observation_mean,3,3.0,0.008052669344779717,False
final_input_token_layerwise,undisclosed,k9,target_observation_mean,4,100.0,0.0013025575945148637,False
final_input_token_layerwise,undisclosed,k9,target_observation_mean,5,3.0,0.008990626000993984,False
final_input_token_layerwise,undisclosed,k9,target_observation_mean,6,100.0,0.0004732937299608553,False
final_input_token_layerwise,undisclosed,k9,target_observation_mean,7,3.0,0.002403851914048849,False
final_input_token_layerwise,undisclosed,k9,target_observation_mean,8,3.0,0.016361060122692644,False
final_input_token_layerwise,undisclosed,k9,target_observation_mean,9,3.0,0.00571602842679908,False
final_input_token_layerwise,undisclosed,k9,target_observation_mean,10,3.0,0.011983664061278182,False
final_input_token_layerwise,undisclosed,k9,target_observation_mean,11,3.0,0.0024530636925307603,False
final_input_token_layerwise,undisclosed,k9,target_observation_mean,12,3.0,0.009352018588013405,False
final_input_token_layerwise,undisclosed,k9,target_observation_mean,13,100.0,0.0023271712404720757,False
final_input_token_layerwise,undisclosed,k9,target_observation_mean,14,100.0,0.002425422577914449,False
final_input_token_layerwise,undisclosed,k9,target_observation_mean,15,100.0,0.0016387263700189392,False
final_input_token_layerwise,undisclosed,k9,target_observation_mean,16,3.0,0.01188338844487477,False
final_input_token_layerwise,undisclosed,k9,target_observation_mean,17,100.0,0.001445536695598465,False
final_input_token_layerwise,undisclosed,k9,target_observation_mean,18,3.0,0.0022271127518224965,False
final_input_token_layerwise,undisclosed,k9,target_observation_mean,19,3.0,0.005674575973862395,False
final_input_token_layerwise,undisclosed,k9,target_observation_mean,20,3.0,0.046273419800082205,False
final_input_token_layerwise,undisclosed,k9,target_observation_mean,21,3.0,0.039823964563312136,False
final_input_token_layerwise,undisclosed,k9,target_observation_mean,22,3.0,0.044601451477460585,False
final_input_token_layerwise,undisclosed,k9,target_observation_mean,23,3.0,0.04771400099144266,True
final_input_token_layerwise,undisclosed,k9,target_observation_mean,24,3.0,0.03718616601572938,False
final_input_token_layerwise,undisclosed,k9,target_observation_mean,25,3.0,0.00665254441113769,False
final_input_token_layerwise,undisclosed,k9,target_observation_mean,26,3.0,0.013409581306042528,False
final_input_token_layerwise,undisclosed,k9,target_observation_mean,27,3.0,0.023584471971522192,False
final_input_token_layerwise,undisclosed,k9,target_observation_mean,28,3.0,0.021132977156623267,False
final_input_token_layerwise,undisclosed,k9,target_observation_mean,29,3.0,0.016910012660316304,False
final_input_token_layerwise,undisclosed,k9,target_observation_mean,30,100.0,0.0008093754467045078,False
final_input_token_layerwise,undisclosed,k9,target_observation_mean,31,100.0,0.0005284840105024002,False
final_input_token_layerwise,undisclosed,k9,target_observation_mean,32,100.0,0.00030234917800386896,False
final_input_token_layerwise,undisclosed,k9,target_observation_mean,33,100.0,0.00022039284476724208,False
final_input_token_layerwise,undisclosed,k9,target_observation_mean,34,3.0,0.0028486521445731106,False
final_input_token_layerwise,undisclosed,k9,target_observation_mean,35,3.0,0.0010033238461358562,False
final_input_token_layerwise,undisclosed,k9,target_observation_mean,36,100.0,-0.00020993661694121424,False
final_input_token_layerwise,undisclosed,k9,target_time_slope,0,0.0001,0.0,False
final_input_token_layerwise,undisclosed,k9,target_time_slope,1,3.0,0.0054514264366914145,False
final_input_token_layerwise,undisclosed,k9,target_time_slope,2,100.0,-0.0018739687027470309,False
final_input_token_layerwise,undisclosed,k9,target_time_slope,3,3.0,0.000687380905803725,False
final_input_token_layerwise,undisclosed,k9,target_time_slope,4,100.0,-0.001594458241268304,False
final_input_token_layerwise,undisclosed,k9,target_time_slope,5,3.0,-6.681214867526597e-05,False
final_input_token_layerwise,undisclosed,k9,target_time_slope,6,100.0,-0.0011708549540705437,False
final_input_token_layerwise,undisclosed,k9,target_time_slope,7,100.0,-0.0018312651315881279,False
final_input_token_layerwise,undisclosed,k9,target_time_slope,8,100.0,-0.0024575256988030314,False
final_input_token_layerwise,undisclosed,k9,target_time_slope,9,100.0,-0.002526550040530373,False
final_input_token_layerwise,undisclosed,k9,target_time_slope,10,100.0,-0.001825999470679962,False
final_input_token_layerwise,undisclosed,k9,target_time_slope,11,100.0,-0.00023476923609713762,False
final_input_token_layerwise,undisclosed,k9,target_time_slope,12,100.0,4.9220176992798015e-05,False
final_input_token_layerwise,undisclosed,k9,target_time_slope,13,3.0,0.01911669784192166,False
final_input_token_layerwise,undisclosed,k9,target_time_slope,14,3.0,0.024216926405709965,False
final_input_token_layerwise,undisclosed,k9,target_time_slope,15,3.0,0.012861829456380452,False
final_input_token_layerwise,undisclosed,k9,target_time_slope,16,3.0,0.03885967102309515,False
final_input_token_layerwise,undisclosed,k9,target_time_slope,17,3.0,0.031503233201497366,False
final_input_token_layerwise,undisclosed,k9,target_time_slope,18,3.0,0.03885436667267003,False
final_input_token_layerwise,undisclosed,k9,target_time_slope,19,3.0,0.07649256870934795,False
final_input_token_layerwise,undisclosed,k9,target_time_slope,20,3.0,0.12962038214934896,False
final_input_token_layerwise,undisclosed,k9,target_time_slope,21,3.0,0.1314753661378992,False
final_input_token_layerwise,undisclosed,k9,target_time_slope,22,3.0,0.1410983710639025,False
final_input_token_layerwise,undisclosed,k9,target_time_slope,23,3.0,0.14341937760336215,True
final_input_token_layerwise,undisclosed,k9,target_time_slope,24,3.0,0.10773317878199087,False
final_input_token_layerwise,undisclosed,k9,target_time_slope,25,3.0,0.09644817483521506,False
final_input_token_layerwise,undisclosed,k9,target_time_slope,26,3.0,0.08046690431423095,False
final_input_token_layerwise,undisclosed,k9,target_time_slope,27,3.0,0.08301230343814972,False
final_input_token_layerwise,undisclosed,k9,target_time_slope,28,3.0,0.07232840460774459,False
final_input_token_layerwise,undisclosed,k9,target_time_slope,29,3.0,0.05657527775692686,False
final_input_token_layerwise,undisclosed,k9,target_time_slope,30,3.0,0.07913240063454552,False
final_input_token_layerwise,undisclosed,k9,target_time_slope,31,3.0,0.0759175016794654,False
final_input_token_layerwise,undisclosed,k9,target_time_slope,32,3.0,0.08384724154772957,False
final_input_token_layerwise,undisclosed,k9,target_time_slope,33,3.0,0.07478473432338753,False
final_input_token_layerwise,undisclosed,k9,target_time_slope,34,3.0,0.07633376605432571,False
final_input_token_layerwise,undisclosed,k9,target_time_slope,35,3.0,0.06354855608665103,False
final_input_token_layerwise,undisclosed,k9,target_time_slope,36,3.0,0.0663999154481518,False
final_input_token_layerwise,undisclosed,k9,displayed_driver_outcome_slope,0,0.0001,-1.1102230246251565e-16,False
final_input_token_layerwise,undisclosed,k9,displayed_driver_outcome_slope,1,100.0,0.01024411706282552,False
final_input_token_layerwise,undisclosed,k9,displayed_driver_outcome_slope,2,3.0,0.01845806613858167,False
final_input_token_layerwise,undisclosed,k9,displayed_driver_outcome_slope,3,3.0,0.026717576249669667,False
final_input_token_layerwise,undisclosed,k9,displayed_driver_outcome_slope,4,3.0,0.018401362678459016,False
final_input_token_layerwise,undisclosed,k9,displayed_driver_outcome_slope,5,3.0,0.010199211311100381,False
final_input_token_layerwise,undisclosed,k9,displayed_driver_outcome_slope,6,3.0,0.00685672776127777,False
final_input_token_layerwise,undisclosed,k9,displayed_driver_outcome_slope,7,100.0,0.0005104542014356672,False
final_input_token_layerwise,undisclosed,k9,displayed_driver_outcome_slope,8,100.0,-0.00042150266717000395,False
final_input_token_layerwise,undisclosed,k9,displayed_driver_outcome_slope,9,100.0,-0.0004787631623049682,False
final_input_token_layerwise,undisclosed,k9,displayed_driver_outcome_slope,10,100.0,-0.0005867949101732717,False
final_input_token_layerwise,undisclosed,k9,displayed_driver_outcome_slope,11,100.0,-2.938440661889863e-05,False
final_input_token_layerwise,undisclosed,k9,displayed_driver_outcome_slope,12,100.0,0.0004366021373049256,False
final_input_token_layerwise,undisclosed,k9,displayed_driver_outcome_slope,13,100.0,-0.00023677140407610264,False
final_input_token_layerwise,undisclosed,k9,displayed_driver_outcome_slope,14,100.0,-0.0006269910637851928,False
final_input_token_layerwise,undisclosed,k9,displayed_driver_outcome_slope,15,100.0,-0.0003081658957275746,False
final_input_token_layerwise,undisclosed,k9,displayed_driver_outcome_slope,16,100.0,0.0004951026142852033,False
final_input_token_layerwise,undisclosed,k9,displayed_driver_outcome_slope,17,100.0,-0.0003890970899506352,False
final_input_token_layerwise,undisclosed,k9,displayed_driver_outcome_slope,18,100.0,-0.0007643218462030643,False
final_input_token_layerwise,undisclosed,k9,displayed_driver_outcome_slope,19,3.0,0.002178946451381253,False
final_input_token_layerwise,undisclosed,k9,displayed_driver_outcome_slope,20,100.0,-0.0001024840311881492,False
final_input_token_layerwise,undisclosed,k9,displayed_driver_outcome_slope,21,3.0,0.02867893354815093,False
final_input_token_layerwise,undisclosed,k9,displayed_driver_outcome_slope,22,3.0,0.039834001128441404,False
final_input_token_layerwise,undisclosed,k9,displayed_driver_outcome_slope,23,3.0,0.08255631084417098,True
final_input_token_layerwise,undisclosed,k9,displayed_driver_outcome_slope,24,3.0,0.07933166046287804,False
final_input_token_layerwise,undisclosed,k9,displayed_driver_outcome_slope,25,3.0,0.06185166313944784,False
final_input_token_layerwise,undisclosed,k9,displayed_driver_outcome_slope,26,3.0,0.0593191272000336,False
final_input_token_layerwise,undisclosed,k9,displayed_driver_outcome_slope,27,3.0,0.06058713178434369,False
final_input_token_layerwise,undisclosed,k9,displayed_driver_outcome_slope,28,3.0,0.04589911304508673,False
final_input_token_layerwise,undisclosed,k9,displayed_driver_outcome_slope,29,3.0,0.04870826015634641,False
final_input_token_layerwise,undisclosed,k9,displayed_driver_outcome_slope,30,3.0,0.055673651924652706,False
final_input_token_layerwise,undisclosed,k9,displayed_driver_outcome_slope,31,3.0,0.06557593131714992,False
final_input_token_layerwise,undisclosed,k9,displayed_driver_outcome_slope,32,3.0,0.05885969384519188,False
final_input_token_layerwise,undisclosed,k9,displayed_driver_outcome_slope,33,3.0,0.05139344988192837,False
final_input_token_layerwise,undisclosed,k9,displayed_driver_outcome_slope,34,3.0,0.048369911741273613,False
final_input_token_layerwise,undisclosed,k9,displayed_driver_outcome_slope,35,3.0,0.03713508608965488,False
final_input_token_layerwise,undisclosed,k9,displayed_driver_outcome_slope,36,3.0,0.030184313599244394,False
final_input_token_layerwise,undisclosed,k9,oracle_posterior_gain,0,0.0001,0.0,False
final_input_token_layerwise,undisclosed,k9,oracle_posterior_gain,1,100.0,-0.0001279037804332861,False
final_input_token_layerwise,undisclosed,k9,oracle_posterior_gain,2,100.0,-0.0005669692691721018,False
final_input_token_layerwise,undisclosed,k9,oracle_posterior_gain,3,100.0,-0.00011328877152977368,False
final_input_token_layerwise,undisclosed,k9,oracle_posterior_gain,4,100.0,-0.0007228768298422339,False
final_input_token_layerwise,undisclosed,k9,oracle_posterior_gain,5,100.0,-0.0006305390444847625,False
final_input_token_layerwise,undisclosed,k9,oracle_posterior_gain,6,100.0,-0.00023711586911193128,False
final_input_token_layerwise,undisclosed,k9,oracle_posterior_gain,7,3.0,0.005632697003395026,False
final_input_token_layerwise,undisclosed,k9,oracle_posterior_gain,8,3.0,0.0214733523992717,False
final_input_token_layerwise,undisclosed,k9,oracle_posterior_gain,9,3.0,0.01804049405121902,False
final_input_token_layerwise,undisclosed,k9,oracle_posterior_gain,10,3.0,0.02235662356986895,False
final_input_token_layerwise,undisclosed,k9,oracle_posterior_gain,11,3.0,0.017967760544046252,False
final_input_token_layerwise,undisclosed,k9,oracle_posterior_gain,12,3.0,0.013795536516136103,False
final_input_token_layerwise,undisclosed,k9,oracle_posterior_gain,13,3.0,0.012203516469122683,False
final_input_token_layerwise,undisclosed,k9,oracle_posterior_gain,14,3.0,0.009008103965476133,False
final_input_token_layerwise,undisclosed,k9,oracle_posterior_gain,15,3.0,0.017651897399697747,False
final_input_token_layerwise,undisclosed,k9,oracle_posterior_gain,16,0.1,0.035409978519796576,False
final_input_token_layerwise,undisclosed,k9,oracle_posterior_gain,17,3.0,0.02596724256442101,False
final_input_token_layerwise,undisclosed,k9,oracle_posterior_gain,18,3.0,0.02321929998111627,False
final_input_token_layerwise,undisclosed,k9,oracle_posterior_gain,19,3.0,0.04691045679057651,False
final_input_token_layerwise,undisclosed,k9,oracle_posterior_gain,20,0.1,0.2430087742912149,True
final_input_token_layerwise,undisclosed,k9,oracle_posterior_gain,21,0.1,0.16017558418420239,False
final_input_token_layerwise,undisclosed,k9,oracle_posterior_gain,22,3.0,0.10370716788607273,False
final_input_token_layerwise,undisclosed,k9,oracle_posterior_gain,23,3.0,0.14366631086082285,False
final_input_token_layerwise,undisclosed,k9,oracle_posterior_gain,24,3.0,0.1554648646294287,False
final_input_token_layerwise,undisclosed,k9,oracle_posterior_gain,25,3.0,0.12819838116963483,False
final_input_token_layerwise,undisclosed,k9,oracle_posterior_gain,26,3.0,0.13145049006641757,False
final_input_token_layerwise,undisclosed,k9,oracle_posterior_gain,27,3.0,0.1355419647702865,False
final_input_token_layerwise,undisclosed,k9,oracle_posterior_gain,28,3.0,0.14691807236192195,False
final_input_token_layerwise,undisclosed,k9,oracle_posterior_gain,29,3.0,0.13279792550587613,False
final_input_token_layerwise,undisclosed,k9,oracle_posterior_gain,30,3.0,0.11882557293811205,False
final_input_token_layerwise,undisclosed,k9,oracle_posterior_gain,31,3.0,0.10639815764273214,False
final_input_token_layerwise,undisclosed,k9,oracle_posterior_gain,32,3.0,0.08894112688858127,False
final_input_token_layerwise,undisclosed,k9,oracle_posterior_gain,33,3.0,0.07559367098063696,False
final_input_token_layerwise,undisclosed,k9,oracle_posterior_gain,34,3.0,0.08169241794493398,False
final_input_token_layerwise,undisclosed,k9,oracle_posterior_gain,35,3.0,0.07140201638222976,False
final_input_token_layerwise,undisclosed,k9,oracle_posterior_gain,36,3.0,0.06780565396940574,False
final_input_token_layerwise,undisclosed,pooled,gain,0,0.0001,0.0,False
final_input_token_layerwise,undisclosed,pooled,gain,1,100.0,0.001200718536689858,False
final_input_token_layerwise,undisclosed,pooled,gain,2,100.0,0.002155561935516128,False
final_input_token_layerwise,undisclosed,pooled,gain,3,100.0,0.0009240306701516395,False
final_input_token_layerwise,undisclosed,pooled,gain,4,100.0,-0.0017728639977602028,False
final_input_token_layerwise,undisclosed,pooled,gain,5,100.0,-0.0005637674251498248,False
final_input_token_layerwise,undisclosed,pooled,gain,6,100.0,0.0010221939481339093,False
final_input_token_layerwise,undisclosed,pooled,gain,7,100.0,0.0026248395673148053,False
final_input_token_layerwise,undisclosed,pooled,gain,8,100.0,0.0009976730109751235,False
final_input_token_layerwise,undisclosed,pooled,gain,9,100.0,0.0012452243081798597,False
final_input_token_layerwise,undisclosed,pooled,gain,10,100.0,0.0003883848408509823,False
final_input_token_layerwise,undisclosed,pooled,gain,11,100.0,-0.0007560435897804677,False
final_input_token_layerwise,undisclosed,pooled,gain,12,100.0,0.00014845225641581714,False
final_input_token_layerwise,undisclosed,pooled,gain,13,100.0,-0.0035951544114275016,False
final_input_token_layerwise,undisclosed,pooled,gain,14,100.0,-0.003891292946085728,False
final_input_token_layerwise,undisclosed,pooled,gain,15,100.0,-0.004174869760278689,False
final_input_token_layerwise,undisclosed,pooled,gain,16,100.0,-0.0015576231685464348,False
final_input_token_layerwise,undisclosed,pooled,gain,17,100.0,-0.002847798487155301,False
final_input_token_layerwise,undisclosed,pooled,gain,18,100.0,-0.0010943538507017976,False
final_input_token_layerwise,undisclosed,pooled,gain,19,100.0,0.0011040307576843562,False
final_input_token_layerwise,undisclosed,pooled,gain,20,100.0,0.004063130925710016,False
final_input_token_layerwise,undisclosed,pooled,gain,21,100.0,0.005148034433487408,False
final_input_token_layerwise,undisclosed,pooled,gain,22,100.0,0.0050262347680770925,False
final_input_token_layerwise,undisclosed,pooled,gain,23,3.0,0.01602693503300127,False
final_input_token_layerwise,undisclosed,pooled,gain,24,3.0,0.013369992651271275,False
final_input_token_layerwise,undisclosed,pooled,gain,25,3.0,0.024438592480199795,True
final_input_token_layerwise,undisclosed,pooled,gain,26,3.0,0.024147580640086375,False
final_input_token_layerwise,undisclosed,pooled,gain,27,3.0,0.019247505293147088,False
final_input_token_layerwise,undisclosed,pooled,gain,28,3.0,0.012575068854972995,False
final_input_token_layerwise,undisclosed,pooled,gain,29,100.0,0.0092496255718116,False
final_input_token_layerwise,undisclosed,pooled,gain,30,100.0,0.005934986606076535,False
final_input_token_layerwise,undisclosed,pooled,gain,31,100.0,0.005655146547866603,False
final_input_token_layerwise,undisclosed,pooled,gain,32,100.0,0.005154963452805463,False
final_input_token_layerwise,undisclosed,pooled,gain,33,100.0,0.0018555159829402774,False
final_input_token_layerwise,undisclosed,pooled,gain,34,100.0,0.0042812266786817115,False
final_input_token_layerwise,undisclosed,pooled,gain,35,100.0,0.0029015402309269336,False
final_input_token_layerwise,undisclosed,pooled,gain,36,100.0,0.0019659815901346043,False
final_input_token_layerwise,undisclosed,pooled,response_residual,0,0.0001,-2.7755575615628914e-17,False
final_input_token_layerwise,undisclosed,pooled,response_residual,1,100.0,-0.0013349469452731133,False
final_input_token_layerwise,undisclosed,pooled,response_residual,2,100.0,0.00014319935123520885,False
final_input_token_layerwise,undisclosed,pooled,response_residual,3,100.0,-0.0008169404310151377,False
final_input_token_layerwise,undisclosed,pooled,response_residual,4,100.0,-0.0020203302575649193,False
final_input_token_layerwise,undisclosed,pooled,response_residual,5,100.0,-0.0015259711343382591,False
final_input_token_layerwise,undisclosed,pooled,response_residual,6,100.0,-0.0006310628727257591,False
final_input_token_layerwise,undisclosed,pooled,response_residual,7,100.0,0.00288326696304414,False
final_input_token_layerwise,undisclosed,pooled,response_residual,8,100.0,5.634365923360788e-05,False
final_input_token_layerwise,undisclosed,pooled,response_residual,9,100.0,0.0009117726032108012,False
final_input_token_layerwise,undisclosed,pooled,response_residual,10,100.0,-0.0003729263710550897,False
final_input_token_layerwise,undisclosed,pooled,response_residual,11,100.0,-0.0013444317074307692,False
final_input_token_layerwise,undisclosed,pooled,response_residual,12,100.0,-0.0008838498738031331,False
final_input_token_layerwise,undisclosed,pooled,response_residual,13,100.0,-0.005844190548945906,False
final_input_token_layerwise,undisclosed,pooled,response_residual,14,100.0,-0.005280072783970413,False
final_input_token_layerwise,undisclosed,pooled,response_residual,15,100.0,-0.004776072181188279,False
final_input_token_layerwise,undisclosed,pooled,response_residual,16,100.0,-0.003091825465048372,False
final_input_token_layerwise,undisclosed,pooled,response_residual,17,100.0,-0.002242863112836733,False
final_input_token_layerwise,undisclosed,pooled,response_residual,18,100.0,-0.0003298444110461189,False
final_input_token_layerwise,undisclosed,pooled,response_residual,19,100.0,-0.00035206857413160503,False
final_input_token_layerwise,undisclosed,pooled,response_residual,20,100.0,0.0008275235338843964,False
final_input_token_layerwise,undisclosed,pooled,response_residual,21,100.0,0.0019434383070588979,False
final_input_token_layerwise,undisclosed,pooled,response_residual,22,100.0,0.0016910874855858942,False
final_input_token_layerwise,undisclosed,pooled,response_residual,23,100.0,0.006307778819838229,False
final_input_token_layerwise,undisclosed,pooled,response_residual,24,100.0,0.0045341407387026285,False
final_input_token_layerwise,undisclosed,pooled,response_residual,25,100.0,0.006680021539428889,True
final_input_token_layerwise,undisclosed,pooled,response_residual,26,100.0,0.006437167840528381,False
final_input_token_layerwise,undisclosed,pooled,response_residual,27,100.0,0.0061443623455553304,False
final_input_token_layerwise,undisclosed,pooled,response_residual,28,100.0,0.00535610743521775,False
final_input_token_layerwise,undisclosed,pooled,response_residual,29,100.0,0.0038982473479622823,False
final_input_token_layerwise,undisclosed,pooled,response_residual,30,100.0,0.001561990226450205,False
final_input_token_layerwise,undisclosed,pooled,response_residual,31,100.0,0.0016368259162057401,False
final_input_token_layerwise,undisclosed,pooled,response_residual,32,100.0,0.0007185473789948216,False
final_input_token_layerwise,undisclosed,pooled,response_residual,33,100.0,-0.0011491869753672557,False
final_input_token_layerwise,undisclosed,pooled,response_residual,34,100.0,0.0004888299442559937,False
final_input_token_layerwise,undisclosed,pooled,response_residual,35,100.0,-0.0001651917510928543,False
final_input_token_layerwise,undisclosed,pooled,response_residual,36,100.0,7.097866882158077e-05,False
mean_embedding,disclosed,k3,gain,0,100.0,-0.0013393875603101013,True
mean_embedding,disclosed,k3,response_residual,0,100.0,-0.00047630881776636325,True
mean_embedding,disclosed,k6,gain,0,100.0,-0.00017146628251396567,True
mean_embedding,disclosed,k6,response_residual,0,100.0,0.0009699176825104794,True
mean_embedding,disclosed,k9,gain,0,100.0,-0.0007117472640997269,True
mean_embedding,disclosed,k9,response_residual,0,100.0,0.000953518261265135,True
mean_embedding,disclosed,pooled,gain,0,100.0,-0.00911051926355024,True
mean_embedding,disclosed,pooled,response_residual,0,100.0,-0.002252039089797505,True
mean_embedding,undisclosed,k3,gain,0,100.0,-0.0015577820481136873,True
mean_embedding,undisclosed,k3,response_residual,0,100.0,-0.0006124525688177007,True
mean_embedding,undisclosed,k6,gain,0,100.0,-0.00029001209052947896,True
mean_embedding,undisclosed,k6,response_residual,0,100.0,0.0009460246119616933,True
mean_embedding,undisclosed,k9,gain,0,100.0,-0.0008389494439039191,True
mean_embedding,undisclosed,k9,response_residual,0,100.0,0.0009659547891521236,True
mean_embedding,undisclosed,pooled,gain,0,100.0,-0.009139188506194404,True
mean_embedding,undisclosed,pooled,response_residual,0,100.0,-0.0022825781034909085,True
mean_final_layer,disclosed,k3,gain,0,100.0,-0.00014876521207990434,True
mean_final_layer,disclosed,k3,response_residual,0,100.0,-0.0002663136293253321,True
mean_final_layer,disclosed,k6,gain,0,3.0,0.010710807591941762,True
mean_final_layer,disclosed,k6,response_residual,0,100.0,0.00010102169634881863,True
mean_final_layer,disclosed,k9,gain,0,0.1,0.06710707856687345,True
mean_final_layer,disclosed,k9,response_residual,0,3.0,0.01709547672840897,True
mean_final_layer,disclosed,pooled,gain,0,100.0,0.007360512964887424,True
mean_final_layer,disclosed,pooled,response_residual,0,100.0,0.002050332322733578,True
mean_final_layer,undisclosed,k3,gain,0,100.0,-0.0007739544003046439,True
mean_final_layer,undisclosed,k3,response_residual,0,100.0,-0.0008486944914438133,True
mean_final_layer,undisclosed,k6,gain,0,100.0,-0.0002621751294737129,True
mean_final_layer,undisclosed,k6,response_residual,0,100.0,-0.0004958783480410456,True
mean_final_layer,undisclosed,k9,gain,0,0.1,0.05161955599553475,True
mean_final_layer,undisclosed,k9,response_residual,0,3.0,0.005463342091158535,True
mean_final_layer,undisclosed,pooled,gain,0,100.0,0.00033977860442643837,True
mean_final_layer,undisclosed,pooled,response_residual,0,100.0,-0.005132270967416595,True
