representation,train_disclosure,evidence,target,layer,alpha,cv_macro_development_baseline_r2,selected
final_input_token_layerwise,disclosed,k3,gain,0,0.0001,0.0,False
final_input_token_layerwise,disclosed,k3,gain,1,100.0,-0.0008699243659774092,False
final_input_token_layerwise,disclosed,k3,gain,2,100.0,0.0005356951608000704,True
final_input_token_layerwise,disclosed,k3,gain,3,100.0,0.0002067284601724173,False
final_input_token_layerwise,disclosed,k3,gain,4,100.0,-0.0009818401639642704,False
final_input_token_layerwise,disclosed,k3,gain,5,100.0,-0.0006411520773869084,False
final_input_token_layerwise,disclosed,k3,gain,6,100.0,-0.0004071792991771628,False
final_input_token_layerwise,disclosed,k3,gain,7,100.0,-0.0005013380538606005,False
final_input_token_layerwise,disclosed,k3,gain,8,100.0,-0.00013550817576837848,False
final_input_token_layerwise,disclosed,k3,gain,9,100.0,-0.00020723454980570155,False
final_input_token_layerwise,disclosed,k3,gain,10,100.0,-0.0009408086256276482,False
final_input_token_layerwise,disclosed,k3,gain,11,100.0,-0.0002223275441461947,False
final_input_token_layerwise,disclosed,k3,gain,12,100.0,-0.00011467703420139919,False
final_input_token_layerwise,disclosed,k3,gain,13,100.0,-0.00030391015928465936,False
final_input_token_layerwise,disclosed,k3,gain,14,100.0,-0.0010345942102771288,False
final_input_token_layerwise,disclosed,k3,gain,15,100.0,-0.00045624979345673666,False
final_input_token_layerwise,disclosed,k3,gain,16,100.0,-0.0005629760281061491,False
final_input_token_layerwise,disclosed,k3,gain,17,100.0,-0.0008631293418167041,False
final_input_token_layerwise,disclosed,k3,gain,18,100.0,-0.0011114505501761962,False
final_input_token_layerwise,disclosed,k3,gain,19,100.0,-0.001057217966430657,False
final_input_token_layerwise,disclosed,k3,gain,20,100.0,-0.0012058583767976527,False
final_input_token_layerwise,disclosed,k3,gain,21,100.0,-0.0015314387386358153,False
final_input_token_layerwise,disclosed,k3,gain,22,100.0,-0.0012741283250361224,False
final_input_token_layerwise,disclosed,k3,gain,23,100.0,-0.0008267595218905965,False
final_input_token_layerwise,disclosed,k3,gain,24,100.0,-0.0011247116845919114,False
final_input_token_layerwise,disclosed,k3,gain,25,100.0,0.0005228313435161613,False
final_input_token_layerwise,disclosed,k3,gain,26,100.0,0.0004415208242043722,False
final_input_token_layerwise,disclosed,k3,gain,27,100.0,0.0003350479684658403,False
final_input_token_layerwise,disclosed,k3,gain,28,100.0,-0.0001619532109628785,False
final_input_token_layerwise,disclosed,k3,gain,29,100.0,-0.0006469744234539054,False
final_input_token_layerwise,disclosed,k3,gain,30,100.0,-0.0004121929336979857,False
final_input_token_layerwise,disclosed,k3,gain,31,100.0,-0.0010996907856777594,False
final_input_token_layerwise,disclosed,k3,gain,32,100.0,-0.001033026711388857,False
final_input_token_layerwise,disclosed,k3,gain,33,100.0,-0.0013744680610329463,False
final_input_token_layerwise,disclosed,k3,gain,34,100.0,-0.0005045631116223637,False
final_input_token_layerwise,disclosed,k3,gain,35,100.0,0.00032461713677395254,False
final_input_token_layerwise,disclosed,k3,gain,36,100.0,0.00013369058118808952,False
final_input_token_layerwise,disclosed,k3,response_residual,0,0.0001,-2.7755575615628914e-17,False
final_input_token_layerwise,disclosed,k3,response_residual,1,100.0,-0.0005170125619734789,False
final_input_token_layerwise,disclosed,k3,response_residual,2,100.0,0.00033253320132090036,False
final_input_token_layerwise,disclosed,k3,response_residual,3,100.0,7.108079062506656e-05,False
final_input_token_layerwise,disclosed,k3,response_residual,4,100.0,-0.000941374727273514,False
final_input_token_layerwise,disclosed,k3,response_residual,5,100.0,-0.0005547535683149696,False
final_input_token_layerwise,disclosed,k3,response_residual,6,100.0,-0.00028684689978744626,False
final_input_token_layerwise,disclosed,k3,response_residual,7,100.0,-0.0004187396179765879,False
final_input_token_layerwise,disclosed,k3,response_residual,8,100.0,-0.00018711581100919195,False
final_input_token_layerwise,disclosed,k3,response_residual,9,100.0,-0.0003464980007945595,False
final_input_token_layerwise,disclosed,k3,response_residual,10,100.0,-0.0007153548020294997,False
final_input_token_layerwise,disclosed,k3,response_residual,11,100.0,0.00040733901100886705,True
final_input_token_layerwise,disclosed,k3,response_residual,12,100.0,0.0003223260508255221,False
final_input_token_layerwise,disclosed,k3,response_residual,13,100.0,-0.00017945793444670843,False
final_input_token_layerwise,disclosed,k3,response_residual,14,100.0,-0.0008540596517685461,False
final_input_token_layerwise,disclosed,k3,response_residual,15,100.0,-0.0004064377261457086,False
final_input_token_layerwise,disclosed,k3,response_residual,16,100.0,-0.0005237090378494846,False
final_input_token_layerwise,disclosed,k3,response_residual,17,100.0,-0.00102456699365569,False
final_input_token_layerwise,disclosed,k3,response_residual,18,100.0,-0.0009083085914218247,False
final_input_token_layerwise,disclosed,k3,response_residual,19,100.0,-0.0006825169599295466,False
final_input_token_layerwise,disclosed,k3,response_residual,20,100.0,-0.0008370340466501425,False
final_input_token_layerwise,disclosed,k3,response_residual,21,100.0,-0.0013175754686575447,False
final_input_token_layerwise,disclosed,k3,response_residual,22,100.0,-0.0012366086373594987,False
final_input_token_layerwise,disclosed,k3,response_residual,23,100.0,-0.0011031048497382734,False
final_input_token_layerwise,disclosed,k3,response_residual,24,100.0,-0.001502194087721842,False
final_input_token_layerwise,disclosed,k3,response_residual,25,100.0,-9.973829774015397e-05,False
final_input_token_layerwise,disclosed,k3,response_residual,26,100.0,-7.511424676426293e-05,False
final_input_token_layerwise,disclosed,k3,response_residual,27,100.0,-0.0002506652733201553,False
final_input_token_layerwise,disclosed,k3,response_residual,28,100.0,-0.0007012858119068432,False
final_input_token_layerwise,disclosed,k3,response_residual,29,100.0,-0.0011578440643192356,False
final_input_token_layerwise,disclosed,k3,response_residual,30,100.0,-0.0008710946717421508,False
final_input_token_layerwise,disclosed,k3,response_residual,31,100.0,-0.0014154990916968868,False
final_input_token_layerwise,disclosed,k3,response_residual,32,100.0,-0.001295956334269932,False
final_input_token_layerwise,disclosed,k3,response_residual,33,100.0,-0.0014261914743008142,False
final_input_token_layerwise,disclosed,k3,response_residual,34,100.0,-0.0005684203658552767,False
final_input_token_layerwise,disclosed,k3,response_residual,35,100.0,0.00035170341209783684,False
final_input_token_layerwise,disclosed,k3,response_residual,36,100.0,0.00019684792450549993,False
final_input_token_layerwise,disclosed,k3,last_target_observation,0,0.0001,-8.326672684688674e-17,False
final_input_token_layerwise,disclosed,k3,last_target_observation,1,0.1,0.15483375666731766,True
final_input_token_layerwise,disclosed,k3,last_target_observation,2,100.0,-0.0020251297934966717,False
final_input_token_layerwise,disclosed,k3,last_target_observation,3,0.1,0.02017322598771981,False
final_input_token_layerwise,disclosed,k3,last_target_observation,4,100.0,-0.001813659752801955,False
final_input_token_layerwise,disclosed,k3,last_target_observation,5,100.0,-0.0011405107766978007,False
final_input_token_layerwise,disclosed,k3,last_target_observation,6,100.0,-0.0010123638832329473,False
final_input_token_layerwise,disclosed,k3,last_target_observation,7,100.0,0.00019506821741499536,False
final_input_token_layerwise,disclosed,k3,last_target_observation,8,100.0,-0.0022028894320634262,False
final_input_token_layerwise,disclosed,k3,last_target_observation,9,100.0,-0.002550924552610273,False
final_input_token_layerwise,disclosed,k3,last_target_observation,10,100.0,-0.0026422493737235375,False
final_input_token_layerwise,disclosed,k3,last_target_observation,11,100.0,-0.0017287296653230033,False
final_input_token_layerwise,disclosed,k3,last_target_observation,12,100.0,-0.0015140357998367215,False
final_input_token_layerwise,disclosed,k3,last_target_observation,13,100.0,-0.0012896082934603093,False
final_input_token_layerwise,disclosed,k3,last_target_observation,14,100.0,-0.0010193698227234094,False
final_input_token_layerwise,disclosed,k3,last_target_observation,15,100.0,-0.0007918201815892145,False
final_input_token_layerwise,disclosed,k3,last_target_observation,16,100.0,-0.000722999568254945,False
final_input_token_layerwise,disclosed,k3,last_target_observation,17,100.0,0.00010617984012775694,False
final_input_token_layerwise,disclosed,k3,last_target_observation,18,100.0,0.0005480804812545981,False
final_input_token_layerwise,disclosed,k3,last_target_observation,19,3.0,0.025880486329585423,False
final_input_token_layerwise,disclosed,k3,last_target_observation,20,3.0,0.06193488357579763,False
final_input_token_layerwise,disclosed,k3,last_target_observation,21,3.0,0.06383162585127303,False
final_input_token_layerwise,disclosed,k3,last_target_observation,22,3.0,0.09251464769066775,False
final_input_token_layerwise,disclosed,k3,last_target_observation,23,3.0,0.11769922242068495,False
final_input_token_layerwise,disclosed,k3,last_target_observation,24,3.0,0.10402680906944684,False
final_input_token_layerwise,disclosed,k3,last_target_observation,25,3.0,0.09068792731743919,False
final_input_token_layerwise,disclosed,k3,last_target_observation,26,3.0,0.08252540428261557,False
final_input_token_layerwise,disclosed,k3,last_target_observation,27,3.0,0.07541567744560351,False
final_input_token_layerwise,disclosed,k3,last_target_observation,28,3.0,0.07389583192395027,False
final_input_token_layerwise,disclosed,k3,last_target_observation,29,3.0,0.052242199550483454,False
final_input_token_layerwise,disclosed,k3,last_target_observation,30,3.0,0.04335471860233381,False
final_input_token_layerwise,disclosed,k3,last_target_observation,31,3.0,0.050516966624492454,False
final_input_token_layerwise,disclosed,k3,last_target_observation,32,3.0,0.06527609224996961,False
final_input_token_layerwise,disclosed,k3,last_target_observation,33,3.0,0.05299845872881365,False
final_input_token_layerwise,disclosed,k3,last_target_observation,34,3.0,0.060233833264092346,False
final_input_token_layerwise,disclosed,k3,last_target_observation,35,3.0,0.080895989727334,False
final_input_token_layerwise,disclosed,k3,last_target_observation,36,3.0,0.0916965679126383,False
final_input_token_layerwise,disclosed,k3,target_observation_mean,0,0.0001,5.551115123125783e-17,False
final_input_token_layerwise,disclosed,k3,target_observation_mean,1,0.1,0.055556105996948046,False
final_input_token_layerwise,disclosed,k3,target_observation_mean,2,3.0,0.01867767701685033,False
final_input_token_layerwise,disclosed,k3,target_observation_mean,3,3.0,0.04496584781883653,False
final_input_token_layerwise,disclosed,k3,target_observation_mean,4,3.0,0.020623165678518296,False
final_input_token_layerwise,disclosed,k3,target_observation_mean,5,3.0,0.027363657645366662,False
final_input_token_layerwise,disclosed,k3,target_observation_mean,6,3.0,0.026440317085865472,False
final_input_token_layerwise,disclosed,k3,target_observation_mean,7,3.0,0.03211983273204305,False
final_input_token_layerwise,disclosed,k3,target_observation_mean,8,3.0,0.0020467275190737544,False
final_input_token_layerwise,disclosed,k3,target_observation_mean,9,100.0,0.0003522181212514963,False
final_input_token_layerwise,disclosed,k3,target_observation_mean,10,100.0,-0.00022675541449779235,False
final_input_token_layerwise,disclosed,k3,target_observation_mean,11,100.0,-0.0011662646778794472,False
final_input_token_layerwise,disclosed,k3,target_observation_mean,12,100.0,-0.0010196156645069787,False
final_input_token_layerwise,disclosed,k3,target_observation_mean,13,100.0,-0.002168381906355543,False
final_input_token_layerwise,disclosed,k3,target_observation_mean,14,100.0,-0.002540488094294191,False
final_input_token_layerwise,disclosed,k3,target_observation_mean,15,100.0,-0.0038982119327117815,False
final_input_token_layerwise,disclosed,k3,target_observation_mean,16,100.0,-0.003353085970052072,False
final_input_token_layerwise,disclosed,k3,target_observation_mean,17,100.0,-0.002473448377371845,False
final_input_token_layerwise,disclosed,k3,target_observation_mean,18,3.0,0.039455734169642626,False
final_input_token_layerwise,disclosed,k3,target_observation_mean,19,3.0,0.07192306632618733,False
final_input_token_layerwise,disclosed,k3,target_observation_mean,20,3.0,0.13539932317930392,False
final_input_token_layerwise,disclosed,k3,target_observation_mean,21,3.0,0.1495297519696883,False
final_input_token_layerwise,disclosed,k3,target_observation_mean,22,3.0,0.22679393993413863,False
final_input_token_layerwise,disclosed,k3,target_observation_mean,23,0.1,0.29594854059287923,True
final_input_token_layerwise,disclosed,k3,target_observation_mean,24,0.1,0.18035026564982232,False
final_input_token_layerwise,disclosed,k3,target_observation_mean,25,0.1,0.1677304560329549,False
final_input_token_layerwise,disclosed,k3,target_observation_mean,26,0.1,0.16842154307963414,False
final_input_token_layerwise,disclosed,k3,target_observation_mean,27,0.1,0.28001902708742255,False
final_input_token_layerwise,disclosed,k3,target_observation_mean,28,0.1,0.29332629815522315,False
final_input_token_layerwise,disclosed,k3,target_observation_mean,29,0.1,0.1867682913410015,False
final_input_token_layerwise,disclosed,k3,target_observation_mean,30,0.1,0.13923913512254651,False
final_input_token_layerwise,disclosed,k3,target_observation_mean,31,0.1,0.16917230946342052,False
final_input_token_layerwise,disclosed,k3,target_observation_mean,32,0.1,0.22290352143713454,False
final_input_token_layerwise,disclosed,k3,target_observation_mean,33,3.0,0.15396997746052907,False
final_input_token_layerwise,disclosed,k3,target_observation_mean,34,3.0,0.1518345948803605,False
final_input_token_layerwise,disclosed,k3,target_observation_mean,35,0.1,0.20343032094090166,False
final_input_token_layerwise,disclosed,k3,target_observation_mean,36,0.1,0.20532489358917688,False
final_input_token_layerwise,disclosed,k3,target_time_slope,0,0.0001,0.0,False
final_input_token_layerwise,disclosed,k3,target_time_slope,1,100.0,-0.003942558526610629,False
final_input_token_layerwise,disclosed,k3,target_time_slope,2,100.0,-0.003018525696303731,False
final_input_token_layerwise,disclosed,k3,target_time_slope,3,100.0,-0.0026134004445269032,False
final_input_token_layerwise,disclosed,k3,target_time_slope,4,100.0,-0.0016977906594003445,False
final_input_token_layerwise,disclosed,k3,target_time_slope,5,100.0,-0.0015522975778313186,False
final_input_token_layerwise,disclosed,k3,target_time_slope,6,100.0,-0.0015214386273312286,False
final_input_token_layerwise,disclosed,k3,target_time_slope,7,100.0,-0.0004929674137577611,False
final_input_token_layerwise,disclosed,k3,target_time_slope,8,100.0,-0.0028430618528825224,False
final_input_token_layerwise,disclosed,k3,target_time_slope,9,100.0,-0.002392353403879083,False
final_input_token_layerwise,disclosed,k3,target_time_slope,10,100.0,-0.0022334290052105354,False
final_input_token_layerwise,disclosed,k3,target_time_slope,11,100.0,-0.0014578059293396672,False
final_input_token_layerwise,disclosed,k3,target_time_slope,12,100.0,-0.0009803096464355288,False
final_input_token_layerwise,disclosed,k3,target_time_slope,13,100.0,-0.0006925953176583899,False
final_input_token_layerwise,disclosed,k3,target_time_slope,14,100.0,-0.0004768575438126865,False
final_input_token_layerwise,disclosed,k3,target_time_slope,15,100.0,-0.0005147018066113118,False
final_input_token_layerwise,disclosed,k3,target_time_slope,16,100.0,-0.0012613415105606762,False
final_input_token_layerwise,disclosed,k3,target_time_slope,17,100.0,-0.001137148025990714,False
final_input_token_layerwise,disclosed,k3,target_time_slope,18,100.0,-0.0008633195770617608,False
final_input_token_layerwise,disclosed,k3,target_time_slope,19,3.0,0.007756941141995433,False
final_input_token_layerwise,disclosed,k3,target_time_slope,20,3.0,0.014792864800826838,False
final_input_token_layerwise,disclosed,k3,target_time_slope,21,3.0,0.010908884623035825,False
final_input_token_layerwise,disclosed,k3,target_time_slope,22,3.0,0.01671071999481455,False
final_input_token_layerwise,disclosed,k3,target_time_slope,23,3.0,0.03354039302087175,False
final_input_token_layerwise,disclosed,k3,target_time_slope,24,3.0,0.04034752590044799,False
final_input_token_layerwise,disclosed,k3,target_time_slope,25,3.0,0.044251874855439244,False
final_input_token_layerwise,disclosed,k3,target_time_slope,26,3.0,0.035703824588305316,False
final_input_token_layerwise,disclosed,k3,target_time_slope,27,3.0,0.02568933852656205,False
final_input_token_layerwise,disclosed,k3,target_time_slope,28,3.0,0.015862586672230727,False
final_input_token_layerwise,disclosed,k3,target_time_slope,29,3.0,0.022917497768288386,False
final_input_token_layerwise,disclosed,k3,target_time_slope,30,3.0,0.02641179427926907,False
final_input_token_layerwise,disclosed,k3,target_time_slope,31,3.0,0.02534053102284073,False
final_input_token_layerwise,disclosed,k3,target_time_slope,32,3.0,0.03761696022723529,False
final_input_token_layerwise,disclosed,k3,target_time_slope,33,3.0,0.053304488393523475,False
final_input_token_layerwise,disclosed,k3,target_time_slope,34,3.0,0.034506458009233576,False
final_input_token_layerwise,disclosed,k3,target_time_slope,35,3.0,0.058754765611958165,True
final_input_token_layerwise,disclosed,k3,target_time_slope,36,3.0,0.046472442701479766,False
final_input_token_layerwise,disclosed,k3,displayed_driver_outcome_slope,0,0.0001,5.551115123125783e-17,False
final_input_token_layerwise,disclosed,k3,displayed_driver_outcome_slope,1,3.0,0.003914122835016326,False
final_input_token_layerwise,disclosed,k3,displayed_driver_outcome_slope,2,100.0,0.00031161644992167004,False
final_input_token_layerwise,disclosed,k3,displayed_driver_outcome_slope,3,100.0,-3.4625166430019005e-05,False
final_input_token_layerwise,disclosed,k3,displayed_driver_outcome_slope,4,3.0,0.000750863303136895,False
final_input_token_layerwise,disclosed,k3,displayed_driver_outcome_slope,5,100.0,0.00043057599630880183,False
final_input_token_layerwise,disclosed,k3,displayed_driver_outcome_slope,6,3.0,0.007166760694804319,False
final_input_token_layerwise,disclosed,k3,displayed_driver_outcome_slope,7,3.0,0.010343981642423616,False
final_input_token_layerwise,disclosed,k3,displayed_driver_outcome_slope,8,100.0,0.0007834574122413951,False
final_input_token_layerwise,disclosed,k3,displayed_driver_outcome_slope,9,3.0,0.012571764084878562,False
final_input_token_layerwise,disclosed,k3,displayed_driver_outcome_slope,10,3.0,0.015445714457088727,False
final_input_token_layerwise,disclosed,k3,displayed_driver_outcome_slope,11,100.0,0.000738415421284333,False
final_input_token_layerwise,disclosed,k3,displayed_driver_outcome_slope,12,3.0,0.000894565697087929,False
final_input_token_layerwise,disclosed,k3,displayed_driver_outcome_slope,13,3.0,0.00818555215317962,False
final_input_token_layerwise,disclosed,k3,displayed_driver_outcome_slope,14,100.0,0.00013098795300103827,False
final_input_token_layerwise,disclosed,k3,displayed_driver_outcome_slope,15,100.0,0.00025220992690061506,False
final_input_token_layerwise,disclosed,k3,displayed_driver_outcome_slope,16,3.0,0.015705213240939986,True
final_input_token_layerwise,disclosed,k3,displayed_driver_outcome_slope,17,100.0,0.0007412251547090354,False
final_input_token_layerwise,disclosed,k3,displayed_driver_outcome_slope,18,100.0,0.0004437131923730464,False
final_input_token_layerwise,disclosed,k3,displayed_driver_outcome_slope,19,100.0,7.100322457792574e-06,False
final_input_token_layerwise,disclosed,k3,displayed_driver_outcome_slope,20,100.0,-0.000545421258777129,False
final_input_token_layerwise,disclosed,k3,displayed_driver_outcome_slope,21,3.0,0.008816147058903628,False
final_input_token_layerwise,disclosed,k3,displayed_driver_outcome_slope,22,100.0,0.000674502027550955,False
final_input_token_layerwise,disclosed,k3,displayed_driver_outcome_slope,23,100.0,-0.0006551868249144166,False
final_input_token_layerwise,disclosed,k3,displayed_driver_outcome_slope,24,100.0,-0.001301437398628369,False
final_input_token_layerwise,disclosed,k3,displayed_driver_outcome_slope,25,100.0,-0.00015310116131347917,False
final_input_token_layerwise,disclosed,k3,displayed_driver_outcome_slope,26,100.0,1.9595940974337367e-06,False
final_input_token_layerwise,disclosed,k3,displayed_driver_outcome_slope,27,100.0,-0.00027822344040231983,False
final_input_token_layerwise,disclosed,k3,displayed_driver_outcome_slope,28,100.0,-0.0005594599668268252,False
final_input_token_layerwise,disclosed,k3,displayed_driver_outcome_slope,29,100.0,-0.0008764794709499313,False
final_input_token_layerwise,disclosed,k3,displayed_driver_outcome_slope,30,100.0,-0.0010352064689819473,False
final_input_token_layerwise,disclosed,k3,displayed_driver_outcome_slope,31,100.0,-0.001582316182730359,False
final_input_token_layerwise,disclosed,k3,displayed_driver_outcome_slope,32,100.0,-0.001228154445185925,False
final_input_token_layerwise,disclosed,k3,displayed_driver_outcome_slope,33,100.0,-0.0016501626081311394,False
final_input_token_layerwise,disclosed,k3,displayed_driver_outcome_slope,34,100.0,-0.0010448176759500771,False
final_input_token_layerwise,disclosed,k3,displayed_driver_outcome_slope,35,100.0,-0.000908275689218585,False
final_input_token_layerwise,disclosed,k3,displayed_driver_outcome_slope,36,100.0,-0.0009510927104960099,False
final_input_token_layerwise,disclosed,k3,oracle_posterior_gain,0,0.0001,0.0,False
final_input_token_layerwise,disclosed,k3,oracle_posterior_gain,1,100.0,-0.0032245228196187414,False
final_input_token_layerwise,disclosed,k3,oracle_posterior_gain,2,100.0,-0.0018108312398193993,False
final_input_token_layerwise,disclosed,k3,oracle_posterior_gain,3,100.0,-0.0017374857473825833,False
final_input_token_layerwise,disclosed,k3,oracle_posterior_gain,4,100.0,-0.0008313595925842632,False
final_input_token_layerwise,disclosed,k3,oracle_posterior_gain,5,100.0,-0.0006304216762588744,False
final_input_token_layerwise,disclosed,k3,oracle_posterior_gain,6,100.0,-0.0003139251518373132,False
final_input_token_layerwise,disclosed,k3,oracle_posterior_gain,7,100.0,-0.000363095854316986,False
final_input_token_layerwise,disclosed,k3,oracle_posterior_gain,8,100.0,-0.002057907179020463,False
final_input_token_layerwise,disclosed,k3,oracle_posterior_gain,9,100.0,-0.0012947743477564888,False
final_input_token_layerwise,disclosed,k3,oracle_posterior_gain,10,100.0,-0.0019435469494202273,False
final_input_token_layerwise,disclosed,k3,oracle_posterior_gain,11,100.0,-0.002419520969028033,False
final_input_token_layerwise,disclosed,k3,oracle_posterior_gain,12,100.0,-0.00209005478783425,False
final_input_token_layerwise,disclosed,k3,oracle_posterior_gain,13,100.0,-0.0019928227514517394,False
final_input_token_layerwise,disclosed,k3,oracle_posterior_gain,14,100.0,-0.001889295540914937,False
final_input_token_layerwise,disclosed,k3,oracle_posterior_gain,15,100.0,-0.0017494032706253382,False
final_input_token_layerwise,disclosed,k3,oracle_posterior_gain,16,100.0,-0.0008566170037229703,False
final_input_token_layerwise,disclosed,k3,oracle_posterior_gain,17,100.0,-0.0023845567829996195,False
final_input_token_layerwise,disclosed,k3,oracle_posterior_gain,18,100.0,-0.0009038393216005136,False
final_input_token_layerwise,disclosed,k3,oracle_posterior_gain,19,3.0,0.010672796941217644,False
final_input_token_layerwise,disclosed,k3,oracle_posterior_gain,20,3.0,0.061361541236824274,False
final_input_token_layerwise,disclosed,k3,oracle_posterior_gain,21,3.0,0.06789446866146365,False
final_input_token_layerwise,disclosed,k3,oracle_posterior_gain,22,3.0,0.06623114885699022,False
final_input_token_layerwise,disclosed,k3,oracle_posterior_gain,23,3.0,0.057298563432040706,False
final_input_token_layerwise,disclosed,k3,oracle_posterior_gain,24,3.0,0.058158756029945996,False
final_input_token_layerwise,disclosed,k3,oracle_posterior_gain,25,3.0,0.07628262349769493,False
final_input_token_layerwise,disclosed,k3,oracle_posterior_gain,26,3.0,0.06614236244634403,False
final_input_token_layerwise,disclosed,k3,oracle_posterior_gain,27,3.0,0.06545444692074101,False
final_input_token_layerwise,disclosed,k3,oracle_posterior_gain,28,3.0,0.052076977640143435,False
final_input_token_layerwise,disclosed,k3,oracle_posterior_gain,29,3.0,0.05903660893682228,False
final_input_token_layerwise,disclosed,k3,oracle_posterior_gain,30,3.0,0.05587376568278257,False
final_input_token_layerwise,disclosed,k3,oracle_posterior_gain,31,3.0,0.04277619240015282,False
final_input_token_layerwise,disclosed,k3,oracle_posterior_gain,32,3.0,0.06148439739584269,False
final_input_token_layerwise,disclosed,k3,oracle_posterior_gain,33,3.0,0.0503512135005596,False
final_input_token_layerwise,disclosed,k3,oracle_posterior_gain,34,3.0,0.05625931811829357,False
final_input_token_layerwise,disclosed,k3,oracle_posterior_gain,35,3.0,0.07210848149403734,False
final_input_token_layerwise,disclosed,k3,oracle_posterior_gain,36,3.0,0.08370926618391164,True
final_input_token_layerwise,disclosed,k6,gain,0,0.0001,0.0,False
final_input_token_layerwise,disclosed,k6,gain,1,100.0,-0.0006651664002609026,False
final_input_token_layerwise,disclosed,k6,gain,2,3.0,0.0049509128561845694,False
final_input_token_layerwise,disclosed,k6,gain,3,3.0,-0.0006232087717895074,False
final_input_token_layerwise,disclosed,k6,gain,4,100.0,-0.000750012309453596,False
final_input_token_layerwise,disclosed,k6,gain,5,100.0,-0.0006634974885272316,False
final_input_token_layerwise,disclosed,k6,gain,6,100.0,-0.0006909568847522918,False
final_input_token_layerwise,disclosed,k6,gain,7,100.0,-0.0011317909960307238,False
final_input_token_layerwise,disclosed,k6,gain,8,100.0,-0.0017110037363080588,False
final_input_token_layerwise,disclosed,k6,gain,9,100.0,-0.001530922584287775,False
final_input_token_layerwise,disclosed,k6,gain,10,100.0,-0.00019206356428005944,False
final_input_token_layerwise,disclosed,k6,gain,11,100.0,-0.0003277181392545847,False
final_input_token_layerwise,disclosed,k6,gain,12,100.0,4.9884518978499104e-05,False
final_input_token_layerwise,disclosed,k6,gain,13,100.0,-4.400665427733985e-05,False
final_input_token_layerwise,disclosed,k6,gain,14,100.0,-0.0014431579540573614,False
final_input_token_layerwise,disclosed,k6,gain,15,100.0,-0.0014977425025308466,False
final_input_token_layerwise,disclosed,k6,gain,16,100.0,-0.0016473617254010864,False
final_input_token_layerwise,disclosed,k6,gain,17,100.0,-0.001514194859995266,False
final_input_token_layerwise,disclosed,k6,gain,18,100.0,-0.0019040238029546797,False
final_input_token_layerwise,disclosed,k6,gain,19,100.0,-0.0009214397311242406,False
final_input_token_layerwise,disclosed,k6,gain,20,100.0,-0.0006893897178456565,False
final_input_token_layerwise,disclosed,k6,gain,21,3.0,0.03848056693710722,False
final_input_token_layerwise,disclosed,k6,gain,22,3.0,0.039668931581676725,False
final_input_token_layerwise,disclosed,k6,gain,23,3.0,0.05807357884280845,True
final_input_token_layerwise,disclosed,k6,gain,24,3.0,0.04059408840253617,False
final_input_token_layerwise,disclosed,k6,gain,25,3.0,0.037060050246487536,False
final_input_token_layerwise,disclosed,k6,gain,26,3.0,0.040195419161573764,False
final_input_token_layerwise,disclosed,k6,gain,27,3.0,0.04788917644363905,False
final_input_token_layerwise,disclosed,k6,gain,28,3.0,0.04955934611671137,False
final_input_token_layerwise,disclosed,k6,gain,29,3.0,0.04292949028540716,False
final_input_token_layerwise,disclosed,k6,gain,30,3.0,0.027655529032261345,False
final_input_token_layerwise,disclosed,k6,gain,31,3.0,0.02674789974659908,False
final_input_token_layerwise,disclosed,k6,gain,32,3.0,0.018829258198745175,False
final_input_token_layerwise,disclosed,k6,gain,33,3.0,0.01940960691917412,False
final_input_token_layerwise,disclosed,k6,gain,34,3.0,0.03562957001041531,False
final_input_token_layerwise,disclosed,k6,gain,35,3.0,0.0484511762048013,False
final_input_token_layerwise,disclosed,k6,gain,36,3.0,0.05251950064223823,False
final_input_token_layerwise,disclosed,k6,response_residual,0,0.0001,-2.7755575615628914e-17,False
final_input_token_layerwise,disclosed,k6,response_residual,1,100.0,-0.002327746254555285,False
final_input_token_layerwise,disclosed,k6,response_residual,2,100.0,-0.0009206261437091356,False
final_input_token_layerwise,disclosed,k6,response_residual,3,100.0,-0.0009596313844131565,False
final_input_token_layerwise,disclosed,k6,response_residual,4,100.0,-0.0006331325982167901,False
final_input_token_layerwise,disclosed,k6,response_residual,5,100.0,-0.0005582800867383331,False
final_input_token_layerwise,disclosed,k6,response_residual,6,100.0,-0.0005720005865896272,False
final_input_token_layerwise,disclosed,k6,response_residual,7,100.0,-0.0009763165888370673,False
final_input_token_layerwise,disclosed,k6,response_residual,8,100.0,-0.001649491060752295,False
final_input_token_layerwise,disclosed,k6,response_residual,9,100.0,-0.0015077340826558372,False
final_input_token_layerwise,disclosed,k6,response_residual,10,100.0,-0.0005577047360708631,False
final_input_token_layerwise,disclosed,k6,response_residual,11,100.0,-0.0007184395041523461,False
final_input_token_layerwise,disclosed,k6,response_residual,12,100.0,-0.0004234701970120547,False
final_input_token_layerwise,disclosed,k6,response_residual,13,100.0,-0.000619957418045991,False
final_input_token_layerwise,disclosed,k6,response_residual,14,100.0,-0.001766170473819828,False
final_input_token_layerwise,disclosed,k6,response_residual,15,100.0,-0.001715824933328669,False
final_input_token_layerwise,disclosed,k6,response_residual,16,100.0,-0.0020824276621476123,False
final_input_token_layerwise,disclosed,k6,response_residual,17,100.0,-0.00198916777918251,False
final_input_token_layerwise,disclosed,k6,response_residual,18,100.0,-0.002258829684226693,False
final_input_token_layerwise,disclosed,k6,response_residual,19,100.0,-0.0013684120517601928,False
final_input_token_layerwise,disclosed,k6,response_residual,20,100.0,-0.0009061200058557706,False
final_input_token_layerwise,disclosed,k6,response_residual,21,3.0,0.00958144748137063,False
final_input_token_layerwise,disclosed,k6,response_residual,22,3.0,0.010794118221822607,False
final_input_token_layerwise,disclosed,k6,response_residual,23,3.0,0.021885564768484966,True
final_input_token_layerwise,disclosed,k6,response_residual,24,3.0,0.006435458953733708,False
final_input_token_layerwise,disclosed,k6,response_residual,25,3.0,0.01754073428036726,False
final_input_token_layerwise,disclosed,k6,response_residual,26,3.0,0.014508028708444864,False
final_input_token_layerwise,disclosed,k6,response_residual,27,3.0,0.015895104821211065,False
final_input_token_layerwise,disclosed,k6,response_residual,28,3.0,0.015938718112942785,False
final_input_token_layerwise,disclosed,k6,response_residual,29,3.0,0.012820923224974745,False
final_input_token_layerwise,disclosed,k6,response_residual,30,3.0,0.005332830126185989,False
final_input_token_layerwise,disclosed,k6,response_residual,31,3.0,0.0059823914656322585,False
final_input_token_layerwise,disclosed,k6,response_residual,32,100.0,0.001076747856683602,False
final_input_token_layerwise,disclosed,k6,response_residual,33,100.0,0.0008999468509192365,False
final_input_token_layerwise,disclosed,k6,response_residual,34,3.0,0.0060588076298902505,False
final_input_token_layerwise,disclosed,k6,response_residual,35,3.0,0.015577344766596446,False
final_input_token_layerwise,disclosed,k6,response_residual,36,3.0,0.017417731361643846,False
final_input_token_layerwise,disclosed,k6,last_target_observation,0,0.0001,-2.7755575615628914e-17,False
final_input_token_layerwise,disclosed,k6,last_target_observation,1,0.1,0.0656565849446972,True
final_input_token_layerwise,disclosed,k6,last_target_observation,2,100.0,0.0008997824033706581,False
final_input_token_layerwise,disclosed,k6,last_target_observation,3,100.0,0.0006376826572981886,False
final_input_token_layerwise,disclosed,k6,last_target_observation,4,100.0,-4.87524884842383e-05,False
final_input_token_layerwise,disclosed,k6,last_target_observation,5,100.0,0.0001052641374921226,False
final_input_token_layerwise,disclosed,k6,last_target_observation,6,100.0,0.00019587868194631541,False
final_input_token_layerwise,disclosed,k6,last_target_observation,7,100.0,0.000397975148786478,False
final_input_token_layerwise,disclosed,k6,last_target_observation,8,100.0,0.00029752457886500494,False
final_input_token_layerwise,disclosed,k6,last_target_observation,9,3.0,0.0059339032051689555,False
final_input_token_layerwise,disclosed,k6,last_target_observation,10,3.0,0.009064359921900411,False
final_input_token_layerwise,disclosed,k6,last_target_observation,11,100.0,2.1758142229238997e-05,False
final_input_token_layerwise,disclosed,k6,last_target_observation,12,3.0,0.015355106060974844,False
final_input_token_layerwise,disclosed,k6,last_target_observation,13,3.0,0.03748143467136075,False
final_input_token_layerwise,disclosed,k6,last_target_observation,14,3.0,0.03786386898197577,False
final_input_token_layerwise,disclosed,k6,last_target_observation,15,3.0,0.027228199332708425,False
final_input_token_layerwise,disclosed,k6,last_target_observation,16,3.0,0.021994175630022483,False
final_input_token_layerwise,disclosed,k6,last_target_observation,17,100.0,-5.7513392340141634e-05,False
final_input_token_layerwise,disclosed,k6,last_target_observation,18,100.0,0.00022665093911053424,False
final_input_token_layerwise,disclosed,k6,last_target_observation,19,3.0,0.005800638017882498,False
final_input_token_layerwise,disclosed,k6,last_target_observation,20,3.0,0.013928038011318755,False
final_input_token_layerwise,disclosed,k6,last_target_observation,21,3.0,0.01630431952155373,False
final_input_token_layerwise,disclosed,k6,last_target_observation,22,100.0,0.0016634603160803618,False
final_input_token_layerwise,disclosed,k6,last_target_observation,23,3.0,0.023935301851492063,False
final_input_token_layerwise,disclosed,k6,last_target_observation,24,100.0,0.006619959657534202,False
final_input_token_layerwise,disclosed,k6,last_target_observation,25,100.0,0.00631527212511529,False
final_input_token_layerwise,disclosed,k6,last_target_observation,26,100.0,0.006323871104104706,False
final_input_token_layerwise,disclosed,k6,last_target_observation,27,100.0,0.007033253335364531,False
final_input_token_layerwise,disclosed,k6,last_target_observation,28,100.0,0.007432948928964983,False
final_input_token_layerwise,disclosed,k6,last_target_observation,29,3.0,0.011016794540472358,False
final_input_token_layerwise,disclosed,k6,last_target_observation,30,100.0,0.006568542686169271,False
final_input_token_layerwise,disclosed,k6,last_target_observation,31,3.0,0.012610773249534912,False
final_input_token_layerwise,disclosed,k6,last_target_observation,32,3.0,0.01825855552004435,False
final_input_token_layerwise,disclosed,k6,last_target_observation,33,3.0,0.025209090863756306,False
final_input_token_layerwise,disclosed,k6,last_target_observation,34,3.0,0.016490665246129382,False
final_input_token_layerwise,disclosed,k6,last_target_observation,35,3.0,0.01904693874263841,False
final_input_token_layerwise,disclosed,k6,last_target_observation,36,3.0,0.023413368122900458,False
final_input_token_layerwise,disclosed,k6,target_observation_mean,0,0.0001,2.7755575615628914e-17,False
final_input_token_layerwise,disclosed,k6,target_observation_mean,1,100.0,-0.012537593866865177,False
final_input_token_layerwise,disclosed,k6,target_observation_mean,2,100.0,-0.005741561108613846,False
final_input_token_layerwise,disclosed,k6,target_observation_mean,3,100.0,-0.004373563377581935,False
final_input_token_layerwise,disclosed,k6,target_observation_mean,4,100.0,-0.0017290437822023996,False
final_input_token_layerwise,disclosed,k6,target_observation_mean,5,100.0,-0.0009236360298801038,False
final_input_token_layerwise,disclosed,k6,target_observation_mean,6,100.0,-2.7144091699571327e-05,False
final_input_token_layerwise,disclosed,k6,target_observation_mean,7,100.0,0.0015346001334204107,False
final_input_token_layerwise,disclosed,k6,target_observation_mean,8,3.0,0.003927046576040177,False
final_input_token_layerwise,disclosed,k6,target_observation_mean,9,3.0,0.0024792286424240584,False
final_input_token_layerwise,disclosed,k6,target_observation_mean,10,3.0,0.004214365770700307,False
final_input_token_layerwise,disclosed,k6,target_observation_mean,11,100.0,-0.003180037818612258,False
final_input_token_layerwise,disclosed,k6,target_observation_mean,12,100.0,-0.002315048589271812,False
final_input_token_layerwise,disclosed,k6,target_observation_mean,13,100.0,-0.0013945114877245701,False
final_input_token_layerwise,disclosed,k6,target_observation_mean,14,100.0,-0.0015372334823790523,False
final_input_token_layerwise,disclosed,k6,target_observation_mean,15,100.0,-5.667422464605831e-06,False
final_input_token_layerwise,disclosed,k6,target_observation_mean,16,100.0,-0.0003488991708228417,False
final_input_token_layerwise,disclosed,k6,target_observation_mean,17,100.0,-0.0007307750779740052,False
final_input_token_layerwise,disclosed,k6,target_observation_mean,18,100.0,-7.110429835754939e-05,False
final_input_token_layerwise,disclosed,k6,target_observation_mean,19,3.0,0.01747918973667384,False
final_input_token_layerwise,disclosed,k6,target_observation_mean,20,3.0,0.049098622657360314,False
final_input_token_layerwise,disclosed,k6,target_observation_mean,21,3.0,0.10311541241220687,False
final_input_token_layerwise,disclosed,k6,target_observation_mean,22,3.0,0.15347235778353613,False
final_input_token_layerwise,disclosed,k6,target_observation_mean,23,0.1,0.24636197154871547,True
final_input_token_layerwise,disclosed,k6,target_observation_mean,24,3.0,0.11791276067275192,False
final_input_token_layerwise,disclosed,k6,target_observation_mean,25,3.0,0.07019203865953458,False
final_input_token_layerwise,disclosed,k6,target_observation_mean,26,3.0,0.0672129084978049,False
final_input_token_layerwise,disclosed,k6,target_observation_mean,27,0.1,0.1043928127640405,False
final_input_token_layerwise,disclosed,k6,target_observation_mean,28,0.1,0.19994283106150865,False
final_input_token_layerwise,disclosed,k6,target_observation_mean,29,0.1,0.17232170581878586,False
final_input_token_layerwise,disclosed,k6,target_observation_mean,30,0.1,0.18550656899281973,False
final_input_token_layerwise,disclosed,k6,target_observation_mean,31,0.1,0.20992810616378696,False
final_input_token_layerwise,disclosed,k6,target_observation_mean,32,0.1,0.11858452674245099,False
final_input_token_layerwise,disclosed,k6,target_observation_mean,33,0.1,0.14073351396226835,False
final_input_token_layerwise,disclosed,k6,target_observation_mean,34,0.1,0.1419898308182448,False
final_input_token_layerwise,disclosed,k6,target_observation_mean,35,0.1,0.21441236226420016,False
final_input_token_layerwise,disclosed,k6,target_observation_mean,36,0.1,0.1578171256696435,False
final_input_token_layerwise,disclosed,k6,target_time_slope,0,0.0001,0.0,False
final_input_token_layerwise,disclosed,k6,target_time_slope,1,3.0,0.0038553698852245577,False
final_input_token_layerwise,disclosed,k6,target_time_slope,2,100.0,0.00011448926892348998,False
final_input_token_layerwise,disclosed,k6,target_time_slope,3,100.0,-0.00011513045596231453,False
final_input_token_layerwise,disclosed,k6,target_time_slope,4,100.0,-0.00041736741361644847,False
final_input_token_layerwise,disclosed,k6,target_time_slope,5,100.0,-0.0002948505025333059,False
final_input_token_layerwise,disclosed,k6,target_time_slope,6,100.0,-0.0005890045726207049,False
final_input_token_layerwise,disclosed,k6,target_time_slope,7,100.0,9.105814573664994e-05,False
final_input_token_layerwise,disclosed,k6,target_time_slope,8,3.0,0.015975376236694067,False
final_input_token_layerwise,disclosed,k6,target_time_slope,9,3.0,0.005271162715649064,False
final_input_token_layerwise,disclosed,k6,target_time_slope,10,3.0,0.015613209419036739,False
final_input_token_layerwise,disclosed,k6,target_time_slope,11,3.0,0.0057990851328679205,False
final_input_token_layerwise,disclosed,k6,target_time_slope,12,3.0,0.010948213273705654,False
final_input_token_layerwise,disclosed,k6,target_time_slope,13,3.0,0.015350275241426126,False
final_input_token_layerwise,disclosed,k6,target_time_slope,14,3.0,0.015892479516528973,False
final_input_token_layerwise,disclosed,k6,target_time_slope,15,100.0,0.00043292342513082116,False
final_input_token_layerwise,disclosed,k6,target_time_slope,16,3.0,0.006536392784772194,False
final_input_token_layerwise,disclosed,k6,target_time_slope,17,100.0,0.00027934707594179375,False
final_input_token_layerwise,disclosed,k6,target_time_slope,18,100.0,0.00046865770393475503,False
final_input_token_layerwise,disclosed,k6,target_time_slope,19,3.0,0.03950020090177911,False
final_input_token_layerwise,disclosed,k6,target_time_slope,20,0.1,0.16980352780263416,True
final_input_token_layerwise,disclosed,k6,target_time_slope,21,0.1,0.09231550457831808,False
final_input_token_layerwise,disclosed,k6,target_time_slope,22,3.0,0.08433628181049721,False
final_input_token_layerwise,disclosed,k6,target_time_slope,23,3.0,0.09368817610961061,False
final_input_token_layerwise,disclosed,k6,target_time_slope,24,3.0,0.05509645799012053,False
final_input_token_layerwise,disclosed,k6,target_time_slope,25,3.0,0.04845208763123701,False
final_input_token_layerwise,disclosed,k6,target_time_slope,26,3.0,0.042139745401352596,False
final_input_token_layerwise,disclosed,k6,target_time_slope,27,3.0,0.04465355263402965,False
final_input_token_layerwise,disclosed,k6,target_time_slope,28,3.0,0.0424777600346129,False
final_input_token_layerwise,disclosed,k6,target_time_slope,29,3.0,0.04437152509426806,False
final_input_token_layerwise,disclosed,k6,target_time_slope,30,3.0,0.03997978991930179,False
final_input_token_layerwise,disclosed,k6,target_time_slope,31,3.0,0.05569266256679967,False
final_input_token_layerwise,disclosed,k6,target_time_slope,32,3.0,0.05156701019909643,False
final_input_token_layerwise,disclosed,k6,target_time_slope,33,3.0,0.062454892993069,False
final_input_token_layerwise,disclosed,k6,target_time_slope,34,3.0,0.06536784026856782,False
final_input_token_layerwise,disclosed,k6,target_time_slope,35,3.0,0.0654902837291094,False
final_input_token_layerwise,disclosed,k6,target_time_slope,36,3.0,0.06676694436457334,False
final_input_token_layerwise,disclosed,k6,displayed_driver_outcome_slope,0,0.0001,-5.551115123125783e-17,False
final_input_token_layerwise,disclosed,k6,displayed_driver_outcome_slope,1,100.0,-0.0023575737281093245,False
final_input_token_layerwise,disclosed,k6,displayed_driver_outcome_slope,2,100.0,-0.0029705831461588894,False
final_input_token_layerwise,disclosed,k6,displayed_driver_outcome_slope,3,100.0,-0.003239900074209212,False
final_input_token_layerwise,disclosed,k6,displayed_driver_outcome_slope,4,100.0,-0.003002487336790871,False
final_input_token_layerwise,disclosed,k6,displayed_driver_outcome_slope,5,100.0,-0.002173134863830084,False
final_input_token_layerwise,disclosed,k6,displayed_driver_outcome_slope,6,100.0,-0.001796681368181785,False
final_input_token_layerwise,disclosed,k6,displayed_driver_outcome_slope,7,100.0,-0.0016196454806660099,False
final_input_token_layerwise,disclosed,k6,displayed_driver_outcome_slope,8,100.0,-0.0016075958698922033,False
final_input_token_layerwise,disclosed,k6,displayed_driver_outcome_slope,9,100.0,-0.0007784657194669364,False
final_input_token_layerwise,disclosed,k6,displayed_driver_outcome_slope,10,100.0,-0.0012466205256418394,False
final_input_token_layerwise,disclosed,k6,displayed_driver_outcome_slope,11,100.0,-0.0017536511736325755,False
final_input_token_layerwise,disclosed,k6,displayed_driver_outcome_slope,12,100.0,-0.001392013183533658,False
final_input_token_layerwise,disclosed,k6,displayed_driver_outcome_slope,13,100.0,-0.0017038729798930785,False
final_input_token_layerwise,disclosed,k6,displayed_driver_outcome_slope,14,100.0,-0.0011141153801726977,False
final_input_token_layerwise,disclosed,k6,displayed_driver_outcome_slope,15,100.0,-0.00026016693441949235,False
final_input_token_layerwise,disclosed,k6,displayed_driver_outcome_slope,16,100.0,-0.0009673479403442264,False
final_input_token_layerwise,disclosed,k6,displayed_driver_outcome_slope,17,100.0,-0.0010658465657273908,False
final_input_token_layerwise,disclosed,k6,displayed_driver_outcome_slope,18,100.0,-0.0004634465930000997,False
final_input_token_layerwise,disclosed,k6,displayed_driver_outcome_slope,19,100.0,-6.002227070198152e-05,False
final_input_token_layerwise,disclosed,k6,displayed_driver_outcome_slope,20,100.0,-0.0001819967237161324,False
final_input_token_layerwise,disclosed,k6,displayed_driver_outcome_slope,21,100.0,0.0002786795632858663,False
final_input_token_layerwise,disclosed,k6,displayed_driver_outcome_slope,22,100.0,0.0005367105366315683,True
final_input_token_layerwise,disclosed,k6,displayed_driver_outcome_slope,23,100.0,0.00019633790318868138,False
final_input_token_layerwise,disclosed,k6,displayed_driver_outcome_slope,24,100.0,-0.00023224017466505487,False
final_input_token_layerwise,disclosed,k6,displayed_driver_outcome_slope,25,100.0,-0.00023281099676947248,False
final_input_token_layerwise,disclosed,k6,displayed_driver_outcome_slope,26,100.0,-0.0006314043012505544,False
final_input_token_layerwise,disclosed,k6,displayed_driver_outcome_slope,27,100.0,-0.0005915669992191952,False
final_input_token_layerwise,disclosed,k6,displayed_driver_outcome_slope,28,100.0,-0.0011430330354242624,False
final_input_token_layerwise,disclosed,k6,displayed_driver_outcome_slope,29,100.0,-0.0008142553406804975,False
final_input_token_layerwise,disclosed,k6,displayed_driver_outcome_slope,30,100.0,-0.0006544226987014734,False
final_input_token_layerwise,disclosed,k6,displayed_driver_outcome_slope,31,100.0,-0.0003905434213568315,False
final_input_token_layerwise,disclosed,k6,displayed_driver_outcome_slope,32,100.0,0.00021018358509661272,False
final_input_token_layerwise,disclosed,k6,displayed_driver_outcome_slope,33,100.0,-0.0002703658486315763,False
final_input_token_layerwise,disclosed,k6,displayed_driver_outcome_slope,34,100.0,-0.0006026752487738873,False
final_input_token_layerwise,disclosed,k6,displayed_driver_outcome_slope,35,100.0,-0.000539383957762235,False
final_input_token_layerwise,disclosed,k6,displayed_driver_outcome_slope,36,100.0,-0.0004356536882175188,False
final_input_token_layerwise,disclosed,k6,oracle_posterior_gain,0,0.0001,-5.551115123125783e-17,False
final_input_token_layerwise,disclosed,k6,oracle_posterior_gain,1,100.0,-0.005555588472423739,False
final_input_token_layerwise,disclosed,k6,oracle_posterior_gain,2,100.0,-0.0038020143768755232,False
final_input_token_layerwise,disclosed,k6,oracle_posterior_gain,3,100.0,-0.002859022678305595,False
final_input_token_layerwise,disclosed,k6,oracle_posterior_gain,4,100.0,-0.001701901971626757,False
final_input_token_layerwise,disclosed,k6,oracle_posterior_gain,5,100.0,-0.0008831388142910845,False
final_input_token_layerwise,disclosed,k6,oracle_posterior_gain,6,100.0,-0.00034641494556672536,False
final_input_token_layerwise,disclosed,k6,oracle_posterior_gain,7,100.0,-0.0005436288256230604,False
final_input_token_layerwise,disclosed,k6,oracle_posterior_gain,8,100.0,0.0002230382371920525,False
final_input_token_layerwise,disclosed,k6,oracle_posterior_gain,9,100.0,-0.0002865149223695296,False
final_input_token_layerwise,disclosed,k6,oracle_posterior_gain,10,100.0,0.00045612709178144417,False
final_input_token_layerwise,disclosed,k6,oracle_posterior_gain,11,100.0,0.00016598085699351395,False
final_input_token_layerwise,disclosed,k6,oracle_posterior_gain,12,100.0,0.00017867463804291384,False
final_input_token_layerwise,disclosed,k6,oracle_posterior_gain,13,100.0,0.00010320904301053258,False
final_input_token_layerwise,disclosed,k6,oracle_posterior_gain,14,100.0,0.00013065714926446814,False
final_input_token_layerwise,disclosed,k6,oracle_posterior_gain,15,100.0,-0.0015678245607705366,False
final_input_token_layerwise,disclosed,k6,oracle_posterior_gain,16,100.0,-0.000615903019983155,False
final_input_token_layerwise,disclosed,k6,oracle_posterior_gain,17,100.0,0.0004917919634086498,False
final_input_token_layerwise,disclosed,k6,oracle_posterior_gain,18,100.0,-0.0005167174891428927,False
final_input_token_layerwise,disclosed,k6,oracle_posterior_gain,19,3.0,0.013614769632156215,False
final_input_token_layerwise,disclosed,k6,oracle_posterior_gain,20,3.0,0.02265570330955699,False
final_input_token_layerwise,disclosed,k6,oracle_posterior_gain,21,3.0,0.05557708540774056,False
final_input_token_layerwise,disclosed,k6,oracle_posterior_gain,22,3.0,0.062055604985512075,False
final_input_token_layerwise,disclosed,k6,oracle_posterior_gain,23,3.0,0.1044204936386807,True
final_input_token_layerwise,disclosed,k6,oracle_posterior_gain,24,3.0,0.07994924795754413,False
final_input_token_layerwise,disclosed,k6,oracle_posterior_gain,25,3.0,0.09001294000540955,False
final_input_token_layerwise,disclosed,k6,oracle_posterior_gain,26,3.0,0.08587738849588089,False
final_input_token_layerwise,disclosed,k6,oracle_posterior_gain,27,3.0,0.0929845436400257,False
final_input_token_layerwise,disclosed,k6,oracle_posterior_gain,28,3.0,0.09123725286786152,False
final_input_token_layerwise,disclosed,k6,oracle_posterior_gain,29,3.0,0.0822715197545223,False
final_input_token_layerwise,disclosed,k6,oracle_posterior_gain,30,3.0,0.058457098009482955,False
final_input_token_layerwise,disclosed,k6,oracle_posterior_gain,31,3.0,0.06321694684775972,False
final_input_token_layerwise,disclosed,k6,oracle_posterior_gain,32,3.0,0.053397339985344405,False
final_input_token_layerwise,disclosed,k6,oracle_posterior_gain,33,3.0,0.03862749054424283,False
final_input_token_layerwise,disclosed,k6,oracle_posterior_gain,34,3.0,0.06092725689256567,False
final_input_token_layerwise,disclosed,k6,oracle_posterior_gain,35,3.0,0.07243428794877563,False
final_input_token_layerwise,disclosed,k6,oracle_posterior_gain,36,3.0,0.06518710540215883,False
final_input_token_layerwise,disclosed,k9,gain,0,0.0001,0.0,False
final_input_token_layerwise,disclosed,k9,gain,1,100.0,-0.002913317602169563,False
final_input_token_layerwise,disclosed,k9,gain,2,100.0,-0.0018544377111376908,False
final_input_token_layerwise,disclosed,k9,gain,3,100.0,-0.0009066473434472533,False
final_input_token_layerwise,disclosed,k9,gain,4,3.0,0.005651513399371311,False
final_input_token_layerwise,disclosed,k9,gain,5,3.0,0.005414918943486169,False
final_input_token_layerwise,disclosed,k9,gain,6,3.0,0.005768480862848008,False
final_input_token_layerwise,disclosed,k9,gain,7,3.0,-0.0002444213948006868,False
final_input_token_layerwise,disclosed,k9,gain,8,100.0,-0.0006759883026979385,False
final_input_token_layerwise,disclosed,k9,gain,9,100.0,-0.0010011403149476628,False
final_input_token_layerwise,disclosed,k9,gain,10,100.0,-0.0009993718059837509,False
final_input_token_layerwise,disclosed,k9,gain,11,100.0,-0.000291856548665953,False
final_input_token_layerwise,disclosed,k9,gain,12,100.0,-1.2804914764796838e-05,False
final_input_token_layerwise,disclosed,k9,gain,13,100.0,-2.1429391127147923e-06,False
final_input_token_layerwise,disclosed,k9,gain,14,100.0,-0.0015525175954352322,False
final_input_token_layerwise,disclosed,k9,gain,15,100.0,-0.0003684157595850446,False
final_input_token_layerwise,disclosed,k9,gain,16,100.0,-0.0005768236955417116,False
final_input_token_layerwise,disclosed,k9,gain,17,100.0,0.00044316877365174756,False
final_input_token_layerwise,disclosed,k9,gain,18,100.0,-0.0009527863394595548,False
final_input_token_layerwise,disclosed,k9,gain,19,100.0,0.00013375633096218698,False
final_input_token_layerwise,disclosed,k9,gain,20,3.0,0.004783510445854844,False
final_input_token_layerwise,disclosed,k9,gain,21,3.0,0.06569399815210644,False
final_input_token_layerwise,disclosed,k9,gain,22,3.0,0.07566441638365681,False
final_input_token_layerwise,disclosed,k9,gain,23,3.0,0.0870053102953767,False
final_input_token_layerwise,disclosed,k9,gain,24,3.0,0.07460146221996125,False
final_input_token_layerwise,disclosed,k9,gain,25,3.0,0.05658095085880627,False
final_input_token_layerwise,disclosed,k9,gain,26,0.1,0.08185208284169479,False
final_input_token_layerwise,disclosed,k9,gain,27,0.1,0.15253397225813495,False
final_input_token_layerwise,disclosed,k9,gain,28,0.1,0.224545827459338,True
final_input_token_layerwise,disclosed,k9,gain,29,0.1,0.18886002345004016,False
final_input_token_layerwise,disclosed,k9,gain,30,0.1,0.1862794605117836,False
final_input_token_layerwise,disclosed,k9,gain,31,0.1,0.17189774730619764,False
final_input_token_layerwise,disclosed,k9,gain,32,0.1,0.15651730223741855,False
final_input_token_layerwise,disclosed,k9,gain,33,0.1,0.12053359197764263,False
final_input_token_layerwise,disclosed,k9,gain,34,0.1,0.17864787430378365,False
final_input_token_layerwise,disclosed,k9,gain,35,0.1,0.20409875109619458,False
final_input_token_layerwise,disclosed,k9,gain,36,0.1,0.19005894922204558,False
final_input_token_layerwise,disclosed,k9,response_residual,0,0.0001,-2.7755575615628914e-17,False
final_input_token_layerwise,disclosed,k9,response_residual,1,100.0,-0.0033537056631252615,False
final_input_token_layerwise,disclosed,k9,response_residual,2,100.0,-0.0016734534484223462,False
final_input_token_layerwise,disclosed,k9,response_residual,3,100.0,-0.0008066176842285444,False
final_input_token_layerwise,disclosed,k9,response_residual,4,3.0,0.0023449140509613775,False
final_input_token_layerwise,disclosed,k9,response_residual,5,3.0,0.00023532123939515315,False
final_input_token_layerwise,disclosed,k9,response_residual,6,3.0,0.0013247353609396884,False
final_input_token_layerwise,disclosed,k9,response_residual,7,100.0,-0.0001908886177098834,False
final_input_token_layerwise,disclosed,k9,response_residual,8,100.0,-0.0005974287243241116,False
final_input_token_layerwise,disclosed,k9,response_residual,9,100.0,-0.0010783735056652533,False
final_input_token_layerwise,disclosed,k9,response_residual,10,100.0,-0.0008281402092690793,False
final_input_token_layerwise,disclosed,k9,response_residual,11,100.0,-0.00047022235820470826,False
final_input_token_layerwise,disclosed,k9,response_residual,12,100.0,-0.0001601062262124031,False
final_input_token_layerwise,disclosed,k9,response_residual,13,100.0,-0.0001477174787061497,False
final_input_token_layerwise,disclosed,k9,response_residual,14,100.0,-0.0014405115092880894,False
final_input_token_layerwise,disclosed,k9,response_residual,15,100.0,-0.0004026114669659353,False
final_input_token_layerwise,disclosed,k9,response_residual,16,100.0,-0.0004702452306750149,False
final_input_token_layerwise,disclosed,k9,response_residual,17,100.0,0.0005331856992293327,False
final_input_token_layerwise,disclosed,k9,response_residual,18,100.0,-0.0006739351610924871,False
final_input_token_layerwise,disclosed,k9,response_residual,19,100.0,-0.00020913991617288463,False
final_input_token_layerwise,disclosed,k9,response_residual,20,100.0,0.00013609814420662003,False
final_input_token_layerwise,disclosed,k9,response_residual,21,3.0,0.02901693203999564,False
final_input_token_layerwise,disclosed,k9,response_residual,22,3.0,0.034808888365996604,False
final_input_token_layerwise,disclosed,k9,response_residual,23,3.0,0.054576552797290206,False
final_input_token_layerwise,disclosed,k9,response_residual,24,3.0,0.04284574944085193,False
final_input_token_layerwise,disclosed,k9,response_residual,25,3.0,0.03926310120288298,False
final_input_token_layerwise,disclosed,k9,response_residual,26,3.0,0.041442844458752987,False
final_input_token_layerwise,disclosed,k9,response_residual,27,3.0,0.054512456605293136,False
final_input_token_layerwise,disclosed,k9,response_residual,28,3.0,0.06338961878779831,False
final_input_token_layerwise,disclosed,k9,response_residual,29,3.0,0.05270797100664998,False
final_input_token_layerwise,disclosed,k9,response_residual,30,3.0,0.04338092354810125,False
final_input_token_layerwise,disclosed,k9,response_residual,31,3.0,0.04315049321415809,False
final_input_token_layerwise,disclosed,k9,response_residual,32,3.0,0.03764413908285935,False
final_input_token_layerwise,disclosed,k9,response_residual,33,3.0,0.03372547405079551,False
final_input_token_layerwise,disclosed,k9,response_residual,34,3.0,0.05749160825277547,False
final_input_token_layerwise,disclosed,k9,response_residual,35,3.0,0.06528927551594785,False
final_input_token_layerwise,disclosed,k9,response_residual,36,3.0,0.06846444551108646,True
final_input_token_layerwise,disclosed,k9,last_target_observation,0,0.0001,1.3877787807814457e-16,False
final_input_token_layerwise,disclosed,k9,last_target_observation,1,100.0,-0.0055786034328776934,False
final_input_token_layerwise,disclosed,k9,last_target_observation,2,100.0,-0.004154758194514024,False
final_input_token_layerwise,disclosed,k9,last_target_observation,3,100.0,-0.0022915720202709156,False
final_input_token_layerwise,disclosed,k9,last_target_observation,4,100.0,-0.0008781673380713617,False
final_input_token_layerwise,disclosed,k9,last_target_observation,5,100.0,-0.0004903872001820464,False
final_input_token_layerwise,disclosed,k9,last_target_observation,6,100.0,-0.0006453334514012754,False
final_input_token_layerwise,disclosed,k9,last_target_observation,7,100.0,-0.0005720444105903333,False
final_input_token_layerwise,disclosed,k9,last_target_observation,8,100.0,-2.3214639252755465e-05,False
final_input_token_layerwise,disclosed,k9,last_target_observation,9,100.0,-0.0002275434818643507,False
final_input_token_layerwise,disclosed,k9,last_target_observation,10,100.0,-0.0007306032351478975,False
final_input_token_layerwise,disclosed,k9,last_target_observation,11,100.0,-0.0023679196182629925,False
final_input_token_layerwise,disclosed,k9,last_target_observation,12,100.0,-0.0024957548491990056,False
final_input_token_layerwise,disclosed,k9,last_target_observation,13,100.0,-0.0012168191389752836,False
final_input_token_layerwise,disclosed,k9,last_target_observation,14,100.0,-0.0009702527059305133,False
final_input_token_layerwise,disclosed,k9,last_target_observation,15,100.0,-0.0005728774530838476,False
final_input_token_layerwise,disclosed,k9,last_target_observation,16,100.0,-0.0008931624017175233,False
final_input_token_layerwise,disclosed,k9,last_target_observation,17,100.0,-0.0006573680914824243,False
final_input_token_layerwise,disclosed,k9,last_target_observation,18,100.0,-0.0006291376303804719,False
final_input_token_layerwise,disclosed,k9,last_target_observation,19,3.0,0.01746502117031043,False
final_input_token_layerwise,disclosed,k9,last_target_observation,20,3.0,0.041649407588622483,False
final_input_token_layerwise,disclosed,k9,last_target_observation,21,3.0,0.03664931891329201,False
final_input_token_layerwise,disclosed,k9,last_target_observation,22,3.0,0.05104930895456472,True
final_input_token_layerwise,disclosed,k9,last_target_observation,23,3.0,0.02714084687057894,False
final_input_token_layerwise,disclosed,k9,last_target_observation,24,3.0,0.020492179700259072,False
final_input_token_layerwise,disclosed,k9,last_target_observation,25,3.0,0.008271761605047806,False
final_input_token_layerwise,disclosed,k9,last_target_observation,26,100.0,0.0006194588961878633,False
final_input_token_layerwise,disclosed,k9,last_target_observation,27,3.0,0.00498281794705091,False
final_input_token_layerwise,disclosed,k9,last_target_observation,28,100.0,0.0010739566810500645,False
final_input_token_layerwise,disclosed,k9,last_target_observation,29,100.0,0.0010927408052510412,False
final_input_token_layerwise,disclosed,k9,last_target_observation,30,100.0,0.0008621108340269024,False
final_input_token_layerwise,disclosed,k9,last_target_observation,31,100.0,0.0013022137451906834,False
final_input_token_layerwise,disclosed,k9,last_target_observation,32,100.0,0.0013982260649788303,False
final_input_token_layerwise,disclosed,k9,last_target_observation,33,3.0,0.007946977541552352,False
final_input_token_layerwise,disclosed,k9,last_target_observation,34,3.0,0.008509058445906464,False
final_input_token_layerwise,disclosed,k9,last_target_observation,35,3.0,0.01359653139220987,False
final_input_token_layerwise,disclosed,k9,last_target_observation,36,3.0,0.017155274866299003,False
final_input_token_layerwise,disclosed,k9,target_observation_mean,0,0.0001,3.885780586188048e-16,False
final_input_token_layerwise,disclosed,k9,target_observation_mean,1,100.0,0.005048816113007809,False
final_input_token_layerwise,disclosed,k9,target_observation_mean,2,100.0,0.0028618210689570767,False
final_input_token_layerwise,disclosed,k9,target_observation_mean,3,3.0,0.010861290537063889,False
final_input_token_layerwise,disclosed,k9,target_observation_mean,4,3.0,0.01628229410374879,False
final_input_token_layerwise,disclosed,k9,target_observation_mean,5,3.0,0.01593601082065993,False
final_input_token_layerwise,disclosed,k9,target_observation_mean,6,3.0,0.019833742463872484,False
final_input_token_layerwise,disclosed,k9,target_observation_mean,7,3.0,0.020938087619686047,False
final_input_token_layerwise,disclosed,k9,target_observation_mean,8,100.0,0.00011560703079152579,False
final_input_token_layerwise,disclosed,k9,target_observation_mean,9,3.0,0.0007403115201975174,False
final_input_token_layerwise,disclosed,k9,target_observation_mean,10,3.0,0.006315411126949139,False
final_input_token_layerwise,disclosed,k9,target_observation_mean,11,3.0,0.003729510929703639,False
final_input_token_layerwise,disclosed,k9,target_observation_mean,12,100.0,-6.88827517172641e-05,False
final_input_token_layerwise,disclosed,k9,target_observation_mean,13,100.0,-0.00043316910224450167,False
final_input_token_layerwise,disclosed,k9,target_observation_mean,14,100.0,-0.0006927120583067881,False
final_input_token_layerwise,disclosed,k9,target_observation_mean,15,100.0,0.0003785969377903542,False
final_input_token_layerwise,disclosed,k9,target_observation_mean,16,3.0,0.00785552320678179,False
final_input_token_layerwise,disclosed,k9,target_observation_mean,17,100.0,0.0010506653000168509,False
final_input_token_layerwise,disclosed,k9,target_observation_mean,18,3.0,0.012601927692711012,False
final_input_token_layerwise,disclosed,k9,target_observation_mean,19,3.0,0.01883256353837992,False
final_input_token_layerwise,disclosed,k9,target_observation_mean,20,3.0,0.02916725106346546,False
final_input_token_layerwise,disclosed,k9,target_observation_mean,21,0.1,0.12427007779261312,False
final_input_token_layerwise,disclosed,k9,target_observation_mean,22,0.1,0.14271655624331636,False
final_input_token_layerwise,disclosed,k9,target_observation_mean,23,0.1,0.11362453707854583,False
final_input_token_layerwise,disclosed,k9,target_observation_mean,24,3.0,0.06494134133893792,False
final_input_token_layerwise,disclosed,k9,target_observation_mean,25,0.1,0.14920055054847967,False
final_input_token_layerwise,disclosed,k9,target_observation_mean,26,0.1,0.09728970334434395,False
final_input_token_layerwise,disclosed,k9,target_observation_mean,27,0.1,0.15158532700833155,False
final_input_token_layerwise,disclosed,k9,target_observation_mean,28,0.1,0.18796852999946276,True
final_input_token_layerwise,disclosed,k9,target_observation_mean,29,0.1,0.1275451104460931,False
final_input_token_layerwise,disclosed,k9,target_observation_mean,30,0.1,0.09107093461106364,False
final_input_token_layerwise,disclosed,k9,target_observation_mean,31,3.0,0.06903302044031176,False
final_input_token_layerwise,disclosed,k9,target_observation_mean,32,3.0,0.06475686420328516,False
final_input_token_layerwise,disclosed,k9,target_observation_mean,33,3.0,0.054862602884339445,False
final_input_token_layerwise,disclosed,k9,target_observation_mean,34,3.0,0.06197329638438845,False
final_input_token_layerwise,disclosed,k9,target_observation_mean,35,3.0,0.09131892600182168,False
final_input_token_layerwise,disclosed,k9,target_observation_mean,36,3.0,0.10003147430606271,False
final_input_token_layerwise,disclosed,k9,target_time_slope,0,0.0001,0.0,False
final_input_token_layerwise,disclosed,k9,target_time_slope,1,3.0,0.012472802013685419,False
final_input_token_layerwise,disclosed,k9,target_time_slope,2,0.1,0.03824875937399566,False
final_input_token_layerwise,disclosed,k9,target_time_slope,3,100.0,-0.0011431263144905668,False
final_input_token_layerwise,disclosed,k9,target_time_slope,4,100.0,-0.0003041095411636663,False
final_input_token_layerwise,disclosed,k9,target_time_slope,5,3.0,0.007423988445951324,False
final_input_token_layerwise,disclosed,k9,target_time_slope,6,100.0,-0.0003175742418624061,False
final_input_token_layerwise,disclosed,k9,target_time_slope,7,100.0,-0.0005763489797719346,False
final_input_token_layerwise,disclosed,k9,target_time_slope,8,3.0,0.0050286604015298275,False
final_input_token_layerwise,disclosed,k9,target_time_slope,9,100.0,-0.0002833335562903716,False
final_input_token_layerwise,disclosed,k9,target_time_slope,10,100.0,-0.0014184863078964827,False
final_input_token_layerwise,disclosed,k9,target_time_slope,11,100.0,-0.0021276936853991124,False
final_input_token_layerwise,disclosed,k9,target_time_slope,12,100.0,-0.0022272687331034158,False
final_input_token_layerwise,disclosed,k9,target_time_slope,13,100.0,-0.0014001484582299162,False
final_input_token_layerwise,disclosed,k9,target_time_slope,14,100.0,-0.0035293266296145265,False
final_input_token_layerwise,disclosed,k9,target_time_slope,15,100.0,-0.001908726899729818,False
final_input_token_layerwise,disclosed,k9,target_time_slope,16,100.0,-0.0013523786097987822,False
final_input_token_layerwise,disclosed,k9,target_time_slope,17,100.0,-0.0004768638114300283,False
final_input_token_layerwise,disclosed,k9,target_time_slope,18,3.0,0.018448724346404294,False
final_input_token_layerwise,disclosed,k9,target_time_slope,19,3.0,0.0695531817132162,False
final_input_token_layerwise,disclosed,k9,target_time_slope,20,3.0,0.11699341104626526,False
final_input_token_layerwise,disclosed,k9,target_time_slope,21,3.0,0.10341772359651857,False
final_input_token_layerwise,disclosed,k9,target_time_slope,22,3.0,0.12409102488355717,True
final_input_token_layerwise,disclosed,k9,target_time_slope,23,3.0,0.08287653635489492,False
final_input_token_layerwise,disclosed,k9,target_time_slope,24,3.0,0.07358607963392871,False
final_input_token_layerwise,disclosed,k9,target_time_slope,25,3.0,0.06841580030119776,False
final_input_token_layerwise,disclosed,k9,target_time_slope,26,3.0,0.05343560501891431,False
final_input_token_layerwise,disclosed,k9,target_time_slope,27,3.0,0.06643118404903661,False
final_input_token_layerwise,disclosed,k9,target_time_slope,28,3.0,0.06538840113854655,False
final_input_token_layerwise,disclosed,k9,target_time_slope,29,3.0,0.05466797336479243,False
final_input_token_layerwise,disclosed,k9,target_time_slope,30,3.0,0.0507844679587135,False
final_input_token_layerwise,disclosed,k9,target_time_slope,31,3.0,0.0615610283978445,False
final_input_token_layerwise,disclosed,k9,target_time_slope,32,3.0,0.06434207349976731,False
final_input_token_layerwise,disclosed,k9,target_time_slope,33,3.0,0.0681077805680872,False
final_input_token_layerwise,disclosed,k9,target_time_slope,34,3.0,0.07158301773872253,False
final_input_token_layerwise,disclosed,k9,target_time_slope,35,3.0,0.06777630821457667,False
final_input_token_layerwise,disclosed,k9,target_time_slope,36,3.0,0.0734227772292177,False
final_input_token_layerwise,disclosed,k9,displayed_driver_outcome_slope,0,0.0001,-1.1102230246251565e-16,False
final_input_token_layerwise,disclosed,k9,displayed_driver_outcome_slope,1,100.0,0.00993970666355723,False
final_input_token_layerwise,disclosed,k9,displayed_driver_outcome_slope,2,3.0,0.014668314804639704,False
final_input_token_layerwise,disclosed,k9,displayed_driver_outcome_slope,3,3.0,0.02988437212618064,False
final_input_token_layerwise,disclosed,k9,displayed_driver_outcome_slope,4,3.0,0.026580235538776642,False
final_input_token_layerwise,disclosed,k9,displayed_driver_outcome_slope,5,3.0,0.01648723374330513,False
final_input_token_layerwise,disclosed,k9,displayed_driver_outcome_slope,6,3.0,0.018105636238333694,False
final_input_token_layerwise,disclosed,k9,displayed_driver_outcome_slope,7,3.0,0.008707684455447728,False
final_input_token_layerwise,disclosed,k9,displayed_driver_outcome_slope,8,100.0,0.0005081763819217155,False
final_input_token_layerwise,disclosed,k9,displayed_driver_outcome_slope,9,100.0,0.00027794690556887103,False
final_input_token_layerwise,disclosed,k9,displayed_driver_outcome_slope,10,3.0,0.013944575473029824,False
final_input_token_layerwise,disclosed,k9,displayed_driver_outcome_slope,11,3.0,0.0032147684142359856,False
final_input_token_layerwise,disclosed,k9,displayed_driver_outcome_slope,12,100.0,-0.0003402306293604218,False
final_input_token_layerwise,disclosed,k9,displayed_driver_outcome_slope,13,100.0,0.0003888787081627598,False
final_input_token_layerwise,disclosed,k9,displayed_driver_outcome_slope,14,3.0,0.007585573216425334,False
final_input_token_layerwise,disclosed,k9,displayed_driver_outcome_slope,15,100.0,0.0006812272277166853,False
final_input_token_layerwise,disclosed,k9,displayed_driver_outcome_slope,16,100.0,9.22819470739189e-05,False
final_input_token_layerwise,disclosed,k9,displayed_driver_outcome_slope,17,100.0,9.475243385498322e-05,False
final_input_token_layerwise,disclosed,k9,displayed_driver_outcome_slope,18,100.0,5.6687206563432735e-05,False
final_input_token_layerwise,disclosed,k9,displayed_driver_outcome_slope,19,3.0,0.019426791149795397,False
final_input_token_layerwise,disclosed,k9,displayed_driver_outcome_slope,20,3.0,0.04411074429957887,False
final_input_token_layerwise,disclosed,k9,displayed_driver_outcome_slope,21,3.0,0.08254583133756019,False
final_input_token_layerwise,disclosed,k9,displayed_driver_outcome_slope,22,3.0,0.06860321988170406,False
final_input_token_layerwise,disclosed,k9,displayed_driver_outcome_slope,23,3.0,0.09496399169508674,True
final_input_token_layerwise,disclosed,k9,displayed_driver_outcome_slope,24,3.0,0.09146646996382618,False
final_input_token_layerwise,disclosed,k9,displayed_driver_outcome_slope,25,3.0,0.07230392368008073,False
final_input_token_layerwise,disclosed,k9,displayed_driver_outcome_slope,26,3.0,0.059089822833649996,False
final_input_token_layerwise,disclosed,k9,displayed_driver_outcome_slope,27,3.0,0.05036720083167445,False
final_input_token_layerwise,disclosed,k9,displayed_driver_outcome_slope,28,3.0,0.05749715676135295,False
final_input_token_layerwise,disclosed,k9,displayed_driver_outcome_slope,29,3.0,0.05803146598616821,False
final_input_token_layerwise,disclosed,k9,displayed_driver_outcome_slope,30,3.0,0.05698910713890634,False
final_input_token_layerwise,disclosed,k9,displayed_driver_outcome_slope,31,3.0,0.06580864358909069,False
final_input_token_layerwise,disclosed,k9,displayed_driver_outcome_slope,32,0.1,0.059813818443746475,False
final_input_token_layerwise,disclosed,k9,displayed_driver_outcome_slope,33,3.0,0.0413661831878788,False
final_input_token_layerwise,disclosed,k9,displayed_driver_outcome_slope,34,3.0,0.03132088646614237,False
final_input_token_layerwise,disclosed,k9,displayed_driver_outcome_slope,35,3.0,0.04306188946230516,False
final_input_token_layerwise,disclosed,k9,displayed_driver_outcome_slope,36,3.0,0.04396757926608544,False
final_input_token_layerwise,disclosed,k9,oracle_posterior_gain,0,0.0001,0.0,False
final_input_token_layerwise,disclosed,k9,oracle_posterior_gain,1,100.0,-0.0013466371842441038,False
final_input_token_layerwise,disclosed,k9,oracle_posterior_gain,2,100.0,-0.0014970316792708993,False
final_input_token_layerwise,disclosed,k9,oracle_posterior_gain,3,100.0,-0.001059926204948991,False
final_input_token_layerwise,disclosed,k9,oracle_posterior_gain,4,100.0,-0.0009111074489023818,False
final_input_token_layerwise,disclosed,k9,oracle_posterior_gain,5,100.0,-0.0006695616509893032,False
final_input_token_layerwise,disclosed,k9,oracle_posterior_gain,6,100.0,-9.691741916315055e-05,False
final_input_token_layerwise,disclosed,k9,oracle_posterior_gain,7,3.0,0.0002752232366652063,False
final_input_token_layerwise,disclosed,k9,oracle_posterior_gain,8,100.0,7.337281690619757e-05,False
final_input_token_layerwise,disclosed,k9,oracle_posterior_gain,9,100.0,-0.0005998956587474069,False
final_input_token_layerwise,disclosed,k9,oracle_posterior_gain,10,100.0,-0.00022998883554445348,False
final_input_token_layerwise,disclosed,k9,oracle_posterior_gain,11,100.0,-0.0001478578290507182,False
final_input_token_layerwise,disclosed,k9,oracle_posterior_gain,12,100.0,-0.0001257117343768377,False
final_input_token_layerwise,disclosed,k9,oracle_posterior_gain,13,3.0,0.009185107617406124,False
final_input_token_layerwise,disclosed,k9,oracle_posterior_gain,14,100.0,0.0002478506459272223,False
final_input_token_layerwise,disclosed,k9,oracle_posterior_gain,15,100.0,0.00018998789671753613,False
final_input_token_layerwise,disclosed,k9,oracle_posterior_gain,16,100.0,-0.00021830973418782151,False
final_input_token_layerwise,disclosed,k9,oracle_posterior_gain,17,100.0,-0.0005153403054512506,False
final_input_token_layerwise,disclosed,k9,oracle_posterior_gain,18,100.0,-0.0011786181469713441,False
final_input_token_layerwise,disclosed,k9,oracle_posterior_gain,19,3.0,0.012368319856106924,False
final_input_token_layerwise,disclosed,k9,oracle_posterior_gain,20,3.0,0.05572343149258782,False
final_input_token_layerwise,disclosed,k9,oracle_posterior_gain,21,3.0,0.07607040065995263,False
final_input_token_layerwise,disclosed,k9,oracle_posterior_gain,22,3.0,0.0937399533886197,False
final_input_token_layerwise,disclosed,k9,oracle_posterior_gain,23,3.0,0.09340575225434239,False
final_input_token_layerwise,disclosed,k9,oracle_posterior_gain,24,3.0,0.0848244478704786,False
final_input_token_layerwise,disclosed,k9,oracle_posterior_gain,25,3.0,0.0728732956089862,False
final_input_token_layerwise,disclosed,k9,oracle_posterior_gain,26,3.0,0.08516713779222645,False
final_input_token_layerwise,disclosed,k9,oracle_posterior_gain,27,0.1,0.18222916998226063,False
final_input_token_layerwise,disclosed,k9,oracle_posterior_gain,28,0.1,0.18384464737955783,False
final_input_token_layerwise,disclosed,k9,oracle_posterior_gain,29,0.1,0.17906427043161705,False
final_input_token_layerwise,disclosed,k9,oracle_posterior_gain,30,0.1,0.190571733715312,False
final_input_token_layerwise,disclosed,k9,oracle_posterior_gain,31,0.1,0.10603319864342,False
final_input_token_layerwise,disclosed,k9,oracle_posterior_gain,32,0.1,0.1088498151725758,False
final_input_token_layerwise,disclosed,k9,oracle_posterior_gain,33,3.0,0.08027306085256541,False
final_input_token_layerwise,disclosed,k9,oracle_posterior_gain,34,0.1,0.13636004893654077,False
final_input_token_layerwise,disclosed,k9,oracle_posterior_gain,35,0.1,0.20802304941185748,False
final_input_token_layerwise,disclosed,k9,oracle_posterior_gain,36,0.1,0.210644509664353,True
final_input_token_layerwise,disclosed,pooled,gain,0,0.0001,0.0,False
final_input_token_layerwise,disclosed,pooled,gain,1,100.0,0.0014892105014096546,False
final_input_token_layerwise,disclosed,pooled,gain,2,100.0,0.002160694433000626,False
final_input_token_layerwise,disclosed,pooled,gain,3,100.0,0.001910137423350879,False
final_input_token_layerwise,disclosed,pooled,gain,4,100.0,7.671721533393978e-05,False
final_input_token_layerwise,disclosed,pooled,gain,5,100.0,-0.0017283817519875844,False
final_input_token_layerwise,disclosed,pooled,gain,6,100.0,-0.0026163728312457355,False
final_input_token_layerwise,disclosed,pooled,gain,7,100.0,-0.0042806747377201375,False
final_input_token_layerwise,disclosed,pooled,gain,8,100.0,-0.006473072632031451,False
final_input_token_layerwise,disclosed,pooled,gain,9,100.0,-0.004955493495279388,False
final_input_token_layerwise,disclosed,pooled,gain,10,100.0,-0.004497077337034805,False
final_input_token_layerwise,disclosed,pooled,gain,11,100.0,-0.0028033736578500688,False
final_input_token_layerwise,disclosed,pooled,gain,12,100.0,-0.000981993481510901,False
final_input_token_layerwise,disclosed,pooled,gain,13,100.0,-0.0014967434538546616,False
final_input_token_layerwise,disclosed,pooled,gain,14,100.0,-0.009951348741474658,False
final_input_token_layerwise,disclosed,pooled,gain,15,100.0,-0.007732366200698976,False
final_input_token_layerwise,disclosed,pooled,gain,16,100.0,-0.00754334763800756,False
final_input_token_layerwise,disclosed,pooled,gain,17,100.0,-0.0059413590107529335,False
final_input_token_layerwise,disclosed,pooled,gain,18,100.0,-0.008265490280853419,False
final_input_token_layerwise,disclosed,pooled,gain,19,100.0,-0.003621503098749331,False
final_input_token_layerwise,disclosed,pooled,gain,20,100.0,0.001420773390966264,False
final_input_token_layerwise,disclosed,pooled,gain,21,100.0,0.012758723807516211,False
final_input_token_layerwise,disclosed,pooled,gain,22,3.0,0.06093514122564639,False
final_input_token_layerwise,disclosed,pooled,gain,23,3.0,0.05958331939895393,False
final_input_token_layerwise,disclosed,pooled,gain,24,3.0,0.07356434561752087,False
final_input_token_layerwise,disclosed,pooled,gain,25,3.0,0.07455459797548747,False
final_input_token_layerwise,disclosed,pooled,gain,26,3.0,0.07020119321540154,False
final_input_token_layerwise,disclosed,pooled,gain,27,3.0,0.08614339122697506,False
final_input_token_layerwise,disclosed,pooled,gain,28,3.0,0.09507289246698591,False
final_input_token_layerwise,disclosed,pooled,gain,29,3.0,0.0941933388248501,False
final_input_token_layerwise,disclosed,pooled,gain,30,3.0,0.07595231615854774,False
final_input_token_layerwise,disclosed,pooled,gain,31,3.0,0.0626154668389936,False
final_input_token_layerwise,disclosed,pooled,gain,32,3.0,0.05124515412230588,False
final_input_token_layerwise,disclosed,pooled,gain,33,3.0,0.036371677164806805,False
final_input_token_layerwise,disclosed,pooled,gain,34,3.0,0.07386848669272142,False
final_input_token_layerwise,disclosed,pooled,gain,35,3.0,0.09905086147857589,True
final_input_token_layerwise,disclosed,pooled,gain,36,3.0,0.09757319260115167,False
final_input_token_layerwise,disclosed,pooled,response_residual,0,0.0001,-2.7755575615628914e-17,False
final_input_token_layerwise,disclosed,pooled,response_residual,1,100.0,-0.0010494550357717607,False
final_input_token_layerwise,disclosed,pooled,response_residual,2,100.0,0.00022118491481754968,False
final_input_token_layerwise,disclosed,pooled,response_residual,3,100.0,6.978656576203668e-05,False
final_input_token_layerwise,disclosed,pooled,response_residual,4,100.0,1.8868843832092752e-05,False
final_input_token_layerwise,disclosed,pooled,response_residual,5,100.0,-0.0018321938710409713,False
final_input_token_layerwise,disclosed,pooled,response_residual,6,100.0,-0.0025551327252073632,False
final_input_token_layerwise,disclosed,pooled,response_residual,7,100.0,-0.004080243068598601,False
final_input_token_layerwise,disclosed,pooled,response_residual,8,100.0,-0.005623456401285466,False
final_input_token_layerwise,disclosed,pooled,response_residual,9,100.0,-0.00482250538516855,False
final_input_token_layerwise,disclosed,pooled,response_residual,10,100.0,-0.004940389465947205,False
final_input_token_layerwise,disclosed,pooled,response_residual,11,100.0,-0.003287417187437395,False
final_input_token_layerwise,disclosed,pooled,response_residual,12,100.0,-0.0022173742800657334,False
final_input_token_layerwise,disclosed,pooled,response_residual,13,100.0,-0.0032399246382841065,False
final_input_token_layerwise,disclosed,pooled,response_residual,14,100.0,-0.01083105778657036,False
final_input_token_layerwise,disclosed,pooled,response_residual,15,100.0,-0.007432867817844256,False
final_input_token_layerwise,disclosed,pooled,response_residual,16,100.0,-0.0071331261760610625,False
final_input_token_layerwise,disclosed,pooled,response_residual,17,100.0,-0.006350683752862314,False
final_input_token_layerwise,disclosed,pooled,response_residual,18,100.0,-0.007723668330486044,False
final_input_token_layerwise,disclosed,pooled,response_residual,19,100.0,-0.006040506387170834,False
final_input_token_layerwise,disclosed,pooled,response_residual,20,100.0,-0.001677425573520445,False
final_input_token_layerwise,disclosed,pooled,response_residual,21,100.0,0.006799658111262634,False
final_input_token_layerwise,disclosed,pooled,response_residual,22,100.0,0.010816931237294289,False
final_input_token_layerwise,disclosed,pooled,response_residual,23,100.0,0.014520645713847,False
final_input_token_layerwise,disclosed,pooled,response_residual,24,100.0,0.011247298153028079,False
final_input_token_layerwise,disclosed,pooled,response_residual,25,100.0,0.012916400471252846,False
final_input_token_layerwise,disclosed,pooled,response_residual,26,100.0,0.01260421528467264,False
final_input_token_layerwise,disclosed,pooled,response_residual,27,100.0,0.013871646574845825,False
final_input_token_layerwise,disclosed,pooled,response_residual,28,100.0,0.014194302995937685,False
final_input_token_layerwise,disclosed,pooled,response_residual,29,100.0,0.012605914469531854,False
final_input_token_layerwise,disclosed,pooled,response_residual,30,100.0,0.011586154011933136,False
final_input_token_layerwise,disclosed,pooled,response_residual,31,100.0,0.010433507730798172,False
final_input_token_layerwise,disclosed,pooled,response_residual,32,100.0,0.007953134697768538,False
final_input_token_layerwise,disclosed,pooled,response_residual,33,100.0,0.007637905238247154,False
final_input_token_layerwise,disclosed,pooled,response_residual,34,100.0,0.012343054188058653,False
final_input_token_layerwise,disclosed,pooled,response_residual,35,100.0,0.017603224144531592,False
final_input_token_layerwise,disclosed,pooled,response_residual,36,100.0,0.017685044100735514,True
final_input_token_layerwise,undisclosed,k3,gain,0,0.0001,0.0,False
final_input_token_layerwise,undisclosed,k3,gain,1,100.0,-0.0009168145600429445,False
final_input_token_layerwise,undisclosed,k3,gain,2,100.0,-2.1153153436148653e-05,False
final_input_token_layerwise,undisclosed,k3,gain,3,100.0,0.00016479895089591134,False
final_input_token_layerwise,undisclosed,k3,gain,4,100.0,0.0005756672981500344,False
final_input_token_layerwise,undisclosed,k3,gain,5,100.0,0.0006086833616068543,False
final_input_token_layerwise,undisclosed,k3,gain,6,100.0,0.00012304515122815718,False
final_input_token_layerwise,undisclosed,k3,gain,7,100.0,-6.501942493808421e-05,False
final_input_token_layerwise,undisclosed,k3,gain,8,100.0,0.0010729815056867986,False
final_input_token_layerwise,undisclosed,k3,gain,9,100.0,0.0005842255581159084,False
final_input_token_layerwise,undisclosed,k3,gain,10,100.0,5.477365239964227e-05,False
final_input_token_layerwise,undisclosed,k3,gain,11,100.0,-0.0012911598404132807,False
final_input_token_layerwise,undisclosed,k3,gain,12,100.0,-0.0009261669107298309,False
final_input_token_layerwise,undisclosed,k3,gain,13,100.0,-0.0010054082308151024,False
final_input_token_layerwise,undisclosed,k3,gain,14,100.0,-0.0009793240473542075,False
final_input_token_layerwise,undisclosed,k3,gain,15,100.0,-0.0006971017640106936,False
final_input_token_layerwise,undisclosed,k3,gain,16,100.0,0.0003100882273947281,False
final_input_token_layerwise,undisclosed,k3,gain,17,100.0,0.0002742663223173347,False
final_input_token_layerwise,undisclosed,k3,gain,18,100.0,7.366054716967385e-05,False
final_input_token_layerwise,undisclosed,k3,gain,19,100.0,-0.00022689585194657358,False
final_input_token_layerwise,undisclosed,k3,gain,20,100.0,-0.00045210804908396574,False
final_input_token_layerwise,undisclosed,k3,gain,21,100.0,-0.0013918811590417635,False
final_input_token_layerwise,undisclosed,k3,gain,22,100.0,-0.0020182474485229696,False
final_input_token_layerwise,undisclosed,k3,gain,23,100.0,-0.0006084370217209201,False
final_input_token_layerwise,undisclosed,k3,gain,24,100.0,0.00045045298320903204,False
final_input_token_layerwise,undisclosed,k3,gain,25,100.0,0.0009448241796618795,False
final_input_token_layerwise,undisclosed,k3,gain,26,100.0,0.0015219128551168803,False
final_input_token_layerwise,undisclosed,k3,gain,27,100.0,0.002187357043372584,False
final_input_token_layerwise,undisclosed,k3,gain,28,100.0,0.002489721369149961,False
final_input_token_layerwise,undisclosed,k3,gain,29,3.0,0.0052581361246618885,False
final_input_token_layerwise,undisclosed,k3,gain,30,100.0,0.002319113657505034,False
final_input_token_layerwise,undisclosed,k3,gain,31,100.0,0.002351161265657792,False
final_input_token_layerwise,undisclosed,k3,gain,32,3.0,0.0027574973103441924,False
final_input_token_layerwise,undisclosed,k3,gain,33,100.0,0.002349045187736154,False
final_input_token_layerwise,undisclosed,k3,gain,34,3.0,0.002997609844696547,False
final_input_token_layerwise,undisclosed,k3,gain,35,3.0,0.011568459168648265,True
final_input_token_layerwise,undisclosed,k3,gain,36,3.0,0.0036643299904349225,False
final_input_token_layerwise,undisclosed,k3,response_residual,0,0.0001,-2.7755575615628914e-17,False
final_input_token_layerwise,undisclosed,k3,response_residual,1,100.0,-0.0009406145145716971,False
final_input_token_layerwise,undisclosed,k3,response_residual,2,100.0,-0.000504000286677464,False
final_input_token_layerwise,undisclosed,k3,response_residual,3,100.0,0.00012505813974780788,False
final_input_token_layerwise,undisclosed,k3,response_residual,4,100.0,0.0008686426412146675,False
final_input_token_layerwise,undisclosed,k3,response_residual,5,100.0,0.0007312685769078342,False
final_input_token_layerwise,undisclosed,k3,response_residual,6,100.0,0.0003403542869219178,False
final_input_token_layerwise,undisclosed,k3,response_residual,7,100.0,0.0002650048636704261,False
final_input_token_layerwise,undisclosed,k3,response_residual,8,100.0,0.0017116294427598766,True
final_input_token_layerwise,undisclosed,k3,response_residual,9,100.0,0.0012935290030487434,False
final_input_token_layerwise,undisclosed,k3,response_residual,10,100.0,0.0008092871423544257,False
final_input_token_layerwise,undisclosed,k3,response_residual,11,100.0,-5.8048083901196534e-05,False
final_input_token_layerwise,undisclosed,k3,response_residual,12,100.0,-0.00013338127089648766,False
final_input_token_layerwise,undisclosed,k3,response_residual,13,100.0,-0.0006273420459229073,False
final_input_token_layerwise,undisclosed,k3,response_residual,14,100.0,-0.0008478771000231811,False
final_input_token_layerwise,undisclosed,k3,response_residual,15,100.0,-0.0006975426255722561,False
final_input_token_layerwise,undisclosed,k3,response_residual,16,100.0,0.00030603963725903127,False
final_input_token_layerwise,undisclosed,k3,response_residual,17,100.0,0.00026989384626252555,False
final_input_token_layerwise,undisclosed,k3,response_residual,18,100.0,6.290105539957791e-06,False
final_input_token_layerwise,undisclosed,k3,response_residual,19,100.0,-0.0006595487322871851,False
final_input_token_layerwise,undisclosed,k3,response_residual,20,100.0,-0.0006648093057320392,False
final_input_token_layerwise,undisclosed,k3,response_residual,21,100.0,-0.0013618551235251852,False
final_input_token_layerwise,undisclosed,k3,response_residual,22,100.0,-0.0019477984512619173,False
final_input_token_layerwise,undisclosed,k3,response_residual,23,100.0,-0.001098049159698633,False
final_input_token_layerwise,undisclosed,k3,response_residual,24,100.0,-0.000658543329240896,False
final_input_token_layerwise,undisclosed,k3,response_residual,25,100.0,-7.262547557562726e-05,False
final_input_token_layerwise,undisclosed,k3,response_residual,26,100.0,0.00028745379729394616,False
final_input_token_layerwise,undisclosed,k3,response_residual,27,100.0,0.0008416529573038178,False
final_input_token_layerwise,undisclosed,k3,response_residual,28,100.0,0.0012205978290020514,False
final_input_token_layerwise,undisclosed,k3,response_residual,29,100.0,0.001416252869696405,False
final_input_token_layerwise,undisclosed,k3,response_residual,30,100.0,0.0008736672378513721,False
final_input_token_layerwise,undisclosed,k3,response_residual,31,100.0,0.0008607664996810593,False
final_input_token_layerwise,undisclosed,k3,response_residual,32,100.0,0.0010234066457055213,False
final_input_token_layerwise,undisclosed,k3,response_residual,33,100.0,0.0005298295748179249,False
final_input_token_layerwise,undisclosed,k3,response_residual,34,100.0,0.0009635164322694401,False
final_input_token_layerwise,undisclosed,k3,response_residual,35,100.0,0.0013262145183077223,False
final_input_token_layerwise,undisclosed,k3,response_residual,36,100.0,0.0014288110096758178,False
final_input_token_layerwise,undisclosed,k3,last_target_observation,0,0.0001,-8.326672684688674e-17,False
final_input_token_layerwise,undisclosed,k3,last_target_observation,1,0.1,0.13357035964024494,True
final_input_token_layerwise,undisclosed,k3,last_target_observation,2,100.0,-0.0020409744187697143,False
final_input_token_layerwise,undisclosed,k3,last_target_observation,3,100.0,-0.0016131450155073557,False
final_input_token_layerwise,undisclosed,k3,last_target_observation,4,100.0,-0.0007669345622582646,False
final_input_token_layerwise,undisclosed,k3,last_target_observation,5,100.0,-0.0004133789010891953,False
final_input_token_layerwise,undisclosed,k3,last_target_observation,6,100.0,-0.00014925063760173884,False
final_input_token_layerwise,undisclosed,k3,last_target_observation,7,0.1,0.002751907380325186,False
final_input_token_layerwise,undisclosed,k3,last_target_observation,8,100.0,0.001478339794225625,False
final_input_token_layerwise,undisclosed,k3,last_target_observation,9,100.0,0.0017635234949114065,False
final_input_token_layerwise,undisclosed,k3,last_target_observation,10,100.0,0.0008283931620444995,False
final_input_token_layerwise,undisclosed,k3,last_target_observation,11,100.0,0.000433311547856835,False
final_input_token_layerwise,undisclosed,k3,last_target_observation,12,100.0,-0.00011529381129846139,False
final_input_token_layerwise,undisclosed,k3,last_target_observation,13,100.0,0.0005327457293349824,False
final_input_token_layerwise,undisclosed,k3,last_target_observation,14,3.0,0.00939924283249971,False
final_input_token_layerwise,undisclosed,k3,last_target_observation,15,3.0,0.01798942599615,False
final_input_token_layerwise,undisclosed,k3,last_target_observation,16,3.0,0.004207115365159136,False
final_input_token_layerwise,undisclosed,k3,last_target_observation,17,3.0,0.0077384968051435465,False
final_input_token_layerwise,undisclosed,k3,last_target_observation,18,3.0,0.02894209630063066,False
final_input_token_layerwise,undisclosed,k3,last_target_observation,19,3.0,0.03187970024206957,False
final_input_token_layerwise,undisclosed,k3,last_target_observation,20,3.0,0.07112055887232285,False
final_input_token_layerwise,undisclosed,k3,last_target_observation,21,3.0,0.05546137301939555,False
final_input_token_layerwise,undisclosed,k3,last_target_observation,22,3.0,0.0736160470901675,False
final_input_token_layerwise,undisclosed,k3,last_target_observation,23,3.0,0.08568199344837657,False
final_input_token_layerwise,undisclosed,k3,last_target_observation,24,3.0,0.07865151765875447,False
final_input_token_layerwise,undisclosed,k3,last_target_observation,25,3.0,0.020723640132186416,False
final_input_token_layerwise,undisclosed,k3,last_target_observation,26,3.0,0.03930285288439048,False
final_input_token_layerwise,undisclosed,k3,last_target_observation,27,3.0,0.0666554973777134,False
final_input_token_layerwise,undisclosed,k3,last_target_observation,28,3.0,0.0752588319849222,False
final_input_token_layerwise,undisclosed,k3,last_target_observation,29,3.0,0.07466745061307795,False
final_input_token_layerwise,undisclosed,k3,last_target_observation,30,3.0,0.06605571851878095,False
final_input_token_layerwise,undisclosed,k3,last_target_observation,31,3.0,0.06501346102397171,False
final_input_token_layerwise,undisclosed,k3,last_target_observation,32,3.0,0.07222998701963368,False
final_input_token_layerwise,undisclosed,k3,last_target_observation,33,3.0,0.07711967665552502,False
final_input_token_layerwise,undisclosed,k3,last_target_observation,34,3.0,0.07216186206780972,False
final_input_token_layerwise,undisclosed,k3,last_target_observation,35,3.0,0.08539805904961481,False
final_input_token_layerwise,undisclosed,k3,last_target_observation,36,3.0,0.09450263597660988,False
final_input_token_layerwise,undisclosed,k3,target_observation_mean,0,0.0001,5.551115123125783e-17,False
final_input_token_layerwise,undisclosed,k3,target_observation_mean,1,3.0,0.018920364734873657,False
final_input_token_layerwise,undisclosed,k3,target_observation_mean,2,3.0,0.002590916086251449,False
final_input_token_layerwise,undisclosed,k3,target_observation_mean,3,100.0,-0.000661434672918626,False
final_input_token_layerwise,undisclosed,k3,target_observation_mean,4,100.0,0.00037467309261529635,False
final_input_token_layerwise,undisclosed,k3,target_observation_mean,5,3.0,0.006705023780631508,False
final_input_token_layerwise,undisclosed,k3,target_observation_mean,6,3.0,0.003291679279685683,False
final_input_token_layerwise,undisclosed,k3,target_observation_mean,7,100.0,0.00021877824980581773,False
final_input_token_layerwise,undisclosed,k3,target_observation_mean,8,100.0,6.81283820526124e-05,False
final_input_token_layerwise,undisclosed,k3,target_observation_mean,9,100.0,-0.0005580080566822132,False
final_input_token_layerwise,undisclosed,k3,target_observation_mean,10,100.0,-0.00029037712473165,False
final_input_token_layerwise,undisclosed,k3,target_observation_mean,11,100.0,-0.0012884247786267844,False
final_input_token_layerwise,undisclosed,k3,target_observation_mean,12,100.0,-0.0009672660757749363,False
final_input_token_layerwise,undisclosed,k3,target_observation_mean,13,100.0,-5.4523078330037666e-05,False
final_input_token_layerwise,undisclosed,k3,target_observation_mean,14,100.0,0.00021488529798313616,False
final_input_token_layerwise,undisclosed,k3,target_observation_mean,15,3.0,0.04679232712100154,False
final_input_token_layerwise,undisclosed,k3,target_observation_mean,16,3.0,0.05892901064043893,False
final_input_token_layerwise,undisclosed,k3,target_observation_mean,17,3.0,0.05689268885384732,False
final_input_token_layerwise,undisclosed,k3,target_observation_mean,18,3.0,0.10945534848296784,False
final_input_token_layerwise,undisclosed,k3,target_observation_mean,19,3.0,0.115418402855379,False
final_input_token_layerwise,undisclosed,k3,target_observation_mean,20,3.0,0.19227578024070632,False
final_input_token_layerwise,undisclosed,k3,target_observation_mean,21,3.0,0.18227431165027985,False
final_input_token_layerwise,undisclosed,k3,target_observation_mean,22,3.0,0.2087716998882564,True
final_input_token_layerwise,undisclosed,k3,target_observation_mean,23,3.0,0.1963537077049278,False
final_input_token_layerwise,undisclosed,k3,target_observation_mean,24,3.0,0.17028584687940038,False
final_input_token_layerwise,undisclosed,k3,target_observation_mean,25,3.0,0.138217234907648,False
final_input_token_layerwise,undisclosed,k3,target_observation_mean,26,3.0,0.12507731936584604,False
final_input_token_layerwise,undisclosed,k3,target_observation_mean,27,3.0,0.18437755071304954,False
final_input_token_layerwise,undisclosed,k3,target_observation_mean,28,3.0,0.20390593874473004,False
final_input_token_layerwise,undisclosed,k3,target_observation_mean,29,3.0,0.18099076529213584,False
final_input_token_layerwise,undisclosed,k3,target_observation_mean,30,3.0,0.16204451540926418,False
final_input_token_layerwise,undisclosed,k3,target_observation_mean,31,3.0,0.14328510276506093,False
final_input_token_layerwise,undisclosed,k3,target_observation_mean,32,3.0,0.15919195572746123,False
final_input_token_layerwise,undisclosed,k3,target_observation_mean,33,3.0,0.16954085714249686,False
final_input_token_layerwise,undisclosed,k3,target_observation_mean,34,3.0,0.16630736528536336,False
final_input_token_layerwise,undisclosed,k3,target_observation_mean,35,3.0,0.15725078747719506,False
final_input_token_layerwise,undisclosed,k3,target_observation_mean,36,3.0,0.16926031314248446,False
final_input_token_layerwise,undisclosed,k3,target_time_slope,0,0.0001,0.0,False
final_input_token_layerwise,undisclosed,k3,target_time_slope,1,0.1,0.012063622217302172,False
final_input_token_layerwise,undisclosed,k3,target_time_slope,2,100.0,-0.002225545060324241,False
final_input_token_layerwise,undisclosed,k3,target_time_slope,3,100.0,-0.0009134430984253372,False
final_input_token_layerwise,undisclosed,k3,target_time_slope,4,100.0,-0.0005170518028825566,False
final_input_token_layerwise,undisclosed,k3,target_time_slope,5,100.0,-0.0006941323475558037,False
final_input_token_layerwise,undisclosed,k3,target_time_slope,6,100.0,-0.00047869137996486844,False
final_input_token_layerwise,undisclosed,k3,target_time_slope,7,100.0,-0.00045102667713939337,False
final_input_token_layerwise,undisclosed,k3,target_time_slope,8,100.0,-0.0006176027022007924,False
final_input_token_layerwise,undisclosed,k3,target_time_slope,9,100.0,0.000337711827801207,False
final_input_token_layerwise,undisclosed,k3,target_time_slope,10,100.0,-0.0005387794681853686,False
final_input_token_layerwise,undisclosed,k3,target_time_slope,11,100.0,-0.0005225504088357258,False
final_input_token_layerwise,undisclosed,k3,target_time_slope,12,100.0,-0.000923726396524549,False
final_input_token_layerwise,undisclosed,k3,target_time_slope,13,100.0,-0.0002617442094912936,False
final_input_token_layerwise,undisclosed,k3,target_time_slope,14,100.0,-0.00011319256216416052,False
final_input_token_layerwise,undisclosed,k3,target_time_slope,15,100.0,-0.0005455335804196437,False
final_input_token_layerwise,undisclosed,k3,target_time_slope,16,100.0,-0.0006797676369353078,False
final_input_token_layerwise,undisclosed,k3,target_time_slope,17,100.0,-0.00014799949260785317,False
final_input_token_layerwise,undisclosed,k3,target_time_slope,18,3.0,0.010414718308769,False
final_input_token_layerwise,undisclosed,k3,target_time_slope,19,3.0,0.020810821437127536,False
final_input_token_layerwise,undisclosed,k3,target_time_slope,20,3.0,0.031361454214358986,False
final_input_token_layerwise,undisclosed,k3,target_time_slope,21,3.0,0.0027580220404335443,False
final_input_token_layerwise,undisclosed,k3,target_time_slope,22,3.0,0.017555084694021783,False
final_input_token_layerwise,undisclosed,k3,target_time_slope,23,3.0,0.04046262122214042,False
final_input_token_layerwise,undisclosed,k3,target_time_slope,24,3.0,0.032926307644609076,False
final_input_token_layerwise,undisclosed,k3,target_time_slope,25,3.0,0.02689084896745461,False
final_input_token_layerwise,undisclosed,k3,target_time_slope,26,3.0,0.035687973418684904,False
final_input_token_layerwise,undisclosed,k3,target_time_slope,27,3.0,0.040560706747537034,False
final_input_token_layerwise,undisclosed,k3,target_time_slope,28,0.1,0.05260927515195102,True
final_input_token_layerwise,undisclosed,k3,target_time_slope,29,3.0,0.04194742208524055,False
final_input_token_layerwise,undisclosed,k3,target_time_slope,30,3.0,0.036212523861425316,False
final_input_token_layerwise,undisclosed,k3,target_time_slope,31,0.1,0.04163190200688027,False
final_input_token_layerwise,undisclosed,k3,target_time_slope,32,3.0,0.033247655447662866,False
final_input_token_layerwise,undisclosed,k3,target_time_slope,33,0.1,0.04699767077395378,False
final_input_token_layerwise,undisclosed,k3,target_time_slope,34,3.0,0.02956314262488413,False
final_input_token_layerwise,undisclosed,k3,target_time_slope,35,3.0,0.04128475881436042,False
final_input_token_layerwise,undisclosed,k3,target_time_slope,36,3.0,0.029575739745803326,False
final_input_token_layerwise,undisclosed,k3,displayed_driver_outcome_slope,0,0.0001,5.551115123125783e-17,False
final_input_token_layerwise,undisclosed,k3,displayed_driver_outcome_slope,1,3.0,0.015220001487203316,False
final_input_token_layerwise,undisclosed,k3,displayed_driver_outcome_slope,2,3.0,0.0019493873084850122,False
final_input_token_layerwise,undisclosed,k3,displayed_driver_outcome_slope,3,100.0,-7.71187843265353e-05,False
final_input_token_layerwise,undisclosed,k3,displayed_driver_outcome_slope,4,100.0,-0.0006672939726521943,False
final_input_token_layerwise,undisclosed,k3,displayed_driver_outcome_slope,5,100.0,-0.0005656071280469299,False
final_input_token_layerwise,undisclosed,k3,displayed_driver_outcome_slope,6,100.0,-0.0006045722118376562,False
final_input_token_layerwise,undisclosed,k3,displayed_driver_outcome_slope,7,100.0,-0.0002357516974056395,False
final_input_token_layerwise,undisclosed,k3,displayed_driver_outcome_slope,8,100.0,0.00035409746059555935,False
final_input_token_layerwise,undisclosed,k3,displayed_driver_outcome_slope,9,100.0,0.00045665926155855074,False
final_input_token_layerwise,undisclosed,k3,displayed_driver_outcome_slope,10,3.0,0.005762196293883026,False
final_input_token_layerwise,undisclosed,k3,displayed_driver_outcome_slope,11,3.0,0.016855811767213236,False
final_input_token_layerwise,undisclosed,k3,displayed_driver_outcome_slope,12,3.0,0.023478054635537482,True
final_input_token_layerwise,undisclosed,k3,displayed_driver_outcome_slope,13,3.0,0.01132942883314636,False
final_input_token_layerwise,undisclosed,k3,displayed_driver_outcome_slope,14,3.0,0.009208993196627019,False
final_input_token_layerwise,undisclosed,k3,displayed_driver_outcome_slope,15,100.0,-0.0004691337831422282,False
final_input_token_layerwise,undisclosed,k3,displayed_driver_outcome_slope,16,100.0,-0.0010963835825516244,False
final_input_token_layerwise,undisclosed,k3,displayed_driver_outcome_slope,17,3.0,0.011196433231183966,False
final_input_token_layerwise,undisclosed,k3,displayed_driver_outcome_slope,18,3.0,0.016394000551867016,False
final_input_token_layerwise,undisclosed,k3,displayed_driver_outcome_slope,19,100.0,0.000718478706146497,False
final_input_token_layerwise,undisclosed,k3,displayed_driver_outcome_slope,20,100.0,0.000321033914501917,False
final_input_token_layerwise,undisclosed,k3,displayed_driver_outcome_slope,21,100.0,-0.0006610332349207548,False
final_input_token_layerwise,undisclosed,k3,displayed_driver_outcome_slope,22,100.0,0.00016976062209655973,False
final_input_token_layerwise,undisclosed,k3,displayed_driver_outcome_slope,23,100.0,-0.001547565456154032,False
final_input_token_layerwise,undisclosed,k3,displayed_driver_outcome_slope,24,100.0,-0.0020730935823134733,False
final_input_token_layerwise,undisclosed,k3,displayed_driver_outcome_slope,25,100.0,-0.0029677940866355,False
final_input_token_layerwise,undisclosed,k3,displayed_driver_outcome_slope,26,100.0,-0.0033253994251672137,False
final_input_token_layerwise,undisclosed,k3,displayed_driver_outcome_slope,27,100.0,-0.0026029973853623767,False
final_input_token_layerwise,undisclosed,k3,displayed_driver_outcome_slope,28,100.0,-0.002234554460017968,False
final_input_token_layerwise,undisclosed,k3,displayed_driver_outcome_slope,29,100.0,-0.0022290261140986978,False
final_input_token_layerwise,undisclosed,k3,displayed_driver_outcome_slope,30,100.0,-0.0021822071385035335,False
final_input_token_layerwise,undisclosed,k3,displayed_driver_outcome_slope,31,100.0,-0.0016678004123972523,False
final_input_token_layerwise,undisclosed,k3,displayed_driver_outcome_slope,32,100.0,-0.0013868288116818395,False
final_input_token_layerwise,undisclosed,k3,displayed_driver_outcome_slope,33,100.0,-0.0018549498752452875,False
final_input_token_layerwise,undisclosed,k3,displayed_driver_outcome_slope,34,100.0,-0.0012857728651777534,False
final_input_token_layerwise,undisclosed,k3,displayed_driver_outcome_slope,35,100.0,-0.0007060767735422302,False
final_input_token_layerwise,undisclosed,k3,displayed_driver_outcome_slope,36,100.0,-0.0007231782557364508,False
final_input_token_layerwise,undisclosed,k3,oracle_posterior_gain,0,0.0001,2.7755575615628914e-17,False
final_input_token_layerwise,undisclosed,k3,oracle_posterior_gain,1,100.0,-0.002343489397874876,False
final_input_token_layerwise,undisclosed,k3,oracle_posterior_gain,2,100.0,-0.0019301877531441858,False
final_input_token_layerwise,undisclosed,k3,oracle_posterior_gain,3,100.0,4.254103108691787e-05,False
final_input_token_layerwise,undisclosed,k3,oracle_posterior_gain,4,100.0,-0.0012660082330004374,False
final_input_token_layerwise,undisclosed,k3,oracle_posterior_gain,5,100.0,-0.0007661215610319516,False
final_input_token_layerwise,undisclosed,k3,oracle_posterior_gain,6,100.0,-0.0006129654138100071,False
final_input_token_layerwise,undisclosed,k3,oracle_posterior_gain,7,100.0,-0.0011254360917746231,False
final_input_token_layerwise,undisclosed,k3,oracle_posterior_gain,8,100.0,-0.0021527592767825177,False
final_input_token_layerwise,undisclosed,k3,oracle_posterior_gain,9,100.0,-0.0004431926229263028,False
final_input_token_layerwise,undisclosed,k3,oracle_posterior_gain,10,100.0,-0.0006533630753239872,False
final_input_token_layerwise,undisclosed,k3,oracle_posterior_gain,11,100.0,1.821380079819468e-05,False
final_input_token_layerwise,undisclosed,k3,oracle_posterior_gain,12,100.0,-0.00033638171330277467,False
final_input_token_layerwise,undisclosed,k3,oracle_posterior_gain,13,100.0,-7.966047650964647e-06,False
final_input_token_layerwise,undisclosed,k3,oracle_posterior_gain,14,100.0,-0.0002575866388829229,False
final_input_token_layerwise,undisclosed,k3,oracle_posterior_gain,15,3.0,0.005952192568453807,False
final_input_token_layerwise,undisclosed,k3,oracle_posterior_gain,16,3.0,0.02810348802991547,False
final_input_token_layerwise,undisclosed,k3,oracle_posterior_gain,17,3.0,0.014262443739787856,False
final_input_token_layerwise,undisclosed,k3,oracle_posterior_gain,18,3.0,0.03069143339216318,False
final_input_token_layerwise,undisclosed,k3,oracle_posterior_gain,19,3.0,0.041988172142491814,False
final_input_token_layerwise,undisclosed,k3,oracle_posterior_gain,20,3.0,0.05589403404316623,False
final_input_token_layerwise,undisclosed,k3,oracle_posterior_gain,21,3.0,0.0591376087112728,False
final_input_token_layerwise,undisclosed,k3,oracle_posterior_gain,22,3.0,0.07293601468900188,False
final_input_token_layerwise,undisclosed,k3,oracle_posterior_gain,23,3.0,0.11301824249585801,False
final_input_token_layerwise,undisclosed,k3,oracle_posterior_gain,24,3.0,0.1400449525767385,False
final_input_token_layerwise,undisclosed,k3,oracle_posterior_gain,25,3.0,0.12523638159654424,False
final_input_token_layerwise,undisclosed,k3,oracle_posterior_gain,26,3.0,0.11834339157895099,False
final_input_token_layerwise,undisclosed,k3,oracle_posterior_gain,27,3.0,0.1325038247610598,False
final_input_token_layerwise,undisclosed,k3,oracle_posterior_gain,28,3.0,0.13124335946391083,False
final_input_token_layerwise,undisclosed,k3,oracle_posterior_gain,29,3.0,0.1412735299901689,True
final_input_token_layerwise,undisclosed,k3,oracle_posterior_gain,30,3.0,0.13483320293359322,False
final_input_token_layerwise,undisclosed,k3,oracle_posterior_gain,31,3.0,0.12819986028752045,False
final_input_token_layerwise,undisclosed,k3,oracle_posterior_gain,32,3.0,0.12398362760299719,False
final_input_token_layerwise,undisclosed,k3,oracle_posterior_gain,33,3.0,0.1301320309601609,False
final_input_token_layerwise,undisclosed,k3,oracle_posterior_gain,34,3.0,0.12224923745152938,False
final_input_token_layerwise,undisclosed,k3,oracle_posterior_gain,35,3.0,0.12593369217777817,False
final_input_token_layerwise,undisclosed,k3,oracle_posterior_gain,36,3.0,0.12832242889034604,False
final_input_token_layerwise,undisclosed,k6,gain,0,0.0001,0.0,False
final_input_token_layerwise,undisclosed,k6,gain,1,100.0,-0.0005012281446404032,False
final_input_token_layerwise,undisclosed,k6,gain,2,3.0,0.0010580525406975183,False
final_input_token_layerwise,undisclosed,k6,gain,3,100.0,-0.002406195720560056,False
final_input_token_layerwise,undisclosed,k6,gain,4,100.0,-0.0007720130106626533,False
final_input_token_layerwise,undisclosed,k6,gain,5,100.0,-0.0007420987457433526,False
final_input_token_layerwise,undisclosed,k6,gain,6,100.0,-0.0010659332772521846,False
final_input_token_layerwise,undisclosed,k6,gain,7,100.0,-0.001923385840363001,False
final_input_token_layerwise,undisclosed,k6,gain,8,100.0,-0.0026579030276238647,False
final_input_token_layerwise,undisclosed,k6,gain,9,100.0,-0.002510520823592044,False
final_input_token_layerwise,undisclosed,k6,gain,10,100.0,-0.002255104867539659,False
final_input_token_layerwise,undisclosed,k6,gain,11,100.0,-0.002735136346469047,False
final_input_token_layerwise,undisclosed,k6,gain,12,100.0,-0.0017230270247967083,False
final_input_token_layerwise,undisclosed,k6,gain,13,100.0,-0.0017164408103990114,False
final_input_token_layerwise,undisclosed,k6,gain,14,100.0,-0.0012227573725175633,False
final_input_token_layerwise,undisclosed,k6,gain,15,100.0,-0.0012002969389806883,False
final_input_token_layerwise,undisclosed,k6,gain,16,100.0,-0.0012943563876755548,False
final_input_token_layerwise,undisclosed,k6,gain,17,100.0,-0.001511453404330454,False
final_input_token_layerwise,undisclosed,k6,gain,18,100.0,-0.0006601598354004923,False
final_input_token_layerwise,undisclosed,k6,gain,19,100.0,-0.0008080684328674592,False
final_input_token_layerwise,undisclosed,k6,gain,20,100.0,-0.0006529406402071003,False
final_input_token_layerwise,undisclosed,k6,gain,21,3.0,0.008590636991874206,False
final_input_token_layerwise,undisclosed,k6,gain,22,100.0,-0.0009393872591274555,False
final_input_token_layerwise,undisclosed,k6,gain,23,3.0,0.025407606463195925,False
final_input_token_layerwise,undisclosed,k6,gain,24,3.0,0.03394956949788022,False
final_input_token_layerwise,undisclosed,k6,gain,25,3.0,0.02756886974698919,False
final_input_token_layerwise,undisclosed,k6,gain,26,3.0,0.029876978998620823,False
final_input_token_layerwise,undisclosed,k6,gain,27,3.0,0.041614343457538866,False
final_input_token_layerwise,undisclosed,k6,gain,28,0.1,0.05006693892532377,True
final_input_token_layerwise,undisclosed,k6,gain,29,3.0,0.048305005682682894,False
final_input_token_layerwise,undisclosed,k6,gain,30,3.0,0.038172275282417706,False
final_input_token_layerwise,undisclosed,k6,gain,31,3.0,0.033709554046427864,False
final_input_token_layerwise,undisclosed,k6,gain,32,3.0,0.028359717555208386,False
final_input_token_layerwise,undisclosed,k6,gain,33,3.0,0.02277991400455079,False
final_input_token_layerwise,undisclosed,k6,gain,34,3.0,0.016549518368582844,False
final_input_token_layerwise,undisclosed,k6,gain,35,3.0,0.016308253017516094,False
final_input_token_layerwise,undisclosed,k6,gain,36,3.0,0.02097941664075434,False
final_input_token_layerwise,undisclosed,k6,response_residual,0,0.0001,-2.7755575615628914e-17,False
final_input_token_layerwise,undisclosed,k6,response_residual,1,100.0,-0.002291073258511328,False
final_input_token_layerwise,undisclosed,k6,response_residual,2,100.0,-0.0011751339790148918,False
final_input_token_layerwise,undisclosed,k6,response_residual,3,100.0,-0.002557147794120973,False
final_input_token_layerwise,undisclosed,k6,response_residual,4,100.0,-0.0008963073765861362,False
final_input_token_layerwise,undisclosed,k6,response_residual,5,100.0,-0.000809028896588071,False
final_input_token_layerwise,undisclosed,k6,response_residual,6,100.0,-0.001073665787972411,False
final_input_token_layerwise,undisclosed,k6,response_residual,7,100.0,-0.0018423894562936693,False
final_input_token_layerwise,undisclosed,k6,response_residual,8,100.0,-0.0028640217092166798,False
final_input_token_layerwise,undisclosed,k6,response_residual,9,100.0,-0.002730595762914567,False
final_input_token_layerwise,undisclosed,k6,response_residual,10,100.0,-0.0023909398261587334,False
final_input_token_layerwise,undisclosed,k6,response_residual,11,100.0,-0.002563797908973986,False
final_input_token_layerwise,undisclosed,k6,response_residual,12,100.0,-0.0016502813648288095,False
final_input_token_layerwise,undisclosed,k6,response_residual,13,100.0,-0.001777373682295691,False
final_input_token_layerwise,undisclosed,k6,response_residual,14,100.0,-0.0014365379073578988,False
final_input_token_layerwise,undisclosed,k6,response_residual,15,100.0,-0.0006073292428872556,False
final_input_token_layerwise,undisclosed,k6,response_residual,16,100.0,-0.000684465648550403,False
final_input_token_layerwise,undisclosed,k6,response_residual,17,100.0,-0.0010997322059298764,False
final_input_token_layerwise,undisclosed,k6,response_residual,18,100.0,-0.00017008623767181263,False
final_input_token_layerwise,undisclosed,k6,response_residual,19,100.0,-0.0005860702752125135,False
final_input_token_layerwise,undisclosed,k6,response_residual,20,100.0,-0.0007414317505991252,False
final_input_token_layerwise,undisclosed,k6,response_residual,21,100.0,-0.0008868449558309399,False
final_input_token_layerwise,undisclosed,k6,response_residual,22,100.0,-0.000918171789494715,False
final_input_token_layerwise,undisclosed,k6,response_residual,23,100.0,0.0014887318821535656,False
final_input_token_layerwise,undisclosed,k6,response_residual,24,100.0,0.0026989827454551585,False
final_input_token_layerwise,undisclosed,k6,response_residual,25,100.0,0.002253072331234035,False
final_input_token_layerwise,undisclosed,k6,response_residual,26,100.0,0.0025243903611039675,False
final_input_token_layerwise,undisclosed,k6,response_residual,27,3.0,0.0068001798067817976,False
final_input_token_layerwise,undisclosed,k6,response_residual,28,3.0,0.006854770682978378,True
final_input_token_layerwise,undisclosed,k6,response_residual,29,3.0,0.0050547685418495525,False
final_input_token_layerwise,undisclosed,k6,response_residual,30,100.0,0.0027716507939986035,False
final_input_token_layerwise,undisclosed,k6,response_residual,31,100.0,0.002548423907529379,False
final_input_token_layerwise,undisclosed,k6,response_residual,32,100.0,0.002577757402239006,False
final_input_token_layerwise,undisclosed,k6,response_residual,33,100.0,0.001670943851360962,False
final_input_token_layerwise,undisclosed,k6,response_residual,34,100.0,0.0013484503437595496,False
final_input_token_layerwise,undisclosed,k6,response_residual,35,100.0,0.0013208871257023025,False
final_input_token_layerwise,undisclosed,k6,response_residual,36,100.0,0.0016394857196627977,False
final_input_token_layerwise,undisclosed,k6,last_target_observation,0,0.0001,-2.7755575615628914e-17,False
final_input_token_layerwise,undisclosed,k6,last_target_observation,1,0.1,0.046306270579096254,False
final_input_token_layerwise,undisclosed,k6,last_target_observation,2,3.0,0.012933978380132383,False
final_input_token_layerwise,undisclosed,k6,last_target_observation,3,3.0,0.00987825898594999,False
final_input_token_layerwise,undisclosed,k6,last_target_observation,4,3.0,0.0066424130915437585,False
final_input_token_layerwise,undisclosed,k6,last_target_observation,5,3.0,0.002703929590514187,False
final_input_token_layerwise,undisclosed,k6,last_target_observation,6,3.0,0.003611898733023089,False
final_input_token_layerwise,undisclosed,k6,last_target_observation,7,100.0,-1.3069770235824008e-05,False
final_input_token_layerwise,undisclosed,k6,last_target_observation,8,100.0,0.00010746568963621028,False
final_input_token_layerwise,undisclosed,k6,last_target_observation,9,3.0,0.008500777267382686,False
final_input_token_layerwise,undisclosed,k6,last_target_observation,10,100.0,0.0014450971043055705,False
final_input_token_layerwise,undisclosed,k6,last_target_observation,11,3.0,0.013083665809593498,False
final_input_token_layerwise,undisclosed,k6,last_target_observation,12,3.0,0.018298397294092134,False
final_input_token_layerwise,undisclosed,k6,last_target_observation,13,3.0,0.01751530242145455,False
final_input_token_layerwise,undisclosed,k6,last_target_observation,14,3.0,0.014000788781475593,False
final_input_token_layerwise,undisclosed,k6,last_target_observation,15,100.0,0.0009612323820229751,False
final_input_token_layerwise,undisclosed,k6,last_target_observation,16,3.0,0.019916159658841776,False
final_input_token_layerwise,undisclosed,k6,last_target_observation,17,3.0,0.032578484818958836,False
final_input_token_layerwise,undisclosed,k6,last_target_observation,18,3.0,0.030308724574760942,False
final_input_token_layerwise,undisclosed,k6,last_target_observation,19,3.0,0.03718986955371065,False
final_input_token_layerwise,undisclosed,k6,last_target_observation,20,3.0,0.08254341047715905,False
final_input_token_layerwise,undisclosed,k6,last_target_observation,21,3.0,0.07780845477486995,False
final_input_token_layerwise,undisclosed,k6,last_target_observation,22,3.0,0.08819179125259768,False
final_input_token_layerwise,undisclosed,k6,last_target_observation,23,3.0,0.0813665792097508,False
final_input_token_layerwise,undisclosed,k6,last_target_observation,24,3.0,0.09112925628870672,False
final_input_token_layerwise,undisclosed,k6,last_target_observation,25,3.0,0.0993960659724531,False
final_input_token_layerwise,undisclosed,k6,last_target_observation,26,3.0,0.10001255562095798,True
final_input_token_layerwise,undisclosed,k6,last_target_observation,27,3.0,0.08905716742070349,False
final_input_token_layerwise,undisclosed,k6,last_target_observation,28,3.0,0.0985210531251611,False
final_input_token_layerwise,undisclosed,k6,last_target_observation,29,3.0,0.08808168686906656,False
final_input_token_layerwise,undisclosed,k6,last_target_observation,30,3.0,0.09453508969410207,False
final_input_token_layerwise,undisclosed,k6,last_target_observation,31,3.0,0.09052535484277593,False
final_input_token_layerwise,undisclosed,k6,last_target_observation,32,3.0,0.07518303086991138,False
final_input_token_layerwise,undisclosed,k6,last_target_observation,33,3.0,0.07961008852189896,False
final_input_token_layerwise,undisclosed,k6,last_target_observation,34,3.0,0.07815409698049974,False
final_input_token_layerwise,undisclosed,k6,last_target_observation,35,3.0,0.07288633800338964,False
final_input_token_layerwise,undisclosed,k6,last_target_observation,36,3.0,0.06871153963714213,False
final_input_token_layerwise,undisclosed,k6,target_observation_mean,0,0.0001,2.7755575615628914e-17,False
final_input_token_layerwise,undisclosed,k6,target_observation_mean,1,100.0,-0.01116117562870833,False
final_input_token_layerwise,undisclosed,k6,target_observation_mean,2,100.0,-0.005678215900832229,False
final_input_token_layerwise,undisclosed,k6,target_observation_mean,3,100.0,-0.004391930379947506,False
final_input_token_layerwise,undisclosed,k6,target_observation_mean,4,100.0,-0.0009780481944393349,False
final_input_token_layerwise,undisclosed,k6,target_observation_mean,5,100.0,-0.0009448985870941784,False
final_input_token_layerwise,undisclosed,k6,target_observation_mean,6,100.0,-0.0015353720533103354,False
final_input_token_layerwise,undisclosed,k6,target_observation_mean,7,100.0,-0.00038602497279915937,False
final_input_token_layerwise,undisclosed,k6,target_observation_mean,8,100.0,0.00017295366682917868,False
final_input_token_layerwise,undisclosed,k6,target_observation_mean,9,100.0,0.0001571671356741522,False
final_input_token_layerwise,undisclosed,k6,target_observation_mean,10,100.0,0.0005762195435455308,False
final_input_token_layerwise,undisclosed,k6,target_observation_mean,11,100.0,-0.0024126178268054632,False
final_input_token_layerwise,undisclosed,k6,target_observation_mean,12,100.0,-0.0019782386690183895,False
final_input_token_layerwise,undisclosed,k6,target_observation_mean,13,100.0,-0.0010579964971333677,False
final_input_token_layerwise,undisclosed,k6,target_observation_mean,14,100.0,-0.00014975836985331448,False
final_input_token_layerwise,undisclosed,k6,target_observation_mean,15,100.0,-0.0004896660255901686,False
final_input_token_layerwise,undisclosed,k6,target_observation_mean,16,3.0,0.028898737862513624,False
final_input_token_layerwise,undisclosed,k6,target_observation_mean,17,3.0,0.035245292852259275,False
final_input_token_layerwise,undisclosed,k6,target_observation_mean,18,3.0,0.05619472986680363,False
final_input_token_layerwise,undisclosed,k6,target_observation_mean,19,3.0,0.06615332977847954,False
final_input_token_layerwise,undisclosed,k6,target_observation_mean,20,0.1,0.21225971702369997,False
final_input_token_layerwise,undisclosed,k6,target_observation_mean,21,0.1,0.2567492278677232,True
final_input_token_layerwise,undisclosed,k6,target_observation_mean,22,0.1,0.20128184491769713,False
final_input_token_layerwise,undisclosed,k6,target_observation_mean,23,0.1,0.19328483166300695,False
final_input_token_layerwise,undisclosed,k6,target_observation_mean,24,0.1,0.17928842667550368,False
final_input_token_layerwise,undisclosed,k6,target_observation_mean,25,3.0,0.10636082725969584,False
final_input_token_layerwise,undisclosed,k6,target_observation_mean,26,3.0,0.10203910164433394,False
final_input_token_layerwise,undisclosed,k6,target_observation_mean,27,3.0,0.1423829581595749,False
final_input_token_layerwise,undisclosed,k6,target_observation_mean,28,3.0,0.17628850632920362,False
final_input_token_layerwise,undisclosed,k6,target_observation_mean,29,3.0,0.14174986751637844,False
final_input_token_layerwise,undisclosed,k6,target_observation_mean,30,0.1,0.17080090347295956,False
final_input_token_layerwise,undisclosed,k6,target_observation_mean,31,3.0,0.11837017588553703,False
final_input_token_layerwise,undisclosed,k6,target_observation_mean,32,3.0,0.11002017115880738,False
final_input_token_layerwise,undisclosed,k6,target_observation_mean,33,3.0,0.10611571354771743,False
final_input_token_layerwise,undisclosed,k6,target_observation_mean,34,3.0,0.09228509516302988,False
final_input_token_layerwise,undisclosed,k6,target_observation_mean,35,3.0,0.08205498478273529,False
final_input_token_layerwise,undisclosed,k6,target_observation_mean,36,3.0,0.07690113296580253,False
final_input_token_layerwise,undisclosed,k6,target_time_slope,0,0.0001,0.0,False
final_input_token_layerwise,undisclosed,k6,target_time_slope,1,100.0,0.0011213638217388577,False
final_input_token_layerwise,undisclosed,k6,target_time_slope,2,100.0,0.0010115971347311459,False
final_input_token_layerwise,undisclosed,k6,target_time_slope,3,3.0,0.012217292546130631,False
final_input_token_layerwise,undisclosed,k6,target_time_slope,4,100.0,-0.00017677997245513222,False
final_input_token_layerwise,undisclosed,k6,target_time_slope,5,100.0,-0.00021464825654057829,False
final_input_token_layerwise,undisclosed,k6,target_time_slope,6,100.0,-6.370858474233354e-05,False
final_input_token_layerwise,undisclosed,k6,target_time_slope,7,100.0,-0.0007685995380276034,False
final_input_token_layerwise,undisclosed,k6,target_time_slope,8,100.0,0.0001888300658656472,False
final_input_token_layerwise,undisclosed,k6,target_time_slope,9,100.0,-4.906425185330354e-05,False
final_input_token_layerwise,undisclosed,k6,target_time_slope,10,100.0,0.00019405918004289369,False
final_input_token_layerwise,undisclosed,k6,target_time_slope,11,100.0,0.0003258618710836325,False
final_input_token_layerwise,undisclosed,k6,target_time_slope,12,100.0,0.00021007451874544003,False
final_input_token_layerwise,undisclosed,k6,target_time_slope,13,100.0,0.0009172142551987783,False
final_input_token_layerwise,undisclosed,k6,target_time_slope,14,100.0,0.000473354996850861,False
final_input_token_layerwise,undisclosed,k6,target_time_slope,15,100.0,-0.00021510451366338335,False
final_input_token_layerwise,undisclosed,k6,target_time_slope,16,100.0,-0.00011501990233730996,False
final_input_token_layerwise,undisclosed,k6,target_time_slope,17,3.0,0.004189037679152269,False
final_input_token_layerwise,undisclosed,k6,target_time_slope,18,3.0,0.007859642078186652,False
final_input_token_layerwise,undisclosed,k6,target_time_slope,19,3.0,0.045445289467856476,False
final_input_token_layerwise,undisclosed,k6,target_time_slope,20,0.1,0.10499184755801264,False
final_input_token_layerwise,undisclosed,k6,target_time_slope,21,3.0,0.0978333742613813,False
final_input_token_layerwise,undisclosed,k6,target_time_slope,22,3.0,0.10233903006454867,False
final_input_token_layerwise,undisclosed,k6,target_time_slope,23,3.0,0.10258212119631827,False
final_input_token_layerwise,undisclosed,k6,target_time_slope,24,3.0,0.07558235747317035,False
final_input_token_layerwise,undisclosed,k6,target_time_slope,25,3.0,0.13014982285561963,True
final_input_token_layerwise,undisclosed,k6,target_time_slope,26,3.0,0.11730898176305887,False
final_input_token_layerwise,undisclosed,k6,target_time_slope,27,3.0,0.11304832270101395,False
final_input_token_layerwise,undisclosed,k6,target_time_slope,28,3.0,0.11040809053779196,False
final_input_token_layerwise,undisclosed,k6,target_time_slope,29,3.0,0.09962842646589079,False
final_input_token_layerwise,undisclosed,k6,target_time_slope,30,3.0,0.11995102746118946,False
final_input_token_layerwise,undisclosed,k6,target_time_slope,31,3.0,0.10549838086271304,False
final_input_token_layerwise,undisclosed,k6,target_time_slope,32,3.0,0.08947986941056943,False
final_input_token_layerwise,undisclosed,k6,target_time_slope,33,3.0,0.0923087341679156,False
final_input_token_layerwise,undisclosed,k6,target_time_slope,34,3.0,0.09276719605293268,False
final_input_token_layerwise,undisclosed,k6,target_time_slope,35,3.0,0.09437989473970984,False
final_input_token_layerwise,undisclosed,k6,target_time_slope,36,3.0,0.09425193011232108,False
final_input_token_layerwise,undisclosed,k6,displayed_driver_outcome_slope,0,0.0001,-5.551115123125783e-17,False
final_input_token_layerwise,undisclosed,k6,displayed_driver_outcome_slope,1,100.0,-0.0018559810935408205,False
final_input_token_layerwise,undisclosed,k6,displayed_driver_outcome_slope,2,100.0,-0.0015163327344133448,False
final_input_token_layerwise,undisclosed,k6,displayed_driver_outcome_slope,3,100.0,-0.0014127660329076863,False
final_input_token_layerwise,undisclosed,k6,displayed_driver_outcome_slope,4,100.0,-3.401912032832688e-05,False
final_input_token_layerwise,undisclosed,k6,displayed_driver_outcome_slope,5,100.0,0.0003653738771251802,False
final_input_token_layerwise,undisclosed,k6,displayed_driver_outcome_slope,6,100.0,0.0002805724544995003,False
final_input_token_layerwise,undisclosed,k6,displayed_driver_outcome_slope,7,100.0,-0.0001310361290885187,False
final_input_token_layerwise,undisclosed,k6,displayed_driver_outcome_slope,8,100.0,0.00038156090152649536,True
final_input_token_layerwise,undisclosed,k6,displayed_driver_outcome_slope,9,100.0,0.00028897341944175703,False
final_input_token_layerwise,undisclosed,k6,displayed_driver_outcome_slope,10,100.0,-0.00020355341587383058,False
final_input_token_layerwise,undisclosed,k6,displayed_driver_outcome_slope,11,100.0,-0.0010102695805591089,False
final_input_token_layerwise,undisclosed,k6,displayed_driver_outcome_slope,12,100.0,-0.0012169405621569318,False
final_input_token_layerwise,undisclosed,k6,displayed_driver_outcome_slope,13,100.0,-0.002461274165289684,False
final_input_token_layerwise,undisclosed,k6,displayed_driver_outcome_slope,14,100.0,-0.0026775559737350907,False
final_input_token_layerwise,undisclosed,k6,displayed_driver_outcome_slope,15,100.0,-0.00023873509262298254,False
final_input_token_layerwise,undisclosed,k6,displayed_driver_outcome_slope,16,100.0,-0.0008248590561683589,False
final_input_token_layerwise,undisclosed,k6,displayed_driver_outcome_slope,17,100.0,-0.0013628147596815854,False
final_input_token_layerwise,undisclosed,k6,displayed_driver_outcome_slope,18,100.0,-0.0011295401686129414,False
final_input_token_layerwise,undisclosed,k6,displayed_driver_outcome_slope,19,100.0,-0.0006206175158472438,False
final_input_token_layerwise,undisclosed,k6,displayed_driver_outcome_slope,20,100.0,-0.0002848929176287873,False
final_input_token_layerwise,undisclosed,k6,displayed_driver_outcome_slope,21,100.0,-0.00031702754832091395,False
final_input_token_layerwise,undisclosed,k6,displayed_driver_outcome_slope,22,100.0,-0.0007707734299975955,False
final_input_token_layerwise,undisclosed,k6,displayed_driver_outcome_slope,23,100.0,9.349692915655572e-05,False
final_input_token_layerwise,undisclosed,k6,displayed_driver_outcome_slope,24,100.0,5.381184168071207e-05,False
final_input_token_layerwise,undisclosed,k6,displayed_driver_outcome_slope,25,100.0,-0.0006895099137121108,False
final_input_token_layerwise,undisclosed,k6,displayed_driver_outcome_slope,26,100.0,-0.0008449770235614829,False
final_input_token_layerwise,undisclosed,k6,displayed_driver_outcome_slope,27,100.0,-0.0005636854231217403,False
final_input_token_layerwise,undisclosed,k6,displayed_driver_outcome_slope,28,100.0,-0.000770910749528203,False
final_input_token_layerwise,undisclosed,k6,displayed_driver_outcome_slope,29,100.0,-0.0012350042365521507,False
final_input_token_layerwise,undisclosed,k6,displayed_driver_outcome_slope,30,100.0,-0.0013632792425952445,False
final_input_token_layerwise,undisclosed,k6,displayed_driver_outcome_slope,31,100.0,-0.001495587701118295,False
final_input_token_layerwise,undisclosed,k6,displayed_driver_outcome_slope,32,100.0,-0.0010205803499711008,False
final_input_token_layerwise,undisclosed,k6,displayed_driver_outcome_slope,33,100.0,-0.001152640306195718,False
final_input_token_layerwise,undisclosed,k6,displayed_driver_outcome_slope,34,100.0,-0.0010446695378358573,False
final_input_token_layerwise,undisclosed,k6,displayed_driver_outcome_slope,35,100.0,-0.000819588268775373,False
final_input_token_layerwise,undisclosed,k6,displayed_driver_outcome_slope,36,100.0,-0.0005659222229197625,False
final_input_token_layerwise,undisclosed,k6,oracle_posterior_gain,0,0.0001,-5.551115123125783e-17,False
final_input_token_layerwise,undisclosed,k6,oracle_posterior_gain,1,100.0,-0.0018662861824907673,False
final_input_token_layerwise,undisclosed,k6,oracle_posterior_gain,2,100.0,-0.001078776141247434,False
final_input_token_layerwise,undisclosed,k6,oracle_posterior_gain,3,100.0,-0.0011530509270977485,False
final_input_token_layerwise,undisclosed,k6,oracle_posterior_gain,4,100.0,5.854532281240887e-05,False
final_input_token_layerwise,undisclosed,k6,oracle_posterior_gain,5,100.0,0.000331074618465238,False
final_input_token_layerwise,undisclosed,k6,oracle_posterior_gain,6,100.0,-0.00026050024931398297,False
final_input_token_layerwise,undisclosed,k6,oracle_posterior_gain,7,100.0,-0.0006232346034126257,False
final_input_token_layerwise,undisclosed,k6,oracle_posterior_gain,8,100.0,-0.0005224503890614574,False
final_input_token_layerwise,undisclosed,k6,oracle_posterior_gain,9,100.0,-0.000511575008606574,False
final_input_token_layerwise,undisclosed,k6,oracle_posterior_gain,10,100.0,-0.0013321167194229044,False
final_input_token_layerwise,undisclosed,k6,oracle_posterior_gain,11,100.0,-0.001654305383915644,False
final_input_token_layerwise,undisclosed,k6,oracle_posterior_gain,12,100.0,-0.0007646718146626097,False
final_input_token_layerwise,undisclosed,k6,oracle_posterior_gain,13,100.0,-0.0007662657390615224,False
final_input_token_layerwise,undisclosed,k6,oracle_posterior_gain,14,100.0,0.00011858628249183933,False
final_input_token_layerwise,undisclosed,k6,oracle_posterior_gain,15,100.0,4.920742916000864e-05,False
final_input_token_layerwise,undisclosed,k6,oracle_posterior_gain,16,100.0,-0.0003862413280041055,False
final_input_token_layerwise,undisclosed,k6,oracle_posterior_gain,17,100.0,-0.0003836693350960374,False
final_input_token_layerwise,undisclosed,k6,oracle_posterior_gain,18,3.0,0.003509402827407526,False
final_input_token_layerwise,undisclosed,k6,oracle_posterior_gain,19,100.0,-1.083409676025382e-05,False
final_input_token_layerwise,undisclosed,k6,oracle_posterior_gain,20,3.0,0.03856961380973445,False
final_input_token_layerwise,undisclosed,k6,oracle_posterior_gain,21,3.0,0.04482940125080839,False
final_input_token_layerwise,undisclosed,k6,oracle_posterior_gain,22,3.0,0.03917513558576946,False
final_input_token_layerwise,undisclosed,k6,oracle_posterior_gain,23,3.0,0.0555359532463634,False
final_input_token_layerwise,undisclosed,k6,oracle_posterior_gain,24,3.0,0.0786529017966009,False
final_input_token_layerwise,undisclosed,k6,oracle_posterior_gain,25,3.0,0.08996164749087926,False
final_input_token_layerwise,undisclosed,k6,oracle_posterior_gain,26,3.0,0.08464899103055062,False
final_input_token_layerwise,undisclosed,k6,oracle_posterior_gain,27,3.0,0.09574044117434555,False
final_input_token_layerwise,undisclosed,k6,oracle_posterior_gain,28,3.0,0.09877070405928809,False
final_input_token_layerwise,undisclosed,k6,oracle_posterior_gain,29,0.1,0.12207518771740444,True
final_input_token_layerwise,undisclosed,k6,oracle_posterior_gain,30,0.1,0.11675982194536791,False
final_input_token_layerwise,undisclosed,k6,oracle_posterior_gain,31,3.0,0.09798973765023916,False
final_input_token_layerwise,undisclosed,k6,oracle_posterior_gain,32,3.0,0.09465680262775161,False
final_input_token_layerwise,undisclosed,k6,oracle_posterior_gain,33,3.0,0.09532981719502168,False
final_input_token_layerwise,undisclosed,k6,oracle_posterior_gain,34,3.0,0.08552311082949751,False
final_input_token_layerwise,undisclosed,k6,oracle_posterior_gain,35,3.0,0.08738853013947351,False
final_input_token_layerwise,undisclosed,k6,oracle_posterior_gain,36,3.0,0.08864039679760591,False
final_input_token_layerwise,undisclosed,k9,gain,0,0.0001,0.0,False
final_input_token_layerwise,undisclosed,k9,gain,1,100.0,-0.002998496052878885,False
final_input_token_layerwise,undisclosed,k9,gain,2,100.0,-0.002122696266084023,False
final_input_token_layerwise,undisclosed,k9,gain,3,100.0,-0.0016310387118291803,False
final_input_token_layerwise,undisclosed,k9,gain,4,100.0,-0.0013656945512472984,False
final_input_token_layerwise,undisclosed,k9,gain,5,100.0,-0.0008241440324373017,False
final_input_token_layerwise,undisclosed,k9,gain,6,100.0,-0.0006390952903729263,False
final_input_token_layerwise,undisclosed,k9,gain,7,100.0,-0.0006417542945302557,False
final_input_token_layerwise,undisclosed,k9,gain,8,100.0,-0.0012937944840990534,False
final_input_token_layerwise,undisclosed,k9,gain,9,100.0,-0.0012010231278202776,False
final_input_token_layerwise,undisclosed,k9,gain,10,100.0,-0.001229017552811018,False
final_input_token_layerwise,undisclosed,k9,gain,11,100.0,-0.0008402074646344238,False
final_input_token_layerwise,undisclosed,k9,gain,12,100.0,-0.0004192324199453201,False
final_input_token_layerwise,undisclosed,k9,gain,13,100.0,-0.000563742609740292,False
final_input_token_layerwise,undisclosed,k9,gain,14,100.0,-0.0007146454429932114,False
final_input_token_layerwise,undisclosed,k9,gain,15,100.0,-0.0012240618547709192,False
final_input_token_layerwise,undisclosed,k9,gain,16,100.0,-0.0006674263217101295,False
final_input_token_layerwise,undisclosed,k9,gain,17,100.0,-0.0005448608044637815,False
final_input_token_layerwise,undisclosed,k9,gain,18,3.0,0.00457054705591009,False
final_input_token_layerwise,undisclosed,k9,gain,19,3.0,0.02013252877585278,False
final_input_token_layerwise,undisclosed,k9,gain,20,3.0,0.06824078003598757,False
final_input_token_layerwise,undisclosed,k9,gain,21,3.0,0.078338905124502,False
final_input_token_layerwise,undisclosed,k9,gain,22,3.0,0.06105284906907271,False
final_input_token_layerwise,undisclosed,k9,gain,23,3.0,0.0817600333374636,False
final_input_token_layerwise,undisclosed,k9,gain,24,3.0,0.07883859066436372,False
final_input_token_layerwise,undisclosed,k9,gain,25,3.0,0.06584197690517762,False
final_input_token_layerwise,undisclosed,k9,gain,26,3.0,0.07430094106547835,False
final_input_token_layerwise,undisclosed,k9,gain,27,3.0,0.09485436139393147,True
final_input_token_layerwise,undisclosed,k9,gain,28,3.0,0.09472386138642411,False
final_input_token_layerwise,undisclosed,k9,gain,29,3.0,0.08827782423758015,False
final_input_token_layerwise,undisclosed,k9,gain,30,3.0,0.07599152834627687,False
final_input_token_layerwise,undisclosed,k9,gain,31,3.0,0.06698858149941525,False
final_input_token_layerwise,undisclosed,k9,gain,32,3.0,0.06001754602267101,False
final_input_token_layerwise,undisclosed,k9,gain,33,3.0,0.05543943785216093,False
final_input_token_layerwise,undisclosed,k9,gain,34,3.0,0.04419200707197671,False
final_input_token_layerwise,undisclosed,k9,gain,35,0.1,0.08524659613240723,False
final_input_token_layerwise,undisclosed,k9,gain,36,3.0,0.08185738656517785,False
final_input_token_layerwise,undisclosed,k9,response_residual,0,0.0001,-2.7755575615628914e-17,False
final_input_token_layerwise,undisclosed,k9,response_residual,1,100.0,-0.0036207730414570816,False
final_input_token_layerwise,undisclosed,k9,response_residual,2,100.0,-0.0023198961472989943,False
final_input_token_layerwise,undisclosed,k9,response_residual,3,100.0,-0.0015063782563399797,False
final_input_token_layerwise,undisclosed,k9,response_residual,4,100.0,-0.001139202500486547,False
final_input_token_layerwise,undisclosed,k9,response_residual,5,100.0,-0.0008181201625476753,False
final_input_token_layerwise,undisclosed,k9,response_residual,6,100.0,-0.000712961319612071,False
final_input_token_layerwise,undisclosed,k9,response_residual,7,100.0,-0.0008463207343928358,False
final_input_token_layerwise,undisclosed,k9,response_residual,8,100.0,-0.00102611741970704,False
final_input_token_layerwise,undisclosed,k9,response_residual,9,100.0,-0.0007981989263755596,False
final_input_token_layerwise,undisclosed,k9,response_residual,10,100.0,-0.0006964663802354609,False
final_input_token_layerwise,undisclosed,k9,response_residual,11,100.0,-0.00036194826181570883,False
final_input_token_layerwise,undisclosed,k9,response_residual,12,100.0,-0.0002495029071002408,False
final_input_token_layerwise,undisclosed,k9,response_residual,13,100.0,-0.0005238198444146858,False
final_input_token_layerwise,undisclosed,k9,response_residual,14,100.0,-0.0007147878954041897,False
final_input_token_layerwise,undisclosed,k9,response_residual,15,100.0,-0.001141126023263328,False
final_input_token_layerwise,undisclosed,k9,response_residual,16,100.0,-0.00043998788398197375,False
final_input_token_layerwise,undisclosed,k9,response_residual,17,100.0,7.966086892552404e-05,False
final_input_token_layerwise,undisclosed,k9,response_residual,18,100.0,0.0007032791151298234,False
final_input_token_layerwise,undisclosed,k9,response_residual,19,3.0,0.005946636316485759,False
final_input_token_layerwise,undisclosed,k9,response_residual,20,3.0,0.03954937906139899,True
final_input_token_layerwise,undisclosed,k9,response_residual,21,3.0,0.030404729395945768,False
final_input_token_layerwise,undisclosed,k9,response_residual,22,3.0,0.012992631607770921,False
final_input_token_layerwise,undisclosed,k9,response_residual,23,3.0,0.012446765852736685,False
final_input_token_layerwise,undisclosed,k9,response_residual,24,100.0,0.004591965271792314,False
final_input_token_layerwise,undisclosed,k9,response_residual,25,3.0,0.004101515818569462,False
final_input_token_layerwise,undisclosed,k9,response_residual,26,3.0,0.013318864216026516,False
final_input_token_layerwise,undisclosed,k9,response_residual,27,3.0,0.023690021942519346,False
final_input_token_layerwise,undisclosed,k9,response_residual,28,3.0,0.019342327201485793,False
final_input_token_layerwise,undisclosed,k9,response_residual,29,3.0,0.01634163363900426,False
final_input_token_layerwise,undisclosed,k9,response_residual,30,3.0,0.014485340848501116,False
final_input_token_layerwise,undisclosed,k9,response_residual,31,3.0,0.007563584291509079,False
final_input_token_layerwise,undisclosed,k9,response_residual,32,100.0,0.002664528482184958,False
final_input_token_layerwise,undisclosed,k9,response_residual,33,100.0,0.002076864488786495,False
final_input_token_layerwise,undisclosed,k9,response_residual,34,100.0,0.000991133073167394,False
final_input_token_layerwise,undisclosed,k9,response_residual,35,3.0,0.019173937140901348,False
final_input_token_layerwise,undisclosed,k9,response_residual,36,3.0,0.017182276726610074,False
final_input_token_layerwise,undisclosed,k9,last_target_observation,0,0.0001,1.3877787807814457e-16,False
final_input_token_layerwise,undisclosed,k9,last_target_observation,1,100.0,-0.006619583505498128,False
final_input_token_layerwise,undisclosed,k9,last_target_observation,2,100.0,-0.005015994725936113,False
final_input_token_layerwise,undisclosed,k9,last_target_observation,3,100.0,-0.003762812050777886,False
final_input_token_layerwise,undisclosed,k9,last_target_observation,4,100.0,-0.0023924650683494753,False
final_input_token_layerwise,undisclosed,k9,last_target_observation,5,100.0,-0.0012432128241120222,False
final_input_token_layerwise,undisclosed,k9,last_target_observation,6,100.0,-0.0009093817742126531,False
final_input_token_layerwise,undisclosed,k9,last_target_observation,7,100.0,-0.0011387850951175282,False
final_input_token_layerwise,undisclosed,k9,last_target_observation,8,100.0,-0.0011729230122153878,False
final_input_token_layerwise,undisclosed,k9,last_target_observation,9,100.0,-0.0008311305710515526,False
final_input_token_layerwise,undisclosed,k9,last_target_observation,10,100.0,-0.0009737029254121565,False
final_input_token_layerwise,undisclosed,k9,last_target_observation,11,100.0,-0.00014241776569043352,False
final_input_token_layerwise,undisclosed,k9,last_target_observation,12,100.0,0.0002751952810513547,False
final_input_token_layerwise,undisclosed,k9,last_target_observation,13,3.0,0.026039510006897193,False
final_input_token_layerwise,undisclosed,k9,last_target_observation,14,3.0,0.012026232633363887,False
final_input_token_layerwise,undisclosed,k9,last_target_observation,15,3.0,0.035875601026083476,False
final_input_token_layerwise,undisclosed,k9,last_target_observation,16,3.0,0.029167775912477822,False
final_input_token_layerwise,undisclosed,k9,last_target_observation,17,3.0,0.04947742075608924,False
final_input_token_layerwise,undisclosed,k9,last_target_observation,18,3.0,0.03933828494079103,False
final_input_token_layerwise,undisclosed,k9,last_target_observation,19,3.0,0.06552123707139976,False
final_input_token_layerwise,undisclosed,k9,last_target_observation,20,3.0,0.0739455224100952,True
final_input_token_layerwise,undisclosed,k9,last_target_observation,21,3.0,0.034504695988715695,False
final_input_token_layerwise,undisclosed,k9,last_target_observation,22,3.0,0.0334190488774084,False
final_input_token_layerwise,undisclosed,k9,last_target_observation,23,3.0,0.03872314566245072,False
final_input_token_layerwise,undisclosed,k9,last_target_observation,24,3.0,0.03766408918459083,False
final_input_token_layerwise,undisclosed,k9,last_target_observation,25,3.0,0.048999710308718525,False
final_input_token_layerwise,undisclosed,k9,last_target_observation,26,3.0,0.04107293403534948,False
final_input_token_layerwise,undisclosed,k9,last_target_observation,27,3.0,0.04710550719082643,False
final_input_token_layerwise,undisclosed,k9,last_target_observation,28,3.0,0.04806313932872777,False
final_input_token_layerwise,undisclosed,k9,last_target_observation,29,3.0,0.034623486049208174,False
final_input_token_layerwise,undisclosed,k9,last_target_observation,30,3.0,0.0290925736756375,False
final_input_token_layerwise,undisclosed,k9,last_target_observation,31,3.0,0.026082296861190457,False
final_input_token_layerwise,undisclosed,k9,last_target_observation,32,3.0,0.026016632753357305,False
final_input_token_layerwise,undisclosed,k9,last_target_observation,33,3.0,0.007495189154518994,False
final_input_token_layerwise,undisclosed,k9,last_target_observation,34,3.0,0.014066309248637443,False
final_input_token_layerwise,undisclosed,k9,last_target_observation,35,3.0,0.029035561416712596,False
final_input_token_layerwise,undisclosed,k9,last_target_observation,36,3.0,0.03171483967430283,False
final_input_token_layerwise,undisclosed,k9,target_observation_mean,0,0.0001,3.885780586188048e-16,False
final_input_token_layerwise,undisclosed,k9,target_observation_mean,1,100.0,0.0049589658820763105,False
final_input_token_layerwise,undisclosed,k9,target_observation_mean,2,3.0,0.007181429230005004,False
final_input_token_layerwise,undisclosed,k9,target_observation_mean,3,3.0,0.015036197296553422,False
final_input_token_layerwise,undisclosed,k9,target_observation_mean,4,3.0,0.009481208798185203,False
final_input_token_layerwise,undisclosed,k9,target_observation_mean,5,3.0,0.006142362864740125,False
final_input_token_layerwise,undisclosed,k9,target_observation_mean,6,100.0,0.000513216719572801,False
final_input_token_layerwise,undisclosed,k9,target_observation_mean,7,3.0,0.012725863625244332,False
final_input_token_layerwise,undisclosed,k9,target_observation_mean,8,3.0,0.007388490499454725,False
final_input_token_layerwise,undisclosed,k9,target_observation_mean,9,3.0,0.012905755128424012,False
final_input_token_layerwise,undisclosed,k9,target_observation_mean,10,100.0,0.0007147573228869497,False
final_input_token_layerwise,undisclosed,k9,target_observation_mean,11,100.0,0.0007743222906175795,False
final_input_token_layerwise,undisclosed,k9,target_observation_mean,12,3.0,0.012514954511947979,False
final_input_token_layerwise,undisclosed,k9,target_observation_mean,13,3.0,0.004876924464505578,False
final_input_token_layerwise,undisclosed,k9,target_observation_mean,14,3.0,0.0037181170012935694,False
final_input_token_layerwise,undisclosed,k9,target_observation_mean,15,100.0,3.647573291401529e-05,False
final_input_token_layerwise,undisclosed,k9,target_observation_mean,16,100.0,0.0003753736783508044,False
final_input_token_layerwise,undisclosed,k9,target_observation_mean,17,100.0,-0.0011072902254239125,False
final_input_token_layerwise,undisclosed,k9,target_observation_mean,18,100.0,-0.0003171264911281946,False
final_input_token_layerwise,undisclosed,k9,target_observation_mean,19,3.0,0.003597027010013659,False
final_input_token_layerwise,undisclosed,k9,target_observation_mean,20,3.0,0.06679576553255337,True
final_input_token_layerwise,undisclosed,k9,target_observation_mean,21,3.0,0.04602628241809875,False
final_input_token_layerwise,undisclosed,k9,target_observation_mean,22,3.0,0.06176820670869429,False
final_input_token_layerwise,undisclosed,k9,target_observation_mean,23,3.0,0.05624840703691861,False
final_input_token_layerwise,undisclosed,k9,target_observation_mean,24,3.0,0.031534874352360326,False
final_input_token_layerwise,undisclosed,k9,target_observation_mean,25,3.0,0.012976114949964757,False
final_input_token_layerwise,undisclosed,k9,target_observation_mean,26,3.0,0.021440607542413587,False
final_input_token_layerwise,undisclosed,k9,target_observation_mean,27,3.0,0.04444485792606803,False
final_input_token_layerwise,undisclosed,k9,target_observation_mean,28,3.0,0.046934468426552356,False
final_input_token_layerwise,undisclosed,k9,target_observation_mean,29,3.0,0.036805256619600324,False
final_input_token_layerwise,undisclosed,k9,target_observation_mean,30,3.0,0.021175220545409185,False
final_input_token_layerwise,undisclosed,k9,target_observation_mean,31,3.0,0.023635461332524782,False
final_input_token_layerwise,undisclosed,k9,target_observation_mean,32,3.0,0.017021584563916337,False
final_input_token_layerwise,undisclosed,k9,target_observation_mean,33,3.0,0.020314350245885293,False
final_input_token_layerwise,undisclosed,k9,target_observation_mean,34,3.0,0.021435241085192486,False
final_input_token_layerwise,undisclosed,k9,target_observation_mean,35,3.0,0.04215488859341551,False
final_input_token_layerwise,undisclosed,k9,target_observation_mean,36,3.0,0.042100104750830425,False
final_input_token_layerwise,undisclosed,k9,target_time_slope,0,0.0001,0.0,False
final_input_token_layerwise,undisclosed,k9,target_time_slope,1,3.0,0.010191886034709274,False
final_input_token_layerwise,undisclosed,k9,target_time_slope,2,100.0,-0.0018570065444528938,False
final_input_token_layerwise,undisclosed,k9,target_time_slope,3,100.0,-0.0018568123551173654,False
final_input_token_layerwise,undisclosed,k9,target_time_slope,4,100.0,-0.0016022951330870172,False
final_input_token_layerwise,undisclosed,k9,target_time_slope,5,100.0,-0.001081672293643754,False
final_input_token_layerwise,undisclosed,k9,target_time_slope,6,100.0,-0.00044282506079049155,False
final_input_token_layerwise,undisclosed,k9,target_time_slope,7,100.0,-0.0006531091409317236,False
final_input_token_layerwise,undisclosed,k9,target_time_slope,8,100.0,-3.1067254895073004e-05,False
final_input_token_layerwise,undisclosed,k9,target_time_slope,9,100.0,-0.00014389800682579335,False
final_input_token_layerwise,undisclosed,k9,target_time_slope,10,100.0,-0.00025503805260751466,False
final_input_token_layerwise,undisclosed,k9,target_time_slope,11,100.0,-0.00038478004497788376,False
final_input_token_layerwise,undisclosed,k9,target_time_slope,12,3.0,0.0021062689899725984,False
final_input_token_layerwise,undisclosed,k9,target_time_slope,13,3.0,0.029547479867352067,False
final_input_token_layerwise,undisclosed,k9,target_time_slope,14,3.0,0.014986629449271704,False
final_input_token_layerwise,undisclosed,k9,target_time_slope,15,3.0,0.02531532899790853,False
final_input_token_layerwise,undisclosed,k9,target_time_slope,16,3.0,0.03249993857832717,False
final_input_token_layerwise,undisclosed,k9,target_time_slope,17,3.0,0.06091703630976636,False
final_input_token_layerwise,undisclosed,k9,target_time_slope,18,3.0,0.07587274848542266,False
final_input_token_layerwise,undisclosed,k9,target_time_slope,19,3.0,0.09290888003651182,False
final_input_token_layerwise,undisclosed,k9,target_time_slope,20,3.0,0.14444658456462633,True
final_input_token_layerwise,undisclosed,k9,target_time_slope,21,3.0,0.12821508048545396,False
final_input_token_layerwise,undisclosed,k9,target_time_slope,22,3.0,0.12220156720919478,False
final_input_token_layerwise,undisclosed,k9,target_time_slope,23,3.0,0.10581108889120883,False
final_input_token_layerwise,undisclosed,k9,target_time_slope,24,3.0,0.08273328714665273,False
final_input_token_layerwise,undisclosed,k9,target_time_slope,25,3.0,0.09308285620735943,False
final_input_token_layerwise,undisclosed,k9,target_time_slope,26,3.0,0.0966623020058523,False
final_input_token_layerwise,undisclosed,k9,target_time_slope,27,3.0,0.09962551131430422,False
final_input_token_layerwise,undisclosed,k9,target_time_slope,28,3.0,0.10289752613869574,False
final_input_token_layerwise,undisclosed,k9,target_time_slope,29,3.0,0.08275062394615573,False
final_input_token_layerwise,undisclosed,k9,target_time_slope,30,3.0,0.08180205644991437,False
final_input_token_layerwise,undisclosed,k9,target_time_slope,31,3.0,0.06743208551827545,False
final_input_token_layerwise,undisclosed,k9,target_time_slope,32,3.0,0.06251484443338456,False
final_input_token_layerwise,undisclosed,k9,target_time_slope,33,3.0,0.04931400262055277,False
final_input_token_layerwise,undisclosed,k9,target_time_slope,34,3.0,0.03539009793475764,False
final_input_token_layerwise,undisclosed,k9,target_time_slope,35,3.0,0.030655392870673648,False
final_input_token_layerwise,undisclosed,k9,target_time_slope,36,3.0,0.051957101602648714,False
final_input_token_layerwise,undisclosed,k9,displayed_driver_outcome_slope,0,0.0001,-1.1102230246251565e-16,False
final_input_token_layerwise,undisclosed,k9,displayed_driver_outcome_slope,1,100.0,0.010129233941330945,False
final_input_token_layerwise,undisclosed,k9,displayed_driver_outcome_slope,2,3.0,0.011815641191210202,False
final_input_token_layerwise,undisclosed,k9,displayed_driver_outcome_slope,3,3.0,0.017646076567868568,False
final_input_token_layerwise,undisclosed,k9,displayed_driver_outcome_slope,4,3.0,0.027411718318163775,False
final_input_token_layerwise,undisclosed,k9,displayed_driver_outcome_slope,5,3.0,0.020698137715260773,False
final_input_token_layerwise,undisclosed,k9,displayed_driver_outcome_slope,6,3.0,0.013811945716834834,False
final_input_token_layerwise,undisclosed,k9,displayed_driver_outcome_slope,7,100.0,0.00035091401338702144,False
final_input_token_layerwise,undisclosed,k9,displayed_driver_outcome_slope,8,3.0,0.04387558166816152,False
final_input_token_layerwise,undisclosed,k9,displayed_driver_outcome_slope,9,3.0,0.04289044769766551,False
final_input_token_layerwise,undisclosed,k9,displayed_driver_outcome_slope,10,3.0,0.03330062668200631,False
final_input_token_layerwise,undisclosed,k9,displayed_driver_outcome_slope,11,3.0,0.043008086160175735,False
final_input_token_layerwise,undisclosed,k9,displayed_driver_outcome_slope,12,3.0,0.041834573172853606,False
final_input_token_layerwise,undisclosed,k9,displayed_driver_outcome_slope,13,3.0,0.020076258484176185,False
final_input_token_layerwise,undisclosed,k9,displayed_driver_outcome_slope,14,3.0,0.024102671498290318,False
final_input_token_layerwise,undisclosed,k9,displayed_driver_outcome_slope,15,3.0,0.004433414588435686,False
final_input_token_layerwise,undisclosed,k9,displayed_driver_outcome_slope,16,3.0,0.02765093452674891,False
final_input_token_layerwise,undisclosed,k9,displayed_driver_outcome_slope,17,3.0,0.010281343682640776,False
final_input_token_layerwise,undisclosed,k9,displayed_driver_outcome_slope,18,100.0,-0.000396305429218341,False
final_input_token_layerwise,undisclosed,k9,displayed_driver_outcome_slope,19,3.0,0.021196408459570937,False
final_input_token_layerwise,undisclosed,k9,displayed_driver_outcome_slope,20,3.0,0.027240567935710613,False
final_input_token_layerwise,undisclosed,k9,displayed_driver_outcome_slope,21,3.0,0.04145377148436699,False
final_input_token_layerwise,undisclosed,k9,displayed_driver_outcome_slope,22,3.0,0.029096821062197575,False
final_input_token_layerwise,undisclosed,k9,displayed_driver_outcome_slope,23,3.0,0.05156009208919296,False
final_input_token_layerwise,undisclosed,k9,displayed_driver_outcome_slope,24,3.0,0.05666114589362986,True
final_input_token_layerwise,undisclosed,k9,displayed_driver_outcome_slope,25,3.0,0.03772241953714087,False
final_input_token_layerwise,undisclosed,k9,displayed_driver_outcome_slope,26,3.0,0.039474617815842106,False
final_input_token_layerwise,undisclosed,k9,displayed_driver_outcome_slope,27,3.0,0.050234848192435344,False
final_input_token_layerwise,undisclosed,k9,displayed_driver_outcome_slope,28,3.0,0.04114745459260777,False
final_input_token_layerwise,undisclosed,k9,displayed_driver_outcome_slope,29,3.0,0.03181710058308049,False
final_input_token_layerwise,undisclosed,k9,displayed_driver_outcome_slope,30,3.0,0.03756379573728985,False
final_input_token_layerwise,undisclosed,k9,displayed_driver_outcome_slope,31,3.0,0.03229439378448201,False
final_input_token_layerwise,undisclosed,k9,displayed_driver_outcome_slope,32,3.0,0.035131469411550625,False
final_input_token_layerwise,undisclosed,k9,displayed_driver_outcome_slope,33,3.0,0.020970583394365833,False
final_input_token_layerwise,undisclosed,k9,displayed_driver_outcome_slope,34,3.0,0.012595624306495468,False
final_input_token_layerwise,undisclosed,k9,displayed_driver_outcome_slope,35,3.0,0.02774008092466848,False
final_input_token_layerwise,undisclosed,k9,displayed_driver_outcome_slope,36,3.0,0.023597883024747385,False
final_input_token_layerwise,undisclosed,k9,oracle_posterior_gain,0,0.0001,0.0,False
final_input_token_layerwise,undisclosed,k9,oracle_posterior_gain,1,100.0,-1.644619716717477e-06,False
final_input_token_layerwise,undisclosed,k9,oracle_posterior_gain,2,100.0,0.0005869348111703365,False
final_input_token_layerwise,undisclosed,k9,oracle_posterior_gain,3,100.0,0.0008459888729376308,False
final_input_token_layerwise,undisclosed,k9,oracle_posterior_gain,4,100.0,-0.0005799440915755238,False
final_input_token_layerwise,undisclosed,k9,oracle_posterior_gain,5,100.0,-0.0005910003628066263,False
final_input_token_layerwise,undisclosed,k9,oracle_posterior_gain,6,100.0,-0.0007403477051475815,False
final_input_token_layerwise,undisclosed,k9,oracle_posterior_gain,7,100.0,-0.0008644891707981772,False
final_input_token_layerwise,undisclosed,k9,oracle_posterior_gain,8,100.0,-0.0011300726334854683,False
final_input_token_layerwise,undisclosed,k9,oracle_posterior_gain,9,100.0,-0.0016178175415213492,False
final_input_token_layerwise,undisclosed,k9,oracle_posterior_gain,10,100.0,-0.0011735693514347278,False
final_input_token_layerwise,undisclosed,k9,oracle_posterior_gain,11,100.0,8.652100194728174e-05,False
final_input_token_layerwise,undisclosed,k9,oracle_posterior_gain,12,100.0,-0.00010872642999174009,False
final_input_token_layerwise,undisclosed,k9,oracle_posterior_gain,13,100.0,0.00023959928325670288,False
final_input_token_layerwise,undisclosed,k9,oracle_posterior_gain,14,100.0,-0.000616969889633362,False
final_input_token_layerwise,undisclosed,k9,oracle_posterior_gain,15,100.0,-0.0011157280487706922,False
final_input_token_layerwise,undisclosed,k9,oracle_posterior_gain,16,100.0,-0.0007258780069588078,False
final_input_token_layerwise,undisclosed,k9,oracle_posterior_gain,17,100.0,-0.000873269517972397,False
final_input_token_layerwise,undisclosed,k9,oracle_posterior_gain,18,3.0,0.006969451147228939,False
final_input_token_layerwise,undisclosed,k9,oracle_posterior_gain,19,3.0,0.04566366930381102,False
final_input_token_layerwise,undisclosed,k9,oracle_posterior_gain,20,3.0,0.09938616297077951,False
final_input_token_layerwise,undisclosed,k9,oracle_posterior_gain,21,3.0,0.10874604521121836,False
final_input_token_layerwise,undisclosed,k9,oracle_posterior_gain,22,3.0,0.1078929563666334,False
final_input_token_layerwise,undisclosed,k9,oracle_posterior_gain,23,3.0,0.13875600268382357,False
final_input_token_layerwise,undisclosed,k9,oracle_posterior_gain,24,3.0,0.1559531985262657,False
final_input_token_layerwise,undisclosed,k9,oracle_posterior_gain,25,3.0,0.13731246292982038,False
final_input_token_layerwise,undisclosed,k9,oracle_posterior_gain,26,3.0,0.13935145224384846,False
final_input_token_layerwise,undisclosed,k9,oracle_posterior_gain,27,3.0,0.15761005280121507,False
final_input_token_layerwise,undisclosed,k9,oracle_posterior_gain,28,3.0,0.16504338817445183,False
final_input_token_layerwise,undisclosed,k9,oracle_posterior_gain,29,3.0,0.1619880128815606,False
final_input_token_layerwise,undisclosed,k9,oracle_posterior_gain,30,0.1,0.17707289254501202,False
final_input_token_layerwise,undisclosed,k9,oracle_posterior_gain,31,0.1,0.15311136483322957,False
final_input_token_layerwise,undisclosed,k9,oracle_posterior_gain,32,0.1,0.15026039562021387,False
final_input_token_layerwise,undisclosed,k9,oracle_posterior_gain,33,0.1,0.18164808137152608,False
final_input_token_layerwise,undisclosed,k9,oracle_posterior_gain,34,0.1,0.19298705171339428,False
final_input_token_layerwise,undisclosed,k9,oracle_posterior_gain,35,0.1,0.22878537909972485,False
final_input_token_layerwise,undisclosed,k9,oracle_posterior_gain,36,0.1,0.26933127517638433,True
final_input_token_layerwise,undisclosed,pooled,gain,0,0.0001,0.0,False
final_input_token_layerwise,undisclosed,pooled,gain,1,100.0,0.0014212357849960888,False
final_input_token_layerwise,undisclosed,pooled,gain,2,100.0,0.0009091520063388148,False
final_input_token_layerwise,undisclosed,pooled,gain,3,100.0,-0.0018106825011082832,False
final_input_token_layerwise,undisclosed,pooled,gain,4,100.0,-0.003017225781243906,False
final_input_token_layerwise,undisclosed,pooled,gain,5,100.0,-0.0024752041549947015,False
final_input_token_layerwise,undisclosed,pooled,gain,6,100.0,-0.003349414348001789,False
final_input_token_layerwise,undisclosed,pooled,gain,7,100.0,-0.003080136130694309,False
final_input_token_layerwise,undisclosed,pooled,gain,8,100.0,-0.0026794653174768055,False
final_input_token_layerwise,undisclosed,pooled,gain,9,100.0,-0.00219476532023997,False
final_input_token_layerwise,undisclosed,pooled,gain,10,100.0,-0.0014160054712244092,False
final_input_token_layerwise,undisclosed,pooled,gain,11,100.0,-0.00204006234091846,False
final_input_token_layerwise,undisclosed,pooled,gain,12,100.0,-0.0017634665856000782,False
final_input_token_layerwise,undisclosed,pooled,gain,13,100.0,-0.003971775396501213,False
final_input_token_layerwise,undisclosed,pooled,gain,14,100.0,-0.002384056387136957,False
final_input_token_layerwise,undisclosed,pooled,gain,15,100.0,0.00013845426529944063,False
final_input_token_layerwise,undisclosed,pooled,gain,16,100.0,0.0020930596035249696,False
final_input_token_layerwise,undisclosed,pooled,gain,17,100.0,0.0011953112312584613,False
final_input_token_layerwise,undisclosed,pooled,gain,18,100.0,0.003732155134064441,False
final_input_token_layerwise,undisclosed,pooled,gain,19,100.0,0.005058483086114489,False
final_input_token_layerwise,undisclosed,pooled,gain,20,100.0,0.009668111718277417,False
final_input_token_layerwise,undisclosed,pooled,gain,21,3.0,0.012343308871938352,False
final_input_token_layerwise,undisclosed,pooled,gain,22,100.0,0.006159830718709801,False
final_input_token_layerwise,undisclosed,pooled,gain,23,100.0,0.01708295092611853,False
final_input_token_layerwise,undisclosed,pooled,gain,24,3.0,0.024154560334626384,False
final_input_token_layerwise,undisclosed,pooled,gain,25,3.0,0.041907406442444284,False
final_input_token_layerwise,undisclosed,pooled,gain,26,3.0,0.037593154453335054,False
final_input_token_layerwise,undisclosed,pooled,gain,27,3.0,0.0428684551311378,False
final_input_token_layerwise,undisclosed,pooled,gain,28,3.0,0.060916381496553484,True
final_input_token_layerwise,undisclosed,pooled,gain,29,3.0,0.05664447628447597,False
final_input_token_layerwise,undisclosed,pooled,gain,30,3.0,0.0360113014089219,False
final_input_token_layerwise,undisclosed,pooled,gain,31,100.0,0.022350463443021728,False
final_input_token_layerwise,undisclosed,pooled,gain,32,100.0,0.021936468367349905,False
final_input_token_layerwise,undisclosed,pooled,gain,33,100.0,0.01903584745549375,False
final_input_token_layerwise,undisclosed,pooled,gain,34,100.0,0.017241291269557202,False
final_input_token_layerwise,undisclosed,pooled,gain,35,3.0,0.04632483606056357,False
final_input_token_layerwise,undisclosed,pooled,gain,36,3.0,0.045290003365140934,False
final_input_token_layerwise,undisclosed,pooled,response_residual,0,0.0001,-2.7755575615628914e-17,False
final_input_token_layerwise,undisclosed,pooled,response_residual,1,100.0,-0.00133118219742559,False
final_input_token_layerwise,undisclosed,pooled,response_residual,2,100.0,-0.001449084177427053,False
final_input_token_layerwise,undisclosed,pooled,response_residual,3,100.0,-0.003278990679969359,False
final_input_token_layerwise,undisclosed,pooled,response_residual,4,100.0,-0.0030589340901344964,False
final_input_token_layerwise,undisclosed,pooled,response_residual,5,100.0,-0.0031866937825447785,False
final_input_token_layerwise,undisclosed,pooled,response_residual,6,100.0,-0.004541678717892091,False
final_input_token_layerwise,undisclosed,pooled,response_residual,7,100.0,-0.004095648998002401,False
final_input_token_layerwise,undisclosed,pooled,response_residual,8,100.0,-0.0025774528623161153,False
final_input_token_layerwise,undisclosed,pooled,response_residual,9,100.0,-0.001364490660214111,False
final_input_token_layerwise,undisclosed,pooled,response_residual,10,100.0,-0.000657714934848184,False
final_input_token_layerwise,undisclosed,pooled,response_residual,11,100.0,-0.0008771663631114238,False
final_input_token_layerwise,undisclosed,pooled,response_residual,12,100.0,-0.00048000431627534534,False
final_input_token_layerwise,undisclosed,pooled,response_residual,13,100.0,-0.004875900783333599,False
final_input_token_layerwise,undisclosed,pooled,response_residual,14,100.0,-0.0034558554387892717,False
final_input_token_layerwise,undisclosed,pooled,response_residual,15,100.0,-0.0005057376543786499,False
final_input_token_layerwise,undisclosed,pooled,response_residual,16,100.0,0.0016939929285822348,False
final_input_token_layerwise,undisclosed,pooled,response_residual,17,100.0,0.001502399306920967,False
final_input_token_layerwise,undisclosed,pooled,response_residual,18,100.0,0.003024885984310962,False
final_input_token_layerwise,undisclosed,pooled,response_residual,19,100.0,0.0020108682438091294,False
final_input_token_layerwise,undisclosed,pooled,response_residual,20,100.0,0.005052190361904574,False
final_input_token_layerwise,undisclosed,pooled,response_residual,21,100.0,0.002886879871579077,False
final_input_token_layerwise,undisclosed,pooled,response_residual,22,100.0,2.5870725388556688e-05,False
final_input_token_layerwise,undisclosed,pooled,response_residual,23,100.0,0.007199644771851921,False
final_input_token_layerwise,undisclosed,pooled,response_residual,24,100.0,0.007530606015489993,False
final_input_token_layerwise,undisclosed,pooled,response_residual,25,100.0,0.012192957781916971,False
final_input_token_layerwise,undisclosed,pooled,response_residual,26,100.0,0.01227335588215205,False
final_input_token_layerwise,undisclosed,pooled,response_residual,27,100.0,0.014693514530958176,False
final_input_token_layerwise,undisclosed,pooled,response_residual,28,100.0,0.01526623060733904,True
final_input_token_layerwise,undisclosed,pooled,response_residual,29,100.0,0.014226456678489227,False
final_input_token_layerwise,undisclosed,pooled,response_residual,30,100.0,0.011351021636475602,False
final_input_token_layerwise,undisclosed,pooled,response_residual,31,100.0,0.009490557093233468,False
final_input_token_layerwise,undisclosed,pooled,response_residual,32,100.0,0.008631490117641943,False
final_input_token_layerwise,undisclosed,pooled,response_residual,33,100.0,0.006709842150472036,False
final_input_token_layerwise,undisclosed,pooled,response_residual,34,100.0,0.0053139820423564925,False
final_input_token_layerwise,undisclosed,pooled,response_residual,35,100.0,0.01021771824407692,False
final_input_token_layerwise,undisclosed,pooled,response_residual,36,100.0,0.01071471604155184,False
mean_embedding,disclosed,k3,gain,0,100.0,-0.0013393875603101013,True
mean_embedding,disclosed,k3,response_residual,0,100.0,-0.00047630881776636325,True
mean_embedding,disclosed,k6,gain,0,100.0,-0.00017146628251396567,True
mean_embedding,disclosed,k6,response_residual,0,100.0,0.0009699176825104794,True
mean_embedding,disclosed,k9,gain,0,100.0,-0.0007117472640997269,True
mean_embedding,disclosed,k9,response_residual,0,100.0,0.000953518261265135,True
mean_embedding,disclosed,pooled,gain,0,100.0,-0.00911051926355024,True
mean_embedding,disclosed,pooled,response_residual,0,100.0,-0.002252039089797505,True
mean_embedding,undisclosed,k3,gain,0,100.0,-0.0015577820481136873,True
mean_embedding,undisclosed,k3,response_residual,0,100.0,-0.0006124525688177007,True
mean_embedding,undisclosed,k6,gain,0,100.0,-0.00029001209052947896,True
mean_embedding,undisclosed,k6,response_residual,0,100.0,0.0009460246119616933,True
mean_embedding,undisclosed,k9,gain,0,100.0,-0.0008389494439039191,True
mean_embedding,undisclosed,k9,response_residual,0,100.0,0.0009659547891521236,True
mean_embedding,undisclosed,pooled,gain,0,100.0,-0.009139188506194404,True
mean_embedding,undisclosed,pooled,response_residual,0,100.0,-0.0022825781034909085,True
mean_final_layer,disclosed,k3,gain,0,100.0,-0.0003127775778225539,True
mean_final_layer,disclosed,k3,response_residual,0,100.0,-0.00045950695811891595,True
mean_final_layer,disclosed,k6,gain,0,3.0,0.007109705657159043,True
mean_final_layer,disclosed,k6,response_residual,0,100.0,-8.23352710123404e-05,True
mean_final_layer,disclosed,k9,gain,0,0.1,0.03871513384659042,True
mean_final_layer,disclosed,k9,response_residual,0,3.0,0.008666828025453877,True
mean_final_layer,disclosed,pooled,gain,0,100.0,0.004879194054162511,True
mean_final_layer,disclosed,pooled,response_residual,0,100.0,-0.0005867016560473318,True
mean_final_layer,undisclosed,k3,gain,0,100.0,-0.0007813909402006325,True
mean_final_layer,undisclosed,k3,response_residual,0,100.0,-0.0010008639205248415,True
mean_final_layer,undisclosed,k6,gain,0,3.0,0.0005015578776092211,True
mean_final_layer,undisclosed,k6,response_residual,0,100.0,-0.000380268637410891,True
mean_final_layer,undisclosed,k9,gain,0,0.1,0.030894232281801465,True
mean_final_layer,undisclosed,k9,response_residual,0,3.0,0.00854782969377249,True
mean_final_layer,undisclosed,pooled,gain,0,100.0,0.0015781568163060016,True
mean_final_layer,undisclosed,pooled,response_residual,0,100.0,-0.004265140291703301,True
