representation,train_disclosure,evidence,target,layer,alpha,cv_macro_development_baseline_r2,selected
final_input_token_layerwise,disclosed,k3,gain,0,0.0001,0.0,False
final_input_token_layerwise,disclosed,k3,gain,1,100.0,-0.0009687722074866734,False
final_input_token_layerwise,disclosed,k3,gain,2,100.0,0.00043165989365478996,False
final_input_token_layerwise,disclosed,k3,gain,3,100.0,-0.0002342950157806778,False
final_input_token_layerwise,disclosed,k3,gain,4,100.0,-0.00020942943502741396,False
final_input_token_layerwise,disclosed,k3,gain,5,100.0,-0.0003047893073188368,False
final_input_token_layerwise,disclosed,k3,gain,6,100.0,-0.0005619587577904983,False
final_input_token_layerwise,disclosed,k3,gain,7,100.0,-0.0005776229994962634,False
final_input_token_layerwise,disclosed,k3,gain,8,3.0,0.002353475180074782,False
final_input_token_layerwise,disclosed,k3,gain,9,3.0,0.00908561805007771,False
final_input_token_layerwise,disclosed,k3,gain,10,100.0,-0.0006443685355844164,False
final_input_token_layerwise,disclosed,k3,gain,11,3.0,0.0027340760427197464,False
final_input_token_layerwise,disclosed,k3,gain,12,3.0,0.007509016023077214,False
final_input_token_layerwise,disclosed,k3,gain,13,100.0,0.0009402117476797756,False
final_input_token_layerwise,disclosed,k3,gain,14,100.0,9.385048754473324e-06,False
final_input_token_layerwise,disclosed,k3,gain,15,100.0,0.0006693685083196677,False
final_input_token_layerwise,disclosed,k3,gain,16,100.0,0.0009501720759119425,False
final_input_token_layerwise,disclosed,k3,gain,17,3.0,0.025322569178554077,True
final_input_token_layerwise,disclosed,k3,gain,18,3.0,0.00665313061227521,False
final_input_token_layerwise,disclosed,k3,gain,19,100.0,-0.0002491277187791907,False
final_input_token_layerwise,disclosed,k3,gain,20,100.0,-0.00037283538580881737,False
final_input_token_layerwise,disclosed,k3,gain,21,100.0,-0.00026244658770857576,False
final_input_token_layerwise,disclosed,k3,gain,22,3.0,0.009422031373749584,False
final_input_token_layerwise,disclosed,k3,gain,23,3.0,0.006574298077175189,False
final_input_token_layerwise,disclosed,k3,gain,24,3.0,0.014959304736652912,False
final_input_token_layerwise,disclosed,k3,gain,25,3.0,0.016225814971423003,False
final_input_token_layerwise,disclosed,k3,gain,26,3.0,0.01958408866347927,False
final_input_token_layerwise,disclosed,k3,gain,27,3.0,0.013841203477590769,False
final_input_token_layerwise,disclosed,k3,gain,28,3.0,0.011684158534482236,False
final_input_token_layerwise,disclosed,k3,gain,29,3.0,0.012070935771921282,False
final_input_token_layerwise,disclosed,k3,gain,30,3.0,0.007186143973454656,False
final_input_token_layerwise,disclosed,k3,gain,31,100.0,0.00038509085538354637,False
final_input_token_layerwise,disclosed,k3,gain,32,100.0,0.0001680034866571034,False
final_input_token_layerwise,disclosed,k3,gain,33,100.0,-0.00023996477650881087,False
final_input_token_layerwise,disclosed,k3,gain,34,100.0,0.00017618161621893447,False
final_input_token_layerwise,disclosed,k3,gain,35,100.0,0.00032144128073124945,False
final_input_token_layerwise,disclosed,k3,gain,36,100.0,-3.7549152355709214e-05,False
final_input_token_layerwise,disclosed,k3,response_residual,0,0.0001,-2.7755575615628914e-17,False
final_input_token_layerwise,disclosed,k3,response_residual,1,100.0,-0.00060278116818685,False
final_input_token_layerwise,disclosed,k3,response_residual,2,100.0,0.00023273650352748088,False
final_input_token_layerwise,disclosed,k3,response_residual,3,100.0,-0.00011260497368220657,False
final_input_token_layerwise,disclosed,k3,response_residual,4,100.0,0.0003481886301955617,False
final_input_token_layerwise,disclosed,k3,response_residual,5,100.0,0.0001430211169048956,False
final_input_token_layerwise,disclosed,k3,response_residual,6,100.0,-3.115888060453709e-05,False
final_input_token_layerwise,disclosed,k3,response_residual,7,100.0,-0.0001730759131330084,False
final_input_token_layerwise,disclosed,k3,response_residual,8,100.0,0.00018158828074774092,False
final_input_token_layerwise,disclosed,k3,response_residual,9,3.0,0.0013310758162198566,False
final_input_token_layerwise,disclosed,k3,response_residual,10,100.0,-0.0002734897640989109,False
final_input_token_layerwise,disclosed,k3,response_residual,11,3.0,0.003792928777613752,False
final_input_token_layerwise,disclosed,k3,response_residual,12,3.0,0.008908912952364373,True
final_input_token_layerwise,disclosed,k3,response_residual,13,100.0,0.0011713030601058771,False
final_input_token_layerwise,disclosed,k3,response_residual,14,100.0,0.000550592002859035,False
final_input_token_layerwise,disclosed,k3,response_residual,15,100.0,0.0011480207717086965,False
final_input_token_layerwise,disclosed,k3,response_residual,16,100.0,0.00111946399426896,False
final_input_token_layerwise,disclosed,k3,response_residual,17,3.0,0.0028472787538984246,False
final_input_token_layerwise,disclosed,k3,response_residual,18,100.0,0.00045988892223591815,False
final_input_token_layerwise,disclosed,k3,response_residual,19,100.0,-0.000674066595369005,False
final_input_token_layerwise,disclosed,k3,response_residual,20,100.0,-0.0006541540880073415,False
final_input_token_layerwise,disclosed,k3,response_residual,21,100.0,-0.00041367413037055045,False
final_input_token_layerwise,disclosed,k3,response_residual,22,100.0,-5.47684449163921e-05,False
final_input_token_layerwise,disclosed,k3,response_residual,23,100.0,-0.00031755481878598113,False
final_input_token_layerwise,disclosed,k3,response_residual,24,100.0,-5.6431225192860035e-05,False
final_input_token_layerwise,disclosed,k3,response_residual,25,100.0,0.0005839609503174858,False
final_input_token_layerwise,disclosed,k3,response_residual,26,100.0,0.0007234491936828069,False
final_input_token_layerwise,disclosed,k3,response_residual,27,100.0,0.00042935530585189174,False
final_input_token_layerwise,disclosed,k3,response_residual,28,100.0,0.00013577696686964402,False
final_input_token_layerwise,disclosed,k3,response_residual,29,100.0,0.0003949634504296362,False
final_input_token_layerwise,disclosed,k3,response_residual,30,100.0,-2.4419921207385897e-05,False
final_input_token_layerwise,disclosed,k3,response_residual,31,100.0,-0.00027745973213783026,False
final_input_token_layerwise,disclosed,k3,response_residual,32,100.0,-0.00042963609330148866,False
final_input_token_layerwise,disclosed,k3,response_residual,33,100.0,-0.0007775216216620306,False
final_input_token_layerwise,disclosed,k3,response_residual,34,100.0,-0.00031720584306582644,False
final_input_token_layerwise,disclosed,k3,response_residual,35,100.0,-6.88549183018583e-05,False
final_input_token_layerwise,disclosed,k3,response_residual,36,100.0,-0.0005274136999220413,False
final_input_token_layerwise,disclosed,k3,last_target_observation,0,0.0001,-8.326672684688674e-17,False
final_input_token_layerwise,disclosed,k3,last_target_observation,1,0.1,0.08526777352223444,False
final_input_token_layerwise,disclosed,k3,last_target_observation,2,3.0,-0.00010358463407944551,False
final_input_token_layerwise,disclosed,k3,last_target_observation,3,100.0,-0.0009485691600862045,False
final_input_token_layerwise,disclosed,k3,last_target_observation,4,100.0,-0.00143230213118975,False
final_input_token_layerwise,disclosed,k3,last_target_observation,5,100.0,-0.0008071534474887176,False
final_input_token_layerwise,disclosed,k3,last_target_observation,6,100.0,-0.0006079692579441798,False
final_input_token_layerwise,disclosed,k3,last_target_observation,7,100.0,-0.0007642113759607494,False
final_input_token_layerwise,disclosed,k3,last_target_observation,8,3.0,0.00078962701809418,False
final_input_token_layerwise,disclosed,k3,last_target_observation,9,100.0,-0.0007038422681589496,False
final_input_token_layerwise,disclosed,k3,last_target_observation,10,100.0,-0.0009814238851211798,False
final_input_token_layerwise,disclosed,k3,last_target_observation,11,100.0,-0.0006067866518623122,False
final_input_token_layerwise,disclosed,k3,last_target_observation,12,100.0,-0.0003673594711687267,False
final_input_token_layerwise,disclosed,k3,last_target_observation,13,100.0,-0.00024087119601459706,False
final_input_token_layerwise,disclosed,k3,last_target_observation,14,100.0,-0.000912480435611096,False
final_input_token_layerwise,disclosed,k3,last_target_observation,15,100.0,-0.000925820699983565,False
final_input_token_layerwise,disclosed,k3,last_target_observation,16,100.0,-0.000984594040117609,False
final_input_token_layerwise,disclosed,k3,last_target_observation,17,100.0,-0.0017083911117063977,False
final_input_token_layerwise,disclosed,k3,last_target_observation,18,100.0,-0.00014768684413091204,False
final_input_token_layerwise,disclosed,k3,last_target_observation,19,3.0,0.029218575325608565,False
final_input_token_layerwise,disclosed,k3,last_target_observation,20,3.0,0.06702579156633887,False
final_input_token_layerwise,disclosed,k3,last_target_observation,21,3.0,0.08694722055498891,False
final_input_token_layerwise,disclosed,k3,last_target_observation,22,3.0,0.0975815348957269,True
final_input_token_layerwise,disclosed,k3,last_target_observation,23,3.0,0.09178164780140219,False
final_input_token_layerwise,disclosed,k3,last_target_observation,24,3.0,0.08322768650521348,False
final_input_token_layerwise,disclosed,k3,last_target_observation,25,3.0,0.05082497956021306,False
final_input_token_layerwise,disclosed,k3,last_target_observation,26,3.0,0.044472165416684084,False
final_input_token_layerwise,disclosed,k3,last_target_observation,27,3.0,0.046223487214335474,False
final_input_token_layerwise,disclosed,k3,last_target_observation,28,3.0,0.0576142739677612,False
final_input_token_layerwise,disclosed,k3,last_target_observation,29,3.0,0.05164259216411135,False
final_input_token_layerwise,disclosed,k3,last_target_observation,30,3.0,0.041425284779259636,False
final_input_token_layerwise,disclosed,k3,last_target_observation,31,3.0,0.03576594173096154,False
final_input_token_layerwise,disclosed,k3,last_target_observation,32,3.0,0.04176511365672406,False
final_input_token_layerwise,disclosed,k3,last_target_observation,33,3.0,0.033975350957619804,False
final_input_token_layerwise,disclosed,k3,last_target_observation,34,3.0,0.04811302423358474,False
final_input_token_layerwise,disclosed,k3,last_target_observation,35,3.0,0.04484575770280069,False
final_input_token_layerwise,disclosed,k3,last_target_observation,36,3.0,0.05659296990568766,False
final_input_token_layerwise,disclosed,k3,target_observation_mean,0,0.0001,5.551115123125783e-17,False
final_input_token_layerwise,disclosed,k3,target_observation_mean,1,3.0,0.014014725789361776,False
final_input_token_layerwise,disclosed,k3,target_observation_mean,2,3.0,0.012592785823404506,False
final_input_token_layerwise,disclosed,k3,target_observation_mean,3,3.0,0.0030039471820343666,False
final_input_token_layerwise,disclosed,k3,target_observation_mean,4,3.0,0.003665635094263736,False
final_input_token_layerwise,disclosed,k3,target_observation_mean,5,3.0,0.019228181553524987,False
final_input_token_layerwise,disclosed,k3,target_observation_mean,6,3.0,0.012023958122810485,False
final_input_token_layerwise,disclosed,k3,target_observation_mean,7,3.0,0.013748124152777735,False
final_input_token_layerwise,disclosed,k3,target_observation_mean,8,3.0,0.0074706871929305085,False
final_input_token_layerwise,disclosed,k3,target_observation_mean,9,100.0,-7.677150958987355e-05,False
final_input_token_layerwise,disclosed,k3,target_observation_mean,10,100.0,-0.0007054727099733427,False
final_input_token_layerwise,disclosed,k3,target_observation_mean,11,100.0,-0.0013217715718543965,False
final_input_token_layerwise,disclosed,k3,target_observation_mean,12,100.0,-0.0014043223487691658,False
final_input_token_layerwise,disclosed,k3,target_observation_mean,13,100.0,-0.002475181481443267,False
final_input_token_layerwise,disclosed,k3,target_observation_mean,14,100.0,-0.0028198736781677447,False
final_input_token_layerwise,disclosed,k3,target_observation_mean,15,100.0,-0.0011437901652069926,False
final_input_token_layerwise,disclosed,k3,target_observation_mean,16,3.0,0.0070615642316791405,False
final_input_token_layerwise,disclosed,k3,target_observation_mean,17,100.0,-0.00024850985026825256,False
final_input_token_layerwise,disclosed,k3,target_observation_mean,18,3.0,0.051134300801322974,False
final_input_token_layerwise,disclosed,k3,target_observation_mean,19,3.0,0.08796669499439583,False
final_input_token_layerwise,disclosed,k3,target_observation_mean,20,3.0,0.14538221893748793,False
final_input_token_layerwise,disclosed,k3,target_observation_mean,21,0.1,0.21214811549180126,True
final_input_token_layerwise,disclosed,k3,target_observation_mean,22,3.0,0.19070457718884354,False
final_input_token_layerwise,disclosed,k3,target_observation_mean,23,3.0,0.17370431512781132,False
final_input_token_layerwise,disclosed,k3,target_observation_mean,24,3.0,0.11940452656194739,False
final_input_token_layerwise,disclosed,k3,target_observation_mean,25,3.0,0.09759408957902652,False
final_input_token_layerwise,disclosed,k3,target_observation_mean,26,3.0,0.07918061710532578,False
final_input_token_layerwise,disclosed,k3,target_observation_mean,27,3.0,0.07382369084830234,False
final_input_token_layerwise,disclosed,k3,target_observation_mean,28,3.0,0.10041309147401717,False
final_input_token_layerwise,disclosed,k3,target_observation_mean,29,3.0,0.06460143694319281,False
final_input_token_layerwise,disclosed,k3,target_observation_mean,30,3.0,0.06075286086129414,False
final_input_token_layerwise,disclosed,k3,target_observation_mean,31,3.0,0.06179926432911198,False
final_input_token_layerwise,disclosed,k3,target_observation_mean,32,3.0,0.08099846404157401,False
final_input_token_layerwise,disclosed,k3,target_observation_mean,33,3.0,0.06838618688521012,False
final_input_token_layerwise,disclosed,k3,target_observation_mean,34,3.0,0.06724809219206856,False
final_input_token_layerwise,disclosed,k3,target_observation_mean,35,3.0,0.0613208948717848,False
final_input_token_layerwise,disclosed,k3,target_observation_mean,36,3.0,0.0908895218150477,False
final_input_token_layerwise,disclosed,k3,target_time_slope,0,0.0001,0.0,False
final_input_token_layerwise,disclosed,k3,target_time_slope,1,100.0,-0.0043473962458109305,False
final_input_token_layerwise,disclosed,k3,target_time_slope,2,100.0,-0.0023731917769153066,False
final_input_token_layerwise,disclosed,k3,target_time_slope,3,100.0,-0.0018389306699968522,False
final_input_token_layerwise,disclosed,k3,target_time_slope,4,100.0,-0.001103041397514548,False
final_input_token_layerwise,disclosed,k3,target_time_slope,5,100.0,-0.0009344939228759785,False
final_input_token_layerwise,disclosed,k3,target_time_slope,6,100.0,-0.0007442450627631325,False
final_input_token_layerwise,disclosed,k3,target_time_slope,7,100.0,-0.000350503318570089,False
final_input_token_layerwise,disclosed,k3,target_time_slope,8,100.0,-0.0012065499261447454,False
final_input_token_layerwise,disclosed,k3,target_time_slope,9,100.0,-0.00029401651198665557,False
final_input_token_layerwise,disclosed,k3,target_time_slope,10,3.0,0.0027518784794472173,False
final_input_token_layerwise,disclosed,k3,target_time_slope,11,3.0,0.013538199881340307,False
final_input_token_layerwise,disclosed,k3,target_time_slope,12,3.0,0.023912535875800722,False
final_input_token_layerwise,disclosed,k3,target_time_slope,13,3.0,0.022897111361109473,False
final_input_token_layerwise,disclosed,k3,target_time_slope,14,100.0,0.0014712240508969743,False
final_input_token_layerwise,disclosed,k3,target_time_slope,15,3.0,0.004008180318745919,False
final_input_token_layerwise,disclosed,k3,target_time_slope,16,3.0,0.0067508339853095956,False
final_input_token_layerwise,disclosed,k3,target_time_slope,17,100.0,-0.0007561934685679228,False
final_input_token_layerwise,disclosed,k3,target_time_slope,18,100.0,-0.0006779933448093356,False
final_input_token_layerwise,disclosed,k3,target_time_slope,19,100.0,-0.0004194470245014459,False
final_input_token_layerwise,disclosed,k3,target_time_slope,20,3.0,0.02238524374156428,False
final_input_token_layerwise,disclosed,k3,target_time_slope,21,3.0,0.025694660146476506,False
final_input_token_layerwise,disclosed,k3,target_time_slope,22,3.0,0.02413455167284065,False
final_input_token_layerwise,disclosed,k3,target_time_slope,23,3.0,0.02955311125222626,False
final_input_token_layerwise,disclosed,k3,target_time_slope,24,3.0,0.01532323129685545,False
final_input_token_layerwise,disclosed,k3,target_time_slope,25,3.0,0.01983789987934445,False
final_input_token_layerwise,disclosed,k3,target_time_slope,26,3.0,0.023500452463586063,False
final_input_token_layerwise,disclosed,k3,target_time_slope,27,3.0,0.022259073196730428,False
final_input_token_layerwise,disclosed,k3,target_time_slope,28,3.0,0.02052683145807907,False
final_input_token_layerwise,disclosed,k3,target_time_slope,29,3.0,0.04060153999140073,False
final_input_token_layerwise,disclosed,k3,target_time_slope,30,3.0,0.038606111795105175,False
final_input_token_layerwise,disclosed,k3,target_time_slope,31,3.0,0.027714621081314755,False
final_input_token_layerwise,disclosed,k3,target_time_slope,32,3.0,0.03528612204477605,False
final_input_token_layerwise,disclosed,k3,target_time_slope,33,3.0,0.047479474178567904,False
final_input_token_layerwise,disclosed,k3,target_time_slope,34,3.0,0.04694095213906241,False
final_input_token_layerwise,disclosed,k3,target_time_slope,35,3.0,0.050085463429206833,False
final_input_token_layerwise,disclosed,k3,target_time_slope,36,3.0,0.051690773797861134,True
final_input_token_layerwise,disclosed,k3,displayed_driver_outcome_slope,0,0.0001,5.551115123125783e-17,False
final_input_token_layerwise,disclosed,k3,displayed_driver_outcome_slope,1,3.0,0.006257095447717631,False
final_input_token_layerwise,disclosed,k3,displayed_driver_outcome_slope,2,100.0,0.0004303764255583764,False
final_input_token_layerwise,disclosed,k3,displayed_driver_outcome_slope,3,3.0,0.036336194300577634,True
final_input_token_layerwise,disclosed,k3,displayed_driver_outcome_slope,4,3.0,0.03097069769230265,False
final_input_token_layerwise,disclosed,k3,displayed_driver_outcome_slope,5,3.0,0.027931248314565754,False
final_input_token_layerwise,disclosed,k3,displayed_driver_outcome_slope,6,3.0,0.02437106314116913,False
final_input_token_layerwise,disclosed,k3,displayed_driver_outcome_slope,7,3.0,0.02928306934175412,False
final_input_token_layerwise,disclosed,k3,displayed_driver_outcome_slope,8,3.0,0.016826826114094473,False
final_input_token_layerwise,disclosed,k3,displayed_driver_outcome_slope,9,3.0,0.014452333446947602,False
final_input_token_layerwise,disclosed,k3,displayed_driver_outcome_slope,10,3.0,0.010152151241201085,False
final_input_token_layerwise,disclosed,k3,displayed_driver_outcome_slope,11,100.0,0.00034494547048444235,False
final_input_token_layerwise,disclosed,k3,displayed_driver_outcome_slope,12,3.0,0.004074096210418265,False
final_input_token_layerwise,disclosed,k3,displayed_driver_outcome_slope,13,3.0,0.012568085927879724,False
final_input_token_layerwise,disclosed,k3,displayed_driver_outcome_slope,14,100.0,-0.00022678004862022871,False
final_input_token_layerwise,disclosed,k3,displayed_driver_outcome_slope,15,100.0,-2.4255188144667317e-05,False
final_input_token_layerwise,disclosed,k3,displayed_driver_outcome_slope,16,3.0,0.0028444237642281656,False
final_input_token_layerwise,disclosed,k3,displayed_driver_outcome_slope,17,3.0,0.002704518862775618,False
final_input_token_layerwise,disclosed,k3,displayed_driver_outcome_slope,18,100.0,0.00014174000637237616,False
final_input_token_layerwise,disclosed,k3,displayed_driver_outcome_slope,19,100.0,0.0002718085700193773,False
final_input_token_layerwise,disclosed,k3,displayed_driver_outcome_slope,20,3.0,0.0034212155295368085,False
final_input_token_layerwise,disclosed,k3,displayed_driver_outcome_slope,21,100.0,0.001206555617497579,False
final_input_token_layerwise,disclosed,k3,displayed_driver_outcome_slope,22,100.0,0.0011928573889919414,False
final_input_token_layerwise,disclosed,k3,displayed_driver_outcome_slope,23,100.0,-9.593189872111885e-05,False
final_input_token_layerwise,disclosed,k3,displayed_driver_outcome_slope,24,100.0,0.0002021622277501578,False
final_input_token_layerwise,disclosed,k3,displayed_driver_outcome_slope,25,3.0,0.014805287686619678,False
final_input_token_layerwise,disclosed,k3,displayed_driver_outcome_slope,26,100.0,0.0002463455926362823,False
final_input_token_layerwise,disclosed,k3,displayed_driver_outcome_slope,27,3.0,0.0076815199793585365,False
final_input_token_layerwise,disclosed,k3,displayed_driver_outcome_slope,28,3.0,0.006548589026387136,False
final_input_token_layerwise,disclosed,k3,displayed_driver_outcome_slope,29,100.0,-0.0002569595429285365,False
final_input_token_layerwise,disclosed,k3,displayed_driver_outcome_slope,30,100.0,-0.00013668055827670278,False
final_input_token_layerwise,disclosed,k3,displayed_driver_outcome_slope,31,100.0,2.8314878486701556e-05,False
final_input_token_layerwise,disclosed,k3,displayed_driver_outcome_slope,32,100.0,0.00011266898898079636,False
final_input_token_layerwise,disclosed,k3,displayed_driver_outcome_slope,33,100.0,-0.000275393669436963,False
final_input_token_layerwise,disclosed,k3,displayed_driver_outcome_slope,34,100.0,-0.00032971685877300483,False
final_input_token_layerwise,disclosed,k3,displayed_driver_outcome_slope,35,100.0,-0.0006375379247449131,False
final_input_token_layerwise,disclosed,k3,displayed_driver_outcome_slope,36,100.0,-0.0005031370830345661,False
final_input_token_layerwise,disclosed,k3,oracle_posterior_gain,0,0.0001,0.0,False
final_input_token_layerwise,disclosed,k3,oracle_posterior_gain,1,100.0,-0.0035130987421674587,False
final_input_token_layerwise,disclosed,k3,oracle_posterior_gain,2,100.0,-0.002205947963477145,False
final_input_token_layerwise,disclosed,k3,oracle_posterior_gain,3,100.0,-0.001598678768021139,False
final_input_token_layerwise,disclosed,k3,oracle_posterior_gain,4,100.0,-0.0012118384558233442,False
final_input_token_layerwise,disclosed,k3,oracle_posterior_gain,5,100.0,-0.0013011547319173866,False
final_input_token_layerwise,disclosed,k3,oracle_posterior_gain,6,100.0,-0.0010668650972492366,False
final_input_token_layerwise,disclosed,k3,oracle_posterior_gain,7,100.0,-0.001325821065260524,False
final_input_token_layerwise,disclosed,k3,oracle_posterior_gain,8,100.0,-0.002662570218666671,False
final_input_token_layerwise,disclosed,k3,oracle_posterior_gain,9,100.0,-0.0022267363126454165,False
final_input_token_layerwise,disclosed,k3,oracle_posterior_gain,10,100.0,-0.002149845410909651,False
final_input_token_layerwise,disclosed,k3,oracle_posterior_gain,11,100.0,-0.0019369720895225373,False
final_input_token_layerwise,disclosed,k3,oracle_posterior_gain,12,100.0,-0.0016713584512279278,False
final_input_token_layerwise,disclosed,k3,oracle_posterior_gain,13,100.0,-0.001579151719018651,False
final_input_token_layerwise,disclosed,k3,oracle_posterior_gain,14,100.0,-0.0010801380559647134,False
final_input_token_layerwise,disclosed,k3,oracle_posterior_gain,15,100.0,-0.00019854705766381153,False
final_input_token_layerwise,disclosed,k3,oracle_posterior_gain,16,100.0,0.0009164858735712655,False
final_input_token_layerwise,disclosed,k3,oracle_posterior_gain,17,100.0,0.0017174200057095412,False
final_input_token_layerwise,disclosed,k3,oracle_posterior_gain,18,100.0,-0.0001670483161836933,False
final_input_token_layerwise,disclosed,k3,oracle_posterior_gain,19,3.0,0.0068923843221148084,False
final_input_token_layerwise,disclosed,k3,oracle_posterior_gain,20,3.0,0.0009382072430465793,False
final_input_token_layerwise,disclosed,k3,oracle_posterior_gain,21,3.0,0.007712243419800258,False
final_input_token_layerwise,disclosed,k3,oracle_posterior_gain,22,3.0,0.006565903603745926,False
final_input_token_layerwise,disclosed,k3,oracle_posterior_gain,23,3.0,0.027880428484508696,False
final_input_token_layerwise,disclosed,k3,oracle_posterior_gain,24,3.0,0.04113264871374245,False
final_input_token_layerwise,disclosed,k3,oracle_posterior_gain,25,3.0,0.06674141989459714,True
final_input_token_layerwise,disclosed,k3,oracle_posterior_gain,26,3.0,0.061216753012606206,False
final_input_token_layerwise,disclosed,k3,oracle_posterior_gain,27,3.0,0.06033172808849982,False
final_input_token_layerwise,disclosed,k3,oracle_posterior_gain,28,3.0,0.056282807190114054,False
final_input_token_layerwise,disclosed,k3,oracle_posterior_gain,29,3.0,0.06410314009675436,False
final_input_token_layerwise,disclosed,k3,oracle_posterior_gain,30,3.0,0.06553602869137676,False
final_input_token_layerwise,disclosed,k3,oracle_posterior_gain,31,3.0,0.06259780013760588,False
final_input_token_layerwise,disclosed,k3,oracle_posterior_gain,32,3.0,0.05570010606243481,False
final_input_token_layerwise,disclosed,k3,oracle_posterior_gain,33,3.0,0.04970705014870094,False
final_input_token_layerwise,disclosed,k3,oracle_posterior_gain,34,3.0,0.059570875983092214,False
final_input_token_layerwise,disclosed,k3,oracle_posterior_gain,35,3.0,0.05323929200348598,False
final_input_token_layerwise,disclosed,k3,oracle_posterior_gain,36,3.0,0.05971625618173085,False
final_input_token_layerwise,disclosed,k6,gain,0,0.0001,0.0,False
final_input_token_layerwise,disclosed,k6,gain,1,100.0,-0.0006434222047602689,False
final_input_token_layerwise,disclosed,k6,gain,2,100.0,-0.0011683999744350748,False
final_input_token_layerwise,disclosed,k6,gain,3,100.0,-0.0013531775290212544,False
final_input_token_layerwise,disclosed,k6,gain,4,100.0,-0.00033126366450289546,False
final_input_token_layerwise,disclosed,k6,gain,5,100.0,-0.0003751280553804248,False
final_input_token_layerwise,disclosed,k6,gain,6,100.0,-0.00040291394665481484,False
final_input_token_layerwise,disclosed,k6,gain,7,100.0,-0.0008842432868434447,False
final_input_token_layerwise,disclosed,k6,gain,8,100.0,-0.001241355135464195,False
final_input_token_layerwise,disclosed,k6,gain,9,100.0,-0.0009655159956007964,False
final_input_token_layerwise,disclosed,k6,gain,10,100.0,-0.0009221278657504384,False
final_input_token_layerwise,disclosed,k6,gain,11,100.0,-0.002163273487842843,False
final_input_token_layerwise,disclosed,k6,gain,12,100.0,-0.0014315347625238894,False
final_input_token_layerwise,disclosed,k6,gain,13,100.0,-0.0007224788354067702,False
final_input_token_layerwise,disclosed,k6,gain,14,100.0,-0.0013530271216461442,False
final_input_token_layerwise,disclosed,k6,gain,15,100.0,-0.0013018915617031834,False
final_input_token_layerwise,disclosed,k6,gain,16,100.0,-0.0008136532850224754,False
final_input_token_layerwise,disclosed,k6,gain,17,100.0,-0.0010720982902592269,False
final_input_token_layerwise,disclosed,k6,gain,18,100.0,-0.0018478322026595495,False
final_input_token_layerwise,disclosed,k6,gain,19,100.0,-0.0006273852551321735,False
final_input_token_layerwise,disclosed,k6,gain,20,100.0,-6.429663955487275e-05,False
final_input_token_layerwise,disclosed,k6,gain,21,100.0,0.0008102812948860838,False
final_input_token_layerwise,disclosed,k6,gain,22,3.0,0.016790049143790148,False
final_input_token_layerwise,disclosed,k6,gain,23,3.0,0.034621140469335315,False
final_input_token_layerwise,disclosed,k6,gain,24,3.0,0.044257051599125824,False
final_input_token_layerwise,disclosed,k6,gain,25,3.0,0.03237646486673962,False
final_input_token_layerwise,disclosed,k6,gain,26,3.0,0.0371044886605936,False
final_input_token_layerwise,disclosed,k6,gain,27,3.0,0.053265227060055764,True
final_input_token_layerwise,disclosed,k6,gain,28,3.0,0.042896583738148364,False
final_input_token_layerwise,disclosed,k6,gain,29,3.0,0.03915857104243414,False
final_input_token_layerwise,disclosed,k6,gain,30,3.0,0.03660495129879318,False
final_input_token_layerwise,disclosed,k6,gain,31,3.0,0.026605443212245367,False
final_input_token_layerwise,disclosed,k6,gain,32,3.0,0.023971193330942275,False
final_input_token_layerwise,disclosed,k6,gain,33,3.0,0.017528777715190264,False
final_input_token_layerwise,disclosed,k6,gain,34,3.0,0.022752500762112243,False
final_input_token_layerwise,disclosed,k6,gain,35,3.0,0.02492063797938432,False
final_input_token_layerwise,disclosed,k6,gain,36,3.0,0.021842997037243655,False
final_input_token_layerwise,disclosed,k6,response_residual,0,0.0001,-2.7755575615628914e-17,False
final_input_token_layerwise,disclosed,k6,response_residual,1,100.0,-0.002357897209194937,False
final_input_token_layerwise,disclosed,k6,response_residual,2,100.0,-0.0018146738204965207,False
final_input_token_layerwise,disclosed,k6,response_residual,3,100.0,-0.0016290059165883775,False
final_input_token_layerwise,disclosed,k6,response_residual,4,100.0,-0.0004875477263771577,False
final_input_token_layerwise,disclosed,k6,response_residual,5,100.0,-0.0005665185078740087,False
final_input_token_layerwise,disclosed,k6,response_residual,6,100.0,-0.0006728721690173467,False
final_input_token_layerwise,disclosed,k6,response_residual,7,100.0,-0.0010111653747337246,False
final_input_token_layerwise,disclosed,k6,response_residual,8,100.0,-0.0012351096319066224,False
final_input_token_layerwise,disclosed,k6,response_residual,9,100.0,-0.0010047936064012386,False
final_input_token_layerwise,disclosed,k6,response_residual,10,100.0,-0.0010346502158163073,False
final_input_token_layerwise,disclosed,k6,response_residual,11,100.0,-0.001691773354699333,False
final_input_token_layerwise,disclosed,k6,response_residual,12,100.0,-0.001152627726903277,False
final_input_token_layerwise,disclosed,k6,response_residual,13,100.0,-0.0005669683452170227,False
final_input_token_layerwise,disclosed,k6,response_residual,14,100.0,-0.0013585203884265151,False
final_input_token_layerwise,disclosed,k6,response_residual,15,100.0,-0.0011592216129306387,False
final_input_token_layerwise,disclosed,k6,response_residual,16,100.0,-0.0008255699768751901,False
final_input_token_layerwise,disclosed,k6,response_residual,17,100.0,-0.0006065133722455152,False
final_input_token_layerwise,disclosed,k6,response_residual,18,100.0,-0.001504014993278291,False
final_input_token_layerwise,disclosed,k6,response_residual,19,100.0,-0.0007247451676403172,False
final_input_token_layerwise,disclosed,k6,response_residual,20,100.0,-0.00022029237867643436,False
final_input_token_layerwise,disclosed,k6,response_residual,21,100.0,0.0001995324183034497,False
final_input_token_layerwise,disclosed,k6,response_residual,22,100.0,0.0006564831341350219,False
final_input_token_layerwise,disclosed,k6,response_residual,23,3.0,0.012463148105506194,False
final_input_token_layerwise,disclosed,k6,response_residual,24,3.0,0.013258263395880376,False
final_input_token_layerwise,disclosed,k6,response_residual,25,3.0,0.004810924472035821,False
final_input_token_layerwise,disclosed,k6,response_residual,26,3.0,0.007230587451228815,False
final_input_token_layerwise,disclosed,k6,response_residual,27,3.0,0.021057932070061652,True
final_input_token_layerwise,disclosed,k6,response_residual,28,3.0,0.01290538601600466,False
final_input_token_layerwise,disclosed,k6,response_residual,29,3.0,0.011988266924906676,False
final_input_token_layerwise,disclosed,k6,response_residual,30,3.0,0.012689538855630927,False
final_input_token_layerwise,disclosed,k6,response_residual,31,3.0,0.005066156113603254,False
final_input_token_layerwise,disclosed,k6,response_residual,32,3.0,0.003825446685180811,False
final_input_token_layerwise,disclosed,k6,response_residual,33,3.0,0.00324924683043204,False
final_input_token_layerwise,disclosed,k6,response_residual,34,3.0,0.0032427104107022597,False
final_input_token_layerwise,disclosed,k6,response_residual,35,3.0,0.006156574473435261,False
final_input_token_layerwise,disclosed,k6,response_residual,36,3.0,0.0019455796739461795,False
final_input_token_layerwise,disclosed,k6,last_target_observation,0,0.0001,-2.7755575615628914e-17,False
final_input_token_layerwise,disclosed,k6,last_target_observation,1,0.1,0.027648123310346606,False
final_input_token_layerwise,disclosed,k6,last_target_observation,2,3.0,0.0156448553601648,False
final_input_token_layerwise,disclosed,k6,last_target_observation,3,3.0,0.003026561942825856,False
final_input_token_layerwise,disclosed,k6,last_target_observation,4,100.0,0.001019045068454072,False
final_input_token_layerwise,disclosed,k6,last_target_observation,5,3.0,0.0054644838625953485,False
final_input_token_layerwise,disclosed,k6,last_target_observation,6,100.0,0.0004981196761160434,False
final_input_token_layerwise,disclosed,k6,last_target_observation,7,100.0,6.31631399290733e-05,False
final_input_token_layerwise,disclosed,k6,last_target_observation,8,3.0,0.0017400860629413484,False
final_input_token_layerwise,disclosed,k6,last_target_observation,9,100.0,0.0009350145983719749,False
final_input_token_layerwise,disclosed,k6,last_target_observation,10,3.0,0.008739060007147276,False
final_input_token_layerwise,disclosed,k6,last_target_observation,11,100.0,-0.00038367507116404687,False
final_input_token_layerwise,disclosed,k6,last_target_observation,12,100.0,-0.0007893414064829296,False
final_input_token_layerwise,disclosed,k6,last_target_observation,13,3.0,0.003749801715801443,False
final_input_token_layerwise,disclosed,k6,last_target_observation,14,3.0,0.03348933715324637,False
final_input_token_layerwise,disclosed,k6,last_target_observation,15,3.0,0.010337864554951948,False
final_input_token_layerwise,disclosed,k6,last_target_observation,16,3.0,0.03274689653815793,False
final_input_token_layerwise,disclosed,k6,last_target_observation,17,3.0,0.023419124759801513,False
final_input_token_layerwise,disclosed,k6,last_target_observation,18,3.0,0.012519318214344155,False
final_input_token_layerwise,disclosed,k6,last_target_observation,19,3.0,0.02469368594136756,False
final_input_token_layerwise,disclosed,k6,last_target_observation,20,3.0,0.05393324728130297,False
final_input_token_layerwise,disclosed,k6,last_target_observation,21,3.0,0.07467147262201218,True
final_input_token_layerwise,disclosed,k6,last_target_observation,22,3.0,0.06859377079475465,False
final_input_token_layerwise,disclosed,k6,last_target_observation,23,3.0,0.06339769731012052,False
final_input_token_layerwise,disclosed,k6,last_target_observation,24,3.0,0.042482621022009975,False
final_input_token_layerwise,disclosed,k6,last_target_observation,25,3.0,0.024557690567278023,False
final_input_token_layerwise,disclosed,k6,last_target_observation,26,3.0,0.0239847486380545,False
final_input_token_layerwise,disclosed,k6,last_target_observation,27,3.0,0.016345255682592152,False
final_input_token_layerwise,disclosed,k6,last_target_observation,28,3.0,0.009365822967849852,False
final_input_token_layerwise,disclosed,k6,last_target_observation,29,3.0,0.021820529877199013,False
final_input_token_layerwise,disclosed,k6,last_target_observation,30,3.0,0.014454959717756066,False
final_input_token_layerwise,disclosed,k6,last_target_observation,31,3.0,0.015104114765702503,False
final_input_token_layerwise,disclosed,k6,last_target_observation,32,3.0,0.015191005123711243,False
final_input_token_layerwise,disclosed,k6,last_target_observation,33,3.0,0.01696884472127183,False
final_input_token_layerwise,disclosed,k6,last_target_observation,34,3.0,0.014762305443257101,False
final_input_token_layerwise,disclosed,k6,last_target_observation,35,3.0,0.025751976732196147,False
final_input_token_layerwise,disclosed,k6,last_target_observation,36,3.0,0.020206571267921497,False
final_input_token_layerwise,disclosed,k6,target_observation_mean,0,0.0001,2.7755575615628914e-17,False
final_input_token_layerwise,disclosed,k6,target_observation_mean,1,100.0,-0.012352291540825372,False
final_input_token_layerwise,disclosed,k6,target_observation_mean,2,100.0,-0.005729836601297167,False
final_input_token_layerwise,disclosed,k6,target_observation_mean,3,100.0,-0.004740231042573179,False
final_input_token_layerwise,disclosed,k6,target_observation_mean,4,100.0,-0.0026044472137068675,False
final_input_token_layerwise,disclosed,k6,target_observation_mean,5,100.0,-0.0015939134414113543,False
final_input_token_layerwise,disclosed,k6,target_observation_mean,6,100.0,0.0003742154688404775,False
final_input_token_layerwise,disclosed,k6,target_observation_mean,7,3.0,0.008997760937856647,False
final_input_token_layerwise,disclosed,k6,target_observation_mean,8,3.0,0.005692506738692732,False
final_input_token_layerwise,disclosed,k6,target_observation_mean,9,100.0,0.0017428535810477541,False
final_input_token_layerwise,disclosed,k6,target_observation_mean,10,100.0,0.0011417163345835424,False
final_input_token_layerwise,disclosed,k6,target_observation_mean,11,100.0,0.000517240808535907,False
final_input_token_layerwise,disclosed,k6,target_observation_mean,12,100.0,0.001127704179989586,False
final_input_token_layerwise,disclosed,k6,target_observation_mean,13,3.0,0.005981195137835765,False
final_input_token_layerwise,disclosed,k6,target_observation_mean,14,100.0,0.001419217759657615,False
final_input_token_layerwise,disclosed,k6,target_observation_mean,15,100.0,0.00022416625007684599,False
final_input_token_layerwise,disclosed,k6,target_observation_mean,16,100.0,-0.0004982703712283487,False
final_input_token_layerwise,disclosed,k6,target_observation_mean,17,100.0,6.4856005541902295e-06,False
final_input_token_layerwise,disclosed,k6,target_observation_mean,18,3.0,0.03067122537039993,False
final_input_token_layerwise,disclosed,k6,target_observation_mean,19,3.0,0.03403925544284442,False
final_input_token_layerwise,disclosed,k6,target_observation_mean,20,3.0,0.06826584945741593,False
final_input_token_layerwise,disclosed,k6,target_observation_mean,21,0.1,0.09667174271216028,False
final_input_token_layerwise,disclosed,k6,target_observation_mean,22,0.1,0.15759922869236842,True
final_input_token_layerwise,disclosed,k6,target_observation_mean,23,3.0,0.10904054344007597,False
final_input_token_layerwise,disclosed,k6,target_observation_mean,24,3.0,0.08471301975750406,False
final_input_token_layerwise,disclosed,k6,target_observation_mean,25,3.0,0.06410055668843889,False
final_input_token_layerwise,disclosed,k6,target_observation_mean,26,3.0,0.07087392536573614,False
final_input_token_layerwise,disclosed,k6,target_observation_mean,27,3.0,0.0756744667567111,False
final_input_token_layerwise,disclosed,k6,target_observation_mean,28,3.0,0.09448898647834594,False
final_input_token_layerwise,disclosed,k6,target_observation_mean,29,3.0,0.0761086505851557,False
final_input_token_layerwise,disclosed,k6,target_observation_mean,30,3.0,0.07921020772801085,False
final_input_token_layerwise,disclosed,k6,target_observation_mean,31,3.0,0.07137026669686922,False
final_input_token_layerwise,disclosed,k6,target_observation_mean,32,3.0,0.058871676265880774,False
final_input_token_layerwise,disclosed,k6,target_observation_mean,33,3.0,0.054693809940537685,False
final_input_token_layerwise,disclosed,k6,target_observation_mean,34,3.0,0.0690024879552261,False
final_input_token_layerwise,disclosed,k6,target_observation_mean,35,3.0,0.06635993726881484,False
final_input_token_layerwise,disclosed,k6,target_observation_mean,36,3.0,0.07423277811009024,False
final_input_token_layerwise,disclosed,k6,target_time_slope,0,0.0001,0.0,False
final_input_token_layerwise,disclosed,k6,target_time_slope,1,3.0,0.00464817497615283,False
final_input_token_layerwise,disclosed,k6,target_time_slope,2,100.0,0.00023965237585707455,False
final_input_token_layerwise,disclosed,k6,target_time_slope,3,100.0,0.0004665399765217959,False
final_input_token_layerwise,disclosed,k6,target_time_slope,4,100.0,-0.00048478221782333186,False
final_input_token_layerwise,disclosed,k6,target_time_slope,5,100.0,7.120168968000051e-05,False
final_input_token_layerwise,disclosed,k6,target_time_slope,6,100.0,-0.0003394913870321259,False
final_input_token_layerwise,disclosed,k6,target_time_slope,7,100.0,-0.00042116194256941464,False
final_input_token_layerwise,disclosed,k6,target_time_slope,8,100.0,0.0005860790601717736,False
final_input_token_layerwise,disclosed,k6,target_time_slope,9,100.0,7.737062895654678e-05,False
final_input_token_layerwise,disclosed,k6,target_time_slope,10,100.0,-0.0003739184663011652,False
final_input_token_layerwise,disclosed,k6,target_time_slope,11,100.0,-0.0010330682256980972,False
final_input_token_layerwise,disclosed,k6,target_time_slope,12,100.0,-0.001135784427523212,False
final_input_token_layerwise,disclosed,k6,target_time_slope,13,100.0,-0.0007719553382190547,False
final_input_token_layerwise,disclosed,k6,target_time_slope,14,100.0,-0.0005220225233937836,False
final_input_token_layerwise,disclosed,k6,target_time_slope,15,100.0,-0.0012788194865181457,False
final_input_token_layerwise,disclosed,k6,target_time_slope,16,100.0,-0.00031606495068686735,False
final_input_token_layerwise,disclosed,k6,target_time_slope,17,100.0,-0.00010138867660594575,False
final_input_token_layerwise,disclosed,k6,target_time_slope,18,100.0,-0.00024702230861600727,False
final_input_token_layerwise,disclosed,k6,target_time_slope,19,3.0,0.018972693718226852,False
final_input_token_layerwise,disclosed,k6,target_time_slope,20,3.0,0.04463137575532833,False
final_input_token_layerwise,disclosed,k6,target_time_slope,21,3.0,0.06249451250462293,False
final_input_token_layerwise,disclosed,k6,target_time_slope,22,3.0,0.07137273412229264,False
final_input_token_layerwise,disclosed,k6,target_time_slope,23,3.0,0.07145078440820535,True
final_input_token_layerwise,disclosed,k6,target_time_slope,24,3.0,0.05644059655178796,False
final_input_token_layerwise,disclosed,k6,target_time_slope,25,3.0,0.046566586768990975,False
final_input_token_layerwise,disclosed,k6,target_time_slope,26,3.0,0.041834782157508854,False
final_input_token_layerwise,disclosed,k6,target_time_slope,27,3.0,0.039692709838856144,False
final_input_token_layerwise,disclosed,k6,target_time_slope,28,3.0,0.02697804476911042,False
final_input_token_layerwise,disclosed,k6,target_time_slope,29,3.0,0.039355602088967295,False
final_input_token_layerwise,disclosed,k6,target_time_slope,30,3.0,0.037461677746031624,False
final_input_token_layerwise,disclosed,k6,target_time_slope,31,3.0,0.039329066653448735,False
final_input_token_layerwise,disclosed,k6,target_time_slope,32,3.0,0.043119078025942226,False
final_input_token_layerwise,disclosed,k6,target_time_slope,33,3.0,0.04081725131334579,False
final_input_token_layerwise,disclosed,k6,target_time_slope,34,3.0,0.036444839015791375,False
final_input_token_layerwise,disclosed,k6,target_time_slope,35,3.0,0.04477256388774603,False
final_input_token_layerwise,disclosed,k6,target_time_slope,36,3.0,0.044424782750815184,False
final_input_token_layerwise,disclosed,k6,displayed_driver_outcome_slope,0,0.0001,-5.551115123125783e-17,False
final_input_token_layerwise,disclosed,k6,displayed_driver_outcome_slope,1,100.0,-0.0023912879803168474,False
final_input_token_layerwise,disclosed,k6,displayed_driver_outcome_slope,2,100.0,-0.002745497463148283,False
final_input_token_layerwise,disclosed,k6,displayed_driver_outcome_slope,3,100.0,-0.0023610439994770638,False
final_input_token_layerwise,disclosed,k6,displayed_driver_outcome_slope,4,100.0,-0.0024394887196109716,False
final_input_token_layerwise,disclosed,k6,displayed_driver_outcome_slope,5,100.0,-0.002145286077146036,False
final_input_token_layerwise,disclosed,k6,displayed_driver_outcome_slope,6,100.0,-0.0016646134178848748,False
final_input_token_layerwise,disclosed,k6,displayed_driver_outcome_slope,7,100.0,-0.0012761443748587897,False
final_input_token_layerwise,disclosed,k6,displayed_driver_outcome_slope,8,100.0,0.0006338313433777165,False
final_input_token_layerwise,disclosed,k6,displayed_driver_outcome_slope,9,3.0,0.018385737878137104,True
final_input_token_layerwise,disclosed,k6,displayed_driver_outcome_slope,10,3.0,0.012505849967599236,False
final_input_token_layerwise,disclosed,k6,displayed_driver_outcome_slope,11,100.0,0.0006768146874124303,False
final_input_token_layerwise,disclosed,k6,displayed_driver_outcome_slope,12,100.0,0.00044450859503303297,False
final_input_token_layerwise,disclosed,k6,displayed_driver_outcome_slope,13,100.0,-0.0005870934572739794,False
final_input_token_layerwise,disclosed,k6,displayed_driver_outcome_slope,14,100.0,-0.0008363139275208986,False
final_input_token_layerwise,disclosed,k6,displayed_driver_outcome_slope,15,100.0,2.1967677025225285e-05,False
final_input_token_layerwise,disclosed,k6,displayed_driver_outcome_slope,16,100.0,-0.0008674414981112433,False
final_input_token_layerwise,disclosed,k6,displayed_driver_outcome_slope,17,100.0,-0.0015533965719632392,False
final_input_token_layerwise,disclosed,k6,displayed_driver_outcome_slope,18,100.0,-0.0008215233220842111,False
final_input_token_layerwise,disclosed,k6,displayed_driver_outcome_slope,19,100.0,-0.0007765274939175726,False
final_input_token_layerwise,disclosed,k6,displayed_driver_outcome_slope,20,100.0,-0.0005204298782385819,False
final_input_token_layerwise,disclosed,k6,displayed_driver_outcome_slope,21,100.0,0.0002708788300059273,False
final_input_token_layerwise,disclosed,k6,displayed_driver_outcome_slope,22,3.0,0.006544920666590154,False
final_input_token_layerwise,disclosed,k6,displayed_driver_outcome_slope,23,100.0,0.00016204124156238287,False
final_input_token_layerwise,disclosed,k6,displayed_driver_outcome_slope,24,100.0,0.0005772996352504667,False
final_input_token_layerwise,disclosed,k6,displayed_driver_outcome_slope,25,100.0,0.000492924926596694,False
final_input_token_layerwise,disclosed,k6,displayed_driver_outcome_slope,26,3.0,0.0010330711966377026,False
final_input_token_layerwise,disclosed,k6,displayed_driver_outcome_slope,27,100.0,-6.049811566330443e-05,False
final_input_token_layerwise,disclosed,k6,displayed_driver_outcome_slope,28,3.0,0.0017541011517158978,False
final_input_token_layerwise,disclosed,k6,displayed_driver_outcome_slope,29,3.0,0.006119889307565518,False
final_input_token_layerwise,disclosed,k6,displayed_driver_outcome_slope,30,3.0,0.00027386201578705194,False
final_input_token_layerwise,disclosed,k6,displayed_driver_outcome_slope,31,3.0,0.006285622188822615,False
final_input_token_layerwise,disclosed,k6,displayed_driver_outcome_slope,32,3.0,0.007352611519174546,False
final_input_token_layerwise,disclosed,k6,displayed_driver_outcome_slope,33,3.0,0.004738676997086799,False
final_input_token_layerwise,disclosed,k6,displayed_driver_outcome_slope,34,3.0,0.012325261637222501,False
final_input_token_layerwise,disclosed,k6,displayed_driver_outcome_slope,35,100.0,0.0002689693029774842,False
final_input_token_layerwise,disclosed,k6,displayed_driver_outcome_slope,36,100.0,0.0005107355231211141,False
final_input_token_layerwise,disclosed,k6,oracle_posterior_gain,0,0.0001,-5.551115123125783e-17,False
final_input_token_layerwise,disclosed,k6,oracle_posterior_gain,1,100.0,-0.005316721668772423,False
final_input_token_layerwise,disclosed,k6,oracle_posterior_gain,2,100.0,-0.003539545729862009,False
final_input_token_layerwise,disclosed,k6,oracle_posterior_gain,3,100.0,-0.0027233103368560496,False
final_input_token_layerwise,disclosed,k6,oracle_posterior_gain,4,100.0,-0.0013490011630281351,False
final_input_token_layerwise,disclosed,k6,oracle_posterior_gain,5,100.0,-0.0007662910219836117,False
final_input_token_layerwise,disclosed,k6,oracle_posterior_gain,6,100.0,-0.0004862752883989796,False
final_input_token_layerwise,disclosed,k6,oracle_posterior_gain,7,100.0,-0.0005982449668359424,False
final_input_token_layerwise,disclosed,k6,oracle_posterior_gain,8,100.0,-0.0006244279672534825,False
final_input_token_layerwise,disclosed,k6,oracle_posterior_gain,9,100.0,-0.000866598561652443,False
final_input_token_layerwise,disclosed,k6,oracle_posterior_gain,10,100.0,-0.0002017415047739779,False
final_input_token_layerwise,disclosed,k6,oracle_posterior_gain,11,100.0,-0.001714935773570403,False
final_input_token_layerwise,disclosed,k6,oracle_posterior_gain,12,100.0,-0.0012715215334873076,False
final_input_token_layerwise,disclosed,k6,oracle_posterior_gain,13,100.0,-0.0007836132749294844,False
final_input_token_layerwise,disclosed,k6,oracle_posterior_gain,14,100.0,-0.001600638689546241,False
final_input_token_layerwise,disclosed,k6,oracle_posterior_gain,15,100.0,-0.001582695993543548,False
final_input_token_layerwise,disclosed,k6,oracle_posterior_gain,16,100.0,-0.0006299738383265807,False
final_input_token_layerwise,disclosed,k6,oracle_posterior_gain,17,100.0,-0.0014405992604625828,False
final_input_token_layerwise,disclosed,k6,oracle_posterior_gain,18,100.0,-0.001293114454247457,False
final_input_token_layerwise,disclosed,k6,oracle_posterior_gain,19,3.0,0.011940328925228422,False
final_input_token_layerwise,disclosed,k6,oracle_posterior_gain,20,3.0,0.026068560933761198,False
final_input_token_layerwise,disclosed,k6,oracle_posterior_gain,21,3.0,0.027418049746581796,False
final_input_token_layerwise,disclosed,k6,oracle_posterior_gain,22,3.0,0.040351856362840804,False
final_input_token_layerwise,disclosed,k6,oracle_posterior_gain,23,3.0,0.04157107818252734,False
final_input_token_layerwise,disclosed,k6,oracle_posterior_gain,24,3.0,0.05008216829212378,False
final_input_token_layerwise,disclosed,k6,oracle_posterior_gain,25,0.1,0.05997593725861253,False
final_input_token_layerwise,disclosed,k6,oracle_posterior_gain,26,0.1,0.05960559656526618,False
final_input_token_layerwise,disclosed,k6,oracle_posterior_gain,27,3.0,0.05882857841428568,False
final_input_token_layerwise,disclosed,k6,oracle_posterior_gain,28,3.0,0.05461425103953252,False
final_input_token_layerwise,disclosed,k6,oracle_posterior_gain,29,0.1,0.06978566368985042,True
final_input_token_layerwise,disclosed,k6,oracle_posterior_gain,30,3.0,0.053706275453856506,False
final_input_token_layerwise,disclosed,k6,oracle_posterior_gain,31,3.0,0.04113573349322819,False
final_input_token_layerwise,disclosed,k6,oracle_posterior_gain,32,3.0,0.036730479677676925,False
final_input_token_layerwise,disclosed,k6,oracle_posterior_gain,33,3.0,0.028878944731022732,False
final_input_token_layerwise,disclosed,k6,oracle_posterior_gain,34,3.0,0.02350534818338129,False
final_input_token_layerwise,disclosed,k6,oracle_posterior_gain,35,3.0,0.03397752670626994,False
final_input_token_layerwise,disclosed,k6,oracle_posterior_gain,36,3.0,0.037419564036759806,False
final_input_token_layerwise,disclosed,k9,gain,0,0.0001,0.0,False
final_input_token_layerwise,disclosed,k9,gain,1,100.0,-0.002852168468716887,False
final_input_token_layerwise,disclosed,k9,gain,2,100.0,-0.0011136182184234844,False
final_input_token_layerwise,disclosed,k9,gain,3,100.0,-0.0009147385247930406,False
final_input_token_layerwise,disclosed,k9,gain,4,100.0,-0.0006507775505119329,False
final_input_token_layerwise,disclosed,k9,gain,5,100.0,-0.0009211927717867607,False
final_input_token_layerwise,disclosed,k9,gain,6,100.0,-0.0006140847867501797,False
final_input_token_layerwise,disclosed,k9,gain,7,100.0,-0.0007107281393183285,False
final_input_token_layerwise,disclosed,k9,gain,8,100.0,-0.00016918374644472878,False
final_input_token_layerwise,disclosed,k9,gain,9,3.0,0.011672838950409603,False
final_input_token_layerwise,disclosed,k9,gain,10,3.0,0.004759036373193554,False
final_input_token_layerwise,disclosed,k9,gain,11,3.0,0.0004040643245017961,False
final_input_token_layerwise,disclosed,k9,gain,12,3.0,0.002699928351996006,False
final_input_token_layerwise,disclosed,k9,gain,13,100.0,-0.0005879686247011184,False
final_input_token_layerwise,disclosed,k9,gain,14,100.0,-0.0014996249517734705,False
final_input_token_layerwise,disclosed,k9,gain,15,100.0,-8.083698553523755e-05,False
final_input_token_layerwise,disclosed,k9,gain,16,100.0,-0.00044699478235543655,False
final_input_token_layerwise,disclosed,k9,gain,17,100.0,-0.0013499338731795263,False
final_input_token_layerwise,disclosed,k9,gain,18,100.0,-0.0012272281868449253,False
final_input_token_layerwise,disclosed,k9,gain,19,100.0,-0.0007772255236953296,False
final_input_token_layerwise,disclosed,k9,gain,20,3.0,0.00639442411626473,False
final_input_token_layerwise,disclosed,k9,gain,21,3.0,0.03423430868028099,False
final_input_token_layerwise,disclosed,k9,gain,22,3.0,0.03319150657444031,False
final_input_token_layerwise,disclosed,k9,gain,23,3.0,0.04237969004147779,False
final_input_token_layerwise,disclosed,k9,gain,24,3.0,0.023274902856543295,False
final_input_token_layerwise,disclosed,k9,gain,25,3.0,0.042142897418616015,False
final_input_token_layerwise,disclosed,k9,gain,26,3.0,0.04662610440978571,False
final_input_token_layerwise,disclosed,k9,gain,27,0.1,0.06615865258503431,False
final_input_token_layerwise,disclosed,k9,gain,28,3.0,0.07229125282631388,False
final_input_token_layerwise,disclosed,k9,gain,29,0.1,0.06933024413719194,False
final_input_token_layerwise,disclosed,k9,gain,30,3.0,0.056510019119108745,False
final_input_token_layerwise,disclosed,k9,gain,31,3.0,0.04902627604277074,False
final_input_token_layerwise,disclosed,k9,gain,32,3.0,0.043562871715589424,False
final_input_token_layerwise,disclosed,k9,gain,33,3.0,0.049112080880634984,False
final_input_token_layerwise,disclosed,k9,gain,34,3.0,0.0785019573972815,False
final_input_token_layerwise,disclosed,k9,gain,35,3.0,0.08546175762174549,False
final_input_token_layerwise,disclosed,k9,gain,36,0.1,0.08852202357488875,True
final_input_token_layerwise,disclosed,k9,response_residual,0,0.0001,-2.7755575615628914e-17,False
final_input_token_layerwise,disclosed,k9,response_residual,1,100.0,-0.003287449282691035,False
final_input_token_layerwise,disclosed,k9,response_residual,2,100.0,-0.0013234491243037383,False
final_input_token_layerwise,disclosed,k9,response_residual,3,100.0,-0.0009258260290992415,False
final_input_token_layerwise,disclosed,k9,response_residual,4,100.0,-0.0006455844648824149,False
final_input_token_layerwise,disclosed,k9,response_residual,5,100.0,-0.0008529084882402116,False
final_input_token_layerwise,disclosed,k9,response_residual,6,100.0,-0.0004376154476167793,False
final_input_token_layerwise,disclosed,k9,response_residual,7,100.0,-0.0005718987835401923,False
final_input_token_layerwise,disclosed,k9,response_residual,8,100.0,-0.0002198922720984542,False
final_input_token_layerwise,disclosed,k9,response_residual,9,100.0,0.00045978751252348515,False
final_input_token_layerwise,disclosed,k9,response_residual,10,100.0,0.0002076388252778838,False
final_input_token_layerwise,disclosed,k9,response_residual,11,100.0,3.826621245786588e-05,False
final_input_token_layerwise,disclosed,k9,response_residual,12,100.0,-5.9789306483815086e-05,False
final_input_token_layerwise,disclosed,k9,response_residual,13,100.0,-0.0007100477255612136,False
final_input_token_layerwise,disclosed,k9,response_residual,14,100.0,-0.0017569627918960218,False
final_input_token_layerwise,disclosed,k9,response_residual,15,100.0,-0.0005384389191150918,False
final_input_token_layerwise,disclosed,k9,response_residual,16,100.0,-0.0006890486244744976,False
final_input_token_layerwise,disclosed,k9,response_residual,17,100.0,-0.0016286897350979435,False
final_input_token_layerwise,disclosed,k9,response_residual,18,100.0,-0.0017931779953531402,False
final_input_token_layerwise,disclosed,k9,response_residual,19,100.0,-0.001419433061651404,False
final_input_token_layerwise,disclosed,k9,response_residual,20,100.0,-0.0002948148868189837,False
final_input_token_layerwise,disclosed,k9,response_residual,21,100.0,0.0014373136449492008,False
final_input_token_layerwise,disclosed,k9,response_residual,22,3.0,0.004951141198548004,False
final_input_token_layerwise,disclosed,k9,response_residual,23,3.0,0.0131086170829543,False
final_input_token_layerwise,disclosed,k9,response_residual,24,100.0,0.0012011016004071784,False
final_input_token_layerwise,disclosed,k9,response_residual,25,3.0,0.006554161449525753,False
final_input_token_layerwise,disclosed,k9,response_residual,26,3.0,0.007750542068399924,False
final_input_token_layerwise,disclosed,k9,response_residual,27,3.0,0.0207913388894162,False
final_input_token_layerwise,disclosed,k9,response_residual,28,3.0,0.028769434700132407,False
final_input_token_layerwise,disclosed,k9,response_residual,29,3.0,0.02871391412722349,False
final_input_token_layerwise,disclosed,k9,response_residual,30,3.0,0.02210967148555218,False
final_input_token_layerwise,disclosed,k9,response_residual,31,3.0,0.015648324250882306,False
final_input_token_layerwise,disclosed,k9,response_residual,32,3.0,0.012500319674202648,False
final_input_token_layerwise,disclosed,k9,response_residual,33,3.0,0.021824529614022925,False
final_input_token_layerwise,disclosed,k9,response_residual,34,3.0,0.039868390650681707,False
final_input_token_layerwise,disclosed,k9,response_residual,35,3.0,0.04373588879519133,True
final_input_token_layerwise,disclosed,k9,response_residual,36,3.0,0.042670801842096845,False
final_input_token_layerwise,disclosed,k9,last_target_observation,0,0.0001,1.3877787807814457e-16,False
final_input_token_layerwise,disclosed,k9,last_target_observation,1,100.0,-0.006072233689783824,False
final_input_token_layerwise,disclosed,k9,last_target_observation,2,100.0,-0.005133013490049576,False
final_input_token_layerwise,disclosed,k9,last_target_observation,3,100.0,-0.0027964044219042083,False
final_input_token_layerwise,disclosed,k9,last_target_observation,4,100.0,-0.000620317336064713,False
final_input_token_layerwise,disclosed,k9,last_target_observation,5,100.0,-0.00017501071782885513,False
final_input_token_layerwise,disclosed,k9,last_target_observation,6,100.0,-0.0007017612619099056,False
final_input_token_layerwise,disclosed,k9,last_target_observation,7,3.0,0.0100852185823192,False
final_input_token_layerwise,disclosed,k9,last_target_observation,8,3.0,0.01086970448129862,False
final_input_token_layerwise,disclosed,k9,last_target_observation,9,100.0,-0.0006189342652980767,False
final_input_token_layerwise,disclosed,k9,last_target_observation,10,3.0,0.0033641954163052823,False
final_input_token_layerwise,disclosed,k9,last_target_observation,11,100.0,-0.0005494668432689809,False
final_input_token_layerwise,disclosed,k9,last_target_observation,12,100.0,-0.00028190773249492374,False
final_input_token_layerwise,disclosed,k9,last_target_observation,13,100.0,0.00014764182844784202,False
final_input_token_layerwise,disclosed,k9,last_target_observation,14,3.0,0.0025824172634876796,False
final_input_token_layerwise,disclosed,k9,last_target_observation,15,100.0,0.00033037259182547296,False
final_input_token_layerwise,disclosed,k9,last_target_observation,16,100.0,0.00048194671836737646,False
final_input_token_layerwise,disclosed,k9,last_target_observation,17,3.0,0.029517348846038682,False
final_input_token_layerwise,disclosed,k9,last_target_observation,18,3.0,0.027848409906147648,False
final_input_token_layerwise,disclosed,k9,last_target_observation,19,3.0,0.04941837936627558,True
final_input_token_layerwise,disclosed,k9,last_target_observation,20,3.0,0.0397344188142123,False
final_input_token_layerwise,disclosed,k9,last_target_observation,21,3.0,0.017513724296235406,False
final_input_token_layerwise,disclosed,k9,last_target_observation,22,3.0,0.025862294582546713,False
final_input_token_layerwise,disclosed,k9,last_target_observation,23,3.0,0.03353585157110739,False
final_input_token_layerwise,disclosed,k9,last_target_observation,24,3.0,0.029812920761217415,False
final_input_token_layerwise,disclosed,k9,last_target_observation,25,3.0,0.009521542321643206,False
final_input_token_layerwise,disclosed,k9,last_target_observation,26,3.0,0.016442989393217727,False
final_input_token_layerwise,disclosed,k9,last_target_observation,27,3.0,0.008019418504307846,False
final_input_token_layerwise,disclosed,k9,last_target_observation,28,3.0,0.013936560280490062,False
final_input_token_layerwise,disclosed,k9,last_target_observation,29,3.0,0.017941585084510048,False
final_input_token_layerwise,disclosed,k9,last_target_observation,30,3.0,0.016631040636591987,False
final_input_token_layerwise,disclosed,k9,last_target_observation,31,3.0,0.009946713276170499,False
final_input_token_layerwise,disclosed,k9,last_target_observation,32,3.0,0.012101813279098261,False
final_input_token_layerwise,disclosed,k9,last_target_observation,33,3.0,0.00778937275426525,False
final_input_token_layerwise,disclosed,k9,last_target_observation,34,3.0,0.016369199484682906,False
final_input_token_layerwise,disclosed,k9,last_target_observation,35,3.0,0.010721774262824002,False
final_input_token_layerwise,disclosed,k9,last_target_observation,36,3.0,0.008144472202073538,False
final_input_token_layerwise,disclosed,k9,target_observation_mean,0,0.0001,3.885780586188048e-16,False
final_input_token_layerwise,disclosed,k9,target_observation_mean,1,100.0,0.0044229384357734325,False
final_input_token_layerwise,disclosed,k9,target_observation_mean,2,100.0,0.001643092477258995,False
final_input_token_layerwise,disclosed,k9,target_observation_mean,3,100.0,0.0013599004446367413,False
final_input_token_layerwise,disclosed,k9,target_observation_mean,4,100.0,0.0006740483344613579,False
final_input_token_layerwise,disclosed,k9,target_observation_mean,5,100.0,0.0005159776258293614,False
final_input_token_layerwise,disclosed,k9,target_observation_mean,6,100.0,0.0003786139520164655,False
final_input_token_layerwise,disclosed,k9,target_observation_mean,7,100.0,0.00017783137856519637,False
final_input_token_layerwise,disclosed,k9,target_observation_mean,8,100.0,-9.217878422346226e-05,False
final_input_token_layerwise,disclosed,k9,target_observation_mean,9,100.0,-0.00032869329113396906,False
final_input_token_layerwise,disclosed,k9,target_observation_mean,10,100.0,0.0002754186428807204,False
final_input_token_layerwise,disclosed,k9,target_observation_mean,11,100.0,-0.0005211370485735667,False
final_input_token_layerwise,disclosed,k9,target_observation_mean,12,100.0,-0.00042865996434204856,False
final_input_token_layerwise,disclosed,k9,target_observation_mean,13,100.0,-0.0009024947729281418,False
final_input_token_layerwise,disclosed,k9,target_observation_mean,14,100.0,-0.0019509916194884735,False
final_input_token_layerwise,disclosed,k9,target_observation_mean,15,100.0,-0.002083329220065322,False
final_input_token_layerwise,disclosed,k9,target_observation_mean,16,100.0,-0.001963884064358823,False
final_input_token_layerwise,disclosed,k9,target_observation_mean,17,100.0,-0.002793335455186563,False
final_input_token_layerwise,disclosed,k9,target_observation_mean,18,100.0,-0.0010808641533543162,False
final_input_token_layerwise,disclosed,k9,target_observation_mean,19,100.0,-0.0010367639499193337,False
final_input_token_layerwise,disclosed,k9,target_observation_mean,20,3.0,0.010462233188731379,False
final_input_token_layerwise,disclosed,k9,target_observation_mean,21,3.0,0.03976563608373368,False
final_input_token_layerwise,disclosed,k9,target_observation_mean,22,3.0,0.0399190853165112,True
final_input_token_layerwise,disclosed,k9,target_observation_mean,23,3.0,0.026851494322455205,False
final_input_token_layerwise,disclosed,k9,target_observation_mean,24,3.0,0.020003508434240785,False
final_input_token_layerwise,disclosed,k9,target_observation_mean,25,3.0,0.017321553595602057,False
final_input_token_layerwise,disclosed,k9,target_observation_mean,26,3.0,0.014262722295836777,False
final_input_token_layerwise,disclosed,k9,target_observation_mean,27,3.0,0.011191851584167134,False
final_input_token_layerwise,disclosed,k9,target_observation_mean,28,3.0,0.018183851692894354,False
final_input_token_layerwise,disclosed,k9,target_observation_mean,29,3.0,0.005739392803277288,False
final_input_token_layerwise,disclosed,k9,target_observation_mean,30,3.0,0.0005817026867825092,False
final_input_token_layerwise,disclosed,k9,target_observation_mean,31,100.0,6.067227222295024e-07,False
final_input_token_layerwise,disclosed,k9,target_observation_mean,32,100.0,-0.00029166748410050514,False
final_input_token_layerwise,disclosed,k9,target_observation_mean,33,100.0,-0.00047442380462048295,False
final_input_token_layerwise,disclosed,k9,target_observation_mean,34,3.0,0.006613411872592179,False
final_input_token_layerwise,disclosed,k9,target_observation_mean,35,3.0,0.012379856780746823,False
final_input_token_layerwise,disclosed,k9,target_observation_mean,36,3.0,0.013954127927990834,False
final_input_token_layerwise,disclosed,k9,target_time_slope,0,0.0001,0.0,False
final_input_token_layerwise,disclosed,k9,target_time_slope,1,3.0,0.011514196533455173,False
final_input_token_layerwise,disclosed,k9,target_time_slope,2,100.0,-0.0015986028274746211,False
final_input_token_layerwise,disclosed,k9,target_time_slope,3,100.0,-0.0009186334434189147,False
final_input_token_layerwise,disclosed,k9,target_time_slope,4,100.0,-0.0005830508468749884,False
final_input_token_layerwise,disclosed,k9,target_time_slope,5,100.0,-0.00018989002684460798,False
final_input_token_layerwise,disclosed,k9,target_time_slope,6,100.0,-0.0006473761010016565,False
final_input_token_layerwise,disclosed,k9,target_time_slope,7,100.0,-0.0002738695013731196,False
final_input_token_layerwise,disclosed,k9,target_time_slope,8,3.0,0.003988810617722299,False
final_input_token_layerwise,disclosed,k9,target_time_slope,9,100.0,-0.0002720034657116288,False
final_input_token_layerwise,disclosed,k9,target_time_slope,10,3.0,0.007123169697358073,False
final_input_token_layerwise,disclosed,k9,target_time_slope,11,100.0,-0.0005520663159610528,False
final_input_token_layerwise,disclosed,k9,target_time_slope,12,100.0,-0.00117552798956444,False
final_input_token_layerwise,disclosed,k9,target_time_slope,13,100.0,-0.00041908404695736867,False
final_input_token_layerwise,disclosed,k9,target_time_slope,14,100.0,-0.0013674827762236719,False
final_input_token_layerwise,disclosed,k9,target_time_slope,15,100.0,-0.0015804007633612172,False
final_input_token_layerwise,disclosed,k9,target_time_slope,16,100.0,-0.0006213627247247111,False
final_input_token_layerwise,disclosed,k9,target_time_slope,17,3.0,0.010724127198752514,False
final_input_token_layerwise,disclosed,k9,target_time_slope,18,3.0,0.051733856203282275,False
final_input_token_layerwise,disclosed,k9,target_time_slope,19,0.1,0.13504209059721628,False
final_input_token_layerwise,disclosed,k9,target_time_slope,20,0.1,0.1689898552305127,True
final_input_token_layerwise,disclosed,k9,target_time_slope,21,3.0,0.12153018699184878,False
final_input_token_layerwise,disclosed,k9,target_time_slope,22,3.0,0.12846319011674873,False
final_input_token_layerwise,disclosed,k9,target_time_slope,23,3.0,0.11467286336341484,False
final_input_token_layerwise,disclosed,k9,target_time_slope,24,3.0,0.09234140558367906,False
final_input_token_layerwise,disclosed,k9,target_time_slope,25,3.0,0.06732822064513283,False
final_input_token_layerwise,disclosed,k9,target_time_slope,26,3.0,0.060825764637379875,False
final_input_token_layerwise,disclosed,k9,target_time_slope,27,3.0,0.047670606580787145,False
final_input_token_layerwise,disclosed,k9,target_time_slope,28,3.0,0.05505743732276927,False
final_input_token_layerwise,disclosed,k9,target_time_slope,29,3.0,0.05708086899012435,False
final_input_token_layerwise,disclosed,k9,target_time_slope,30,3.0,0.05578536314404678,False
final_input_token_layerwise,disclosed,k9,target_time_slope,31,3.0,0.054615388409196,False
final_input_token_layerwise,disclosed,k9,target_time_slope,32,3.0,0.057643748792819055,False
final_input_token_layerwise,disclosed,k9,target_time_slope,33,3.0,0.056991909081494985,False
final_input_token_layerwise,disclosed,k9,target_time_slope,34,3.0,0.04400603531145364,False
final_input_token_layerwise,disclosed,k9,target_time_slope,35,3.0,0.01516634392702601,False
final_input_token_layerwise,disclosed,k9,target_time_slope,36,3.0,0.03675889482803138,False
final_input_token_layerwise,disclosed,k9,displayed_driver_outcome_slope,0,0.0001,-1.1102230246251565e-16,False
final_input_token_layerwise,disclosed,k9,displayed_driver_outcome_slope,1,100.0,0.009712596301688498,False
final_input_token_layerwise,disclosed,k9,displayed_driver_outcome_slope,2,3.0,0.008855279552644896,False
final_input_token_layerwise,disclosed,k9,displayed_driver_outcome_slope,3,3.0,0.021443674603030566,False
final_input_token_layerwise,disclosed,k9,displayed_driver_outcome_slope,4,3.0,0.012592897098784112,False
final_input_token_layerwise,disclosed,k9,displayed_driver_outcome_slope,5,3.0,0.016666495986662533,False
final_input_token_layerwise,disclosed,k9,displayed_driver_outcome_slope,6,3.0,0.01803311680040684,False
final_input_token_layerwise,disclosed,k9,displayed_driver_outcome_slope,7,3.0,0.009431167914023375,False
final_input_token_layerwise,disclosed,k9,displayed_driver_outcome_slope,8,3.0,0.006620901199391849,False
final_input_token_layerwise,disclosed,k9,displayed_driver_outcome_slope,9,3.0,0.0023889225247827606,False
final_input_token_layerwise,disclosed,k9,displayed_driver_outcome_slope,10,100.0,-0.0004081258532848131,False
final_input_token_layerwise,disclosed,k9,displayed_driver_outcome_slope,11,100.0,-0.00045542477598209397,False
final_input_token_layerwise,disclosed,k9,displayed_driver_outcome_slope,12,100.0,-0.0004767229054648825,False
final_input_token_layerwise,disclosed,k9,displayed_driver_outcome_slope,13,100.0,-0.0004180847970174928,False
final_input_token_layerwise,disclosed,k9,displayed_driver_outcome_slope,14,3.0,0.0056265898374018575,False
final_input_token_layerwise,disclosed,k9,displayed_driver_outcome_slope,15,3.0,0.0026629275640466243,False
final_input_token_layerwise,disclosed,k9,displayed_driver_outcome_slope,16,100.0,0.00037079644417223334,False
final_input_token_layerwise,disclosed,k9,displayed_driver_outcome_slope,17,100.0,-0.00017594496478995358,False
final_input_token_layerwise,disclosed,k9,displayed_driver_outcome_slope,18,100.0,-0.0010153130285604495,False
final_input_token_layerwise,disclosed,k9,displayed_driver_outcome_slope,19,100.0,-0.00026359591984190245,False
final_input_token_layerwise,disclosed,k9,displayed_driver_outcome_slope,20,3.0,0.0335305072089396,False
final_input_token_layerwise,disclosed,k9,displayed_driver_outcome_slope,21,3.0,0.052923846500560146,False
final_input_token_layerwise,disclosed,k9,displayed_driver_outcome_slope,22,3.0,0.05077769773130786,False
final_input_token_layerwise,disclosed,k9,displayed_driver_outcome_slope,23,3.0,0.06493214938511249,True
final_input_token_layerwise,disclosed,k9,displayed_driver_outcome_slope,24,3.0,0.04716950538567982,False
final_input_token_layerwise,disclosed,k9,displayed_driver_outcome_slope,25,3.0,0.04029082118778948,False
final_input_token_layerwise,disclosed,k9,displayed_driver_outcome_slope,26,3.0,0.04055399600843923,False
final_input_token_layerwise,disclosed,k9,displayed_driver_outcome_slope,27,3.0,0.044636427021735176,False
final_input_token_layerwise,disclosed,k9,displayed_driver_outcome_slope,28,3.0,0.04538906842946916,False
final_input_token_layerwise,disclosed,k9,displayed_driver_outcome_slope,29,3.0,0.04316121399742759,False
final_input_token_layerwise,disclosed,k9,displayed_driver_outcome_slope,30,3.0,0.04436224187346269,False
final_input_token_layerwise,disclosed,k9,displayed_driver_outcome_slope,31,3.0,0.04559707238695859,False
final_input_token_layerwise,disclosed,k9,displayed_driver_outcome_slope,32,3.0,0.03805040905607049,False
final_input_token_layerwise,disclosed,k9,displayed_driver_outcome_slope,33,3.0,0.02191027905976839,False
final_input_token_layerwise,disclosed,k9,displayed_driver_outcome_slope,34,3.0,0.019398863297768104,False
final_input_token_layerwise,disclosed,k9,displayed_driver_outcome_slope,35,3.0,0.026666268840953133,False
final_input_token_layerwise,disclosed,k9,displayed_driver_outcome_slope,36,3.0,0.019308308477163916,False
final_input_token_layerwise,disclosed,k9,oracle_posterior_gain,0,0.0001,0.0,False
final_input_token_layerwise,disclosed,k9,oracle_posterior_gain,1,100.0,-0.0013662478334520167,False
final_input_token_layerwise,disclosed,k9,oracle_posterior_gain,2,100.0,-0.0013110856946372262,False
final_input_token_layerwise,disclosed,k9,oracle_posterior_gain,3,100.0,-0.0012504363615206127,False
final_input_token_layerwise,disclosed,k9,oracle_posterior_gain,4,100.0,-0.0010947170165812592,False
final_input_token_layerwise,disclosed,k9,oracle_posterior_gain,5,100.0,-0.0006887098925225099,False
final_input_token_layerwise,disclosed,k9,oracle_posterior_gain,6,100.0,-0.000435995005586165,False
final_input_token_layerwise,disclosed,k9,oracle_posterior_gain,7,100.0,-0.0003246907088656492,False
final_input_token_layerwise,disclosed,k9,oracle_posterior_gain,8,100.0,-0.0006829648043445435,False
final_input_token_layerwise,disclosed,k9,oracle_posterior_gain,9,100.0,0.0001309274923536885,False
final_input_token_layerwise,disclosed,k9,oracle_posterior_gain,10,100.0,0.0002553654883488965,False
final_input_token_layerwise,disclosed,k9,oracle_posterior_gain,11,100.0,-0.000253853377656571,False
final_input_token_layerwise,disclosed,k9,oracle_posterior_gain,12,100.0,-0.00011812592368121155,False
final_input_token_layerwise,disclosed,k9,oracle_posterior_gain,13,100.0,-8.426999944285973e-05,False
final_input_token_layerwise,disclosed,k9,oracle_posterior_gain,14,100.0,0.00039927949265061713,False
final_input_token_layerwise,disclosed,k9,oracle_posterior_gain,15,3.0,0.002655374814084205,False
final_input_token_layerwise,disclosed,k9,oracle_posterior_gain,16,3.0,0.0010000310943326651,False
final_input_token_layerwise,disclosed,k9,oracle_posterior_gain,17,100.0,0.00023986388663763125,False
final_input_token_layerwise,disclosed,k9,oracle_posterior_gain,18,100.0,-7.04022667925297e-05,False
final_input_token_layerwise,disclosed,k9,oracle_posterior_gain,19,3.0,0.014204451825532788,False
final_input_token_layerwise,disclosed,k9,oracle_posterior_gain,20,3.0,0.052826706134207674,False
final_input_token_layerwise,disclosed,k9,oracle_posterior_gain,21,3.0,0.06981045428039379,False
final_input_token_layerwise,disclosed,k9,oracle_posterior_gain,22,3.0,0.06374418346703764,False
final_input_token_layerwise,disclosed,k9,oracle_posterior_gain,23,3.0,0.06173636442893812,False
final_input_token_layerwise,disclosed,k9,oracle_posterior_gain,24,3.0,0.05114119938487266,False
final_input_token_layerwise,disclosed,k9,oracle_posterior_gain,25,3.0,0.055043349492768345,False
final_input_token_layerwise,disclosed,k9,oracle_posterior_gain,26,0.1,0.0928056053126089,False
final_input_token_layerwise,disclosed,k9,oracle_posterior_gain,27,0.1,0.12150948457060176,False
final_input_token_layerwise,disclosed,k9,oracle_posterior_gain,28,3.0,0.09911382604192323,False
final_input_token_layerwise,disclosed,k9,oracle_posterior_gain,29,3.0,0.0916172944529115,False
final_input_token_layerwise,disclosed,k9,oracle_posterior_gain,30,3.0,0.08940338183951047,False
final_input_token_layerwise,disclosed,k9,oracle_posterior_gain,31,3.0,0.08253835913898111,False
final_input_token_layerwise,disclosed,k9,oracle_posterior_gain,32,3.0,0.07685201407451414,False
final_input_token_layerwise,disclosed,k9,oracle_posterior_gain,33,3.0,0.06475109174836646,False
final_input_token_layerwise,disclosed,k9,oracle_posterior_gain,34,3.0,0.09204079420341221,False
final_input_token_layerwise,disclosed,k9,oracle_posterior_gain,35,0.1,0.14471627198214362,True
final_input_token_layerwise,disclosed,k9,oracle_posterior_gain,36,0.1,0.13128356499947824,False
final_input_token_layerwise,disclosed,pooled,gain,0,0.0001,0.0,False
final_input_token_layerwise,disclosed,pooled,gain,1,100.0,0.0013032102474997882,False
final_input_token_layerwise,disclosed,pooled,gain,2,100.0,-0.00016036687023603577,False
final_input_token_layerwise,disclosed,pooled,gain,3,100.0,-0.001028688845386307,False
final_input_token_layerwise,disclosed,pooled,gain,4,100.0,0.0005587729605416591,False
final_input_token_layerwise,disclosed,pooled,gain,5,100.0,-0.001379823903239985,False
final_input_token_layerwise,disclosed,pooled,gain,6,100.0,-0.0015876420433308391,False
final_input_token_layerwise,disclosed,pooled,gain,7,100.0,-0.0037331243183610086,False
final_input_token_layerwise,disclosed,pooled,gain,8,100.0,-0.003458909312065439,False
final_input_token_layerwise,disclosed,pooled,gain,9,100.0,-0.002927281716989074,False
final_input_token_layerwise,disclosed,pooled,gain,10,100.0,-0.003394617560285418,False
final_input_token_layerwise,disclosed,pooled,gain,11,100.0,-0.005229387710268402,False
final_input_token_layerwise,disclosed,pooled,gain,12,100.0,-0.0026255449691835095,False
final_input_token_layerwise,disclosed,pooled,gain,13,100.0,-0.004862613764030142,False
final_input_token_layerwise,disclosed,pooled,gain,14,100.0,-0.010074477775340207,False
final_input_token_layerwise,disclosed,pooled,gain,15,100.0,-0.005358875293136177,False
final_input_token_layerwise,disclosed,pooled,gain,16,100.0,-0.0040391145614297646,False
final_input_token_layerwise,disclosed,pooled,gain,17,100.0,-0.0005134135219163338,False
final_input_token_layerwise,disclosed,pooled,gain,18,100.0,-0.005790621906356014,False
final_input_token_layerwise,disclosed,pooled,gain,19,100.0,-0.004426288019242959,False
final_input_token_layerwise,disclosed,pooled,gain,20,100.0,0.0009239561225118376,False
final_input_token_layerwise,disclosed,pooled,gain,21,100.0,0.005277055115928436,False
final_input_token_layerwise,disclosed,pooled,gain,22,100.0,0.007370271385541212,False
final_input_token_layerwise,disclosed,pooled,gain,23,3.0,0.02211468934664529,False
final_input_token_layerwise,disclosed,pooled,gain,24,3.0,0.03532509886296933,False
final_input_token_layerwise,disclosed,pooled,gain,25,3.0,0.0575253070520024,False
final_input_token_layerwise,disclosed,pooled,gain,26,3.0,0.054058020224768084,False
final_input_token_layerwise,disclosed,pooled,gain,27,3.0,0.0784642045432934,True
final_input_token_layerwise,disclosed,pooled,gain,28,3.0,0.07515775790514241,False
final_input_token_layerwise,disclosed,pooled,gain,29,3.0,0.055811671774587124,False
final_input_token_layerwise,disclosed,pooled,gain,30,3.0,0.04396735262430421,False
final_input_token_layerwise,disclosed,pooled,gain,31,3.0,0.03310162756093374,False
final_input_token_layerwise,disclosed,pooled,gain,32,3.0,0.026634409364034283,False
final_input_token_layerwise,disclosed,pooled,gain,33,3.0,0.031440773295364134,False
final_input_token_layerwise,disclosed,pooled,gain,34,3.0,0.06643714864721369,False
final_input_token_layerwise,disclosed,pooled,gain,35,3.0,0.07471319149422334,False
final_input_token_layerwise,disclosed,pooled,gain,36,3.0,0.06604445122513013,False
final_input_token_layerwise,disclosed,pooled,response_residual,0,0.0001,-2.7755575615628914e-17,False
final_input_token_layerwise,disclosed,pooled,response_residual,1,100.0,-0.001214426701698292,False
final_input_token_layerwise,disclosed,pooled,response_residual,2,100.0,-0.0028812543619791595,False
final_input_token_layerwise,disclosed,pooled,response_residual,3,100.0,-0.002921600802570081,False
final_input_token_layerwise,disclosed,pooled,response_residual,4,100.0,-0.0004635401093494122,False
final_input_token_layerwise,disclosed,pooled,response_residual,5,100.0,-0.0024394386346791677,False
final_input_token_layerwise,disclosed,pooled,response_residual,6,100.0,-0.002545117091223209,False
final_input_token_layerwise,disclosed,pooled,response_residual,7,100.0,-0.005070351493001085,False
final_input_token_layerwise,disclosed,pooled,response_residual,8,100.0,-0.005244789418106753,False
final_input_token_layerwise,disclosed,pooled,response_residual,9,100.0,-0.004712033914863976,False
final_input_token_layerwise,disclosed,pooled,response_residual,10,100.0,-0.004557889688357325,False
final_input_token_layerwise,disclosed,pooled,response_residual,11,100.0,-0.006216503582633944,False
final_input_token_layerwise,disclosed,pooled,response_residual,12,100.0,-0.0035293613772371113,False
final_input_token_layerwise,disclosed,pooled,response_residual,13,100.0,-0.005498835859363042,False
final_input_token_layerwise,disclosed,pooled,response_residual,14,100.0,-0.010676134678134858,False
final_input_token_layerwise,disclosed,pooled,response_residual,15,100.0,-0.005930009537996698,False
final_input_token_layerwise,disclosed,pooled,response_residual,16,100.0,-0.005280300280549442,False
final_input_token_layerwise,disclosed,pooled,response_residual,17,100.0,-0.003193377138677687,False
final_input_token_layerwise,disclosed,pooled,response_residual,18,100.0,-0.00801107833043597,False
final_input_token_layerwise,disclosed,pooled,response_residual,19,100.0,-0.007696379601548277,False
final_input_token_layerwise,disclosed,pooled,response_residual,20,100.0,-0.0028127758060296584,False
final_input_token_layerwise,disclosed,pooled,response_residual,21,100.0,0.000509771358337389,False
final_input_token_layerwise,disclosed,pooled,response_residual,22,100.0,0.0038632951004283675,False
final_input_token_layerwise,disclosed,pooled,response_residual,23,100.0,0.006063210905910055,False
final_input_token_layerwise,disclosed,pooled,response_residual,24,100.0,0.004232615671658603,False
final_input_token_layerwise,disclosed,pooled,response_residual,25,100.0,0.007122208814615043,False
final_input_token_layerwise,disclosed,pooled,response_residual,26,100.0,0.007020726487109515,False
final_input_token_layerwise,disclosed,pooled,response_residual,27,100.0,0.009978798190979937,False
final_input_token_layerwise,disclosed,pooled,response_residual,28,100.0,0.009263699636149675,False
final_input_token_layerwise,disclosed,pooled,response_residual,29,100.0,0.008426139199660418,False
final_input_token_layerwise,disclosed,pooled,response_residual,30,100.0,0.007338248443473444,False
final_input_token_layerwise,disclosed,pooled,response_residual,31,100.0,0.00612954402062708,False
final_input_token_layerwise,disclosed,pooled,response_residual,32,100.0,0.004992800116419727,False
final_input_token_layerwise,disclosed,pooled,response_residual,33,100.0,0.005854436254798136,False
final_input_token_layerwise,disclosed,pooled,response_residual,34,100.0,0.00831302230794497,False
final_input_token_layerwise,disclosed,pooled,response_residual,35,100.0,0.01060849628216957,True
final_input_token_layerwise,disclosed,pooled,response_residual,36,100.0,0.009472602895449683,False
final_input_token_layerwise,undisclosed,k3,gain,0,0.0001,0.0,False
final_input_token_layerwise,undisclosed,k3,gain,1,100.0,-0.001077542088807032,False
final_input_token_layerwise,undisclosed,k3,gain,2,100.0,-0.0010264608457177249,False
final_input_token_layerwise,undisclosed,k3,gain,3,100.0,-0.0005244680431625848,False
final_input_token_layerwise,undisclosed,k3,gain,4,100.0,-0.0004838179916784313,False
final_input_token_layerwise,undisclosed,k3,gain,5,100.0,-0.00037122372946468696,False
final_input_token_layerwise,undisclosed,k3,gain,6,100.0,-0.0001945426827446861,False
final_input_token_layerwise,undisclosed,k3,gain,7,100.0,-0.00043745768071487556,False
final_input_token_layerwise,undisclosed,k3,gain,8,100.0,0.000697756063710947,False
final_input_token_layerwise,undisclosed,k3,gain,9,100.0,0.0007966850188320107,False
final_input_token_layerwise,undisclosed,k3,gain,10,100.0,0.0004405959990717023,False
final_input_token_layerwise,undisclosed,k3,gain,11,100.0,0.0010193045548863022,False
final_input_token_layerwise,undisclosed,k3,gain,12,100.0,0.0004905080988752974,False
final_input_token_layerwise,undisclosed,k3,gain,13,100.0,-0.000857536588621588,False
final_input_token_layerwise,undisclosed,k3,gain,14,100.0,-0.00106551469505628,False
final_input_token_layerwise,undisclosed,k3,gain,15,100.0,-0.0003119794157727951,False
final_input_token_layerwise,undisclosed,k3,gain,16,100.0,-0.0005561260922201938,False
final_input_token_layerwise,undisclosed,k3,gain,17,3.0,0.024316226379995337,False
final_input_token_layerwise,undisclosed,k3,gain,18,3.0,0.014902486153905853,False
final_input_token_layerwise,undisclosed,k3,gain,19,3.0,0.005967418756794379,False
final_input_token_layerwise,undisclosed,k3,gain,20,100.0,0.0006268417527017511,False
final_input_token_layerwise,undisclosed,k3,gain,21,3.0,0.0020594012719590826,False
final_input_token_layerwise,undisclosed,k3,gain,22,3.0,0.0014728334133849996,False
final_input_token_layerwise,undisclosed,k3,gain,23,3.0,0.029272376094743063,True
final_input_token_layerwise,undisclosed,k3,gain,24,3.0,0.017006250315307198,False
final_input_token_layerwise,undisclosed,k3,gain,25,3.0,0.02539046232691486,False
final_input_token_layerwise,undisclosed,k3,gain,26,3.0,0.027689628868080962,False
final_input_token_layerwise,undisclosed,k3,gain,27,3.0,0.029004462820275384,False
final_input_token_layerwise,undisclosed,k3,gain,28,3.0,0.014875863404096024,False
final_input_token_layerwise,undisclosed,k3,gain,29,3.0,0.016268910504484063,False
final_input_token_layerwise,undisclosed,k3,gain,30,3.0,0.02147751835258707,False
final_input_token_layerwise,undisclosed,k3,gain,31,3.0,0.015218562917361178,False
final_input_token_layerwise,undisclosed,k3,gain,32,3.0,0.003595036132805457,False
final_input_token_layerwise,undisclosed,k3,gain,33,100.0,0.001094646255832027,False
final_input_token_layerwise,undisclosed,k3,gain,34,100.0,0.0009855230608871446,False
final_input_token_layerwise,undisclosed,k3,gain,35,100.0,0.0008880209357512436,False
final_input_token_layerwise,undisclosed,k3,gain,36,100.0,0.00016648662762952515,False
final_input_token_layerwise,undisclosed,k3,response_residual,0,0.0001,-2.7755575615628914e-17,False
final_input_token_layerwise,undisclosed,k3,response_residual,1,100.0,-0.0009445195625201741,False
final_input_token_layerwise,undisclosed,k3,response_residual,2,100.0,-0.0007632305837654285,False
final_input_token_layerwise,undisclosed,k3,response_residual,3,100.0,-0.00023226940164022825,False
final_input_token_layerwise,undisclosed,k3,response_residual,4,100.0,0.00012752263794291174,False
final_input_token_layerwise,undisclosed,k3,response_residual,5,100.0,0.00017856332809126907,False
final_input_token_layerwise,undisclosed,k3,response_residual,6,100.0,0.0002745641244224495,False
final_input_token_layerwise,undisclosed,k3,response_residual,7,100.0,-0.0002074198621280221,False
final_input_token_layerwise,undisclosed,k3,response_residual,8,100.0,0.0007515934140335245,False
final_input_token_layerwise,undisclosed,k3,response_residual,9,100.0,0.0007008609803131893,False
final_input_token_layerwise,undisclosed,k3,response_residual,10,100.0,0.0003946300080413523,False
final_input_token_layerwise,undisclosed,k3,response_residual,11,100.0,0.0006863244642839605,False
final_input_token_layerwise,undisclosed,k3,response_residual,12,100.0,0.00029117780878501476,False
final_input_token_layerwise,undisclosed,k3,response_residual,13,100.0,-0.0010497912746129934,False
final_input_token_layerwise,undisclosed,k3,response_residual,14,100.0,-0.0010359238637389911,False
final_input_token_layerwise,undisclosed,k3,response_residual,15,100.0,-1.863663366313828e-05,False
final_input_token_layerwise,undisclosed,k3,response_residual,16,100.0,-0.00017076395337609074,False
final_input_token_layerwise,undisclosed,k3,response_residual,17,100.0,0.002031867892836714,False
final_input_token_layerwise,undisclosed,k3,response_residual,18,100.0,0.0011826768890537132,False
final_input_token_layerwise,undisclosed,k3,response_residual,19,100.0,0.0006461600289178193,False
final_input_token_layerwise,undisclosed,k3,response_residual,20,100.0,-7.788095744862278e-05,False
final_input_token_layerwise,undisclosed,k3,response_residual,21,100.0,-2.120813768521912e-05,False
final_input_token_layerwise,undisclosed,k3,response_residual,22,100.0,-3.2247296850224094e-05,False
final_input_token_layerwise,undisclosed,k3,response_residual,23,100.0,0.0026064273379089176,False
final_input_token_layerwise,undisclosed,k3,response_residual,24,100.0,0.0021270299706478424,False
final_input_token_layerwise,undisclosed,k3,response_residual,25,100.0,0.0021318171080313975,False
final_input_token_layerwise,undisclosed,k3,response_residual,26,3.0,0.004679380757984686,False
final_input_token_layerwise,undisclosed,k3,response_residual,27,3.0,0.008248831868991141,True
final_input_token_layerwise,undisclosed,k3,response_residual,28,100.0,0.0020661573896406937,False
final_input_token_layerwise,undisclosed,k3,response_residual,29,100.0,0.0020166057024669226,False
final_input_token_layerwise,undisclosed,k3,response_residual,30,100.0,0.0016142763444308705,False
final_input_token_layerwise,undisclosed,k3,response_residual,31,100.0,0.0016860250948457223,False
final_input_token_layerwise,undisclosed,k3,response_residual,32,100.0,0.0014313124146846656,False
final_input_token_layerwise,undisclosed,k3,response_residual,33,100.0,0.0007500915429692612,False
final_input_token_layerwise,undisclosed,k3,response_residual,34,100.0,0.0005761024256087655,False
final_input_token_layerwise,undisclosed,k3,response_residual,35,100.0,0.0005256164749218029,False
final_input_token_layerwise,undisclosed,k3,response_residual,36,100.0,-8.05999039731331e-05,False
final_input_token_layerwise,undisclosed,k3,last_target_observation,0,0.0001,-8.326672684688674e-17,False
final_input_token_layerwise,undisclosed,k3,last_target_observation,1,0.1,0.09012942281823474,False
final_input_token_layerwise,undisclosed,k3,last_target_observation,2,100.0,-0.002013935594808669,False
final_input_token_layerwise,undisclosed,k3,last_target_observation,3,100.0,-0.0024399257062320823,False
final_input_token_layerwise,undisclosed,k3,last_target_observation,4,100.0,-0.00146451565580763,False
final_input_token_layerwise,undisclosed,k3,last_target_observation,5,100.0,-0.0006334040769099547,False
final_input_token_layerwise,undisclosed,k3,last_target_observation,6,100.0,6.90302530361453e-05,False
final_input_token_layerwise,undisclosed,k3,last_target_observation,7,3.0,0.0075689133368869455,False
final_input_token_layerwise,undisclosed,k3,last_target_observation,8,3.0,0.029480249277116843,False
final_input_token_layerwise,undisclosed,k3,last_target_observation,9,3.0,0.03408409710593738,False
final_input_token_layerwise,undisclosed,k3,last_target_observation,10,3.0,0.03265595747481387,False
final_input_token_layerwise,undisclosed,k3,last_target_observation,11,3.0,0.008978970078789977,False
final_input_token_layerwise,undisclosed,k3,last_target_observation,12,3.0,0.007062885067156716,False
final_input_token_layerwise,undisclosed,k3,last_target_observation,13,3.0,0.004305144730377242,False
final_input_token_layerwise,undisclosed,k3,last_target_observation,14,100.0,6.432470698902737e-05,False
final_input_token_layerwise,undisclosed,k3,last_target_observation,15,100.0,0.00019717030703222949,False
final_input_token_layerwise,undisclosed,k3,last_target_observation,16,100.0,-2.2454629295454165e-05,False
final_input_token_layerwise,undisclosed,k3,last_target_observation,17,3.0,0.002878351209588431,False
final_input_token_layerwise,undisclosed,k3,last_target_observation,18,3.0,0.006759693758641744,False
final_input_token_layerwise,undisclosed,k3,last_target_observation,19,0.1,0.05690100749961846,False
final_input_token_layerwise,undisclosed,k3,last_target_observation,20,0.1,0.09579112791018934,True
final_input_token_layerwise,undisclosed,k3,last_target_observation,21,0.1,0.0809885542491216,False
final_input_token_layerwise,undisclosed,k3,last_target_observation,22,3.0,0.05178298844322285,False
final_input_token_layerwise,undisclosed,k3,last_target_observation,23,3.0,0.060703823556081615,False
final_input_token_layerwise,undisclosed,k3,last_target_observation,24,3.0,0.024145774306394724,False
final_input_token_layerwise,undisclosed,k3,last_target_observation,25,100.0,-0.00242796400893891,False
final_input_token_layerwise,undisclosed,k3,last_target_observation,26,100.0,-0.002409449059572938,False
final_input_token_layerwise,undisclosed,k3,last_target_observation,27,100.0,-0.0015038378749352987,False
final_input_token_layerwise,undisclosed,k3,last_target_observation,28,100.0,-0.0013196344828181605,False
final_input_token_layerwise,undisclosed,k3,last_target_observation,29,100.0,-0.0008628542723509158,False
final_input_token_layerwise,undisclosed,k3,last_target_observation,30,100.0,-0.001028413510012649,False
final_input_token_layerwise,undisclosed,k3,last_target_observation,31,100.0,-0.0008499436418447359,False
final_input_token_layerwise,undisclosed,k3,last_target_observation,32,100.0,-0.0005944159608575472,False
final_input_token_layerwise,undisclosed,k3,last_target_observation,33,100.0,-0.0002395210210859866,False
final_input_token_layerwise,undisclosed,k3,last_target_observation,34,100.0,-7.161787655618479e-05,False
final_input_token_layerwise,undisclosed,k3,last_target_observation,35,3.0,0.006077207044068195,False
final_input_token_layerwise,undisclosed,k3,last_target_observation,36,3.0,0.005992584397248674,False
final_input_token_layerwise,undisclosed,k3,target_observation_mean,0,0.0001,5.551115123125783e-17,False
final_input_token_layerwise,undisclosed,k3,target_observation_mean,1,3.0,0.015198507634554687,False
final_input_token_layerwise,undisclosed,k3,target_observation_mean,2,100.0,0.0004104726241607737,False
final_input_token_layerwise,undisclosed,k3,target_observation_mean,3,100.0,-0.0010191675232603392,False
final_input_token_layerwise,undisclosed,k3,target_observation_mean,4,100.0,-0.002167567371761381,False
final_input_token_layerwise,undisclosed,k3,target_observation_mean,5,100.0,-0.0011912676519483245,False
final_input_token_layerwise,undisclosed,k3,target_observation_mean,6,100.0,-0.0005717287765965862,False
final_input_token_layerwise,undisclosed,k3,target_observation_mean,7,3.0,0.0023265204463745193,False
final_input_token_layerwise,undisclosed,k3,target_observation_mean,8,3.0,0.006459928623774064,False
final_input_token_layerwise,undisclosed,k3,target_observation_mean,9,100.0,-2.9934803618014705e-05,False
final_input_token_layerwise,undisclosed,k3,target_observation_mean,10,100.0,-0.00018183760369808177,False
final_input_token_layerwise,undisclosed,k3,target_observation_mean,11,100.0,-0.0007635214806872292,False
final_input_token_layerwise,undisclosed,k3,target_observation_mean,12,100.0,0.0002978759995324598,False
final_input_token_layerwise,undisclosed,k3,target_observation_mean,13,100.0,0.0004988766073281969,False
final_input_token_layerwise,undisclosed,k3,target_observation_mean,14,3.0,0.010120604904718417,False
final_input_token_layerwise,undisclosed,k3,target_observation_mean,15,3.0,0.02655301721809389,False
final_input_token_layerwise,undisclosed,k3,target_observation_mean,16,3.0,0.009587840993549201,False
final_input_token_layerwise,undisclosed,k3,target_observation_mean,17,3.0,0.02641627868629204,False
final_input_token_layerwise,undisclosed,k3,target_observation_mean,18,3.0,0.07246154781649583,False
final_input_token_layerwise,undisclosed,k3,target_observation_mean,19,3.0,0.09764315141493962,False
final_input_token_layerwise,undisclosed,k3,target_observation_mean,20,3.0,0.16205680242235168,True
final_input_token_layerwise,undisclosed,k3,target_observation_mean,21,3.0,0.12369909432849147,False
final_input_token_layerwise,undisclosed,k3,target_observation_mean,22,3.0,0.14786514625752686,False
final_input_token_layerwise,undisclosed,k3,target_observation_mean,23,3.0,0.14768397327483662,False
final_input_token_layerwise,undisclosed,k3,target_observation_mean,24,3.0,0.10697470198840678,False
final_input_token_layerwise,undisclosed,k3,target_observation_mean,25,3.0,0.05716825153723401,False
final_input_token_layerwise,undisclosed,k3,target_observation_mean,26,3.0,0.042848733756951196,False
final_input_token_layerwise,undisclosed,k3,target_observation_mean,27,3.0,0.08969391058219511,False
final_input_token_layerwise,undisclosed,k3,target_observation_mean,28,3.0,0.11770900955486954,False
final_input_token_layerwise,undisclosed,k3,target_observation_mean,29,3.0,0.09242602489301699,False
final_input_token_layerwise,undisclosed,k3,target_observation_mean,30,3.0,0.10402654619890628,False
final_input_token_layerwise,undisclosed,k3,target_observation_mean,31,3.0,0.06911084533454853,False
final_input_token_layerwise,undisclosed,k3,target_observation_mean,32,3.0,0.08102084231400261,False
final_input_token_layerwise,undisclosed,k3,target_observation_mean,33,3.0,0.07461135071843397,False
final_input_token_layerwise,undisclosed,k3,target_observation_mean,34,3.0,0.06762273119716514,False
final_input_token_layerwise,undisclosed,k3,target_observation_mean,35,3.0,0.0763853078990851,False
final_input_token_layerwise,undisclosed,k3,target_observation_mean,36,3.0,0.08293962417655024,False
final_input_token_layerwise,undisclosed,k3,target_time_slope,0,0.0001,0.0,False
final_input_token_layerwise,undisclosed,k3,target_time_slope,1,0.1,0.022336572168503627,True
final_input_token_layerwise,undisclosed,k3,target_time_slope,2,100.0,-0.0022587541055216764,False
final_input_token_layerwise,undisclosed,k3,target_time_slope,3,100.0,-0.003100269237199582,False
final_input_token_layerwise,undisclosed,k3,target_time_slope,4,100.0,-0.0013575424546972692,False
final_input_token_layerwise,undisclosed,k3,target_time_slope,5,100.0,-0.001019217919309534,False
final_input_token_layerwise,undisclosed,k3,target_time_slope,6,100.0,-0.0005260624712324635,False
final_input_token_layerwise,undisclosed,k3,target_time_slope,7,100.0,-0.0003684675351638411,False
final_input_token_layerwise,undisclosed,k3,target_time_slope,8,100.0,0.0002761177963556405,False
final_input_token_layerwise,undisclosed,k3,target_time_slope,9,100.0,0.0007378533639012808,False
final_input_token_layerwise,undisclosed,k3,target_time_slope,10,3.0,0.003799410823377397,False
final_input_token_layerwise,undisclosed,k3,target_time_slope,11,3.0,0.001850711653974324,False
final_input_token_layerwise,undisclosed,k3,target_time_slope,12,0.1,0.010715925382384528,False
final_input_token_layerwise,undisclosed,k3,target_time_slope,13,100.0,0.000493783570100409,False
final_input_token_layerwise,undisclosed,k3,target_time_slope,14,100.0,-0.00019993941978335705,False
final_input_token_layerwise,undisclosed,k3,target_time_slope,15,100.0,-0.0006525999458234788,False
final_input_token_layerwise,undisclosed,k3,target_time_slope,16,100.0,4.2125368283935094e-05,False
final_input_token_layerwise,undisclosed,k3,target_time_slope,17,100.0,0.0004478104931867899,False
final_input_token_layerwise,undisclosed,k3,target_time_slope,18,100.0,-0.0006109175105793174,False
final_input_token_layerwise,undisclosed,k3,target_time_slope,19,100.0,-0.00045659165290556913,False
final_input_token_layerwise,undisclosed,k3,target_time_slope,20,100.0,0.000442015133814061,False
final_input_token_layerwise,undisclosed,k3,target_time_slope,21,3.0,0.003299705312740292,False
final_input_token_layerwise,undisclosed,k3,target_time_slope,22,100.0,0.0011513068217111067,False
final_input_token_layerwise,undisclosed,k3,target_time_slope,23,3.0,0.011025600448626632,False
final_input_token_layerwise,undisclosed,k3,target_time_slope,24,100.0,0.0014874896675002303,False
final_input_token_layerwise,undisclosed,k3,target_time_slope,25,100.0,0.0007936726398080074,False
final_input_token_layerwise,undisclosed,k3,target_time_slope,26,100.0,0.0007611545665941744,False
final_input_token_layerwise,undisclosed,k3,target_time_slope,27,100.0,0.0012479113976884004,False
final_input_token_layerwise,undisclosed,k3,target_time_slope,28,100.0,0.0008817001230599641,False
final_input_token_layerwise,undisclosed,k3,target_time_slope,29,100.0,0.0011263932943411104,False
final_input_token_layerwise,undisclosed,k3,target_time_slope,30,3.0,0.005812140790955128,False
final_input_token_layerwise,undisclosed,k3,target_time_slope,31,3.0,0.007847712673901802,False
final_input_token_layerwise,undisclosed,k3,target_time_slope,32,3.0,0.00530523513104314,False
final_input_token_layerwise,undisclosed,k3,target_time_slope,33,3.0,0.019570128495022626,False
final_input_token_layerwise,undisclosed,k3,target_time_slope,34,3.0,0.016946146750364877,False
final_input_token_layerwise,undisclosed,k3,target_time_slope,35,3.0,0.016552164468978448,False
final_input_token_layerwise,undisclosed,k3,target_time_slope,36,3.0,0.008663668381833217,False
final_input_token_layerwise,undisclosed,k3,displayed_driver_outcome_slope,0,0.0001,5.551115123125783e-17,False
final_input_token_layerwise,undisclosed,k3,displayed_driver_outcome_slope,1,3.0,0.016179920884367593,False
final_input_token_layerwise,undisclosed,k3,displayed_driver_outcome_slope,2,3.0,0.007528336874840336,False
final_input_token_layerwise,undisclosed,k3,displayed_driver_outcome_slope,3,3.0,0.0009625272694496756,False
final_input_token_layerwise,undisclosed,k3,displayed_driver_outcome_slope,4,3.0,0.015578259463437494,False
final_input_token_layerwise,undisclosed,k3,displayed_driver_outcome_slope,5,3.0,0.005831200903288647,False
final_input_token_layerwise,undisclosed,k3,displayed_driver_outcome_slope,6,3.0,0.0036265079435890968,False
final_input_token_layerwise,undisclosed,k3,displayed_driver_outcome_slope,7,3.0,0.02253079643413211,True
final_input_token_layerwise,undisclosed,k3,displayed_driver_outcome_slope,8,3.0,0.006497284464409225,False
final_input_token_layerwise,undisclosed,k3,displayed_driver_outcome_slope,9,3.0,0.0033910072677059144,False
final_input_token_layerwise,undisclosed,k3,displayed_driver_outcome_slope,10,100.0,-0.00047646108497423345,False
final_input_token_layerwise,undisclosed,k3,displayed_driver_outcome_slope,11,100.0,-0.001227663329561035,False
final_input_token_layerwise,undisclosed,k3,displayed_driver_outcome_slope,12,100.0,-0.0009193595444171032,False
final_input_token_layerwise,undisclosed,k3,displayed_driver_outcome_slope,13,3.0,0.012745629446627854,False
final_input_token_layerwise,undisclosed,k3,displayed_driver_outcome_slope,14,100.0,-0.00047438922530015915,False
final_input_token_layerwise,undisclosed,k3,displayed_driver_outcome_slope,15,100.0,-0.0015918586562427561,False
final_input_token_layerwise,undisclosed,k3,displayed_driver_outcome_slope,16,100.0,-0.0011154067993781602,False
final_input_token_layerwise,undisclosed,k3,displayed_driver_outcome_slope,17,100.0,-0.0007734911428794455,False
final_input_token_layerwise,undisclosed,k3,displayed_driver_outcome_slope,18,100.0,-0.00036569208273920517,False
final_input_token_layerwise,undisclosed,k3,displayed_driver_outcome_slope,19,100.0,-0.0010824048796422014,False
final_input_token_layerwise,undisclosed,k3,displayed_driver_outcome_slope,20,100.0,-0.001221694949181562,False
final_input_token_layerwise,undisclosed,k3,displayed_driver_outcome_slope,21,100.0,-0.002032277698356205,False
final_input_token_layerwise,undisclosed,k3,displayed_driver_outcome_slope,22,100.0,-6.28502931942776e-05,False
final_input_token_layerwise,undisclosed,k3,displayed_driver_outcome_slope,23,100.0,4.586890211341621e-05,False
final_input_token_layerwise,undisclosed,k3,displayed_driver_outcome_slope,24,100.0,0.0002950466638896865,False
final_input_token_layerwise,undisclosed,k3,displayed_driver_outcome_slope,25,100.0,-0.0019072514020941067,False
final_input_token_layerwise,undisclosed,k3,displayed_driver_outcome_slope,26,100.0,-0.001768642247655966,False
final_input_token_layerwise,undisclosed,k3,displayed_driver_outcome_slope,27,100.0,-0.0011220545089366818,False
final_input_token_layerwise,undisclosed,k3,displayed_driver_outcome_slope,28,100.0,-0.0010910999675746158,False
final_input_token_layerwise,undisclosed,k3,displayed_driver_outcome_slope,29,100.0,-0.0014888445618944646,False
final_input_token_layerwise,undisclosed,k3,displayed_driver_outcome_slope,30,100.0,-0.001144169515568172,False
final_input_token_layerwise,undisclosed,k3,displayed_driver_outcome_slope,31,100.0,-0.001312244678908725,False
final_input_token_layerwise,undisclosed,k3,displayed_driver_outcome_slope,32,100.0,-0.001324820099126045,False
final_input_token_layerwise,undisclosed,k3,displayed_driver_outcome_slope,33,100.0,-0.0017440797823594645,False
final_input_token_layerwise,undisclosed,k3,displayed_driver_outcome_slope,34,100.0,-0.00138793577814747,False
final_input_token_layerwise,undisclosed,k3,displayed_driver_outcome_slope,35,100.0,-0.0009240803757277483,False
final_input_token_layerwise,undisclosed,k3,displayed_driver_outcome_slope,36,100.0,-0.000663732202105527,False
final_input_token_layerwise,undisclosed,k3,oracle_posterior_gain,0,0.0001,2.7755575615628914e-17,False
final_input_token_layerwise,undisclosed,k3,oracle_posterior_gain,1,100.0,-0.002461217775384439,False
final_input_token_layerwise,undisclosed,k3,oracle_posterior_gain,2,100.0,-0.0020176215009363174,False
final_input_token_layerwise,undisclosed,k3,oracle_posterior_gain,3,100.0,-0.002706205106623061,False
final_input_token_layerwise,undisclosed,k3,oracle_posterior_gain,4,100.0,-0.0024294451098706427,False
final_input_token_layerwise,undisclosed,k3,oracle_posterior_gain,5,100.0,-0.0016399622491374832,False
final_input_token_layerwise,undisclosed,k3,oracle_posterior_gain,6,100.0,-0.0012986464000669384,False
final_input_token_layerwise,undisclosed,k3,oracle_posterior_gain,7,100.0,-0.0020779782233939503,False
final_input_token_layerwise,undisclosed,k3,oracle_posterior_gain,8,100.0,-0.0020409798394100676,False
final_input_token_layerwise,undisclosed,k3,oracle_posterior_gain,9,100.0,-0.0014702354079839663,False
final_input_token_layerwise,undisclosed,k3,oracle_posterior_gain,10,100.0,-0.0017212594836167605,False
final_input_token_layerwise,undisclosed,k3,oracle_posterior_gain,11,100.0,-0.001743646055870962,False
final_input_token_layerwise,undisclosed,k3,oracle_posterior_gain,12,100.0,-0.0012872615412418131,False
final_input_token_layerwise,undisclosed,k3,oracle_posterior_gain,13,100.0,-0.0015060000468305468,False
final_input_token_layerwise,undisclosed,k3,oracle_posterior_gain,14,100.0,-0.0007380249539685468,False
final_input_token_layerwise,undisclosed,k3,oracle_posterior_gain,15,3.0,0.007404135186642957,False
final_input_token_layerwise,undisclosed,k3,oracle_posterior_gain,16,3.0,0.014674053047818852,False
final_input_token_layerwise,undisclosed,k3,oracle_posterior_gain,17,3.0,0.0181300232867182,False
final_input_token_layerwise,undisclosed,k3,oracle_posterior_gain,18,3.0,0.0015222839914303676,False
final_input_token_layerwise,undisclosed,k3,oracle_posterior_gain,19,3.0,0.001910477939232269,False
final_input_token_layerwise,undisclosed,k3,oracle_posterior_gain,20,3.0,0.023351161485780092,False
final_input_token_layerwise,undisclosed,k3,oracle_posterior_gain,21,3.0,0.04540101454717199,False
final_input_token_layerwise,undisclosed,k3,oracle_posterior_gain,22,3.0,0.04213540077554179,False
final_input_token_layerwise,undisclosed,k3,oracle_posterior_gain,23,3.0,0.10311243335904274,False
final_input_token_layerwise,undisclosed,k3,oracle_posterior_gain,24,3.0,0.1164867948081911,False
final_input_token_layerwise,undisclosed,k3,oracle_posterior_gain,25,3.0,0.1170748573393472,False
final_input_token_layerwise,undisclosed,k3,oracle_posterior_gain,26,3.0,0.11036911056157384,False
final_input_token_layerwise,undisclosed,k3,oracle_posterior_gain,27,3.0,0.12503171686676468,False
final_input_token_layerwise,undisclosed,k3,oracle_posterior_gain,28,3.0,0.12623443699816195,True
final_input_token_layerwise,undisclosed,k3,oracle_posterior_gain,29,3.0,0.1200218475202047,False
final_input_token_layerwise,undisclosed,k3,oracle_posterior_gain,30,3.0,0.11156688401331699,False
final_input_token_layerwise,undisclosed,k3,oracle_posterior_gain,31,3.0,0.09795186639906078,False
final_input_token_layerwise,undisclosed,k3,oracle_posterior_gain,32,3.0,0.09711372816296729,False
final_input_token_layerwise,undisclosed,k3,oracle_posterior_gain,33,3.0,0.08262199374131518,False
final_input_token_layerwise,undisclosed,k3,oracle_posterior_gain,34,3.0,0.07493945919919914,False
final_input_token_layerwise,undisclosed,k3,oracle_posterior_gain,35,3.0,0.06667767528061189,False
final_input_token_layerwise,undisclosed,k3,oracle_posterior_gain,36,3.0,0.07266862869986676,False
final_input_token_layerwise,undisclosed,k6,gain,0,0.0001,0.0,False
final_input_token_layerwise,undisclosed,k6,gain,1,100.0,-0.0006576565468710827,False
final_input_token_layerwise,undisclosed,k6,gain,2,100.0,-0.001312306210952463,False
final_input_token_layerwise,undisclosed,k6,gain,3,100.0,-0.002338622596426948,False
final_input_token_layerwise,undisclosed,k6,gain,4,100.0,-0.000586837009459662,False
final_input_token_layerwise,undisclosed,k6,gain,5,100.0,-0.0006786816145653851,False
final_input_token_layerwise,undisclosed,k6,gain,6,100.0,-0.00053829777836778,False
final_input_token_layerwise,undisclosed,k6,gain,7,100.0,-0.0006423961534429978,False
final_input_token_layerwise,undisclosed,k6,gain,8,100.0,-0.0016502352317276925,False
final_input_token_layerwise,undisclosed,k6,gain,9,100.0,-0.0016164585717379776,False
final_input_token_layerwise,undisclosed,k6,gain,10,100.0,-0.00144045389055239,False
final_input_token_layerwise,undisclosed,k6,gain,11,100.0,-0.002087475389945803,False
final_input_token_layerwise,undisclosed,k6,gain,12,100.0,-0.0013591123963253848,False
final_input_token_layerwise,undisclosed,k6,gain,13,100.0,-0.0015442478217508326,False
final_input_token_layerwise,undisclosed,k6,gain,14,100.0,-0.002013726647863978,False
final_input_token_layerwise,undisclosed,k6,gain,15,100.0,-0.0016804706361749355,False
final_input_token_layerwise,undisclosed,k6,gain,16,100.0,-0.0010535861692415882,False
final_input_token_layerwise,undisclosed,k6,gain,17,100.0,-0.0013307321351873902,False
final_input_token_layerwise,undisclosed,k6,gain,18,100.0,-0.0006303033338376229,False
final_input_token_layerwise,undisclosed,k6,gain,19,100.0,0.00013643588820902441,False
final_input_token_layerwise,undisclosed,k6,gain,20,3.0,0.014544937168529615,False
final_input_token_layerwise,undisclosed,k6,gain,21,3.0,0.021056302581325403,False
final_input_token_layerwise,undisclosed,k6,gain,22,3.0,0.0026315470621210146,False
final_input_token_layerwise,undisclosed,k6,gain,23,3.0,0.02416084591446266,False
final_input_token_layerwise,undisclosed,k6,gain,24,3.0,0.030939821292914227,False
final_input_token_layerwise,undisclosed,k6,gain,25,3.0,0.032841755993105626,False
final_input_token_layerwise,undisclosed,k6,gain,26,3.0,0.02764973689277722,False
final_input_token_layerwise,undisclosed,k6,gain,27,3.0,0.04638514132466376,True
final_input_token_layerwise,undisclosed,k6,gain,28,3.0,0.0424565214846237,False
final_input_token_layerwise,undisclosed,k6,gain,29,3.0,0.03608226788139188,False
final_input_token_layerwise,undisclosed,k6,gain,30,3.0,0.032673332859313814,False
final_input_token_layerwise,undisclosed,k6,gain,31,3.0,0.02901005589976255,False
final_input_token_layerwise,undisclosed,k6,gain,32,3.0,0.021840291384247312,False
final_input_token_layerwise,undisclosed,k6,gain,33,3.0,0.009098034577873032,False
final_input_token_layerwise,undisclosed,k6,gain,34,3.0,0.0092898934711593,False
final_input_token_layerwise,undisclosed,k6,gain,35,3.0,0.01415216148242679,False
final_input_token_layerwise,undisclosed,k6,gain,36,3.0,0.017474827172154733,False
final_input_token_layerwise,undisclosed,k6,response_residual,0,0.0001,-2.7755575615628914e-17,False
final_input_token_layerwise,undisclosed,k6,response_residual,1,100.0,-0.002434905172609414,False
final_input_token_layerwise,undisclosed,k6,response_residual,2,100.0,-0.001772252826622689,False
final_input_token_layerwise,undisclosed,k6,response_residual,3,100.0,-0.002297387031071324,False
final_input_token_layerwise,undisclosed,k6,response_residual,4,100.0,-0.0009224321960018822,False
final_input_token_layerwise,undisclosed,k6,response_residual,5,100.0,-0.0008632229476463471,False
final_input_token_layerwise,undisclosed,k6,response_residual,6,100.0,-0.0006082337891334944,False
final_input_token_layerwise,undisclosed,k6,response_residual,7,100.0,-0.0010401516857476978,False
final_input_token_layerwise,undisclosed,k6,response_residual,8,100.0,-0.0018000287245879265,False
final_input_token_layerwise,undisclosed,k6,response_residual,9,100.0,-0.0018398283612821587,False
final_input_token_layerwise,undisclosed,k6,response_residual,10,100.0,-0.0014135309905788374,False
final_input_token_layerwise,undisclosed,k6,response_residual,11,100.0,-0.0016411465035577055,False
final_input_token_layerwise,undisclosed,k6,response_residual,12,100.0,-0.0010559748118950385,False
final_input_token_layerwise,undisclosed,k6,response_residual,13,100.0,-0.001255202281506218,False
final_input_token_layerwise,undisclosed,k6,response_residual,14,100.0,-0.00165757984242626,False
final_input_token_layerwise,undisclosed,k6,response_residual,15,100.0,-0.0013817082346733178,False
final_input_token_layerwise,undisclosed,k6,response_residual,16,100.0,-0.0007071396110807926,False
final_input_token_layerwise,undisclosed,k6,response_residual,17,100.0,-0.0008975711515123719,False
final_input_token_layerwise,undisclosed,k6,response_residual,18,100.0,-0.0003262851698331293,False
final_input_token_layerwise,undisclosed,k6,response_residual,19,100.0,3.0414473824957877e-05,False
final_input_token_layerwise,undisclosed,k6,response_residual,20,100.0,0.00032871128248748716,False
final_input_token_layerwise,undisclosed,k6,response_residual,21,100.0,0.001010379538742584,False
final_input_token_layerwise,undisclosed,k6,response_residual,22,100.0,0.00048114824835698844,False
final_input_token_layerwise,undisclosed,k6,response_residual,23,100.0,0.001386169713071983,False
final_input_token_layerwise,undisclosed,k6,response_residual,24,100.0,0.0013954946949213953,False
final_input_token_layerwise,undisclosed,k6,response_residual,25,3.0,0.007981422563594714,False
final_input_token_layerwise,undisclosed,k6,response_residual,26,100.0,0.0008604425529922799,False
final_input_token_layerwise,undisclosed,k6,response_residual,27,3.0,0.010645099311749368,True
final_input_token_layerwise,undisclosed,k6,response_residual,28,3.0,0.00580405993331054,False
final_input_token_layerwise,undisclosed,k6,response_residual,29,100.0,0.0010650056984602418,False
final_input_token_layerwise,undisclosed,k6,response_residual,30,100.0,0.000553511248204297,False
final_input_token_layerwise,undisclosed,k6,response_residual,31,100.0,0.0002409076983506675,False
final_input_token_layerwise,undisclosed,k6,response_residual,32,100.0,-0.00012619541534261702,False
final_input_token_layerwise,undisclosed,k6,response_residual,33,100.0,-0.0006656504378383665,False
final_input_token_layerwise,undisclosed,k6,response_residual,34,100.0,-0.0005375018040973956,False
final_input_token_layerwise,undisclosed,k6,response_residual,35,100.0,-0.0004670080734462678,False
final_input_token_layerwise,undisclosed,k6,response_residual,36,100.0,-0.000300129312297559,False
final_input_token_layerwise,undisclosed,k6,last_target_observation,0,0.0001,-2.7755575615628914e-17,False
final_input_token_layerwise,undisclosed,k6,last_target_observation,1,3.0,0.017519328021610298,False
final_input_token_layerwise,undisclosed,k6,last_target_observation,2,3.0,0.002407358431927492,False
final_input_token_layerwise,undisclosed,k6,last_target_observation,3,3.0,0.004084149414989663,False
final_input_token_layerwise,undisclosed,k6,last_target_observation,4,100.0,-0.0005570713835095775,False
final_input_token_layerwise,undisclosed,k6,last_target_observation,5,100.0,-0.0003009414860483117,False
final_input_token_layerwise,undisclosed,k6,last_target_observation,6,100.0,4.390408683552227e-06,False
final_input_token_layerwise,undisclosed,k6,last_target_observation,7,100.0,0.00030888306611251415,False
final_input_token_layerwise,undisclosed,k6,last_target_observation,8,100.0,-0.0003879335154779451,False
final_input_token_layerwise,undisclosed,k6,last_target_observation,9,100.0,-0.0001937026908562789,False
final_input_token_layerwise,undisclosed,k6,last_target_observation,10,100.0,-0.0003606960543530713,False
final_input_token_layerwise,undisclosed,k6,last_target_observation,11,100.0,-0.00017804254397812969,False
final_input_token_layerwise,undisclosed,k6,last_target_observation,12,100.0,-0.00027866564894010737,False
final_input_token_layerwise,undisclosed,k6,last_target_observation,13,3.0,0.0029766599163638385,False
final_input_token_layerwise,undisclosed,k6,last_target_observation,14,100.0,0.0004940867704086582,False
final_input_token_layerwise,undisclosed,k6,last_target_observation,15,100.0,0.0002698710742806143,False
final_input_token_layerwise,undisclosed,k6,last_target_observation,16,100.0,4.0285633053888104e-05,False
final_input_token_layerwise,undisclosed,k6,last_target_observation,17,3.0,0.015307660106682192,False
final_input_token_layerwise,undisclosed,k6,last_target_observation,18,100.0,0.0003674355334968571,False
final_input_token_layerwise,undisclosed,k6,last_target_observation,19,3.0,0.020340710594678763,False
final_input_token_layerwise,undisclosed,k6,last_target_observation,20,3.0,0.05623749369470818,True
final_input_token_layerwise,undisclosed,k6,last_target_observation,21,3.0,0.05237607798366231,False
final_input_token_layerwise,undisclosed,k6,last_target_observation,22,3.0,0.02936537082061333,False
final_input_token_layerwise,undisclosed,k6,last_target_observation,23,3.0,0.010392535427960425,False
final_input_token_layerwise,undisclosed,k6,last_target_observation,24,100.0,0.003410011983790956,False
final_input_token_layerwise,undisclosed,k6,last_target_observation,25,3.0,0.03237874959223891,False
final_input_token_layerwise,undisclosed,k6,last_target_observation,26,3.0,0.021588496043341177,False
final_input_token_layerwise,undisclosed,k6,last_target_observation,27,3.0,0.02580308131011433,False
final_input_token_layerwise,undisclosed,k6,last_target_observation,28,3.0,0.02664599795265224,False
final_input_token_layerwise,undisclosed,k6,last_target_observation,29,3.0,0.027199877300785963,False
final_input_token_layerwise,undisclosed,k6,last_target_observation,30,3.0,0.03765309002015124,False
final_input_token_layerwise,undisclosed,k6,last_target_observation,31,3.0,0.02864128575737407,False
final_input_token_layerwise,undisclosed,k6,last_target_observation,32,3.0,0.024325001008497688,False
final_input_token_layerwise,undisclosed,k6,last_target_observation,33,3.0,0.04260772424106307,False
final_input_token_layerwise,undisclosed,k6,last_target_observation,34,3.0,0.037568822872410146,False
final_input_token_layerwise,undisclosed,k6,last_target_observation,35,3.0,0.027750546223735795,False
final_input_token_layerwise,undisclosed,k6,last_target_observation,36,3.0,0.0346625762122908,False
final_input_token_layerwise,undisclosed,k6,target_observation_mean,0,0.0001,2.7755575615628914e-17,False
final_input_token_layerwise,undisclosed,k6,target_observation_mean,1,100.0,-0.010765240696702538,False
final_input_token_layerwise,undisclosed,k6,target_observation_mean,2,100.0,-0.005452623056214273,False
final_input_token_layerwise,undisclosed,k6,target_observation_mean,3,100.0,-0.0045821118897309,False
final_input_token_layerwise,undisclosed,k6,target_observation_mean,4,100.0,-0.0029568496705426606,False
final_input_token_layerwise,undisclosed,k6,target_observation_mean,5,100.0,-0.0020276164732872803,False
final_input_token_layerwise,undisclosed,k6,target_observation_mean,6,100.0,-0.0017734319713899327,False
final_input_token_layerwise,undisclosed,k6,target_observation_mean,7,100.0,-0.0010323306385484066,False
final_input_token_layerwise,undisclosed,k6,target_observation_mean,8,100.0,0.0010747039710612971,False
final_input_token_layerwise,undisclosed,k6,target_observation_mean,9,100.0,0.0006876805046802936,False
final_input_token_layerwise,undisclosed,k6,target_observation_mean,10,100.0,-0.0002682092744743514,False
final_input_token_layerwise,undisclosed,k6,target_observation_mean,11,100.0,-0.001325358312560615,False
final_input_token_layerwise,undisclosed,k6,target_observation_mean,12,100.0,-0.0007887533490044119,False
final_input_token_layerwise,undisclosed,k6,target_observation_mean,13,100.0,-0.00045584250988503494,False
final_input_token_layerwise,undisclosed,k6,target_observation_mean,14,100.0,-0.0007688210457941214,False
final_input_token_layerwise,undisclosed,k6,target_observation_mean,15,100.0,-0.0012468321713369201,False
final_input_token_layerwise,undisclosed,k6,target_observation_mean,16,100.0,0.00012211880371862383,False
final_input_token_layerwise,undisclosed,k6,target_observation_mean,17,3.0,0.006112994654959014,False
final_input_token_layerwise,undisclosed,k6,target_observation_mean,18,3.0,0.041632793374914934,False
final_input_token_layerwise,undisclosed,k6,target_observation_mean,19,3.0,0.07833768351135184,False
final_input_token_layerwise,undisclosed,k6,target_observation_mean,20,0.1,0.1557715080709791,False
final_input_token_layerwise,undisclosed,k6,target_observation_mean,21,0.1,0.20460106615506224,False
final_input_token_layerwise,undisclosed,k6,target_observation_mean,22,3.0,0.13832745083277664,False
final_input_token_layerwise,undisclosed,k6,target_observation_mean,23,0.1,0.21330654467657034,True
final_input_token_layerwise,undisclosed,k6,target_observation_mean,24,0.1,0.16097301365762062,False
final_input_token_layerwise,undisclosed,k6,target_observation_mean,25,0.1,0.069751737118989,False
final_input_token_layerwise,undisclosed,k6,target_observation_mean,26,3.0,0.06901407772964821,False
final_input_token_layerwise,undisclosed,k6,target_observation_mean,27,0.1,0.12313491451883166,False
final_input_token_layerwise,undisclosed,k6,target_observation_mean,28,0.1,0.15940619921413052,False
final_input_token_layerwise,undisclosed,k6,target_observation_mean,29,0.1,0.10953508959116012,False
final_input_token_layerwise,undisclosed,k6,target_observation_mean,30,0.1,0.10231339663254743,False
final_input_token_layerwise,undisclosed,k6,target_observation_mean,31,3.0,0.05412281093325358,False
final_input_token_layerwise,undisclosed,k6,target_observation_mean,32,3.0,0.04287950667819232,False
final_input_token_layerwise,undisclosed,k6,target_observation_mean,33,3.0,0.02817026089747765,False
final_input_token_layerwise,undisclosed,k6,target_observation_mean,34,3.0,0.023214300856569947,False
final_input_token_layerwise,undisclosed,k6,target_observation_mean,35,3.0,0.003953362355582607,False
final_input_token_layerwise,undisclosed,k6,target_observation_mean,36,3.0,0.008373205556625046,False
final_input_token_layerwise,undisclosed,k6,target_time_slope,0,0.0001,0.0,False
final_input_token_layerwise,undisclosed,k6,target_time_slope,1,100.0,0.0009941238699751054,False
final_input_token_layerwise,undisclosed,k6,target_time_slope,2,100.0,0.0003139115061095432,False
final_input_token_layerwise,undisclosed,k6,target_time_slope,3,100.0,-0.000257362700524455,False
final_input_token_layerwise,undisclosed,k6,target_time_slope,4,100.0,-0.00012914725801912996,False
final_input_token_layerwise,undisclosed,k6,target_time_slope,5,100.0,-0.00013089785030426238,False
final_input_token_layerwise,undisclosed,k6,target_time_slope,6,100.0,0.0002988645793816358,False
final_input_token_layerwise,undisclosed,k6,target_time_slope,7,100.0,0.0004587107114305544,False
final_input_token_layerwise,undisclosed,k6,target_time_slope,8,100.0,0.0006041003946778145,False
final_input_token_layerwise,undisclosed,k6,target_time_slope,9,100.0,0.00023714550790909783,False
final_input_token_layerwise,undisclosed,k6,target_time_slope,10,100.0,0.0006858546000792498,False
final_input_token_layerwise,undisclosed,k6,target_time_slope,11,3.0,0.005738249439483034,False
final_input_token_layerwise,undisclosed,k6,target_time_slope,12,100.0,0.0005891703550088001,False
final_input_token_layerwise,undisclosed,k6,target_time_slope,13,3.0,0.01822144354240915,False
final_input_token_layerwise,undisclosed,k6,target_time_slope,14,3.0,0.005172300902712673,False
final_input_token_layerwise,undisclosed,k6,target_time_slope,15,100.0,0.0004611680359135062,False
final_input_token_layerwise,undisclosed,k6,target_time_slope,16,3.0,0.0039795911418237795,False
final_input_token_layerwise,undisclosed,k6,target_time_slope,17,3.0,0.024686942915509213,False
final_input_token_layerwise,undisclosed,k6,target_time_slope,18,3.0,0.010637002570164783,False
final_input_token_layerwise,undisclosed,k6,target_time_slope,19,3.0,0.04030122148862039,False
final_input_token_layerwise,undisclosed,k6,target_time_slope,20,3.0,0.08117023804270435,True
final_input_token_layerwise,undisclosed,k6,target_time_slope,21,3.0,0.06584325951151243,False
final_input_token_layerwise,undisclosed,k6,target_time_slope,22,3.0,0.045415434674939276,False
final_input_token_layerwise,undisclosed,k6,target_time_slope,23,3.0,0.03071664761607623,False
final_input_token_layerwise,undisclosed,k6,target_time_slope,24,100.0,0.0021265637630631107,False
final_input_token_layerwise,undisclosed,k6,target_time_slope,25,3.0,0.05596892568906489,False
final_input_token_layerwise,undisclosed,k6,target_time_slope,26,3.0,0.041205678454123235,False
final_input_token_layerwise,undisclosed,k6,target_time_slope,27,3.0,0.03712697874103649,False
final_input_token_layerwise,undisclosed,k6,target_time_slope,28,3.0,0.025248932110931488,False
final_input_token_layerwise,undisclosed,k6,target_time_slope,29,3.0,0.020119561156403648,False
final_input_token_layerwise,undisclosed,k6,target_time_slope,30,3.0,0.05221665592542496,False
final_input_token_layerwise,undisclosed,k6,target_time_slope,31,3.0,0.04046816349633131,False
final_input_token_layerwise,undisclosed,k6,target_time_slope,32,3.0,0.03996186267141988,False
final_input_token_layerwise,undisclosed,k6,target_time_slope,33,3.0,0.05446673624815784,False
final_input_token_layerwise,undisclosed,k6,target_time_slope,34,3.0,0.052138426098379764,False
final_input_token_layerwise,undisclosed,k6,target_time_slope,35,3.0,0.04624109306843788,False
final_input_token_layerwise,undisclosed,k6,target_time_slope,36,3.0,0.04509937942180994,False
final_input_token_layerwise,undisclosed,k6,displayed_driver_outcome_slope,0,0.0001,-5.551115123125783e-17,False
final_input_token_layerwise,undisclosed,k6,displayed_driver_outcome_slope,1,100.0,-0.0017557746855712542,False
final_input_token_layerwise,undisclosed,k6,displayed_driver_outcome_slope,2,100.0,-0.0010229314121502076,False
final_input_token_layerwise,undisclosed,k6,displayed_driver_outcome_slope,3,100.0,-0.0004522157970369145,False
final_input_token_layerwise,undisclosed,k6,displayed_driver_outcome_slope,4,100.0,-0.0008535264927029551,False
final_input_token_layerwise,undisclosed,k6,displayed_driver_outcome_slope,5,100.0,-0.0006655328843001851,False
final_input_token_layerwise,undisclosed,k6,displayed_driver_outcome_slope,6,100.0,-0.0005825556641270158,False
final_input_token_layerwise,undisclosed,k6,displayed_driver_outcome_slope,7,100.0,-0.000899614842915869,False
final_input_token_layerwise,undisclosed,k6,displayed_driver_outcome_slope,8,100.0,-0.001064051004852351,False
final_input_token_layerwise,undisclosed,k6,displayed_driver_outcome_slope,9,100.0,-0.0010478062610365657,False
final_input_token_layerwise,undisclosed,k6,displayed_driver_outcome_slope,10,100.0,-0.0006046765477969451,False
final_input_token_layerwise,undisclosed,k6,displayed_driver_outcome_slope,11,100.0,0.00033754018027992716,False
final_input_token_layerwise,undisclosed,k6,displayed_driver_outcome_slope,12,100.0,-0.0005260274620847993,False
final_input_token_layerwise,undisclosed,k6,displayed_driver_outcome_slope,13,100.0,-0.0008804596393519881,False
final_input_token_layerwise,undisclosed,k6,displayed_driver_outcome_slope,14,100.0,-0.002018071698230428,False
final_input_token_layerwise,undisclosed,k6,displayed_driver_outcome_slope,15,100.0,-0.0015977886426304655,False
final_input_token_layerwise,undisclosed,k6,displayed_driver_outcome_slope,16,100.0,-0.0009366075892474346,False
final_input_token_layerwise,undisclosed,k6,displayed_driver_outcome_slope,17,100.0,0.0014570290734234048,False
final_input_token_layerwise,undisclosed,k6,displayed_driver_outcome_slope,18,100.0,0.0007211135887911502,False
final_input_token_layerwise,undisclosed,k6,displayed_driver_outcome_slope,19,100.0,0.00044207814950381064,False
final_input_token_layerwise,undisclosed,k6,displayed_driver_outcome_slope,20,100.0,0.00046125755613316,False
final_input_token_layerwise,undisclosed,k6,displayed_driver_outcome_slope,21,100.0,0.0004659172917562404,False
final_input_token_layerwise,undisclosed,k6,displayed_driver_outcome_slope,22,100.0,0.00034869986386451557,False
final_input_token_layerwise,undisclosed,k6,displayed_driver_outcome_slope,23,100.0,-0.00027601957731879234,False
final_input_token_layerwise,undisclosed,k6,displayed_driver_outcome_slope,24,100.0,-0.0005443318533445152,False
final_input_token_layerwise,undisclosed,k6,displayed_driver_outcome_slope,25,100.0,-0.0005334218319971162,False
final_input_token_layerwise,undisclosed,k6,displayed_driver_outcome_slope,26,100.0,-0.0007089423834855391,False
final_input_token_layerwise,undisclosed,k6,displayed_driver_outcome_slope,27,100.0,-0.0009029598057099242,False
final_input_token_layerwise,undisclosed,k6,displayed_driver_outcome_slope,28,100.0,-0.0006804500096224686,False
final_input_token_layerwise,undisclosed,k6,displayed_driver_outcome_slope,29,100.0,-0.0008249914778582501,False
final_input_token_layerwise,undisclosed,k6,displayed_driver_outcome_slope,30,100.0,-0.0002344729106675547,False
final_input_token_layerwise,undisclosed,k6,displayed_driver_outcome_slope,31,100.0,0.0002400738331006791,False
final_input_token_layerwise,undisclosed,k6,displayed_driver_outcome_slope,32,100.0,0.0002473045854951006,False
final_input_token_layerwise,undisclosed,k6,displayed_driver_outcome_slope,33,100.0,-0.00017880711634238322,False
final_input_token_layerwise,undisclosed,k6,displayed_driver_outcome_slope,34,3.0,0.004133903063786998,False
final_input_token_layerwise,undisclosed,k6,displayed_driver_outcome_slope,35,3.0,0.0015196759101354096,False
final_input_token_layerwise,undisclosed,k6,displayed_driver_outcome_slope,36,3.0,0.005685080587777336,True
final_input_token_layerwise,undisclosed,k6,oracle_posterior_gain,0,0.0001,-5.551115123125783e-17,False
final_input_token_layerwise,undisclosed,k6,oracle_posterior_gain,1,100.0,-0.0017725399482988458,False
final_input_token_layerwise,undisclosed,k6,oracle_posterior_gain,2,100.0,-0.0008576038971218058,False
final_input_token_layerwise,undisclosed,k6,oracle_posterior_gain,3,100.0,-0.001079674824408433,False
final_input_token_layerwise,undisclosed,k6,oracle_posterior_gain,4,100.0,0.00033053561831561384,False
final_input_token_layerwise,undisclosed,k6,oracle_posterior_gain,5,100.0,1.910497802318223e-05,False
final_input_token_layerwise,undisclosed,k6,oracle_posterior_gain,6,100.0,-0.00010474508269037175,False
final_input_token_layerwise,undisclosed,k6,oracle_posterior_gain,7,100.0,-0.0004229598717850336,False
final_input_token_layerwise,undisclosed,k6,oracle_posterior_gain,8,3.0,0.006662192915259962,False
final_input_token_layerwise,undisclosed,k6,oracle_posterior_gain,9,100.0,0.00021702870930837004,False
final_input_token_layerwise,undisclosed,k6,oracle_posterior_gain,10,100.0,0.00032787244568024954,False
final_input_token_layerwise,undisclosed,k6,oracle_posterior_gain,11,100.0,0.0005475878640255893,False
final_input_token_layerwise,undisclosed,k6,oracle_posterior_gain,12,100.0,0.0006791573458560518,False
final_input_token_layerwise,undisclosed,k6,oracle_posterior_gain,13,100.0,0.0002714983321359665,False
final_input_token_layerwise,undisclosed,k6,oracle_posterior_gain,14,100.0,-0.00032436093207052763,False
final_input_token_layerwise,undisclosed,k6,oracle_posterior_gain,15,100.0,-0.0015028365860945136,False
final_input_token_layerwise,undisclosed,k6,oracle_posterior_gain,16,100.0,-0.0013350827228702788,False
final_input_token_layerwise,undisclosed,k6,oracle_posterior_gain,17,100.0,-0.0010323208197443867,False
final_input_token_layerwise,undisclosed,k6,oracle_posterior_gain,18,100.0,-0.0006913774381886173,False
final_input_token_layerwise,undisclosed,k6,oracle_posterior_gain,19,3.0,0.016429873096953485,False
final_input_token_layerwise,undisclosed,k6,oracle_posterior_gain,20,0.1,0.08372189256937349,False
final_input_token_layerwise,undisclosed,k6,oracle_posterior_gain,21,3.0,0.0695895865136878,False
final_input_token_layerwise,undisclosed,k6,oracle_posterior_gain,22,3.0,0.0646639325228727,False
final_input_token_layerwise,undisclosed,k6,oracle_posterior_gain,23,3.0,0.08678191125154444,False
final_input_token_layerwise,undisclosed,k6,oracle_posterior_gain,24,3.0,0.08826884925286704,False
final_input_token_layerwise,undisclosed,k6,oracle_posterior_gain,25,3.0,0.09206212722695739,False
final_input_token_layerwise,undisclosed,k6,oracle_posterior_gain,26,3.0,0.08788825195508229,False
final_input_token_layerwise,undisclosed,k6,oracle_posterior_gain,27,3.0,0.10658318117191501,True
final_input_token_layerwise,undisclosed,k6,oracle_posterior_gain,28,3.0,0.10094549769846684,False
final_input_token_layerwise,undisclosed,k6,oracle_posterior_gain,29,3.0,0.10353343466186382,False
final_input_token_layerwise,undisclosed,k6,oracle_posterior_gain,30,3.0,0.09010573308042213,False
final_input_token_layerwise,undisclosed,k6,oracle_posterior_gain,31,3.0,0.08737713792315499,False
final_input_token_layerwise,undisclosed,k6,oracle_posterior_gain,32,3.0,0.08096748485517216,False
final_input_token_layerwise,undisclosed,k6,oracle_posterior_gain,33,3.0,0.07527259442277334,False
final_input_token_layerwise,undisclosed,k6,oracle_posterior_gain,34,3.0,0.06810312311311659,False
final_input_token_layerwise,undisclosed,k6,oracle_posterior_gain,35,3.0,0.06855606946052403,False
final_input_token_layerwise,undisclosed,k6,oracle_posterior_gain,36,3.0,0.06973556691321892,False
final_input_token_layerwise,undisclosed,k9,gain,0,0.0001,0.0,False
final_input_token_layerwise,undisclosed,k9,gain,1,100.0,-0.0027738037744167165,False
final_input_token_layerwise,undisclosed,k9,gain,2,100.0,-0.0022039437977423026,False
final_input_token_layerwise,undisclosed,k9,gain,3,100.0,-0.0012188571659427216,False
final_input_token_layerwise,undisclosed,k9,gain,4,100.0,-0.0019361012970724456,False
final_input_token_layerwise,undisclosed,k9,gain,5,100.0,-0.0013149179717987791,False
final_input_token_layerwise,undisclosed,k9,gain,6,100.0,-0.0012068187128927987,False
final_input_token_layerwise,undisclosed,k9,gain,7,100.0,-0.000575936820737144,False
final_input_token_layerwise,undisclosed,k9,gain,8,100.0,-0.0015500749899260702,False
final_input_token_layerwise,undisclosed,k9,gain,9,100.0,-0.0009186086949347083,False
final_input_token_layerwise,undisclosed,k9,gain,10,100.0,-0.00042999019404016403,False
final_input_token_layerwise,undisclosed,k9,gain,11,100.0,4.732189100650763e-05,False
final_input_token_layerwise,undisclosed,k9,gain,12,100.0,-0.0002779227588793898,False
final_input_token_layerwise,undisclosed,k9,gain,13,3.0,0.004239863317848813,False
final_input_token_layerwise,undisclosed,k9,gain,14,100.0,0.0003311852533486037,False
final_input_token_layerwise,undisclosed,k9,gain,15,100.0,-0.00032615722649895207,False
final_input_token_layerwise,undisclosed,k9,gain,16,100.0,-0.000309445120533991,False
final_input_token_layerwise,undisclosed,k9,gain,17,100.0,-0.0009006612982959683,False
final_input_token_layerwise,undisclosed,k9,gain,18,100.0,-0.0009080086765684836,False
final_input_token_layerwise,undisclosed,k9,gain,19,3.0,0.020291178461848802,False
final_input_token_layerwise,undisclosed,k9,gain,20,0.1,0.10313432006567613,False
final_input_token_layerwise,undisclosed,k9,gain,21,0.1,0.10852869548825092,True
final_input_token_layerwise,undisclosed,k9,gain,22,0.1,0.06765805570996497,False
final_input_token_layerwise,undisclosed,k9,gain,23,3.0,0.07570230120944194,False
final_input_token_layerwise,undisclosed,k9,gain,24,3.0,0.0676703774005992,False
final_input_token_layerwise,undisclosed,k9,gain,25,3.0,0.0650711824590594,False
final_input_token_layerwise,undisclosed,k9,gain,26,3.0,0.07017388487701995,False
final_input_token_layerwise,undisclosed,k9,gain,27,3.0,0.07911577330441774,False
final_input_token_layerwise,undisclosed,k9,gain,28,3.0,0.06826933176707217,False
final_input_token_layerwise,undisclosed,k9,gain,29,3.0,0.0714890287341928,False
final_input_token_layerwise,undisclosed,k9,gain,30,3.0,0.056885514318861324,False
final_input_token_layerwise,undisclosed,k9,gain,31,3.0,0.05584567392605724,False
final_input_token_layerwise,undisclosed,k9,gain,32,3.0,0.050582307184456554,False
final_input_token_layerwise,undisclosed,k9,gain,33,3.0,0.045192957275102336,False
final_input_token_layerwise,undisclosed,k9,gain,34,3.0,0.058633158566875176,False
final_input_token_layerwise,undisclosed,k9,gain,35,3.0,0.06294595643103554,False
final_input_token_layerwise,undisclosed,k9,gain,36,3.0,0.07007008410911819,False
final_input_token_layerwise,undisclosed,k9,response_residual,0,0.0001,-2.7755575615628914e-17,False
final_input_token_layerwise,undisclosed,k9,response_residual,1,100.0,-0.0033546606618405916,False
final_input_token_layerwise,undisclosed,k9,response_residual,2,100.0,-0.0026216344307800066,False
final_input_token_layerwise,undisclosed,k9,response_residual,3,100.0,-0.0018556252983755184,False
final_input_token_layerwise,undisclosed,k9,response_residual,4,100.0,-0.0018459134276253009,False
final_input_token_layerwise,undisclosed,k9,response_residual,5,100.0,-0.00129037291142442,False
final_input_token_layerwise,undisclosed,k9,response_residual,6,100.0,-0.0011683607861464607,False
final_input_token_layerwise,undisclosed,k9,response_residual,7,100.0,-0.0006795005529013909,False
final_input_token_layerwise,undisclosed,k9,response_residual,8,100.0,-0.0010197108000987165,False
final_input_token_layerwise,undisclosed,k9,response_residual,9,100.0,-0.0003442521084763561,False
final_input_token_layerwise,undisclosed,k9,response_residual,10,100.0,4.061819359349461e-05,False
final_input_token_layerwise,undisclosed,k9,response_residual,11,3.0,0.0017249548787073854,False
final_input_token_layerwise,undisclosed,k9,response_residual,12,3.0,0.003835037375537337,False
final_input_token_layerwise,undisclosed,k9,response_residual,13,3.0,0.0039205721702423035,False
final_input_token_layerwise,undisclosed,k9,response_residual,14,100.0,0.0007696462341678922,False
final_input_token_layerwise,undisclosed,k9,response_residual,15,100.0,0.00025528804956659323,False
final_input_token_layerwise,undisclosed,k9,response_residual,16,100.0,-0.00014404331058701092,False
final_input_token_layerwise,undisclosed,k9,response_residual,17,100.0,-8.602912461852519e-06,False
final_input_token_layerwise,undisclosed,k9,response_residual,18,100.0,-0.00024277597396996087,False
final_input_token_layerwise,undisclosed,k9,response_residual,19,3.0,0.007452170059022933,False
final_input_token_layerwise,undisclosed,k9,response_residual,20,3.0,0.025333346257813583,False
final_input_token_layerwise,undisclosed,k9,response_residual,21,3.0,0.030487058817815826,False
final_input_token_layerwise,undisclosed,k9,response_residual,22,3.0,0.030187624925514606,False
final_input_token_layerwise,undisclosed,k9,response_residual,23,3.0,0.030606710815976074,True
final_input_token_layerwise,undisclosed,k9,response_residual,24,3.0,0.024397699494084296,False
final_input_token_layerwise,undisclosed,k9,response_residual,25,3.0,0.020979020879961285,False
final_input_token_layerwise,undisclosed,k9,response_residual,26,3.0,0.023960491727358035,False
final_input_token_layerwise,undisclosed,k9,response_residual,27,3.0,0.030305960237977936,False
final_input_token_layerwise,undisclosed,k9,response_residual,28,3.0,0.018791116744915237,False
final_input_token_layerwise,undisclosed,k9,response_residual,29,3.0,0.01439055083261731,False
final_input_token_layerwise,undisclosed,k9,response_residual,30,3.0,0.007167728653211275,False
final_input_token_layerwise,undisclosed,k9,response_residual,31,100.0,0.002245765497517288,False
final_input_token_layerwise,undisclosed,k9,response_residual,32,100.0,0.0022008518905684005,False
final_input_token_layerwise,undisclosed,k9,response_residual,33,100.0,0.0014730524887282548,False
final_input_token_layerwise,undisclosed,k9,response_residual,34,100.0,0.00199773601954234,False
final_input_token_layerwise,undisclosed,k9,response_residual,35,100.0,0.0022051073724463355,False
final_input_token_layerwise,undisclosed,k9,response_residual,36,3.0,0.005712322355065802,False
final_input_token_layerwise,undisclosed,k9,last_target_observation,0,0.0001,1.3877787807814457e-16,False
final_input_token_layerwise,undisclosed,k9,last_target_observation,1,100.0,-0.006652057450246107,False
final_input_token_layerwise,undisclosed,k9,last_target_observation,2,100.0,-0.00469251151240585,False
final_input_token_layerwise,undisclosed,k9,last_target_observation,3,100.0,-0.003343514660505642,False
final_input_token_layerwise,undisclosed,k9,last_target_observation,4,100.0,-0.0028292892214064613,False
final_input_token_layerwise,undisclosed,k9,last_target_observation,5,100.0,-0.0016764429934569836,False
final_input_token_layerwise,undisclosed,k9,last_target_observation,6,100.0,-0.001594051506284333,False
final_input_token_layerwise,undisclosed,k9,last_target_observation,7,100.0,-0.0014358850219801933,False
final_input_token_layerwise,undisclosed,k9,last_target_observation,8,100.0,-0.0014988809899963984,False
final_input_token_layerwise,undisclosed,k9,last_target_observation,9,100.0,-0.0013923534791998593,False
final_input_token_layerwise,undisclosed,k9,last_target_observation,10,100.0,-0.0006033800229708342,False
final_input_token_layerwise,undisclosed,k9,last_target_observation,11,100.0,-0.0013103753726272926,False
final_input_token_layerwise,undisclosed,k9,last_target_observation,12,100.0,-8.22281962552518e-05,False
final_input_token_layerwise,undisclosed,k9,last_target_observation,13,3.0,0.022373609212016338,False
final_input_token_layerwise,undisclosed,k9,last_target_observation,14,3.0,0.015876201899872044,False
final_input_token_layerwise,undisclosed,k9,last_target_observation,15,3.0,0.015311063503774064,False
final_input_token_layerwise,undisclosed,k9,last_target_observation,16,3.0,0.0074228915303929666,False
final_input_token_layerwise,undisclosed,k9,last_target_observation,17,3.0,0.010704848398857214,False
final_input_token_layerwise,undisclosed,k9,last_target_observation,18,100.0,0.0006401831667096625,False
final_input_token_layerwise,undisclosed,k9,last_target_observation,19,3.0,0.018030780281085762,False
final_input_token_layerwise,undisclosed,k9,last_target_observation,20,3.0,0.02511016745317543,False
final_input_token_layerwise,undisclosed,k9,last_target_observation,21,3.0,0.028431499071160687,False
final_input_token_layerwise,undisclosed,k9,last_target_observation,22,3.0,0.0321437545092515,False
final_input_token_layerwise,undisclosed,k9,last_target_observation,23,3.0,0.05022998116446217,True
final_input_token_layerwise,undisclosed,k9,last_target_observation,24,3.0,0.031910597644230626,False
final_input_token_layerwise,undisclosed,k9,last_target_observation,25,3.0,0.002279693169651459,False
final_input_token_layerwise,undisclosed,k9,last_target_observation,26,100.0,0.0009951275031359619,False
final_input_token_layerwise,undisclosed,k9,last_target_observation,27,100.0,0.0004913522038733076,False
final_input_token_layerwise,undisclosed,k9,last_target_observation,28,100.0,0.0005465225534916074,False
final_input_token_layerwise,undisclosed,k9,last_target_observation,29,100.0,5.721092210492218e-05,False
final_input_token_layerwise,undisclosed,k9,last_target_observation,30,100.0,-9.304005187044107e-05,False
final_input_token_layerwise,undisclosed,k9,last_target_observation,31,100.0,-0.00010815278259942995,False
final_input_token_layerwise,undisclosed,k9,last_target_observation,32,100.0,-0.0005526884496019902,False
final_input_token_layerwise,undisclosed,k9,last_target_observation,33,100.0,-0.0005135637176471586,False
final_input_token_layerwise,undisclosed,k9,last_target_observation,34,100.0,6.081153811265949e-05,False
final_input_token_layerwise,undisclosed,k9,last_target_observation,35,100.0,0.00022665433121080159,False
final_input_token_layerwise,undisclosed,k9,last_target_observation,36,100.0,0.0005566007643713067,False
final_input_token_layerwise,undisclosed,k9,target_observation_mean,0,0.0001,3.885780586188048e-16,False
final_input_token_layerwise,undisclosed,k9,target_observation_mean,1,100.0,0.004831543373078756,False
final_input_token_layerwise,undisclosed,k9,target_observation_mean,2,100.0,0.002497044926363462,False
final_input_token_layerwise,undisclosed,k9,target_observation_mean,3,100.0,0.0027421178400311164,False
final_input_token_layerwise,undisclosed,k9,target_observation_mean,4,3.0,0.006342507734633435,False
final_input_token_layerwise,undisclosed,k9,target_observation_mean,5,100.0,0.0008091153460137723,False
final_input_token_layerwise,undisclosed,k9,target_observation_mean,6,3.0,0.0008703120685373544,False
final_input_token_layerwise,undisclosed,k9,target_observation_mean,7,3.0,0.020442042048254894,False
final_input_token_layerwise,undisclosed,k9,target_observation_mean,8,100.0,-0.0010503795043153297,False
final_input_token_layerwise,undisclosed,k9,target_observation_mean,9,100.0,-0.00045813530083377296,False
final_input_token_layerwise,undisclosed,k9,target_observation_mean,10,100.0,-0.0005758130614623158,False
final_input_token_layerwise,undisclosed,k9,target_observation_mean,11,100.0,-0.0013548237683081443,False
final_input_token_layerwise,undisclosed,k9,target_observation_mean,12,100.0,-0.0012622062222423236,False
final_input_token_layerwise,undisclosed,k9,target_observation_mean,13,100.0,-9.327771805139884e-05,False
final_input_token_layerwise,undisclosed,k9,target_observation_mean,14,100.0,-3.258973048458902e-05,False
final_input_token_layerwise,undisclosed,k9,target_observation_mean,15,100.0,0.00019284164316035746,False
final_input_token_layerwise,undisclosed,k9,target_observation_mean,16,100.0,0.00014964665718286696,False
final_input_token_layerwise,undisclosed,k9,target_observation_mean,17,100.0,0.00015692679884118932,False
final_input_token_layerwise,undisclosed,k9,target_observation_mean,18,3.0,0.002189649916764458,False
final_input_token_layerwise,undisclosed,k9,target_observation_mean,19,3.0,0.006184175263944297,False
final_input_token_layerwise,undisclosed,k9,target_observation_mean,20,3.0,0.04924928451549085,False
final_input_token_layerwise,undisclosed,k9,target_observation_mean,21,3.0,0.051121127093717106,False
final_input_token_layerwise,undisclosed,k9,target_observation_mean,22,3.0,0.06878669273642493,True
final_input_token_layerwise,undisclosed,k9,target_observation_mean,23,3.0,0.05980039063378573,False
final_input_token_layerwise,undisclosed,k9,target_observation_mean,24,3.0,0.051772977944394005,False
final_input_token_layerwise,undisclosed,k9,target_observation_mean,25,3.0,0.03166436843465498,False
final_input_token_layerwise,undisclosed,k9,target_observation_mean,26,3.0,0.03491850929846782,False
final_input_token_layerwise,undisclosed,k9,target_observation_mean,27,3.0,0.05145560027773652,False
final_input_token_layerwise,undisclosed,k9,target_observation_mean,28,3.0,0.06652034740131463,False
final_input_token_layerwise,undisclosed,k9,target_observation_mean,29,3.0,0.0586333505936569,False
final_input_token_layerwise,undisclosed,k9,target_observation_mean,30,3.0,0.03669673497647505,False
final_input_token_layerwise,undisclosed,k9,target_observation_mean,31,3.0,0.032065900509739065,False
final_input_token_layerwise,undisclosed,k9,target_observation_mean,32,3.0,0.042363808539376546,False
final_input_token_layerwise,undisclosed,k9,target_observation_mean,33,3.0,0.02790303504170516,False
final_input_token_layerwise,undisclosed,k9,target_observation_mean,34,3.0,0.025907342173832504,False
final_input_token_layerwise,undisclosed,k9,target_observation_mean,35,3.0,0.025224063499440785,False
final_input_token_layerwise,undisclosed,k9,target_observation_mean,36,3.0,0.01636104405849062,False
final_input_token_layerwise,undisclosed,k9,target_time_slope,0,0.0001,0.0,False
final_input_token_layerwise,undisclosed,k9,target_time_slope,1,3.0,0.007973494940044457,False
final_input_token_layerwise,undisclosed,k9,target_time_slope,2,100.0,-0.002616987955890049,False
final_input_token_layerwise,undisclosed,k9,target_time_slope,3,100.0,-0.0016944029760055657,False
final_input_token_layerwise,undisclosed,k9,target_time_slope,4,3.0,0.027755751621219543,False
final_input_token_layerwise,undisclosed,k9,target_time_slope,5,3.0,0.03748348077203567,False
final_input_token_layerwise,undisclosed,k9,target_time_slope,6,3.0,0.04816119128977667,False
final_input_token_layerwise,undisclosed,k9,target_time_slope,7,3.0,0.04956300525545382,False
final_input_token_layerwise,undisclosed,k9,target_time_slope,8,3.0,0.01956268357694224,False
final_input_token_layerwise,undisclosed,k9,target_time_slope,9,3.0,0.008206350741553653,False
final_input_token_layerwise,undisclosed,k9,target_time_slope,10,3.0,0.025473471557480032,False
final_input_token_layerwise,undisclosed,k9,target_time_slope,11,3.0,0.017047346425972443,False
final_input_token_layerwise,undisclosed,k9,target_time_slope,12,3.0,0.019814128546108506,False
final_input_token_layerwise,undisclosed,k9,target_time_slope,13,3.0,0.027130533736468704,False
final_input_token_layerwise,undisclosed,k9,target_time_slope,14,3.0,0.00724955106495595,False
final_input_token_layerwise,undisclosed,k9,target_time_slope,15,3.0,0.009575467295194373,False
final_input_token_layerwise,undisclosed,k9,target_time_slope,16,3.0,0.008819022556647987,False
final_input_token_layerwise,undisclosed,k9,target_time_slope,17,3.0,0.02261616773717065,False
final_input_token_layerwise,undisclosed,k9,target_time_slope,18,3.0,0.05090479807558537,False
final_input_token_layerwise,undisclosed,k9,target_time_slope,19,3.0,0.08947070833717144,False
final_input_token_layerwise,undisclosed,k9,target_time_slope,20,3.0,0.11335836747554667,True
final_input_token_layerwise,undisclosed,k9,target_time_slope,21,3.0,0.10331077008705697,False
final_input_token_layerwise,undisclosed,k9,target_time_slope,22,3.0,0.09528754703646039,False
final_input_token_layerwise,undisclosed,k9,target_time_slope,23,3.0,0.0919782035749229,False
final_input_token_layerwise,undisclosed,k9,target_time_slope,24,3.0,0.053069713374174654,False
final_input_token_layerwise,undisclosed,k9,target_time_slope,25,3.0,0.05148233757023049,False
final_input_token_layerwise,undisclosed,k9,target_time_slope,26,3.0,0.04498578028776462,False
final_input_token_layerwise,undisclosed,k9,target_time_slope,27,3.0,0.03207658086144674,False
final_input_token_layerwise,undisclosed,k9,target_time_slope,28,3.0,0.030013932915355146,False
final_input_token_layerwise,undisclosed,k9,target_time_slope,29,3.0,0.00785043044987549,False
final_input_token_layerwise,undisclosed,k9,target_time_slope,30,3.0,0.017954876281099652,False
final_input_token_layerwise,undisclosed,k9,target_time_slope,31,3.0,0.008874728080719874,False
final_input_token_layerwise,undisclosed,k9,target_time_slope,32,100.0,0.0026511337891949316,False
final_input_token_layerwise,undisclosed,k9,target_time_slope,33,100.0,0.002500229803711701,False
final_input_token_layerwise,undisclosed,k9,target_time_slope,34,100.0,0.0019970249591932665,False
final_input_token_layerwise,undisclosed,k9,target_time_slope,35,3.0,0.010178322489471286,False
final_input_token_layerwise,undisclosed,k9,target_time_slope,36,100.0,0.0016093457301625536,False
final_input_token_layerwise,undisclosed,k9,displayed_driver_outcome_slope,0,0.0001,-1.1102230246251565e-16,False
final_input_token_layerwise,undisclosed,k9,displayed_driver_outcome_slope,1,100.0,0.010235729749064143,False
final_input_token_layerwise,undisclosed,k9,displayed_driver_outcome_slope,2,3.0,0.008110483780798733,False
final_input_token_layerwise,undisclosed,k9,displayed_driver_outcome_slope,3,3.0,0.01325347274439656,False
final_input_token_layerwise,undisclosed,k9,displayed_driver_outcome_slope,4,3.0,0.010218791136088395,False
final_input_token_layerwise,undisclosed,k9,displayed_driver_outcome_slope,5,3.0,0.007107762699167186,False
final_input_token_layerwise,undisclosed,k9,displayed_driver_outcome_slope,6,3.0,0.008356798909701285,False
final_input_token_layerwise,undisclosed,k9,displayed_driver_outcome_slope,7,3.0,0.006051445822171875,False
final_input_token_layerwise,undisclosed,k9,displayed_driver_outcome_slope,8,3.0,0.005058910646095288,False
final_input_token_layerwise,undisclosed,k9,displayed_driver_outcome_slope,9,3.0,0.00659539450406843,False
final_input_token_layerwise,undisclosed,k9,displayed_driver_outcome_slope,10,3.0,0.009468073980796882,False
final_input_token_layerwise,undisclosed,k9,displayed_driver_outcome_slope,11,3.0,0.010959612428001975,False
final_input_token_layerwise,undisclosed,k9,displayed_driver_outcome_slope,12,100.0,-0.00023007124657128952,False
final_input_token_layerwise,undisclosed,k9,displayed_driver_outcome_slope,13,3.0,0.012949891281215042,False
final_input_token_layerwise,undisclosed,k9,displayed_driver_outcome_slope,14,3.0,0.020727147941847657,False
final_input_token_layerwise,undisclosed,k9,displayed_driver_outcome_slope,15,100.0,0.00013931197458180722,False
final_input_token_layerwise,undisclosed,k9,displayed_driver_outcome_slope,16,100.0,-0.00018609056345714192,False
final_input_token_layerwise,undisclosed,k9,displayed_driver_outcome_slope,17,100.0,0.00016560856634337262,False
final_input_token_layerwise,undisclosed,k9,displayed_driver_outcome_slope,18,100.0,-0.00046805728525192714,False
final_input_token_layerwise,undisclosed,k9,displayed_driver_outcome_slope,19,3.0,0.0014564545769373827,False
final_input_token_layerwise,undisclosed,k9,displayed_driver_outcome_slope,20,3.0,0.003523809919392884,False
final_input_token_layerwise,undisclosed,k9,displayed_driver_outcome_slope,21,3.0,0.025604201929230075,False
final_input_token_layerwise,undisclosed,k9,displayed_driver_outcome_slope,22,3.0,0.03458361355876527,False
final_input_token_layerwise,undisclosed,k9,displayed_driver_outcome_slope,23,3.0,0.050912614826761016,True
final_input_token_layerwise,undisclosed,k9,displayed_driver_outcome_slope,24,3.0,0.04550472068222752,False
final_input_token_layerwise,undisclosed,k9,displayed_driver_outcome_slope,25,3.0,0.015060975220209188,False
final_input_token_layerwise,undisclosed,k9,displayed_driver_outcome_slope,26,3.0,0.010470863847757611,False
final_input_token_layerwise,undisclosed,k9,displayed_driver_outcome_slope,27,3.0,0.009376255329967081,False
final_input_token_layerwise,undisclosed,k9,displayed_driver_outcome_slope,28,100.0,0.00259048485882013,False
final_input_token_layerwise,undisclosed,k9,displayed_driver_outcome_slope,29,100.0,0.0019466555421580323,False
final_input_token_layerwise,undisclosed,k9,displayed_driver_outcome_slope,30,100.0,0.002114807450103562,False
final_input_token_layerwise,undisclosed,k9,displayed_driver_outcome_slope,31,100.0,0.0017689531413837,False
final_input_token_layerwise,undisclosed,k9,displayed_driver_outcome_slope,32,100.0,0.0017237496191662982,False
final_input_token_layerwise,undisclosed,k9,displayed_driver_outcome_slope,33,100.0,0.0016707028207992025,False
final_input_token_layerwise,undisclosed,k9,displayed_driver_outcome_slope,34,100.0,0.0013856099635611574,False
final_input_token_layerwise,undisclosed,k9,displayed_driver_outcome_slope,35,100.0,0.0015583281715591257,False
final_input_token_layerwise,undisclosed,k9,displayed_driver_outcome_slope,36,100.0,0.000858854080529714,False
final_input_token_layerwise,undisclosed,k9,oracle_posterior_gain,0,0.0001,0.0,False
final_input_token_layerwise,undisclosed,k9,oracle_posterior_gain,1,100.0,-7.414386942339313e-05,False
final_input_token_layerwise,undisclosed,k9,oracle_posterior_gain,2,100.0,-0.001007077271486162,False
final_input_token_layerwise,undisclosed,k9,oracle_posterior_gain,3,100.0,0.00041706496795210213,False
final_input_token_layerwise,undisclosed,k9,oracle_posterior_gain,4,100.0,-0.0014059868445802648,False
final_input_token_layerwise,undisclosed,k9,oracle_posterior_gain,5,100.0,-0.0009283623491400106,False
final_input_token_layerwise,undisclosed,k9,oracle_posterior_gain,6,100.0,-0.001389159907449422,False
final_input_token_layerwise,undisclosed,k9,oracle_posterior_gain,7,100.0,-0.0006203411314705254,False
final_input_token_layerwise,undisclosed,k9,oracle_posterior_gain,8,100.0,-0.001237933529075752,False
final_input_token_layerwise,undisclosed,k9,oracle_posterior_gain,9,100.0,-0.0007739042453387968,False
final_input_token_layerwise,undisclosed,k9,oracle_posterior_gain,10,100.0,-0.0005318677179454445,False
final_input_token_layerwise,undisclosed,k9,oracle_posterior_gain,11,100.0,-0.0011036924183953356,False
final_input_token_layerwise,undisclosed,k9,oracle_posterior_gain,12,100.0,-0.0013888678282831801,False
final_input_token_layerwise,undisclosed,k9,oracle_posterior_gain,13,100.0,-0.00107811669573471,False
final_input_token_layerwise,undisclosed,k9,oracle_posterior_gain,14,100.0,-0.0010526052405899766,False
final_input_token_layerwise,undisclosed,k9,oracle_posterior_gain,15,100.0,-0.000775284612697158,False
final_input_token_layerwise,undisclosed,k9,oracle_posterior_gain,16,100.0,-0.001057422500263805,False
final_input_token_layerwise,undisclosed,k9,oracle_posterior_gain,17,100.0,-0.00041225903790823026,False
final_input_token_layerwise,undisclosed,k9,oracle_posterior_gain,18,100.0,-0.00023117641991063365,False
final_input_token_layerwise,undisclosed,k9,oracle_posterior_gain,19,3.0,0.013174131442597742,False
final_input_token_layerwise,undisclosed,k9,oracle_posterior_gain,20,0.1,0.07985986457508804,False
final_input_token_layerwise,undisclosed,k9,oracle_posterior_gain,21,0.1,0.10586388285792822,False
final_input_token_layerwise,undisclosed,k9,oracle_posterior_gain,22,3.0,0.0921262258326892,False
final_input_token_layerwise,undisclosed,k9,oracle_posterior_gain,23,3.0,0.11650427097056595,True
final_input_token_layerwise,undisclosed,k9,oracle_posterior_gain,24,3.0,0.10064520735940619,False
final_input_token_layerwise,undisclosed,k9,oracle_posterior_gain,25,3.0,0.09263492591217773,False
final_input_token_layerwise,undisclosed,k9,oracle_posterior_gain,26,3.0,0.09382510062754487,False
final_input_token_layerwise,undisclosed,k9,oracle_posterior_gain,27,3.0,0.0998362016172091,False
final_input_token_layerwise,undisclosed,k9,oracle_posterior_gain,28,3.0,0.09809776821260119,False
final_input_token_layerwise,undisclosed,k9,oracle_posterior_gain,29,3.0,0.10413888025687498,False
final_input_token_layerwise,undisclosed,k9,oracle_posterior_gain,30,3.0,0.08926781064043601,False
final_input_token_layerwise,undisclosed,k9,oracle_posterior_gain,31,3.0,0.09133419549886992,False
final_input_token_layerwise,undisclosed,k9,oracle_posterior_gain,32,3.0,0.08604975262408043,False
final_input_token_layerwise,undisclosed,k9,oracle_posterior_gain,33,3.0,0.08372710964178917,False
final_input_token_layerwise,undisclosed,k9,oracle_posterior_gain,34,3.0,0.08510667273347214,False
final_input_token_layerwise,undisclosed,k9,oracle_posterior_gain,35,0.1,0.10975134016441876,False
final_input_token_layerwise,undisclosed,k9,oracle_posterior_gain,36,3.0,0.09777514052722555,False
final_input_token_layerwise,undisclosed,pooled,gain,0,0.0001,0.0,False
final_input_token_layerwise,undisclosed,pooled,gain,1,100.0,0.0012422895803898455,False
final_input_token_layerwise,undisclosed,pooled,gain,2,100.0,-0.0004257312306712076,False
final_input_token_layerwise,undisclosed,pooled,gain,3,100.0,-0.000771094665452878,False
final_input_token_layerwise,undisclosed,pooled,gain,4,100.0,-0.0006393370106930659,False
final_input_token_layerwise,undisclosed,pooled,gain,5,100.0,-0.0023376759088021004,False
final_input_token_layerwise,undisclosed,pooled,gain,6,100.0,-0.0025583968834662907,False
final_input_token_layerwise,undisclosed,pooled,gain,7,100.0,-0.002085979674693141,False
final_input_token_layerwise,undisclosed,pooled,gain,8,100.0,-0.004844648620359687,False
final_input_token_layerwise,undisclosed,pooled,gain,9,100.0,-0.0016751894712510966,False
final_input_token_layerwise,undisclosed,pooled,gain,10,100.0,-0.0009249122319470912,False
final_input_token_layerwise,undisclosed,pooled,gain,11,100.0,0.00010204355922006451,False
final_input_token_layerwise,undisclosed,pooled,gain,12,100.0,0.0005511720582804802,False
final_input_token_layerwise,undisclosed,pooled,gain,13,100.0,-0.0036544496515611515,False
final_input_token_layerwise,undisclosed,pooled,gain,14,100.0,-0.005703090845931301,False
final_input_token_layerwise,undisclosed,pooled,gain,15,100.0,-0.006213161922595273,False
final_input_token_layerwise,undisclosed,pooled,gain,16,100.0,-0.004918565791421359,False
final_input_token_layerwise,undisclosed,pooled,gain,17,100.0,-5.475469360896601e-05,False
final_input_token_layerwise,undisclosed,pooled,gain,18,100.0,-0.0008534311524372359,False
final_input_token_layerwise,undisclosed,pooled,gain,19,100.0,0.0030263179715976176,False
final_input_token_layerwise,undisclosed,pooled,gain,20,100.0,0.006084893389369063,False
final_input_token_layerwise,undisclosed,pooled,gain,21,100.0,0.00816726488486913,False
final_input_token_layerwise,undisclosed,pooled,gain,22,3.0,0.0177469427011011,False
final_input_token_layerwise,undisclosed,pooled,gain,23,3.0,0.030338606759540226,False
final_input_token_layerwise,undisclosed,pooled,gain,24,3.0,0.028638872513751145,False
final_input_token_layerwise,undisclosed,pooled,gain,25,3.0,0.049264932560925595,False
final_input_token_layerwise,undisclosed,pooled,gain,26,3.0,0.04675201436961304,False
final_input_token_layerwise,undisclosed,pooled,gain,27,3.0,0.05919956688182345,True
final_input_token_layerwise,undisclosed,pooled,gain,28,3.0,0.03621161846225751,False
final_input_token_layerwise,undisclosed,pooled,gain,29,3.0,0.02625744056628848,False
final_input_token_layerwise,undisclosed,pooled,gain,30,3.0,0.026909957631119585,False
final_input_token_layerwise,undisclosed,pooled,gain,31,3.0,0.023916193951516774,False
final_input_token_layerwise,undisclosed,pooled,gain,32,3.0,0.01754391984204366,False
final_input_token_layerwise,undisclosed,pooled,gain,33,100.0,0.011287630423043926,False
final_input_token_layerwise,undisclosed,pooled,gain,34,100.0,0.0121766264555045,False
final_input_token_layerwise,undisclosed,pooled,gain,35,100.0,0.01339456536727542,False
final_input_token_layerwise,undisclosed,pooled,gain,36,100.0,0.013332230441248177,False
final_input_token_layerwise,undisclosed,pooled,response_residual,0,0.0001,-2.7755575615628914e-17,False
final_input_token_layerwise,undisclosed,pooled,response_residual,1,100.0,-0.0012120807202437116,False
final_input_token_layerwise,undisclosed,pooled,response_residual,2,100.0,-0.0020699460142589443,False
final_input_token_layerwise,undisclosed,pooled,response_residual,3,100.0,-0.0020125476635510418,False
final_input_token_layerwise,undisclosed,pooled,response_residual,4,100.0,-0.0016956175229001502,False
final_input_token_layerwise,undisclosed,pooled,response_residual,5,100.0,-0.002775122916112399,False
final_input_token_layerwise,undisclosed,pooled,response_residual,6,100.0,-0.003037936329867171,False
final_input_token_layerwise,undisclosed,pooled,response_residual,7,100.0,-0.0034917748693715223,False
final_input_token_layerwise,undisclosed,pooled,response_residual,8,100.0,-0.005682685743101064,False
final_input_token_layerwise,undisclosed,pooled,response_residual,9,100.0,-0.003559089118140855,False
final_input_token_layerwise,undisclosed,pooled,response_residual,10,100.0,-0.002622704124158335,False
final_input_token_layerwise,undisclosed,pooled,response_residual,11,100.0,-0.0028371316231777612,False
final_input_token_layerwise,undisclosed,pooled,response_residual,12,100.0,-0.0014636447371470518,False
final_input_token_layerwise,undisclosed,pooled,response_residual,13,100.0,-0.006755583845804676,False
final_input_token_layerwise,undisclosed,pooled,response_residual,14,100.0,-0.007411709710158689,False
final_input_token_layerwise,undisclosed,pooled,response_residual,15,100.0,-0.006240996886611662,False
final_input_token_layerwise,undisclosed,pooled,response_residual,16,100.0,-0.004964122852944369,False
final_input_token_layerwise,undisclosed,pooled,response_residual,17,100.0,-0.00041622851995934407,False
final_input_token_layerwise,undisclosed,pooled,response_residual,18,100.0,-0.0015827776572519086,False
final_input_token_layerwise,undisclosed,pooled,response_residual,19,100.0,0.0005452371788475704,False
final_input_token_layerwise,undisclosed,pooled,response_residual,20,100.0,0.0013726417956969144,False
final_input_token_layerwise,undisclosed,pooled,response_residual,21,100.0,0.0027285736945480052,False
final_input_token_layerwise,undisclosed,pooled,response_residual,22,100.0,0.0024975120329451908,False
final_input_token_layerwise,undisclosed,pooled,response_residual,23,100.0,0.009760198795984035,False
final_input_token_layerwise,undisclosed,pooled,response_residual,24,100.0,0.00784428553274318,False
final_input_token_layerwise,undisclosed,pooled,response_residual,25,100.0,0.010054494982255996,False
final_input_token_layerwise,undisclosed,pooled,response_residual,26,100.0,0.008713200402748533,False
final_input_token_layerwise,undisclosed,pooled,response_residual,27,100.0,0.01058644440971491,True
final_input_token_layerwise,undisclosed,pooled,response_residual,28,100.0,0.008871784182585496,False
final_input_token_layerwise,undisclosed,pooled,response_residual,29,100.0,0.0070070442206895305,False
final_input_token_layerwise,undisclosed,pooled,response_residual,30,100.0,0.0054624474823005975,False
final_input_token_layerwise,undisclosed,pooled,response_residual,31,100.0,0.00394015840716061,False
final_input_token_layerwise,undisclosed,pooled,response_residual,32,100.0,0.0024831344550707937,False
final_input_token_layerwise,undisclosed,pooled,response_residual,33,100.0,0.0013816153985255948,False
final_input_token_layerwise,undisclosed,pooled,response_residual,34,100.0,0.0010916788705400415,False
final_input_token_layerwise,undisclosed,pooled,response_residual,35,100.0,0.002086629524625766,False
final_input_token_layerwise,undisclosed,pooled,response_residual,36,100.0,0.0020555719274245876,False
mean_embedding,disclosed,k3,gain,0,100.0,-0.0013393875603101013,True
mean_embedding,disclosed,k3,response_residual,0,100.0,-0.00047630881776636325,True
mean_embedding,disclosed,k6,gain,0,100.0,-0.00017146628251396567,True
mean_embedding,disclosed,k6,response_residual,0,100.0,0.0009699176825104794,True
mean_embedding,disclosed,k9,gain,0,100.0,-0.0007117472640997269,True
mean_embedding,disclosed,k9,response_residual,0,100.0,0.000953518261265135,True
mean_embedding,disclosed,pooled,gain,0,100.0,-0.00911051926355024,True
mean_embedding,disclosed,pooled,response_residual,0,100.0,-0.002252039089797505,True
mean_embedding,undisclosed,k3,gain,0,100.0,-0.0015577820481136873,True
mean_embedding,undisclosed,k3,response_residual,0,100.0,-0.0006124525688177007,True
mean_embedding,undisclosed,k6,gain,0,100.0,-0.00029001209052947896,True
mean_embedding,undisclosed,k6,response_residual,0,100.0,0.0009460246119616933,True
mean_embedding,undisclosed,k9,gain,0,100.0,-0.0008389494439039191,True
mean_embedding,undisclosed,k9,response_residual,0,100.0,0.0009659547891521236,True
mean_embedding,undisclosed,pooled,gain,0,100.0,-0.009139188506194404,True
mean_embedding,undisclosed,pooled,response_residual,0,100.0,-0.0022825781034909085,True
mean_final_layer,disclosed,k3,gain,0,100.0,-0.00024930126226890836,True
mean_final_layer,disclosed,k3,response_residual,0,100.0,-0.00046119032551050765,True
mean_final_layer,disclosed,k6,gain,0,3.0,0.006639343533265812,True
mean_final_layer,disclosed,k6,response_residual,0,100.0,-8.584984658732697e-05,True
mean_final_layer,disclosed,k9,gain,0,0.1,0.07917431321491553,True
mean_final_layer,disclosed,k9,response_residual,0,3.0,0.013165983833770795,True
mean_final_layer,disclosed,pooled,gain,0,100.0,0.005406202094932487,True
mean_final_layer,disclosed,pooled,response_residual,0,100.0,-0.0007036602153745094,True
mean_final_layer,undisclosed,k3,gain,0,100.0,-0.0009227210373050632,True
mean_final_layer,undisclosed,k3,response_residual,0,100.0,-0.0010076935829799183,True
mean_final_layer,undisclosed,k6,gain,0,100.0,-0.00035922713864203204,True
mean_final_layer,undisclosed,k6,response_residual,0,100.0,-0.0005607342957941741,True
mean_final_layer,undisclosed,k9,gain,0,0.1,0.026679341903042386,True
mean_final_layer,undisclosed,k9,response_residual,0,3.0,0.0015141926789517535,True
mean_final_layer,undisclosed,pooled,gain,0,100.0,-0.0008295281889563466,True
mean_final_layer,undisclosed,pooled,response_residual,0,100.0,-0.006271867320865478,True
