representation,train_disclosure,evidence,target,layer,alpha,cv_macro_development_baseline_r2,selected
final_input_token_layerwise,disclosed,k3,gain,0,0.0001,0.0,False
final_input_token_layerwise,disclosed,k3,gain,1,100.0,-0.0003773741308574774,False
final_input_token_layerwise,disclosed,k3,gain,2,100.0,-9.85874371061124e-05,False
final_input_token_layerwise,disclosed,k3,gain,3,3.0,0.0018934034044113812,False
final_input_token_layerwise,disclosed,k3,gain,4,100.0,-0.000472656926696402,False
final_input_token_layerwise,disclosed,k3,gain,5,100.0,-0.0003937312206607757,False
final_input_token_layerwise,disclosed,k3,gain,6,100.0,-0.00021554816307939317,False
final_input_token_layerwise,disclosed,k3,gain,7,100.0,-0.0006189052198951883,False
final_input_token_layerwise,disclosed,k3,gain,8,100.0,-0.000504584532439456,False
final_input_token_layerwise,disclosed,k3,gain,9,100.0,-0.00010134667825337229,False
final_input_token_layerwise,disclosed,k3,gain,10,100.0,-0.00014147283575743907,False
final_input_token_layerwise,disclosed,k3,gain,11,3.0,0.0016619762828762596,False
final_input_token_layerwise,disclosed,k3,gain,12,3.0,0.0041970882915337016,False
final_input_token_layerwise,disclosed,k3,gain,13,0.1,0.07075233464302202,False
final_input_token_layerwise,disclosed,k3,gain,14,3.0,0.0027482274343388347,False
final_input_token_layerwise,disclosed,k3,gain,15,3.0,0.0042748640121818005,False
final_input_token_layerwise,disclosed,k3,gain,16,0.1,0.04840851722948866,False
final_input_token_layerwise,disclosed,k3,gain,17,3.0,0.018361109511516788,False
final_input_token_layerwise,disclosed,k3,gain,18,0.1,0.04976729067514879,False
final_input_token_layerwise,disclosed,k3,gain,19,0.1,0.05833855093726742,False
final_input_token_layerwise,disclosed,k3,gain,20,0.1,0.07399714139712682,False
final_input_token_layerwise,disclosed,k3,gain,21,0.1,0.06646092622422392,False
final_input_token_layerwise,disclosed,k3,gain,22,0.1,0.06348413541119599,False
final_input_token_layerwise,disclosed,k3,gain,23,0.1,0.06025589374395851,False
final_input_token_layerwise,disclosed,k3,gain,24,0.1,0.038403199249007786,False
final_input_token_layerwise,disclosed,k3,gain,25,0.1,0.06366736177116988,False
final_input_token_layerwise,disclosed,k3,gain,26,0.1,0.0975282946003185,False
final_input_token_layerwise,disclosed,k3,gain,27,0.1,0.091193341507251,False
final_input_token_layerwise,disclosed,k3,gain,28,0.1,0.08096258834235753,False
final_input_token_layerwise,disclosed,k3,gain,29,0.1,0.07866833791347363,False
final_input_token_layerwise,disclosed,k3,gain,30,0.1,0.08344827725070836,False
final_input_token_layerwise,disclosed,k3,gain,31,0.1,0.09857893523287883,True
final_input_token_layerwise,disclosed,k3,gain,32,0.1,0.09132602518466393,False
final_input_token_layerwise,disclosed,k3,response_residual,0,0.0001,-2.7755575615628914e-17,False
final_input_token_layerwise,disclosed,k3,response_residual,1,100.0,-0.00032548723427253123,False
final_input_token_layerwise,disclosed,k3,response_residual,2,100.0,-9.827122689071155e-06,False
final_input_token_layerwise,disclosed,k3,response_residual,3,100.0,3.258372027242773e-05,False
final_input_token_layerwise,disclosed,k3,response_residual,4,100.0,-0.00037163530330708294,False
final_input_token_layerwise,disclosed,k3,response_residual,5,100.0,-0.00029201969048045506,False
final_input_token_layerwise,disclosed,k3,response_residual,6,100.0,-4.368448796865376e-05,False
final_input_token_layerwise,disclosed,k3,response_residual,7,100.0,-0.0003719512844243267,False
final_input_token_layerwise,disclosed,k3,response_residual,8,100.0,-0.0005214941184225608,False
final_input_token_layerwise,disclosed,k3,response_residual,9,100.0,-3.150128038367783e-05,False
final_input_token_layerwise,disclosed,k3,response_residual,10,100.0,-0.00018410497841359064,False
final_input_token_layerwise,disclosed,k3,response_residual,11,100.0,-0.0002667095120895968,False
final_input_token_layerwise,disclosed,k3,response_residual,12,100.0,-6.337881222326369e-05,False
final_input_token_layerwise,disclosed,k3,response_residual,13,3.0,0.00060080224360054,False
final_input_token_layerwise,disclosed,k3,response_residual,14,100.0,-0.0001438441831875803,False
final_input_token_layerwise,disclosed,k3,response_residual,15,100.0,-0.00028912171554207333,False
final_input_token_layerwise,disclosed,k3,response_residual,16,3.0,0.0060252647029093165,False
final_input_token_layerwise,disclosed,k3,response_residual,17,3.0,0.0037061504119968447,False
final_input_token_layerwise,disclosed,k3,response_residual,18,3.0,0.00973612222602871,False
final_input_token_layerwise,disclosed,k3,response_residual,19,3.0,0.013458138532498332,False
final_input_token_layerwise,disclosed,k3,response_residual,20,3.0,0.012825805943225993,False
final_input_token_layerwise,disclosed,k3,response_residual,21,3.0,0.011345416001380448,False
final_input_token_layerwise,disclosed,k3,response_residual,22,3.0,0.00879679040439077,False
final_input_token_layerwise,disclosed,k3,response_residual,23,3.0,0.01062075236204163,False
final_input_token_layerwise,disclosed,k3,response_residual,24,3.0,0.009189740087696796,False
final_input_token_layerwise,disclosed,k3,response_residual,25,3.0,0.009768136677555966,False
final_input_token_layerwise,disclosed,k3,response_residual,26,3.0,0.009507253531107457,False
final_input_token_layerwise,disclosed,k3,response_residual,27,3.0,0.008612757469151605,False
final_input_token_layerwise,disclosed,k3,response_residual,28,3.0,0.009300021639138456,False
final_input_token_layerwise,disclosed,k3,response_residual,29,3.0,0.011077831916836728,False
final_input_token_layerwise,disclosed,k3,response_residual,30,3.0,0.016615976103990543,False
final_input_token_layerwise,disclosed,k3,response_residual,31,3.0,0.01876879239502935,False
final_input_token_layerwise,disclosed,k3,response_residual,32,3.0,0.019768036610530004,True
final_input_token_layerwise,disclosed,k3,last_target_observation,0,0.0001,-8.326672684688674e-17,False
final_input_token_layerwise,disclosed,k3,last_target_observation,1,0.1,0.24339156995288128,False
final_input_token_layerwise,disclosed,k3,last_target_observation,2,0.1,0.2037905269205933,False
final_input_token_layerwise,disclosed,k3,last_target_observation,3,0.1,0.11733810488519966,False
final_input_token_layerwise,disclosed,k3,last_target_observation,4,0.1,0.05663572143781448,False
final_input_token_layerwise,disclosed,k3,last_target_observation,5,3.0,0.020123413419711994,False
final_input_token_layerwise,disclosed,k3,last_target_observation,6,3.0,0.01728688211366375,False
final_input_token_layerwise,disclosed,k3,last_target_observation,7,3.0,0.04875608150881591,False
final_input_token_layerwise,disclosed,k3,last_target_observation,8,0.1,0.09762510021664972,False
final_input_token_layerwise,disclosed,k3,last_target_observation,9,0.1,0.22710083542124618,False
final_input_token_layerwise,disclosed,k3,last_target_observation,10,0.1,0.18792889137665775,False
final_input_token_layerwise,disclosed,k3,last_target_observation,11,0.1,0.18708939755001197,False
final_input_token_layerwise,disclosed,k3,last_target_observation,12,0.1,0.16776204695432506,False
final_input_token_layerwise,disclosed,k3,last_target_observation,13,0.1,0.13739797887850275,False
final_input_token_layerwise,disclosed,k3,last_target_observation,14,0.1,0.26230640512916265,False
final_input_token_layerwise,disclosed,k3,last_target_observation,15,0.1,0.31277725532711176,False
final_input_token_layerwise,disclosed,k3,last_target_observation,16,3.0,0.19274153722123907,False
final_input_token_layerwise,disclosed,k3,last_target_observation,17,3.0,0.18734890023411213,False
final_input_token_layerwise,disclosed,k3,last_target_observation,18,0.1,0.1884920757392589,False
final_input_token_layerwise,disclosed,k3,last_target_observation,19,0.1,0.20467764815314057,False
final_input_token_layerwise,disclosed,k3,last_target_observation,20,0.1,0.21744207213156067,False
final_input_token_layerwise,disclosed,k3,last_target_observation,21,0.1,0.24505152448928025,False
final_input_token_layerwise,disclosed,k3,last_target_observation,22,0.1,0.20892434220029962,False
final_input_token_layerwise,disclosed,k3,last_target_observation,23,0.1,0.2245018908331006,False
final_input_token_layerwise,disclosed,k3,last_target_observation,24,0.1,0.20415850862066193,False
final_input_token_layerwise,disclosed,k3,last_target_observation,25,0.1,0.20728982291918543,False
final_input_token_layerwise,disclosed,k3,last_target_observation,26,0.1,0.19191900193718275,False
final_input_token_layerwise,disclosed,k3,last_target_observation,27,0.1,0.2012711608011978,False
final_input_token_layerwise,disclosed,k3,last_target_observation,28,0.1,0.19810736328867226,False
final_input_token_layerwise,disclosed,k3,last_target_observation,29,0.1,0.32221878190711123,False
final_input_token_layerwise,disclosed,k3,last_target_observation,30,0.1,0.3103613240695067,False
final_input_token_layerwise,disclosed,k3,last_target_observation,31,0.1,0.3427042322497988,False
final_input_token_layerwise,disclosed,k3,last_target_observation,32,0.1,0.35426205344210865,True
final_input_token_layerwise,disclosed,k3,target_observation_mean,0,0.0001,5.551115123125783e-17,False
final_input_token_layerwise,disclosed,k3,target_observation_mean,1,3.0,0.13232132514571457,False
final_input_token_layerwise,disclosed,k3,target_observation_mean,2,0.1,0.12418474655024311,False
final_input_token_layerwise,disclosed,k3,target_observation_mean,3,0.1,0.07399914202069699,False
final_input_token_layerwise,disclosed,k3,target_observation_mean,4,3.0,0.03930659377703885,False
final_input_token_layerwise,disclosed,k3,target_observation_mean,5,3.0,0.033663335145729806,False
final_input_token_layerwise,disclosed,k3,target_observation_mean,6,3.0,0.01565251154578695,False
final_input_token_layerwise,disclosed,k3,target_observation_mean,7,3.0,0.043818809575123435,False
final_input_token_layerwise,disclosed,k3,target_observation_mean,8,3.0,0.05206055419926969,False
final_input_token_layerwise,disclosed,k3,target_observation_mean,9,3.0,0.08107504167902532,False
final_input_token_layerwise,disclosed,k3,target_observation_mean,10,3.0,0.0655739789048552,False
final_input_token_layerwise,disclosed,k3,target_observation_mean,11,3.0,0.12242045854465314,False
final_input_token_layerwise,disclosed,k3,target_observation_mean,12,0.1,0.20448393238812304,False
final_input_token_layerwise,disclosed,k3,target_observation_mean,13,3.0,0.22918844460801166,False
final_input_token_layerwise,disclosed,k3,target_observation_mean,14,3.0,0.23983640451426946,False
final_input_token_layerwise,disclosed,k3,target_observation_mean,15,3.0,0.31101897837620274,False
final_input_token_layerwise,disclosed,k3,target_observation_mean,16,3.0,0.33848046875245974,False
final_input_token_layerwise,disclosed,k3,target_observation_mean,17,3.0,0.31251883700815164,False
final_input_token_layerwise,disclosed,k3,target_observation_mean,18,3.0,0.26556552670879174,False
final_input_token_layerwise,disclosed,k3,target_observation_mean,19,3.0,0.23664025557950574,False
final_input_token_layerwise,disclosed,k3,target_observation_mean,20,0.1,0.2604245641995996,False
final_input_token_layerwise,disclosed,k3,target_observation_mean,21,0.1,0.23321837342571816,False
final_input_token_layerwise,disclosed,k3,target_observation_mean,22,0.1,0.2617641706739299,False
final_input_token_layerwise,disclosed,k3,target_observation_mean,23,0.1,0.2792902063070678,False
final_input_token_layerwise,disclosed,k3,target_observation_mean,24,0.1,0.2869848896477526,False
final_input_token_layerwise,disclosed,k3,target_observation_mean,25,0.1,0.3055369949066512,False
final_input_token_layerwise,disclosed,k3,target_observation_mean,26,0.1,0.3207875280743545,False
final_input_token_layerwise,disclosed,k3,target_observation_mean,27,0.1,0.3080981894159345,False
final_input_token_layerwise,disclosed,k3,target_observation_mean,28,0.1,0.3033791891946417,False
final_input_token_layerwise,disclosed,k3,target_observation_mean,29,0.1,0.34214617624371174,False
final_input_token_layerwise,disclosed,k3,target_observation_mean,30,0.1,0.32154639044324607,False
final_input_token_layerwise,disclosed,k3,target_observation_mean,31,0.1,0.4307719558321512,False
final_input_token_layerwise,disclosed,k3,target_observation_mean,32,0.1,0.4678232033346396,True
final_input_token_layerwise,disclosed,k3,target_time_slope,0,0.0001,0.0,False
final_input_token_layerwise,disclosed,k3,target_time_slope,1,0.1,0.09937241001757838,False
final_input_token_layerwise,disclosed,k3,target_time_slope,2,3.0,0.030494209916223508,False
final_input_token_layerwise,disclosed,k3,target_time_slope,3,3.0,0.004867687098570717,False
final_input_token_layerwise,disclosed,k3,target_time_slope,4,3.0,0.008277946223913812,False
final_input_token_layerwise,disclosed,k3,target_time_slope,5,3.0,0.0006532114399905031,False
final_input_token_layerwise,disclosed,k3,target_time_slope,6,3.0,0.0039417513143023275,False
final_input_token_layerwise,disclosed,k3,target_time_slope,7,3.0,0.027991214250322055,False
final_input_token_layerwise,disclosed,k3,target_time_slope,8,3.0,0.021025351011074944,False
final_input_token_layerwise,disclosed,k3,target_time_slope,9,0.1,0.05586146214508525,False
final_input_token_layerwise,disclosed,k3,target_time_slope,10,3.0,0.020444121539553467,False
final_input_token_layerwise,disclosed,k3,target_time_slope,11,3.0,0.02016242567845916,False
final_input_token_layerwise,disclosed,k3,target_time_slope,12,3.0,0.011109112326909754,False
final_input_token_layerwise,disclosed,k3,target_time_slope,13,3.0,0.011351678713222013,False
final_input_token_layerwise,disclosed,k3,target_time_slope,14,3.0,0.032118985204558886,False
final_input_token_layerwise,disclosed,k3,target_time_slope,15,0.1,0.04169269233223072,False
final_input_token_layerwise,disclosed,k3,target_time_slope,16,3.0,0.03902020073458193,False
final_input_token_layerwise,disclosed,k3,target_time_slope,17,3.0,0.040029993367482225,False
final_input_token_layerwise,disclosed,k3,target_time_slope,18,3.0,0.0396002146986596,False
final_input_token_layerwise,disclosed,k3,target_time_slope,19,3.0,0.041614460578248025,False
final_input_token_layerwise,disclosed,k3,target_time_slope,20,3.0,0.033713618091812864,False
final_input_token_layerwise,disclosed,k3,target_time_slope,21,3.0,0.0341441301711887,False
final_input_token_layerwise,disclosed,k3,target_time_slope,22,3.0,0.02770226397497147,False
final_input_token_layerwise,disclosed,k3,target_time_slope,23,3.0,0.029732238284116475,False
final_input_token_layerwise,disclosed,k3,target_time_slope,24,3.0,0.023987087564757315,False
final_input_token_layerwise,disclosed,k3,target_time_slope,25,3.0,0.02466804472499992,False
final_input_token_layerwise,disclosed,k3,target_time_slope,26,3.0,0.018716771745720617,False
final_input_token_layerwise,disclosed,k3,target_time_slope,27,3.0,0.0222567729392672,False
final_input_token_layerwise,disclosed,k3,target_time_slope,28,3.0,0.02443516153435296,False
final_input_token_layerwise,disclosed,k3,target_time_slope,29,0.1,0.11110556872526337,False
final_input_token_layerwise,disclosed,k3,target_time_slope,30,0.1,0.1544411921992402,False
final_input_token_layerwise,disclosed,k3,target_time_slope,31,0.1,0.188375810801935,False
final_input_token_layerwise,disclosed,k3,target_time_slope,32,0.1,0.20051082720742586,True
final_input_token_layerwise,disclosed,k3,displayed_driver_outcome_slope,0,0.0001,5.551115123125783e-17,False
final_input_token_layerwise,disclosed,k3,displayed_driver_outcome_slope,1,3.0,0.0023859210236116812,True
final_input_token_layerwise,disclosed,k3,displayed_driver_outcome_slope,2,100.0,8.934622188622177e-06,False
final_input_token_layerwise,disclosed,k3,displayed_driver_outcome_slope,3,100.0,-0.0005322748609927486,False
final_input_token_layerwise,disclosed,k3,displayed_driver_outcome_slope,4,100.0,-0.0003115269807482668,False
final_input_token_layerwise,disclosed,k3,displayed_driver_outcome_slope,5,100.0,-0.00037593582386610813,False
final_input_token_layerwise,disclosed,k3,displayed_driver_outcome_slope,6,100.0,-0.00019886445644987094,False
final_input_token_layerwise,disclosed,k3,displayed_driver_outcome_slope,7,100.0,-0.00019008682651733277,False
final_input_token_layerwise,disclosed,k3,displayed_driver_outcome_slope,8,100.0,-0.0006018073716264338,False
final_input_token_layerwise,disclosed,k3,displayed_driver_outcome_slope,9,100.0,-0.0007499535961110748,False
final_input_token_layerwise,disclosed,k3,displayed_driver_outcome_slope,10,100.0,-0.0004973738152380947,False
final_input_token_layerwise,disclosed,k3,displayed_driver_outcome_slope,11,100.0,-0.00038792458641079275,False
final_input_token_layerwise,disclosed,k3,displayed_driver_outcome_slope,12,100.0,-0.0003862574327017365,False
final_input_token_layerwise,disclosed,k3,displayed_driver_outcome_slope,13,100.0,-0.0001320436508075451,False
final_input_token_layerwise,disclosed,k3,displayed_driver_outcome_slope,14,100.0,-0.0008538709813344092,False
final_input_token_layerwise,disclosed,k3,displayed_driver_outcome_slope,15,100.0,-0.0012940575432248969,False
final_input_token_layerwise,disclosed,k3,displayed_driver_outcome_slope,16,100.0,-0.0004123076752131638,False
final_input_token_layerwise,disclosed,k3,displayed_driver_outcome_slope,17,100.0,-0.000992540124459651,False
final_input_token_layerwise,disclosed,k3,displayed_driver_outcome_slope,18,100.0,-0.001240585217202994,False
final_input_token_layerwise,disclosed,k3,displayed_driver_outcome_slope,19,100.0,-0.0013475113769444713,False
final_input_token_layerwise,disclosed,k3,displayed_driver_outcome_slope,20,3.0,0.0007899885256172079,False
final_input_token_layerwise,disclosed,k3,displayed_driver_outcome_slope,21,3.0,-0.0012929759926015305,False
final_input_token_layerwise,disclosed,k3,displayed_driver_outcome_slope,22,3.0,-0.0006295755298891259,False
final_input_token_layerwise,disclosed,k3,displayed_driver_outcome_slope,23,3.0,-0.0007430172243364508,False
final_input_token_layerwise,disclosed,k3,displayed_driver_outcome_slope,24,100.0,-0.0015327643127016066,False
final_input_token_layerwise,disclosed,k3,displayed_driver_outcome_slope,25,100.0,-0.001707490908609277,False
final_input_token_layerwise,disclosed,k3,displayed_driver_outcome_slope,26,100.0,-0.0015367563899191528,False
final_input_token_layerwise,disclosed,k3,displayed_driver_outcome_slope,27,3.0,0.00021167925004025867,False
final_input_token_layerwise,disclosed,k3,displayed_driver_outcome_slope,28,100.0,-0.0014061963170975411,False
final_input_token_layerwise,disclosed,k3,displayed_driver_outcome_slope,29,100.0,-0.0009352609456839689,False
final_input_token_layerwise,disclosed,k3,displayed_driver_outcome_slope,30,100.0,-0.0008333908596276918,False
final_input_token_layerwise,disclosed,k3,displayed_driver_outcome_slope,31,100.0,-0.0009251692556833113,False
final_input_token_layerwise,disclosed,k3,displayed_driver_outcome_slope,32,100.0,-0.0004994941644475837,False
final_input_token_layerwise,disclosed,k3,oracle_posterior_gain,0,0.0001,0.0,False
final_input_token_layerwise,disclosed,k3,oracle_posterior_gain,1,3.0,0.009997074395007216,False
final_input_token_layerwise,disclosed,k3,oracle_posterior_gain,2,3.0,0.006979205386226761,False
final_input_token_layerwise,disclosed,k3,oracle_posterior_gain,3,100.0,-0.0015971356584678909,False
final_input_token_layerwise,disclosed,k3,oracle_posterior_gain,4,100.0,-0.001530654852907376,False
final_input_token_layerwise,disclosed,k3,oracle_posterior_gain,5,100.0,-0.0013038318879715627,False
final_input_token_layerwise,disclosed,k3,oracle_posterior_gain,6,100.0,-0.0007038861483026349,False
final_input_token_layerwise,disclosed,k3,oracle_posterior_gain,7,100.0,-0.00014256094144196596,False
final_input_token_layerwise,disclosed,k3,oracle_posterior_gain,8,100.0,-0.00030657127790229,False
final_input_token_layerwise,disclosed,k3,oracle_posterior_gain,9,3.0,0.013462809040185014,False
final_input_token_layerwise,disclosed,k3,oracle_posterior_gain,10,3.0,0.008545254572452338,False
final_input_token_layerwise,disclosed,k3,oracle_posterior_gain,11,3.0,0.02454030948826616,False
final_input_token_layerwise,disclosed,k3,oracle_posterior_gain,12,3.0,0.03572626185462302,False
final_input_token_layerwise,disclosed,k3,oracle_posterior_gain,13,3.0,0.043699970258724796,False
final_input_token_layerwise,disclosed,k3,oracle_posterior_gain,14,3.0,0.05593385402136636,False
final_input_token_layerwise,disclosed,k3,oracle_posterior_gain,15,3.0,0.05720485874933279,False
final_input_token_layerwise,disclosed,k3,oracle_posterior_gain,16,0.1,0.1416924614086876,True
final_input_token_layerwise,disclosed,k3,oracle_posterior_gain,17,0.1,0.12386936564719445,False
final_input_token_layerwise,disclosed,k3,oracle_posterior_gain,18,3.0,0.07780260274390288,False
final_input_token_layerwise,disclosed,k3,oracle_posterior_gain,19,0.1,0.106447333661671,False
final_input_token_layerwise,disclosed,k3,oracle_posterior_gain,20,0.1,0.12243734084917587,False
final_input_token_layerwise,disclosed,k3,oracle_posterior_gain,21,0.1,0.06050870288026544,False
final_input_token_layerwise,disclosed,k3,oracle_posterior_gain,22,0.1,0.07563388149638062,False
final_input_token_layerwise,disclosed,k3,oracle_posterior_gain,23,3.0,0.0615885603278164,False
final_input_token_layerwise,disclosed,k3,oracle_posterior_gain,24,3.0,0.0672608123392179,False
final_input_token_layerwise,disclosed,k3,oracle_posterior_gain,25,3.0,0.060555446175807354,False
final_input_token_layerwise,disclosed,k3,oracle_posterior_gain,26,3.0,0.05877714811349949,False
final_input_token_layerwise,disclosed,k3,oracle_posterior_gain,27,3.0,0.06406933542004475,False
final_input_token_layerwise,disclosed,k3,oracle_posterior_gain,28,3.0,0.06362273674718763,False
final_input_token_layerwise,disclosed,k3,oracle_posterior_gain,29,3.0,0.060031043065174594,False
final_input_token_layerwise,disclosed,k3,oracle_posterior_gain,30,3.0,0.07433479302090745,False
final_input_token_layerwise,disclosed,k3,oracle_posterior_gain,31,3.0,0.0774216600814755,False
final_input_token_layerwise,disclosed,k3,oracle_posterior_gain,32,3.0,0.08967795310760843,False
final_input_token_layerwise,disclosed,k6,gain,0,0.0001,0.0,False
final_input_token_layerwise,disclosed,k6,gain,1,100.0,7.080681131077515e-05,False
final_input_token_layerwise,disclosed,k6,gain,2,100.0,-5.426616982759369e-05,False
final_input_token_layerwise,disclosed,k6,gain,3,100.0,0.00019237807540462004,False
final_input_token_layerwise,disclosed,k6,gain,4,100.0,-6.606999769673272e-05,False
final_input_token_layerwise,disclosed,k6,gain,5,100.0,-0.0001367994841175446,False
final_input_token_layerwise,disclosed,k6,gain,6,100.0,-0.00011581963257356609,False
final_input_token_layerwise,disclosed,k6,gain,7,100.0,-0.00019559212633485368,False
final_input_token_layerwise,disclosed,k6,gain,8,100.0,-0.000307483599883307,False
final_input_token_layerwise,disclosed,k6,gain,9,100.0,-6.596976830600121e-05,False
final_input_token_layerwise,disclosed,k6,gain,10,100.0,7.482131925223845e-06,False
final_input_token_layerwise,disclosed,k6,gain,11,3.0,0.007611513469451603,False
final_input_token_layerwise,disclosed,k6,gain,12,0.1,0.05005823707433299,False
final_input_token_layerwise,disclosed,k6,gain,13,0.1,0.04610602849162007,False
final_input_token_layerwise,disclosed,k6,gain,14,0.1,0.06237434002117109,False
final_input_token_layerwise,disclosed,k6,gain,15,0.1,0.0587591126668178,False
final_input_token_layerwise,disclosed,k6,gain,16,0.1,0.015998273903122917,False
final_input_token_layerwise,disclosed,k6,gain,17,0.1,0.015149473581471229,False
final_input_token_layerwise,disclosed,k6,gain,18,0.1,0.09466701040368317,False
final_input_token_layerwise,disclosed,k6,gain,19,0.1,0.09974839087128279,False
final_input_token_layerwise,disclosed,k6,gain,20,0.1,0.07584656748889534,False
final_input_token_layerwise,disclosed,k6,gain,21,0.1,0.08927503477237383,False
final_input_token_layerwise,disclosed,k6,gain,22,0.1,0.09673205900985657,False
final_input_token_layerwise,disclosed,k6,gain,23,0.1,0.0858945494625194,False
final_input_token_layerwise,disclosed,k6,gain,24,0.1,0.06890379127291316,False
final_input_token_layerwise,disclosed,k6,gain,25,0.1,0.07917219975900472,False
final_input_token_layerwise,disclosed,k6,gain,26,0.1,0.044057083105072115,False
final_input_token_layerwise,disclosed,k6,gain,27,0.1,0.042125016439280044,False
final_input_token_layerwise,disclosed,k6,gain,28,0.1,0.12241683650065113,False
final_input_token_layerwise,disclosed,k6,gain,29,0.1,0.15257217640756787,True
final_input_token_layerwise,disclosed,k6,gain,30,0.1,0.13328758820829362,False
final_input_token_layerwise,disclosed,k6,gain,31,0.1,0.1280998207032498,False
final_input_token_layerwise,disclosed,k6,gain,32,0.1,0.11958561697607245,False
final_input_token_layerwise,disclosed,k6,response_residual,0,0.0001,-2.7755575615628914e-17,False
final_input_token_layerwise,disclosed,k6,response_residual,1,100.0,2.7725204615802745e-05,False
final_input_token_layerwise,disclosed,k6,response_residual,2,100.0,-0.0001132124340763041,False
final_input_token_layerwise,disclosed,k6,response_residual,3,100.0,7.792686828642093e-05,False
final_input_token_layerwise,disclosed,k6,response_residual,4,100.0,-2.250059842406893e-05,False
final_input_token_layerwise,disclosed,k6,response_residual,5,100.0,-0.00014186066872395875,False
final_input_token_layerwise,disclosed,k6,response_residual,6,100.0,-0.00011630910102308767,False
final_input_token_layerwise,disclosed,k6,response_residual,7,100.0,-0.00016384194391166895,False
final_input_token_layerwise,disclosed,k6,response_residual,8,100.0,-0.00039670528337515387,False
final_input_token_layerwise,disclosed,k6,response_residual,9,100.0,-0.00014898792091280755,False
final_input_token_layerwise,disclosed,k6,response_residual,10,100.0,-8.194440915604284e-05,False
final_input_token_layerwise,disclosed,k6,response_residual,11,100.0,0.00010309307302855397,False
final_input_token_layerwise,disclosed,k6,response_residual,12,3.0,0.0018331103830272477,False
final_input_token_layerwise,disclosed,k6,response_residual,13,100.0,7.639975129203336e-07,False
final_input_token_layerwise,disclosed,k6,response_residual,14,100.0,-0.0007661413372320458,False
final_input_token_layerwise,disclosed,k6,response_residual,15,100.0,-0.0010661542598064122,False
final_input_token_layerwise,disclosed,k6,response_residual,16,100.0,-0.0006306449760232202,False
final_input_token_layerwise,disclosed,k6,response_residual,17,100.0,-0.00048067444155894257,False
final_input_token_layerwise,disclosed,k6,response_residual,18,100.0,6.796327925526202e-05,False
final_input_token_layerwise,disclosed,k6,response_residual,19,100.0,0.0004669909500228664,False
final_input_token_layerwise,disclosed,k6,response_residual,20,100.0,0.0005445712515667334,False
final_input_token_layerwise,disclosed,k6,response_residual,21,3.0,0.0023271433534765296,False
final_input_token_layerwise,disclosed,k6,response_residual,22,3.0,0.00984598835477743,False
final_input_token_layerwise,disclosed,k6,response_residual,23,3.0,0.01027677930850876,False
final_input_token_layerwise,disclosed,k6,response_residual,24,3.0,0.01437119962791178,False
final_input_token_layerwise,disclosed,k6,response_residual,25,3.0,0.009925919465841204,False
final_input_token_layerwise,disclosed,k6,response_residual,26,3.0,0.014860284793685341,False
final_input_token_layerwise,disclosed,k6,response_residual,27,3.0,0.015263792368836987,False
final_input_token_layerwise,disclosed,k6,response_residual,28,0.1,0.03699076589549108,False
final_input_token_layerwise,disclosed,k6,response_residual,29,0.1,0.0652574591585647,False
final_input_token_layerwise,disclosed,k6,response_residual,30,0.1,0.07043454069879901,True
final_input_token_layerwise,disclosed,k6,response_residual,31,0.1,0.06301852764499016,False
final_input_token_layerwise,disclosed,k6,response_residual,32,0.1,0.05046454609510187,False
final_input_token_layerwise,disclosed,k6,last_target_observation,0,0.0001,-2.7755575615628914e-17,False
final_input_token_layerwise,disclosed,k6,last_target_observation,1,0.1,0.041345390470633125,False
final_input_token_layerwise,disclosed,k6,last_target_observation,2,3.0,0.023368209997506162,False
final_input_token_layerwise,disclosed,k6,last_target_observation,3,3.0,0.019226619120197797,False
final_input_token_layerwise,disclosed,k6,last_target_observation,4,3.0,0.01207852224217515,False
final_input_token_layerwise,disclosed,k6,last_target_observation,5,3.0,0.011146258454796887,False
final_input_token_layerwise,disclosed,k6,last_target_observation,6,3.0,0.007310052124902544,False
final_input_token_layerwise,disclosed,k6,last_target_observation,7,3.0,0.011824393364158275,False
final_input_token_layerwise,disclosed,k6,last_target_observation,8,3.0,0.002070855422028589,False
final_input_token_layerwise,disclosed,k6,last_target_observation,9,0.1,0.0564555525932402,False
final_input_token_layerwise,disclosed,k6,last_target_observation,10,0.1,0.07597206069788973,False
final_input_token_layerwise,disclosed,k6,last_target_observation,11,0.1,0.12981594180075381,False
final_input_token_layerwise,disclosed,k6,last_target_observation,12,0.1,0.07524863569085977,False
final_input_token_layerwise,disclosed,k6,last_target_observation,13,0.1,0.1400728634624327,True
final_input_token_layerwise,disclosed,k6,last_target_observation,14,0.1,0.02832160208705478,False
final_input_token_layerwise,disclosed,k6,last_target_observation,15,0.1,0.08075305990134984,False
final_input_token_layerwise,disclosed,k6,last_target_observation,16,0.1,0.021176705219004888,False
final_input_token_layerwise,disclosed,k6,last_target_observation,17,3.0,0.018033487966861328,False
final_input_token_layerwise,disclosed,k6,last_target_observation,18,3.0,0.011132839523500498,False
final_input_token_layerwise,disclosed,k6,last_target_observation,19,3.0,0.009103104345147078,False
final_input_token_layerwise,disclosed,k6,last_target_observation,20,3.0,0.004036617794961783,False
final_input_token_layerwise,disclosed,k6,last_target_observation,21,3.0,0.006252446996349831,False
final_input_token_layerwise,disclosed,k6,last_target_observation,22,3.0,0.009314280812407927,False
final_input_token_layerwise,disclosed,k6,last_target_observation,23,0.1,0.0147382409540818,False
final_input_token_layerwise,disclosed,k6,last_target_observation,24,3.0,0.01397638960028022,False
final_input_token_layerwise,disclosed,k6,last_target_observation,25,3.0,0.01858271339800774,False
final_input_token_layerwise,disclosed,k6,last_target_observation,26,3.0,0.018704126630746915,False
final_input_token_layerwise,disclosed,k6,last_target_observation,27,3.0,0.01938241295666615,False
final_input_token_layerwise,disclosed,k6,last_target_observation,28,3.0,0.010416708294359589,False
final_input_token_layerwise,disclosed,k6,last_target_observation,29,3.0,0.015210414984280496,False
final_input_token_layerwise,disclosed,k6,last_target_observation,30,3.0,0.016387799358555416,False
final_input_token_layerwise,disclosed,k6,last_target_observation,31,3.0,0.019653495993536885,False
final_input_token_layerwise,disclosed,k6,last_target_observation,32,3.0,0.017909712483323154,False
final_input_token_layerwise,disclosed,k6,target_observation_mean,0,0.0001,2.7755575615628914e-17,False
final_input_token_layerwise,disclosed,k6,target_observation_mean,1,0.1,0.03896458440428108,False
final_input_token_layerwise,disclosed,k6,target_observation_mean,2,3.0,0.0076210834940386996,False
final_input_token_layerwise,disclosed,k6,target_observation_mean,3,3.0,0.005531109495414577,False
final_input_token_layerwise,disclosed,k6,target_observation_mean,4,3.0,0.02241861724056418,False
final_input_token_layerwise,disclosed,k6,target_observation_mean,5,3.0,0.01941462128529764,False
final_input_token_layerwise,disclosed,k6,target_observation_mean,6,3.0,0.01592942251909843,False
final_input_token_layerwise,disclosed,k6,target_observation_mean,7,3.0,0.0122454440119949,False
final_input_token_layerwise,disclosed,k6,target_observation_mean,8,3.0,0.04498053961189663,False
final_input_token_layerwise,disclosed,k6,target_observation_mean,9,0.1,0.21029510034852983,False
final_input_token_layerwise,disclosed,k6,target_observation_mean,10,0.1,0.2461613834695619,False
final_input_token_layerwise,disclosed,k6,target_observation_mean,11,0.1,0.21204023685213227,False
final_input_token_layerwise,disclosed,k6,target_observation_mean,12,0.1,0.27837204036728697,False
final_input_token_layerwise,disclosed,k6,target_observation_mean,13,0.1,0.14187434527762405,False
final_input_token_layerwise,disclosed,k6,target_observation_mean,14,3.0,0.10176093185287263,False
final_input_token_layerwise,disclosed,k6,target_observation_mean,15,3.0,0.14807464990773636,False
final_input_token_layerwise,disclosed,k6,target_observation_mean,16,3.0,0.1639408215018993,False
final_input_token_layerwise,disclosed,k6,target_observation_mean,17,0.1,0.19667547983924294,False
final_input_token_layerwise,disclosed,k6,target_observation_mean,18,0.1,0.15565642911114758,False
final_input_token_layerwise,disclosed,k6,target_observation_mean,19,0.1,0.2532039427326558,False
final_input_token_layerwise,disclosed,k6,target_observation_mean,20,0.1,0.23589244810805748,False
final_input_token_layerwise,disclosed,k6,target_observation_mean,21,0.1,0.20580097301984887,False
final_input_token_layerwise,disclosed,k6,target_observation_mean,22,0.1,0.21475530780058827,False
final_input_token_layerwise,disclosed,k6,target_observation_mean,23,0.1,0.26375228409733786,False
final_input_token_layerwise,disclosed,k6,target_observation_mean,24,0.1,0.23988853188630577,False
final_input_token_layerwise,disclosed,k6,target_observation_mean,25,0.1,0.20008877391156438,False
final_input_token_layerwise,disclosed,k6,target_observation_mean,26,0.1,0.20257230857287142,False
final_input_token_layerwise,disclosed,k6,target_observation_mean,27,0.1,0.20645504938281461,False
final_input_token_layerwise,disclosed,k6,target_observation_mean,28,0.1,0.2493887018579316,False
final_input_token_layerwise,disclosed,k6,target_observation_mean,29,0.1,0.2304786051810795,False
final_input_token_layerwise,disclosed,k6,target_observation_mean,30,0.1,0.210105659095313,False
final_input_token_layerwise,disclosed,k6,target_observation_mean,31,0.1,0.2751068743093932,False
final_input_token_layerwise,disclosed,k6,target_observation_mean,32,0.1,0.30325177175683327,True
final_input_token_layerwise,disclosed,k6,target_time_slope,0,0.0001,0.0,False
final_input_token_layerwise,disclosed,k6,target_time_slope,1,3.0,0.027652853719004666,False
final_input_token_layerwise,disclosed,k6,target_time_slope,2,3.0,0.02699254328924755,False
final_input_token_layerwise,disclosed,k6,target_time_slope,3,3.0,0.015243580207341706,False
final_input_token_layerwise,disclosed,k6,target_time_slope,4,3.0,0.01008905303615254,False
final_input_token_layerwise,disclosed,k6,target_time_slope,5,3.0,0.006111669403035785,False
final_input_token_layerwise,disclosed,k6,target_time_slope,6,3.0,0.00640898898031339,False
final_input_token_layerwise,disclosed,k6,target_time_slope,7,3.0,0.0017646564142584642,False
final_input_token_layerwise,disclosed,k6,target_time_slope,8,100.0,-0.0003966098654325234,False
final_input_token_layerwise,disclosed,k6,target_time_slope,9,0.1,0.03505275829144175,False
final_input_token_layerwise,disclosed,k6,target_time_slope,10,3.0,0.006691805968272957,False
final_input_token_layerwise,disclosed,k6,target_time_slope,11,3.0,0.008425290473415753,False
final_input_token_layerwise,disclosed,k6,target_time_slope,12,3.0,0.03213157268586461,False
final_input_token_layerwise,disclosed,k6,target_time_slope,13,3.0,0.03575508352460355,False
final_input_token_layerwise,disclosed,k6,target_time_slope,14,0.1,0.06640647886788537,False
final_input_token_layerwise,disclosed,k6,target_time_slope,15,0.1,0.1528736579984819,True
final_input_token_layerwise,disclosed,k6,target_time_slope,16,0.1,0.1183191092473955,False
final_input_token_layerwise,disclosed,k6,target_time_slope,17,0.1,0.10677337788151317,False
final_input_token_layerwise,disclosed,k6,target_time_slope,18,3.0,0.015550726377008411,False
final_input_token_layerwise,disclosed,k6,target_time_slope,19,0.1,0.03627929295547952,False
final_input_token_layerwise,disclosed,k6,target_time_slope,20,3.0,0.011864480679827705,False
final_input_token_layerwise,disclosed,k6,target_time_slope,21,3.0,0.013223155583312746,False
final_input_token_layerwise,disclosed,k6,target_time_slope,22,3.0,0.013136934977313774,False
final_input_token_layerwise,disclosed,k6,target_time_slope,23,0.1,0.05760048978453078,False
final_input_token_layerwise,disclosed,k6,target_time_slope,24,0.1,0.02004535497533133,False
final_input_token_layerwise,disclosed,k6,target_time_slope,25,3.0,0.02709390495392275,False
final_input_token_layerwise,disclosed,k6,target_time_slope,26,3.0,0.0307543917346344,False
final_input_token_layerwise,disclosed,k6,target_time_slope,27,3.0,0.027337749797165023,False
final_input_token_layerwise,disclosed,k6,target_time_slope,28,3.0,0.02264396642265945,False
final_input_token_layerwise,disclosed,k6,target_time_slope,29,3.0,0.024306734614953168,False
final_input_token_layerwise,disclosed,k6,target_time_slope,30,0.1,0.07374568083902508,False
final_input_token_layerwise,disclosed,k6,target_time_slope,31,0.1,0.0628668614673886,False
final_input_token_layerwise,disclosed,k6,target_time_slope,32,0.1,0.0367491529963728,False
final_input_token_layerwise,disclosed,k6,displayed_driver_outcome_slope,0,0.0001,-5.551115123125783e-17,False
final_input_token_layerwise,disclosed,k6,displayed_driver_outcome_slope,1,100.0,-0.000498140778564915,False
final_input_token_layerwise,disclosed,k6,displayed_driver_outcome_slope,2,100.0,-0.0004958356933962849,False
final_input_token_layerwise,disclosed,k6,displayed_driver_outcome_slope,3,100.0,0.00030503993056316125,False
final_input_token_layerwise,disclosed,k6,displayed_driver_outcome_slope,4,100.0,0.00038032062351925355,False
final_input_token_layerwise,disclosed,k6,displayed_driver_outcome_slope,5,3.0,0.0029057530087493455,False
final_input_token_layerwise,disclosed,k6,displayed_driver_outcome_slope,6,3.0,0.007201503812783061,False
final_input_token_layerwise,disclosed,k6,displayed_driver_outcome_slope,7,3.0,0.007470297061400899,False
final_input_token_layerwise,disclosed,k6,displayed_driver_outcome_slope,8,3.0,0.013564037387607975,False
final_input_token_layerwise,disclosed,k6,displayed_driver_outcome_slope,9,3.0,0.0077776355281639065,False
final_input_token_layerwise,disclosed,k6,displayed_driver_outcome_slope,10,3.0,0.01377130119152506,True
final_input_token_layerwise,disclosed,k6,displayed_driver_outcome_slope,11,3.0,0.002859521179605806,False
final_input_token_layerwise,disclosed,k6,displayed_driver_outcome_slope,12,100.0,-0.00025684815144433326,False
final_input_token_layerwise,disclosed,k6,displayed_driver_outcome_slope,13,3.0,0.002253839481748343,False
final_input_token_layerwise,disclosed,k6,displayed_driver_outcome_slope,14,100.0,-0.00021873121378782057,False
final_input_token_layerwise,disclosed,k6,displayed_driver_outcome_slope,15,100.0,-0.0007847538464288706,False
final_input_token_layerwise,disclosed,k6,displayed_driver_outcome_slope,16,3.0,0.005885188157996796,False
final_input_token_layerwise,disclosed,k6,displayed_driver_outcome_slope,17,100.0,-0.0010031809892771804,False
final_input_token_layerwise,disclosed,k6,displayed_driver_outcome_slope,18,100.0,-0.0014349207955078325,False
final_input_token_layerwise,disclosed,k6,displayed_driver_outcome_slope,19,100.0,-0.0011441354259021652,False
final_input_token_layerwise,disclosed,k6,displayed_driver_outcome_slope,20,100.0,-0.0007338312622549581,False
final_input_token_layerwise,disclosed,k6,displayed_driver_outcome_slope,21,3.0,0.00043032383421656717,False
final_input_token_layerwise,disclosed,k6,displayed_driver_outcome_slope,22,100.0,-0.0006656157447465783,False
final_input_token_layerwise,disclosed,k6,displayed_driver_outcome_slope,23,100.0,-0.0007594073293280823,False
final_input_token_layerwise,disclosed,k6,displayed_driver_outcome_slope,24,100.0,-0.0010549763947649005,False
final_input_token_layerwise,disclosed,k6,displayed_driver_outcome_slope,25,100.0,-0.0010695714829860592,False
final_input_token_layerwise,disclosed,k6,displayed_driver_outcome_slope,26,100.0,-0.001019205652223104,False
final_input_token_layerwise,disclosed,k6,displayed_driver_outcome_slope,27,100.0,-0.0010960631586150182,False
final_input_token_layerwise,disclosed,k6,displayed_driver_outcome_slope,28,100.0,-0.0009134697533254854,False
final_input_token_layerwise,disclosed,k6,displayed_driver_outcome_slope,29,100.0,-0.000877428029104621,False
final_input_token_layerwise,disclosed,k6,displayed_driver_outcome_slope,30,100.0,-0.00113962500150111,False
final_input_token_layerwise,disclosed,k6,displayed_driver_outcome_slope,31,100.0,-0.0010180524895260779,False
final_input_token_layerwise,disclosed,k6,displayed_driver_outcome_slope,32,100.0,-0.0005702738140724029,False
final_input_token_layerwise,disclosed,k6,oracle_posterior_gain,0,0.0001,-5.551115123125783e-17,False
final_input_token_layerwise,disclosed,k6,oracle_posterior_gain,1,100.0,-8.371386579192341e-06,False
final_input_token_layerwise,disclosed,k6,oracle_posterior_gain,2,3.0,0.010533370190986768,False
final_input_token_layerwise,disclosed,k6,oracle_posterior_gain,3,3.0,0.0005868119206962064,False
final_input_token_layerwise,disclosed,k6,oracle_posterior_gain,4,100.0,-0.000327438558454185,False
final_input_token_layerwise,disclosed,k6,oracle_posterior_gain,5,100.0,-0.0003044107476839475,False
final_input_token_layerwise,disclosed,k6,oracle_posterior_gain,6,100.0,0.00010989738053782117,False
final_input_token_layerwise,disclosed,k6,oracle_posterior_gain,7,100.0,-0.00010966964609732122,False
final_input_token_layerwise,disclosed,k6,oracle_posterior_gain,8,100.0,3.260428789328418e-05,False
final_input_token_layerwise,disclosed,k6,oracle_posterior_gain,9,3.0,0.010845068190433627,False
final_input_token_layerwise,disclosed,k6,oracle_posterior_gain,10,3.0,0.0100861776594513,False
final_input_token_layerwise,disclosed,k6,oracle_posterior_gain,11,0.1,0.04908748451551326,False
final_input_token_layerwise,disclosed,k6,oracle_posterior_gain,12,0.1,0.07310225704209086,False
final_input_token_layerwise,disclosed,k6,oracle_posterior_gain,13,3.0,0.0059091245015174265,False
final_input_token_layerwise,disclosed,k6,oracle_posterior_gain,14,0.1,0.04919311805936133,False
final_input_token_layerwise,disclosed,k6,oracle_posterior_gain,15,0.1,0.15105115118385978,False
final_input_token_layerwise,disclosed,k6,oracle_posterior_gain,16,0.1,0.14275523667612344,False
final_input_token_layerwise,disclosed,k6,oracle_posterior_gain,17,0.1,0.08605745889294353,False
final_input_token_layerwise,disclosed,k6,oracle_posterior_gain,18,0.1,0.11381501370732039,False
final_input_token_layerwise,disclosed,k6,oracle_posterior_gain,19,0.1,0.1445896118587776,False
final_input_token_layerwise,disclosed,k6,oracle_posterior_gain,20,0.1,0.13564794762969515,False
final_input_token_layerwise,disclosed,k6,oracle_posterior_gain,21,0.1,0.1273282498572295,False
final_input_token_layerwise,disclosed,k6,oracle_posterior_gain,22,0.1,0.12539502897816973,False
final_input_token_layerwise,disclosed,k6,oracle_posterior_gain,23,0.1,0.13391459108586518,False
final_input_token_layerwise,disclosed,k6,oracle_posterior_gain,24,3.0,0.09833261670114488,False
final_input_token_layerwise,disclosed,k6,oracle_posterior_gain,25,0.1,0.11762942309887162,False
final_input_token_layerwise,disclosed,k6,oracle_posterior_gain,26,3.0,0.09478671610666076,False
final_input_token_layerwise,disclosed,k6,oracle_posterior_gain,27,0.1,0.11464486485518957,False
final_input_token_layerwise,disclosed,k6,oracle_posterior_gain,28,0.1,0.1471780398217145,False
final_input_token_layerwise,disclosed,k6,oracle_posterior_gain,29,0.1,0.21489803908504837,True
final_input_token_layerwise,disclosed,k6,oracle_posterior_gain,30,0.1,0.21152511269411664,False
final_input_token_layerwise,disclosed,k6,oracle_posterior_gain,31,0.1,0.1943507754124425,False
final_input_token_layerwise,disclosed,k6,oracle_posterior_gain,32,0.1,0.18136179370151845,False
final_input_token_layerwise,disclosed,k9,gain,0,0.0001,0.0,False
final_input_token_layerwise,disclosed,k9,gain,1,100.0,-1.9457702170738722e-05,False
final_input_token_layerwise,disclosed,k9,gain,2,100.0,-2.3238947096798634e-05,False
final_input_token_layerwise,disclosed,k9,gain,3,3.0,0.003162584520445516,False
final_input_token_layerwise,disclosed,k9,gain,4,100.0,-0.00015486369096029406,False
final_input_token_layerwise,disclosed,k9,gain,5,100.0,-3.8962192682873154e-05,False
final_input_token_layerwise,disclosed,k9,gain,6,100.0,-9.103008181313155e-05,False
final_input_token_layerwise,disclosed,k9,gain,7,100.0,-1.2522470448361744e-05,False
final_input_token_layerwise,disclosed,k9,gain,8,100.0,-0.000302044323895273,False
final_input_token_layerwise,disclosed,k9,gain,9,100.0,-0.00011257907895417807,False
final_input_token_layerwise,disclosed,k9,gain,10,100.0,-0.0003274298263696296,False
final_input_token_layerwise,disclosed,k9,gain,11,3.0,0.0036455884446398856,False
final_input_token_layerwise,disclosed,k9,gain,12,0.1,0.06267694077615213,False
final_input_token_layerwise,disclosed,k9,gain,13,0.1,0.09556926062076451,False
final_input_token_layerwise,disclosed,k9,gain,14,0.1,0.06617781169955245,False
final_input_token_layerwise,disclosed,k9,gain,15,0.1,0.1466100535752687,False
final_input_token_layerwise,disclosed,k9,gain,16,0.1,0.049083587368805,False
final_input_token_layerwise,disclosed,k9,gain,17,0.1,0.06882524354053901,False
final_input_token_layerwise,disclosed,k9,gain,18,3.0,0.03202307712024696,False
final_input_token_layerwise,disclosed,k9,gain,19,3.0,0.028856428359031905,False
final_input_token_layerwise,disclosed,k9,gain,20,3.0,0.02775642039304299,False
final_input_token_layerwise,disclosed,k9,gain,21,3.0,0.02621603431167871,False
final_input_token_layerwise,disclosed,k9,gain,22,3.0,0.026050391407330037,False
final_input_token_layerwise,disclosed,k9,gain,23,0.1,0.04244053683596041,False
final_input_token_layerwise,disclosed,k9,gain,24,3.0,0.03640412112031188,False
final_input_token_layerwise,disclosed,k9,gain,25,0.1,0.0471152555230793,False
final_input_token_layerwise,disclosed,k9,gain,26,0.1,0.04944638389540035,False
final_input_token_layerwise,disclosed,k9,gain,27,0.1,0.07496059172874772,False
final_input_token_layerwise,disclosed,k9,gain,28,0.1,0.14630609415577728,False
final_input_token_layerwise,disclosed,k9,gain,29,0.1,0.26850941915116955,True
final_input_token_layerwise,disclosed,k9,gain,30,0.1,0.23955725311190415,False
final_input_token_layerwise,disclosed,k9,gain,31,0.1,0.26323419419833327,False
final_input_token_layerwise,disclosed,k9,gain,32,0.1,0.2566279125977733,False
final_input_token_layerwise,disclosed,k9,response_residual,0,0.0001,-2.7755575615628914e-17,False
final_input_token_layerwise,disclosed,k9,response_residual,1,3.0,0.0005266498217729454,False
final_input_token_layerwise,disclosed,k9,response_residual,2,100.0,-9.798222618151442e-06,False
final_input_token_layerwise,disclosed,k9,response_residual,3,3.0,0.001754367642885113,False
final_input_token_layerwise,disclosed,k9,response_residual,4,100.0,-7.259280663279855e-05,False
final_input_token_layerwise,disclosed,k9,response_residual,5,3.0,0.0017563291624063948,False
final_input_token_layerwise,disclosed,k9,response_residual,6,100.0,2.297135765824687e-05,False
final_input_token_layerwise,disclosed,k9,response_residual,7,100.0,-7.009749830066969e-05,False
final_input_token_layerwise,disclosed,k9,response_residual,8,100.0,-0.0003023903197217348,False
final_input_token_layerwise,disclosed,k9,response_residual,9,100.0,-0.00010877514116935938,False
final_input_token_layerwise,disclosed,k9,response_residual,10,100.0,-0.00012132791869545745,False
final_input_token_layerwise,disclosed,k9,response_residual,11,100.0,0.0002711185443311226,False
final_input_token_layerwise,disclosed,k9,response_residual,12,3.0,0.006772677205926031,False
final_input_token_layerwise,disclosed,k9,response_residual,13,3.0,0.0026005991527409678,False
final_input_token_layerwise,disclosed,k9,response_residual,14,3.0,0.00223928905632792,False
final_input_token_layerwise,disclosed,k9,response_residual,15,3.0,0.015088507131508028,False
final_input_token_layerwise,disclosed,k9,response_residual,16,3.0,0.006537425511893041,False
final_input_token_layerwise,disclosed,k9,response_residual,17,3.0,0.005800550455123843,False
final_input_token_layerwise,disclosed,k9,response_residual,18,3.0,0.006444498145928124,False
final_input_token_layerwise,disclosed,k9,response_residual,19,3.0,0.007428314811882719,False
final_input_token_layerwise,disclosed,k9,response_residual,20,3.0,0.007484653820959863,False
final_input_token_layerwise,disclosed,k9,response_residual,21,3.0,0.007291734928386501,False
final_input_token_layerwise,disclosed,k9,response_residual,22,3.0,0.0067399474110660385,False
final_input_token_layerwise,disclosed,k9,response_residual,23,3.0,0.016414519446593723,False
final_input_token_layerwise,disclosed,k9,response_residual,24,3.0,0.01687548249529494,False
final_input_token_layerwise,disclosed,k9,response_residual,25,3.0,0.01475422725970349,False
final_input_token_layerwise,disclosed,k9,response_residual,26,3.0,0.01743180841061942,False
final_input_token_layerwise,disclosed,k9,response_residual,27,3.0,0.01885841779110259,False
final_input_token_layerwise,disclosed,k9,response_residual,28,0.1,0.06498882649777205,False
final_input_token_layerwise,disclosed,k9,response_residual,29,0.1,0.17942867404544482,False
final_input_token_layerwise,disclosed,k9,response_residual,30,0.1,0.1713167789766146,False
final_input_token_layerwise,disclosed,k9,response_residual,31,0.1,0.20327916687072742,True
final_input_token_layerwise,disclosed,k9,response_residual,32,0.1,0.20092908614267554,False
final_input_token_layerwise,disclosed,k9,last_target_observation,0,0.0001,1.3877787807814457e-16,False
final_input_token_layerwise,disclosed,k9,last_target_observation,1,3.0,0.011086719057517763,False
final_input_token_layerwise,disclosed,k9,last_target_observation,2,0.1,0.02959044203454908,False
final_input_token_layerwise,disclosed,k9,last_target_observation,3,3.0,0.05998408617780984,False
final_input_token_layerwise,disclosed,k9,last_target_observation,4,3.0,0.0647216457965569,True
final_input_token_layerwise,disclosed,k9,last_target_observation,5,3.0,0.06155850690369061,False
final_input_token_layerwise,disclosed,k9,last_target_observation,6,3.0,0.05415602763686478,False
final_input_token_layerwise,disclosed,k9,last_target_observation,7,3.0,0.04798761825633954,False
final_input_token_layerwise,disclosed,k9,last_target_observation,8,3.0,0.032526820086158564,False
final_input_token_layerwise,disclosed,k9,last_target_observation,9,3.0,0.02659572966674903,False
final_input_token_layerwise,disclosed,k9,last_target_observation,10,3.0,0.014099329358785967,False
final_input_token_layerwise,disclosed,k9,last_target_observation,11,3.0,0.00810761385246378,False
final_input_token_layerwise,disclosed,k9,last_target_observation,12,3.0,0.004365027382258274,False
final_input_token_layerwise,disclosed,k9,last_target_observation,13,100.0,-0.00019085618751463196,False
final_input_token_layerwise,disclosed,k9,last_target_observation,14,100.0,-0.0010861986482745833,False
final_input_token_layerwise,disclosed,k9,last_target_observation,15,3.0,0.004166378959676975,False
final_input_token_layerwise,disclosed,k9,last_target_observation,16,3.0,0.01361238479017704,False
final_input_token_layerwise,disclosed,k9,last_target_observation,17,3.0,0.004245053417950839,False
final_input_token_layerwise,disclosed,k9,last_target_observation,18,100.0,-0.000332423248524949,False
final_input_token_layerwise,disclosed,k9,last_target_observation,19,0.1,0.009699769209413511,False
final_input_token_layerwise,disclosed,k9,last_target_observation,20,0.1,0.017024252060915873,False
final_input_token_layerwise,disclosed,k9,last_target_observation,21,100.0,-0.0010867863063780403,False
final_input_token_layerwise,disclosed,k9,last_target_observation,22,100.0,-0.0011543639058710087,False
final_input_token_layerwise,disclosed,k9,last_target_observation,23,100.0,-0.0014746817961875103,False
final_input_token_layerwise,disclosed,k9,last_target_observation,24,100.0,-0.0016265463814375825,False
final_input_token_layerwise,disclosed,k9,last_target_observation,25,100.0,-0.0016804141673264772,False
final_input_token_layerwise,disclosed,k9,last_target_observation,26,100.0,-0.001643417299511729,False
final_input_token_layerwise,disclosed,k9,last_target_observation,27,100.0,-0.0014190784555823122,False
final_input_token_layerwise,disclosed,k9,last_target_observation,28,100.0,-0.0013840010713226103,False
final_input_token_layerwise,disclosed,k9,last_target_observation,29,3.0,0.009210049589853109,False
final_input_token_layerwise,disclosed,k9,last_target_observation,30,3.0,0.012336533790347798,False
final_input_token_layerwise,disclosed,k9,last_target_observation,31,3.0,0.012367879810390087,False
final_input_token_layerwise,disclosed,k9,last_target_observation,32,3.0,0.017644308242256046,False
final_input_token_layerwise,disclosed,k9,target_observation_mean,0,0.0001,3.885780586188048e-16,False
final_input_token_layerwise,disclosed,k9,target_observation_mean,1,0.1,0.024564627644505233,False
final_input_token_layerwise,disclosed,k9,target_observation_mean,2,3.0,0.039966009127077734,False
final_input_token_layerwise,disclosed,k9,target_observation_mean,3,3.0,0.03180061286869107,False
final_input_token_layerwise,disclosed,k9,target_observation_mean,4,3.0,0.014471688251633918,False
final_input_token_layerwise,disclosed,k9,target_observation_mean,5,3.0,0.010630601993190325,False
final_input_token_layerwise,disclosed,k9,target_observation_mean,6,3.0,0.0057702629464975175,False
final_input_token_layerwise,disclosed,k9,target_observation_mean,7,3.0,0.0002255971072889773,False
final_input_token_layerwise,disclosed,k9,target_observation_mean,8,100.0,-5.9994933417573115e-05,False
final_input_token_layerwise,disclosed,k9,target_observation_mean,9,3.0,0.016766854641739992,False
final_input_token_layerwise,disclosed,k9,target_observation_mean,10,3.0,0.013344306519503774,False
final_input_token_layerwise,disclosed,k9,target_observation_mean,11,3.0,0.01977579096631904,False
final_input_token_layerwise,disclosed,k9,target_observation_mean,12,3.0,0.017147037925026254,False
final_input_token_layerwise,disclosed,k9,target_observation_mean,13,3.0,0.00157373111361217,False
final_input_token_layerwise,disclosed,k9,target_observation_mean,14,3.0,0.0008633873319132956,False
final_input_token_layerwise,disclosed,k9,target_observation_mean,15,3.0,0.028729874512982673,False
final_input_token_layerwise,disclosed,k9,target_observation_mean,16,3.0,0.05405226352041087,False
final_input_token_layerwise,disclosed,k9,target_observation_mean,17,3.0,0.05288349970630643,False
final_input_token_layerwise,disclosed,k9,target_observation_mean,18,3.0,0.03926340561519148,False
final_input_token_layerwise,disclosed,k9,target_observation_mean,19,3.0,0.04105850654672555,False
final_input_token_layerwise,disclosed,k9,target_observation_mean,20,3.0,0.03463908479692021,False
final_input_token_layerwise,disclosed,k9,target_observation_mean,21,3.0,0.02754595764790546,False
final_input_token_layerwise,disclosed,k9,target_observation_mean,22,3.0,0.03291340889270333,False
final_input_token_layerwise,disclosed,k9,target_observation_mean,23,3.0,0.038158935800727156,False
final_input_token_layerwise,disclosed,k9,target_observation_mean,24,3.0,0.03877046419309263,False
final_input_token_layerwise,disclosed,k9,target_observation_mean,25,3.0,0.044082792336696985,False
final_input_token_layerwise,disclosed,k9,target_observation_mean,26,3.0,0.04378626890724227,False
final_input_token_layerwise,disclosed,k9,target_observation_mean,27,3.0,0.04192997671918011,False
final_input_token_layerwise,disclosed,k9,target_observation_mean,28,0.1,0.05516515642110775,False
final_input_token_layerwise,disclosed,k9,target_observation_mean,29,0.1,0.26436110358143283,False
final_input_token_layerwise,disclosed,k9,target_observation_mean,30,0.1,0.2583684342344829,False
final_input_token_layerwise,disclosed,k9,target_observation_mean,31,0.1,0.28002399457212956,False
final_input_token_layerwise,disclosed,k9,target_observation_mean,32,0.1,0.32698679481404136,True
final_input_token_layerwise,disclosed,k9,target_time_slope,0,0.0001,0.0,False
final_input_token_layerwise,disclosed,k9,target_time_slope,1,100.0,-6.0048773746046447e-05,False
final_input_token_layerwise,disclosed,k9,target_time_slope,2,100.0,-0.0008363188839976832,False
final_input_token_layerwise,disclosed,k9,target_time_slope,3,3.0,0.015804955984655866,False
final_input_token_layerwise,disclosed,k9,target_time_slope,4,3.0,0.024705155875783147,False
final_input_token_layerwise,disclosed,k9,target_time_slope,5,3.0,0.03321115290585358,False
final_input_token_layerwise,disclosed,k9,target_time_slope,6,3.0,0.04020020235506022,False
final_input_token_layerwise,disclosed,k9,target_time_slope,7,3.0,0.03370411512466037,False
final_input_token_layerwise,disclosed,k9,target_time_slope,8,3.0,0.0179742496188173,False
final_input_token_layerwise,disclosed,k9,target_time_slope,9,3.0,0.039571189831951264,False
final_input_token_layerwise,disclosed,k9,target_time_slope,10,3.0,0.040740294905510094,False
final_input_token_layerwise,disclosed,k9,target_time_slope,11,3.0,0.03846996658057461,False
final_input_token_layerwise,disclosed,k9,target_time_slope,12,3.0,0.058969808924344114,False
final_input_token_layerwise,disclosed,k9,target_time_slope,13,3.0,0.05126350431531243,False
final_input_token_layerwise,disclosed,k9,target_time_slope,14,3.0,0.038131822550521804,False
final_input_token_layerwise,disclosed,k9,target_time_slope,15,3.0,0.08002842224945153,True
final_input_token_layerwise,disclosed,k9,target_time_slope,16,3.0,0.06576353222848957,False
final_input_token_layerwise,disclosed,k9,target_time_slope,17,3.0,0.05446538751408361,False
final_input_token_layerwise,disclosed,k9,target_time_slope,18,3.0,0.04673025820772406,False
final_input_token_layerwise,disclosed,k9,target_time_slope,19,3.0,0.03928120693093928,False
final_input_token_layerwise,disclosed,k9,target_time_slope,20,3.0,0.04646285760701385,False
final_input_token_layerwise,disclosed,k9,target_time_slope,21,3.0,0.04157210824391849,False
final_input_token_layerwise,disclosed,k9,target_time_slope,22,3.0,0.03999333017278717,False
final_input_token_layerwise,disclosed,k9,target_time_slope,23,3.0,0.03532278307076625,False
final_input_token_layerwise,disclosed,k9,target_time_slope,24,3.0,0.039393878848933445,False
final_input_token_layerwise,disclosed,k9,target_time_slope,25,3.0,0.03749411092686608,False
final_input_token_layerwise,disclosed,k9,target_time_slope,26,3.0,0.039496300727221906,False
final_input_token_layerwise,disclosed,k9,target_time_slope,27,3.0,0.03812384037846425,False
final_input_token_layerwise,disclosed,k9,target_time_slope,28,3.0,0.026829559875165332,False
final_input_token_layerwise,disclosed,k9,target_time_slope,29,3.0,0.027873359764269107,False
final_input_token_layerwise,disclosed,k9,target_time_slope,30,3.0,0.03347876219171317,False
final_input_token_layerwise,disclosed,k9,target_time_slope,31,3.0,0.024017995938682396,False
final_input_token_layerwise,disclosed,k9,target_time_slope,32,3.0,0.02142991457593016,False
final_input_token_layerwise,disclosed,k9,displayed_driver_outcome_slope,0,0.0001,-1.1102230246251565e-16,False
final_input_token_layerwise,disclosed,k9,displayed_driver_outcome_slope,1,3.0,0.002594403281068247,False
final_input_token_layerwise,disclosed,k9,displayed_driver_outcome_slope,2,100.0,-0.00014408086824363453,False
final_input_token_layerwise,disclosed,k9,displayed_driver_outcome_slope,3,100.0,-6.457005224183576e-05,False
final_input_token_layerwise,disclosed,k9,displayed_driver_outcome_slope,4,3.0,0.003241708574272001,False
final_input_token_layerwise,disclosed,k9,displayed_driver_outcome_slope,5,100.0,-0.00026772723957471656,False
final_input_token_layerwise,disclosed,k9,displayed_driver_outcome_slope,6,100.0,-9.75216716505023e-05,False
final_input_token_layerwise,disclosed,k9,displayed_driver_outcome_slope,7,100.0,-8.986499641241985e-05,False
final_input_token_layerwise,disclosed,k9,displayed_driver_outcome_slope,8,100.0,-0.00017711965006869668,False
final_input_token_layerwise,disclosed,k9,displayed_driver_outcome_slope,9,100.0,-0.00020084928515684553,False
final_input_token_layerwise,disclosed,k9,displayed_driver_outcome_slope,10,100.0,-0.0005093604608722158,False
final_input_token_layerwise,disclosed,k9,displayed_driver_outcome_slope,11,3.0,0.0025841222520064377,False
final_input_token_layerwise,disclosed,k9,displayed_driver_outcome_slope,12,3.0,0.0007060324763940584,False
final_input_token_layerwise,disclosed,k9,displayed_driver_outcome_slope,13,100.0,-0.0012367733686755034,False
final_input_token_layerwise,disclosed,k9,displayed_driver_outcome_slope,14,3.0,0.011593924396678862,False
final_input_token_layerwise,disclosed,k9,displayed_driver_outcome_slope,15,3.0,0.026902075868493996,False
final_input_token_layerwise,disclosed,k9,displayed_driver_outcome_slope,16,100.0,-0.0007694760607517559,False
final_input_token_layerwise,disclosed,k9,displayed_driver_outcome_slope,17,100.0,-0.0012966837390746278,False
final_input_token_layerwise,disclosed,k9,displayed_driver_outcome_slope,18,100.0,-0.00124197563946149,False
final_input_token_layerwise,disclosed,k9,displayed_driver_outcome_slope,19,100.0,-0.0017308541964236313,False
final_input_token_layerwise,disclosed,k9,displayed_driver_outcome_slope,20,100.0,-0.0019169619666396798,False
final_input_token_layerwise,disclosed,k9,displayed_driver_outcome_slope,21,100.0,-0.0020092944449890127,False
final_input_token_layerwise,disclosed,k9,displayed_driver_outcome_slope,22,100.0,-0.001853069049906786,False
final_input_token_layerwise,disclosed,k9,displayed_driver_outcome_slope,23,100.0,-0.0016857489165160722,False
final_input_token_layerwise,disclosed,k9,displayed_driver_outcome_slope,24,100.0,-0.0015079782468987446,False
final_input_token_layerwise,disclosed,k9,displayed_driver_outcome_slope,25,100.0,-0.0017978112056408757,False
final_input_token_layerwise,disclosed,k9,displayed_driver_outcome_slope,26,100.0,-0.0018283965534640345,False
final_input_token_layerwise,disclosed,k9,displayed_driver_outcome_slope,27,100.0,-0.0016353117756225666,False
final_input_token_layerwise,disclosed,k9,displayed_driver_outcome_slope,28,100.0,-0.0015583911029919406,False
final_input_token_layerwise,disclosed,k9,displayed_driver_outcome_slope,29,3.0,0.0354124150514698,False
final_input_token_layerwise,disclosed,k9,displayed_driver_outcome_slope,30,3.0,0.03819212250238904,False
final_input_token_layerwise,disclosed,k9,displayed_driver_outcome_slope,31,3.0,0.049597982474118146,False
final_input_token_layerwise,disclosed,k9,displayed_driver_outcome_slope,32,3.0,0.06264951820981726,True
final_input_token_layerwise,disclosed,k9,oracle_posterior_gain,0,0.0001,0.0,False
final_input_token_layerwise,disclosed,k9,oracle_posterior_gain,1,3.0,-7.481105775025698e-05,False
final_input_token_layerwise,disclosed,k9,oracle_posterior_gain,2,3.0,0.010280227368526101,False
final_input_token_layerwise,disclosed,k9,oracle_posterior_gain,3,100.0,-0.0003327333330585547,False
final_input_token_layerwise,disclosed,k9,oracle_posterior_gain,4,100.0,-6.818982415712771e-05,False
final_input_token_layerwise,disclosed,k9,oracle_posterior_gain,5,100.0,-0.00015599614825820285,False
final_input_token_layerwise,disclosed,k9,oracle_posterior_gain,6,100.0,-0.0003060206071989202,False
final_input_token_layerwise,disclosed,k9,oracle_posterior_gain,7,100.0,0.00022502774034993678,False
final_input_token_layerwise,disclosed,k9,oracle_posterior_gain,8,3.0,0.00043432108340205056,False
final_input_token_layerwise,disclosed,k9,oracle_posterior_gain,9,100.0,-0.0001525909477922971,False
final_input_token_layerwise,disclosed,k9,oracle_posterior_gain,10,100.0,-0.0003266003213686641,False
final_input_token_layerwise,disclosed,k9,oracle_posterior_gain,11,3.0,0.0022007480930971157,False
final_input_token_layerwise,disclosed,k9,oracle_posterior_gain,12,3.0,0.008544045321847438,False
final_input_token_layerwise,disclosed,k9,oracle_posterior_gain,13,3.0,0.005034117373293789,False
final_input_token_layerwise,disclosed,k9,oracle_posterior_gain,14,100.0,-0.00012618175427533962,False
final_input_token_layerwise,disclosed,k9,oracle_posterior_gain,15,3.0,0.022594069722036564,False
final_input_token_layerwise,disclosed,k9,oracle_posterior_gain,16,3.0,0.03867054369906567,False
final_input_token_layerwise,disclosed,k9,oracle_posterior_gain,17,3.0,0.027123274775594175,False
final_input_token_layerwise,disclosed,k9,oracle_posterior_gain,18,3.0,0.020548180399163007,False
final_input_token_layerwise,disclosed,k9,oracle_posterior_gain,19,3.0,0.0242748405916067,False
final_input_token_layerwise,disclosed,k9,oracle_posterior_gain,20,3.0,0.022230432346015044,False
final_input_token_layerwise,disclosed,k9,oracle_posterior_gain,21,3.0,0.02130109533142996,False
final_input_token_layerwise,disclosed,k9,oracle_posterior_gain,22,3.0,0.02058113048486432,False
final_input_token_layerwise,disclosed,k9,oracle_posterior_gain,23,3.0,0.028563706567399566,False
final_input_token_layerwise,disclosed,k9,oracle_posterior_gain,24,3.0,0.028755620993737463,False
final_input_token_layerwise,disclosed,k9,oracle_posterior_gain,25,3.0,0.027415049460165097,False
final_input_token_layerwise,disclosed,k9,oracle_posterior_gain,26,3.0,0.03130974648127435,False
final_input_token_layerwise,disclosed,k9,oracle_posterior_gain,27,3.0,0.03632345329200212,False
final_input_token_layerwise,disclosed,k9,oracle_posterior_gain,28,0.1,0.11494634420286712,False
final_input_token_layerwise,disclosed,k9,oracle_posterior_gain,29,0.1,0.2454787074332097,False
final_input_token_layerwise,disclosed,k9,oracle_posterior_gain,30,0.1,0.24274441912609887,False
final_input_token_layerwise,disclosed,k9,oracle_posterior_gain,31,0.1,0.28934347445566344,False
final_input_token_layerwise,disclosed,k9,oracle_posterior_gain,32,0.1,0.3369980302600034,True
final_input_token_layerwise,disclosed,pooled,gain,0,0.0001,0.0,False
final_input_token_layerwise,disclosed,pooled,gain,1,100.0,-0.00017364906896326823,False
final_input_token_layerwise,disclosed,pooled,gain,2,100.0,-0.0007959254889636317,False
final_input_token_layerwise,disclosed,pooled,gain,3,100.0,-0.0017551757279354596,False
final_input_token_layerwise,disclosed,pooled,gain,4,100.0,-0.003913751632087681,False
final_input_token_layerwise,disclosed,pooled,gain,5,100.0,-0.0025659052241571167,False
final_input_token_layerwise,disclosed,pooled,gain,6,100.0,-0.0018972476833334084,False
final_input_token_layerwise,disclosed,pooled,gain,7,100.0,-0.003400059509719703,False
final_input_token_layerwise,disclosed,pooled,gain,8,100.0,-0.006936374048941087,False
final_input_token_layerwise,disclosed,pooled,gain,9,100.0,-0.0026375989613039905,False
final_input_token_layerwise,disclosed,pooled,gain,10,100.0,-0.0008068894253438208,False
final_input_token_layerwise,disclosed,pooled,gain,11,3.0,0.028836531566811402,False
final_input_token_layerwise,disclosed,pooled,gain,12,3.0,0.0506395957162784,False
final_input_token_layerwise,disclosed,pooled,gain,13,3.0,0.0812612754368615,False
final_input_token_layerwise,disclosed,pooled,gain,14,3.0,0.053835531127517496,False
final_input_token_layerwise,disclosed,pooled,gain,15,3.0,0.07715837560569289,False
final_input_token_layerwise,disclosed,pooled,gain,16,3.0,0.08242405389960335,False
final_input_token_layerwise,disclosed,pooled,gain,17,3.0,0.0679938984116822,False
final_input_token_layerwise,disclosed,pooled,gain,18,3.0,0.08360061261430747,False
final_input_token_layerwise,disclosed,pooled,gain,19,3.0,0.07988617177867846,False
final_input_token_layerwise,disclosed,pooled,gain,20,3.0,0.08769284274735407,False
final_input_token_layerwise,disclosed,pooled,gain,21,3.0,0.0810701704788177,False
final_input_token_layerwise,disclosed,pooled,gain,22,3.0,0.08105344852205928,False
final_input_token_layerwise,disclosed,pooled,gain,23,3.0,0.0866791494908085,False
final_input_token_layerwise,disclosed,pooled,gain,24,3.0,0.08506139191008659,False
final_input_token_layerwise,disclosed,pooled,gain,25,3.0,0.07865117155640419,False
final_input_token_layerwise,disclosed,pooled,gain,26,3.0,0.08291085074416764,False
final_input_token_layerwise,disclosed,pooled,gain,27,3.0,0.07732015633951818,False
final_input_token_layerwise,disclosed,pooled,gain,28,3.0,0.09551915879243607,False
final_input_token_layerwise,disclosed,pooled,gain,29,3.0,0.14589468323351404,True
final_input_token_layerwise,disclosed,pooled,gain,30,3.0,0.12835031253139464,False
final_input_token_layerwise,disclosed,pooled,gain,31,3.0,0.1362557884271213,False
final_input_token_layerwise,disclosed,pooled,gain,32,3.0,0.1445977480705342,False
final_input_token_layerwise,disclosed,pooled,response_residual,0,0.0001,-2.7755575615628914e-17,False
final_input_token_layerwise,disclosed,pooled,response_residual,1,100.0,0.0004468072762423743,False
final_input_token_layerwise,disclosed,pooled,response_residual,2,100.0,-0.0004850081379991489,False
final_input_token_layerwise,disclosed,pooled,response_residual,3,100.0,-0.001976347974334547,False
final_input_token_layerwise,disclosed,pooled,response_residual,4,100.0,-0.004214497886230952,False
final_input_token_layerwise,disclosed,pooled,response_residual,5,100.0,-0.0026311331630135917,False
final_input_token_layerwise,disclosed,pooled,response_residual,6,100.0,-0.0031046134634962566,False
final_input_token_layerwise,disclosed,pooled,response_residual,7,100.0,-0.004365193950485569,False
final_input_token_layerwise,disclosed,pooled,response_residual,8,100.0,-0.008107580286202704,False
final_input_token_layerwise,disclosed,pooled,response_residual,9,100.0,-0.0033332519566820207,False
final_input_token_layerwise,disclosed,pooled,response_residual,10,100.0,-0.002161567649630334,False
final_input_token_layerwise,disclosed,pooled,response_residual,11,100.0,-0.0011851843884929474,False
final_input_token_layerwise,disclosed,pooled,response_residual,12,100.0,0.00197978213825011,False
final_input_token_layerwise,disclosed,pooled,response_residual,13,100.0,0.0009915005964338715,False
final_input_token_layerwise,disclosed,pooled,response_residual,14,100.0,-0.0009400063143343388,False
final_input_token_layerwise,disclosed,pooled,response_residual,15,100.0,0.0004138528324334108,False
final_input_token_layerwise,disclosed,pooled,response_residual,16,100.0,0.0017931188624684864,False
final_input_token_layerwise,disclosed,pooled,response_residual,17,100.0,-0.0009255763623385501,False
final_input_token_layerwise,disclosed,pooled,response_residual,18,100.0,-0.00024606305226119546,False
final_input_token_layerwise,disclosed,pooled,response_residual,19,100.0,0.0007644229073158112,False
final_input_token_layerwise,disclosed,pooled,response_residual,20,3.0,0.009562238966770617,False
final_input_token_layerwise,disclosed,pooled,response_residual,21,3.0,0.0036336987916061325,False
final_input_token_layerwise,disclosed,pooled,response_residual,22,3.0,0.010402300256036548,False
final_input_token_layerwise,disclosed,pooled,response_residual,23,3.0,0.014008482211964601,False
final_input_token_layerwise,disclosed,pooled,response_residual,24,3.0,0.01721666125773121,False
final_input_token_layerwise,disclosed,pooled,response_residual,25,3.0,0.015434653708782867,False
final_input_token_layerwise,disclosed,pooled,response_residual,26,3.0,0.021680278973151463,False
final_input_token_layerwise,disclosed,pooled,response_residual,27,3.0,0.02016418733349401,False
final_input_token_layerwise,disclosed,pooled,response_residual,28,3.0,0.036432081413870554,False
final_input_token_layerwise,disclosed,pooled,response_residual,29,3.0,0.06956259127309551,False
final_input_token_layerwise,disclosed,pooled,response_residual,30,3.0,0.06510043840397114,False
final_input_token_layerwise,disclosed,pooled,response_residual,31,3.0,0.08144522508375807,False
final_input_token_layerwise,disclosed,pooled,response_residual,32,3.0,0.09143369502229609,True
final_input_token_layerwise,undisclosed,k3,gain,0,0.0001,0.0,False
final_input_token_layerwise,undisclosed,k3,gain,1,100.0,-0.00029649414260990437,False
final_input_token_layerwise,undisclosed,k3,gain,2,100.0,-0.0005091403128108518,False
final_input_token_layerwise,undisclosed,k3,gain,3,100.0,-0.0005613053607645968,False
final_input_token_layerwise,undisclosed,k3,gain,4,100.0,-0.0005798655274189546,False
final_input_token_layerwise,undisclosed,k3,gain,5,100.0,-0.0005220065478802605,False
final_input_token_layerwise,undisclosed,k3,gain,6,100.0,-0.0005177120147740744,False
final_input_token_layerwise,undisclosed,k3,gain,7,100.0,-0.0007288824386261772,False
final_input_token_layerwise,undisclosed,k3,gain,8,100.0,-0.0006069614698192838,False
final_input_token_layerwise,undisclosed,k3,gain,9,100.0,-0.00030460899787354556,False
final_input_token_layerwise,undisclosed,k3,gain,10,100.0,-0.00023984367690099706,False
final_input_token_layerwise,undisclosed,k3,gain,11,3.0,0.0014153701881935987,False
final_input_token_layerwise,undisclosed,k3,gain,12,100.0,-0.00018909942691294757,False
final_input_token_layerwise,undisclosed,k3,gain,13,100.0,7.31159850024532e-05,False
final_input_token_layerwise,undisclosed,k3,gain,14,3.0,0.007888205693030781,False
final_input_token_layerwise,undisclosed,k3,gain,15,0.1,0.04837560975525157,False
final_input_token_layerwise,undisclosed,k3,gain,16,3.0,0.060225997641988493,False
final_input_token_layerwise,undisclosed,k3,gain,17,3.0,0.0599318689133973,False
final_input_token_layerwise,undisclosed,k3,gain,18,0.1,0.05794764738266661,False
final_input_token_layerwise,undisclosed,k3,gain,19,0.1,0.06569343353544935,False
final_input_token_layerwise,undisclosed,k3,gain,20,0.1,0.08279523452745771,False
final_input_token_layerwise,undisclosed,k3,gain,21,0.1,0.09023836421270498,False
final_input_token_layerwise,undisclosed,k3,gain,22,0.1,0.07928018978698517,False
final_input_token_layerwise,undisclosed,k3,gain,23,0.1,0.08450607922959477,False
final_input_token_layerwise,undisclosed,k3,gain,24,0.1,0.08179050273390673,False
final_input_token_layerwise,undisclosed,k3,gain,25,0.1,0.09879981307081256,False
final_input_token_layerwise,undisclosed,k3,gain,26,0.1,0.09823838176703828,False
final_input_token_layerwise,undisclosed,k3,gain,27,0.1,0.09924585798245353,False
final_input_token_layerwise,undisclosed,k3,gain,28,0.1,0.10829192573094532,True
final_input_token_layerwise,undisclosed,k3,gain,29,0.1,0.06655797941681144,False
final_input_token_layerwise,undisclosed,k3,gain,30,0.1,0.06156928833033529,False
final_input_token_layerwise,undisclosed,k3,gain,31,0.1,0.049924905167253564,False
final_input_token_layerwise,undisclosed,k3,gain,32,3.0,0.026094921748467448,False
final_input_token_layerwise,undisclosed,k3,response_residual,0,0.0001,-2.7755575615628914e-17,False
final_input_token_layerwise,undisclosed,k3,response_residual,1,100.0,-0.00024720580928350167,False
final_input_token_layerwise,undisclosed,k3,response_residual,2,100.0,-0.00043053086243100003,False
final_input_token_layerwise,undisclosed,k3,response_residual,3,100.0,-0.0006454558103580199,False
final_input_token_layerwise,undisclosed,k3,response_residual,4,100.0,-0.0004575820137965314,False
final_input_token_layerwise,undisclosed,k3,response_residual,5,100.0,-0.0003890442789575288,False
final_input_token_layerwise,undisclosed,k3,response_residual,6,100.0,-0.00029610028658028087,False
final_input_token_layerwise,undisclosed,k3,response_residual,7,100.0,-0.00048197173591316145,False
final_input_token_layerwise,undisclosed,k3,response_residual,8,100.0,-0.0005509505843177276,False
final_input_token_layerwise,undisclosed,k3,response_residual,9,100.0,-0.0006218991372540783,False
final_input_token_layerwise,undisclosed,k3,response_residual,10,100.0,-0.0006709670328167716,False
final_input_token_layerwise,undisclosed,k3,response_residual,11,100.0,-0.00048239038003089485,False
final_input_token_layerwise,undisclosed,k3,response_residual,12,100.0,-0.0006625926872093069,False
final_input_token_layerwise,undisclosed,k3,response_residual,13,100.0,-0.00028452053343294703,False
final_input_token_layerwise,undisclosed,k3,response_residual,14,100.0,0.0004120136205499336,False
final_input_token_layerwise,undisclosed,k3,response_residual,15,3.0,0.02033245218385113,True
final_input_token_layerwise,undisclosed,k3,response_residual,16,3.0,0.016397571398512528,False
final_input_token_layerwise,undisclosed,k3,response_residual,17,3.0,0.019823858794559807,False
final_input_token_layerwise,undisclosed,k3,response_residual,18,3.0,0.008834018496624962,False
final_input_token_layerwise,undisclosed,k3,response_residual,19,3.0,0.005818294370967508,False
final_input_token_layerwise,undisclosed,k3,response_residual,20,3.0,0.006346122400106513,False
final_input_token_layerwise,undisclosed,k3,response_residual,21,100.0,0.0017636428611702004,False
final_input_token_layerwise,undisclosed,k3,response_residual,22,100.0,0.0016275903808068426,False
final_input_token_layerwise,undisclosed,k3,response_residual,23,3.0,0.0016391293156930442,False
final_input_token_layerwise,undisclosed,k3,response_residual,24,100.0,0.0015528893006907796,False
final_input_token_layerwise,undisclosed,k3,response_residual,25,100.0,0.0015005335383686813,False
final_input_token_layerwise,undisclosed,k3,response_residual,26,100.0,0.0014767662533315407,False
final_input_token_layerwise,undisclosed,k3,response_residual,27,3.0,0.00231405365139728,False
final_input_token_layerwise,undisclosed,k3,response_residual,28,100.0,0.001443918058008059,False
final_input_token_layerwise,undisclosed,k3,response_residual,29,100.0,0.0007953243360143136,False
final_input_token_layerwise,undisclosed,k3,response_residual,30,3.0,0.008922888766781878,False
final_input_token_layerwise,undisclosed,k3,response_residual,31,3.0,0.009694941527164547,False
final_input_token_layerwise,undisclosed,k3,response_residual,32,3.0,0.00794138090275942,False
final_input_token_layerwise,undisclosed,k3,last_target_observation,0,0.0001,-8.326672684688674e-17,False
final_input_token_layerwise,undisclosed,k3,last_target_observation,1,0.1,0.2558767709499892,False
final_input_token_layerwise,undisclosed,k3,last_target_observation,2,0.1,0.19483920906407792,False
final_input_token_layerwise,undisclosed,k3,last_target_observation,3,0.1,0.21099626032967406,False
final_input_token_layerwise,undisclosed,k3,last_target_observation,4,0.1,0.21477417889769174,False
final_input_token_layerwise,undisclosed,k3,last_target_observation,5,0.1,0.10629222006790032,False
final_input_token_layerwise,undisclosed,k3,last_target_observation,6,0.1,0.0352787652790654,False
final_input_token_layerwise,undisclosed,k3,last_target_observation,7,3.0,0.024376988744951755,False
final_input_token_layerwise,undisclosed,k3,last_target_observation,8,0.1,0.026478175564051493,False
final_input_token_layerwise,undisclosed,k3,last_target_observation,9,0.1,0.2244117855165842,False
final_input_token_layerwise,undisclosed,k3,last_target_observation,10,0.1,0.23248586687352768,False
final_input_token_layerwise,undisclosed,k3,last_target_observation,11,0.1,0.3098222791544218,True
final_input_token_layerwise,undisclosed,k3,last_target_observation,12,0.1,0.26727625698271373,False
final_input_token_layerwise,undisclosed,k3,last_target_observation,13,3.0,0.15763389737291433,False
final_input_token_layerwise,undisclosed,k3,last_target_observation,14,3.0,0.1973033843419127,False
final_input_token_layerwise,undisclosed,k3,last_target_observation,15,0.1,0.234601113324968,False
final_input_token_layerwise,undisclosed,k3,last_target_observation,16,3.0,0.24284664242475584,False
final_input_token_layerwise,undisclosed,k3,last_target_observation,17,3.0,0.21984832130885737,False
final_input_token_layerwise,undisclosed,k3,last_target_observation,18,3.0,0.20851005947097437,False
final_input_token_layerwise,undisclosed,k3,last_target_observation,19,3.0,0.2151841280435387,False
final_input_token_layerwise,undisclosed,k3,last_target_observation,20,3.0,0.21127294701798582,False
final_input_token_layerwise,undisclosed,k3,last_target_observation,21,3.0,0.20124387412633776,False
final_input_token_layerwise,undisclosed,k3,last_target_observation,22,3.0,0.20115977917160852,False
final_input_token_layerwise,undisclosed,k3,last_target_observation,23,3.0,0.19278940867425953,False
final_input_token_layerwise,undisclosed,k3,last_target_observation,24,3.0,0.18418558191230924,False
final_input_token_layerwise,undisclosed,k3,last_target_observation,25,3.0,0.1877905236332898,False
final_input_token_layerwise,undisclosed,k3,last_target_observation,26,3.0,0.18269032441095592,False
final_input_token_layerwise,undisclosed,k3,last_target_observation,27,3.0,0.18596783567541425,False
final_input_token_layerwise,undisclosed,k3,last_target_observation,28,3.0,0.17832411557823782,False
final_input_token_layerwise,undisclosed,k3,last_target_observation,29,3.0,0.1938749144419493,False
final_input_token_layerwise,undisclosed,k3,last_target_observation,30,3.0,0.1974019957888975,False
final_input_token_layerwise,undisclosed,k3,last_target_observation,31,0.1,0.24379923911513945,False
final_input_token_layerwise,undisclosed,k3,last_target_observation,32,0.1,0.26740669665420924,False
final_input_token_layerwise,undisclosed,k3,target_observation_mean,0,0.0001,5.551115123125783e-17,False
final_input_token_layerwise,undisclosed,k3,target_observation_mean,1,3.0,0.14234669917727785,False
final_input_token_layerwise,undisclosed,k3,target_observation_mean,2,3.0,0.09304546182855111,False
final_input_token_layerwise,undisclosed,k3,target_observation_mean,3,0.1,0.12096278633829535,False
final_input_token_layerwise,undisclosed,k3,target_observation_mean,4,0.1,0.1779406160821077,False
final_input_token_layerwise,undisclosed,k3,target_observation_mean,5,0.1,0.06087609639158609,False
final_input_token_layerwise,undisclosed,k3,target_observation_mean,6,3.0,0.024033096843479873,False
final_input_token_layerwise,undisclosed,k3,target_observation_mean,7,3.0,0.03429113841742332,False
final_input_token_layerwise,undisclosed,k3,target_observation_mean,8,0.1,0.05998036444635585,False
final_input_token_layerwise,undisclosed,k3,target_observation_mean,9,3.0,0.08719827178395409,False
final_input_token_layerwise,undisclosed,k3,target_observation_mean,10,3.0,0.09768149983926044,False
final_input_token_layerwise,undisclosed,k3,target_observation_mean,11,0.1,0.1726522541315189,False
final_input_token_layerwise,undisclosed,k3,target_observation_mean,12,3.0,0.17682553429646686,False
final_input_token_layerwise,undisclosed,k3,target_observation_mean,13,3.0,0.2429194505114743,False
final_input_token_layerwise,undisclosed,k3,target_observation_mean,14,3.0,0.2812956328124535,False
final_input_token_layerwise,undisclosed,k3,target_observation_mean,15,3.0,0.40361957095618695,False
final_input_token_layerwise,undisclosed,k3,target_observation_mean,16,3.0,0.43858032796564805,True
final_input_token_layerwise,undisclosed,k3,target_observation_mean,17,3.0,0.3997202397865883,False
final_input_token_layerwise,undisclosed,k3,target_observation_mean,18,3.0,0.35585160123255233,False
final_input_token_layerwise,undisclosed,k3,target_observation_mean,19,3.0,0.3767905269314956,False
final_input_token_layerwise,undisclosed,k3,target_observation_mean,20,3.0,0.3591850844954104,False
final_input_token_layerwise,undisclosed,k3,target_observation_mean,21,3.0,0.350490369335272,False
final_input_token_layerwise,undisclosed,k3,target_observation_mean,22,3.0,0.3494187249942083,False
final_input_token_layerwise,undisclosed,k3,target_observation_mean,23,3.0,0.3371183449595127,False
final_input_token_layerwise,undisclosed,k3,target_observation_mean,24,3.0,0.32785278027329046,False
final_input_token_layerwise,undisclosed,k3,target_observation_mean,25,3.0,0.34131435653947445,False
final_input_token_layerwise,undisclosed,k3,target_observation_mean,26,3.0,0.334425533225571,False
final_input_token_layerwise,undisclosed,k3,target_observation_mean,27,3.0,0.3322223503372925,False
final_input_token_layerwise,undisclosed,k3,target_observation_mean,28,3.0,0.31553610597014975,False
final_input_token_layerwise,undisclosed,k3,target_observation_mean,29,3.0,0.3253026483892022,False
final_input_token_layerwise,undisclosed,k3,target_observation_mean,30,3.0,0.3365952218711155,False
final_input_token_layerwise,undisclosed,k3,target_observation_mean,31,0.1,0.36357143010432763,False
final_input_token_layerwise,undisclosed,k3,target_observation_mean,32,0.1,0.4334729014622917,False
final_input_token_layerwise,undisclosed,k3,target_time_slope,0,0.0001,0.0,False
final_input_token_layerwise,undisclosed,k3,target_time_slope,1,0.1,0.09996332896617366,True
final_input_token_layerwise,undisclosed,k3,target_time_slope,2,0.1,0.03821217886100839,False
final_input_token_layerwise,undisclosed,k3,target_time_slope,3,0.1,0.08439295760450413,False
final_input_token_layerwise,undisclosed,k3,target_time_slope,4,0.1,0.08891772611952656,False
final_input_token_layerwise,undisclosed,k3,target_time_slope,5,100.0,-0.00032348607426488374,False
final_input_token_layerwise,undisclosed,k3,target_time_slope,6,100.0,-0.00013584230891280913,False
final_input_token_layerwise,undisclosed,k3,target_time_slope,7,3.0,0.0023622483925485604,False
final_input_token_layerwise,undisclosed,k3,target_time_slope,8,100.0,-0.00017300232567640794,False
final_input_token_layerwise,undisclosed,k3,target_time_slope,9,3.0,0.03511331447340088,False
final_input_token_layerwise,undisclosed,k3,target_time_slope,10,3.0,0.023215998232851948,False
final_input_token_layerwise,undisclosed,k3,target_time_slope,11,0.1,0.05637943911694762,False
final_input_token_layerwise,undisclosed,k3,target_time_slope,12,3.0,0.020009560683241945,False
final_input_token_layerwise,undisclosed,k3,target_time_slope,13,3.0,0.02726245192924176,False
final_input_token_layerwise,undisclosed,k3,target_time_slope,14,3.0,0.038769746435329044,False
final_input_token_layerwise,undisclosed,k3,target_time_slope,15,0.1,0.08115869533419362,False
final_input_token_layerwise,undisclosed,k3,target_time_slope,16,0.1,0.07470183732039415,False
final_input_token_layerwise,undisclosed,k3,target_time_slope,17,3.0,0.05360701236302845,False
final_input_token_layerwise,undisclosed,k3,target_time_slope,18,3.0,0.04693107792072873,False
final_input_token_layerwise,undisclosed,k3,target_time_slope,19,3.0,0.0528722174538461,False
final_input_token_layerwise,undisclosed,k3,target_time_slope,20,3.0,0.05262815647040306,False
final_input_token_layerwise,undisclosed,k3,target_time_slope,21,3.0,0.04196731395245115,False
final_input_token_layerwise,undisclosed,k3,target_time_slope,22,3.0,0.04344926418585299,False
final_input_token_layerwise,undisclosed,k3,target_time_slope,23,3.0,0.03917837713465078,False
final_input_token_layerwise,undisclosed,k3,target_time_slope,24,3.0,0.03638799843158719,False
final_input_token_layerwise,undisclosed,k3,target_time_slope,25,3.0,0.030866555470539764,False
final_input_token_layerwise,undisclosed,k3,target_time_slope,26,3.0,0.030219212804281415,False
final_input_token_layerwise,undisclosed,k3,target_time_slope,27,3.0,0.03330243188677817,False
final_input_token_layerwise,undisclosed,k3,target_time_slope,28,3.0,0.03353000885319821,False
final_input_token_layerwise,undisclosed,k3,target_time_slope,29,3.0,0.040913627205971664,False
final_input_token_layerwise,undisclosed,k3,target_time_slope,30,3.0,0.045337964225509286,False
final_input_token_layerwise,undisclosed,k3,target_time_slope,31,0.1,0.06049144859824021,False
final_input_token_layerwise,undisclosed,k3,target_time_slope,32,0.1,0.07314076639026831,False
final_input_token_layerwise,undisclosed,k3,displayed_driver_outcome_slope,0,0.0001,5.551115123125783e-17,False
final_input_token_layerwise,undisclosed,k3,displayed_driver_outcome_slope,1,100.0,2.9932711960584113e-05,False
final_input_token_layerwise,undisclosed,k3,displayed_driver_outcome_slope,2,100.0,-0.00013942486734139226,False
final_input_token_layerwise,undisclosed,k3,displayed_driver_outcome_slope,3,100.0,-0.00028884863613515277,False
final_input_token_layerwise,undisclosed,k3,displayed_driver_outcome_slope,4,3.0,0.004960625578508432,False
final_input_token_layerwise,undisclosed,k3,displayed_driver_outcome_slope,5,3.0,0.008024232674775839,False
final_input_token_layerwise,undisclosed,k3,displayed_driver_outcome_slope,6,3.0,0.008546838661262213,False
final_input_token_layerwise,undisclosed,k3,displayed_driver_outcome_slope,7,3.0,0.006615256336135189,False
final_input_token_layerwise,undisclosed,k3,displayed_driver_outcome_slope,8,100.0,-0.0009624235686338523,False
final_input_token_layerwise,undisclosed,k3,displayed_driver_outcome_slope,9,100.0,-0.0006881707733367437,False
final_input_token_layerwise,undisclosed,k3,displayed_driver_outcome_slope,10,100.0,-0.0008583774093169072,False
final_input_token_layerwise,undisclosed,k3,displayed_driver_outcome_slope,11,100.0,-0.0006124910947907236,False
final_input_token_layerwise,undisclosed,k3,displayed_driver_outcome_slope,12,100.0,-0.00012321534745982077,False
final_input_token_layerwise,undisclosed,k3,displayed_driver_outcome_slope,13,100.0,-0.0005071172305186333,False
final_input_token_layerwise,undisclosed,k3,displayed_driver_outcome_slope,14,100.0,-0.0011106098148562504,False
final_input_token_layerwise,undisclosed,k3,displayed_driver_outcome_slope,15,100.0,-0.0003251635235993755,False
final_input_token_layerwise,undisclosed,k3,displayed_driver_outcome_slope,16,100.0,0.00043163799491502397,False
final_input_token_layerwise,undisclosed,k3,displayed_driver_outcome_slope,17,100.0,0.0004004852571025952,False
final_input_token_layerwise,undisclosed,k3,displayed_driver_outcome_slope,18,100.0,0.0003077451192126657,False
final_input_token_layerwise,undisclosed,k3,displayed_driver_outcome_slope,19,3.0,0.003880324604485591,False
final_input_token_layerwise,undisclosed,k3,displayed_driver_outcome_slope,20,3.0,0.0029159391208381236,False
final_input_token_layerwise,undisclosed,k3,displayed_driver_outcome_slope,21,3.0,0.0019159058118612682,False
final_input_token_layerwise,undisclosed,k3,displayed_driver_outcome_slope,22,3.0,0.0015650427204834672,False
final_input_token_layerwise,undisclosed,k3,displayed_driver_outcome_slope,23,3.0,0.00017830014314401677,False
final_input_token_layerwise,undisclosed,k3,displayed_driver_outcome_slope,24,100.0,-3.857869686932358e-05,False
final_input_token_layerwise,undisclosed,k3,displayed_driver_outcome_slope,25,3.0,0.005669405084147816,False
final_input_token_layerwise,undisclosed,k3,displayed_driver_outcome_slope,26,3.0,0.009827393328790124,True
final_input_token_layerwise,undisclosed,k3,displayed_driver_outcome_slope,27,3.0,0.008161555158568617,False
final_input_token_layerwise,undisclosed,k3,displayed_driver_outcome_slope,28,3.0,0.006256950940797229,False
final_input_token_layerwise,undisclosed,k3,displayed_driver_outcome_slope,29,100.0,0.000292160066804964,False
final_input_token_layerwise,undisclosed,k3,displayed_driver_outcome_slope,30,3.0,0.0012821654671634208,False
final_input_token_layerwise,undisclosed,k3,displayed_driver_outcome_slope,31,3.0,0.0034689358023883288,False
final_input_token_layerwise,undisclosed,k3,displayed_driver_outcome_slope,32,3.0,0.001579842197246606,False
final_input_token_layerwise,undisclosed,k3,oracle_posterior_gain,0,0.0001,2.7755575615628914e-17,False
final_input_token_layerwise,undisclosed,k3,oracle_posterior_gain,1,3.0,0.006520630900253982,False
final_input_token_layerwise,undisclosed,k3,oracle_posterior_gain,2,100.0,-5.52732521308108e-05,False
final_input_token_layerwise,undisclosed,k3,oracle_posterior_gain,3,100.0,-0.0012403212366732808,False
final_input_token_layerwise,undisclosed,k3,oracle_posterior_gain,4,100.0,-0.0008185642359396228,False
final_input_token_layerwise,undisclosed,k3,oracle_posterior_gain,5,100.0,-0.0007993421847898308,False
final_input_token_layerwise,undisclosed,k3,oracle_posterior_gain,6,100.0,-0.000671590163423802,False
final_input_token_layerwise,undisclosed,k3,oracle_posterior_gain,7,100.0,-0.000506124017814108,False
final_input_token_layerwise,undisclosed,k3,oracle_posterior_gain,8,100.0,-0.00022246852639581927,False
final_input_token_layerwise,undisclosed,k3,oracle_posterior_gain,9,0.1,0.05729694867791857,False
final_input_token_layerwise,undisclosed,k3,oracle_posterior_gain,10,0.1,0.04311166509891037,False
final_input_token_layerwise,undisclosed,k3,oracle_posterior_gain,11,0.1,0.03937455695642664,False
final_input_token_layerwise,undisclosed,k3,oracle_posterior_gain,12,3.0,0.01966203833699215,False
final_input_token_layerwise,undisclosed,k3,oracle_posterior_gain,13,3.0,0.020922575134931787,False
final_input_token_layerwise,undisclosed,k3,oracle_posterior_gain,14,3.0,0.04850859769654281,False
final_input_token_layerwise,undisclosed,k3,oracle_posterior_gain,15,0.1,0.17732119915853808,False
final_input_token_layerwise,undisclosed,k3,oracle_posterior_gain,16,3.0,0.18113826661748175,False
final_input_token_layerwise,undisclosed,k3,oracle_posterior_gain,17,0.1,0.1925282156967886,False
final_input_token_layerwise,undisclosed,k3,oracle_posterior_gain,18,0.1,0.22491772524137843,False
final_input_token_layerwise,undisclosed,k3,oracle_posterior_gain,19,0.1,0.19561781392565603,False
final_input_token_layerwise,undisclosed,k3,oracle_posterior_gain,20,0.1,0.20252963414437294,False
final_input_token_layerwise,undisclosed,k3,oracle_posterior_gain,21,0.1,0.21848589589945142,False
final_input_token_layerwise,undisclosed,k3,oracle_posterior_gain,22,0.1,0.19683824543751138,False
final_input_token_layerwise,undisclosed,k3,oracle_posterior_gain,23,0.1,0.2308194076479204,True
final_input_token_layerwise,undisclosed,k3,oracle_posterior_gain,24,0.1,0.18797535630080484,False
final_input_token_layerwise,undisclosed,k3,oracle_posterior_gain,25,0.1,0.2109380585412529,False
final_input_token_layerwise,undisclosed,k3,oracle_posterior_gain,26,0.1,0.21286247110594406,False
final_input_token_layerwise,undisclosed,k3,oracle_posterior_gain,27,0.1,0.18960104260750973,False
final_input_token_layerwise,undisclosed,k3,oracle_posterior_gain,28,0.1,0.13029428768034274,False
final_input_token_layerwise,undisclosed,k3,oracle_posterior_gain,29,0.1,0.1300717741871456,False
final_input_token_layerwise,undisclosed,k3,oracle_posterior_gain,30,3.0,0.12791283529114122,False
final_input_token_layerwise,undisclosed,k3,oracle_posterior_gain,31,3.0,0.13019999609654012,False
final_input_token_layerwise,undisclosed,k3,oracle_posterior_gain,32,0.1,0.16659914263364387,False
final_input_token_layerwise,undisclosed,k6,gain,0,0.0001,0.0,False
final_input_token_layerwise,undisclosed,k6,gain,1,3.0,0.0016562060861958217,False
final_input_token_layerwise,undisclosed,k6,gain,2,3.0,0.004111505225872419,False
final_input_token_layerwise,undisclosed,k6,gain,3,3.0,0.006103095278110898,False
final_input_token_layerwise,undisclosed,k6,gain,4,100.0,-0.00013083491787349577,False
final_input_token_layerwise,undisclosed,k6,gain,5,3.0,0.005427702593263667,False
final_input_token_layerwise,undisclosed,k6,gain,6,100.0,4.120939199209195e-05,False
final_input_token_layerwise,undisclosed,k6,gain,7,100.0,-0.0004132915644174673,False
final_input_token_layerwise,undisclosed,k6,gain,8,100.0,-0.00039892778296479747,False
final_input_token_layerwise,undisclosed,k6,gain,9,3.0,0.004610689594177458,False
final_input_token_layerwise,undisclosed,k6,gain,10,3.0,0.0022891691923118407,False
final_input_token_layerwise,undisclosed,k6,gain,11,3.0,0.0037374506196133084,False
final_input_token_layerwise,undisclosed,k6,gain,12,3.0,0.008634924631806679,False
final_input_token_layerwise,undisclosed,k6,gain,13,0.1,0.049531871311324166,False
final_input_token_layerwise,undisclosed,k6,gain,14,0.1,0.0931483293469054,False
final_input_token_layerwise,undisclosed,k6,gain,15,0.1,0.14899289053820347,False
final_input_token_layerwise,undisclosed,k6,gain,16,0.1,0.16168027620357833,False
final_input_token_layerwise,undisclosed,k6,gain,17,0.1,0.1223362305142073,False
final_input_token_layerwise,undisclosed,k6,gain,18,0.1,0.12137040790583589,False
final_input_token_layerwise,undisclosed,k6,gain,19,0.1,0.11247103704442438,False
final_input_token_layerwise,undisclosed,k6,gain,20,0.1,0.11472234302455142,False
final_input_token_layerwise,undisclosed,k6,gain,21,0.1,0.09131684545938892,False
final_input_token_layerwise,undisclosed,k6,gain,22,0.1,0.0695400606666054,False
final_input_token_layerwise,undisclosed,k6,gain,23,0.1,0.06793244383006741,False
final_input_token_layerwise,undisclosed,k6,gain,24,0.1,0.06752373230310105,False
final_input_token_layerwise,undisclosed,k6,gain,25,0.1,0.09187496967207831,False
final_input_token_layerwise,undisclosed,k6,gain,26,0.1,0.12284047499113065,False
final_input_token_layerwise,undisclosed,k6,gain,27,0.1,0.1215907901096433,False
final_input_token_layerwise,undisclosed,k6,gain,28,0.1,0.138647549858309,False
final_input_token_layerwise,undisclosed,k6,gain,29,0.1,0.16503504673735747,False
final_input_token_layerwise,undisclosed,k6,gain,30,0.1,0.19158210044563168,True
final_input_token_layerwise,undisclosed,k6,gain,31,0.1,0.17869356790637164,False
final_input_token_layerwise,undisclosed,k6,gain,32,0.1,0.17520227857484064,False
final_input_token_layerwise,undisclosed,k6,response_residual,0,0.0001,-2.7755575615628914e-17,False
final_input_token_layerwise,undisclosed,k6,response_residual,1,3.0,0.0021573970289462396,False
final_input_token_layerwise,undisclosed,k6,response_residual,2,3.0,0.005486888516100852,False
final_input_token_layerwise,undisclosed,k6,response_residual,3,100.0,0.00041835953006905124,False
final_input_token_layerwise,undisclosed,k6,response_residual,4,100.0,-0.00014906309506121374,False
final_input_token_layerwise,undisclosed,k6,response_residual,5,100.0,0.00015935512357731496,False
final_input_token_layerwise,undisclosed,k6,response_residual,6,100.0,6.488830202622253e-05,False
final_input_token_layerwise,undisclosed,k6,response_residual,7,100.0,-0.00019245957434643746,False
final_input_token_layerwise,undisclosed,k6,response_residual,8,100.0,-0.0005230919302444403,False
final_input_token_layerwise,undisclosed,k6,response_residual,9,100.0,-0.00010969320002077176,False
final_input_token_layerwise,undisclosed,k6,response_residual,10,100.0,-0.0001619927294363166,False
final_input_token_layerwise,undisclosed,k6,response_residual,11,100.0,5.146998441135642e-05,False
final_input_token_layerwise,undisclosed,k6,response_residual,12,3.0,0.0007711597467870701,False
final_input_token_layerwise,undisclosed,k6,response_residual,13,3.0,0.008323262885775062,False
final_input_token_layerwise,undisclosed,k6,response_residual,14,3.0,0.02159473021742897,False
final_input_token_layerwise,undisclosed,k6,response_residual,15,3.0,0.036133907116023906,True
final_input_token_layerwise,undisclosed,k6,response_residual,16,3.0,0.0276958807688841,False
final_input_token_layerwise,undisclosed,k6,response_residual,17,3.0,0.012526442307688956,False
final_input_token_layerwise,undisclosed,k6,response_residual,18,3.0,0.010720227810802535,False
final_input_token_layerwise,undisclosed,k6,response_residual,19,3.0,0.004751340861007369,False
final_input_token_layerwise,undisclosed,k6,response_residual,20,3.0,0.0025446608647785585,False
final_input_token_layerwise,undisclosed,k6,response_residual,21,3.0,0.0003722763855633915,False
final_input_token_layerwise,undisclosed,k6,response_residual,22,100.0,0.00012040298589585663,False
final_input_token_layerwise,undisclosed,k6,response_residual,23,100.0,-3.10235421661087e-05,False
final_input_token_layerwise,undisclosed,k6,response_residual,24,100.0,-4.1346298985112107e-05,False
final_input_token_layerwise,undisclosed,k6,response_residual,25,100.0,-0.0002591450749867552,False
final_input_token_layerwise,undisclosed,k6,response_residual,26,100.0,-0.00013240999753319493,False
final_input_token_layerwise,undisclosed,k6,response_residual,27,100.0,-0.00011435960126504607,False
final_input_token_layerwise,undisclosed,k6,response_residual,28,100.0,-0.00011398011308813571,False
final_input_token_layerwise,undisclosed,k6,response_residual,29,3.0,0.0025354454950236305,False
final_input_token_layerwise,undisclosed,k6,response_residual,30,3.0,0.012956122102503631,False
final_input_token_layerwise,undisclosed,k6,response_residual,31,3.0,0.016619427957755284,False
final_input_token_layerwise,undisclosed,k6,response_residual,32,3.0,0.026121367591023154,False
final_input_token_layerwise,undisclosed,k6,last_target_observation,0,0.0001,-2.7755575615628914e-17,False
final_input_token_layerwise,undisclosed,k6,last_target_observation,1,3.0,0.033738047412624206,False
final_input_token_layerwise,undisclosed,k6,last_target_observation,2,3.0,0.021561843286883653,False
final_input_token_layerwise,undisclosed,k6,last_target_observation,3,0.1,0.04965295974653838,False
final_input_token_layerwise,undisclosed,k6,last_target_observation,4,0.1,0.06597143407746758,False
final_input_token_layerwise,undisclosed,k6,last_target_observation,5,0.1,0.05228078774077358,False
final_input_token_layerwise,undisclosed,k6,last_target_observation,6,3.0,0.0326627360935349,False
final_input_token_layerwise,undisclosed,k6,last_target_observation,7,3.0,0.017729343262402747,False
final_input_token_layerwise,undisclosed,k6,last_target_observation,8,100.0,0.0002640428040830145,False
final_input_token_layerwise,undisclosed,k6,last_target_observation,9,0.1,0.09873238574367332,False
final_input_token_layerwise,undisclosed,k6,last_target_observation,10,0.1,0.03130229511755042,False
final_input_token_layerwise,undisclosed,k6,last_target_observation,11,0.1,0.11788154294801795,False
final_input_token_layerwise,undisclosed,k6,last_target_observation,12,0.1,0.10433472668560706,False
final_input_token_layerwise,undisclosed,k6,last_target_observation,13,3.0,0.00803672886722473,False
final_input_token_layerwise,undisclosed,k6,last_target_observation,14,0.1,0.14267645523561343,False
final_input_token_layerwise,undisclosed,k6,last_target_observation,15,0.1,0.17855600100340188,True
final_input_token_layerwise,undisclosed,k6,last_target_observation,16,0.1,0.08952416505308686,False
final_input_token_layerwise,undisclosed,k6,last_target_observation,17,3.0,0.05977613875296628,False
final_input_token_layerwise,undisclosed,k6,last_target_observation,18,3.0,0.044431780779343066,False
final_input_token_layerwise,undisclosed,k6,last_target_observation,19,3.0,0.03418220608763939,False
final_input_token_layerwise,undisclosed,k6,last_target_observation,20,3.0,0.03344102143468536,False
final_input_token_layerwise,undisclosed,k6,last_target_observation,21,3.0,0.036310539745470743,False
final_input_token_layerwise,undisclosed,k6,last_target_observation,22,0.1,0.06339656093884405,False
final_input_token_layerwise,undisclosed,k6,last_target_observation,23,0.1,0.05316509851253329,False
final_input_token_layerwise,undisclosed,k6,last_target_observation,24,3.0,0.03710607503878824,False
final_input_token_layerwise,undisclosed,k6,last_target_observation,25,3.0,0.03210553616209447,False
final_input_token_layerwise,undisclosed,k6,last_target_observation,26,3.0,0.04149432908588793,False
final_input_token_layerwise,undisclosed,k6,last_target_observation,27,3.0,0.03516974379031196,False
final_input_token_layerwise,undisclosed,k6,last_target_observation,28,3.0,0.03649001733263407,False
final_input_token_layerwise,undisclosed,k6,last_target_observation,29,3.0,0.03933841709827679,False
final_input_token_layerwise,undisclosed,k6,last_target_observation,30,3.0,0.03171581179059943,False
final_input_token_layerwise,undisclosed,k6,last_target_observation,31,3.0,0.04410014804095627,False
final_input_token_layerwise,undisclosed,k6,last_target_observation,32,3.0,0.039662041630434935,False
final_input_token_layerwise,undisclosed,k6,target_observation_mean,0,0.0001,2.7755575615628914e-17,False
final_input_token_layerwise,undisclosed,k6,target_observation_mean,1,3.0,0.029862757751509733,False
final_input_token_layerwise,undisclosed,k6,target_observation_mean,2,3.0,0.021344469142790923,False
final_input_token_layerwise,undisclosed,k6,target_observation_mean,3,3.0,0.011400844242866442,False
final_input_token_layerwise,undisclosed,k6,target_observation_mean,4,3.0,0.012304756003929662,False
final_input_token_layerwise,undisclosed,k6,target_observation_mean,5,3.0,0.021099088345511025,False
final_input_token_layerwise,undisclosed,k6,target_observation_mean,6,3.0,0.016444642746376026,False
final_input_token_layerwise,undisclosed,k6,target_observation_mean,7,3.0,0.011830508023534997,False
final_input_token_layerwise,undisclosed,k6,target_observation_mean,8,3.0,0.02990081839674283,False
final_input_token_layerwise,undisclosed,k6,target_observation_mean,9,3.0,0.06393917837418467,False
final_input_token_layerwise,undisclosed,k6,target_observation_mean,10,0.1,0.08045282844387172,False
final_input_token_layerwise,undisclosed,k6,target_observation_mean,11,0.1,0.20789070236064416,False
final_input_token_layerwise,undisclosed,k6,target_observation_mean,12,0.1,0.1560829375566074,False
final_input_token_layerwise,undisclosed,k6,target_observation_mean,13,0.1,0.12427979018097646,False
final_input_token_layerwise,undisclosed,k6,target_observation_mean,14,0.1,0.2318757691926155,False
final_input_token_layerwise,undisclosed,k6,target_observation_mean,15,0.1,0.25277350794767006,False
final_input_token_layerwise,undisclosed,k6,target_observation_mean,16,0.1,0.2872659871038101,False
final_input_token_layerwise,undisclosed,k6,target_observation_mean,17,0.1,0.29566099445841487,False
final_input_token_layerwise,undisclosed,k6,target_observation_mean,18,3.0,0.21645235927301595,False
final_input_token_layerwise,undisclosed,k6,target_observation_mean,19,0.1,0.2503287688122801,False
final_input_token_layerwise,undisclosed,k6,target_observation_mean,20,0.1,0.2559848057696378,False
final_input_token_layerwise,undisclosed,k6,target_observation_mean,21,0.1,0.21652542863750696,False
final_input_token_layerwise,undisclosed,k6,target_observation_mean,22,0.1,0.22478354667730052,False
final_input_token_layerwise,undisclosed,k6,target_observation_mean,23,0.1,0.19942583427386396,False
final_input_token_layerwise,undisclosed,k6,target_observation_mean,24,0.1,0.21901039623218252,False
final_input_token_layerwise,undisclosed,k6,target_observation_mean,25,0.1,0.2550774191195071,False
final_input_token_layerwise,undisclosed,k6,target_observation_mean,26,0.1,0.22390601271536847,False
final_input_token_layerwise,undisclosed,k6,target_observation_mean,27,0.1,0.24941105533757824,False
final_input_token_layerwise,undisclosed,k6,target_observation_mean,28,0.1,0.28334925255240484,False
final_input_token_layerwise,undisclosed,k6,target_observation_mean,29,0.1,0.2892823815060461,False
final_input_token_layerwise,undisclosed,k6,target_observation_mean,30,0.1,0.32162587119375463,False
final_input_token_layerwise,undisclosed,k6,target_observation_mean,31,0.1,0.36764523234215785,False
final_input_token_layerwise,undisclosed,k6,target_observation_mean,32,0.1,0.4178186435369822,True
final_input_token_layerwise,undisclosed,k6,target_time_slope,0,0.0001,0.0,False
final_input_token_layerwise,undisclosed,k6,target_time_slope,1,3.0,0.026235116289284932,False
final_input_token_layerwise,undisclosed,k6,target_time_slope,2,3.0,0.015280446340711157,False
final_input_token_layerwise,undisclosed,k6,target_time_slope,3,3.0,0.010952338542624895,False
final_input_token_layerwise,undisclosed,k6,target_time_slope,4,3.0,0.005746641658563423,False
final_input_token_layerwise,undisclosed,k6,target_time_slope,5,3.0,0.011583640906907028,False
final_input_token_layerwise,undisclosed,k6,target_time_slope,6,3.0,0.01278456705381073,False
final_input_token_layerwise,undisclosed,k6,target_time_slope,7,100.0,0.0005909719954104997,False
final_input_token_layerwise,undisclosed,k6,target_time_slope,8,100.0,-2.014867932126352e-05,False
final_input_token_layerwise,undisclosed,k6,target_time_slope,9,3.0,0.021039033077664387,False
final_input_token_layerwise,undisclosed,k6,target_time_slope,10,3.0,0.013921078142580784,False
final_input_token_layerwise,undisclosed,k6,target_time_slope,11,3.0,0.019139860758326577,False
final_input_token_layerwise,undisclosed,k6,target_time_slope,12,3.0,0.012739700427629896,False
final_input_token_layerwise,undisclosed,k6,target_time_slope,13,3.0,0.00918393779686616,False
final_input_token_layerwise,undisclosed,k6,target_time_slope,14,3.0,0.05285332056779116,False
final_input_token_layerwise,undisclosed,k6,target_time_slope,15,3.0,0.10852382191078175,False
final_input_token_layerwise,undisclosed,k6,target_time_slope,16,3.0,0.09695669067572799,False
final_input_token_layerwise,undisclosed,k6,target_time_slope,17,3.0,0.08730888957401808,False
final_input_token_layerwise,undisclosed,k6,target_time_slope,18,3.0,0.04700928030879575,False
final_input_token_layerwise,undisclosed,k6,target_time_slope,19,0.1,0.06915415072551154,False
final_input_token_layerwise,undisclosed,k6,target_time_slope,20,0.1,0.07275153619166655,False
final_input_token_layerwise,undisclosed,k6,target_time_slope,21,0.1,0.06477376549699854,False
final_input_token_layerwise,undisclosed,k6,target_time_slope,22,3.0,0.05417965860996529,False
final_input_token_layerwise,undisclosed,k6,target_time_slope,23,3.0,0.053249009191608465,False
final_input_token_layerwise,undisclosed,k6,target_time_slope,24,3.0,0.061267747817841,False
final_input_token_layerwise,undisclosed,k6,target_time_slope,25,3.0,0.057152091878928835,False
final_input_token_layerwise,undisclosed,k6,target_time_slope,26,3.0,0.0643403317346753,False
final_input_token_layerwise,undisclosed,k6,target_time_slope,27,3.0,0.06105958984538892,False
final_input_token_layerwise,undisclosed,k6,target_time_slope,28,0.1,0.07355398888492473,False
final_input_token_layerwise,undisclosed,k6,target_time_slope,29,0.1,0.07609267385936347,False
final_input_token_layerwise,undisclosed,k6,target_time_slope,30,0.1,0.07050703939247824,False
final_input_token_layerwise,undisclosed,k6,target_time_slope,31,0.1,0.11237803598670437,False
final_input_token_layerwise,undisclosed,k6,target_time_slope,32,0.1,0.13941652793621004,True
final_input_token_layerwise,undisclosed,k6,displayed_driver_outcome_slope,0,0.0001,-5.551115123125783e-17,False
final_input_token_layerwise,undisclosed,k6,displayed_driver_outcome_slope,1,100.0,-0.00024019200927377637,False
final_input_token_layerwise,undisclosed,k6,displayed_driver_outcome_slope,2,100.0,-0.0004185506642486181,False
final_input_token_layerwise,undisclosed,k6,displayed_driver_outcome_slope,3,100.0,0.0004976414511610183,False
final_input_token_layerwise,undisclosed,k6,displayed_driver_outcome_slope,4,3.0,0.0019100137049037902,False
final_input_token_layerwise,undisclosed,k6,displayed_driver_outcome_slope,5,3.0,0.001861467846467374,False
final_input_token_layerwise,undisclosed,k6,displayed_driver_outcome_slope,6,100.0,0.0003657360935917786,False
final_input_token_layerwise,undisclosed,k6,displayed_driver_outcome_slope,7,100.0,0.00015126369561677122,False
final_input_token_layerwise,undisclosed,k6,displayed_driver_outcome_slope,8,100.0,0.0006403138433162814,False
final_input_token_layerwise,undisclosed,k6,displayed_driver_outcome_slope,9,100.0,-0.00028941267192542086,False
final_input_token_layerwise,undisclosed,k6,displayed_driver_outcome_slope,10,100.0,-0.00014070872980065374,False
final_input_token_layerwise,undisclosed,k6,displayed_driver_outcome_slope,11,3.0,0.0023918503370827238,False
final_input_token_layerwise,undisclosed,k6,displayed_driver_outcome_slope,12,3.0,0.0016147518106847392,False
final_input_token_layerwise,undisclosed,k6,displayed_driver_outcome_slope,13,3.0,0.0165435344649692,False
final_input_token_layerwise,undisclosed,k6,displayed_driver_outcome_slope,14,3.0,0.02138675047790911,True
final_input_token_layerwise,undisclosed,k6,displayed_driver_outcome_slope,15,3.0,0.014011652851282114,False
final_input_token_layerwise,undisclosed,k6,displayed_driver_outcome_slope,16,3.0,0.005323111924375429,False
final_input_token_layerwise,undisclosed,k6,displayed_driver_outcome_slope,17,100.0,-0.0018829941379841786,False
final_input_token_layerwise,undisclosed,k6,displayed_driver_outcome_slope,18,100.0,-0.0031154196413903934,False
final_input_token_layerwise,undisclosed,k6,displayed_driver_outcome_slope,19,100.0,-0.0036029723218545806,False
final_input_token_layerwise,undisclosed,k6,displayed_driver_outcome_slope,20,100.0,-0.0037777497201975374,False
final_input_token_layerwise,undisclosed,k6,displayed_driver_outcome_slope,21,100.0,-0.0036760557896042545,False
final_input_token_layerwise,undisclosed,k6,displayed_driver_outcome_slope,22,100.0,-0.0034878568555120892,False
final_input_token_layerwise,undisclosed,k6,displayed_driver_outcome_slope,23,100.0,-0.0034674235318122026,False
final_input_token_layerwise,undisclosed,k6,displayed_driver_outcome_slope,24,100.0,-0.003806152741512192,False
final_input_token_layerwise,undisclosed,k6,displayed_driver_outcome_slope,25,100.0,-0.003911515096581636,False
final_input_token_layerwise,undisclosed,k6,displayed_driver_outcome_slope,26,100.0,-0.003890505573371311,False
final_input_token_layerwise,undisclosed,k6,displayed_driver_outcome_slope,27,100.0,-0.003586269873330772,False
final_input_token_layerwise,undisclosed,k6,displayed_driver_outcome_slope,28,100.0,-0.003225074487987478,False
final_input_token_layerwise,undisclosed,k6,displayed_driver_outcome_slope,29,100.0,-0.0026649745826267113,False
final_input_token_layerwise,undisclosed,k6,displayed_driver_outcome_slope,30,100.0,-0.002852012491043554,False
final_input_token_layerwise,undisclosed,k6,displayed_driver_outcome_slope,31,100.0,-0.002662735871889199,False
final_input_token_layerwise,undisclosed,k6,displayed_driver_outcome_slope,32,100.0,-0.0024348241388715275,False
final_input_token_layerwise,undisclosed,k6,oracle_posterior_gain,0,0.0001,-5.551115123125783e-17,False
final_input_token_layerwise,undisclosed,k6,oracle_posterior_gain,1,3.0,0.0035309672540382586,False
final_input_token_layerwise,undisclosed,k6,oracle_posterior_gain,2,3.0,0.004568520374342966,False
final_input_token_layerwise,undisclosed,k6,oracle_posterior_gain,3,100.0,-0.0003030555560019077,False
final_input_token_layerwise,undisclosed,k6,oracle_posterior_gain,4,100.0,-0.00047816985442533655,False
final_input_token_layerwise,undisclosed,k6,oracle_posterior_gain,5,100.0,3.40782325667921e-05,False
final_input_token_layerwise,undisclosed,k6,oracle_posterior_gain,6,100.0,-0.0003199113392163555,False
final_input_token_layerwise,undisclosed,k6,oracle_posterior_gain,7,100.0,-0.00032195266577492165,False
final_input_token_layerwise,undisclosed,k6,oracle_posterior_gain,8,100.0,-0.00032219929631674415,False
final_input_token_layerwise,undisclosed,k6,oracle_posterior_gain,9,3.0,0.03877112993255291,False
final_input_token_layerwise,undisclosed,k6,oracle_posterior_gain,10,3.0,0.029615797217548007,False
final_input_token_layerwise,undisclosed,k6,oracle_posterior_gain,11,0.1,0.029579145883841168,False
final_input_token_layerwise,undisclosed,k6,oracle_posterior_gain,12,3.0,0.01885734008026771,False
final_input_token_layerwise,undisclosed,k6,oracle_posterior_gain,13,3.0,0.02789834412371417,False
final_input_token_layerwise,undisclosed,k6,oracle_posterior_gain,14,0.1,0.11406159807683977,False
final_input_token_layerwise,undisclosed,k6,oracle_posterior_gain,15,0.1,0.14969871646397268,False
final_input_token_layerwise,undisclosed,k6,oracle_posterior_gain,16,0.1,0.18076999884133013,False
final_input_token_layerwise,undisclosed,k6,oracle_posterior_gain,17,0.1,0.19184314935420202,False
final_input_token_layerwise,undisclosed,k6,oracle_posterior_gain,18,0.1,0.15073266304846916,False
final_input_token_layerwise,undisclosed,k6,oracle_posterior_gain,19,0.1,0.15385083288560175,False
final_input_token_layerwise,undisclosed,k6,oracle_posterior_gain,20,0.1,0.13376535098958567,False
final_input_token_layerwise,undisclosed,k6,oracle_posterior_gain,21,0.1,0.12836954268057396,False
final_input_token_layerwise,undisclosed,k6,oracle_posterior_gain,22,0.1,0.15584933065897158,False
final_input_token_layerwise,undisclosed,k6,oracle_posterior_gain,23,0.1,0.18198105329976763,False
final_input_token_layerwise,undisclosed,k6,oracle_posterior_gain,24,0.1,0.15245372559168535,False
final_input_token_layerwise,undisclosed,k6,oracle_posterior_gain,25,0.1,0.17648861952255052,False
final_input_token_layerwise,undisclosed,k6,oracle_posterior_gain,26,0.1,0.18115033014211016,False
final_input_token_layerwise,undisclosed,k6,oracle_posterior_gain,27,0.1,0.1806014608702761,False
final_input_token_layerwise,undisclosed,k6,oracle_posterior_gain,28,0.1,0.16371640434410875,False
final_input_token_layerwise,undisclosed,k6,oracle_posterior_gain,29,0.1,0.25000427655182494,False
final_input_token_layerwise,undisclosed,k6,oracle_posterior_gain,30,0.1,0.23650151439389772,False
final_input_token_layerwise,undisclosed,k6,oracle_posterior_gain,31,0.1,0.27237797687320664,False
final_input_token_layerwise,undisclosed,k6,oracle_posterior_gain,32,0.1,0.27659368625970293,True
final_input_token_layerwise,undisclosed,k9,gain,0,0.0001,0.0,False
final_input_token_layerwise,undisclosed,k9,gain,1,100.0,-2.407681851074317e-05,False
final_input_token_layerwise,undisclosed,k9,gain,2,100.0,-0.00010364054036654524,False
final_input_token_layerwise,undisclosed,k9,gain,3,100.0,-0.0004552393081340145,False
final_input_token_layerwise,undisclosed,k9,gain,4,100.0,-0.00027917919570250027,False
final_input_token_layerwise,undisclosed,k9,gain,5,100.0,-0.00019117607353194566,False
final_input_token_layerwise,undisclosed,k9,gain,6,3.0,0.0044603089003517615,False
final_input_token_layerwise,undisclosed,k9,gain,7,0.1,0.015178551929627748,False
final_input_token_layerwise,undisclosed,k9,gain,8,100.0,-0.00011538931846033496,False
final_input_token_layerwise,undisclosed,k9,gain,9,0.1,0.02470254215909201,False
final_input_token_layerwise,undisclosed,k9,gain,10,3.0,0.026928129970284653,False
final_input_token_layerwise,undisclosed,k9,gain,11,3.0,0.025493164014129016,False
final_input_token_layerwise,undisclosed,k9,gain,12,0.1,0.06890891325841539,False
final_input_token_layerwise,undisclosed,k9,gain,13,0.1,0.0459892471946744,False
final_input_token_layerwise,undisclosed,k9,gain,14,0.1,0.12784528801001852,False
final_input_token_layerwise,undisclosed,k9,gain,15,0.1,0.20539959055351087,False
final_input_token_layerwise,undisclosed,k9,gain,16,0.1,0.18157866617272653,False
final_input_token_layerwise,undisclosed,k9,gain,17,0.1,0.13002059917811998,False
final_input_token_layerwise,undisclosed,k9,gain,18,0.1,0.14455412568063036,False
final_input_token_layerwise,undisclosed,k9,gain,19,0.1,0.16175643471241424,False
final_input_token_layerwise,undisclosed,k9,gain,20,0.1,0.16170607240517118,False
final_input_token_layerwise,undisclosed,k9,gain,21,0.1,0.17962040217181113,False
final_input_token_layerwise,undisclosed,k9,gain,22,0.1,0.15769496051253362,False
final_input_token_layerwise,undisclosed,k9,gain,23,0.1,0.12411953138732867,False
final_input_token_layerwise,undisclosed,k9,gain,24,0.1,0.12459440912230521,False
final_input_token_layerwise,undisclosed,k9,gain,25,0.1,0.14845285762637936,False
final_input_token_layerwise,undisclosed,k9,gain,26,0.1,0.1638503979334356,False
final_input_token_layerwise,undisclosed,k9,gain,27,0.1,0.16632367604628046,False
final_input_token_layerwise,undisclosed,k9,gain,28,0.1,0.20208289071082167,False
final_input_token_layerwise,undisclosed,k9,gain,29,0.1,0.2508225842103923,False
final_input_token_layerwise,undisclosed,k9,gain,30,0.1,0.2321484814112954,False
final_input_token_layerwise,undisclosed,k9,gain,31,0.1,0.24273408199521937,False
final_input_token_layerwise,undisclosed,k9,gain,32,0.1,0.26418332794674576,True
final_input_token_layerwise,undisclosed,k9,response_residual,0,0.0001,-2.7755575615628914e-17,False
final_input_token_layerwise,undisclosed,k9,response_residual,1,100.0,2.9906997489531628e-05,False
final_input_token_layerwise,undisclosed,k9,response_residual,2,100.0,4.890146438482623e-05,False
final_input_token_layerwise,undisclosed,k9,response_residual,3,100.0,-0.0004691615777429048,False
final_input_token_layerwise,undisclosed,k9,response_residual,4,100.0,-0.00044181716061331144,False
final_input_token_layerwise,undisclosed,k9,response_residual,5,100.0,-0.000414798083075818,False
final_input_token_layerwise,undisclosed,k9,response_residual,6,100.0,8.951006584254073e-05,False
final_input_token_layerwise,undisclosed,k9,response_residual,7,3.0,0.0006095595497190298,False
final_input_token_layerwise,undisclosed,k9,response_residual,8,100.0,-0.0005309994554346109,False
final_input_token_layerwise,undisclosed,k9,response_residual,9,3.0,0.0032929533919869303,False
final_input_token_layerwise,undisclosed,k9,response_residual,10,3.0,0.007643641438876164,False
final_input_token_layerwise,undisclosed,k9,response_residual,11,3.0,0.009584281125431082,False
final_input_token_layerwise,undisclosed,k9,response_residual,12,3.0,0.016393806262669314,False
final_input_token_layerwise,undisclosed,k9,response_residual,13,3.0,0.01139708055360561,False
final_input_token_layerwise,undisclosed,k9,response_residual,14,3.0,0.026562384644756992,False
final_input_token_layerwise,undisclosed,k9,response_residual,15,3.0,0.057444697672079215,False
final_input_token_layerwise,undisclosed,k9,response_residual,16,3.0,0.06450927340645793,False
final_input_token_layerwise,undisclosed,k9,response_residual,17,3.0,0.04725054239978527,False
final_input_token_layerwise,undisclosed,k9,response_residual,18,3.0,0.03862680730591697,False
final_input_token_layerwise,undisclosed,k9,response_residual,19,3.0,0.0377577773975076,False
final_input_token_layerwise,undisclosed,k9,response_residual,20,3.0,0.03389564283752339,False
final_input_token_layerwise,undisclosed,k9,response_residual,21,3.0,0.029548477012917435,False
final_input_token_layerwise,undisclosed,k9,response_residual,22,3.0,0.02593500007985272,False
final_input_token_layerwise,undisclosed,k9,response_residual,23,3.0,0.025494150192824278,False
final_input_token_layerwise,undisclosed,k9,response_residual,24,3.0,0.02860870012523517,False
final_input_token_layerwise,undisclosed,k9,response_residual,25,3.0,0.02567847614300464,False
final_input_token_layerwise,undisclosed,k9,response_residual,26,3.0,0.02503852448867741,False
final_input_token_layerwise,undisclosed,k9,response_residual,27,3.0,0.02435742275586872,False
final_input_token_layerwise,undisclosed,k9,response_residual,28,3.0,0.02390679082399605,False
final_input_token_layerwise,undisclosed,k9,response_residual,29,0.1,0.06053562841413965,False
final_input_token_layerwise,undisclosed,k9,response_residual,30,0.1,0.06150574962572267,False
final_input_token_layerwise,undisclosed,k9,response_residual,31,0.1,0.07311140594771681,False
final_input_token_layerwise,undisclosed,k9,response_residual,32,0.1,0.07949266708505645,True
final_input_token_layerwise,undisclosed,k9,last_target_observation,0,0.0001,1.3877787807814457e-16,False
final_input_token_layerwise,undisclosed,k9,last_target_observation,1,3.0,0.010943167322781167,False
final_input_token_layerwise,undisclosed,k9,last_target_observation,2,100.0,-0.0002852642374970016,False
final_input_token_layerwise,undisclosed,k9,last_target_observation,3,3.0,0.03871340635473669,False
final_input_token_layerwise,undisclosed,k9,last_target_observation,4,3.0,0.04157160213694028,False
final_input_token_layerwise,undisclosed,k9,last_target_observation,5,3.0,0.039984701478521956,False
final_input_token_layerwise,undisclosed,k9,last_target_observation,6,3.0,0.03382387811664703,False
final_input_token_layerwise,undisclosed,k9,last_target_observation,7,3.0,0.03686449808677392,False
final_input_token_layerwise,undisclosed,k9,last_target_observation,8,3.0,0.028590947068495853,False
final_input_token_layerwise,undisclosed,k9,last_target_observation,9,3.0,0.029833082233840874,False
final_input_token_layerwise,undisclosed,k9,last_target_observation,10,3.0,0.041833368319157765,False
final_input_token_layerwise,undisclosed,k9,last_target_observation,11,3.0,0.04662445937770596,False
final_input_token_layerwise,undisclosed,k9,last_target_observation,12,0.1,0.08012817005521292,False
final_input_token_layerwise,undisclosed,k9,last_target_observation,13,0.1,0.048429096830626656,False
final_input_token_layerwise,undisclosed,k9,last_target_observation,14,0.1,0.1314046337404748,True
final_input_token_layerwise,undisclosed,k9,last_target_observation,15,0.1,0.06778970799086617,False
final_input_token_layerwise,undisclosed,k9,last_target_observation,16,0.1,0.0887075418215289,False
final_input_token_layerwise,undisclosed,k9,last_target_observation,17,0.1,0.07103886124900008,False
final_input_token_layerwise,undisclosed,k9,last_target_observation,18,3.0,0.03931321854283601,False
final_input_token_layerwise,undisclosed,k9,last_target_observation,19,3.0,0.027263904593938737,False
final_input_token_layerwise,undisclosed,k9,last_target_observation,20,3.0,0.024271528615734367,False
final_input_token_layerwise,undisclosed,k9,last_target_observation,21,3.0,0.025628435158977947,False
final_input_token_layerwise,undisclosed,k9,last_target_observation,22,3.0,0.025506630155737398,False
final_input_token_layerwise,undisclosed,k9,last_target_observation,23,3.0,0.027380138977843138,False
final_input_token_layerwise,undisclosed,k9,last_target_observation,24,3.0,0.025066039191017853,False
final_input_token_layerwise,undisclosed,k9,last_target_observation,25,3.0,0.02046207869050959,False
final_input_token_layerwise,undisclosed,k9,last_target_observation,26,3.0,0.022126982204274448,False
final_input_token_layerwise,undisclosed,k9,last_target_observation,27,3.0,0.014440103788185193,False
final_input_token_layerwise,undisclosed,k9,last_target_observation,28,3.0,0.018796990552328585,False
final_input_token_layerwise,undisclosed,k9,last_target_observation,29,3.0,0.030681460760760365,False
final_input_token_layerwise,undisclosed,k9,last_target_observation,30,3.0,0.031327656676867294,False
final_input_token_layerwise,undisclosed,k9,last_target_observation,31,3.0,0.03075232823402485,False
final_input_token_layerwise,undisclosed,k9,last_target_observation,32,0.1,0.05465199477590957,False
final_input_token_layerwise,undisclosed,k9,target_observation_mean,0,0.0001,3.885780586188048e-16,False
final_input_token_layerwise,undisclosed,k9,target_observation_mean,1,3.0,0.016525926822796133,False
final_input_token_layerwise,undisclosed,k9,target_observation_mean,2,3.0,0.026691833799879494,False
final_input_token_layerwise,undisclosed,k9,target_observation_mean,3,3.0,0.009015515915099831,False
final_input_token_layerwise,undisclosed,k9,target_observation_mean,4,3.0,0.01884413742683394,False
final_input_token_layerwise,undisclosed,k9,target_observation_mean,5,3.0,0.013834784509595577,False
final_input_token_layerwise,undisclosed,k9,target_observation_mean,6,3.0,0.02038747016911946,False
final_input_token_layerwise,undisclosed,k9,target_observation_mean,7,0.1,0.0905681387070989,False
final_input_token_layerwise,undisclosed,k9,target_observation_mean,8,3.0,0.0227300120025154,False
final_input_token_layerwise,undisclosed,k9,target_observation_mean,9,3.0,0.03017076855975037,False
final_input_token_layerwise,undisclosed,k9,target_observation_mean,10,0.1,0.025618902420983025,False
final_input_token_layerwise,undisclosed,k9,target_observation_mean,11,3.0,0.015848513708453804,False
final_input_token_layerwise,undisclosed,k9,target_observation_mean,12,3.0,0.008339787375838736,False
final_input_token_layerwise,undisclosed,k9,target_observation_mean,13,100.0,0.0001397229119361465,False
final_input_token_layerwise,undisclosed,k9,target_observation_mean,14,3.0,0.01480826014418321,False
final_input_token_layerwise,undisclosed,k9,target_observation_mean,15,0.1,0.1390041657119558,False
final_input_token_layerwise,undisclosed,k9,target_observation_mean,16,0.1,0.14704979394023174,False
final_input_token_layerwise,undisclosed,k9,target_observation_mean,17,3.0,0.08614288043805327,False
final_input_token_layerwise,undisclosed,k9,target_observation_mean,18,0.1,0.15028730568019244,False
final_input_token_layerwise,undisclosed,k9,target_observation_mean,19,0.1,0.1974704500581279,False
final_input_token_layerwise,undisclosed,k9,target_observation_mean,20,0.1,0.2326898753320263,False
final_input_token_layerwise,undisclosed,k9,target_observation_mean,21,0.1,0.19322526580726418,False
final_input_token_layerwise,undisclosed,k9,target_observation_mean,22,0.1,0.20788621910857077,False
final_input_token_layerwise,undisclosed,k9,target_observation_mean,23,0.1,0.16819213429569926,False
final_input_token_layerwise,undisclosed,k9,target_observation_mean,24,0.1,0.15268514896205299,False
final_input_token_layerwise,undisclosed,k9,target_observation_mean,25,0.1,0.16862949123972423,False
final_input_token_layerwise,undisclosed,k9,target_observation_mean,26,0.1,0.168545642161148,False
final_input_token_layerwise,undisclosed,k9,target_observation_mean,27,0.1,0.17921385199971768,False
final_input_token_layerwise,undisclosed,k9,target_observation_mean,28,0.1,0.14123062121208702,False
final_input_token_layerwise,undisclosed,k9,target_observation_mean,29,0.1,0.24842909224021337,False
final_input_token_layerwise,undisclosed,k9,target_observation_mean,30,0.1,0.24452849719900627,False
final_input_token_layerwise,undisclosed,k9,target_observation_mean,31,0.1,0.2695714034089685,False
final_input_token_layerwise,undisclosed,k9,target_observation_mean,32,0.1,0.3438995786242308,True
final_input_token_layerwise,undisclosed,k9,target_time_slope,0,0.0001,0.0,False
final_input_token_layerwise,undisclosed,k9,target_time_slope,1,100.0,0.00013026444400487946,False
final_input_token_layerwise,undisclosed,k9,target_time_slope,2,100.0,-0.00028597001496713514,False
final_input_token_layerwise,undisclosed,k9,target_time_slope,3,3.0,0.01483709830078081,False
final_input_token_layerwise,undisclosed,k9,target_time_slope,4,3.0,0.02071885594102421,False
final_input_token_layerwise,undisclosed,k9,target_time_slope,5,3.0,0.02331528582976447,False
final_input_token_layerwise,undisclosed,k9,target_time_slope,6,3.0,0.018396687401443623,False
final_input_token_layerwise,undisclosed,k9,target_time_slope,7,3.0,0.018617252239244125,False
final_input_token_layerwise,undisclosed,k9,target_time_slope,8,3.0,0.023383272214533984,False
final_input_token_layerwise,undisclosed,k9,target_time_slope,9,3.0,0.00921727417788687,False
final_input_token_layerwise,undisclosed,k9,target_time_slope,10,3.0,0.02908657032509121,False
final_input_token_layerwise,undisclosed,k9,target_time_slope,11,3.0,0.042765116305062495,False
final_input_token_layerwise,undisclosed,k9,target_time_slope,12,3.0,0.06374051208174394,False
final_input_token_layerwise,undisclosed,k9,target_time_slope,13,3.0,0.08433041767699678,False
final_input_token_layerwise,undisclosed,k9,target_time_slope,14,0.1,0.17531577371688115,False
final_input_token_layerwise,undisclosed,k9,target_time_slope,15,0.1,0.1702307039145365,False
final_input_token_layerwise,undisclosed,k9,target_time_slope,16,3.0,0.166117017901321,False
final_input_token_layerwise,undisclosed,k9,target_time_slope,17,0.1,0.18046148215688773,True
final_input_token_layerwise,undisclosed,k9,target_time_slope,18,0.1,0.12863151144274354,False
final_input_token_layerwise,undisclosed,k9,target_time_slope,19,3.0,0.08389541232095249,False
final_input_token_layerwise,undisclosed,k9,target_time_slope,20,3.0,0.07794968162080357,False
final_input_token_layerwise,undisclosed,k9,target_time_slope,21,3.0,0.08949320016265133,False
final_input_token_layerwise,undisclosed,k9,target_time_slope,22,3.0,0.08581026592537991,False
final_input_token_layerwise,undisclosed,k9,target_time_slope,23,3.0,0.08412414380831687,False
final_input_token_layerwise,undisclosed,k9,target_time_slope,24,3.0,0.08752843368142202,False
final_input_token_layerwise,undisclosed,k9,target_time_slope,25,3.0,0.08623335007599212,False
final_input_token_layerwise,undisclosed,k9,target_time_slope,26,3.0,0.08279700257234976,False
final_input_token_layerwise,undisclosed,k9,target_time_slope,27,3.0,0.0822037640397453,False
final_input_token_layerwise,undisclosed,k9,target_time_slope,28,3.0,0.08744224639025658,False
final_input_token_layerwise,undisclosed,k9,target_time_slope,29,3.0,0.09883891435513326,False
final_input_token_layerwise,undisclosed,k9,target_time_slope,30,3.0,0.09435852216930654,False
final_input_token_layerwise,undisclosed,k9,target_time_slope,31,3.0,0.09179775046123886,False
final_input_token_layerwise,undisclosed,k9,target_time_slope,32,3.0,0.09810911596528363,False
final_input_token_layerwise,undisclosed,k9,displayed_driver_outcome_slope,0,0.0001,-1.1102230246251565e-16,False
final_input_token_layerwise,undisclosed,k9,displayed_driver_outcome_slope,1,3.0,0.0020860750899495684,False
final_input_token_layerwise,undisclosed,k9,displayed_driver_outcome_slope,2,100.0,-0.00036290116801740435,False
final_input_token_layerwise,undisclosed,k9,displayed_driver_outcome_slope,3,100.0,-0.0003236690107922269,False
final_input_token_layerwise,undisclosed,k9,displayed_driver_outcome_slope,4,100.0,-9.816221249275836e-05,False
final_input_token_layerwise,undisclosed,k9,displayed_driver_outcome_slope,5,100.0,6.931943706936505e-05,False
final_input_token_layerwise,undisclosed,k9,displayed_driver_outcome_slope,6,100.0,0.00023995831490458697,False
final_input_token_layerwise,undisclosed,k9,displayed_driver_outcome_slope,7,100.0,-0.0005308564001915705,False
final_input_token_layerwise,undisclosed,k9,displayed_driver_outcome_slope,8,100.0,-0.001217194214550854,False
final_input_token_layerwise,undisclosed,k9,displayed_driver_outcome_slope,9,100.0,-0.0010127929452186102,False
final_input_token_layerwise,undisclosed,k9,displayed_driver_outcome_slope,10,100.0,-0.0013803291803785034,False
final_input_token_layerwise,undisclosed,k9,displayed_driver_outcome_slope,11,100.0,-0.0009756660330227651,False
final_input_token_layerwise,undisclosed,k9,displayed_driver_outcome_slope,12,100.0,-0.0007380416977266491,False
final_input_token_layerwise,undisclosed,k9,displayed_driver_outcome_slope,13,3.0,0.006832850455124828,False
final_input_token_layerwise,undisclosed,k9,displayed_driver_outcome_slope,14,3.0,0.04221816705127057,False
final_input_token_layerwise,undisclosed,k9,displayed_driver_outcome_slope,15,3.0,0.0467899767092253,False
final_input_token_layerwise,undisclosed,k9,displayed_driver_outcome_slope,16,0.1,0.10009773165420291,True
final_input_token_layerwise,undisclosed,k9,displayed_driver_outcome_slope,17,0.1,0.08306051007848733,False
final_input_token_layerwise,undisclosed,k9,displayed_driver_outcome_slope,18,0.1,0.0325562958409126,False
final_input_token_layerwise,undisclosed,k9,displayed_driver_outcome_slope,19,0.1,0.02454759651410121,False
final_input_token_layerwise,undisclosed,k9,displayed_driver_outcome_slope,20,0.1,0.00464290696985703,False
final_input_token_layerwise,undisclosed,k9,displayed_driver_outcome_slope,21,100.0,-0.003201551032085803,False
final_input_token_layerwise,undisclosed,k9,displayed_driver_outcome_slope,22,100.0,-0.0029905709975884265,False
final_input_token_layerwise,undisclosed,k9,displayed_driver_outcome_slope,23,100.0,-0.003117015014769159,False
final_input_token_layerwise,undisclosed,k9,displayed_driver_outcome_slope,24,100.0,-0.0035398534643802104,False
final_input_token_layerwise,undisclosed,k9,displayed_driver_outcome_slope,25,100.0,-0.003629813452072056,False
final_input_token_layerwise,undisclosed,k9,displayed_driver_outcome_slope,26,100.0,-0.003853531326977494,False
final_input_token_layerwise,undisclosed,k9,displayed_driver_outcome_slope,27,100.0,-0.003552473904557707,False
final_input_token_layerwise,undisclosed,k9,displayed_driver_outcome_slope,28,100.0,-0.0033746916965328166,False
final_input_token_layerwise,undisclosed,k9,displayed_driver_outcome_slope,29,100.0,-0.0022405815296372977,False
final_input_token_layerwise,undisclosed,k9,displayed_driver_outcome_slope,30,100.0,-0.0016813680231340111,False
final_input_token_layerwise,undisclosed,k9,displayed_driver_outcome_slope,31,3.0,0.0009001186177111098,False
final_input_token_layerwise,undisclosed,k9,displayed_driver_outcome_slope,32,3.0,0.00825283829650414,False
final_input_token_layerwise,undisclosed,k9,oracle_posterior_gain,0,0.0001,0.0,False
final_input_token_layerwise,undisclosed,k9,oracle_posterior_gain,1,3.0,1.0683095672842091e-05,False
final_input_token_layerwise,undisclosed,k9,oracle_posterior_gain,2,100.0,-0.00030964491067905775,False
final_input_token_layerwise,undisclosed,k9,oracle_posterior_gain,3,100.0,0.00024858765054511234,False
final_input_token_layerwise,undisclosed,k9,oracle_posterior_gain,4,3.0,0.013784210385257734,False
final_input_token_layerwise,undisclosed,k9,oracle_posterior_gain,5,3.0,0.013542392805961867,False
final_input_token_layerwise,undisclosed,k9,oracle_posterior_gain,6,3.0,0.020469882168318965,False
final_input_token_layerwise,undisclosed,k9,oracle_posterior_gain,7,0.1,0.10874934803346387,False
final_input_token_layerwise,undisclosed,k9,oracle_posterior_gain,8,0.1,0.03449190681073527,False
final_input_token_layerwise,undisclosed,k9,oracle_posterior_gain,9,0.1,0.15184773565677384,False
final_input_token_layerwise,undisclosed,k9,oracle_posterior_gain,10,0.1,0.10220395247632488,False
final_input_token_layerwise,undisclosed,k9,oracle_posterior_gain,11,0.1,0.0697059108398857,False
final_input_token_layerwise,undisclosed,k9,oracle_posterior_gain,12,0.1,0.03905721876868182,False
final_input_token_layerwise,undisclosed,k9,oracle_posterior_gain,13,3.0,0.013637107096581502,False
final_input_token_layerwise,undisclosed,k9,oracle_posterior_gain,14,0.1,0.060702679018486166,False
final_input_token_layerwise,undisclosed,k9,oracle_posterior_gain,15,0.1,0.17522091195014416,False
final_input_token_layerwise,undisclosed,k9,oracle_posterior_gain,16,0.1,0.1904066775996218,False
final_input_token_layerwise,undisclosed,k9,oracle_posterior_gain,17,3.0,0.13654811849801393,False
final_input_token_layerwise,undisclosed,k9,oracle_posterior_gain,18,0.1,0.1684516338541312,False
final_input_token_layerwise,undisclosed,k9,oracle_posterior_gain,19,0.1,0.19237088202606314,False
final_input_token_layerwise,undisclosed,k9,oracle_posterior_gain,20,0.1,0.17024505649125854,False
final_input_token_layerwise,undisclosed,k9,oracle_posterior_gain,21,0.1,0.20058108843320974,False
final_input_token_layerwise,undisclosed,k9,oracle_posterior_gain,22,0.1,0.19347677344630626,False
final_input_token_layerwise,undisclosed,k9,oracle_posterior_gain,23,0.1,0.1779333011223909,False
final_input_token_layerwise,undisclosed,k9,oracle_posterior_gain,24,0.1,0.16911163569928883,False
final_input_token_layerwise,undisclosed,k9,oracle_posterior_gain,25,0.1,0.18693943124758355,False
final_input_token_layerwise,undisclosed,k9,oracle_posterior_gain,26,0.1,0.17161454045671276,False
final_input_token_layerwise,undisclosed,k9,oracle_posterior_gain,27,0.1,0.1486721961839703,False
final_input_token_layerwise,undisclosed,k9,oracle_posterior_gain,28,0.1,0.17362483793405298,False
final_input_token_layerwise,undisclosed,k9,oracle_posterior_gain,29,0.1,0.2759861854376302,False
final_input_token_layerwise,undisclosed,k9,oracle_posterior_gain,30,0.1,0.28858896000154566,False
final_input_token_layerwise,undisclosed,k9,oracle_posterior_gain,31,0.1,0.31450262306986987,False
final_input_token_layerwise,undisclosed,k9,oracle_posterior_gain,32,0.1,0.3552804324363472,True
final_input_token_layerwise,undisclosed,pooled,gain,0,0.0001,0.0,False
final_input_token_layerwise,undisclosed,pooled,gain,1,100.0,-0.002703167693450174,False
final_input_token_layerwise,undisclosed,pooled,gain,2,100.0,-0.001031831911276565,False
final_input_token_layerwise,undisclosed,pooled,gain,3,100.0,-0.004529504819459888,False
final_input_token_layerwise,undisclosed,pooled,gain,4,100.0,-0.006515947898046594,False
final_input_token_layerwise,undisclosed,pooled,gain,5,100.0,-0.0064723174987380006,False
final_input_token_layerwise,undisclosed,pooled,gain,6,100.0,-0.002814110151161333,False
final_input_token_layerwise,undisclosed,pooled,gain,7,100.0,-0.003200439744774584,False
final_input_token_layerwise,undisclosed,pooled,gain,8,100.0,-0.004780118874206263,False
final_input_token_layerwise,undisclosed,pooled,gain,9,100.0,0.0016001931767544626,False
final_input_token_layerwise,undisclosed,pooled,gain,10,100.0,0.0029717844567293448,False
final_input_token_layerwise,undisclosed,pooled,gain,11,3.0,0.01810883183735733,False
final_input_token_layerwise,undisclosed,pooled,gain,12,3.0,0.011296177527079223,False
final_input_token_layerwise,undisclosed,pooled,gain,13,3.0,0.023128959626167483,False
final_input_token_layerwise,undisclosed,pooled,gain,14,3.0,0.0809837710293609,False
final_input_token_layerwise,undisclosed,pooled,gain,15,3.0,0.1618967332043236,False
final_input_token_layerwise,undisclosed,pooled,gain,16,3.0,0.16025189485737787,False
final_input_token_layerwise,undisclosed,pooled,gain,17,3.0,0.14281141546268114,False
final_input_token_layerwise,undisclosed,pooled,gain,18,3.0,0.13797437815644711,False
final_input_token_layerwise,undisclosed,pooled,gain,19,0.1,0.15078348176639253,False
final_input_token_layerwise,undisclosed,pooled,gain,20,0.1,0.15588493688461497,False
final_input_token_layerwise,undisclosed,pooled,gain,21,0.1,0.1396033341064716,False
final_input_token_layerwise,undisclosed,pooled,gain,22,0.1,0.13177874878137155,False
final_input_token_layerwise,undisclosed,pooled,gain,23,0.1,0.13630138066587835,False
final_input_token_layerwise,undisclosed,pooled,gain,24,0.1,0.13751856451975775,False
final_input_token_layerwise,undisclosed,pooled,gain,25,3.0,0.11859611572791183,False
final_input_token_layerwise,undisclosed,pooled,gain,26,3.0,0.1228582023174455,False
final_input_token_layerwise,undisclosed,pooled,gain,27,3.0,0.12514073418294971,False
final_input_token_layerwise,undisclosed,pooled,gain,28,0.1,0.16428673630539906,True
final_input_token_layerwise,undisclosed,pooled,gain,29,3.0,0.1308562234568341,False
final_input_token_layerwise,undisclosed,pooled,gain,30,3.0,0.13111876196605854,False
final_input_token_layerwise,undisclosed,pooled,gain,31,3.0,0.1328629112590539,False
final_input_token_layerwise,undisclosed,pooled,gain,32,3.0,0.14431812934051005,False
final_input_token_layerwise,undisclosed,pooled,response_residual,0,0.0001,-2.7755575615628914e-17,False
final_input_token_layerwise,undisclosed,pooled,response_residual,1,100.0,-0.001135682841024166,False
final_input_token_layerwise,undisclosed,pooled,response_residual,2,100.0,-0.0002805993338088712,False
final_input_token_layerwise,undisclosed,pooled,response_residual,3,100.0,-0.005000218612313524,False
final_input_token_layerwise,undisclosed,pooled,response_residual,4,100.0,-0.006182014420898181,False
final_input_token_layerwise,undisclosed,pooled,response_residual,5,100.0,-0.005967920711991158,False
final_input_token_layerwise,undisclosed,pooled,response_residual,6,100.0,-0.00296355080848279,False
final_input_token_layerwise,undisclosed,pooled,response_residual,7,100.0,-0.003748537981057287,False
final_input_token_layerwise,undisclosed,pooled,response_residual,8,100.0,-0.0076124296724355,False
final_input_token_layerwise,undisclosed,pooled,response_residual,9,100.0,-0.003421881372462373,False
final_input_token_layerwise,undisclosed,pooled,response_residual,10,100.0,-0.0033053507702940723,False
final_input_token_layerwise,undisclosed,pooled,response_residual,11,100.0,0.00043728902822894505,False
final_input_token_layerwise,undisclosed,pooled,response_residual,12,100.0,-0.00021859340988333864,False
final_input_token_layerwise,undisclosed,pooled,response_residual,13,100.0,0.0016253723395103041,False
final_input_token_layerwise,undisclosed,pooled,response_residual,14,100.0,0.006414038209575405,False
final_input_token_layerwise,undisclosed,pooled,response_residual,15,3.0,0.021499116658336415,False
final_input_token_layerwise,undisclosed,pooled,response_residual,16,100.0,0.01661084832944153,False
final_input_token_layerwise,undisclosed,pooled,response_residual,17,100.0,0.012214902424168533,False
final_input_token_layerwise,undisclosed,pooled,response_residual,18,100.0,0.009654537209006145,False
final_input_token_layerwise,undisclosed,pooled,response_residual,19,100.0,0.007969377847653345,False
final_input_token_layerwise,undisclosed,pooled,response_residual,20,100.0,0.006234092561934496,False
final_input_token_layerwise,undisclosed,pooled,response_residual,21,100.0,0.004687939931309559,False
final_input_token_layerwise,undisclosed,pooled,response_residual,22,100.0,0.0039893086855146975,False
final_input_token_layerwise,undisclosed,pooled,response_residual,23,100.0,0.0036431278072246906,False
final_input_token_layerwise,undisclosed,pooled,response_residual,24,100.0,0.0033724981833119783,False
final_input_token_layerwise,undisclosed,pooled,response_residual,25,100.0,0.002247223704455089,False
final_input_token_layerwise,undisclosed,pooled,response_residual,26,100.0,0.002125371448672919,False
final_input_token_layerwise,undisclosed,pooled,response_residual,27,3.0,0.008388257829324406,False
final_input_token_layerwise,undisclosed,pooled,response_residual,28,3.0,0.008353173244213918,False
final_input_token_layerwise,undisclosed,pooled,response_residual,29,3.0,0.017343403828219545,False
final_input_token_layerwise,undisclosed,pooled,response_residual,30,3.0,0.027375368097019476,False
final_input_token_layerwise,undisclosed,pooled,response_residual,31,3.0,0.03531368664095303,False
final_input_token_layerwise,undisclosed,pooled,response_residual,32,3.0,0.04679384455777382,True
mean_embedding,disclosed,k3,gain,0,100.0,-0.0009589042439733797,True
mean_embedding,disclosed,k3,response_residual,0,100.0,-0.001110632918032206,True
mean_embedding,disclosed,k6,gain,0,100.0,0.00021211892006114952,True
mean_embedding,disclosed,k6,response_residual,0,100.0,-0.00013133361583325676,True
mean_embedding,disclosed,k9,gain,0,3.0,0.011837593116618,True
mean_embedding,disclosed,k9,response_residual,0,100.0,0.0006193826779181399,True
mean_embedding,disclosed,pooled,gain,0,100.0,0.0020260137296078486,True
mean_embedding,disclosed,pooled,response_residual,0,100.0,-0.0013023204868278422,True
mean_embedding,undisclosed,k3,gain,0,100.0,-0.0010713728368005326,True
mean_embedding,undisclosed,k3,response_residual,0,100.0,-0.0012090417576992585,True
mean_embedding,undisclosed,k6,gain,0,100.0,0.00013838781628436325,True
mean_embedding,undisclosed,k6,response_residual,0,100.0,-0.00018889621886128416,True
mean_embedding,undisclosed,k9,gain,0,3.0,0.010394026080614294,True
mean_embedding,undisclosed,k9,response_residual,0,100.0,0.0006058295235571998,True
mean_embedding,undisclosed,pooled,gain,0,100.0,0.0020023985455211632,True
mean_embedding,undisclosed,pooled,response_residual,0,100.0,-0.0013306504888029962,True
mean_final_layer,disclosed,k3,gain,0,3.0,0.0029877310720581862,True
mean_final_layer,disclosed,k3,response_residual,0,3.0,0.0026943020894222847,True
mean_final_layer,disclosed,k6,gain,0,3.0,0.006657709855256211,True
mean_final_layer,disclosed,k6,response_residual,0,3.0,0.0039073404744366935,True
mean_final_layer,disclosed,k9,gain,0,0.1,0.04411037341920157,True
mean_final_layer,disclosed,k9,response_residual,0,3.0,0.012147945199337762,True
mean_final_layer,disclosed,pooled,gain,0,100.0,0.007555424319425834,True
mean_final_layer,disclosed,pooled,response_residual,0,100.0,0.006043160251496843,True
mean_final_layer,undisclosed,k3,gain,0,100.0,0.0002626077516454106,True
mean_final_layer,undisclosed,k3,response_residual,0,100.0,0.00018406307547069733,True
mean_final_layer,undisclosed,k6,gain,0,3.0,0.002675458760798055,True
mean_final_layer,undisclosed,k6,response_residual,0,100.0,0.0002452323792478672,True
mean_final_layer,undisclosed,k9,gain,0,3.0,0.008514298198522258,True
mean_final_layer,undisclosed,k9,response_residual,0,3.0,0.0031005931549528687,True
mean_final_layer,undisclosed,pooled,gain,0,100.0,0.000250226119978834,True
mean_final_layer,undisclosed,pooled,response_residual,0,100.0,-0.0010465688636452641,True
