representation,train_disclosure,evidence,target,layer,alpha,cv_macro_development_baseline_r2,selected
final_input_token_layerwise,disclosed,k3,gain,0,0.0001,0.0,False
final_input_token_layerwise,disclosed,k3,gain,1,100.0,0.0003967985779290695,False
final_input_token_layerwise,disclosed,k3,gain,2,100.0,0.0010834964230789779,False
final_input_token_layerwise,disclosed,k3,gain,3,100.0,0.0009464410693893477,False
final_input_token_layerwise,disclosed,k3,gain,4,3.0,0.0059375699949651695,False
final_input_token_layerwise,disclosed,k3,gain,5,100.0,0.0007040752231351755,False
final_input_token_layerwise,disclosed,k3,gain,6,100.0,0.0005655281217790964,False
final_input_token_layerwise,disclosed,k3,gain,7,100.0,0.0005509631664857573,False
final_input_token_layerwise,disclosed,k3,gain,8,100.0,0.0004931474614551512,False
final_input_token_layerwise,disclosed,k3,gain,9,100.0,0.0008688461794815194,False
final_input_token_layerwise,disclosed,k3,gain,10,100.0,0.0008045686158721921,False
final_input_token_layerwise,disclosed,k3,gain,11,100.0,0.000852106103055833,False
final_input_token_layerwise,disclosed,k3,gain,12,100.0,0.0006053879412725449,False
final_input_token_layerwise,disclosed,k3,gain,13,100.0,0.0005758654524341267,False
final_input_token_layerwise,disclosed,k3,gain,14,100.0,0.0004277694190973902,False
final_input_token_layerwise,disclosed,k3,gain,15,100.0,0.0008197314600415784,False
final_input_token_layerwise,disclosed,k3,gain,16,100.0,0.0007645061141546561,False
final_input_token_layerwise,disclosed,k3,gain,17,3.0,0.011343179662023528,False
final_input_token_layerwise,disclosed,k3,gain,18,3.0,0.00643863994915625,False
final_input_token_layerwise,disclosed,k3,gain,19,3.0,0.012069241836982242,False
final_input_token_layerwise,disclosed,k3,gain,20,3.0,0.015809723908549123,False
final_input_token_layerwise,disclosed,k3,gain,21,3.0,0.0233696240960605,False
final_input_token_layerwise,disclosed,k3,gain,22,3.0,0.028801435425664407,True
final_input_token_layerwise,disclosed,k3,gain,23,3.0,0.022567050400067346,False
final_input_token_layerwise,disclosed,k3,gain,24,3.0,0.016377834387467233,False
final_input_token_layerwise,disclosed,k3,gain,25,3.0,0.0012903038686279678,False
final_input_token_layerwise,disclosed,k3,gain,26,100.0,0.0001712092270862442,False
final_input_token_layerwise,disclosed,k3,gain,27,100.0,0.0001823813595051016,False
final_input_token_layerwise,disclosed,k3,gain,28,100.0,1.3455866064909783e-05,False
final_input_token_layerwise,disclosed,k3,gain,29,100.0,-0.00016134885028831758,False
final_input_token_layerwise,disclosed,k3,gain,30,100.0,-0.000488952034547685,False
final_input_token_layerwise,disclosed,k3,gain,31,100.0,-0.0008325938040887881,False
final_input_token_layerwise,disclosed,k3,gain,32,100.0,-0.0006949224126121256,False
final_input_token_layerwise,disclosed,k3,gain,33,100.0,-0.0006651085519630007,False
final_input_token_layerwise,disclosed,k3,gain,34,100.0,-0.0003716854290359839,False
final_input_token_layerwise,disclosed,k3,gain,35,100.0,-0.00034545824224768706,False
final_input_token_layerwise,disclosed,k3,gain,36,100.0,0.00010991192992274024,False
final_input_token_layerwise,disclosed,k3,response_residual,0,0.0001,-2.7755575615628914e-17,False
final_input_token_layerwise,disclosed,k3,response_residual,1,100.0,0.0001476998829189058,False
final_input_token_layerwise,disclosed,k3,response_residual,2,100.0,0.0006208516792483021,False
final_input_token_layerwise,disclosed,k3,response_residual,3,100.0,0.0006273473956065201,False
final_input_token_layerwise,disclosed,k3,response_residual,4,100.0,0.0005713581247331623,False
final_input_token_layerwise,disclosed,k3,response_residual,5,100.0,0.0004109295671533564,False
final_input_token_layerwise,disclosed,k3,response_residual,6,100.0,0.0003743970012279052,False
final_input_token_layerwise,disclosed,k3,response_residual,7,100.0,0.00032539487999599936,False
final_input_token_layerwise,disclosed,k3,response_residual,8,100.0,0.00032175451558352774,False
final_input_token_layerwise,disclosed,k3,response_residual,9,100.0,0.0005593416174054788,False
final_input_token_layerwise,disclosed,k3,response_residual,10,100.0,0.0007149880042340295,False
final_input_token_layerwise,disclosed,k3,response_residual,11,100.0,0.0006231228379676157,False
final_input_token_layerwise,disclosed,k3,response_residual,12,100.0,0.00035158591994488564,False
final_input_token_layerwise,disclosed,k3,response_residual,13,100.0,0.0004195840303260201,False
final_input_token_layerwise,disclosed,k3,response_residual,14,100.0,0.0003222053521295398,False
final_input_token_layerwise,disclosed,k3,response_residual,15,100.0,0.00047479178532580657,False
final_input_token_layerwise,disclosed,k3,response_residual,16,100.0,0.0003122498101711668,False
final_input_token_layerwise,disclosed,k3,response_residual,17,3.0,0.004137060585584523,True
final_input_token_layerwise,disclosed,k3,response_residual,18,100.0,0.0005894044611590155,False
final_input_token_layerwise,disclosed,k3,response_residual,19,100.0,0.0005711332060116536,False
final_input_token_layerwise,disclosed,k3,response_residual,20,100.0,0.0007600239043201729,False
final_input_token_layerwise,disclosed,k3,response_residual,21,100.0,0.00104220189933249,False
final_input_token_layerwise,disclosed,k3,response_residual,22,100.0,0.0014213300014196129,False
final_input_token_layerwise,disclosed,k3,response_residual,23,100.0,0.0012058639618133804,False
final_input_token_layerwise,disclosed,k3,response_residual,24,100.0,0.0007752795303142546,False
final_input_token_layerwise,disclosed,k3,response_residual,25,100.0,-9.973127483720035e-05,False
final_input_token_layerwise,disclosed,k3,response_residual,26,100.0,-0.0005059479426832714,False
final_input_token_layerwise,disclosed,k3,response_residual,27,100.0,-0.0004945737449562893,False
final_input_token_layerwise,disclosed,k3,response_residual,28,100.0,-0.000690668264886507,False
final_input_token_layerwise,disclosed,k3,response_residual,29,100.0,-0.0007476091835813825,False
final_input_token_layerwise,disclosed,k3,response_residual,30,100.0,-0.000937621840369357,False
final_input_token_layerwise,disclosed,k3,response_residual,31,100.0,-0.0010913117894720548,False
final_input_token_layerwise,disclosed,k3,response_residual,32,100.0,-0.000984016241859842,False
final_input_token_layerwise,disclosed,k3,response_residual,33,100.0,-0.0010237221133344299,False
final_input_token_layerwise,disclosed,k3,response_residual,34,100.0,-0.0008203996302988681,False
final_input_token_layerwise,disclosed,k3,response_residual,35,100.0,-0.000839418552978699,False
final_input_token_layerwise,disclosed,k3,response_residual,36,100.0,-0.00036596892818394067,False
final_input_token_layerwise,disclosed,k3,last_target_observation,0,0.0001,-8.326672684688674e-17,False
final_input_token_layerwise,disclosed,k3,last_target_observation,1,0.1,0.07091070962465304,True
final_input_token_layerwise,disclosed,k3,last_target_observation,2,3.0,0.002023147827623556,False
final_input_token_layerwise,disclosed,k3,last_target_observation,3,100.0,0.0006727640395549628,False
final_input_token_layerwise,disclosed,k3,last_target_observation,4,100.0,0.0007461218645155032,False
final_input_token_layerwise,disclosed,k3,last_target_observation,5,3.0,0.010904167829035527,False
final_input_token_layerwise,disclosed,k3,last_target_observation,6,3.0,0.010189383756040754,False
final_input_token_layerwise,disclosed,k3,last_target_observation,7,3.0,0.0018277489242899958,False
final_input_token_layerwise,disclosed,k3,last_target_observation,8,100.0,0.00031972859727077974,False
final_input_token_layerwise,disclosed,k3,last_target_observation,9,100.0,-0.0005639340783351598,False
final_input_token_layerwise,disclosed,k3,last_target_observation,10,100.0,-0.0005178151108312101,False
final_input_token_layerwise,disclosed,k3,last_target_observation,11,100.0,-0.0005006290276492742,False
final_input_token_layerwise,disclosed,k3,last_target_observation,12,3.0,0.002601806393899758,False
final_input_token_layerwise,disclosed,k3,last_target_observation,13,100.0,-8.708096527521025e-05,False
final_input_token_layerwise,disclosed,k3,last_target_observation,14,3.0,0.001368397447972125,False
final_input_token_layerwise,disclosed,k3,last_target_observation,15,3.0,0.01777846518318771,False
final_input_token_layerwise,disclosed,k3,last_target_observation,16,3.0,0.014397431259776383,False
final_input_token_layerwise,disclosed,k3,last_target_observation,17,3.0,0.01373133890224909,False
final_input_token_layerwise,disclosed,k3,last_target_observation,18,3.0,0.0040864063396226225,False
final_input_token_layerwise,disclosed,k3,last_target_observation,19,3.0,0.016032868386058052,False
final_input_token_layerwise,disclosed,k3,last_target_observation,20,3.0,0.017318951394729498,False
final_input_token_layerwise,disclosed,k3,last_target_observation,21,3.0,0.05612143137762521,False
final_input_token_layerwise,disclosed,k3,last_target_observation,22,3.0,0.05979372862896079,False
final_input_token_layerwise,disclosed,k3,last_target_observation,23,3.0,0.05181316936997479,False
final_input_token_layerwise,disclosed,k3,last_target_observation,24,3.0,0.05531904364868895,False
final_input_token_layerwise,disclosed,k3,last_target_observation,25,3.0,0.058592519141390076,False
final_input_token_layerwise,disclosed,k3,last_target_observation,26,3.0,0.05141597322434974,False
final_input_token_layerwise,disclosed,k3,last_target_observation,27,3.0,0.06453381027108138,False
final_input_token_layerwise,disclosed,k3,last_target_observation,28,3.0,0.050677097870310606,False
final_input_token_layerwise,disclosed,k3,last_target_observation,29,3.0,0.04494532034486057,False
final_input_token_layerwise,disclosed,k3,last_target_observation,30,3.0,0.044762555194364145,False
final_input_token_layerwise,disclosed,k3,last_target_observation,31,3.0,0.05075886430531448,False
final_input_token_layerwise,disclosed,k3,last_target_observation,32,3.0,0.040953494922654377,False
final_input_token_layerwise,disclosed,k3,last_target_observation,33,3.0,0.03621787652628278,False
final_input_token_layerwise,disclosed,k3,last_target_observation,34,3.0,0.03772657997907619,False
final_input_token_layerwise,disclosed,k3,last_target_observation,35,3.0,0.03815821772681985,False
final_input_token_layerwise,disclosed,k3,last_target_observation,36,3.0,0.041379251727648225,False
final_input_token_layerwise,disclosed,k3,target_observation_mean,0,0.0001,5.551115123125783e-17,False
final_input_token_layerwise,disclosed,k3,target_observation_mean,1,3.0,0.06612269995550968,True
final_input_token_layerwise,disclosed,k3,target_observation_mean,2,3.0,0.026826907546866924,False
final_input_token_layerwise,disclosed,k3,target_observation_mean,3,3.0,0.018716051464032407,False
final_input_token_layerwise,disclosed,k3,target_observation_mean,4,3.0,0.011325606388809362,False
final_input_token_layerwise,disclosed,k3,target_observation_mean,5,3.0,0.015721709868061096,False
final_input_token_layerwise,disclosed,k3,target_observation_mean,6,3.0,0.009709943559299383,False
final_input_token_layerwise,disclosed,k3,target_observation_mean,7,3.0,0.008128128007717283,False
final_input_token_layerwise,disclosed,k3,target_observation_mean,8,3.0,0.019126729086116345,False
final_input_token_layerwise,disclosed,k3,target_observation_mean,9,3.0,0.0167791171475431,False
final_input_token_layerwise,disclosed,k3,target_observation_mean,10,3.0,0.013549225589012476,False
final_input_token_layerwise,disclosed,k3,target_observation_mean,11,3.0,0.0037470925652253184,False
final_input_token_layerwise,disclosed,k3,target_observation_mean,12,100.0,0.0014318971633801303,False
final_input_token_layerwise,disclosed,k3,target_observation_mean,13,3.0,0.0073137153126328625,False
final_input_token_layerwise,disclosed,k3,target_observation_mean,14,3.0,0.028953108492655782,False
final_input_token_layerwise,disclosed,k3,target_observation_mean,15,3.0,0.021654895228142262,False
final_input_token_layerwise,disclosed,k3,target_observation_mean,16,3.0,0.018704772419826765,False
final_input_token_layerwise,disclosed,k3,target_observation_mean,17,3.0,0.015460076613113216,False
final_input_token_layerwise,disclosed,k3,target_observation_mean,18,3.0,0.004047267941984428,False
final_input_token_layerwise,disclosed,k3,target_observation_mean,19,3.0,0.008373175622173795,False
final_input_token_layerwise,disclosed,k3,target_observation_mean,20,3.0,0.011472589381825632,False
final_input_token_layerwise,disclosed,k3,target_observation_mean,21,3.0,0.042206090019326986,False
final_input_token_layerwise,disclosed,k3,target_observation_mean,22,3.0,0.03803192510783712,False
final_input_token_layerwise,disclosed,k3,target_observation_mean,23,3.0,0.038436579123836134,False
final_input_token_layerwise,disclosed,k3,target_observation_mean,24,3.0,0.029769887952694946,False
final_input_token_layerwise,disclosed,k3,target_observation_mean,25,3.0,0.04791900412496958,False
final_input_token_layerwise,disclosed,k3,target_observation_mean,26,3.0,0.04195681355890957,False
final_input_token_layerwise,disclosed,k3,target_observation_mean,27,3.0,0.05239873901613731,False
final_input_token_layerwise,disclosed,k3,target_observation_mean,28,3.0,0.04811138058263795,False
final_input_token_layerwise,disclosed,k3,target_observation_mean,29,3.0,0.04185507215589768,False
final_input_token_layerwise,disclosed,k3,target_observation_mean,30,3.0,0.03189515888188982,False
final_input_token_layerwise,disclosed,k3,target_observation_mean,31,3.0,0.02539110817289425,False
final_input_token_layerwise,disclosed,k3,target_observation_mean,32,3.0,0.014617177197397552,False
final_input_token_layerwise,disclosed,k3,target_observation_mean,33,3.0,0.008442981351026113,False
final_input_token_layerwise,disclosed,k3,target_observation_mean,34,3.0,0.00898380163835022,False
final_input_token_layerwise,disclosed,k3,target_observation_mean,35,3.0,0.003278237377891985,False
final_input_token_layerwise,disclosed,k3,target_observation_mean,36,3.0,0.007468361491996395,False
final_input_token_layerwise,disclosed,k3,target_time_slope,0,0.0001,0.0,False
final_input_token_layerwise,disclosed,k3,target_time_slope,1,100.0,-0.0002565331728180964,False
final_input_token_layerwise,disclosed,k3,target_time_slope,2,100.0,-0.00378943804028839,False
final_input_token_layerwise,disclosed,k3,target_time_slope,3,100.0,-0.002450319355122632,False
final_input_token_layerwise,disclosed,k3,target_time_slope,4,100.0,-0.0016678573452137135,False
final_input_token_layerwise,disclosed,k3,target_time_slope,5,100.0,-0.000957887123595319,False
final_input_token_layerwise,disclosed,k3,target_time_slope,6,100.0,-0.0005610444858646368,False
final_input_token_layerwise,disclosed,k3,target_time_slope,7,100.0,-0.0007933798753785581,False
final_input_token_layerwise,disclosed,k3,target_time_slope,8,100.0,-0.001569701958753833,False
final_input_token_layerwise,disclosed,k3,target_time_slope,9,100.0,-0.002690361679956871,False
final_input_token_layerwise,disclosed,k3,target_time_slope,10,100.0,-0.002162446644162569,False
final_input_token_layerwise,disclosed,k3,target_time_slope,11,100.0,-0.0016933499100759142,False
final_input_token_layerwise,disclosed,k3,target_time_slope,12,100.0,-0.0015790760059260223,False
final_input_token_layerwise,disclosed,k3,target_time_slope,13,100.0,-0.0016563207785793843,False
final_input_token_layerwise,disclosed,k3,target_time_slope,14,100.0,-0.0016780172289067308,False
final_input_token_layerwise,disclosed,k3,target_time_slope,15,100.0,-0.0010310500554150115,False
final_input_token_layerwise,disclosed,k3,target_time_slope,16,100.0,-0.0013111263960881026,False
final_input_token_layerwise,disclosed,k3,target_time_slope,17,100.0,-0.0005244731538198433,False
final_input_token_layerwise,disclosed,k3,target_time_slope,18,100.0,-0.0010467315377339081,False
final_input_token_layerwise,disclosed,k3,target_time_slope,19,100.0,-0.0010207604267373493,False
final_input_token_layerwise,disclosed,k3,target_time_slope,20,100.0,-0.001076463856890142,False
final_input_token_layerwise,disclosed,k3,target_time_slope,21,100.0,0.0001650413700444442,False
final_input_token_layerwise,disclosed,k3,target_time_slope,22,3.0,0.005877136287506829,False
final_input_token_layerwise,disclosed,k3,target_time_slope,23,100.0,0.00017990456723801507,False
final_input_token_layerwise,disclosed,k3,target_time_slope,24,3.0,0.0010098809956764487,False
final_input_token_layerwise,disclosed,k3,target_time_slope,25,3.0,0.0016220719914226411,False
final_input_token_layerwise,disclosed,k3,target_time_slope,26,3.0,0.0015013174341424462,False
final_input_token_layerwise,disclosed,k3,target_time_slope,27,3.0,0.008567189882995513,False
final_input_token_layerwise,disclosed,k3,target_time_slope,28,3.0,0.002814245473206689,False
final_input_token_layerwise,disclosed,k3,target_time_slope,29,3.0,0.0032505309689941086,False
final_input_token_layerwise,disclosed,k3,target_time_slope,30,3.0,0.012607736545787895,False
final_input_token_layerwise,disclosed,k3,target_time_slope,31,3.0,0.01590908004683797,True
final_input_token_layerwise,disclosed,k3,target_time_slope,32,3.0,0.009659867271682082,False
final_input_token_layerwise,disclosed,k3,target_time_slope,33,3.0,0.007418280809437239,False
final_input_token_layerwise,disclosed,k3,target_time_slope,34,3.0,0.007340861234974988,False
final_input_token_layerwise,disclosed,k3,target_time_slope,35,3.0,0.007828195641278263,False
final_input_token_layerwise,disclosed,k3,target_time_slope,36,3.0,0.014430386124176048,False
final_input_token_layerwise,disclosed,k3,displayed_driver_outcome_slope,0,0.0001,5.551115123125783e-17,False
final_input_token_layerwise,disclosed,k3,displayed_driver_outcome_slope,1,100.0,-0.001051596656462761,False
final_input_token_layerwise,disclosed,k3,displayed_driver_outcome_slope,2,3.0,0.027709157450551664,True
final_input_token_layerwise,disclosed,k3,displayed_driver_outcome_slope,3,3.0,0.022496175615308978,False
final_input_token_layerwise,disclosed,k3,displayed_driver_outcome_slope,4,3.0,0.019108262572194196,False
final_input_token_layerwise,disclosed,k3,displayed_driver_outcome_slope,5,3.0,0.019277721017668226,False
final_input_token_layerwise,disclosed,k3,displayed_driver_outcome_slope,6,3.0,0.017167007477826818,False
final_input_token_layerwise,disclosed,k3,displayed_driver_outcome_slope,7,3.0,0.010050183348536634,False
final_input_token_layerwise,disclosed,k3,displayed_driver_outcome_slope,8,3.0,0.008853896759681595,False
final_input_token_layerwise,disclosed,k3,displayed_driver_outcome_slope,9,3.0,0.00496916016522006,False
final_input_token_layerwise,disclosed,k3,displayed_driver_outcome_slope,10,100.0,0.0008431311231884009,False
final_input_token_layerwise,disclosed,k3,displayed_driver_outcome_slope,11,3.0,0.0048280838756796784,False
final_input_token_layerwise,disclosed,k3,displayed_driver_outcome_slope,12,3.0,0.009224248510795174,False
final_input_token_layerwise,disclosed,k3,displayed_driver_outcome_slope,13,100.0,0.0009487497515214549,False
final_input_token_layerwise,disclosed,k3,displayed_driver_outcome_slope,14,100.0,0.0008954917938549245,False
final_input_token_layerwise,disclosed,k3,displayed_driver_outcome_slope,15,100.0,0.001026961950485461,False
final_input_token_layerwise,disclosed,k3,displayed_driver_outcome_slope,16,3.0,0.011354011211323456,False
final_input_token_layerwise,disclosed,k3,displayed_driver_outcome_slope,17,3.0,0.014986832985726811,False
final_input_token_layerwise,disclosed,k3,displayed_driver_outcome_slope,18,3.0,0.004938084322281877,False
final_input_token_layerwise,disclosed,k3,displayed_driver_outcome_slope,19,3.0,0.004356768315839421,False
final_input_token_layerwise,disclosed,k3,displayed_driver_outcome_slope,20,100.0,0.0011995287686687173,False
final_input_token_layerwise,disclosed,k3,displayed_driver_outcome_slope,21,100.0,0.0010413668110389185,False
final_input_token_layerwise,disclosed,k3,displayed_driver_outcome_slope,22,100.0,0.00133939515304754,False
final_input_token_layerwise,disclosed,k3,displayed_driver_outcome_slope,23,100.0,0.00046130166701358055,False
final_input_token_layerwise,disclosed,k3,displayed_driver_outcome_slope,24,100.0,-0.0005212946457404388,False
final_input_token_layerwise,disclosed,k3,displayed_driver_outcome_slope,25,100.0,-0.00027066896593835876,False
final_input_token_layerwise,disclosed,k3,displayed_driver_outcome_slope,26,100.0,-0.0005827497856984998,False
final_input_token_layerwise,disclosed,k3,displayed_driver_outcome_slope,27,100.0,-0.0005123855469626459,False
final_input_token_layerwise,disclosed,k3,displayed_driver_outcome_slope,28,100.0,-0.0010070089497160595,False
final_input_token_layerwise,disclosed,k3,displayed_driver_outcome_slope,29,100.0,-0.0007613443960145239,False
final_input_token_layerwise,disclosed,k3,displayed_driver_outcome_slope,30,100.0,-0.0008861666337615925,False
final_input_token_layerwise,disclosed,k3,displayed_driver_outcome_slope,31,100.0,-9.595754356911401e-06,False
final_input_token_layerwise,disclosed,k3,displayed_driver_outcome_slope,32,100.0,6.695991997990314e-05,False
final_input_token_layerwise,disclosed,k3,displayed_driver_outcome_slope,33,100.0,-0.0003133489781754206,False
final_input_token_layerwise,disclosed,k3,displayed_driver_outcome_slope,34,100.0,-0.0004612089139403863,False
final_input_token_layerwise,disclosed,k3,displayed_driver_outcome_slope,35,100.0,-0.0006308861792970744,False
final_input_token_layerwise,disclosed,k3,displayed_driver_outcome_slope,36,100.0,-0.0008945398687545125,False
final_input_token_layerwise,disclosed,k3,oracle_posterior_gain,0,0.0001,0.0,False
final_input_token_layerwise,disclosed,k3,oracle_posterior_gain,1,100.0,-0.0007657835670226709,False
final_input_token_layerwise,disclosed,k3,oracle_posterior_gain,2,100.0,-0.003082670609596355,False
final_input_token_layerwise,disclosed,k3,oracle_posterior_gain,3,100.0,-0.0023183215972335525,False
final_input_token_layerwise,disclosed,k3,oracle_posterior_gain,4,100.0,-0.0014575624166074108,False
final_input_token_layerwise,disclosed,k3,oracle_posterior_gain,5,100.0,-0.0011016717470080928,False
final_input_token_layerwise,disclosed,k3,oracle_posterior_gain,6,100.0,-0.0007033925326737911,False
final_input_token_layerwise,disclosed,k3,oracle_posterior_gain,7,100.0,-0.0007254391640937052,False
final_input_token_layerwise,disclosed,k3,oracle_posterior_gain,8,100.0,-0.0005317897959242202,False
final_input_token_layerwise,disclosed,k3,oracle_posterior_gain,9,100.0,-0.0005387098609827279,False
final_input_token_layerwise,disclosed,k3,oracle_posterior_gain,10,100.0,-0.0009264879035658091,False
final_input_token_layerwise,disclosed,k3,oracle_posterior_gain,11,100.0,-0.0006907756243695329,False
final_input_token_layerwise,disclosed,k3,oracle_posterior_gain,12,100.0,-0.0007523132881236683,False
final_input_token_layerwise,disclosed,k3,oracle_posterior_gain,13,100.0,-0.0007495684204152364,False
final_input_token_layerwise,disclosed,k3,oracle_posterior_gain,14,100.0,-0.0010526221302012417,False
final_input_token_layerwise,disclosed,k3,oracle_posterior_gain,15,100.0,-0.001218898894577436,False
final_input_token_layerwise,disclosed,k3,oracle_posterior_gain,16,100.0,-0.0011102230953654313,False
final_input_token_layerwise,disclosed,k3,oracle_posterior_gain,17,100.0,-0.0011236361120733895,False
final_input_token_layerwise,disclosed,k3,oracle_posterior_gain,18,100.0,-0.0014095803652744987,False
final_input_token_layerwise,disclosed,k3,oracle_posterior_gain,19,100.0,-0.0017381992805736712,False
final_input_token_layerwise,disclosed,k3,oracle_posterior_gain,20,100.0,-0.0017135489888887578,False
final_input_token_layerwise,disclosed,k3,oracle_posterior_gain,21,100.0,-0.001631983627627176,False
final_input_token_layerwise,disclosed,k3,oracle_posterior_gain,22,100.0,-0.0015428593100874077,False
final_input_token_layerwise,disclosed,k3,oracle_posterior_gain,23,100.0,-0.0018357513366192846,False
final_input_token_layerwise,disclosed,k3,oracle_posterior_gain,24,100.0,-0.0017763556257127666,False
final_input_token_layerwise,disclosed,k3,oracle_posterior_gain,25,100.0,-0.0011767958526793798,False
final_input_token_layerwise,disclosed,k3,oracle_posterior_gain,26,100.0,-0.0010334636776199169,False
final_input_token_layerwise,disclosed,k3,oracle_posterior_gain,27,100.0,-0.001130747047826508,False
final_input_token_layerwise,disclosed,k3,oracle_posterior_gain,28,100.0,-0.0006284204756749345,False
final_input_token_layerwise,disclosed,k3,oracle_posterior_gain,29,100.0,-0.0002568277690655485,False
final_input_token_layerwise,disclosed,k3,oracle_posterior_gain,30,100.0,-0.0001690498923883621,False
final_input_token_layerwise,disclosed,k3,oracle_posterior_gain,31,100.0,6.293165917325982e-06,False
final_input_token_layerwise,disclosed,k3,oracle_posterior_gain,32,100.0,-0.0002685515694001439,False
final_input_token_layerwise,disclosed,k3,oracle_posterior_gain,33,100.0,-0.0001981405233397182,False
final_input_token_layerwise,disclosed,k3,oracle_posterior_gain,34,100.0,-0.0005291450507348971,False
final_input_token_layerwise,disclosed,k3,oracle_posterior_gain,35,100.0,-0.0005393466574397654,False
final_input_token_layerwise,disclosed,k3,oracle_posterior_gain,36,100.0,2.972494934105896e-05,True
final_input_token_layerwise,disclosed,k6,gain,0,0.0001,0.0,False
final_input_token_layerwise,disclosed,k6,gain,1,3.0,0.005852708491210529,True
final_input_token_layerwise,disclosed,k6,gain,2,100.0,-0.0013465453075637845,False
final_input_token_layerwise,disclosed,k6,gain,3,100.0,-0.001062822680526515,False
final_input_token_layerwise,disclosed,k6,gain,4,100.0,-0.0010192739608646528,False
final_input_token_layerwise,disclosed,k6,gain,5,100.0,-0.0008273144726714532,False
final_input_token_layerwise,disclosed,k6,gain,6,100.0,-0.000830305668002157,False
final_input_token_layerwise,disclosed,k6,gain,7,100.0,-0.0009336684241161852,False
final_input_token_layerwise,disclosed,k6,gain,8,100.0,-0.0009210846818294149,False
final_input_token_layerwise,disclosed,k6,gain,9,100.0,-0.0007222309674258798,False
final_input_token_layerwise,disclosed,k6,gain,10,100.0,-0.0005844996125283775,False
final_input_token_layerwise,disclosed,k6,gain,11,100.0,-0.000636295544474974,False
final_input_token_layerwise,disclosed,k6,gain,12,100.0,-0.00042708278587114124,False
final_input_token_layerwise,disclosed,k6,gain,13,100.0,-0.0004755939444394397,False
final_input_token_layerwise,disclosed,k6,gain,14,100.0,-0.0003352926762141273,False
final_input_token_layerwise,disclosed,k6,gain,15,100.0,-0.0006945872659555041,False
final_input_token_layerwise,disclosed,k6,gain,16,100.0,-0.0008592846987264813,False
final_input_token_layerwise,disclosed,k6,gain,17,100.0,-0.0010624123755131887,False
final_input_token_layerwise,disclosed,k6,gain,18,100.0,-0.001590103133145837,False
final_input_token_layerwise,disclosed,k6,gain,19,100.0,-0.0017083929159661393,False
final_input_token_layerwise,disclosed,k6,gain,20,100.0,-0.0013836654671223192,False
final_input_token_layerwise,disclosed,k6,gain,21,100.0,-0.0011828096972694713,False
final_input_token_layerwise,disclosed,k6,gain,22,100.0,-0.0008718985126377476,False
final_input_token_layerwise,disclosed,k6,gain,23,100.0,-0.0005157295805816031,False
final_input_token_layerwise,disclosed,k6,gain,24,100.0,-0.0003039523299784297,False
final_input_token_layerwise,disclosed,k6,gain,25,100.0,0.0002557986033136228,False
final_input_token_layerwise,disclosed,k6,gain,26,100.0,0.0006872084715608962,False
final_input_token_layerwise,disclosed,k6,gain,27,100.0,0.0006124437648933334,False
final_input_token_layerwise,disclosed,k6,gain,28,100.0,0.00038698666316425157,False
final_input_token_layerwise,disclosed,k6,gain,29,100.0,0.00040751542225980764,False
final_input_token_layerwise,disclosed,k6,gain,30,100.0,8.561999653353136e-05,False
final_input_token_layerwise,disclosed,k6,gain,31,100.0,0.00025614622210659577,False
final_input_token_layerwise,disclosed,k6,gain,32,100.0,0.0003489933026267211,False
final_input_token_layerwise,disclosed,k6,gain,33,100.0,0.00038133749729124533,False
final_input_token_layerwise,disclosed,k6,gain,34,100.0,0.0007544013970026131,False
final_input_token_layerwise,disclosed,k6,gain,35,100.0,0.0007243908735788396,False
final_input_token_layerwise,disclosed,k6,gain,36,100.0,0.0006670963167239308,False
final_input_token_layerwise,disclosed,k6,response_residual,0,0.0001,-2.7755575615628914e-17,False
final_input_token_layerwise,disclosed,k6,response_residual,1,100.0,0.0003520472028891164,False
final_input_token_layerwise,disclosed,k6,response_residual,2,100.0,-0.0013508739518796886,False
final_input_token_layerwise,disclosed,k6,response_residual,3,100.0,-0.001185775106833542,False
final_input_token_layerwise,disclosed,k6,response_residual,4,100.0,-0.0012672277874379856,False
final_input_token_layerwise,disclosed,k6,response_residual,5,100.0,-0.001169328702994965,False
final_input_token_layerwise,disclosed,k6,response_residual,6,100.0,-0.0010307350076929345,False
final_input_token_layerwise,disclosed,k6,response_residual,7,100.0,-0.0009323069094563097,False
final_input_token_layerwise,disclosed,k6,response_residual,8,100.0,-0.0008496850304126335,False
final_input_token_layerwise,disclosed,k6,response_residual,9,100.0,-0.0007451992617025505,False
final_input_token_layerwise,disclosed,k6,response_residual,10,100.0,-0.0007619727698263412,False
final_input_token_layerwise,disclosed,k6,response_residual,11,100.0,-0.0006290872816279713,False
final_input_token_layerwise,disclosed,k6,response_residual,12,100.0,-0.0005342954406187261,False
final_input_token_layerwise,disclosed,k6,response_residual,13,100.0,-0.0006100905853243521,False
final_input_token_layerwise,disclosed,k6,response_residual,14,100.0,-0.0005381037454698645,False
final_input_token_layerwise,disclosed,k6,response_residual,15,100.0,-0.0007468703546927857,False
final_input_token_layerwise,disclosed,k6,response_residual,16,100.0,-0.0008530119774821099,False
final_input_token_layerwise,disclosed,k6,response_residual,17,100.0,-0.0009678791981263535,False
final_input_token_layerwise,disclosed,k6,response_residual,18,100.0,-0.0013753158537518906,False
final_input_token_layerwise,disclosed,k6,response_residual,19,100.0,-0.0015938147648303924,False
final_input_token_layerwise,disclosed,k6,response_residual,20,100.0,-0.0013737015262332009,False
final_input_token_layerwise,disclosed,k6,response_residual,21,100.0,-0.0011734539069384875,False
final_input_token_layerwise,disclosed,k6,response_residual,22,100.0,-0.0009565262512619688,False
final_input_token_layerwise,disclosed,k6,response_residual,23,100.0,-0.000631986811239299,False
final_input_token_layerwise,disclosed,k6,response_residual,24,100.0,-0.0005270346809010673,False
final_input_token_layerwise,disclosed,k6,response_residual,25,100.0,-7.095228225012518e-05,False
final_input_token_layerwise,disclosed,k6,response_residual,26,100.0,0.00036271855382505325,True
final_input_token_layerwise,disclosed,k6,response_residual,27,100.0,0.0002504795754725009,False
final_input_token_layerwise,disclosed,k6,response_residual,28,100.0,6.978856601871919e-05,False
final_input_token_layerwise,disclosed,k6,response_residual,29,100.0,0.0001226836709628809,False
final_input_token_layerwise,disclosed,k6,response_residual,30,100.0,-0.0001074629706710184,False
final_input_token_layerwise,disclosed,k6,response_residual,31,100.0,3.204295185305073e-05,False
final_input_token_layerwise,disclosed,k6,response_residual,32,100.0,8.083102212491644e-05,False
final_input_token_layerwise,disclosed,k6,response_residual,33,100.0,2.6950492768573753e-05,False
final_input_token_layerwise,disclosed,k6,response_residual,34,100.0,0.0003521363216456852,False
final_input_token_layerwise,disclosed,k6,response_residual,35,100.0,0.0002696469960197234,False
final_input_token_layerwise,disclosed,k6,response_residual,36,100.0,0.00028639631527818676,False
final_input_token_layerwise,disclosed,k6,last_target_observation,0,0.0001,-2.7755575615628914e-17,False
final_input_token_layerwise,disclosed,k6,last_target_observation,1,100.0,-0.0022031651921144424,False
final_input_token_layerwise,disclosed,k6,last_target_observation,2,100.0,0.00017400139212928045,False
final_input_token_layerwise,disclosed,k6,last_target_observation,3,100.0,-5.001233858764609e-05,False
final_input_token_layerwise,disclosed,k6,last_target_observation,4,100.0,5.190573270513754e-05,False
final_input_token_layerwise,disclosed,k6,last_target_observation,5,100.0,-0.00013804959736438138,False
final_input_token_layerwise,disclosed,k6,last_target_observation,6,100.0,9.086108078754096e-05,False
final_input_token_layerwise,disclosed,k6,last_target_observation,7,3.0,0.0016029370439296364,False
final_input_token_layerwise,disclosed,k6,last_target_observation,8,100.0,0.00038759426727821844,False
final_input_token_layerwise,disclosed,k6,last_target_observation,9,3.0,0.006124591611044533,False
final_input_token_layerwise,disclosed,k6,last_target_observation,10,3.0,0.0238096680761071,False
final_input_token_layerwise,disclosed,k6,last_target_observation,11,3.0,0.019076359174616364,False
final_input_token_layerwise,disclosed,k6,last_target_observation,12,3.0,0.014641905393322718,False
final_input_token_layerwise,disclosed,k6,last_target_observation,13,3.0,0.012381674602046644,False
final_input_token_layerwise,disclosed,k6,last_target_observation,14,3.0,0.0209638144826704,False
final_input_token_layerwise,disclosed,k6,last_target_observation,15,3.0,0.009316052403211927,False
final_input_token_layerwise,disclosed,k6,last_target_observation,16,100.0,0.0004764177465035324,False
final_input_token_layerwise,disclosed,k6,last_target_observation,17,100.0,0.00047493993953673375,False
final_input_token_layerwise,disclosed,k6,last_target_observation,18,3.0,0.0004478716032007557,False
final_input_token_layerwise,disclosed,k6,last_target_observation,19,3.0,0.010285485096046182,False
final_input_token_layerwise,disclosed,k6,last_target_observation,20,3.0,0.025590973626250207,False
final_input_token_layerwise,disclosed,k6,last_target_observation,21,3.0,0.028301669770890714,True
final_input_token_layerwise,disclosed,k6,last_target_observation,22,3.0,0.02524075805201209,False
final_input_token_layerwise,disclosed,k6,last_target_observation,23,3.0,0.026732116164225717,False
final_input_token_layerwise,disclosed,k6,last_target_observation,24,3.0,0.025560245778981222,False
final_input_token_layerwise,disclosed,k6,last_target_observation,25,3.0,0.02816344365558998,False
final_input_token_layerwise,disclosed,k6,last_target_observation,26,3.0,0.02453566051667211,False
final_input_token_layerwise,disclosed,k6,last_target_observation,27,3.0,0.02338131204258173,False
final_input_token_layerwise,disclosed,k6,last_target_observation,28,3.0,0.017443562053750805,False
final_input_token_layerwise,disclosed,k6,last_target_observation,29,3.0,0.014755562692135599,False
final_input_token_layerwise,disclosed,k6,last_target_observation,30,3.0,0.013974989406908694,False
final_input_token_layerwise,disclosed,k6,last_target_observation,31,3.0,0.019321516551168483,False
final_input_token_layerwise,disclosed,k6,last_target_observation,32,3.0,0.018309871388084153,False
final_input_token_layerwise,disclosed,k6,last_target_observation,33,3.0,0.014835174506080268,False
final_input_token_layerwise,disclosed,k6,last_target_observation,34,3.0,0.022466177179174845,False
final_input_token_layerwise,disclosed,k6,last_target_observation,35,3.0,0.01582466411499317,False
final_input_token_layerwise,disclosed,k6,last_target_observation,36,3.0,0.01810037782696497,False
final_input_token_layerwise,disclosed,k6,target_observation_mean,0,0.0001,2.7755575615628914e-17,False
final_input_token_layerwise,disclosed,k6,target_observation_mean,1,100.0,-0.0008187688672148807,False
final_input_token_layerwise,disclosed,k6,target_observation_mean,2,3.0,0.0033270642546717744,False
final_input_token_layerwise,disclosed,k6,target_observation_mean,3,3.0,0.01435923010149237,False
final_input_token_layerwise,disclosed,k6,target_observation_mean,4,3.0,0.015130485196436255,False
final_input_token_layerwise,disclosed,k6,target_observation_mean,5,3.0,0.007069298225473641,False
final_input_token_layerwise,disclosed,k6,target_observation_mean,6,3.0,0.013948471862463924,False
final_input_token_layerwise,disclosed,k6,target_observation_mean,7,3.0,0.01563749101102574,False
final_input_token_layerwise,disclosed,k6,target_observation_mean,8,3.0,0.022315005775699615,False
final_input_token_layerwise,disclosed,k6,target_observation_mean,9,3.0,0.01679874130253073,False
final_input_token_layerwise,disclosed,k6,target_observation_mean,10,3.0,0.01090315124007199,False
final_input_token_layerwise,disclosed,k6,target_observation_mean,11,3.0,0.0052760529899993636,False
final_input_token_layerwise,disclosed,k6,target_observation_mean,12,3.0,0.00630159017929971,False
final_input_token_layerwise,disclosed,k6,target_observation_mean,13,3.0,0.007557238413235717,False
final_input_token_layerwise,disclosed,k6,target_observation_mean,14,3.0,0.014992297457442683,False
final_input_token_layerwise,disclosed,k6,target_observation_mean,15,3.0,0.015338229241784684,False
final_input_token_layerwise,disclosed,k6,target_observation_mean,16,3.0,0.006033028430778492,False
final_input_token_layerwise,disclosed,k6,target_observation_mean,17,100.0,-4.6956369122913566e-05,False
final_input_token_layerwise,disclosed,k6,target_observation_mean,18,3.0,0.006556614797376736,False
final_input_token_layerwise,disclosed,k6,target_observation_mean,19,3.0,0.013817902275770927,False
final_input_token_layerwise,disclosed,k6,target_observation_mean,20,3.0,0.02523266730575932,False
final_input_token_layerwise,disclosed,k6,target_observation_mean,21,3.0,0.03354078975636654,False
final_input_token_layerwise,disclosed,k6,target_observation_mean,22,3.0,0.04140340339719062,True
final_input_token_layerwise,disclosed,k6,target_observation_mean,23,3.0,0.032439906561920584,False
final_input_token_layerwise,disclosed,k6,target_observation_mean,24,3.0,0.029966495371525792,False
final_input_token_layerwise,disclosed,k6,target_observation_mean,25,3.0,0.02912816269577062,False
final_input_token_layerwise,disclosed,k6,target_observation_mean,26,3.0,0.023846492536850367,False
final_input_token_layerwise,disclosed,k6,target_observation_mean,27,3.0,0.02393948174283686,False
final_input_token_layerwise,disclosed,k6,target_observation_mean,28,3.0,0.018974124118483843,False
final_input_token_layerwise,disclosed,k6,target_observation_mean,29,3.0,0.013550162097427626,False
final_input_token_layerwise,disclosed,k6,target_observation_mean,30,3.0,0.016252187491182818,False
final_input_token_layerwise,disclosed,k6,target_observation_mean,31,3.0,0.018039517801037797,False
final_input_token_layerwise,disclosed,k6,target_observation_mean,32,3.0,0.013554309091135391,False
final_input_token_layerwise,disclosed,k6,target_observation_mean,33,3.0,0.010895731450062368,False
final_input_token_layerwise,disclosed,k6,target_observation_mean,34,3.0,0.007094622675436119,False
final_input_token_layerwise,disclosed,k6,target_observation_mean,35,3.0,0.009972937411737604,False
final_input_token_layerwise,disclosed,k6,target_observation_mean,36,3.0,0.006462685763793885,False
final_input_token_layerwise,disclosed,k6,target_time_slope,0,0.0001,0.0,False
final_input_token_layerwise,disclosed,k6,target_time_slope,1,100.0,-0.0011762810009565139,False
final_input_token_layerwise,disclosed,k6,target_time_slope,2,100.0,-0.0011465352106123372,False
final_input_token_layerwise,disclosed,k6,target_time_slope,3,100.0,-0.0011384425938160692,False
final_input_token_layerwise,disclosed,k6,target_time_slope,4,100.0,-0.0004996937620748709,False
final_input_token_layerwise,disclosed,k6,target_time_slope,5,100.0,-0.0006284335825457454,False
final_input_token_layerwise,disclosed,k6,target_time_slope,6,100.0,-0.0004859096674886265,False
final_input_token_layerwise,disclosed,k6,target_time_slope,7,100.0,-0.00017743137753686855,False
final_input_token_layerwise,disclosed,k6,target_time_slope,8,100.0,-0.0001388053807180878,False
final_input_token_layerwise,disclosed,k6,target_time_slope,9,100.0,0.00037064041786102897,False
final_input_token_layerwise,disclosed,k6,target_time_slope,10,3.0,0.0072863666676155625,True
final_input_token_layerwise,disclosed,k6,target_time_slope,11,100.0,0.0004908183285296241,False
final_input_token_layerwise,disclosed,k6,target_time_slope,12,100.0,0.00023535392154194756,False
final_input_token_layerwise,disclosed,k6,target_time_slope,13,100.0,0.00034043430245514483,False
final_input_token_layerwise,disclosed,k6,target_time_slope,14,3.0,0.0010484658835941407,False
final_input_token_layerwise,disclosed,k6,target_time_slope,15,100.0,0.00013875201327925857,False
final_input_token_layerwise,disclosed,k6,target_time_slope,16,100.0,-0.0004039846071367259,False
final_input_token_layerwise,disclosed,k6,target_time_slope,17,100.0,-0.000530647179451671,False
final_input_token_layerwise,disclosed,k6,target_time_slope,18,100.0,-0.0005804275670863168,False
final_input_token_layerwise,disclosed,k6,target_time_slope,19,100.0,0.00011289058960034515,False
final_input_token_layerwise,disclosed,k6,target_time_slope,20,100.0,5.8264113720035704e-05,False
final_input_token_layerwise,disclosed,k6,target_time_slope,21,100.0,0.00014675885892920237,False
final_input_token_layerwise,disclosed,k6,target_time_slope,22,100.0,-3.027395286636647e-05,False
final_input_token_layerwise,disclosed,k6,target_time_slope,23,100.0,4.19610791913827e-05,False
final_input_token_layerwise,disclosed,k6,target_time_slope,24,100.0,-0.0004929042733408384,False
final_input_token_layerwise,disclosed,k6,target_time_slope,25,100.0,-0.0006221085312909935,False
final_input_token_layerwise,disclosed,k6,target_time_slope,26,100.0,-0.0005850202479709687,False
final_input_token_layerwise,disclosed,k6,target_time_slope,27,100.0,-0.0007125595409081253,False
final_input_token_layerwise,disclosed,k6,target_time_slope,28,100.0,-0.001068507125474738,False
final_input_token_layerwise,disclosed,k6,target_time_slope,29,100.0,-0.0008497501113532147,False
final_input_token_layerwise,disclosed,k6,target_time_slope,30,100.0,-0.0007426916098891567,False
final_input_token_layerwise,disclosed,k6,target_time_slope,31,100.0,-0.0005331975814530654,False
final_input_token_layerwise,disclosed,k6,target_time_slope,32,100.0,-0.00041171905173528756,False
final_input_token_layerwise,disclosed,k6,target_time_slope,33,100.0,-0.0005399909360436772,False
final_input_token_layerwise,disclosed,k6,target_time_slope,34,100.0,-0.0006647485041772483,False
final_input_token_layerwise,disclosed,k6,target_time_slope,35,100.0,-0.0008892006466173774,False
final_input_token_layerwise,disclosed,k6,target_time_slope,36,100.0,-0.0008623931680684094,False
final_input_token_layerwise,disclosed,k6,displayed_driver_outcome_slope,0,0.0001,-5.551115123125783e-17,False
final_input_token_layerwise,disclosed,k6,displayed_driver_outcome_slope,1,100.0,-0.0014721018727838486,False
final_input_token_layerwise,disclosed,k6,displayed_driver_outcome_slope,2,100.0,-0.00035698651633392364,False
final_input_token_layerwise,disclosed,k6,displayed_driver_outcome_slope,3,100.0,-0.0005075167986733908,False
final_input_token_layerwise,disclosed,k6,displayed_driver_outcome_slope,4,100.0,-0.00018489915404060198,False
final_input_token_layerwise,disclosed,k6,displayed_driver_outcome_slope,5,3.0,0.006849457507870055,False
final_input_token_layerwise,disclosed,k6,displayed_driver_outcome_slope,6,3.0,0.006848674930400422,False
final_input_token_layerwise,disclosed,k6,displayed_driver_outcome_slope,7,3.0,0.002038191862211297,False
final_input_token_layerwise,disclosed,k6,displayed_driver_outcome_slope,8,3.0,0.0023607006670830766,False
final_input_token_layerwise,disclosed,k6,displayed_driver_outcome_slope,9,100.0,-0.0005249759926012343,False
final_input_token_layerwise,disclosed,k6,displayed_driver_outcome_slope,10,3.0,-0.00032908062230158075,False
final_input_token_layerwise,disclosed,k6,displayed_driver_outcome_slope,11,3.0,0.0020187756251822397,False
final_input_token_layerwise,disclosed,k6,displayed_driver_outcome_slope,12,3.0,-0.0002819742751120069,False
final_input_token_layerwise,disclosed,k6,displayed_driver_outcome_slope,13,100.0,-0.00037573988542918824,False
final_input_token_layerwise,disclosed,k6,displayed_driver_outcome_slope,14,100.0,-0.00029184584953928505,False
final_input_token_layerwise,disclosed,k6,displayed_driver_outcome_slope,15,3.0,0.009167962362840176,False
final_input_token_layerwise,disclosed,k6,displayed_driver_outcome_slope,16,3.0,0.01456343528116269,False
final_input_token_layerwise,disclosed,k6,displayed_driver_outcome_slope,17,3.0,0.021259751141812055,False
final_input_token_layerwise,disclosed,k6,displayed_driver_outcome_slope,18,3.0,0.01939675700260557,False
final_input_token_layerwise,disclosed,k6,displayed_driver_outcome_slope,19,3.0,0.02547349386081571,False
final_input_token_layerwise,disclosed,k6,displayed_driver_outcome_slope,20,3.0,0.023956368496875574,False
final_input_token_layerwise,disclosed,k6,displayed_driver_outcome_slope,21,3.0,0.03230031330896116,False
final_input_token_layerwise,disclosed,k6,displayed_driver_outcome_slope,22,3.0,0.027980287385912656,False
final_input_token_layerwise,disclosed,k6,displayed_driver_outcome_slope,23,3.0,0.03645302120783264,True
final_input_token_layerwise,disclosed,k6,displayed_driver_outcome_slope,24,3.0,0.03472092101204735,False
final_input_token_layerwise,disclosed,k6,displayed_driver_outcome_slope,25,3.0,0.031540617995806236,False
final_input_token_layerwise,disclosed,k6,displayed_driver_outcome_slope,26,3.0,0.030873805845952618,False
final_input_token_layerwise,disclosed,k6,displayed_driver_outcome_slope,27,3.0,0.022249584301570702,False
final_input_token_layerwise,disclosed,k6,displayed_driver_outcome_slope,28,3.0,0.01712828468839131,False
final_input_token_layerwise,disclosed,k6,displayed_driver_outcome_slope,29,3.0,0.009069062988850796,False
final_input_token_layerwise,disclosed,k6,displayed_driver_outcome_slope,30,3.0,0.011639126425759677,False
final_input_token_layerwise,disclosed,k6,displayed_driver_outcome_slope,31,3.0,0.005013607831858891,False
final_input_token_layerwise,disclosed,k6,displayed_driver_outcome_slope,32,3.0,0.005411001528254189,False
final_input_token_layerwise,disclosed,k6,displayed_driver_outcome_slope,33,3.0,0.0015608972246908825,False
final_input_token_layerwise,disclosed,k6,displayed_driver_outcome_slope,34,3.0,0.0016857723110662026,False
final_input_token_layerwise,disclosed,k6,displayed_driver_outcome_slope,35,3.0,0.001783933595313425,False
final_input_token_layerwise,disclosed,k6,displayed_driver_outcome_slope,36,100.0,-8.192045024305039e-05,False
final_input_token_layerwise,disclosed,k6,oracle_posterior_gain,0,0.0001,-5.551115123125783e-17,True
final_input_token_layerwise,disclosed,k6,oracle_posterior_gain,1,100.0,-0.0005282696722539171,False
final_input_token_layerwise,disclosed,k6,oracle_posterior_gain,2,100.0,-0.0012841123791774156,False
final_input_token_layerwise,disclosed,k6,oracle_posterior_gain,3,100.0,-0.0009167246375990923,False
final_input_token_layerwise,disclosed,k6,oracle_posterior_gain,4,100.0,-0.0008841613203607879,False
final_input_token_layerwise,disclosed,k6,oracle_posterior_gain,5,100.0,-0.0008286121497646515,False
final_input_token_layerwise,disclosed,k6,oracle_posterior_gain,6,100.0,-0.0009430434896019468,False
final_input_token_layerwise,disclosed,k6,oracle_posterior_gain,7,100.0,-0.0008981256267907578,False
final_input_token_layerwise,disclosed,k6,oracle_posterior_gain,8,100.0,-0.0007998679372194228,False
final_input_token_layerwise,disclosed,k6,oracle_posterior_gain,9,100.0,-0.0008297357131687999,False
final_input_token_layerwise,disclosed,k6,oracle_posterior_gain,10,100.0,-0.0006273829212264659,False
final_input_token_layerwise,disclosed,k6,oracle_posterior_gain,11,100.0,-0.0006773823010181312,False
final_input_token_layerwise,disclosed,k6,oracle_posterior_gain,12,100.0,-0.0005078593171974899,False
final_input_token_layerwise,disclosed,k6,oracle_posterior_gain,13,100.0,-0.000663513265691168,False
final_input_token_layerwise,disclosed,k6,oracle_posterior_gain,14,100.0,-0.000619607508293929,False
final_input_token_layerwise,disclosed,k6,oracle_posterior_gain,15,100.0,-0.0006478125024629577,False
final_input_token_layerwise,disclosed,k6,oracle_posterior_gain,16,100.0,-0.0009994217870268052,False
final_input_token_layerwise,disclosed,k6,oracle_posterior_gain,17,100.0,-0.0015375513484422176,False
final_input_token_layerwise,disclosed,k6,oracle_posterior_gain,18,100.0,-0.0017773537548078089,False
final_input_token_layerwise,disclosed,k6,oracle_posterior_gain,19,100.0,-0.0018104165027328367,False
final_input_token_layerwise,disclosed,k6,oracle_posterior_gain,20,100.0,-0.001447415740742003,False
final_input_token_layerwise,disclosed,k6,oracle_posterior_gain,21,100.0,-0.001838827564052098,False
final_input_token_layerwise,disclosed,k6,oracle_posterior_gain,22,100.0,-0.0015054533189059194,False
final_input_token_layerwise,disclosed,k6,oracle_posterior_gain,23,100.0,-0.001303245391502783,False
final_input_token_layerwise,disclosed,k6,oracle_posterior_gain,24,100.0,-0.0013141951774720828,False
final_input_token_layerwise,disclosed,k6,oracle_posterior_gain,25,100.0,-0.0013376785747300501,False
final_input_token_layerwise,disclosed,k6,oracle_posterior_gain,26,100.0,-0.0015198100462491537,False
final_input_token_layerwise,disclosed,k6,oracle_posterior_gain,27,100.0,-0.001380713574365866,False
final_input_token_layerwise,disclosed,k6,oracle_posterior_gain,28,100.0,-0.0016740891083239506,False
final_input_token_layerwise,disclosed,k6,oracle_posterior_gain,29,100.0,-0.0014549949742543589,False
final_input_token_layerwise,disclosed,k6,oracle_posterior_gain,30,100.0,-0.0012303371745290836,False
final_input_token_layerwise,disclosed,k6,oracle_posterior_gain,31,100.0,-0.0011993023719849005,False
final_input_token_layerwise,disclosed,k6,oracle_posterior_gain,32,100.0,-0.0014474434959853288,False
final_input_token_layerwise,disclosed,k6,oracle_posterior_gain,33,100.0,-0.0015283060082162125,False
final_input_token_layerwise,disclosed,k6,oracle_posterior_gain,34,100.0,-0.0015032446364523777,False
final_input_token_layerwise,disclosed,k6,oracle_posterior_gain,35,100.0,-0.0015244923722869952,False
final_input_token_layerwise,disclosed,k6,oracle_posterior_gain,36,100.0,-0.0017117894380226373,False
final_input_token_layerwise,disclosed,k9,gain,0,0.0001,0.0,False
final_input_token_layerwise,disclosed,k9,gain,1,3.0,0.0017717354262903606,False
final_input_token_layerwise,disclosed,k9,gain,2,3.0,0.008994422869285257,False
final_input_token_layerwise,disclosed,k9,gain,3,3.0,0.000917143689694977,False
final_input_token_layerwise,disclosed,k9,gain,4,3.0,0.0054643961586523515,False
final_input_token_layerwise,disclosed,k9,gain,5,3.0,0.008133447307787589,False
final_input_token_layerwise,disclosed,k9,gain,6,3.0,0.013922534816956822,False
final_input_token_layerwise,disclosed,k9,gain,7,3.0,0.01982782630301974,False
final_input_token_layerwise,disclosed,k9,gain,8,0.1,0.04465122012906514,False
final_input_token_layerwise,disclosed,k9,gain,9,0.1,0.035227542717649774,False
final_input_token_layerwise,disclosed,k9,gain,10,0.1,0.02651768958052164,False
final_input_token_layerwise,disclosed,k9,gain,11,3.0,0.01484971678575922,False
final_input_token_layerwise,disclosed,k9,gain,12,3.0,0.012562937465012719,False
final_input_token_layerwise,disclosed,k9,gain,13,3.0,0.012048052383223207,False
final_input_token_layerwise,disclosed,k9,gain,14,3.0,0.01019732862411446,False
final_input_token_layerwise,disclosed,k9,gain,15,3.0,0.006493700640283179,False
final_input_token_layerwise,disclosed,k9,gain,16,100.0,-0.0002564240484674296,False
final_input_token_layerwise,disclosed,k9,gain,17,100.0,-0.00019963946870862892,False
final_input_token_layerwise,disclosed,k9,gain,18,100.0,-0.0002781739017920226,False
final_input_token_layerwise,disclosed,k9,gain,19,0.1,0.024468230775657712,False
final_input_token_layerwise,disclosed,k9,gain,20,0.1,0.05920707868288902,False
final_input_token_layerwise,disclosed,k9,gain,21,3.0,0.015860373733888294,False
final_input_token_layerwise,disclosed,k9,gain,22,3.0,0.009124764649954709,False
final_input_token_layerwise,disclosed,k9,gain,23,3.0,0.014145527343504188,False
final_input_token_layerwise,disclosed,k9,gain,24,3.0,0.013628316559849252,False
final_input_token_layerwise,disclosed,k9,gain,25,3.0,0.02255731134026201,False
final_input_token_layerwise,disclosed,k9,gain,26,3.0,0.025744398095897764,False
final_input_token_layerwise,disclosed,k9,gain,27,3.0,0.02535805243284789,False
final_input_token_layerwise,disclosed,k9,gain,28,3.0,0.02461631963524233,False
final_input_token_layerwise,disclosed,k9,gain,29,3.0,0.033267335668070164,False
final_input_token_layerwise,disclosed,k9,gain,30,3.0,0.02705180192557416,False
final_input_token_layerwise,disclosed,k9,gain,31,0.1,0.03583024827705797,False
final_input_token_layerwise,disclosed,k9,gain,32,0.1,0.07160495986234508,False
final_input_token_layerwise,disclosed,k9,gain,33,0.1,0.07715107942796248,True
final_input_token_layerwise,disclosed,k9,gain,34,0.1,0.056632920040662116,False
final_input_token_layerwise,disclosed,k9,gain,35,0.1,0.0642038546635863,False
final_input_token_layerwise,disclosed,k9,gain,36,0.1,0.07368883206481652,False
final_input_token_layerwise,disclosed,k9,response_residual,0,0.0001,-2.7755575615628914e-17,False
final_input_token_layerwise,disclosed,k9,response_residual,1,3.0,0.004915895057304692,False
final_input_token_layerwise,disclosed,k9,response_residual,2,3.0,0.0019104164422099612,False
final_input_token_layerwise,disclosed,k9,response_residual,3,100.0,-0.0001615000721051918,False
final_input_token_layerwise,disclosed,k9,response_residual,4,100.0,0.00016586738690063663,False
final_input_token_layerwise,disclosed,k9,response_residual,5,100.0,0.00017736390784411915,False
final_input_token_layerwise,disclosed,k9,response_residual,6,3.0,0.00666708496450788,False
final_input_token_layerwise,disclosed,k9,response_residual,7,3.0,0.010685558391496347,False
final_input_token_layerwise,disclosed,k9,response_residual,8,3.0,0.016164681764504696,False
final_input_token_layerwise,disclosed,k9,response_residual,9,3.0,0.017388016178385507,False
final_input_token_layerwise,disclosed,k9,response_residual,10,3.0,0.008965139440872544,False
final_input_token_layerwise,disclosed,k9,response_residual,11,3.0,0.011009693252888919,False
final_input_token_layerwise,disclosed,k9,response_residual,12,3.0,0.0073714608825330985,False
final_input_token_layerwise,disclosed,k9,response_residual,13,3.0,0.005823876831629604,False
final_input_token_layerwise,disclosed,k9,response_residual,14,3.0,0.0049522430510966775,False
final_input_token_layerwise,disclosed,k9,response_residual,15,3.0,0.0013586279677806068,False
final_input_token_layerwise,disclosed,k9,response_residual,16,100.0,0.00013041384951845147,False
final_input_token_layerwise,disclosed,k9,response_residual,17,100.0,0.00014199272979112387,False
final_input_token_layerwise,disclosed,k9,response_residual,18,100.0,7.355640841100186e-05,False
final_input_token_layerwise,disclosed,k9,response_residual,19,3.0,0.003292811409499774,False
final_input_token_layerwise,disclosed,k9,response_residual,20,3.0,0.006090628739747306,False
final_input_token_layerwise,disclosed,k9,response_residual,21,100.0,0.0003398877196135741,False
final_input_token_layerwise,disclosed,k9,response_residual,22,100.0,0.00013778054369967263,False
final_input_token_layerwise,disclosed,k9,response_residual,23,100.0,0.00025130648830393176,False
final_input_token_layerwise,disclosed,k9,response_residual,24,100.0,0.00028702833844551634,False
final_input_token_layerwise,disclosed,k9,response_residual,25,3.0,0.005055187561939484,False
final_input_token_layerwise,disclosed,k9,response_residual,26,3.0,0.009793767236337708,False
final_input_token_layerwise,disclosed,k9,response_residual,27,3.0,0.007877526968319226,False
final_input_token_layerwise,disclosed,k9,response_residual,28,3.0,0.008401848397440459,False
final_input_token_layerwise,disclosed,k9,response_residual,29,3.0,0.016480850768119726,False
final_input_token_layerwise,disclosed,k9,response_residual,30,3.0,0.009298551986350656,False
final_input_token_layerwise,disclosed,k9,response_residual,31,3.0,0.014965415567197077,False
final_input_token_layerwise,disclosed,k9,response_residual,32,3.0,0.017871624990628332,False
final_input_token_layerwise,disclosed,k9,response_residual,33,3.0,0.01651304872428641,False
final_input_token_layerwise,disclosed,k9,response_residual,34,3.0,0.02175386071666746,True
final_input_token_layerwise,disclosed,k9,response_residual,35,3.0,0.01979458075679197,False
final_input_token_layerwise,disclosed,k9,response_residual,36,3.0,0.020538350113095627,False
final_input_token_layerwise,disclosed,k9,last_target_observation,0,0.0001,1.3877787807814457e-16,False
final_input_token_layerwise,disclosed,k9,last_target_observation,1,3.0,0.003316067452107302,False
final_input_token_layerwise,disclosed,k9,last_target_observation,2,100.0,-0.0005957823529257888,False
final_input_token_layerwise,disclosed,k9,last_target_observation,3,100.0,-0.0004307603790802417,False
final_input_token_layerwise,disclosed,k9,last_target_observation,4,100.0,-0.0004167816253374812,False
final_input_token_layerwise,disclosed,k9,last_target_observation,5,3.0,0.0007843322028287525,False
final_input_token_layerwise,disclosed,k9,last_target_observation,6,3.0,0.00620296525487915,False
final_input_token_layerwise,disclosed,k9,last_target_observation,7,0.1,0.022776199302481953,False
final_input_token_layerwise,disclosed,k9,last_target_observation,8,100.0,0.0004950661740299733,False
final_input_token_layerwise,disclosed,k9,last_target_observation,9,100.0,0.0005543564483593832,False
final_input_token_layerwise,disclosed,k9,last_target_observation,10,100.0,0.0005349166664805893,False
final_input_token_layerwise,disclosed,k9,last_target_observation,11,100.0,0.0005896753675056765,False
final_input_token_layerwise,disclosed,k9,last_target_observation,12,100.0,0.00031901303872586273,False
final_input_token_layerwise,disclosed,k9,last_target_observation,13,100.0,0.00041469771340590933,False
final_input_token_layerwise,disclosed,k9,last_target_observation,14,3.0,0.0013305801557149943,False
final_input_token_layerwise,disclosed,k9,last_target_observation,15,3.0,0.01674916942502408,False
final_input_token_layerwise,disclosed,k9,last_target_observation,16,3.0,0.02762389963868031,True
final_input_token_layerwise,disclosed,k9,last_target_observation,17,3.0,0.01678684966320068,False
final_input_token_layerwise,disclosed,k9,last_target_observation,18,3.0,0.021450705538444803,False
final_input_token_layerwise,disclosed,k9,last_target_observation,19,3.0,0.007250268360291384,False
final_input_token_layerwise,disclosed,k9,last_target_observation,20,3.0,0.000775958361626361,False
final_input_token_layerwise,disclosed,k9,last_target_observation,21,3.0,0.001074492904531793,False
final_input_token_layerwise,disclosed,k9,last_target_observation,22,100.0,6.298061870613214e-05,False
final_input_token_layerwise,disclosed,k9,last_target_observation,23,3.0,0.0018359841601921223,False
final_input_token_layerwise,disclosed,k9,last_target_observation,24,100.0,0.00019273010448520034,False
final_input_token_layerwise,disclosed,k9,last_target_observation,25,100.0,0.0004730125471711366,False
final_input_token_layerwise,disclosed,k9,last_target_observation,26,100.0,0.00041120217243836854,False
final_input_token_layerwise,disclosed,k9,last_target_observation,27,100.0,6.64580988130048e-07,False
final_input_token_layerwise,disclosed,k9,last_target_observation,28,100.0,0.0002102673199056715,False
final_input_token_layerwise,disclosed,k9,last_target_observation,29,100.0,0.000479762670405226,False
final_input_token_layerwise,disclosed,k9,last_target_observation,30,100.0,0.0003596531130154734,False
final_input_token_layerwise,disclosed,k9,last_target_observation,31,100.0,0.00017502950416567464,False
final_input_token_layerwise,disclosed,k9,last_target_observation,32,100.0,4.779722370842898e-05,False
final_input_token_layerwise,disclosed,k9,last_target_observation,33,100.0,-5.910653309587621e-05,False
final_input_token_layerwise,disclosed,k9,last_target_observation,34,100.0,0.0001994470447642116,False
final_input_token_layerwise,disclosed,k9,last_target_observation,35,100.0,9.620135477067526e-05,False
final_input_token_layerwise,disclosed,k9,last_target_observation,36,100.0,0.00011864877214246006,False
final_input_token_layerwise,disclosed,k9,target_observation_mean,0,0.0001,3.885780586188048e-16,False
final_input_token_layerwise,disclosed,k9,target_observation_mean,1,3.0,0.0009672943675207157,False
final_input_token_layerwise,disclosed,k9,target_observation_mean,2,3.0,0.022808189614075464,True
final_input_token_layerwise,disclosed,k9,target_observation_mean,3,3.0,0.021390000709093082,False
final_input_token_layerwise,disclosed,k9,target_observation_mean,4,3.0,0.01565733815238926,False
final_input_token_layerwise,disclosed,k9,target_observation_mean,5,3.0,0.007526203019710326,False
final_input_token_layerwise,disclosed,k9,target_observation_mean,6,3.0,0.002216373771696978,False
final_input_token_layerwise,disclosed,k9,target_observation_mean,7,3.0,0.005576354117085014,False
final_input_token_layerwise,disclosed,k9,target_observation_mean,8,3.0,0.0051539467418613705,False
final_input_token_layerwise,disclosed,k9,target_observation_mean,9,3.0,0.0024678466439991276,False
final_input_token_layerwise,disclosed,k9,target_observation_mean,10,100.0,-0.0007070625380606599,False
final_input_token_layerwise,disclosed,k9,target_observation_mean,11,100.0,-0.0003958232497530412,False
final_input_token_layerwise,disclosed,k9,target_observation_mean,12,100.0,-0.0003456198269881361,False
final_input_token_layerwise,disclosed,k9,target_observation_mean,13,100.0,-0.0003544403233316784,False
final_input_token_layerwise,disclosed,k9,target_observation_mean,14,100.0,-0.00024696495232892635,False
final_input_token_layerwise,disclosed,k9,target_observation_mean,15,100.0,-0.00047800861672339656,False
final_input_token_layerwise,disclosed,k9,target_observation_mean,16,100.0,-0.0006134963529346449,False
final_input_token_layerwise,disclosed,k9,target_observation_mean,17,100.0,-0.000988507753343304,False
final_input_token_layerwise,disclosed,k9,target_observation_mean,18,100.0,-0.0011281984780084353,False
final_input_token_layerwise,disclosed,k9,target_observation_mean,19,100.0,-0.0006403840162448049,False
final_input_token_layerwise,disclosed,k9,target_observation_mean,20,100.0,-0.0008436593344180454,False
final_input_token_layerwise,disclosed,k9,target_observation_mean,21,100.0,-0.0005980783336794471,False
final_input_token_layerwise,disclosed,k9,target_observation_mean,22,100.0,-0.0007497632443715097,False
final_input_token_layerwise,disclosed,k9,target_observation_mean,23,100.0,-0.00034123288923332273,False
final_input_token_layerwise,disclosed,k9,target_observation_mean,24,100.0,-0.0003950722805110274,False
final_input_token_layerwise,disclosed,k9,target_observation_mean,25,100.0,-0.0005734683401308616,False
final_input_token_layerwise,disclosed,k9,target_observation_mean,26,100.0,-0.00019911736859795637,False
final_input_token_layerwise,disclosed,k9,target_observation_mean,27,100.0,-3.8880987483363993e-05,False
final_input_token_layerwise,disclosed,k9,target_observation_mean,28,100.0,-0.0003888200657280183,False
final_input_token_layerwise,disclosed,k9,target_observation_mean,29,100.0,-2.0561383918898946e-05,False
final_input_token_layerwise,disclosed,k9,target_observation_mean,30,100.0,0.0002078259980867192,False
final_input_token_layerwise,disclosed,k9,target_observation_mean,31,100.0,6.0504344113671005e-05,False
final_input_token_layerwise,disclosed,k9,target_observation_mean,32,100.0,0.00010875061974571776,False
final_input_token_layerwise,disclosed,k9,target_observation_mean,33,100.0,-2.5063803962832587e-07,False
final_input_token_layerwise,disclosed,k9,target_observation_mean,34,100.0,-6.876927811982902e-05,False
final_input_token_layerwise,disclosed,k9,target_observation_mean,35,100.0,5.381254354813736e-05,False
final_input_token_layerwise,disclosed,k9,target_observation_mean,36,100.0,9.637407660320618e-05,False
final_input_token_layerwise,disclosed,k9,target_time_slope,0,0.0001,0.0,False
final_input_token_layerwise,disclosed,k9,target_time_slope,1,3.0,0.01537511592683588,False
final_input_token_layerwise,disclosed,k9,target_time_slope,2,100.0,-0.0004333285402690623,False
final_input_token_layerwise,disclosed,k9,target_time_slope,3,100.0,-0.00021516402868854145,False
final_input_token_layerwise,disclosed,k9,target_time_slope,4,100.0,-0.0003094852366039291,False
final_input_token_layerwise,disclosed,k9,target_time_slope,5,100.0,-7.186809726003607e-05,False
final_input_token_layerwise,disclosed,k9,target_time_slope,6,3.0,0.000438951224795342,False
final_input_token_layerwise,disclosed,k9,target_time_slope,7,3.0,0.00023503722926782045,False
final_input_token_layerwise,disclosed,k9,target_time_slope,8,100.0,-8.683581379362315e-05,False
final_input_token_layerwise,disclosed,k9,target_time_slope,9,100.0,-0.00037342609348800515,False
final_input_token_layerwise,disclosed,k9,target_time_slope,10,100.0,-0.00033512480358122154,False
final_input_token_layerwise,disclosed,k9,target_time_slope,11,3.0,0.003701800902060376,False
final_input_token_layerwise,disclosed,k9,target_time_slope,12,3.0,0.0012008859378854486,False
final_input_token_layerwise,disclosed,k9,target_time_slope,13,100.0,0.0002012271824840539,False
final_input_token_layerwise,disclosed,k9,target_time_slope,14,3.0,0.004931287782237809,False
final_input_token_layerwise,disclosed,k9,target_time_slope,15,3.0,0.017703313960398287,False
final_input_token_layerwise,disclosed,k9,target_time_slope,16,3.0,0.019501305759295845,False
final_input_token_layerwise,disclosed,k9,target_time_slope,17,3.0,0.03311110801815359,False
final_input_token_layerwise,disclosed,k9,target_time_slope,18,3.0,0.029332872831199452,False
final_input_token_layerwise,disclosed,k9,target_time_slope,19,3.0,0.031034290689845284,False
final_input_token_layerwise,disclosed,k9,target_time_slope,20,3.0,0.02233639997675868,False
final_input_token_layerwise,disclosed,k9,target_time_slope,21,3.0,0.02212907100447742,False
final_input_token_layerwise,disclosed,k9,target_time_slope,22,3.0,0.022971128853752354,False
final_input_token_layerwise,disclosed,k9,target_time_slope,23,3.0,0.03396703526907621,False
final_input_token_layerwise,disclosed,k9,target_time_slope,24,3.0,0.028448401996105738,False
final_input_token_layerwise,disclosed,k9,target_time_slope,25,3.0,0.02929153478511548,False
final_input_token_layerwise,disclosed,k9,target_time_slope,26,3.0,0.035364994664515176,False
final_input_token_layerwise,disclosed,k9,target_time_slope,27,3.0,0.025851280111389374,False
final_input_token_layerwise,disclosed,k9,target_time_slope,28,3.0,0.03494507367817373,False
final_input_token_layerwise,disclosed,k9,target_time_slope,29,3.0,0.04325434619878463,True
final_input_token_layerwise,disclosed,k9,target_time_slope,30,3.0,0.04281950381032701,False
final_input_token_layerwise,disclosed,k9,target_time_slope,31,3.0,0.03442433328863259,False
final_input_token_layerwise,disclosed,k9,target_time_slope,32,3.0,0.031209866509849887,False
final_input_token_layerwise,disclosed,k9,target_time_slope,33,3.0,0.022338542176578324,False
final_input_token_layerwise,disclosed,k9,target_time_slope,34,3.0,0.02539766772928778,False
final_input_token_layerwise,disclosed,k9,target_time_slope,35,3.0,0.023661765025803666,False
final_input_token_layerwise,disclosed,k9,target_time_slope,36,3.0,0.02676888558577606,False
final_input_token_layerwise,disclosed,k9,displayed_driver_outcome_slope,0,0.0001,-1.1102230246251565e-16,False
final_input_token_layerwise,disclosed,k9,displayed_driver_outcome_slope,1,100.0,-0.0003725828610319504,False
final_input_token_layerwise,disclosed,k9,displayed_driver_outcome_slope,2,100.0,9.10769291673219e-06,False
final_input_token_layerwise,disclosed,k9,displayed_driver_outcome_slope,3,100.0,-0.00016676738379958755,False
final_input_token_layerwise,disclosed,k9,displayed_driver_outcome_slope,4,100.0,-0.00015505993470632529,False
final_input_token_layerwise,disclosed,k9,displayed_driver_outcome_slope,5,3.0,0.010239958993026016,False
final_input_token_layerwise,disclosed,k9,displayed_driver_outcome_slope,6,3.0,0.011709007127617077,False
final_input_token_layerwise,disclosed,k9,displayed_driver_outcome_slope,7,3.0,0.013925697323022346,False
final_input_token_layerwise,disclosed,k9,displayed_driver_outcome_slope,8,3.0,0.018412126698899994,False
final_input_token_layerwise,disclosed,k9,displayed_driver_outcome_slope,9,3.0,0.019862885280446746,False
final_input_token_layerwise,disclosed,k9,displayed_driver_outcome_slope,10,3.0,0.027901524732752897,False
final_input_token_layerwise,disclosed,k9,displayed_driver_outcome_slope,11,3.0,0.031011236388575947,True
final_input_token_layerwise,disclosed,k9,displayed_driver_outcome_slope,12,3.0,0.027824059231736836,False
final_input_token_layerwise,disclosed,k9,displayed_driver_outcome_slope,13,3.0,0.01450701492944062,False
final_input_token_layerwise,disclosed,k9,displayed_driver_outcome_slope,14,3.0,0.0052634846171087935,False
final_input_token_layerwise,disclosed,k9,displayed_driver_outcome_slope,15,100.0,3.054925034401412e-05,False
final_input_token_layerwise,disclosed,k9,displayed_driver_outcome_slope,16,100.0,-0.00028206725386317744,False
final_input_token_layerwise,disclosed,k9,displayed_driver_outcome_slope,17,100.0,-0.0003791826856613667,False
final_input_token_layerwise,disclosed,k9,displayed_driver_outcome_slope,18,100.0,-0.0005067559923155329,False
final_input_token_layerwise,disclosed,k9,displayed_driver_outcome_slope,19,100.0,-0.0004167828635904536,False
final_input_token_layerwise,disclosed,k9,displayed_driver_outcome_slope,20,100.0,-0.0003582192201845025,False
final_input_token_layerwise,disclosed,k9,displayed_driver_outcome_slope,21,100.0,-0.00022726873628084454,False
final_input_token_layerwise,disclosed,k9,displayed_driver_outcome_slope,22,100.0,-0.0005656507155725743,False
final_input_token_layerwise,disclosed,k9,displayed_driver_outcome_slope,23,100.0,-0.0005253104935550035,False
final_input_token_layerwise,disclosed,k9,displayed_driver_outcome_slope,24,100.0,-0.000465453261504184,False
final_input_token_layerwise,disclosed,k9,displayed_driver_outcome_slope,25,100.0,5.164527328535562e-05,False
final_input_token_layerwise,disclosed,k9,displayed_driver_outcome_slope,26,100.0,0.00029536726797085855,False
final_input_token_layerwise,disclosed,k9,displayed_driver_outcome_slope,27,100.0,4.196925132907148e-05,False
final_input_token_layerwise,disclosed,k9,displayed_driver_outcome_slope,28,100.0,-8.547480453915957e-05,False
final_input_token_layerwise,disclosed,k9,displayed_driver_outcome_slope,29,100.0,0.0001266857696191892,False
final_input_token_layerwise,disclosed,k9,displayed_driver_outcome_slope,30,100.0,1.3103129682862091e-05,False
final_input_token_layerwise,disclosed,k9,displayed_driver_outcome_slope,31,100.0,6.627674854153831e-06,False
final_input_token_layerwise,disclosed,k9,displayed_driver_outcome_slope,32,100.0,2.5847422804203823e-05,False
final_input_token_layerwise,disclosed,k9,displayed_driver_outcome_slope,33,100.0,0.0002208869830755411,False
final_input_token_layerwise,disclosed,k9,displayed_driver_outcome_slope,34,100.0,-0.00014227918012754692,False
final_input_token_layerwise,disclosed,k9,displayed_driver_outcome_slope,35,100.0,-0.0002994303646959573,False
final_input_token_layerwise,disclosed,k9,displayed_driver_outcome_slope,36,100.0,-0.0004933096263412262,False
final_input_token_layerwise,disclosed,k9,oracle_posterior_gain,0,0.0001,0.0,False
final_input_token_layerwise,disclosed,k9,oracle_posterior_gain,1,3.0,0.004917575616579906,False
final_input_token_layerwise,disclosed,k9,oracle_posterior_gain,2,3.0,0.006334938352843267,False
final_input_token_layerwise,disclosed,k9,oracle_posterior_gain,3,100.0,-0.0004903421882619663,False
final_input_token_layerwise,disclosed,k9,oracle_posterior_gain,4,100.0,-0.00015290649957966362,False
final_input_token_layerwise,disclosed,k9,oracle_posterior_gain,5,100.0,-0.00019102972646317662,False
final_input_token_layerwise,disclosed,k9,oracle_posterior_gain,6,100.0,-0.0002391593547677595,False
final_input_token_layerwise,disclosed,k9,oracle_posterior_gain,7,3.0,0.005841294296158456,False
final_input_token_layerwise,disclosed,k9,oracle_posterior_gain,8,3.0,0.006107733205375637,False
final_input_token_layerwise,disclosed,k9,oracle_posterior_gain,9,100.0,-2.9896538383172855e-05,False
final_input_token_layerwise,disclosed,k9,oracle_posterior_gain,10,100.0,-0.00014633665951938046,False
final_input_token_layerwise,disclosed,k9,oracle_posterior_gain,11,100.0,-0.00023161507099928036,False
final_input_token_layerwise,disclosed,k9,oracle_posterior_gain,12,100.0,-0.00024304074361336525,False
final_input_token_layerwise,disclosed,k9,oracle_posterior_gain,13,100.0,-3.735431184964666e-05,False
final_input_token_layerwise,disclosed,k9,oracle_posterior_gain,14,100.0,-0.0001841792384832397,False
final_input_token_layerwise,disclosed,k9,oracle_posterior_gain,15,100.0,0.00015380240235260412,False
final_input_token_layerwise,disclosed,k9,oracle_posterior_gain,16,100.0,-5.028118111047308e-05,False
final_input_token_layerwise,disclosed,k9,oracle_posterior_gain,17,100.0,8.987768147947217e-05,False
final_input_token_layerwise,disclosed,k9,oracle_posterior_gain,18,3.0,0.003789681418924773,False
final_input_token_layerwise,disclosed,k9,oracle_posterior_gain,19,3.0,0.015361821270036352,False
final_input_token_layerwise,disclosed,k9,oracle_posterior_gain,20,3.0,0.015492353779912676,True
final_input_token_layerwise,disclosed,k9,oracle_posterior_gain,21,3.0,0.013211566634863142,False
final_input_token_layerwise,disclosed,k9,oracle_posterior_gain,22,3.0,0.011794817938996338,False
final_input_token_layerwise,disclosed,k9,oracle_posterior_gain,23,3.0,0.005846886517178185,False
final_input_token_layerwise,disclosed,k9,oracle_posterior_gain,24,100.0,0.00012535748622732878,False
final_input_token_layerwise,disclosed,k9,oracle_posterior_gain,25,100.0,0.00044511030492064285,False
final_input_token_layerwise,disclosed,k9,oracle_posterior_gain,26,100.0,0.0003984904848524373,False
final_input_token_layerwise,disclosed,k9,oracle_posterior_gain,27,100.0,0.00030261289041513817,False
final_input_token_layerwise,disclosed,k9,oracle_posterior_gain,28,100.0,-4.9382901188693706e-05,False
final_input_token_layerwise,disclosed,k9,oracle_posterior_gain,29,100.0,0.0002533554996441145,False
final_input_token_layerwise,disclosed,k9,oracle_posterior_gain,30,100.0,0.0003168042746976574,False
final_input_token_layerwise,disclosed,k9,oracle_posterior_gain,31,100.0,0.0003804076926496869,False
final_input_token_layerwise,disclosed,k9,oracle_posterior_gain,32,100.0,0.0005235405215914535,False
final_input_token_layerwise,disclosed,k9,oracle_posterior_gain,33,3.0,0.0012173535677393321,False
final_input_token_layerwise,disclosed,k9,oracle_posterior_gain,34,3.0,0.003371934997290771,False
final_input_token_layerwise,disclosed,k9,oracle_posterior_gain,35,100.0,0.0012606230519720818,False
final_input_token_layerwise,disclosed,k9,oracle_posterior_gain,36,100.0,0.0009067493791552472,False
final_input_token_layerwise,disclosed,pooled,gain,0,0.0001,0.0,False
final_input_token_layerwise,disclosed,pooled,gain,1,100.0,0.001386374236918203,False
final_input_token_layerwise,disclosed,pooled,gain,2,100.0,-0.001198376570878068,False
final_input_token_layerwise,disclosed,pooled,gain,3,100.0,-0.0017616914964199888,False
final_input_token_layerwise,disclosed,pooled,gain,4,100.0,-0.0017641066101829472,False
final_input_token_layerwise,disclosed,pooled,gain,5,100.0,-0.002435300465243151,False
final_input_token_layerwise,disclosed,pooled,gain,6,100.0,-0.002334084522358985,False
final_input_token_layerwise,disclosed,pooled,gain,7,100.0,-0.002587350144883954,False
final_input_token_layerwise,disclosed,pooled,gain,8,100.0,-0.0015038788328980146,False
final_input_token_layerwise,disclosed,pooled,gain,9,100.0,-0.0005020579028270263,False
final_input_token_layerwise,disclosed,pooled,gain,10,100.0,-0.000370582944720745,False
final_input_token_layerwise,disclosed,pooled,gain,11,100.0,-0.0005948258705884742,False
final_input_token_layerwise,disclosed,pooled,gain,12,100.0,-0.0004282457147454973,False
final_input_token_layerwise,disclosed,pooled,gain,13,100.0,0.0006570547488333189,False
final_input_token_layerwise,disclosed,pooled,gain,14,100.0,2.882186186676609e-05,False
final_input_token_layerwise,disclosed,pooled,gain,15,100.0,-0.00021316433498499987,False
final_input_token_layerwise,disclosed,pooled,gain,16,100.0,-0.0006606342060137734,False
final_input_token_layerwise,disclosed,pooled,gain,17,100.0,-0.0012954403860000185,False
final_input_token_layerwise,disclosed,pooled,gain,18,100.0,-0.0020043994459359358,False
final_input_token_layerwise,disclosed,pooled,gain,19,100.0,-0.00024794805189479185,False
final_input_token_layerwise,disclosed,pooled,gain,20,100.0,0.0003996581958687073,False
final_input_token_layerwise,disclosed,pooled,gain,21,100.0,0.00041379785278365205,False
final_input_token_layerwise,disclosed,pooled,gain,22,100.0,0.0007544381941449463,False
final_input_token_layerwise,disclosed,pooled,gain,23,100.0,0.0010571134197550347,False
final_input_token_layerwise,disclosed,pooled,gain,24,100.0,0.002677784344522418,False
final_input_token_layerwise,disclosed,pooled,gain,25,100.0,0.003488340989328311,False
final_input_token_layerwise,disclosed,pooled,gain,26,100.0,0.0034926664955924704,False
final_input_token_layerwise,disclosed,pooled,gain,27,100.0,0.002531390607373072,False
final_input_token_layerwise,disclosed,pooled,gain,28,100.0,0.002456749694548288,False
final_input_token_layerwise,disclosed,pooled,gain,29,100.0,0.00248836752553964,False
final_input_token_layerwise,disclosed,pooled,gain,30,100.0,0.0017455035051395045,False
final_input_token_layerwise,disclosed,pooled,gain,31,100.0,0.0016244454051777917,False
final_input_token_layerwise,disclosed,pooled,gain,32,100.0,0.0027902682579866536,False
final_input_token_layerwise,disclosed,pooled,gain,33,100.0,0.0029247342238781318,False
final_input_token_layerwise,disclosed,pooled,gain,34,100.0,0.0035746147655949154,False
final_input_token_layerwise,disclosed,pooled,gain,35,100.0,0.0033193972133859126,False
final_input_token_layerwise,disclosed,pooled,gain,36,100.0,0.004177108488038391,True
final_input_token_layerwise,disclosed,pooled,response_residual,0,0.0001,-2.7755575615628914e-17,False
final_input_token_layerwise,disclosed,pooled,response_residual,1,100.0,0.0020788076346514583,False
final_input_token_layerwise,disclosed,pooled,response_residual,2,100.0,-0.0020120816768158523,False
final_input_token_layerwise,disclosed,pooled,response_residual,3,100.0,-0.002272303312522326,False
final_input_token_layerwise,disclosed,pooled,response_residual,4,100.0,-0.002664661280300795,False
final_input_token_layerwise,disclosed,pooled,response_residual,5,100.0,-0.00475827059952269,False
final_input_token_layerwise,disclosed,pooled,response_residual,6,100.0,-0.0034875352132246185,False
final_input_token_layerwise,disclosed,pooled,response_residual,7,100.0,-0.0038965220002413017,False
final_input_token_layerwise,disclosed,pooled,response_residual,8,100.0,-0.002704892169355442,False
final_input_token_layerwise,disclosed,pooled,response_residual,9,100.0,-0.0017729809331121411,False
final_input_token_layerwise,disclosed,pooled,response_residual,10,100.0,-0.001577343254768493,False
final_input_token_layerwise,disclosed,pooled,response_residual,11,100.0,-0.0011390252113476034,False
final_input_token_layerwise,disclosed,pooled,response_residual,12,100.0,-0.001307351643849967,False
final_input_token_layerwise,disclosed,pooled,response_residual,13,100.0,-3.3329817747211145e-05,False
final_input_token_layerwise,disclosed,pooled,response_residual,14,100.0,-0.0005332335829732008,False
final_input_token_layerwise,disclosed,pooled,response_residual,15,100.0,-0.001214061668384614,False
final_input_token_layerwise,disclosed,pooled,response_residual,16,100.0,-0.0016906610666642212,False
final_input_token_layerwise,disclosed,pooled,response_residual,17,100.0,-0.0019173670163407837,False
final_input_token_layerwise,disclosed,pooled,response_residual,18,100.0,-0.0025242352336168707,False
final_input_token_layerwise,disclosed,pooled,response_residual,19,100.0,-0.0020055733599871894,False
final_input_token_layerwise,disclosed,pooled,response_residual,20,100.0,-0.0015709822285950952,False
final_input_token_layerwise,disclosed,pooled,response_residual,21,100.0,-0.0014956654574489654,False
final_input_token_layerwise,disclosed,pooled,response_residual,22,100.0,-0.001334704586468875,False
final_input_token_layerwise,disclosed,pooled,response_residual,23,100.0,-0.0008354540319637412,False
final_input_token_layerwise,disclosed,pooled,response_residual,24,100.0,0.001188534214419316,False
final_input_token_layerwise,disclosed,pooled,response_residual,25,100.0,0.0017382966161395008,False
final_input_token_layerwise,disclosed,pooled,response_residual,26,100.0,0.0019005452938698486,False
final_input_token_layerwise,disclosed,pooled,response_residual,27,100.0,0.00116611162753603,False
final_input_token_layerwise,disclosed,pooled,response_residual,28,100.0,0.0012551718342296476,False
final_input_token_layerwise,disclosed,pooled,response_residual,29,100.0,0.0015384217188085063,False
final_input_token_layerwise,disclosed,pooled,response_residual,30,100.0,0.001048308714768048,False
final_input_token_layerwise,disclosed,pooled,response_residual,31,100.0,0.0014211235114778935,False
final_input_token_layerwise,disclosed,pooled,response_residual,32,100.0,0.002307247542706947,False
final_input_token_layerwise,disclosed,pooled,response_residual,33,100.0,0.002195350230204738,False
final_input_token_layerwise,disclosed,pooled,response_residual,34,100.0,0.0025193747551399324,False
final_input_token_layerwise,disclosed,pooled,response_residual,35,100.0,0.0023001070591778063,False
final_input_token_layerwise,disclosed,pooled,response_residual,36,100.0,0.0031485954939089824,True
final_input_token_layerwise,undisclosed,k3,gain,0,0.0001,0.0,False
final_input_token_layerwise,undisclosed,k3,gain,1,100.0,-0.0016511612171436485,False
final_input_token_layerwise,undisclosed,k3,gain,2,100.0,0.0010152428146015524,False
final_input_token_layerwise,undisclosed,k3,gain,3,100.0,0.001032607201518515,False
final_input_token_layerwise,undisclosed,k3,gain,4,100.0,0.0012384233966246938,False
final_input_token_layerwise,undisclosed,k3,gain,5,100.0,0.0005544888975802797,False
final_input_token_layerwise,undisclosed,k3,gain,6,100.0,0.00032772973710018527,False
final_input_token_layerwise,undisclosed,k3,gain,7,100.0,0.00040268990675892957,False
final_input_token_layerwise,undisclosed,k3,gain,8,100.0,0.000469386935843058,False
final_input_token_layerwise,undisclosed,k3,gain,9,100.0,0.0006679126181411421,False
final_input_token_layerwise,undisclosed,k3,gain,10,100.0,0.0010614855211529828,False
final_input_token_layerwise,undisclosed,k3,gain,11,100.0,0.0007038322222727156,False
final_input_token_layerwise,undisclosed,k3,gain,12,100.0,0.0007590869099441955,False
final_input_token_layerwise,undisclosed,k3,gain,13,100.0,0.0007658859210794566,False
final_input_token_layerwise,undisclosed,k3,gain,14,100.0,0.0011522638543552954,False
final_input_token_layerwise,undisclosed,k3,gain,15,100.0,0.0011123824024779905,False
final_input_token_layerwise,undisclosed,k3,gain,16,100.0,0.0010233018236634472,False
final_input_token_layerwise,undisclosed,k3,gain,17,100.0,0.00094319991885633,False
final_input_token_layerwise,undisclosed,k3,gain,18,100.0,0.0006847086227245169,False
final_input_token_layerwise,undisclosed,k3,gain,19,100.0,0.0009854293064866237,False
final_input_token_layerwise,undisclosed,k3,gain,20,100.0,0.0014331975801668284,False
final_input_token_layerwise,undisclosed,k3,gain,21,3.0,0.001875656660523195,False
final_input_token_layerwise,undisclosed,k3,gain,22,3.0,0.006338734751289127,False
final_input_token_layerwise,undisclosed,k3,gain,23,3.0,0.010715362854401445,False
final_input_token_layerwise,undisclosed,k3,gain,24,3.0,0.01748914920014108,False
final_input_token_layerwise,undisclosed,k3,gain,25,3.0,0.02314586652274117,False
final_input_token_layerwise,undisclosed,k3,gain,26,3.0,0.029705120804648988,False
final_input_token_layerwise,undisclosed,k3,gain,27,3.0,0.029060411679577597,False
final_input_token_layerwise,undisclosed,k3,gain,28,3.0,0.03210891075580799,False
final_input_token_layerwise,undisclosed,k3,gain,29,3.0,0.02875574580178103,False
final_input_token_layerwise,undisclosed,k3,gain,30,3.0,0.03367751606079977,True
final_input_token_layerwise,undisclosed,k3,gain,31,3.0,0.03271830652017707,False
final_input_token_layerwise,undisclosed,k3,gain,32,3.0,0.030370339936209828,False
final_input_token_layerwise,undisclosed,k3,gain,33,3.0,0.03272610246048946,False
final_input_token_layerwise,undisclosed,k3,gain,34,3.0,0.028096550172666768,False
final_input_token_layerwise,undisclosed,k3,gain,35,3.0,0.029087822650446876,False
final_input_token_layerwise,undisclosed,k3,gain,36,3.0,0.028823054527640724,False
final_input_token_layerwise,undisclosed,k3,response_residual,0,0.0001,-2.7755575615628914e-17,False
final_input_token_layerwise,undisclosed,k3,response_residual,1,100.0,-0.001389148913016669,False
final_input_token_layerwise,undisclosed,k3,response_residual,2,100.0,0.0007808066609399644,False
final_input_token_layerwise,undisclosed,k3,response_residual,3,100.0,0.001069983395835361,False
final_input_token_layerwise,undisclosed,k3,response_residual,4,100.0,0.0012333094572876402,False
final_input_token_layerwise,undisclosed,k3,response_residual,5,100.0,0.0006473671106812795,False
final_input_token_layerwise,undisclosed,k3,response_residual,6,100.0,0.00045760992703550163,False
final_input_token_layerwise,undisclosed,k3,response_residual,7,100.0,0.00035550442430254403,False
final_input_token_layerwise,undisclosed,k3,response_residual,8,100.0,0.00021254860561573108,False
final_input_token_layerwise,undisclosed,k3,response_residual,9,100.0,0.0002412127963614119,False
final_input_token_layerwise,undisclosed,k3,response_residual,10,100.0,0.000566951696418877,False
final_input_token_layerwise,undisclosed,k3,response_residual,11,100.0,0.0003853445705953029,False
final_input_token_layerwise,undisclosed,k3,response_residual,12,100.0,0.00038915650345622277,False
final_input_token_layerwise,undisclosed,k3,response_residual,13,100.0,0.000303182796212248,False
final_input_token_layerwise,undisclosed,k3,response_residual,14,100.0,0.0006610405501958627,False
final_input_token_layerwise,undisclosed,k3,response_residual,15,100.0,0.000726836102806383,False
final_input_token_layerwise,undisclosed,k3,response_residual,16,100.0,0.0006272795422128385,False
final_input_token_layerwise,undisclosed,k3,response_residual,17,100.0,0.0006098247378610311,False
final_input_token_layerwise,undisclosed,k3,response_residual,18,100.0,0.0006291747692794836,False
final_input_token_layerwise,undisclosed,k3,response_residual,19,100.0,0.0012700969919662852,False
final_input_token_layerwise,undisclosed,k3,response_residual,20,100.0,0.0016056944580784271,False
final_input_token_layerwise,undisclosed,k3,response_residual,21,100.0,0.0021366644120313083,False
final_input_token_layerwise,undisclosed,k3,response_residual,22,100.0,0.002502672835695191,False
final_input_token_layerwise,undisclosed,k3,response_residual,23,100.0,0.0027153268193650104,False
final_input_token_layerwise,undisclosed,k3,response_residual,24,100.0,0.00309335568180244,False
final_input_token_layerwise,undisclosed,k3,response_residual,25,100.0,0.0029947822333321883,False
final_input_token_layerwise,undisclosed,k3,response_residual,26,100.0,0.0034419412616449874,False
final_input_token_layerwise,undisclosed,k3,response_residual,27,100.0,0.0035559592346551816,False
final_input_token_layerwise,undisclosed,k3,response_residual,28,3.0,0.007366812536213407,False
final_input_token_layerwise,undisclosed,k3,response_residual,29,3.0,0.003812450473549278,False
final_input_token_layerwise,undisclosed,k3,response_residual,30,3.0,0.007671165090434751,False
final_input_token_layerwise,undisclosed,k3,response_residual,31,3.0,0.008398066710607555,False
final_input_token_layerwise,undisclosed,k3,response_residual,32,3.0,0.006997651085880907,False
final_input_token_layerwise,undisclosed,k3,response_residual,33,3.0,0.008842204423791189,True
final_input_token_layerwise,undisclosed,k3,response_residual,34,3.0,0.006470192835983185,False
final_input_token_layerwise,undisclosed,k3,response_residual,35,3.0,0.008466332484619643,False
final_input_token_layerwise,undisclosed,k3,response_residual,36,3.0,0.008038037584486013,False
final_input_token_layerwise,undisclosed,k3,last_target_observation,0,0.0001,-8.326672684688674e-17,False
final_input_token_layerwise,undisclosed,k3,last_target_observation,1,0.1,0.08225479796679974,True
final_input_token_layerwise,undisclosed,k3,last_target_observation,2,100.0,0.0006134000807580253,False
final_input_token_layerwise,undisclosed,k3,last_target_observation,3,0.1,0.024945356052911344,False
final_input_token_layerwise,undisclosed,k3,last_target_observation,4,100.0,0.0004951966099243643,False
final_input_token_layerwise,undisclosed,k3,last_target_observation,5,0.1,0.01824980253253572,False
final_input_token_layerwise,undisclosed,k3,last_target_observation,6,3.0,0.006438197382788086,False
final_input_token_layerwise,undisclosed,k3,last_target_observation,7,3.0,0.006053662423930378,False
final_input_token_layerwise,undisclosed,k3,last_target_observation,8,3.0,0.005108053834791126,False
final_input_token_layerwise,undisclosed,k3,last_target_observation,9,3.0,0.0037763493250338453,False
final_input_token_layerwise,undisclosed,k3,last_target_observation,10,3.0,0.0007287585072001668,False
final_input_token_layerwise,undisclosed,k3,last_target_observation,11,100.0,0.0003966832562199152,False
final_input_token_layerwise,undisclosed,k3,last_target_observation,12,100.0,0.0006378877351902179,False
final_input_token_layerwise,undisclosed,k3,last_target_observation,13,100.0,0.00039620550888117,False
final_input_token_layerwise,undisclosed,k3,last_target_observation,14,3.0,0.009608100909397621,False
final_input_token_layerwise,undisclosed,k3,last_target_observation,15,3.0,0.012176501521360877,False
final_input_token_layerwise,undisclosed,k3,last_target_observation,16,3.0,0.011281540103209059,False
final_input_token_layerwise,undisclosed,k3,last_target_observation,17,3.0,0.0027395593893963233,False
final_input_token_layerwise,undisclosed,k3,last_target_observation,18,100.0,0.0005021255697224558,False
final_input_token_layerwise,undisclosed,k3,last_target_observation,19,100.0,-0.00014937741835721607,False
final_input_token_layerwise,undisclosed,k3,last_target_observation,20,100.0,-0.00030062335861483214,False
final_input_token_layerwise,undisclosed,k3,last_target_observation,21,100.0,-0.0007911077009641054,False
final_input_token_layerwise,undisclosed,k3,last_target_observation,22,100.0,-0.0010144559046094959,False
final_input_token_layerwise,undisclosed,k3,last_target_observation,23,100.0,-0.0008089658760039309,False
final_input_token_layerwise,undisclosed,k3,last_target_observation,24,100.0,-0.00028879095556949563,False
final_input_token_layerwise,undisclosed,k3,last_target_observation,25,100.0,-1.5044681239695379e-06,False
final_input_token_layerwise,undisclosed,k3,last_target_observation,26,100.0,-0.00030268310344017113,False
final_input_token_layerwise,undisclosed,k3,last_target_observation,27,100.0,2.8214921766689383e-05,False
final_input_token_layerwise,undisclosed,k3,last_target_observation,28,100.0,0.000342573311347405,False
final_input_token_layerwise,undisclosed,k3,last_target_observation,29,100.0,0.00033118764364875597,False
final_input_token_layerwise,undisclosed,k3,last_target_observation,30,100.0,0.0002774251585312415,False
final_input_token_layerwise,undisclosed,k3,last_target_observation,31,100.0,0.0002714190065884192,False
final_input_token_layerwise,undisclosed,k3,last_target_observation,32,100.0,6.722805484318806e-05,False
final_input_token_layerwise,undisclosed,k3,last_target_observation,33,100.0,0.00016352215745996102,False
final_input_token_layerwise,undisclosed,k3,last_target_observation,34,100.0,0.000623928303130683,False
final_input_token_layerwise,undisclosed,k3,last_target_observation,35,100.0,0.0007803516371988339,False
final_input_token_layerwise,undisclosed,k3,last_target_observation,36,3.0,0.001948894196297929,False
final_input_token_layerwise,undisclosed,k3,target_observation_mean,0,0.0001,5.551115123125783e-17,False
final_input_token_layerwise,undisclosed,k3,target_observation_mean,1,3.0,0.04483643693938644,True
final_input_token_layerwise,undisclosed,k3,target_observation_mean,2,3.0,0.012417630204402702,False
final_input_token_layerwise,undisclosed,k3,target_observation_mean,3,3.0,0.012117710047463454,False
final_input_token_layerwise,undisclosed,k3,target_observation_mean,4,3.0,0.004576392899477283,False
final_input_token_layerwise,undisclosed,k3,target_observation_mean,5,3.0,0.013091742138238882,False
final_input_token_layerwise,undisclosed,k3,target_observation_mean,6,3.0,0.009882065164277531,False
final_input_token_layerwise,undisclosed,k3,target_observation_mean,7,3.0,0.009360563678554173,False
final_input_token_layerwise,undisclosed,k3,target_observation_mean,8,3.0,0.008771163651543512,False
final_input_token_layerwise,undisclosed,k3,target_observation_mean,9,3.0,0.004849912899816761,False
final_input_token_layerwise,undisclosed,k3,target_observation_mean,10,3.0,0.0026717114478078674,False
final_input_token_layerwise,undisclosed,k3,target_observation_mean,11,100.0,0.0009694244778305772,False
final_input_token_layerwise,undisclosed,k3,target_observation_mean,12,100.0,0.0013407318444673688,False
final_input_token_layerwise,undisclosed,k3,target_observation_mean,13,3.0,0.0042580449153920286,False
final_input_token_layerwise,undisclosed,k3,target_observation_mean,14,3.0,0.005760221794345294,False
final_input_token_layerwise,undisclosed,k3,target_observation_mean,15,3.0,0.005467305891125068,False
final_input_token_layerwise,undisclosed,k3,target_observation_mean,16,3.0,0.007284376171969031,False
final_input_token_layerwise,undisclosed,k3,target_observation_mean,17,3.0,0.01954856411838482,False
final_input_token_layerwise,undisclosed,k3,target_observation_mean,18,3.0,0.004708071818152221,False
final_input_token_layerwise,undisclosed,k3,target_observation_mean,19,100.0,0.0008159027525133644,False
final_input_token_layerwise,undisclosed,k3,target_observation_mean,20,100.0,0.0008780211570635632,False
final_input_token_layerwise,undisclosed,k3,target_observation_mean,21,100.0,0.0009898771173281473,False
final_input_token_layerwise,undisclosed,k3,target_observation_mean,22,100.0,0.0007122563295537399,False
final_input_token_layerwise,undisclosed,k3,target_observation_mean,23,100.0,0.0007630536927592246,False
final_input_token_layerwise,undisclosed,k3,target_observation_mean,24,100.0,0.0009560120551766749,False
final_input_token_layerwise,undisclosed,k3,target_observation_mean,25,100.0,0.001172227098350881,False
final_input_token_layerwise,undisclosed,k3,target_observation_mean,26,100.0,0.0012068344989150381,False
final_input_token_layerwise,undisclosed,k3,target_observation_mean,27,100.0,0.0010831800104288691,False
final_input_token_layerwise,undisclosed,k3,target_observation_mean,28,100.0,0.0016439150310287587,False
final_input_token_layerwise,undisclosed,k3,target_observation_mean,29,3.0,0.003325101331831226,False
final_input_token_layerwise,undisclosed,k3,target_observation_mean,30,3.0,0.004627259151976371,False
final_input_token_layerwise,undisclosed,k3,target_observation_mean,31,3.0,0.004864073823529269,False
final_input_token_layerwise,undisclosed,k3,target_observation_mean,32,3.0,0.007898171876188548,False
final_input_token_layerwise,undisclosed,k3,target_observation_mean,33,3.0,0.011806303686811986,False
final_input_token_layerwise,undisclosed,k3,target_observation_mean,34,3.0,0.017237749995588192,False
final_input_token_layerwise,undisclosed,k3,target_observation_mean,35,3.0,0.02039550079107552,False
final_input_token_layerwise,undisclosed,k3,target_observation_mean,36,3.0,0.02569694773865952,False
final_input_token_layerwise,undisclosed,k3,target_time_slope,0,0.0001,0.0,True
final_input_token_layerwise,undisclosed,k3,target_time_slope,1,100.0,-0.00042687540215133324,False
final_input_token_layerwise,undisclosed,k3,target_time_slope,2,100.0,-0.0029583013961492766,False
final_input_token_layerwise,undisclosed,k3,target_time_slope,3,100.0,-0.0014759649034135347,False
final_input_token_layerwise,undisclosed,k3,target_time_slope,4,100.0,-0.001186248425416453,False
final_input_token_layerwise,undisclosed,k3,target_time_slope,5,100.0,-0.0005441839327850473,False
final_input_token_layerwise,undisclosed,k3,target_time_slope,6,100.0,-0.0005733122286405157,False
final_input_token_layerwise,undisclosed,k3,target_time_slope,7,100.0,-0.0003502604151277844,False
final_input_token_layerwise,undisclosed,k3,target_time_slope,8,100.0,-0.0004241987786061663,False
final_input_token_layerwise,undisclosed,k3,target_time_slope,9,100.0,-0.00015899872936200876,False
final_input_token_layerwise,undisclosed,k3,target_time_slope,10,100.0,-6.219268551357904e-05,False
final_input_token_layerwise,undisclosed,k3,target_time_slope,11,100.0,-8.662884919755087e-05,False
final_input_token_layerwise,undisclosed,k3,target_time_slope,12,100.0,-0.00023770097483793995,False
final_input_token_layerwise,undisclosed,k3,target_time_slope,13,100.0,-0.0004072259147568369,False
final_input_token_layerwise,undisclosed,k3,target_time_slope,14,100.0,-0.00028064261475971297,False
final_input_token_layerwise,undisclosed,k3,target_time_slope,15,100.0,-0.0002849989309803569,False
final_input_token_layerwise,undisclosed,k3,target_time_slope,16,100.0,-0.00017134028011814295,False
final_input_token_layerwise,undisclosed,k3,target_time_slope,17,100.0,-0.00018996808978472002,False
final_input_token_layerwise,undisclosed,k3,target_time_slope,18,100.0,-0.0002908542175240336,False
final_input_token_layerwise,undisclosed,k3,target_time_slope,19,100.0,-0.0008602805668711522,False
final_input_token_layerwise,undisclosed,k3,target_time_slope,20,100.0,-0.0009060188573914996,False
final_input_token_layerwise,undisclosed,k3,target_time_slope,21,100.0,-0.0015273002136034775,False
final_input_token_layerwise,undisclosed,k3,target_time_slope,22,100.0,-0.0014420615549293747,False
final_input_token_layerwise,undisclosed,k3,target_time_slope,23,100.0,-0.0012611383865077097,False
final_input_token_layerwise,undisclosed,k3,target_time_slope,24,100.0,-0.0008097407168053961,False
final_input_token_layerwise,undisclosed,k3,target_time_slope,25,100.0,-0.00038079503186924657,False
final_input_token_layerwise,undisclosed,k3,target_time_slope,26,100.0,-0.0002925849717274054,False
final_input_token_layerwise,undisclosed,k3,target_time_slope,27,100.0,-1.0949161143858355e-06,False
final_input_token_layerwise,undisclosed,k3,target_time_slope,28,100.0,-7.327149443447922e-05,False
final_input_token_layerwise,undisclosed,k3,target_time_slope,29,100.0,-0.00026940784753046176,False
final_input_token_layerwise,undisclosed,k3,target_time_slope,30,100.0,-0.00021293743705497192,False
final_input_token_layerwise,undisclosed,k3,target_time_slope,31,100.0,-0.00023282523386680687,False
final_input_token_layerwise,undisclosed,k3,target_time_slope,32,100.0,-0.0004864495513749456,False
final_input_token_layerwise,undisclosed,k3,target_time_slope,33,100.0,-0.0005269484322791562,False
final_input_token_layerwise,undisclosed,k3,target_time_slope,34,100.0,-9.320492198180985e-05,False
final_input_token_layerwise,undisclosed,k3,target_time_slope,35,100.0,-0.0002327955610241239,False
final_input_token_layerwise,undisclosed,k3,target_time_slope,36,100.0,-0.00031674986007501627,False
final_input_token_layerwise,undisclosed,k3,displayed_driver_outcome_slope,0,0.0001,5.551115123125783e-17,False
final_input_token_layerwise,undisclosed,k3,displayed_driver_outcome_slope,1,3.0,0.010805518282447801,False
final_input_token_layerwise,undisclosed,k3,displayed_driver_outcome_slope,2,3.0,0.03955932602903822,False
final_input_token_layerwise,undisclosed,k3,displayed_driver_outcome_slope,3,3.0,0.03554699193976374,False
final_input_token_layerwise,undisclosed,k3,displayed_driver_outcome_slope,4,3.0,0.032298549054764564,False
final_input_token_layerwise,undisclosed,k3,displayed_driver_outcome_slope,5,3.0,0.0321893961138357,False
final_input_token_layerwise,undisclosed,k3,displayed_driver_outcome_slope,6,3.0,0.029517790875501798,False
final_input_token_layerwise,undisclosed,k3,displayed_driver_outcome_slope,7,3.0,0.020362534152661482,False
final_input_token_layerwise,undisclosed,k3,displayed_driver_outcome_slope,8,3.0,0.024531512588491095,False
final_input_token_layerwise,undisclosed,k3,displayed_driver_outcome_slope,9,3.0,0.03239868155066869,False
final_input_token_layerwise,undisclosed,k3,displayed_driver_outcome_slope,10,3.0,0.03922576275676781,False
final_input_token_layerwise,undisclosed,k3,displayed_driver_outcome_slope,11,3.0,0.04555931100519606,False
final_input_token_layerwise,undisclosed,k3,displayed_driver_outcome_slope,12,3.0,0.047618175408933455,False
final_input_token_layerwise,undisclosed,k3,displayed_driver_outcome_slope,13,3.0,0.042268115757325,False
final_input_token_layerwise,undisclosed,k3,displayed_driver_outcome_slope,14,3.0,0.03598808786765115,False
final_input_token_layerwise,undisclosed,k3,displayed_driver_outcome_slope,15,3.0,0.04885853363956785,False
final_input_token_layerwise,undisclosed,k3,displayed_driver_outcome_slope,16,3.0,0.05116827125682388,False
final_input_token_layerwise,undisclosed,k3,displayed_driver_outcome_slope,17,3.0,0.05335584340736868,False
final_input_token_layerwise,undisclosed,k3,displayed_driver_outcome_slope,18,3.0,0.05927626161314617,False
final_input_token_layerwise,undisclosed,k3,displayed_driver_outcome_slope,19,3.0,0.0699306857483076,True
final_input_token_layerwise,undisclosed,k3,displayed_driver_outcome_slope,20,3.0,0.06276769683717559,False
final_input_token_layerwise,undisclosed,k3,displayed_driver_outcome_slope,21,3.0,0.06305582045755107,False
final_input_token_layerwise,undisclosed,k3,displayed_driver_outcome_slope,22,3.0,0.06582685410324499,False
final_input_token_layerwise,undisclosed,k3,displayed_driver_outcome_slope,23,3.0,0.05743936035514047,False
final_input_token_layerwise,undisclosed,k3,displayed_driver_outcome_slope,24,3.0,0.06272197280914096,False
final_input_token_layerwise,undisclosed,k3,displayed_driver_outcome_slope,25,3.0,0.05971637465304164,False
final_input_token_layerwise,undisclosed,k3,displayed_driver_outcome_slope,26,3.0,0.05553619643977914,False
final_input_token_layerwise,undisclosed,k3,displayed_driver_outcome_slope,27,3.0,0.05395330466301962,False
final_input_token_layerwise,undisclosed,k3,displayed_driver_outcome_slope,28,3.0,0.04606281692461986,False
final_input_token_layerwise,undisclosed,k3,displayed_driver_outcome_slope,29,3.0,0.04789540025694458,False
final_input_token_layerwise,undisclosed,k3,displayed_driver_outcome_slope,30,3.0,0.04539267647139117,False
final_input_token_layerwise,undisclosed,k3,displayed_driver_outcome_slope,31,3.0,0.04171112336677729,False
final_input_token_layerwise,undisclosed,k3,displayed_driver_outcome_slope,32,3.0,0.03528990842142976,False
final_input_token_layerwise,undisclosed,k3,displayed_driver_outcome_slope,33,3.0,0.030184027524505025,False
final_input_token_layerwise,undisclosed,k3,displayed_driver_outcome_slope,34,3.0,0.027013847740617353,False
final_input_token_layerwise,undisclosed,k3,displayed_driver_outcome_slope,35,3.0,0.022169345880026586,False
final_input_token_layerwise,undisclosed,k3,displayed_driver_outcome_slope,36,3.0,0.024380104217304188,False
final_input_token_layerwise,undisclosed,k3,oracle_posterior_gain,0,0.0001,2.7755575615628914e-17,False
final_input_token_layerwise,undisclosed,k3,oracle_posterior_gain,1,100.0,-0.0026634103987521196,False
final_input_token_layerwise,undisclosed,k3,oracle_posterior_gain,2,100.0,-0.0026373382334239637,False
final_input_token_layerwise,undisclosed,k3,oracle_posterior_gain,3,100.0,-0.00210851153772576,False
final_input_token_layerwise,undisclosed,k3,oracle_posterior_gain,4,100.0,-0.0020552702993384964,False
final_input_token_layerwise,undisclosed,k3,oracle_posterior_gain,5,100.0,-0.0016192591680806445,False
final_input_token_layerwise,undisclosed,k3,oracle_posterior_gain,6,100.0,-0.001393819661456186,False
final_input_token_layerwise,undisclosed,k3,oracle_posterior_gain,7,100.0,-0.0016461100302955223,False
final_input_token_layerwise,undisclosed,k3,oracle_posterior_gain,8,100.0,-0.001634225482075785,False
final_input_token_layerwise,undisclosed,k3,oracle_posterior_gain,9,100.0,-0.0017214196539964144,False
final_input_token_layerwise,undisclosed,k3,oracle_posterior_gain,10,100.0,-0.0014985018796665195,False
final_input_token_layerwise,undisclosed,k3,oracle_posterior_gain,11,100.0,-0.0013252049987651782,False
final_input_token_layerwise,undisclosed,k3,oracle_posterior_gain,12,100.0,-0.0011239269683188113,False
final_input_token_layerwise,undisclosed,k3,oracle_posterior_gain,13,100.0,-0.0008123927162185796,False
final_input_token_layerwise,undisclosed,k3,oracle_posterior_gain,14,3.0,0.004886846609402612,False
final_input_token_layerwise,undisclosed,k3,oracle_posterior_gain,15,0.1,0.02105558014084727,True
final_input_token_layerwise,undisclosed,k3,oracle_posterior_gain,16,3.0,0.006086905768749651,False
final_input_token_layerwise,undisclosed,k3,oracle_posterior_gain,17,3.0,0.0011828059116038014,False
final_input_token_layerwise,undisclosed,k3,oracle_posterior_gain,18,100.0,-0.0004932947758682915,False
final_input_token_layerwise,undisclosed,k3,oracle_posterior_gain,19,100.0,-0.0005986188638770207,False
final_input_token_layerwise,undisclosed,k3,oracle_posterior_gain,20,100.0,-0.0004820143876803906,False
final_input_token_layerwise,undisclosed,k3,oracle_posterior_gain,21,100.0,-0.000509056637529981,False
final_input_token_layerwise,undisclosed,k3,oracle_posterior_gain,22,3.0,0.00805382905378152,False
final_input_token_layerwise,undisclosed,k3,oracle_posterior_gain,23,3.0,0.004810903611169537,False
final_input_token_layerwise,undisclosed,k3,oracle_posterior_gain,24,3.0,0.0037514108175860372,False
final_input_token_layerwise,undisclosed,k3,oracle_posterior_gain,25,3.0,0.004949041353007999,False
final_input_token_layerwise,undisclosed,k3,oracle_posterior_gain,26,3.0,0.006324831033338946,False
final_input_token_layerwise,undisclosed,k3,oracle_posterior_gain,27,3.0,0.0028642737765498527,False
final_input_token_layerwise,undisclosed,k3,oracle_posterior_gain,28,3.0,0.0010267636664146873,False
final_input_token_layerwise,undisclosed,k3,oracle_posterior_gain,29,3.0,0.004695418568540444,False
final_input_token_layerwise,undisclosed,k3,oracle_posterior_gain,30,3.0,0.001832594880320143,False
final_input_token_layerwise,undisclosed,k3,oracle_posterior_gain,31,3.0,0.0013884890646044534,False
final_input_token_layerwise,undisclosed,k3,oracle_posterior_gain,32,100.0,-0.0003371482339187548,False
final_input_token_layerwise,undisclosed,k3,oracle_posterior_gain,33,3.0,0.0011883110477831638,False
final_input_token_layerwise,undisclosed,k3,oracle_posterior_gain,34,3.0,-6.533554345919401e-05,False
final_input_token_layerwise,undisclosed,k3,oracle_posterior_gain,35,100.0,-0.0005704028205673894,False
final_input_token_layerwise,undisclosed,k3,oracle_posterior_gain,36,100.0,-0.0006182902684000458,False
final_input_token_layerwise,undisclosed,k6,gain,0,0.0001,0.0,False
final_input_token_layerwise,undisclosed,k6,gain,1,100.0,-0.00028236529350056383,False
final_input_token_layerwise,undisclosed,k6,gain,2,100.0,-0.0008573396634823927,False
final_input_token_layerwise,undisclosed,k6,gain,3,100.0,-0.0010154313972005613,False
final_input_token_layerwise,undisclosed,k6,gain,4,100.0,-0.0007265851643809551,False
final_input_token_layerwise,undisclosed,k6,gain,5,100.0,-0.00041455959860195457,False
final_input_token_layerwise,undisclosed,k6,gain,6,100.0,-8.86444071448722e-05,False
final_input_token_layerwise,undisclosed,k6,gain,7,100.0,-0.000371779833397784,False
final_input_token_layerwise,undisclosed,k6,gain,8,100.0,-0.0004131041687816528,False
final_input_token_layerwise,undisclosed,k6,gain,9,100.0,-0.00019343397961094078,False
final_input_token_layerwise,undisclosed,k6,gain,10,100.0,-0.0001822490851143277,False
final_input_token_layerwise,undisclosed,k6,gain,11,100.0,-0.0002469991625208279,False
final_input_token_layerwise,undisclosed,k6,gain,12,100.0,1.8446774550789913e-05,False
final_input_token_layerwise,undisclosed,k6,gain,13,100.0,5.827487630027939e-05,False
final_input_token_layerwise,undisclosed,k6,gain,14,100.0,9.940210389336457e-05,False
final_input_token_layerwise,undisclosed,k6,gain,15,100.0,0.00015529903653727084,False
final_input_token_layerwise,undisclosed,k6,gain,16,3.0,0.004581127900066817,False
final_input_token_layerwise,undisclosed,k6,gain,17,3.0,0.009759130227515123,False
final_input_token_layerwise,undisclosed,k6,gain,18,3.0,0.012127335382209808,False
final_input_token_layerwise,undisclosed,k6,gain,19,3.0,0.016317019948618172,False
final_input_token_layerwise,undisclosed,k6,gain,20,3.0,0.009532849405553323,False
final_input_token_layerwise,undisclosed,k6,gain,21,3.0,0.016203223430762886,False
final_input_token_layerwise,undisclosed,k6,gain,22,3.0,0.01442699560143687,False
final_input_token_layerwise,undisclosed,k6,gain,23,3.0,0.02246560733127631,False
final_input_token_layerwise,undisclosed,k6,gain,24,3.0,0.02017171317936145,False
final_input_token_layerwise,undisclosed,k6,gain,25,3.0,0.02121481693729499,False
final_input_token_layerwise,undisclosed,k6,gain,26,3.0,0.020059103930726074,False
final_input_token_layerwise,undisclosed,k6,gain,27,3.0,0.022595506278295735,True
final_input_token_layerwise,undisclosed,k6,gain,28,3.0,0.018762344919476842,False
final_input_token_layerwise,undisclosed,k6,gain,29,3.0,0.015719723567618554,False
final_input_token_layerwise,undisclosed,k6,gain,30,3.0,0.01030246176212174,False
final_input_token_layerwise,undisclosed,k6,gain,31,3.0,0.01120404010416362,False
final_input_token_layerwise,undisclosed,k6,gain,32,3.0,0.00923584666574978,False
final_input_token_layerwise,undisclosed,k6,gain,33,3.0,0.01045591417646377,False
final_input_token_layerwise,undisclosed,k6,gain,34,3.0,0.006427564974275851,False
final_input_token_layerwise,undisclosed,k6,gain,35,3.0,0.01361308236566905,False
final_input_token_layerwise,undisclosed,k6,gain,36,3.0,0.012421137524742248,False
final_input_token_layerwise,undisclosed,k6,response_residual,0,0.0001,-2.7755575615628914e-17,False
final_input_token_layerwise,undisclosed,k6,response_residual,1,100.0,5.044546998914101e-05,False
final_input_token_layerwise,undisclosed,k6,response_residual,2,100.0,-0.0007942415034684347,False
final_input_token_layerwise,undisclosed,k6,response_residual,3,100.0,-0.0008891156090559404,False
final_input_token_layerwise,undisclosed,k6,response_residual,4,100.0,-0.0007717738890138381,False
final_input_token_layerwise,undisclosed,k6,response_residual,5,100.0,-0.0009023603686856008,False
final_input_token_layerwise,undisclosed,k6,response_residual,6,100.0,-0.0007186329470122155,False
final_input_token_layerwise,undisclosed,k6,response_residual,7,100.0,-0.0008689903397647303,False
final_input_token_layerwise,undisclosed,k6,response_residual,8,100.0,-0.0010020374955364009,False
final_input_token_layerwise,undisclosed,k6,response_residual,9,100.0,-0.000919321037006593,False
final_input_token_layerwise,undisclosed,k6,response_residual,10,100.0,-0.0008727285052585465,False
final_input_token_layerwise,undisclosed,k6,response_residual,11,100.0,-0.0009269755906405608,False
final_input_token_layerwise,undisclosed,k6,response_residual,12,100.0,-0.0008554373194442355,False
final_input_token_layerwise,undisclosed,k6,response_residual,13,100.0,-0.000932122173856631,False
final_input_token_layerwise,undisclosed,k6,response_residual,14,100.0,-0.0007641453465460357,False
final_input_token_layerwise,undisclosed,k6,response_residual,15,100.0,-0.0006602718887342152,False
final_input_token_layerwise,undisclosed,k6,response_residual,16,100.0,-0.0007546439362014767,False
final_input_token_layerwise,undisclosed,k6,response_residual,17,100.0,-0.0005886120236031633,False
final_input_token_layerwise,undisclosed,k6,response_residual,18,100.0,-0.0006663647490266211,False
final_input_token_layerwise,undisclosed,k6,response_residual,19,100.0,-0.00045961652178672097,False
final_input_token_layerwise,undisclosed,k6,response_residual,20,100.0,-0.0009598347148031539,False
final_input_token_layerwise,undisclosed,k6,response_residual,21,100.0,-0.0003137182436674102,False
final_input_token_layerwise,undisclosed,k6,response_residual,22,100.0,-0.0001827050336647429,False
final_input_token_layerwise,undisclosed,k6,response_residual,23,100.0,0.00030954185288387115,False
final_input_token_layerwise,undisclosed,k6,response_residual,24,100.0,0.0008478235454041638,False
final_input_token_layerwise,undisclosed,k6,response_residual,25,100.0,0.0012953492831556668,False
final_input_token_layerwise,undisclosed,k6,response_residual,26,100.0,0.0014722898784074456,False
final_input_token_layerwise,undisclosed,k6,response_residual,27,3.0,0.001832168909622095,False
final_input_token_layerwise,undisclosed,k6,response_residual,28,100.0,0.0015385633182974368,False
final_input_token_layerwise,undisclosed,k6,response_residual,29,100.0,0.0013222906419312341,False
final_input_token_layerwise,undisclosed,k6,response_residual,30,100.0,0.0013147210286637012,False
final_input_token_layerwise,undisclosed,k6,response_residual,31,100.0,0.0013540648145752288,False
final_input_token_layerwise,undisclosed,k6,response_residual,32,100.0,0.0012780705326673747,False
final_input_token_layerwise,undisclosed,k6,response_residual,33,100.0,0.0014141036085527914,False
final_input_token_layerwise,undisclosed,k6,response_residual,34,100.0,0.001780541552084236,False
final_input_token_layerwise,undisclosed,k6,response_residual,35,100.0,0.001974632957052719,False
final_input_token_layerwise,undisclosed,k6,response_residual,36,100.0,0.0019871447548773236,True
final_input_token_layerwise,undisclosed,k6,last_target_observation,0,0.0001,-2.7755575615628914e-17,True
final_input_token_layerwise,undisclosed,k6,last_target_observation,1,100.0,-0.0020773271278667904,False
final_input_token_layerwise,undisclosed,k6,last_target_observation,2,100.0,-0.00015142466269435495,False
final_input_token_layerwise,undisclosed,k6,last_target_observation,3,100.0,-0.00027205962265106076,False
final_input_token_layerwise,undisclosed,k6,last_target_observation,4,100.0,-0.00033651816985261207,False
final_input_token_layerwise,undisclosed,k6,last_target_observation,5,100.0,-0.000279945700648071,False
final_input_token_layerwise,undisclosed,k6,last_target_observation,6,100.0,-0.00017548757569249562,False
final_input_token_layerwise,undisclosed,k6,last_target_observation,7,100.0,-0.0005821225689582044,False
final_input_token_layerwise,undisclosed,k6,last_target_observation,8,100.0,-0.000616400480271867,False
final_input_token_layerwise,undisclosed,k6,last_target_observation,9,100.0,-0.00040062846801774965,False
final_input_token_layerwise,undisclosed,k6,last_target_observation,10,100.0,-0.0006035823558475095,False
final_input_token_layerwise,undisclosed,k6,last_target_observation,11,100.0,-0.0008882209354981463,False
final_input_token_layerwise,undisclosed,k6,last_target_observation,12,100.0,-0.0008850181652209077,False
final_input_token_layerwise,undisclosed,k6,last_target_observation,13,100.0,-0.0011357173569404022,False
final_input_token_layerwise,undisclosed,k6,last_target_observation,14,100.0,-0.0009496284767656904,False
final_input_token_layerwise,undisclosed,k6,last_target_observation,15,100.0,-0.0010419511255241876,False
final_input_token_layerwise,undisclosed,k6,last_target_observation,16,100.0,-0.000792325529859278,False
final_input_token_layerwise,undisclosed,k6,last_target_observation,17,100.0,-0.0008503097014889993,False
final_input_token_layerwise,undisclosed,k6,last_target_observation,18,100.0,-0.0008388396302558276,False
final_input_token_layerwise,undisclosed,k6,last_target_observation,19,100.0,-0.0006022018381413308,False
final_input_token_layerwise,undisclosed,k6,last_target_observation,20,100.0,-0.0004921426958611197,False
final_input_token_layerwise,undisclosed,k6,last_target_observation,21,100.0,-0.0007154188493193325,False
final_input_token_layerwise,undisclosed,k6,last_target_observation,22,100.0,-0.0009236818842370265,False
final_input_token_layerwise,undisclosed,k6,last_target_observation,23,100.0,-0.0010404653842951972,False
final_input_token_layerwise,undisclosed,k6,last_target_observation,24,100.0,-0.0013750529334897732,False
final_input_token_layerwise,undisclosed,k6,last_target_observation,25,100.0,-0.0011772316775783553,False
final_input_token_layerwise,undisclosed,k6,last_target_observation,26,100.0,-0.0017593787563778829,False
final_input_token_layerwise,undisclosed,k6,last_target_observation,27,100.0,-0.0017786524164637996,False
final_input_token_layerwise,undisclosed,k6,last_target_observation,28,100.0,-0.0017818257095937318,False
final_input_token_layerwise,undisclosed,k6,last_target_observation,29,100.0,-0.0017652928922655409,False
final_input_token_layerwise,undisclosed,k6,last_target_observation,30,100.0,-0.0020266539649637094,False
final_input_token_layerwise,undisclosed,k6,last_target_observation,31,100.0,-0.0017645953221382127,False
final_input_token_layerwise,undisclosed,k6,last_target_observation,32,100.0,-0.0019372650071181607,False
final_input_token_layerwise,undisclosed,k6,last_target_observation,33,100.0,-0.0017945166080210462,False
final_input_token_layerwise,undisclosed,k6,last_target_observation,34,100.0,-0.0017816781825372996,False
final_input_token_layerwise,undisclosed,k6,last_target_observation,35,100.0,-0.0018420597178031572,False
final_input_token_layerwise,undisclosed,k6,last_target_observation,36,100.0,-0.0018483199240161008,False
final_input_token_layerwise,undisclosed,k6,target_observation_mean,0,0.0001,2.7755575615628914e-17,False
final_input_token_layerwise,undisclosed,k6,target_observation_mean,1,3.0,0.0033540944289525143,False
final_input_token_layerwise,undisclosed,k6,target_observation_mean,2,3.0,0.006600630685699521,False
final_input_token_layerwise,undisclosed,k6,target_observation_mean,3,3.0,0.002123084722164742,False
final_input_token_layerwise,undisclosed,k6,target_observation_mean,4,100.0,0.0002765997836964018,False
final_input_token_layerwise,undisclosed,k6,target_observation_mean,5,100.0,0.0005161828816878378,False
final_input_token_layerwise,undisclosed,k6,target_observation_mean,6,100.0,0.00012203445474881502,False
final_input_token_layerwise,undisclosed,k6,target_observation_mean,7,100.0,-0.00012407127332633716,False
final_input_token_layerwise,undisclosed,k6,target_observation_mean,8,100.0,-0.00046574638823213,False
final_input_token_layerwise,undisclosed,k6,target_observation_mean,9,100.0,-0.0005573325912485161,False
final_input_token_layerwise,undisclosed,k6,target_observation_mean,10,100.0,-0.0005914947417607619,False
final_input_token_layerwise,undisclosed,k6,target_observation_mean,11,100.0,-0.0005484673277094954,False
final_input_token_layerwise,undisclosed,k6,target_observation_mean,12,100.0,-0.0005057903213839254,False
final_input_token_layerwise,undisclosed,k6,target_observation_mean,13,100.0,-0.0007510518208631856,False
final_input_token_layerwise,undisclosed,k6,target_observation_mean,14,100.0,-0.0013843956327136697,False
final_input_token_layerwise,undisclosed,k6,target_observation_mean,15,100.0,-0.0013114179800744197,False
final_input_token_layerwise,undisclosed,k6,target_observation_mean,16,100.0,-0.0019035846546152924,False
final_input_token_layerwise,undisclosed,k6,target_observation_mean,17,100.0,-0.0010714700715853676,False
final_input_token_layerwise,undisclosed,k6,target_observation_mean,18,100.0,-0.000492515542620281,False
final_input_token_layerwise,undisclosed,k6,target_observation_mean,19,100.0,-0.0004416055998516244,False
final_input_token_layerwise,undisclosed,k6,target_observation_mean,20,100.0,-0.0004663922168562651,False
final_input_token_layerwise,undisclosed,k6,target_observation_mean,21,100.0,0.00034730690278714227,False
final_input_token_layerwise,undisclosed,k6,target_observation_mean,22,100.0,0.0003017777782551301,False
final_input_token_layerwise,undisclosed,k6,target_observation_mean,23,100.0,0.0006408421918337182,False
final_input_token_layerwise,undisclosed,k6,target_observation_mean,24,3.0,0.006308634092686949,False
final_input_token_layerwise,undisclosed,k6,target_observation_mean,25,3.0,0.012525797902887215,False
final_input_token_layerwise,undisclosed,k6,target_observation_mean,26,3.0,0.019111831986701855,False
final_input_token_layerwise,undisclosed,k6,target_observation_mean,27,3.0,0.010741881930173947,False
final_input_token_layerwise,undisclosed,k6,target_observation_mean,28,3.0,0.003927131047597454,False
final_input_token_layerwise,undisclosed,k6,target_observation_mean,29,3.0,0.00717919595458788,False
final_input_token_layerwise,undisclosed,k6,target_observation_mean,30,3.0,0.012811035920472946,False
final_input_token_layerwise,undisclosed,k6,target_observation_mean,31,3.0,0.017032770924674617,False
final_input_token_layerwise,undisclosed,k6,target_observation_mean,32,3.0,0.01723527362381372,False
final_input_token_layerwise,undisclosed,k6,target_observation_mean,33,3.0,0.009709438275870952,False
final_input_token_layerwise,undisclosed,k6,target_observation_mean,34,3.0,0.011757813396073347,False
final_input_token_layerwise,undisclosed,k6,target_observation_mean,35,3.0,0.020081973450181534,True
final_input_token_layerwise,undisclosed,k6,target_observation_mean,36,3.0,0.01695625395134981,False
final_input_token_layerwise,undisclosed,k6,target_time_slope,0,0.0001,0.0,True
final_input_token_layerwise,undisclosed,k6,target_time_slope,1,100.0,-0.0014812606519590543,False
final_input_token_layerwise,undisclosed,k6,target_time_slope,2,100.0,-0.002462384993852318,False
final_input_token_layerwise,undisclosed,k6,target_time_slope,3,100.0,-0.0022777251138769716,False
final_input_token_layerwise,undisclosed,k6,target_time_slope,4,100.0,-0.0017499741748094877,False
final_input_token_layerwise,undisclosed,k6,target_time_slope,5,100.0,-0.000915352909266226,False
final_input_token_layerwise,undisclosed,k6,target_time_slope,6,100.0,-0.000881776029416026,False
final_input_token_layerwise,undisclosed,k6,target_time_slope,7,100.0,-0.0010129976744586155,False
final_input_token_layerwise,undisclosed,k6,target_time_slope,8,100.0,-0.0012687194249898504,False
final_input_token_layerwise,undisclosed,k6,target_time_slope,9,100.0,-0.0011325322153964146,False
final_input_token_layerwise,undisclosed,k6,target_time_slope,10,100.0,-0.0010777402570170957,False
final_input_token_layerwise,undisclosed,k6,target_time_slope,11,100.0,-0.0013260701389553042,False
final_input_token_layerwise,undisclosed,k6,target_time_slope,12,100.0,-0.0014372742580699982,False
final_input_token_layerwise,undisclosed,k6,target_time_slope,13,100.0,-0.0014193517666859778,False
final_input_token_layerwise,undisclosed,k6,target_time_slope,14,100.0,-0.0011786107587052619,False
final_input_token_layerwise,undisclosed,k6,target_time_slope,15,100.0,-0.001684161164764414,False
final_input_token_layerwise,undisclosed,k6,target_time_slope,16,100.0,-0.0012993862307474069,False
final_input_token_layerwise,undisclosed,k6,target_time_slope,17,100.0,-0.0014292335321975935,False
final_input_token_layerwise,undisclosed,k6,target_time_slope,18,100.0,-0.0017335070281495057,False
final_input_token_layerwise,undisclosed,k6,target_time_slope,19,100.0,-0.0014759308140053773,False
final_input_token_layerwise,undisclosed,k6,target_time_slope,20,100.0,-0.0011601009970422516,False
final_input_token_layerwise,undisclosed,k6,target_time_slope,21,100.0,-0.002032187330894053,False
final_input_token_layerwise,undisclosed,k6,target_time_slope,22,100.0,-0.0022072059003042654,False
final_input_token_layerwise,undisclosed,k6,target_time_slope,23,100.0,-0.0024232666552875815,False
final_input_token_layerwise,undisclosed,k6,target_time_slope,24,100.0,-0.0024402252386924173,False
final_input_token_layerwise,undisclosed,k6,target_time_slope,25,100.0,-0.002243583629328527,False
final_input_token_layerwise,undisclosed,k6,target_time_slope,26,100.0,-0.0028312287561051974,False
final_input_token_layerwise,undisclosed,k6,target_time_slope,27,100.0,-0.002583927614238146,False
final_input_token_layerwise,undisclosed,k6,target_time_slope,28,100.0,-0.0026271269213126724,False
final_input_token_layerwise,undisclosed,k6,target_time_slope,29,100.0,-0.002714893224463777,False
final_input_token_layerwise,undisclosed,k6,target_time_slope,30,100.0,-0.002737755658658969,False
final_input_token_layerwise,undisclosed,k6,target_time_slope,31,100.0,-0.0026727205902011275,False
final_input_token_layerwise,undisclosed,k6,target_time_slope,32,100.0,-0.0025951463753050574,False
final_input_token_layerwise,undisclosed,k6,target_time_slope,33,100.0,-0.0022094078028046527,False
final_input_token_layerwise,undisclosed,k6,target_time_slope,34,100.0,-0.0023306992182254294,False
final_input_token_layerwise,undisclosed,k6,target_time_slope,35,100.0,-0.0022619414700509877,False
final_input_token_layerwise,undisclosed,k6,target_time_slope,36,100.0,-0.002425906303555325,False
final_input_token_layerwise,undisclosed,k6,displayed_driver_outcome_slope,0,0.0001,-5.551115123125783e-17,False
final_input_token_layerwise,undisclosed,k6,displayed_driver_outcome_slope,1,100.0,-0.0011555458793143236,False
final_input_token_layerwise,undisclosed,k6,displayed_driver_outcome_slope,2,100.0,-0.0006007706091265552,False
final_input_token_layerwise,undisclosed,k6,displayed_driver_outcome_slope,3,100.0,-0.0003647555365380306,False
final_input_token_layerwise,undisclosed,k6,displayed_driver_outcome_slope,4,100.0,-0.00028672323516040765,False
final_input_token_layerwise,undisclosed,k6,displayed_driver_outcome_slope,5,3.0,0.0019312180988432792,False
final_input_token_layerwise,undisclosed,k6,displayed_driver_outcome_slope,6,100.0,-9.873720635605876e-05,False
final_input_token_layerwise,undisclosed,k6,displayed_driver_outcome_slope,7,100.0,4.054024682509372e-05,False
final_input_token_layerwise,undisclosed,k6,displayed_driver_outcome_slope,8,100.0,0.0004032713533680399,False
final_input_token_layerwise,undisclosed,k6,displayed_driver_outcome_slope,9,3.0,0.012073328375310055,False
final_input_token_layerwise,undisclosed,k6,displayed_driver_outcome_slope,10,3.0,0.01009307894337122,False
final_input_token_layerwise,undisclosed,k6,displayed_driver_outcome_slope,11,3.0,0.006691812940364555,False
final_input_token_layerwise,undisclosed,k6,displayed_driver_outcome_slope,12,3.0,0.005643186364616359,False
final_input_token_layerwise,undisclosed,k6,displayed_driver_outcome_slope,13,3.0,0.0020576560566882007,False
final_input_token_layerwise,undisclosed,k6,displayed_driver_outcome_slope,14,3.0,0.0014542044063582116,False
final_input_token_layerwise,undisclosed,k6,displayed_driver_outcome_slope,15,100.0,0.00037995520732755916,False
final_input_token_layerwise,undisclosed,k6,displayed_driver_outcome_slope,16,100.0,0.0003891435178399183,False
final_input_token_layerwise,undisclosed,k6,displayed_driver_outcome_slope,17,3.0,0.015245564953477592,False
final_input_token_layerwise,undisclosed,k6,displayed_driver_outcome_slope,18,3.0,0.012354008055579124,False
final_input_token_layerwise,undisclosed,k6,displayed_driver_outcome_slope,19,3.0,0.013609548175263664,False
final_input_token_layerwise,undisclosed,k6,displayed_driver_outcome_slope,20,3.0,0.0121500506194675,False
final_input_token_layerwise,undisclosed,k6,displayed_driver_outcome_slope,21,3.0,0.015228317789909074,False
final_input_token_layerwise,undisclosed,k6,displayed_driver_outcome_slope,22,3.0,0.010297902620849564,False
final_input_token_layerwise,undisclosed,k6,displayed_driver_outcome_slope,23,3.0,0.015432899049377252,True
final_input_token_layerwise,undisclosed,k6,displayed_driver_outcome_slope,24,3.0,0.010641408974889133,False
final_input_token_layerwise,undisclosed,k6,displayed_driver_outcome_slope,25,3.0,0.004782735369997071,False
final_input_token_layerwise,undisclosed,k6,displayed_driver_outcome_slope,26,3.0,0.006950879759086648,False
final_input_token_layerwise,undisclosed,k6,displayed_driver_outcome_slope,27,3.0,0.0049018414253046705,False
final_input_token_layerwise,undisclosed,k6,displayed_driver_outcome_slope,28,3.0,0.006208087143368124,False
final_input_token_layerwise,undisclosed,k6,displayed_driver_outcome_slope,29,3.0,0.007548936426260172,False
final_input_token_layerwise,undisclosed,k6,displayed_driver_outcome_slope,30,3.0,0.002516908190453221,False
final_input_token_layerwise,undisclosed,k6,displayed_driver_outcome_slope,31,100.0,0.000335288919497273,False
final_input_token_layerwise,undisclosed,k6,displayed_driver_outcome_slope,32,100.0,5.318457731551263e-05,False
final_input_token_layerwise,undisclosed,k6,displayed_driver_outcome_slope,33,100.0,0.00022050899295039672,False
final_input_token_layerwise,undisclosed,k6,displayed_driver_outcome_slope,34,100.0,8.650971461421353e-05,False
final_input_token_layerwise,undisclosed,k6,displayed_driver_outcome_slope,35,100.0,-0.00014152238490103275,False
final_input_token_layerwise,undisclosed,k6,displayed_driver_outcome_slope,36,100.0,-0.00021403753050303065,False
final_input_token_layerwise,undisclosed,k6,oracle_posterior_gain,0,0.0001,-5.551115123125783e-17,False
final_input_token_layerwise,undisclosed,k6,oracle_posterior_gain,1,100.0,-0.0004932574283855462,False
final_input_token_layerwise,undisclosed,k6,oracle_posterior_gain,2,100.0,-0.0002680605273110981,False
final_input_token_layerwise,undisclosed,k6,oracle_posterior_gain,3,100.0,-0.00035718034681919697,False
final_input_token_layerwise,undisclosed,k6,oracle_posterior_gain,4,100.0,-5.190734996457502e-05,False
final_input_token_layerwise,undisclosed,k6,oracle_posterior_gain,5,100.0,-0.0003629418439965171,False
final_input_token_layerwise,undisclosed,k6,oracle_posterior_gain,6,100.0,0.00011638929032367629,False
final_input_token_layerwise,undisclosed,k6,oracle_posterior_gain,7,100.0,-0.00013612258371883956,False
final_input_token_layerwise,undisclosed,k6,oracle_posterior_gain,8,100.0,-0.00011901765797051045,False
final_input_token_layerwise,undisclosed,k6,oracle_posterior_gain,9,100.0,-0.00036772305845927944,False
final_input_token_layerwise,undisclosed,k6,oracle_posterior_gain,10,100.0,-0.0001789873758016869,False
final_input_token_layerwise,undisclosed,k6,oracle_posterior_gain,11,100.0,-0.000257674320383261,False
final_input_token_layerwise,undisclosed,k6,oracle_posterior_gain,12,100.0,0.0002009950706468866,False
final_input_token_layerwise,undisclosed,k6,oracle_posterior_gain,13,100.0,0.00014013851165536884,False
final_input_token_layerwise,undisclosed,k6,oracle_posterior_gain,14,3.0,0.0019412956123338043,False
final_input_token_layerwise,undisclosed,k6,oracle_posterior_gain,15,3.0,0.011020653730885788,True
final_input_token_layerwise,undisclosed,k6,oracle_posterior_gain,16,3.0,0.007123922842090069,False
final_input_token_layerwise,undisclosed,k6,oracle_posterior_gain,17,3.0,0.008946701032396254,False
final_input_token_layerwise,undisclosed,k6,oracle_posterior_gain,18,3.0,0.005817903367706323,False
final_input_token_layerwise,undisclosed,k6,oracle_posterior_gain,19,100.0,-0.00010185489982159068,False
final_input_token_layerwise,undisclosed,k6,oracle_posterior_gain,20,100.0,-0.0003858017495497468,False
final_input_token_layerwise,undisclosed,k6,oracle_posterior_gain,21,100.0,-0.00028589453020277933,False
final_input_token_layerwise,undisclosed,k6,oracle_posterior_gain,22,100.0,-0.00037243797308633697,False
final_input_token_layerwise,undisclosed,k6,oracle_posterior_gain,23,100.0,-0.0001370933265636698,False
final_input_token_layerwise,undisclosed,k6,oracle_posterior_gain,24,100.0,-0.00013618723852318326,False
final_input_token_layerwise,undisclosed,k6,oracle_posterior_gain,25,100.0,-0.0002056770193443469,False
final_input_token_layerwise,undisclosed,k6,oracle_posterior_gain,26,100.0,-0.00030197975811979694,False
final_input_token_layerwise,undisclosed,k6,oracle_posterior_gain,27,100.0,-0.0004735748694050246,False
final_input_token_layerwise,undisclosed,k6,oracle_posterior_gain,28,100.0,-0.0007230092746011996,False
final_input_token_layerwise,undisclosed,k6,oracle_posterior_gain,29,100.0,-0.0009136208734776552,False
final_input_token_layerwise,undisclosed,k6,oracle_posterior_gain,30,100.0,-0.0009153378158225922,False
final_input_token_layerwise,undisclosed,k6,oracle_posterior_gain,31,100.0,-0.0007243040412563129,False
final_input_token_layerwise,undisclosed,k6,oracle_posterior_gain,32,100.0,-0.0008258907458174869,False
final_input_token_layerwise,undisclosed,k6,oracle_posterior_gain,33,100.0,-0.0007037319948056397,False
final_input_token_layerwise,undisclosed,k6,oracle_posterior_gain,34,100.0,-0.001019621511013008,False
final_input_token_layerwise,undisclosed,k6,oracle_posterior_gain,35,100.0,-0.001244265581590076,False
final_input_token_layerwise,undisclosed,k6,oracle_posterior_gain,36,100.0,-0.001080517468211445,False
final_input_token_layerwise,undisclosed,k9,gain,0,0.0001,0.0,False
final_input_token_layerwise,undisclosed,k9,gain,1,100.0,-0.00016299918372764122,False
final_input_token_layerwise,undisclosed,k9,gain,2,3.0,0.006206894119705347,False
final_input_token_layerwise,undisclosed,k9,gain,3,100.0,8.371526550746133e-05,False
final_input_token_layerwise,undisclosed,k9,gain,4,3.0,0.006690904729130032,False
final_input_token_layerwise,undisclosed,k9,gain,5,3.0,0.007750269400739335,False
final_input_token_layerwise,undisclosed,k9,gain,6,3.0,0.013404220853781207,False
final_input_token_layerwise,undisclosed,k9,gain,7,3.0,0.013580432479355337,False
final_input_token_layerwise,undisclosed,k9,gain,8,3.0,0.004558090251996522,False
final_input_token_layerwise,undisclosed,k9,gain,9,100.0,0.0003645160304877326,False
final_input_token_layerwise,undisclosed,k9,gain,10,100.0,-2.8317204671557406e-05,False
final_input_token_layerwise,undisclosed,k9,gain,11,100.0,0.00010153747193444862,False
final_input_token_layerwise,undisclosed,k9,gain,12,100.0,6.0850018651553706e-05,False
final_input_token_layerwise,undisclosed,k9,gain,13,100.0,9.251462785125897e-05,False
final_input_token_layerwise,undisclosed,k9,gain,14,100.0,-1.2703979643508001e-05,False
final_input_token_layerwise,undisclosed,k9,gain,15,100.0,8.041856672316716e-05,False
final_input_token_layerwise,undisclosed,k9,gain,16,100.0,0.00021643354249412106,False
final_input_token_layerwise,undisclosed,k9,gain,17,3.0,0.003522481407096073,False
final_input_token_layerwise,undisclosed,k9,gain,18,100.0,0.0003561450194965732,False
final_input_token_layerwise,undisclosed,k9,gain,19,100.0,0.0005482791234209805,False
final_input_token_layerwise,undisclosed,k9,gain,20,3.0,0.0070991052116061715,False
final_input_token_layerwise,undisclosed,k9,gain,21,3.0,0.01705804339412295,False
final_input_token_layerwise,undisclosed,k9,gain,22,3.0,0.018670125444527425,False
final_input_token_layerwise,undisclosed,k9,gain,23,3.0,0.01918006480846121,True
final_input_token_layerwise,undisclosed,k9,gain,24,3.0,0.008227582692074492,False
final_input_token_layerwise,undisclosed,k9,gain,25,3.0,0.008456496841231204,False
final_input_token_layerwise,undisclosed,k9,gain,26,3.0,0.0034599435021034908,False
final_input_token_layerwise,undisclosed,k9,gain,27,3.0,0.0044882773709452595,False
final_input_token_layerwise,undisclosed,k9,gain,28,3.0,0.00476933553491149,False
final_input_token_layerwise,undisclosed,k9,gain,29,3.0,0.007250239089922311,False
final_input_token_layerwise,undisclosed,k9,gain,30,3.0,0.00586493238730626,False
final_input_token_layerwise,undisclosed,k9,gain,31,3.0,0.007324400087737631,False
final_input_token_layerwise,undisclosed,k9,gain,32,3.0,0.013306655906272752,False
final_input_token_layerwise,undisclosed,k9,gain,33,3.0,0.015152903453026806,False
final_input_token_layerwise,undisclosed,k9,gain,34,3.0,0.010742465187793288,False
final_input_token_layerwise,undisclosed,k9,gain,35,3.0,0.012702732077425144,False
final_input_token_layerwise,undisclosed,k9,gain,36,3.0,0.009461197821615697,False
final_input_token_layerwise,undisclosed,k9,response_residual,0,0.0001,-2.7755575615628914e-17,False
final_input_token_layerwise,undisclosed,k9,response_residual,1,100.0,7.766213587209747e-05,False
final_input_token_layerwise,undisclosed,k9,response_residual,2,100.0,0.00030920612143789383,False
final_input_token_layerwise,undisclosed,k9,response_residual,3,100.0,-4.0063331454454065e-05,False
final_input_token_layerwise,undisclosed,k9,response_residual,4,3.0,0.0016317431632306145,False
final_input_token_layerwise,undisclosed,k9,response_residual,5,100.0,0.00019414665573375123,False
final_input_token_layerwise,undisclosed,k9,response_residual,6,3.0,0.005353744855335851,True
final_input_token_layerwise,undisclosed,k9,response_residual,7,3.0,0.003766459961508567,False
final_input_token_layerwise,undisclosed,k9,response_residual,8,100.0,1.2319410632011252e-05,False
final_input_token_layerwise,undisclosed,k9,response_residual,9,100.0,-0.00015570058234837258,False
final_input_token_layerwise,undisclosed,k9,response_residual,10,100.0,-0.0006237969452438374,False
final_input_token_layerwise,undisclosed,k9,response_residual,11,100.0,-0.000347436706927301,False
final_input_token_layerwise,undisclosed,k9,response_residual,12,100.0,-0.000462402277220636,False
final_input_token_layerwise,undisclosed,k9,response_residual,13,100.0,-0.0003728849688038327,False
final_input_token_layerwise,undisclosed,k9,response_residual,14,100.0,-0.0006264205744773432,False
final_input_token_layerwise,undisclosed,k9,response_residual,15,100.0,-0.000500036552134403,False
final_input_token_layerwise,undisclosed,k9,response_residual,16,100.0,-0.00028742139875789774,False
final_input_token_layerwise,undisclosed,k9,response_residual,17,100.0,7.645543246539988e-05,False
final_input_token_layerwise,undisclosed,k9,response_residual,18,100.0,-0.00013581948381066744,False
final_input_token_layerwise,undisclosed,k9,response_residual,19,100.0,-4.155415032033871e-05,False
final_input_token_layerwise,undisclosed,k9,response_residual,20,100.0,0.0002830725292416736,False
final_input_token_layerwise,undisclosed,k9,response_residual,21,100.0,0.0009783508174327493,False
final_input_token_layerwise,undisclosed,k9,response_residual,22,100.0,0.0012162881321458874,False
final_input_token_layerwise,undisclosed,k9,response_residual,23,100.0,0.0011979219404642805,False
final_input_token_layerwise,undisclosed,k9,response_residual,24,100.0,0.0009266540397812884,False
final_input_token_layerwise,undisclosed,k9,response_residual,25,100.0,0.0008685771739139203,False
final_input_token_layerwise,undisclosed,k9,response_residual,26,100.0,0.0008490222517958113,False
final_input_token_layerwise,undisclosed,k9,response_residual,27,100.0,0.0008601798297333818,False
final_input_token_layerwise,undisclosed,k9,response_residual,28,100.0,0.0007802459091292568,False
final_input_token_layerwise,undisclosed,k9,response_residual,29,100.0,0.00089622755794036,False
final_input_token_layerwise,undisclosed,k9,response_residual,30,100.0,0.0008771308038700576,False
final_input_token_layerwise,undisclosed,k9,response_residual,31,100.0,0.0009392255595759291,False
final_input_token_layerwise,undisclosed,k9,response_residual,32,100.0,0.0010769620657103685,False
final_input_token_layerwise,undisclosed,k9,response_residual,33,100.0,0.0011664551860573746,False
final_input_token_layerwise,undisclosed,k9,response_residual,34,100.0,0.0009893033082191138,False
final_input_token_layerwise,undisclosed,k9,response_residual,35,100.0,0.0012304389701695284,False
final_input_token_layerwise,undisclosed,k9,response_residual,36,100.0,0.0012156407866485142,False
final_input_token_layerwise,undisclosed,k9,last_target_observation,0,0.0001,1.3877787807814457e-16,False
final_input_token_layerwise,undisclosed,k9,last_target_observation,1,3.0,0.0008305622505527799,False
final_input_token_layerwise,undisclosed,k9,last_target_observation,2,0.1,0.03013475829828688,False
final_input_token_layerwise,undisclosed,k9,last_target_observation,3,0.1,0.018999197367921494,False
final_input_token_layerwise,undisclosed,k9,last_target_observation,4,0.1,0.046152516224884865,True
final_input_token_layerwise,undisclosed,k9,last_target_observation,5,100.0,0.00018267136374133797,False
final_input_token_layerwise,undisclosed,k9,last_target_observation,6,100.0,0.0003523067956622272,False
final_input_token_layerwise,undisclosed,k9,last_target_observation,7,100.0,0.0003814527678552837,False
final_input_token_layerwise,undisclosed,k9,last_target_observation,8,3.0,0.00611096961124194,False
final_input_token_layerwise,undisclosed,k9,last_target_observation,9,3.0,0.012133130346351995,False
final_input_token_layerwise,undisclosed,k9,last_target_observation,10,3.0,0.01710383822835132,False
final_input_token_layerwise,undisclosed,k9,last_target_observation,11,3.0,0.01404168781817594,False
final_input_token_layerwise,undisclosed,k9,last_target_observation,12,3.0,0.0070364052452407955,False
final_input_token_layerwise,undisclosed,k9,last_target_observation,13,100.0,0.0003008340051797731,False
final_input_token_layerwise,undisclosed,k9,last_target_observation,14,100.0,0.00013519785916232818,False
final_input_token_layerwise,undisclosed,k9,last_target_observation,15,100.0,0.0003438055096532666,False
final_input_token_layerwise,undisclosed,k9,last_target_observation,16,100.0,0.0005704916519548298,False
final_input_token_layerwise,undisclosed,k9,last_target_observation,17,3.0,0.006306693751261749,False
final_input_token_layerwise,undisclosed,k9,last_target_observation,18,3.0,0.002915471644533707,False
final_input_token_layerwise,undisclosed,k9,last_target_observation,19,100.0,0.0004573612855159892,False
final_input_token_layerwise,undisclosed,k9,last_target_observation,20,3.0,0.003894284183781238,False
final_input_token_layerwise,undisclosed,k9,last_target_observation,21,3.0,0.0037656961054046145,False
final_input_token_layerwise,undisclosed,k9,last_target_observation,22,3.0,0.002730178846815451,False
final_input_token_layerwise,undisclosed,k9,last_target_observation,23,3.0,0.006331070767621266,False
final_input_token_layerwise,undisclosed,k9,last_target_observation,24,3.0,0.012518471007502419,False
final_input_token_layerwise,undisclosed,k9,last_target_observation,25,3.0,0.009267382239156796,False
final_input_token_layerwise,undisclosed,k9,last_target_observation,26,3.0,0.0025656116378436344,False
final_input_token_layerwise,undisclosed,k9,last_target_observation,27,100.0,0.0016304555856072878,False
final_input_token_layerwise,undisclosed,k9,last_target_observation,28,100.0,0.0017209477276293184,False
final_input_token_layerwise,undisclosed,k9,last_target_observation,29,100.0,0.0016092301670515563,False
final_input_token_layerwise,undisclosed,k9,last_target_observation,30,100.0,0.0013140072367635314,False
final_input_token_layerwise,undisclosed,k9,last_target_observation,31,100.0,0.0009624088422089394,False
final_input_token_layerwise,undisclosed,k9,last_target_observation,32,100.0,0.000512705604020447,False
final_input_token_layerwise,undisclosed,k9,last_target_observation,33,100.0,0.0005364472991417069,False
final_input_token_layerwise,undisclosed,k9,last_target_observation,34,100.0,0.00013050026329347597,False
final_input_token_layerwise,undisclosed,k9,last_target_observation,35,100.0,0.0006114547756337907,False
final_input_token_layerwise,undisclosed,k9,last_target_observation,36,100.0,0.0007440951345008273,False
final_input_token_layerwise,undisclosed,k9,target_observation_mean,0,0.0001,3.885780586188048e-16,False
final_input_token_layerwise,undisclosed,k9,target_observation_mean,1,100.0,0.00023739473341916062,False
final_input_token_layerwise,undisclosed,k9,target_observation_mean,2,3.0,0.016593061096135203,False
final_input_token_layerwise,undisclosed,k9,target_observation_mean,3,3.0,0.00805893451591519,False
final_input_token_layerwise,undisclosed,k9,target_observation_mean,4,3.0,0.008742366794844775,False
final_input_token_layerwise,undisclosed,k9,target_observation_mean,5,3.0,0.007431949341782984,False
final_input_token_layerwise,undisclosed,k9,target_observation_mean,6,3.0,0.008462939018472476,False
final_input_token_layerwise,undisclosed,k9,target_observation_mean,7,3.0,0.01049756643692526,False
final_input_token_layerwise,undisclosed,k9,target_observation_mean,8,3.0,0.003436835009336947,False
final_input_token_layerwise,undisclosed,k9,target_observation_mean,9,100.0,-0.0002632837919744335,False
final_input_token_layerwise,undisclosed,k9,target_observation_mean,10,100.0,-0.00033604356963842785,False
final_input_token_layerwise,undisclosed,k9,target_observation_mean,11,3.0,0.0006091952401006684,False
final_input_token_layerwise,undisclosed,k9,target_observation_mean,12,3.0,0.0036723101038718398,False
final_input_token_layerwise,undisclosed,k9,target_observation_mean,13,3.0,0.0025585159249419953,False
final_input_token_layerwise,undisclosed,k9,target_observation_mean,14,3.0,0.0105320741676104,False
final_input_token_layerwise,undisclosed,k9,target_observation_mean,15,3.0,0.01601491585794318,False
final_input_token_layerwise,undisclosed,k9,target_observation_mean,16,3.0,0.011277537994508369,False
final_input_token_layerwise,undisclosed,k9,target_observation_mean,17,3.0,0.018351783009844413,False
final_input_token_layerwise,undisclosed,k9,target_observation_mean,18,3.0,0.00713067750398097,False
final_input_token_layerwise,undisclosed,k9,target_observation_mean,19,3.0,0.0034049320384977044,False
final_input_token_layerwise,undisclosed,k9,target_observation_mean,20,3.0,0.01708603528969349,False
final_input_token_layerwise,undisclosed,k9,target_observation_mean,21,3.0,0.020613402823111804,False
final_input_token_layerwise,undisclosed,k9,target_observation_mean,22,3.0,0.01562654898959359,False
final_input_token_layerwise,undisclosed,k9,target_observation_mean,23,3.0,0.016737288399205963,False
final_input_token_layerwise,undisclosed,k9,target_observation_mean,24,3.0,0.02741485271220781,False
final_input_token_layerwise,undisclosed,k9,target_observation_mean,25,3.0,0.02531138634946206,False
final_input_token_layerwise,undisclosed,k9,target_observation_mean,26,3.0,0.01975564665976262,False
final_input_token_layerwise,undisclosed,k9,target_observation_mean,27,3.0,0.01856695346699036,False
final_input_token_layerwise,undisclosed,k9,target_observation_mean,28,3.0,0.01444729309894996,False
final_input_token_layerwise,undisclosed,k9,target_observation_mean,29,3.0,0.012528379232449954,False
final_input_token_layerwise,undisclosed,k9,target_observation_mean,30,3.0,0.016790220751587565,False
final_input_token_layerwise,undisclosed,k9,target_observation_mean,31,3.0,0.014835209890384782,False
final_input_token_layerwise,undisclosed,k9,target_observation_mean,32,3.0,0.012734132771202361,False
final_input_token_layerwise,undisclosed,k9,target_observation_mean,33,3.0,0.01476046121019034,False
final_input_token_layerwise,undisclosed,k9,target_observation_mean,34,3.0,0.030564683571726398,True
final_input_token_layerwise,undisclosed,k9,target_observation_mean,35,3.0,0.027242617730113633,False
final_input_token_layerwise,undisclosed,k9,target_observation_mean,36,3.0,0.029649902470406886,False
final_input_token_layerwise,undisclosed,k9,target_time_slope,0,0.0001,0.0,False
final_input_token_layerwise,undisclosed,k9,target_time_slope,1,3.0,0.011868778686333153,False
final_input_token_layerwise,undisclosed,k9,target_time_slope,2,100.0,0.0001247958232463986,False
final_input_token_layerwise,undisclosed,k9,target_time_slope,3,100.0,-7.36102625144841e-05,False
final_input_token_layerwise,undisclosed,k9,target_time_slope,4,3.0,0.000827506512783377,False
final_input_token_layerwise,undisclosed,k9,target_time_slope,5,3.0,0.00269388523557762,False
final_input_token_layerwise,undisclosed,k9,target_time_slope,6,3.0,0.0011491930146832474,False
final_input_token_layerwise,undisclosed,k9,target_time_slope,7,3.0,0.020292933439147204,False
final_input_token_layerwise,undisclosed,k9,target_time_slope,8,3.0,0.025147935480145378,False
final_input_token_layerwise,undisclosed,k9,target_time_slope,9,3.0,0.02337816598596379,False
final_input_token_layerwise,undisclosed,k9,target_time_slope,10,3.0,0.03152928320802756,True
final_input_token_layerwise,undisclosed,k9,target_time_slope,11,3.0,0.019740549955843456,False
final_input_token_layerwise,undisclosed,k9,target_time_slope,12,3.0,0.013724906053216523,False
final_input_token_layerwise,undisclosed,k9,target_time_slope,13,3.0,0.002813608441178894,False
final_input_token_layerwise,undisclosed,k9,target_time_slope,14,100.0,0.0005684524391756651,False
final_input_token_layerwise,undisclosed,k9,target_time_slope,15,3.0,0.00346659963568674,False
final_input_token_layerwise,undisclosed,k9,target_time_slope,16,100.0,0.00048754064522776863,False
final_input_token_layerwise,undisclosed,k9,target_time_slope,17,3.0,0.0009830228587332235,False
final_input_token_layerwise,undisclosed,k9,target_time_slope,18,3.0,0.004452411186424532,False
final_input_token_layerwise,undisclosed,k9,target_time_slope,19,100.0,0.00017150356029693725,False
final_input_token_layerwise,undisclosed,k9,target_time_slope,20,100.0,-4.2244337235347595e-05,False
final_input_token_layerwise,undisclosed,k9,target_time_slope,21,3.0,0.00147610644740373,False
final_input_token_layerwise,undisclosed,k9,target_time_slope,22,3.0,0.005531207813936345,False
final_input_token_layerwise,undisclosed,k9,target_time_slope,23,100.0,-7.559005967916477e-05,False
final_input_token_layerwise,undisclosed,k9,target_time_slope,24,100.0,-0.00026142243040744306,False
final_input_token_layerwise,undisclosed,k9,target_time_slope,25,100.0,-0.0003038623946950425,False
final_input_token_layerwise,undisclosed,k9,target_time_slope,26,100.0,-0.0007255895478454621,False
final_input_token_layerwise,undisclosed,k9,target_time_slope,27,100.0,-0.001114962284244625,False
final_input_token_layerwise,undisclosed,k9,target_time_slope,28,100.0,-0.0010210783039937832,False
final_input_token_layerwise,undisclosed,k9,target_time_slope,29,100.0,-0.0014260442186609379,False
final_input_token_layerwise,undisclosed,k9,target_time_slope,30,100.0,-0.0017041394767199347,False
final_input_token_layerwise,undisclosed,k9,target_time_slope,31,100.0,-0.0021793424752081236,False
final_input_token_layerwise,undisclosed,k9,target_time_slope,32,100.0,-0.002351087226571791,False
final_input_token_layerwise,undisclosed,k9,target_time_slope,33,100.0,-0.00244380245777831,False
final_input_token_layerwise,undisclosed,k9,target_time_slope,34,100.0,-0.002874698398976916,False
final_input_token_layerwise,undisclosed,k9,target_time_slope,35,100.0,-0.002362685681064569,False
final_input_token_layerwise,undisclosed,k9,target_time_slope,36,100.0,-0.0021868539258581565,False
final_input_token_layerwise,undisclosed,k9,displayed_driver_outcome_slope,0,0.0001,-1.1102230246251565e-16,False
final_input_token_layerwise,undisclosed,k9,displayed_driver_outcome_slope,1,100.0,-0.0006089543061903457,False
final_input_token_layerwise,undisclosed,k9,displayed_driver_outcome_slope,2,100.0,1.3760231473591844e-05,False
final_input_token_layerwise,undisclosed,k9,displayed_driver_outcome_slope,3,100.0,-0.0003158620696944725,False
final_input_token_layerwise,undisclosed,k9,displayed_driver_outcome_slope,4,100.0,-4.495216214886466e-05,False
final_input_token_layerwise,undisclosed,k9,displayed_driver_outcome_slope,5,3.0,0.0038031667871360753,False
final_input_token_layerwise,undisclosed,k9,displayed_driver_outcome_slope,6,3.0,0.010001933046694111,False
final_input_token_layerwise,undisclosed,k9,displayed_driver_outcome_slope,7,3.0,0.004790894134041185,False
final_input_token_layerwise,undisclosed,k9,displayed_driver_outcome_slope,8,3.0,0.007943605545487037,False
final_input_token_layerwise,undisclosed,k9,displayed_driver_outcome_slope,9,3.0,0.008844978308972629,False
final_input_token_layerwise,undisclosed,k9,displayed_driver_outcome_slope,10,3.0,0.01223542702213068,False
final_input_token_layerwise,undisclosed,k9,displayed_driver_outcome_slope,11,3.0,0.011011755270355306,False
final_input_token_layerwise,undisclosed,k9,displayed_driver_outcome_slope,12,3.0,0.007596897607969277,False
final_input_token_layerwise,undisclosed,k9,displayed_driver_outcome_slope,13,3.0,0.01393054374298719,False
final_input_token_layerwise,undisclosed,k9,displayed_driver_outcome_slope,14,3.0,0.023331490825258705,False
final_input_token_layerwise,undisclosed,k9,displayed_driver_outcome_slope,15,3.0,0.026449228312915823,False
final_input_token_layerwise,undisclosed,k9,displayed_driver_outcome_slope,16,3.0,0.023625746589251012,False
final_input_token_layerwise,undisclosed,k9,displayed_driver_outcome_slope,17,3.0,0.02122860489522385,False
final_input_token_layerwise,undisclosed,k9,displayed_driver_outcome_slope,18,3.0,0.019995187524280922,False
final_input_token_layerwise,undisclosed,k9,displayed_driver_outcome_slope,19,3.0,0.011178325905048914,False
final_input_token_layerwise,undisclosed,k9,displayed_driver_outcome_slope,20,3.0,0.011985019638961841,False
final_input_token_layerwise,undisclosed,k9,displayed_driver_outcome_slope,21,3.0,0.01900769282259468,False
final_input_token_layerwise,undisclosed,k9,displayed_driver_outcome_slope,22,3.0,0.016756024131935526,False
final_input_token_layerwise,undisclosed,k9,displayed_driver_outcome_slope,23,3.0,0.021819470588404777,False
final_input_token_layerwise,undisclosed,k9,displayed_driver_outcome_slope,24,3.0,0.03649210127379507,False
final_input_token_layerwise,undisclosed,k9,displayed_driver_outcome_slope,25,3.0,0.03922914783387249,True
final_input_token_layerwise,undisclosed,k9,displayed_driver_outcome_slope,26,3.0,0.02646460505267831,False
final_input_token_layerwise,undisclosed,k9,displayed_driver_outcome_slope,27,3.0,0.02829319861137769,False
final_input_token_layerwise,undisclosed,k9,displayed_driver_outcome_slope,28,3.0,0.02647254743526614,False
final_input_token_layerwise,undisclosed,k9,displayed_driver_outcome_slope,29,3.0,0.027013666054145014,False
final_input_token_layerwise,undisclosed,k9,displayed_driver_outcome_slope,30,3.0,0.024603952317415467,False
final_input_token_layerwise,undisclosed,k9,displayed_driver_outcome_slope,31,3.0,0.02437034608665331,False
final_input_token_layerwise,undisclosed,k9,displayed_driver_outcome_slope,32,3.0,0.023818554222740596,False
final_input_token_layerwise,undisclosed,k9,displayed_driver_outcome_slope,33,3.0,0.02018145137222524,False
final_input_token_layerwise,undisclosed,k9,displayed_driver_outcome_slope,34,3.0,0.013976923177011297,False
final_input_token_layerwise,undisclosed,k9,displayed_driver_outcome_slope,35,3.0,0.004039420577708203,False
final_input_token_layerwise,undisclosed,k9,displayed_driver_outcome_slope,36,3.0,0.005584942923209157,False
final_input_token_layerwise,undisclosed,k9,oracle_posterior_gain,0,0.0001,0.0,False
final_input_token_layerwise,undisclosed,k9,oracle_posterior_gain,1,100.0,-0.0005540674838415416,False
final_input_token_layerwise,undisclosed,k9,oracle_posterior_gain,2,100.0,-0.00014485353449913974,False
final_input_token_layerwise,undisclosed,k9,oracle_posterior_gain,3,100.0,-0.0005284636742881321,False
final_input_token_layerwise,undisclosed,k9,oracle_posterior_gain,4,100.0,-0.00017136839913184376,False
final_input_token_layerwise,undisclosed,k9,oracle_posterior_gain,5,3.0,0.004658323613489279,False
final_input_token_layerwise,undisclosed,k9,oracle_posterior_gain,6,3.0,0.006615964355378756,False
final_input_token_layerwise,undisclosed,k9,oracle_posterior_gain,7,3.0,0.010436470621502048,False
final_input_token_layerwise,undisclosed,k9,oracle_posterior_gain,8,3.0,0.0034835664582220927,False
final_input_token_layerwise,undisclosed,k9,oracle_posterior_gain,9,100.0,7.549571904447161e-05,False
final_input_token_layerwise,undisclosed,k9,oracle_posterior_gain,10,100.0,0.00015603748952391916,False
final_input_token_layerwise,undisclosed,k9,oracle_posterior_gain,11,100.0,0.0002484120262904732,False
final_input_token_layerwise,undisclosed,k9,oracle_posterior_gain,12,3.0,0.0017263297088551122,False
final_input_token_layerwise,undisclosed,k9,oracle_posterior_gain,13,3.0,0.0024469176417813154,False
final_input_token_layerwise,undisclosed,k9,oracle_posterior_gain,14,3.0,0.006625745565601443,False
final_input_token_layerwise,undisclosed,k9,oracle_posterior_gain,15,3.0,0.0025561486216192364,False
final_input_token_layerwise,undisclosed,k9,oracle_posterior_gain,16,100.0,0.0003740099747500114,False
final_input_token_layerwise,undisclosed,k9,oracle_posterior_gain,17,3.0,0.011494399439893749,False
final_input_token_layerwise,undisclosed,k9,oracle_posterior_gain,18,3.0,0.013889103855116242,False
final_input_token_layerwise,undisclosed,k9,oracle_posterior_gain,19,3.0,0.026603816357278043,False
final_input_token_layerwise,undisclosed,k9,oracle_posterior_gain,20,3.0,0.030561505861551735,False
final_input_token_layerwise,undisclosed,k9,oracle_posterior_gain,21,3.0,0.033205036241617025,True
final_input_token_layerwise,undisclosed,k9,oracle_posterior_gain,22,3.0,0.03005902868850882,False
final_input_token_layerwise,undisclosed,k9,oracle_posterior_gain,23,3.0,0.030149644478423637,False
final_input_token_layerwise,undisclosed,k9,oracle_posterior_gain,24,3.0,0.023162957938267725,False
final_input_token_layerwise,undisclosed,k9,oracle_posterior_gain,25,3.0,0.021100105479662207,False
final_input_token_layerwise,undisclosed,k9,oracle_posterior_gain,26,3.0,0.016641929143221545,False
final_input_token_layerwise,undisclosed,k9,oracle_posterior_gain,27,3.0,0.020431158727862886,False
final_input_token_layerwise,undisclosed,k9,oracle_posterior_gain,28,3.0,0.019543249468790574,False
final_input_token_layerwise,undisclosed,k9,oracle_posterior_gain,29,3.0,0.02248522151151816,False
final_input_token_layerwise,undisclosed,k9,oracle_posterior_gain,30,3.0,0.024521313828377245,False
final_input_token_layerwise,undisclosed,k9,oracle_posterior_gain,31,3.0,0.023462798994025813,False
final_input_token_layerwise,undisclosed,k9,oracle_posterior_gain,32,3.0,0.02781222385592702,False
final_input_token_layerwise,undisclosed,k9,oracle_posterior_gain,33,3.0,0.03043447414172068,False
final_input_token_layerwise,undisclosed,k9,oracle_posterior_gain,34,3.0,0.02682851820783977,False
final_input_token_layerwise,undisclosed,k9,oracle_posterior_gain,35,3.0,0.02215408899619406,False
final_input_token_layerwise,undisclosed,k9,oracle_posterior_gain,36,3.0,0.021428176229038365,False
final_input_token_layerwise,undisclosed,pooled,gain,0,0.0001,0.0,False
final_input_token_layerwise,undisclosed,pooled,gain,1,100.0,-0.0007331040443307827,False
final_input_token_layerwise,undisclosed,pooled,gain,2,100.0,-2.9952633497522713e-05,False
final_input_token_layerwise,undisclosed,pooled,gain,3,100.0,-0.0006305629026901552,False
final_input_token_layerwise,undisclosed,pooled,gain,4,100.0,-2.6053551124449736e-05,False
final_input_token_layerwise,undisclosed,pooled,gain,5,100.0,-0.0011718519907474856,False
final_input_token_layerwise,undisclosed,pooled,gain,6,100.0,0.0013714565296668961,False
final_input_token_layerwise,undisclosed,pooled,gain,7,100.0,0.0011784561432709728,False
final_input_token_layerwise,undisclosed,pooled,gain,8,100.0,-0.00020248389054934127,False
final_input_token_layerwise,undisclosed,pooled,gain,9,100.0,-0.0013139792450855188,False
final_input_token_layerwise,undisclosed,pooled,gain,10,100.0,-0.0015890638985624577,False
final_input_token_layerwise,undisclosed,pooled,gain,11,100.0,-0.0013638785554977717,False
final_input_token_layerwise,undisclosed,pooled,gain,12,100.0,-0.000621529413704025,False
final_input_token_layerwise,undisclosed,pooled,gain,13,100.0,-0.0008355903105554674,False
final_input_token_layerwise,undisclosed,pooled,gain,14,100.0,-0.0008840477976381304,False
final_input_token_layerwise,undisclosed,pooled,gain,15,100.0,-0.001609795657010323,False
final_input_token_layerwise,undisclosed,pooled,gain,16,100.0,-0.0002814382102551231,False
final_input_token_layerwise,undisclosed,pooled,gain,17,100.0,0.00038448445075213905,False
final_input_token_layerwise,undisclosed,pooled,gain,18,100.0,-0.00014540657768738474,False
final_input_token_layerwise,undisclosed,pooled,gain,19,100.0,0.000629611941461596,False
final_input_token_layerwise,undisclosed,pooled,gain,20,100.0,0.0014254722066209442,False
final_input_token_layerwise,undisclosed,pooled,gain,21,100.0,0.005458265475881917,False
final_input_token_layerwise,undisclosed,pooled,gain,22,100.0,0.007347944644606826,False
final_input_token_layerwise,undisclosed,pooled,gain,23,100.0,0.009405823976188813,False
final_input_token_layerwise,undisclosed,pooled,gain,24,100.0,0.009712238614580324,False
final_input_token_layerwise,undisclosed,pooled,gain,25,100.0,0.010476528052372794,False
final_input_token_layerwise,undisclosed,pooled,gain,26,100.0,0.011080891514711857,True
final_input_token_layerwise,undisclosed,pooled,gain,27,100.0,0.01018969742242895,False
final_input_token_layerwise,undisclosed,pooled,gain,28,100.0,0.009859070134851239,False
final_input_token_layerwise,undisclosed,pooled,gain,29,100.0,0.009426668123031778,False
final_input_token_layerwise,undisclosed,pooled,gain,30,100.0,0.010358015212677762,False
final_input_token_layerwise,undisclosed,pooled,gain,31,3.0,0.010654395291064045,False
final_input_token_layerwise,undisclosed,pooled,gain,32,100.0,0.010505006420825877,False
final_input_token_layerwise,undisclosed,pooled,gain,33,100.0,0.010693817423994547,False
final_input_token_layerwise,undisclosed,pooled,gain,34,100.0,0.009549184351252654,False
final_input_token_layerwise,undisclosed,pooled,gain,35,100.0,0.010295381452468064,False
final_input_token_layerwise,undisclosed,pooled,gain,36,100.0,0.010158336345708202,False
final_input_token_layerwise,undisclosed,pooled,response_residual,0,0.0001,-2.7755575615628914e-17,False
final_input_token_layerwise,undisclosed,pooled,response_residual,1,100.0,0.0009428003928615888,False
final_input_token_layerwise,undisclosed,pooled,response_residual,2,100.0,-0.0015068921160637978,False
final_input_token_layerwise,undisclosed,pooled,response_residual,3,100.0,-0.0011866795798732288,False
final_input_token_layerwise,undisclosed,pooled,response_residual,4,100.0,-0.0003221651100822713,False
final_input_token_layerwise,undisclosed,pooled,response_residual,5,100.0,-0.0040571333321673024,False
final_input_token_layerwise,undisclosed,pooled,response_residual,6,100.0,-0.0013494459125908964,False
final_input_token_layerwise,undisclosed,pooled,response_residual,7,100.0,-0.0018776682830859148,False
final_input_token_layerwise,undisclosed,pooled,response_residual,8,100.0,-0.003599652956852393,False
final_input_token_layerwise,undisclosed,pooled,response_residual,9,100.0,-0.004909819629270303,False
final_input_token_layerwise,undisclosed,pooled,response_residual,10,100.0,-0.004377437286876941,False
final_input_token_layerwise,undisclosed,pooled,response_residual,11,100.0,-0.003430026651160776,False
final_input_token_layerwise,undisclosed,pooled,response_residual,12,100.0,-0.002979000293296341,False
final_input_token_layerwise,undisclosed,pooled,response_residual,13,100.0,-0.0037822030924537695,False
final_input_token_layerwise,undisclosed,pooled,response_residual,14,100.0,-0.0042267517943775645,False
final_input_token_layerwise,undisclosed,pooled,response_residual,15,100.0,-0.004590142749013833,False
final_input_token_layerwise,undisclosed,pooled,response_residual,16,100.0,-0.0034007308906973863,False
final_input_token_layerwise,undisclosed,pooled,response_residual,17,100.0,-0.0023382718867577257,False
final_input_token_layerwise,undisclosed,pooled,response_residual,18,100.0,-0.0020249933879099382,False
final_input_token_layerwise,undisclosed,pooled,response_residual,19,100.0,-0.0006612823573114527,False
final_input_token_layerwise,undisclosed,pooled,response_residual,20,100.0,-0.00029903737385395906,False
final_input_token_layerwise,undisclosed,pooled,response_residual,21,100.0,0.004290559216009747,False
final_input_token_layerwise,undisclosed,pooled,response_residual,22,100.0,0.0058766033310996835,False
final_input_token_layerwise,undisclosed,pooled,response_residual,23,100.0,0.007743760042317517,False
final_input_token_layerwise,undisclosed,pooled,response_residual,24,100.0,0.008219614244980236,False
final_input_token_layerwise,undisclosed,pooled,response_residual,25,100.0,0.008214321076303275,False
final_input_token_layerwise,undisclosed,pooled,response_residual,26,100.0,0.008559523120052584,True
final_input_token_layerwise,undisclosed,pooled,response_residual,27,100.0,0.007692781162486645,False
final_input_token_layerwise,undisclosed,pooled,response_residual,28,100.0,0.007715724872248818,False
final_input_token_layerwise,undisclosed,pooled,response_residual,29,100.0,0.007254528252836651,False
final_input_token_layerwise,undisclosed,pooled,response_residual,30,100.0,0.007859829222304613,False
final_input_token_layerwise,undisclosed,pooled,response_residual,31,100.0,0.008127785494330575,False
final_input_token_layerwise,undisclosed,pooled,response_residual,32,100.0,0.00818308722094623,False
final_input_token_layerwise,undisclosed,pooled,response_residual,33,100.0,0.008271127047228691,False
final_input_token_layerwise,undisclosed,pooled,response_residual,34,100.0,0.008142484334688052,False
final_input_token_layerwise,undisclosed,pooled,response_residual,35,100.0,0.008427645217772386,False
final_input_token_layerwise,undisclosed,pooled,response_residual,36,100.0,0.008519266109687137,False
mean_embedding,disclosed,k3,gain,0,100.0,-0.001391327191043512,True
mean_embedding,disclosed,k3,response_residual,0,100.0,-0.0005631618135266692,True
mean_embedding,disclosed,k6,gain,0,100.0,2.3248449297075258e-06,True
mean_embedding,disclosed,k6,response_residual,0,100.0,0.0010143472627784367,True
mean_embedding,disclosed,k9,gain,0,100.0,-0.0006136966716942527,True
mean_embedding,disclosed,k9,response_residual,0,100.0,0.000836083005017918,True
mean_embedding,disclosed,pooled,gain,0,100.0,-0.00934444335362448,True
mean_embedding,disclosed,pooled,response_residual,0,100.0,-0.0014316542386622333,True
mean_embedding,undisclosed,k3,gain,0,100.0,-0.0016139994741432573,True
mean_embedding,undisclosed,k3,response_residual,0,100.0,-0.0007117376714019241,True
mean_embedding,undisclosed,k6,gain,0,100.0,-0.00015518359163588236,True
mean_embedding,undisclosed,k6,response_residual,0,100.0,0.0009546409976857462,True
mean_embedding,undisclosed,k9,gain,0,100.0,-0.0007582575926914636,True
mean_embedding,undisclosed,k9,response_residual,0,100.0,0.00080506034128347,True
mean_embedding,undisclosed,pooled,gain,0,100.0,-0.00936023457682337,True
mean_embedding,undisclosed,pooled,response_residual,0,100.0,-0.0014526475708017128,True
mean_final_layer,disclosed,k3,gain,0,100.0,-0.00026202106244352374,True
mean_final_layer,disclosed,k3,response_residual,0,100.0,-0.00048198461012766147,True
mean_final_layer,disclosed,k6,gain,0,3.0,0.0005369694607210707,True
mean_final_layer,disclosed,k6,response_residual,0,100.0,-0.0001507450072059935,True
mean_final_layer,disclosed,k9,gain,0,3.0,0.011296684832228815,True
mean_final_layer,disclosed,k9,response_residual,0,3.0,0.0014657341569757898,True
mean_final_layer,disclosed,pooled,gain,0,100.0,-0.00027874287862032315,True
mean_final_layer,disclosed,pooled,response_residual,0,100.0,-0.005317867989136397,True
mean_final_layer,undisclosed,k3,gain,0,100.0,-9.795663189335335e-05,True
mean_final_layer,undisclosed,k3,response_residual,0,100.0,-0.00029199429771314955,True
mean_final_layer,undisclosed,k6,gain,0,3.0,0.0033522246017778645,True
mean_final_layer,undisclosed,k6,response_residual,0,100.0,-4.583134158814284e-05,True
mean_final_layer,undisclosed,k9,gain,0,3.0,0.020161215427423745,True
mean_final_layer,undisclosed,k9,response_residual,0,3.0,0.007716646926602261,True
mean_final_layer,undisclosed,pooled,gain,0,100.0,0.0031945224576590547,True
mean_final_layer,undisclosed,pooled,response_residual,0,100.0,-0.002104204335544572,True
