representation,train_disclosure,evidence,target,layer,alpha,cv_macro_development_baseline_r2,selected
final_input_token_layerwise,disclosed,k3,gain,0,0.0001,0.0,False
final_input_token_layerwise,disclosed,k3,gain,1,100.0,-0.00031673353831140894,False
final_input_token_layerwise,disclosed,k3,gain,2,100.0,-0.0003845133082299168,False
final_input_token_layerwise,disclosed,k3,gain,3,100.0,-0.0010053077381377284,False
final_input_token_layerwise,disclosed,k3,gain,4,100.0,-0.0009996771431106666,False
final_input_token_layerwise,disclosed,k3,gain,5,100.0,-0.0006043871964537262,False
final_input_token_layerwise,disclosed,k3,gain,6,100.0,-0.0007260444420111312,False
final_input_token_layerwise,disclosed,k3,gain,7,100.0,-0.0008108262952687406,False
final_input_token_layerwise,disclosed,k3,gain,8,100.0,-0.0005877216336750979,False
final_input_token_layerwise,disclosed,k3,gain,9,100.0,-0.0003642610115228706,False
final_input_token_layerwise,disclosed,k3,gain,10,100.0,-0.00042515690721306454,False
final_input_token_layerwise,disclosed,k3,gain,11,100.0,-0.00044917838970121027,False
final_input_token_layerwise,disclosed,k3,gain,12,100.0,-0.00021980589817297003,False
final_input_token_layerwise,disclosed,k3,gain,13,3.0,0.0019229162863486915,False
final_input_token_layerwise,disclosed,k3,gain,14,3.0,0.001046585364968794,False
final_input_token_layerwise,disclosed,k3,gain,15,100.0,-0.0008946932182735956,False
final_input_token_layerwise,disclosed,k3,gain,16,3.0,0.012565375275030627,False
final_input_token_layerwise,disclosed,k3,gain,17,3.0,0.003988518932538904,False
final_input_token_layerwise,disclosed,k3,gain,18,3.0,0.005643019711740083,False
final_input_token_layerwise,disclosed,k3,gain,19,3.0,0.009504926744078823,False
final_input_token_layerwise,disclosed,k3,gain,20,3.0,0.003108554258523716,False
final_input_token_layerwise,disclosed,k3,gain,21,3.0,0.002094351586122256,False
final_input_token_layerwise,disclosed,k3,gain,22,3.0,0.005350286636873758,False
final_input_token_layerwise,disclosed,k3,gain,23,3.0,0.0037039432132222883,False
final_input_token_layerwise,disclosed,k3,gain,24,3.0,0.006106875815745899,False
final_input_token_layerwise,disclosed,k3,gain,25,3.0,0.004356790864029819,False
final_input_token_layerwise,disclosed,k3,gain,26,3.0,0.0021641601268263533,False
final_input_token_layerwise,disclosed,k3,gain,27,3.0,0.002016033357409436,False
final_input_token_layerwise,disclosed,k3,gain,28,3.0,0.0012826408343549478,False
final_input_token_layerwise,disclosed,k3,gain,29,3.0,0.0033561568339834646,False
final_input_token_layerwise,disclosed,k3,gain,30,3.0,0.008201180960260318,False
final_input_token_layerwise,disclosed,k3,gain,31,3.0,0.011464840821788058,False
final_input_token_layerwise,disclosed,k3,gain,32,3.0,0.019255362566396095,True
final_input_token_layerwise,disclosed,k3,response_residual,0,0.0001,-2.7755575615628914e-17,False
final_input_token_layerwise,disclosed,k3,response_residual,1,100.0,-0.0002820340815816724,False
final_input_token_layerwise,disclosed,k3,response_residual,2,100.0,-0.00034754458190872084,False
final_input_token_layerwise,disclosed,k3,response_residual,3,100.0,-0.0011180759256689266,False
final_input_token_layerwise,disclosed,k3,response_residual,4,100.0,-0.0012366647455712143,False
final_input_token_layerwise,disclosed,k3,response_residual,5,100.0,-0.0007785195319838789,False
final_input_token_layerwise,disclosed,k3,response_residual,6,100.0,-0.0007809560343635114,False
final_input_token_layerwise,disclosed,k3,response_residual,7,100.0,-0.0007452085644893969,False
final_input_token_layerwise,disclosed,k3,response_residual,8,100.0,-0.0006002306818444492,False
final_input_token_layerwise,disclosed,k3,response_residual,9,100.0,-0.0003433376208270278,False
final_input_token_layerwise,disclosed,k3,response_residual,10,100.0,-0.0003031874790186406,False
final_input_token_layerwise,disclosed,k3,response_residual,11,100.0,-0.00048692689500673403,False
final_input_token_layerwise,disclosed,k3,response_residual,12,100.0,-0.00030276756712746544,False
final_input_token_layerwise,disclosed,k3,response_residual,13,100.0,-0.00036359799479662724,False
final_input_token_layerwise,disclosed,k3,response_residual,14,100.0,-0.00045478795062980915,False
final_input_token_layerwise,disclosed,k3,response_residual,15,100.0,-0.0003986174816159316,False
final_input_token_layerwise,disclosed,k3,response_residual,16,100.0,-5.46687303656368e-05,False
final_input_token_layerwise,disclosed,k3,response_residual,17,100.0,-0.00026039846972353287,False
final_input_token_layerwise,disclosed,k3,response_residual,18,100.0,-4.032982884316638e-05,False
final_input_token_layerwise,disclosed,k3,response_residual,19,100.0,-2.5921986760379934e-05,False
final_input_token_layerwise,disclosed,k3,response_residual,20,100.0,-0.00029439612579187924,False
final_input_token_layerwise,disclosed,k3,response_residual,21,100.0,-0.0004534054327230974,False
final_input_token_layerwise,disclosed,k3,response_residual,22,100.0,-0.0002882916632289123,False
final_input_token_layerwise,disclosed,k3,response_residual,23,100.0,-0.000439661012579029,False
final_input_token_layerwise,disclosed,k3,response_residual,24,100.0,-0.0003888686735665503,False
final_input_token_layerwise,disclosed,k3,response_residual,25,100.0,-0.0003774239056170692,False
final_input_token_layerwise,disclosed,k3,response_residual,26,100.0,-0.00044396044949129854,False
final_input_token_layerwise,disclosed,k3,response_residual,27,100.0,-0.0005158529559704528,False
final_input_token_layerwise,disclosed,k3,response_residual,28,100.0,-0.0005135666184863663,False
final_input_token_layerwise,disclosed,k3,response_residual,29,100.0,-0.0003406586119701349,False
final_input_token_layerwise,disclosed,k3,response_residual,30,100.0,2.7248587478378994e-05,False
final_input_token_layerwise,disclosed,k3,response_residual,31,100.0,0.00014949971388944494,False
final_input_token_layerwise,disclosed,k3,response_residual,32,100.0,0.0006611533534753578,True
final_input_token_layerwise,disclosed,k3,last_target_observation,0,0.0001,-8.326672684688674e-17,False
final_input_token_layerwise,disclosed,k3,last_target_observation,1,0.1,0.16386132811012233,False
final_input_token_layerwise,disclosed,k3,last_target_observation,2,0.1,0.17939483322406902,False
final_input_token_layerwise,disclosed,k3,last_target_observation,3,0.1,0.09414381606626629,False
final_input_token_layerwise,disclosed,k3,last_target_observation,4,0.1,0.02571878714241682,False
final_input_token_layerwise,disclosed,k3,last_target_observation,5,3.0,0.014352479812363456,False
final_input_token_layerwise,disclosed,k3,last_target_observation,6,0.1,0.01601432365117103,False
final_input_token_layerwise,disclosed,k3,last_target_observation,7,0.1,0.05088790526370959,False
final_input_token_layerwise,disclosed,k3,last_target_observation,8,0.1,0.08260814643401679,False
final_input_token_layerwise,disclosed,k3,last_target_observation,9,0.1,0.20476751043972388,False
final_input_token_layerwise,disclosed,k3,last_target_observation,10,0.1,0.1441329766558598,False
final_input_token_layerwise,disclosed,k3,last_target_observation,11,0.1,0.14947349739990243,False
final_input_token_layerwise,disclosed,k3,last_target_observation,12,0.1,0.18229930010862663,False
final_input_token_layerwise,disclosed,k3,last_target_observation,13,3.0,0.11994541345842366,False
final_input_token_layerwise,disclosed,k3,last_target_observation,14,0.1,0.2647778673084568,False
final_input_token_layerwise,disclosed,k3,last_target_observation,15,0.1,0.29652310180886626,False
final_input_token_layerwise,disclosed,k3,last_target_observation,16,0.1,0.2247425900701196,False
final_input_token_layerwise,disclosed,k3,last_target_observation,17,0.1,0.2121495422553839,False
final_input_token_layerwise,disclosed,k3,last_target_observation,18,0.1,0.16693243902686902,False
final_input_token_layerwise,disclosed,k3,last_target_observation,19,0.1,0.20622541412225412,False
final_input_token_layerwise,disclosed,k3,last_target_observation,20,0.1,0.19399810100266968,False
final_input_token_layerwise,disclosed,k3,last_target_observation,21,0.1,0.2092253142604598,False
final_input_token_layerwise,disclosed,k3,last_target_observation,22,0.1,0.20328522835609855,False
final_input_token_layerwise,disclosed,k3,last_target_observation,23,0.1,0.2534896433883763,False
final_input_token_layerwise,disclosed,k3,last_target_observation,24,0.1,0.21344521649616527,False
final_input_token_layerwise,disclosed,k3,last_target_observation,25,0.1,0.23049686783984225,False
final_input_token_layerwise,disclosed,k3,last_target_observation,26,0.1,0.20636771921718933,False
final_input_token_layerwise,disclosed,k3,last_target_observation,27,0.1,0.2492640250488476,False
final_input_token_layerwise,disclosed,k3,last_target_observation,28,0.1,0.23894385655997322,False
final_input_token_layerwise,disclosed,k3,last_target_observation,29,0.1,0.27844000633235305,False
final_input_token_layerwise,disclosed,k3,last_target_observation,30,0.1,0.2772158603039785,False
final_input_token_layerwise,disclosed,k3,last_target_observation,31,0.1,0.2735112874517086,False
final_input_token_layerwise,disclosed,k3,last_target_observation,32,0.1,0.3069118262897039,True
final_input_token_layerwise,disclosed,k3,target_observation_mean,0,0.0001,5.551115123125783e-17,False
final_input_token_layerwise,disclosed,k3,target_observation_mean,1,3.0,0.13589246017265266,False
final_input_token_layerwise,disclosed,k3,target_observation_mean,2,3.0,0.07950861946710563,False
final_input_token_layerwise,disclosed,k3,target_observation_mean,3,3.0,0.041647435935058014,False
final_input_token_layerwise,disclosed,k3,target_observation_mean,4,3.0,0.040020103322668976,False
final_input_token_layerwise,disclosed,k3,target_observation_mean,5,3.0,0.03468749749326697,False
final_input_token_layerwise,disclosed,k3,target_observation_mean,6,3.0,0.023347897907538717,False
final_input_token_layerwise,disclosed,k3,target_observation_mean,7,3.0,0.03800161615133868,False
final_input_token_layerwise,disclosed,k3,target_observation_mean,8,0.1,0.0822363743382366,False
final_input_token_layerwise,disclosed,k3,target_observation_mean,9,3.0,0.08662438696954058,False
final_input_token_layerwise,disclosed,k3,target_observation_mean,10,3.0,0.06097238586064732,False
final_input_token_layerwise,disclosed,k3,target_observation_mean,11,3.0,0.09105699372316248,False
final_input_token_layerwise,disclosed,k3,target_observation_mean,12,0.1,0.21578515334026174,False
final_input_token_layerwise,disclosed,k3,target_observation_mean,13,3.0,0.19377186782733238,False
final_input_token_layerwise,disclosed,k3,target_observation_mean,14,3.0,0.2230636483864875,False
final_input_token_layerwise,disclosed,k3,target_observation_mean,15,3.0,0.36143554942802614,False
final_input_token_layerwise,disclosed,k3,target_observation_mean,16,3.0,0.35327047142063683,False
final_input_token_layerwise,disclosed,k3,target_observation_mean,17,0.1,0.32532384017828453,False
final_input_token_layerwise,disclosed,k3,target_observation_mean,18,0.1,0.2595923893140646,False
final_input_token_layerwise,disclosed,k3,target_observation_mean,19,0.1,0.2813908599961993,False
final_input_token_layerwise,disclosed,k3,target_observation_mean,20,0.1,0.24738118405764675,False
final_input_token_layerwise,disclosed,k3,target_observation_mean,21,0.1,0.23343481703944027,False
final_input_token_layerwise,disclosed,k3,target_observation_mean,22,0.1,0.238907442895264,False
final_input_token_layerwise,disclosed,k3,target_observation_mean,23,0.1,0.3075866484417451,False
final_input_token_layerwise,disclosed,k3,target_observation_mean,24,0.1,0.26391097272160446,False
final_input_token_layerwise,disclosed,k3,target_observation_mean,25,0.1,0.26758756124142535,False
final_input_token_layerwise,disclosed,k3,target_observation_mean,26,0.1,0.27808877341577803,False
final_input_token_layerwise,disclosed,k3,target_observation_mean,27,0.1,0.32360414542482363,False
final_input_token_layerwise,disclosed,k3,target_observation_mean,28,0.1,0.3066376078579709,False
final_input_token_layerwise,disclosed,k3,target_observation_mean,29,0.1,0.26009258798840645,False
final_input_token_layerwise,disclosed,k3,target_observation_mean,30,0.1,0.3347364174491987,False
final_input_token_layerwise,disclosed,k3,target_observation_mean,31,0.1,0.38402638815709034,False
final_input_token_layerwise,disclosed,k3,target_observation_mean,32,0.1,0.4305025920758248,True
final_input_token_layerwise,disclosed,k3,target_time_slope,0,0.0001,0.0,False
final_input_token_layerwise,disclosed,k3,target_time_slope,1,3.0,0.05557466866901287,False
final_input_token_layerwise,disclosed,k3,target_time_slope,2,3.0,0.033893301774573864,False
final_input_token_layerwise,disclosed,k3,target_time_slope,3,3.0,0.004923437075870674,False
final_input_token_layerwise,disclosed,k3,target_time_slope,4,100.0,-0.0003643824875508017,False
final_input_token_layerwise,disclosed,k3,target_time_slope,5,100.0,-7.631689395320995e-05,False
final_input_token_layerwise,disclosed,k3,target_time_slope,6,100.0,-0.000128932364426515,False
final_input_token_layerwise,disclosed,k3,target_time_slope,7,3.0,0.0196506399778702,False
final_input_token_layerwise,disclosed,k3,target_time_slope,8,100.0,-1.2817841130247087e-05,False
final_input_token_layerwise,disclosed,k3,target_time_slope,9,3.0,0.013852356959647316,False
final_input_token_layerwise,disclosed,k3,target_time_slope,10,100.0,5.82295897603724e-05,False
final_input_token_layerwise,disclosed,k3,target_time_slope,11,3.0,0.002986496394750876,False
final_input_token_layerwise,disclosed,k3,target_time_slope,12,100.0,0.0006390759891878317,False
final_input_token_layerwise,disclosed,k3,target_time_slope,13,100.0,0.00014798070064075963,False
final_input_token_layerwise,disclosed,k3,target_time_slope,14,3.0,0.023360214993312062,False
final_input_token_layerwise,disclosed,k3,target_time_slope,15,3.0,0.02052171030712635,False
final_input_token_layerwise,disclosed,k3,target_time_slope,16,0.1,0.05829258118556557,False
final_input_token_layerwise,disclosed,k3,target_time_slope,17,0.1,0.05211582343214852,False
final_input_token_layerwise,disclosed,k3,target_time_slope,18,0.1,0.026274285322718083,False
final_input_token_layerwise,disclosed,k3,target_time_slope,19,0.1,0.061721423918992324,False
final_input_token_layerwise,disclosed,k3,target_time_slope,20,0.1,0.07809733823909426,False
final_input_token_layerwise,disclosed,k3,target_time_slope,21,0.1,0.05809450364093169,False
final_input_token_layerwise,disclosed,k3,target_time_slope,22,0.1,0.03541545503066182,False
final_input_token_layerwise,disclosed,k3,target_time_slope,23,0.1,0.08718438702662451,False
final_input_token_layerwise,disclosed,k3,target_time_slope,24,0.003,0.08228339536772258,False
final_input_token_layerwise,disclosed,k3,target_time_slope,25,0.1,0.03988643095165273,False
final_input_token_layerwise,disclosed,k3,target_time_slope,26,0.1,0.01665512703614752,False
final_input_token_layerwise,disclosed,k3,target_time_slope,27,0.1,0.06320524538066116,False
final_input_token_layerwise,disclosed,k3,target_time_slope,28,0.1,0.0637403322537421,False
final_input_token_layerwise,disclosed,k3,target_time_slope,29,0.1,0.09892499023114307,False
final_input_token_layerwise,disclosed,k3,target_time_slope,30,0.1,0.1258401862192005,False
final_input_token_layerwise,disclosed,k3,target_time_slope,31,0.1,0.14113213030276636,True
final_input_token_layerwise,disclosed,k3,target_time_slope,32,0.1,0.12679951872167958,False
final_input_token_layerwise,disclosed,k3,displayed_driver_outcome_slope,0,0.0001,5.551115123125783e-17,False
final_input_token_layerwise,disclosed,k3,displayed_driver_outcome_slope,1,3.0,0.0033719336674269684,False
final_input_token_layerwise,disclosed,k3,displayed_driver_outcome_slope,2,100.0,3.832458958971663e-05,False
final_input_token_layerwise,disclosed,k3,displayed_driver_outcome_slope,3,3.0,0.017205527198955184,False
final_input_token_layerwise,disclosed,k3,displayed_driver_outcome_slope,4,3.0,0.014778823699283655,False
final_input_token_layerwise,disclosed,k3,displayed_driver_outcome_slope,5,3.0,0.01542545575269702,False
final_input_token_layerwise,disclosed,k3,displayed_driver_outcome_slope,6,3.0,0.012988351480606453,False
final_input_token_layerwise,disclosed,k3,displayed_driver_outcome_slope,7,100.0,5.372596570213384e-05,False
final_input_token_layerwise,disclosed,k3,displayed_driver_outcome_slope,8,100.0,-0.00038975479152170145,False
final_input_token_layerwise,disclosed,k3,displayed_driver_outcome_slope,9,100.0,-0.0001723714427411538,False
final_input_token_layerwise,disclosed,k3,displayed_driver_outcome_slope,10,100.0,-0.000273768607020497,False
final_input_token_layerwise,disclosed,k3,displayed_driver_outcome_slope,11,3.0,0.0027622566739985976,False
final_input_token_layerwise,disclosed,k3,displayed_driver_outcome_slope,12,3.0,0.004465588434059614,False
final_input_token_layerwise,disclosed,k3,displayed_driver_outcome_slope,13,100.0,0.0001526963208969001,False
final_input_token_layerwise,disclosed,k3,displayed_driver_outcome_slope,14,100.0,-0.00046910783669229517,False
final_input_token_layerwise,disclosed,k3,displayed_driver_outcome_slope,15,100.0,-4.1129069092232795e-05,False
final_input_token_layerwise,disclosed,k3,displayed_driver_outcome_slope,16,3.0,0.02213526744860847,False
final_input_token_layerwise,disclosed,k3,displayed_driver_outcome_slope,17,3.0,0.02497290163370136,True
final_input_token_layerwise,disclosed,k3,displayed_driver_outcome_slope,18,3.0,0.005912115406397078,False
final_input_token_layerwise,disclosed,k3,displayed_driver_outcome_slope,19,3.0,0.008676798658115409,False
final_input_token_layerwise,disclosed,k3,displayed_driver_outcome_slope,20,3.0,0.0056625119130006285,False
final_input_token_layerwise,disclosed,k3,displayed_driver_outcome_slope,21,3.0,0.003093813607750656,False
final_input_token_layerwise,disclosed,k3,displayed_driver_outcome_slope,22,3.0,0.0020766811851156974,False
final_input_token_layerwise,disclosed,k3,displayed_driver_outcome_slope,23,3.0,0.002645578315382119,False
final_input_token_layerwise,disclosed,k3,displayed_driver_outcome_slope,24,3.0,0.00358472731148482,False
final_input_token_layerwise,disclosed,k3,displayed_driver_outcome_slope,25,3.0,0.0035669746639476474,False
final_input_token_layerwise,disclosed,k3,displayed_driver_outcome_slope,26,3.0,0.0033529947697141793,False
final_input_token_layerwise,disclosed,k3,displayed_driver_outcome_slope,27,3.0,0.00919354241254483,False
final_input_token_layerwise,disclosed,k3,displayed_driver_outcome_slope,28,3.0,0.00749308092733883,False
final_input_token_layerwise,disclosed,k3,displayed_driver_outcome_slope,29,100.0,0.0003092868338116783,False
final_input_token_layerwise,disclosed,k3,displayed_driver_outcome_slope,30,100.0,0.0003594954073680434,False
final_input_token_layerwise,disclosed,k3,displayed_driver_outcome_slope,31,100.0,0.00032230447587844324,False
final_input_token_layerwise,disclosed,k3,displayed_driver_outcome_slope,32,100.0,0.0003978604396582819,False
final_input_token_layerwise,disclosed,k3,oracle_posterior_gain,0,0.0001,0.0,False
final_input_token_layerwise,disclosed,k3,oracle_posterior_gain,1,3.0,0.004548640778434754,False
final_input_token_layerwise,disclosed,k3,oracle_posterior_gain,2,3.0,0.004011858359062259,False
final_input_token_layerwise,disclosed,k3,oracle_posterior_gain,3,100.0,-0.0023244730238835554,False
final_input_token_layerwise,disclosed,k3,oracle_posterior_gain,4,100.0,-0.0017294367863378568,False
final_input_token_layerwise,disclosed,k3,oracle_posterior_gain,5,100.0,-0.0017963511087676354,False
final_input_token_layerwise,disclosed,k3,oracle_posterior_gain,6,100.0,-0.0013738971009292222,False
final_input_token_layerwise,disclosed,k3,oracle_posterior_gain,7,100.0,-0.00038761540178144926,False
final_input_token_layerwise,disclosed,k3,oracle_posterior_gain,8,100.0,-0.00022132028904561785,False
final_input_token_layerwise,disclosed,k3,oracle_posterior_gain,9,3.0,0.03187538714048002,False
final_input_token_layerwise,disclosed,k3,oracle_posterior_gain,10,3.0,0.015095943229862324,False
final_input_token_layerwise,disclosed,k3,oracle_posterior_gain,11,3.0,0.02331538119133017,False
final_input_token_layerwise,disclosed,k3,oracle_posterior_gain,12,3.0,0.025251756475896364,False
final_input_token_layerwise,disclosed,k3,oracle_posterior_gain,13,3.0,0.018300653681119078,False
final_input_token_layerwise,disclosed,k3,oracle_posterior_gain,14,3.0,0.06460339352059805,False
final_input_token_layerwise,disclosed,k3,oracle_posterior_gain,15,3.0,0.07496772621035203,False
final_input_token_layerwise,disclosed,k3,oracle_posterior_gain,16,3.0,0.11019586178310192,False
final_input_token_layerwise,disclosed,k3,oracle_posterior_gain,17,3.0,0.09785222672428573,False
final_input_token_layerwise,disclosed,k3,oracle_posterior_gain,18,0.1,0.11829820074276681,False
final_input_token_layerwise,disclosed,k3,oracle_posterior_gain,19,0.1,0.11807752902883892,False
final_input_token_layerwise,disclosed,k3,oracle_posterior_gain,20,0.1,0.127638192774151,False
final_input_token_layerwise,disclosed,k3,oracle_posterior_gain,21,0.1,0.16571794350289487,True
final_input_token_layerwise,disclosed,k3,oracle_posterior_gain,22,0.1,0.14911014597296995,False
final_input_token_layerwise,disclosed,k3,oracle_posterior_gain,23,0.1,0.11646216540920784,False
final_input_token_layerwise,disclosed,k3,oracle_posterior_gain,24,0.1,0.10854217581730011,False
final_input_token_layerwise,disclosed,k3,oracle_posterior_gain,25,0.1,0.08836601168465874,False
final_input_token_layerwise,disclosed,k3,oracle_posterior_gain,26,0.1,0.05674400418658382,False
final_input_token_layerwise,disclosed,k3,oracle_posterior_gain,27,3.0,0.04669650693870983,False
final_input_token_layerwise,disclosed,k3,oracle_posterior_gain,28,3.0,0.051227773369975804,False
final_input_token_layerwise,disclosed,k3,oracle_posterior_gain,29,3.0,0.045655277818676676,False
final_input_token_layerwise,disclosed,k3,oracle_posterior_gain,30,0.1,0.08522455382139305,False
final_input_token_layerwise,disclosed,k3,oracle_posterior_gain,31,3.0,0.07652168167872436,False
final_input_token_layerwise,disclosed,k3,oracle_posterior_gain,32,0.1,0.10633568646949071,False
final_input_token_layerwise,disclosed,k6,gain,0,0.0001,0.0,False
final_input_token_layerwise,disclosed,k6,gain,1,3.0,0.0009548599344364472,False
final_input_token_layerwise,disclosed,k6,gain,2,100.0,-0.00027548389164094855,False
final_input_token_layerwise,disclosed,k6,gain,3,100.0,-0.00044988573191517833,False
final_input_token_layerwise,disclosed,k6,gain,4,100.0,-9.845513890641144e-05,False
final_input_token_layerwise,disclosed,k6,gain,5,100.0,-3.593064686022163e-05,False
final_input_token_layerwise,disclosed,k6,gain,6,100.0,-0.00010395751065236936,False
final_input_token_layerwise,disclosed,k6,gain,7,100.0,-0.0001789909192114747,False
final_input_token_layerwise,disclosed,k6,gain,8,100.0,-0.00012132834598838071,False
final_input_token_layerwise,disclosed,k6,gain,9,0.1,0.009243124894420696,False
final_input_token_layerwise,disclosed,k6,gain,10,3.0,0.011070275570282617,False
final_input_token_layerwise,disclosed,k6,gain,11,0.1,0.019672311984508417,False
final_input_token_layerwise,disclosed,k6,gain,12,3.0,0.022663030999553663,False
final_input_token_layerwise,disclosed,k6,gain,13,0.1,0.05202976934191228,False
final_input_token_layerwise,disclosed,k6,gain,14,3.0,0.010714290666220094,False
final_input_token_layerwise,disclosed,k6,gain,15,3.0,0.01666740223483032,False
final_input_token_layerwise,disclosed,k6,gain,16,3.0,0.042618564326914576,False
final_input_token_layerwise,disclosed,k6,gain,17,0.1,0.03994551641969288,False
final_input_token_layerwise,disclosed,k6,gain,18,0.1,0.050333756361255366,False
final_input_token_layerwise,disclosed,k6,gain,19,0.1,0.04912666414663899,False
final_input_token_layerwise,disclosed,k6,gain,20,0.1,0.04159875276328731,False
final_input_token_layerwise,disclosed,k6,gain,21,0.1,0.06417906011942623,False
final_input_token_layerwise,disclosed,k6,gain,22,0.1,0.07550156908103792,False
final_input_token_layerwise,disclosed,k6,gain,23,0.1,0.07055487728058976,False
final_input_token_layerwise,disclosed,k6,gain,24,0.1,0.08065643771794478,False
final_input_token_layerwise,disclosed,k6,gain,25,0.1,0.06306568726532663,False
final_input_token_layerwise,disclosed,k6,gain,26,0.1,0.0501371225190641,False
final_input_token_layerwise,disclosed,k6,gain,27,0.1,0.09076052096664541,False
final_input_token_layerwise,disclosed,k6,gain,28,0.1,0.07620778342744863,False
final_input_token_layerwise,disclosed,k6,gain,29,0.1,0.11792082233945042,False
final_input_token_layerwise,disclosed,k6,gain,30,0.1,0.10286846728732815,False
final_input_token_layerwise,disclosed,k6,gain,31,0.1,0.11762417884527054,False
final_input_token_layerwise,disclosed,k6,gain,32,0.1,0.11936756858090264,True
final_input_token_layerwise,disclosed,k6,response_residual,0,0.0001,-2.7755575615628914e-17,False
final_input_token_layerwise,disclosed,k6,response_residual,1,3.0,0.0015584500722295724,False
final_input_token_layerwise,disclosed,k6,response_residual,2,100.0,-0.00020592781976491725,False
final_input_token_layerwise,disclosed,k6,response_residual,3,100.0,-0.0002453453804496242,False
final_input_token_layerwise,disclosed,k6,response_residual,4,100.0,-7.305492943754377e-05,False
final_input_token_layerwise,disclosed,k6,response_residual,5,100.0,-3.396810014411056e-05,False
final_input_token_layerwise,disclosed,k6,response_residual,6,100.0,-5.409444386730855e-05,False
final_input_token_layerwise,disclosed,k6,response_residual,7,100.0,-3.629577593253219e-05,False
final_input_token_layerwise,disclosed,k6,response_residual,8,100.0,-3.756630853021803e-05,False
final_input_token_layerwise,disclosed,k6,response_residual,9,100.0,0.0002204036640775231,False
final_input_token_layerwise,disclosed,k6,response_residual,10,3.0,0.0008931695430310638,False
final_input_token_layerwise,disclosed,k6,response_residual,11,3.0,0.0018834537516964067,False
final_input_token_layerwise,disclosed,k6,response_residual,12,3.0,0.006385344788679664,False
final_input_token_layerwise,disclosed,k6,response_residual,13,100.0,3.9823779780512325e-06,False
final_input_token_layerwise,disclosed,k6,response_residual,14,100.0,-0.0002302613394193631,False
final_input_token_layerwise,disclosed,k6,response_residual,15,100.0,2.9158152383662594e-05,False
final_input_token_layerwise,disclosed,k6,response_residual,16,3.0,0.02070351170187401,False
final_input_token_layerwise,disclosed,k6,response_residual,17,3.0,0.021560454267177842,False
final_input_token_layerwise,disclosed,k6,response_residual,18,3.0,0.029611995980224765,False
final_input_token_layerwise,disclosed,k6,response_residual,19,3.0,0.024508776701803875,False
final_input_token_layerwise,disclosed,k6,response_residual,20,3.0,0.02151129602663973,False
final_input_token_layerwise,disclosed,k6,response_residual,21,3.0,0.023924512271228965,False
final_input_token_layerwise,disclosed,k6,response_residual,22,3.0,0.023571349569222966,False
final_input_token_layerwise,disclosed,k6,response_residual,23,3.0,0.022966374297056946,False
final_input_token_layerwise,disclosed,k6,response_residual,24,3.0,0.025550143134433184,False
final_input_token_layerwise,disclosed,k6,response_residual,25,3.0,0.022593535432974793,False
final_input_token_layerwise,disclosed,k6,response_residual,26,3.0,0.022551527977208163,False
final_input_token_layerwise,disclosed,k6,response_residual,27,3.0,0.02750828094008237,False
final_input_token_layerwise,disclosed,k6,response_residual,28,3.0,0.02895759916031379,False
final_input_token_layerwise,disclosed,k6,response_residual,29,0.1,0.05128754718450673,False
final_input_token_layerwise,disclosed,k6,response_residual,30,0.1,0.05720066997993581,False
final_input_token_layerwise,disclosed,k6,response_residual,31,0.1,0.05956837313301985,True
final_input_token_layerwise,disclosed,k6,response_residual,32,3.0,0.04651632414550458,False
final_input_token_layerwise,disclosed,k6,last_target_observation,0,0.0001,-2.7755575615628914e-17,False
final_input_token_layerwise,disclosed,k6,last_target_observation,1,0.1,0.05844124944687501,False
final_input_token_layerwise,disclosed,k6,last_target_observation,2,3.0,0.010776371377760885,False
final_input_token_layerwise,disclosed,k6,last_target_observation,3,3.0,0.022577254361463045,False
final_input_token_layerwise,disclosed,k6,last_target_observation,4,3.0,0.021017924147869183,False
final_input_token_layerwise,disclosed,k6,last_target_observation,5,3.0,0.012499226161906102,False
final_input_token_layerwise,disclosed,k6,last_target_observation,6,3.0,0.010112602219499361,False
final_input_token_layerwise,disclosed,k6,last_target_observation,7,3.0,0.00032329792142399283,False
final_input_token_layerwise,disclosed,k6,last_target_observation,8,100.0,8.698829626599403e-05,False
final_input_token_layerwise,disclosed,k6,last_target_observation,9,3.0,0.022151663063084914,False
final_input_token_layerwise,disclosed,k6,last_target_observation,10,3.0,0.001956101196924853,False
final_input_token_layerwise,disclosed,k6,last_target_observation,11,0.1,0.04284447081324874,False
final_input_token_layerwise,disclosed,k6,last_target_observation,12,0.1,0.025051006293234868,False
final_input_token_layerwise,disclosed,k6,last_target_observation,13,0.1,0.06754649172904267,True
final_input_token_layerwise,disclosed,k6,last_target_observation,14,0.1,0.03057667936287997,False
final_input_token_layerwise,disclosed,k6,last_target_observation,15,0.1,0.04527738117395866,False
final_input_token_layerwise,disclosed,k6,last_target_observation,16,100.0,9.857348823444356e-06,False
final_input_token_layerwise,disclosed,k6,last_target_observation,17,3.0,0.009780493028057835,False
final_input_token_layerwise,disclosed,k6,last_target_observation,18,3.0,0.005327683541875433,False
final_input_token_layerwise,disclosed,k6,last_target_observation,19,100.0,-0.0006495454914246523,False
final_input_token_layerwise,disclosed,k6,last_target_observation,20,100.0,-0.0005244394886736448,False
final_input_token_layerwise,disclosed,k6,last_target_observation,21,3.0,-0.0004523186981286731,False
final_input_token_layerwise,disclosed,k6,last_target_observation,22,100.0,-0.0006892109373100863,False
final_input_token_layerwise,disclosed,k6,last_target_observation,23,100.0,-0.0007573484453575752,False
final_input_token_layerwise,disclosed,k6,last_target_observation,24,100.0,-0.000625584923057948,False
final_input_token_layerwise,disclosed,k6,last_target_observation,25,100.0,-0.0007788068913265056,False
final_input_token_layerwise,disclosed,k6,last_target_observation,26,100.0,-0.000820403995430069,False
final_input_token_layerwise,disclosed,k6,last_target_observation,27,100.0,-0.0006361143807259162,False
final_input_token_layerwise,disclosed,k6,last_target_observation,28,100.0,-0.000642002539373826,False
final_input_token_layerwise,disclosed,k6,last_target_observation,29,3.0,0.006346655190778178,False
final_input_token_layerwise,disclosed,k6,last_target_observation,30,3.0,0.019464547433502538,False
final_input_token_layerwise,disclosed,k6,last_target_observation,31,3.0,0.020262904564715273,False
final_input_token_layerwise,disclosed,k6,last_target_observation,32,3.0,0.018992094856343317,False
final_input_token_layerwise,disclosed,k6,target_observation_mean,0,0.0001,2.7755575615628914e-17,False
final_input_token_layerwise,disclosed,k6,target_observation_mean,1,0.1,0.09551528071167267,False
final_input_token_layerwise,disclosed,k6,target_observation_mean,2,0.1,0.09778560839597122,False
final_input_token_layerwise,disclosed,k6,target_observation_mean,3,3.0,0.009723287571090089,False
final_input_token_layerwise,disclosed,k6,target_observation_mean,4,3.0,0.01613486484927612,False
final_input_token_layerwise,disclosed,k6,target_observation_mean,5,3.0,0.020521747357981207,False
final_input_token_layerwise,disclosed,k6,target_observation_mean,6,3.0,0.014826921901134854,False
final_input_token_layerwise,disclosed,k6,target_observation_mean,7,3.0,0.0031075933694684477,False
final_input_token_layerwise,disclosed,k6,target_observation_mean,8,3.0,0.013937413371267832,False
final_input_token_layerwise,disclosed,k6,target_observation_mean,9,3.0,0.06357330794623436,False
final_input_token_layerwise,disclosed,k6,target_observation_mean,10,3.0,0.05673517156828814,False
final_input_token_layerwise,disclosed,k6,target_observation_mean,11,0.1,0.12096186977904735,False
final_input_token_layerwise,disclosed,k6,target_observation_mean,12,3.0,0.09049986562228973,False
final_input_token_layerwise,disclosed,k6,target_observation_mean,13,0.1,0.11635966123863015,False
final_input_token_layerwise,disclosed,k6,target_observation_mean,14,3.0,0.08080127029353348,False
final_input_token_layerwise,disclosed,k6,target_observation_mean,15,3.0,0.1389072470008259,False
final_input_token_layerwise,disclosed,k6,target_observation_mean,16,3.0,0.1590801914058342,False
final_input_token_layerwise,disclosed,k6,target_observation_mean,17,3.0,0.1241802697995184,False
final_input_token_layerwise,disclosed,k6,target_observation_mean,18,3.0,0.11599212181985472,False
final_input_token_layerwise,disclosed,k6,target_observation_mean,19,0.1,0.10237271924235086,False
final_input_token_layerwise,disclosed,k6,target_observation_mean,20,0.1,0.1438655504413967,False
final_input_token_layerwise,disclosed,k6,target_observation_mean,21,0.1,0.20131641841546274,False
final_input_token_layerwise,disclosed,k6,target_observation_mean,22,0.1,0.20847282114607393,False
final_input_token_layerwise,disclosed,k6,target_observation_mean,23,0.1,0.23169867804429792,True
final_input_token_layerwise,disclosed,k6,target_observation_mean,24,0.1,0.1592480147127072,False
final_input_token_layerwise,disclosed,k6,target_observation_mean,25,0.1,0.16633918533474712,False
final_input_token_layerwise,disclosed,k6,target_observation_mean,26,0.1,0.15657271633801279,False
final_input_token_layerwise,disclosed,k6,target_observation_mean,27,0.1,0.18368043628112302,False
final_input_token_layerwise,disclosed,k6,target_observation_mean,28,0.1,0.09215690312100264,False
final_input_token_layerwise,disclosed,k6,target_observation_mean,29,3.0,0.12905921565494627,False
final_input_token_layerwise,disclosed,k6,target_observation_mean,30,3.0,0.18207670147273358,False
final_input_token_layerwise,disclosed,k6,target_observation_mean,31,3.0,0.18277945017969402,False
final_input_token_layerwise,disclosed,k6,target_observation_mean,32,3.0,0.211506691855444,False
final_input_token_layerwise,disclosed,k6,target_time_slope,0,0.0001,0.0,False
final_input_token_layerwise,disclosed,k6,target_time_slope,1,3.0,0.03374999344126936,False
final_input_token_layerwise,disclosed,k6,target_time_slope,2,3.0,0.007069776686382201,False
final_input_token_layerwise,disclosed,k6,target_time_slope,3,3.0,0.008069902754719332,False
final_input_token_layerwise,disclosed,k6,target_time_slope,4,3.0,0.0054736874260465085,False
final_input_token_layerwise,disclosed,k6,target_time_slope,5,100.0,0.00012995691815528843,False
final_input_token_layerwise,disclosed,k6,target_time_slope,6,100.0,1.5700770740867398e-05,False
final_input_token_layerwise,disclosed,k6,target_time_slope,7,100.0,-0.00045610536036505556,False
final_input_token_layerwise,disclosed,k6,target_time_slope,8,100.0,-0.0005687865423840976,False
final_input_token_layerwise,disclosed,k6,target_time_slope,9,3.0,0.003373514841675196,False
final_input_token_layerwise,disclosed,k6,target_time_slope,10,100.0,8.191383328406965e-05,False
final_input_token_layerwise,disclosed,k6,target_time_slope,11,0.1,0.07233443416975974,False
final_input_token_layerwise,disclosed,k6,target_time_slope,12,0.1,0.08261722883669415,False
final_input_token_layerwise,disclosed,k6,target_time_slope,13,0.1,0.05188051719881037,False
final_input_token_layerwise,disclosed,k6,target_time_slope,14,0.1,0.03115520837914898,False
final_input_token_layerwise,disclosed,k6,target_time_slope,15,0.1,0.0758538080059411,False
final_input_token_layerwise,disclosed,k6,target_time_slope,16,3.0,0.005104578609044258,False
final_input_token_layerwise,disclosed,k6,target_time_slope,17,3.0,0.013320722426315185,False
final_input_token_layerwise,disclosed,k6,target_time_slope,18,3.0,0.011402577092092442,False
final_input_token_layerwise,disclosed,k6,target_time_slope,19,3.0,0.004344628446098092,False
final_input_token_layerwise,disclosed,k6,target_time_slope,20,3.0,0.007693963430656842,False
final_input_token_layerwise,disclosed,k6,target_time_slope,21,0.1,0.022666189338640147,False
final_input_token_layerwise,disclosed,k6,target_time_slope,22,3.0,0.015936031606508055,False
final_input_token_layerwise,disclosed,k6,target_time_slope,23,3.0,0.010786365221948896,False
final_input_token_layerwise,disclosed,k6,target_time_slope,24,0.1,0.06922499563603704,False
final_input_token_layerwise,disclosed,k6,target_time_slope,25,0.1,0.05311165495448941,False
final_input_token_layerwise,disclosed,k6,target_time_slope,26,3.0,0.023630639326439246,False
final_input_token_layerwise,disclosed,k6,target_time_slope,27,0.1,0.056352598284003186,False
final_input_token_layerwise,disclosed,k6,target_time_slope,28,0.1,0.08457643357824282,False
final_input_token_layerwise,disclosed,k6,target_time_slope,29,3.0,0.0311933997718134,False
final_input_token_layerwise,disclosed,k6,target_time_slope,30,0.1,0.07391592493964913,False
final_input_token_layerwise,disclosed,k6,target_time_slope,31,0.1,0.11267465490472706,True
final_input_token_layerwise,disclosed,k6,target_time_slope,32,0.1,0.10351784261692615,False
final_input_token_layerwise,disclosed,k6,displayed_driver_outcome_slope,0,0.0001,-5.551115123125783e-17,False
final_input_token_layerwise,disclosed,k6,displayed_driver_outcome_slope,1,100.0,-0.0002462374265828071,False
final_input_token_layerwise,disclosed,k6,displayed_driver_outcome_slope,2,100.0,-6.601244083911939e-05,False
final_input_token_layerwise,disclosed,k6,displayed_driver_outcome_slope,3,3.0,0.0035449331759412894,False
final_input_token_layerwise,disclosed,k6,displayed_driver_outcome_slope,4,3.0,0.011056772826973704,False
final_input_token_layerwise,disclosed,k6,displayed_driver_outcome_slope,5,3.0,0.010560976664211325,False
final_input_token_layerwise,disclosed,k6,displayed_driver_outcome_slope,6,3.0,0.003939285610730231,False
final_input_token_layerwise,disclosed,k6,displayed_driver_outcome_slope,7,100.0,0.00034910056131243206,False
final_input_token_layerwise,disclosed,k6,displayed_driver_outcome_slope,8,3.0,0.00728337152929498,False
final_input_token_layerwise,disclosed,k6,displayed_driver_outcome_slope,9,3.0,0.007921622485309282,False
final_input_token_layerwise,disclosed,k6,displayed_driver_outcome_slope,10,3.0,0.0014806687327146018,False
final_input_token_layerwise,disclosed,k6,displayed_driver_outcome_slope,11,100.0,0.0002513049128055056,False
final_input_token_layerwise,disclosed,k6,displayed_driver_outcome_slope,12,100.0,0.00028235668225815025,False
final_input_token_layerwise,disclosed,k6,displayed_driver_outcome_slope,13,3.0,0.002885540938657588,False
final_input_token_layerwise,disclosed,k6,displayed_driver_outcome_slope,14,3.0,0.003746914962512088,False
final_input_token_layerwise,disclosed,k6,displayed_driver_outcome_slope,15,3.0,0.012840665064104473,False
final_input_token_layerwise,disclosed,k6,displayed_driver_outcome_slope,16,3.0,0.025246998307359186,False
final_input_token_layerwise,disclosed,k6,displayed_driver_outcome_slope,17,3.0,0.01832804922117362,False
final_input_token_layerwise,disclosed,k6,displayed_driver_outcome_slope,18,3.0,0.024379429603976516,False
final_input_token_layerwise,disclosed,k6,displayed_driver_outcome_slope,19,0.1,0.03980885637745138,True
final_input_token_layerwise,disclosed,k6,displayed_driver_outcome_slope,20,3.0,0.01874012037888048,False
final_input_token_layerwise,disclosed,k6,displayed_driver_outcome_slope,21,0.1,0.01630402780494211,False
final_input_token_layerwise,disclosed,k6,displayed_driver_outcome_slope,22,3.0,0.008248006038764216,False
final_input_token_layerwise,disclosed,k6,displayed_driver_outcome_slope,23,3.0,0.005317975360429245,False
final_input_token_layerwise,disclosed,k6,displayed_driver_outcome_slope,24,3.0,0.002941585493799165,False
final_input_token_layerwise,disclosed,k6,displayed_driver_outcome_slope,25,3.0,0.003329872782567689,False
final_input_token_layerwise,disclosed,k6,displayed_driver_outcome_slope,26,3.0,0.00015343973298320712,False
final_input_token_layerwise,disclosed,k6,displayed_driver_outcome_slope,27,100.0,-0.0002055000832505982,False
final_input_token_layerwise,disclosed,k6,displayed_driver_outcome_slope,28,100.0,-0.0002214727965319796,False
final_input_token_layerwise,disclosed,k6,displayed_driver_outcome_slope,29,100.0,-0.00013982674893064928,False
final_input_token_layerwise,disclosed,k6,displayed_driver_outcome_slope,30,100.0,-0.00020178351227079228,False
final_input_token_layerwise,disclosed,k6,displayed_driver_outcome_slope,31,100.0,-0.0005713967394775921,False
final_input_token_layerwise,disclosed,k6,displayed_driver_outcome_slope,32,100.0,-0.00027889405621256413,False
final_input_token_layerwise,disclosed,k6,oracle_posterior_gain,0,0.0001,-5.551115123125783e-17,False
final_input_token_layerwise,disclosed,k6,oracle_posterior_gain,1,3.0,0.0035870343186990283,False
final_input_token_layerwise,disclosed,k6,oracle_posterior_gain,2,100.0,-0.00015925029474334051,False
final_input_token_layerwise,disclosed,k6,oracle_posterior_gain,3,100.0,-0.0004699742027922116,False
final_input_token_layerwise,disclosed,k6,oracle_posterior_gain,4,3.0,0.009427953143999773,False
final_input_token_layerwise,disclosed,k6,oracle_posterior_gain,5,3.0,0.012804308913240331,False
final_input_token_layerwise,disclosed,k6,oracle_posterior_gain,6,100.0,0.00014636347704835573,False
final_input_token_layerwise,disclosed,k6,oracle_posterior_gain,7,100.0,-1.992246874057968e-05,False
final_input_token_layerwise,disclosed,k6,oracle_posterior_gain,8,100.0,-0.0005211935782803434,False
final_input_token_layerwise,disclosed,k6,oracle_posterior_gain,9,0.1,0.13140311528265972,False
final_input_token_layerwise,disclosed,k6,oracle_posterior_gain,10,0.1,0.10333458116445818,False
final_input_token_layerwise,disclosed,k6,oracle_posterior_gain,11,0.1,0.07357775817414286,False
final_input_token_layerwise,disclosed,k6,oracle_posterior_gain,12,0.1,0.13028671580568887,False
final_input_token_layerwise,disclosed,k6,oracle_posterior_gain,13,0.1,0.05998660907816339,False
final_input_token_layerwise,disclosed,k6,oracle_posterior_gain,14,0.1,0.1823243917751969,False
final_input_token_layerwise,disclosed,k6,oracle_posterior_gain,15,0.1,0.2226593996205092,False
final_input_token_layerwise,disclosed,k6,oracle_posterior_gain,16,0.1,0.16695598141142431,False
final_input_token_layerwise,disclosed,k6,oracle_posterior_gain,17,0.1,0.15929394446532918,False
final_input_token_layerwise,disclosed,k6,oracle_posterior_gain,18,0.1,0.1749980555085846,False
final_input_token_layerwise,disclosed,k6,oracle_posterior_gain,19,0.1,0.13780183872538215,False
final_input_token_layerwise,disclosed,k6,oracle_posterior_gain,20,0.1,0.14683887048124472,False
final_input_token_layerwise,disclosed,k6,oracle_posterior_gain,21,0.1,0.106048849085462,False
final_input_token_layerwise,disclosed,k6,oracle_posterior_gain,22,0.1,0.10515604070874293,False
final_input_token_layerwise,disclosed,k6,oracle_posterior_gain,23,0.1,0.1050687027590318,False
final_input_token_layerwise,disclosed,k6,oracle_posterior_gain,24,0.1,0.09644357056580724,False
final_input_token_layerwise,disclosed,k6,oracle_posterior_gain,25,0.1,0.12920002683035486,False
final_input_token_layerwise,disclosed,k6,oracle_posterior_gain,26,0.1,0.09294661911599003,False
final_input_token_layerwise,disclosed,k6,oracle_posterior_gain,27,0.1,0.12503887604753527,False
final_input_token_layerwise,disclosed,k6,oracle_posterior_gain,28,0.1,0.16541291425612656,False
final_input_token_layerwise,disclosed,k6,oracle_posterior_gain,29,0.1,0.2479079589654044,True
final_input_token_layerwise,disclosed,k6,oracle_posterior_gain,30,0.1,0.23662522702288058,False
final_input_token_layerwise,disclosed,k6,oracle_posterior_gain,31,0.1,0.24463558248817208,False
final_input_token_layerwise,disclosed,k6,oracle_posterior_gain,32,0.1,0.21041853468508084,False
final_input_token_layerwise,disclosed,k9,gain,0,0.0001,0.0,False
final_input_token_layerwise,disclosed,k9,gain,1,100.0,-8.531859224966687e-05,False
final_input_token_layerwise,disclosed,k9,gain,2,100.0,-0.0001600181263686773,False
final_input_token_layerwise,disclosed,k9,gain,3,100.0,-0.0001061812054577449,False
final_input_token_layerwise,disclosed,k9,gain,4,100.0,-3.848347658355622e-05,False
final_input_token_layerwise,disclosed,k9,gain,5,100.0,0.00013884455898535708,False
final_input_token_layerwise,disclosed,k9,gain,6,3.0,0.00782730823431288,False
final_input_token_layerwise,disclosed,k9,gain,7,100.0,-7.520462955087903e-05,False
final_input_token_layerwise,disclosed,k9,gain,8,100.0,-0.00030421509726713536,False
final_input_token_layerwise,disclosed,k9,gain,9,0.1,0.053320613206074396,False
final_input_token_layerwise,disclosed,k9,gain,10,0.1,0.026853331825101495,False
final_input_token_layerwise,disclosed,k9,gain,11,0.1,0.09362980974096205,False
final_input_token_layerwise,disclosed,k9,gain,12,0.1,0.08171744904359815,False
final_input_token_layerwise,disclosed,k9,gain,13,0.1,0.12208935059045048,False
final_input_token_layerwise,disclosed,k9,gain,14,0.1,0.12101048455481028,False
final_input_token_layerwise,disclosed,k9,gain,15,0.1,0.17229249492180426,False
final_input_token_layerwise,disclosed,k9,gain,16,0.1,0.16018627970252225,False
final_input_token_layerwise,disclosed,k9,gain,17,0.1,0.11637215693904585,False
final_input_token_layerwise,disclosed,k9,gain,18,0.1,0.09573704810593542,False
final_input_token_layerwise,disclosed,k9,gain,19,0.1,0.11017655474172752,False
final_input_token_layerwise,disclosed,k9,gain,20,0.1,0.07973431162314279,False
final_input_token_layerwise,disclosed,k9,gain,21,0.1,0.08904694318841191,False
final_input_token_layerwise,disclosed,k9,gain,22,0.1,0.07697759177740943,False
final_input_token_layerwise,disclosed,k9,gain,23,0.1,0.06921155693127826,False
final_input_token_layerwise,disclosed,k9,gain,24,0.1,0.0706154975635919,False
final_input_token_layerwise,disclosed,k9,gain,25,0.1,0.09063428665494022,False
final_input_token_layerwise,disclosed,k9,gain,26,0.1,0.07770996608914596,False
final_input_token_layerwise,disclosed,k9,gain,27,0.1,0.10742983722792204,False
final_input_token_layerwise,disclosed,k9,gain,28,0.1,0.13200754766272202,False
final_input_token_layerwise,disclosed,k9,gain,29,0.1,0.22873877974539675,False
final_input_token_layerwise,disclosed,k9,gain,30,0.1,0.24455622374681985,False
final_input_token_layerwise,disclosed,k9,gain,31,0.1,0.24599803951218596,True
final_input_token_layerwise,disclosed,k9,gain,32,0.1,0.221511795078671,False
final_input_token_layerwise,disclosed,k9,response_residual,0,0.0001,-2.7755575615628914e-17,False
final_input_token_layerwise,disclosed,k9,response_residual,1,100.0,-7.99769985599108e-05,False
final_input_token_layerwise,disclosed,k9,response_residual,2,100.0,-1.73301020750527e-05,False
final_input_token_layerwise,disclosed,k9,response_residual,3,100.0,-5.893999230829894e-05,False
final_input_token_layerwise,disclosed,k9,response_residual,4,100.0,-0.00017301425065321951,False
final_input_token_layerwise,disclosed,k9,response_residual,5,100.0,-6.969657925512407e-05,False
final_input_token_layerwise,disclosed,k9,response_residual,6,3.0,0.004826753865795175,False
final_input_token_layerwise,disclosed,k9,response_residual,7,100.0,-7.547695275295085e-05,False
final_input_token_layerwise,disclosed,k9,response_residual,8,100.0,-0.00040588078943273875,False
final_input_token_layerwise,disclosed,k9,response_residual,9,100.0,-9.534188873505656e-05,False
final_input_token_layerwise,disclosed,k9,response_residual,10,100.0,-9.943651262528386e-06,False
final_input_token_layerwise,disclosed,k9,response_residual,11,3.0,0.005158093341698866,False
final_input_token_layerwise,disclosed,k9,response_residual,12,3.0,0.004370253806860819,False
final_input_token_layerwise,disclosed,k9,response_residual,13,3.0,0.0030426147721791252,False
final_input_token_layerwise,disclosed,k9,response_residual,14,3.0,0.014891804669399572,False
final_input_token_layerwise,disclosed,k9,response_residual,15,3.0,0.017585122097578704,False
final_input_token_layerwise,disclosed,k9,response_residual,16,3.0,0.02402772625402158,False
final_input_token_layerwise,disclosed,k9,response_residual,17,3.0,0.019867319755676432,False
final_input_token_layerwise,disclosed,k9,response_residual,18,3.0,0.02256419837823126,False
final_input_token_layerwise,disclosed,k9,response_residual,19,3.0,0.02157957916647049,False
final_input_token_layerwise,disclosed,k9,response_residual,20,3.0,0.019324637738849793,False
final_input_token_layerwise,disclosed,k9,response_residual,21,3.0,0.015730778206084206,False
final_input_token_layerwise,disclosed,k9,response_residual,22,3.0,0.01871250807170971,False
final_input_token_layerwise,disclosed,k9,response_residual,23,3.0,0.017653234344823382,False
final_input_token_layerwise,disclosed,k9,response_residual,24,3.0,0.019417022036887915,False
final_input_token_layerwise,disclosed,k9,response_residual,25,3.0,0.01746353637877915,False
final_input_token_layerwise,disclosed,k9,response_residual,26,3.0,0.019688236782723273,False
final_input_token_layerwise,disclosed,k9,response_residual,27,3.0,0.026752550703431383,False
final_input_token_layerwise,disclosed,k9,response_residual,28,0.1,0.03454711108682154,False
final_input_token_layerwise,disclosed,k9,response_residual,29,0.1,0.10294015190810851,False
final_input_token_layerwise,disclosed,k9,response_residual,30,0.1,0.11982205103976823,False
final_input_token_layerwise,disclosed,k9,response_residual,31,0.1,0.13893497868702276,False
final_input_token_layerwise,disclosed,k9,response_residual,32,0.1,0.145822723114993,True
final_input_token_layerwise,disclosed,k9,last_target_observation,0,0.0001,1.3877787807814457e-16,False
final_input_token_layerwise,disclosed,k9,last_target_observation,1,3.0,0.007803785707933303,False
final_input_token_layerwise,disclosed,k9,last_target_observation,2,3.0,0.0024556183247994856,False
final_input_token_layerwise,disclosed,k9,last_target_observation,3,3.0,0.047546711892863275,False
final_input_token_layerwise,disclosed,k9,last_target_observation,4,3.0,0.04826437023539884,True
final_input_token_layerwise,disclosed,k9,last_target_observation,5,3.0,0.04145871556668693,False
final_input_token_layerwise,disclosed,k9,last_target_observation,6,3.0,0.03582413333955689,False
final_input_token_layerwise,disclosed,k9,last_target_observation,7,3.0,0.04450947520711865,False
final_input_token_layerwise,disclosed,k9,last_target_observation,8,3.0,0.034019460051672945,False
final_input_token_layerwise,disclosed,k9,last_target_observation,9,3.0,0.04001809087196784,False
final_input_token_layerwise,disclosed,k9,last_target_observation,10,3.0,0.02555978936396852,False
final_input_token_layerwise,disclosed,k9,last_target_observation,11,3.0,0.021151246143886027,False
final_input_token_layerwise,disclosed,k9,last_target_observation,12,3.0,0.01595757593117006,False
final_input_token_layerwise,disclosed,k9,last_target_observation,13,3.0,0.004309740381733956,False
final_input_token_layerwise,disclosed,k9,last_target_observation,14,3.0,0.014832549543590534,False
final_input_token_layerwise,disclosed,k9,last_target_observation,15,3.0,0.015380973893683397,False
final_input_token_layerwise,disclosed,k9,last_target_observation,16,3.0,0.01825739392694553,False
final_input_token_layerwise,disclosed,k9,last_target_observation,17,3.0,0.017126427705723507,False
final_input_token_layerwise,disclosed,k9,last_target_observation,18,3.0,0.03320976418175983,False
final_input_token_layerwise,disclosed,k9,last_target_observation,19,3.0,0.03155800005962037,False
final_input_token_layerwise,disclosed,k9,last_target_observation,20,3.0,0.026847293591212323,False
final_input_token_layerwise,disclosed,k9,last_target_observation,21,3.0,0.02010597332553002,False
final_input_token_layerwise,disclosed,k9,last_target_observation,22,3.0,0.01824570650095711,False
final_input_token_layerwise,disclosed,k9,last_target_observation,23,3.0,0.014313014984994932,False
final_input_token_layerwise,disclosed,k9,last_target_observation,24,3.0,0.012990919188385991,False
final_input_token_layerwise,disclosed,k9,last_target_observation,25,3.0,0.008137153103559142,False
final_input_token_layerwise,disclosed,k9,last_target_observation,26,3.0,0.006520548028977197,False
final_input_token_layerwise,disclosed,k9,last_target_observation,27,3.0,0.014277350390012489,False
final_input_token_layerwise,disclosed,k9,last_target_observation,28,3.0,0.012551184713803065,False
final_input_token_layerwise,disclosed,k9,last_target_observation,29,3.0,0.04672741609121672,False
final_input_token_layerwise,disclosed,k9,last_target_observation,30,3.0,0.046437177375118044,False
final_input_token_layerwise,disclosed,k9,last_target_observation,31,3.0,0.04156939860761974,False
final_input_token_layerwise,disclosed,k9,last_target_observation,32,3.0,0.03878019370818639,False
final_input_token_layerwise,disclosed,k9,target_observation_mean,0,0.0001,3.885780586188048e-16,False
final_input_token_layerwise,disclosed,k9,target_observation_mean,1,3.0,0.014929153922110944,False
final_input_token_layerwise,disclosed,k9,target_observation_mean,2,3.0,0.02065251820645031,False
final_input_token_layerwise,disclosed,k9,target_observation_mean,3,3.0,0.011323729969197838,False
final_input_token_layerwise,disclosed,k9,target_observation_mean,4,3.0,0.011782628102950776,False
final_input_token_layerwise,disclosed,k9,target_observation_mean,5,3.0,0.00754081896537806,False
final_input_token_layerwise,disclosed,k9,target_observation_mean,6,3.0,0.0060997907497707116,False
final_input_token_layerwise,disclosed,k9,target_observation_mean,7,3.0,0.008899544614060007,False
final_input_token_layerwise,disclosed,k9,target_observation_mean,8,100.0,-7.373084851861056e-05,False
final_input_token_layerwise,disclosed,k9,target_observation_mean,9,3.0,0.006944135094974019,False
final_input_token_layerwise,disclosed,k9,target_observation_mean,10,100.0,-0.00021984770743257998,False
final_input_token_layerwise,disclosed,k9,target_observation_mean,11,100.0,0.00011281212320213285,False
final_input_token_layerwise,disclosed,k9,target_observation_mean,12,3.0,0.0036108627742960364,False
final_input_token_layerwise,disclosed,k9,target_observation_mean,13,100.0,1.6942316012402703e-05,False
final_input_token_layerwise,disclosed,k9,target_observation_mean,14,3.0,0.003705456741571328,False
final_input_token_layerwise,disclosed,k9,target_observation_mean,15,3.0,0.01929658882649049,False
final_input_token_layerwise,disclosed,k9,target_observation_mean,16,3.0,0.04911757441003009,False
final_input_token_layerwise,disclosed,k9,target_observation_mean,17,3.0,0.03811701706648793,False
final_input_token_layerwise,disclosed,k9,target_observation_mean,18,3.0,0.041501895071130696,False
final_input_token_layerwise,disclosed,k9,target_observation_mean,19,3.0,0.0329937362856601,False
final_input_token_layerwise,disclosed,k9,target_observation_mean,20,0.1,0.04345675382916689,False
final_input_token_layerwise,disclosed,k9,target_observation_mean,21,0.1,0.045971666667577266,False
final_input_token_layerwise,disclosed,k9,target_observation_mean,22,0.1,0.056333746547817976,False
final_input_token_layerwise,disclosed,k9,target_observation_mean,23,0.1,0.08178478994416097,False
final_input_token_layerwise,disclosed,k9,target_observation_mean,24,0.1,0.05964019474488297,False
final_input_token_layerwise,disclosed,k9,target_observation_mean,25,0.1,0.09533315018687483,False
final_input_token_layerwise,disclosed,k9,target_observation_mean,26,0.1,0.14615772053742457,False
final_input_token_layerwise,disclosed,k9,target_observation_mean,27,0.1,0.17719189455110065,False
final_input_token_layerwise,disclosed,k9,target_observation_mean,28,0.1,0.169867882805246,False
final_input_token_layerwise,disclosed,k9,target_observation_mean,29,0.1,0.3006218445630393,False
final_input_token_layerwise,disclosed,k9,target_observation_mean,30,0.1,0.30590518252898835,False
final_input_token_layerwise,disclosed,k9,target_observation_mean,31,0.1,0.32703242054548937,False
final_input_token_layerwise,disclosed,k9,target_observation_mean,32,0.1,0.3415169027901219,True
final_input_token_layerwise,disclosed,k9,target_time_slope,0,0.0001,0.0,False
final_input_token_layerwise,disclosed,k9,target_time_slope,1,100.0,0.00019401037995489534,False
final_input_token_layerwise,disclosed,k9,target_time_slope,2,3.0,0.005097598304296902,False
final_input_token_layerwise,disclosed,k9,target_time_slope,3,3.0,0.03570741186538304,False
final_input_token_layerwise,disclosed,k9,target_time_slope,4,3.0,0.031684173315650044,False
final_input_token_layerwise,disclosed,k9,target_time_slope,5,3.0,0.029361935208577605,False
final_input_token_layerwise,disclosed,k9,target_time_slope,6,3.0,0.018936178046866953,False
final_input_token_layerwise,disclosed,k9,target_time_slope,7,3.0,0.015283229043709323,False
final_input_token_layerwise,disclosed,k9,target_time_slope,8,100.0,0.00048416145358512463,False
final_input_token_layerwise,disclosed,k9,target_time_slope,9,3.0,0.02531949107335338,False
final_input_token_layerwise,disclosed,k9,target_time_slope,10,3.0,0.004563663190542383,False
final_input_token_layerwise,disclosed,k9,target_time_slope,11,3.0,0.021886438675039116,False
final_input_token_layerwise,disclosed,k9,target_time_slope,12,3.0,0.034343144411013465,False
final_input_token_layerwise,disclosed,k9,target_time_slope,13,3.0,0.029911623031722234,False
final_input_token_layerwise,disclosed,k9,target_time_slope,14,3.0,0.04222150801749641,False
final_input_token_layerwise,disclosed,k9,target_time_slope,15,3.0,0.05969731615794999,False
final_input_token_layerwise,disclosed,k9,target_time_slope,16,3.0,0.047221863128559444,False
final_input_token_layerwise,disclosed,k9,target_time_slope,17,3.0,0.040448416872642695,False
final_input_token_layerwise,disclosed,k9,target_time_slope,18,3.0,0.07175852705801719,False
final_input_token_layerwise,disclosed,k9,target_time_slope,19,3.0,0.08692774643677273,False
final_input_token_layerwise,disclosed,k9,target_time_slope,20,3.0,0.08344838706475896,False
final_input_token_layerwise,disclosed,k9,target_time_slope,21,3.0,0.08307507213719381,False
final_input_token_layerwise,disclosed,k9,target_time_slope,22,3.0,0.07964643794041365,False
final_input_token_layerwise,disclosed,k9,target_time_slope,23,3.0,0.07666193858831832,False
final_input_token_layerwise,disclosed,k9,target_time_slope,24,3.0,0.07500157250068226,False
final_input_token_layerwise,disclosed,k9,target_time_slope,25,3.0,0.0642807983049522,False
final_input_token_layerwise,disclosed,k9,target_time_slope,26,3.0,0.06685336827742083,False
final_input_token_layerwise,disclosed,k9,target_time_slope,27,3.0,0.06786916601030468,False
final_input_token_layerwise,disclosed,k9,target_time_slope,28,3.0,0.07645704025508579,False
final_input_token_layerwise,disclosed,k9,target_time_slope,29,3.0,0.08179957039223407,False
final_input_token_layerwise,disclosed,k9,target_time_slope,30,3.0,0.07650019005951264,False
final_input_token_layerwise,disclosed,k9,target_time_slope,31,0.1,0.10666379968522541,True
final_input_token_layerwise,disclosed,k9,target_time_slope,32,0.1,0.10460222812757553,False
final_input_token_layerwise,disclosed,k9,displayed_driver_outcome_slope,0,0.0001,-1.1102230246251565e-16,False
final_input_token_layerwise,disclosed,k9,displayed_driver_outcome_slope,1,3.0,0.00534855656271227,False
final_input_token_layerwise,disclosed,k9,displayed_driver_outcome_slope,2,3.0,0.003184843017936728,False
final_input_token_layerwise,disclosed,k9,displayed_driver_outcome_slope,3,100.0,-0.0005366837120211465,False
final_input_token_layerwise,disclosed,k9,displayed_driver_outcome_slope,4,3.0,0.004022491982602544,False
final_input_token_layerwise,disclosed,k9,displayed_driver_outcome_slope,5,3.0,0.007415558673416894,False
final_input_token_layerwise,disclosed,k9,displayed_driver_outcome_slope,6,3.0,0.008157361905738292,False
final_input_token_layerwise,disclosed,k9,displayed_driver_outcome_slope,7,3.0,0.004853598792026237,False
final_input_token_layerwise,disclosed,k9,displayed_driver_outcome_slope,8,100.0,-7.984956035514412e-05,False
final_input_token_layerwise,disclosed,k9,displayed_driver_outcome_slope,9,100.0,-0.00016954987963016532,False
final_input_token_layerwise,disclosed,k9,displayed_driver_outcome_slope,10,100.0,-0.0002115049957319981,False
final_input_token_layerwise,disclosed,k9,displayed_driver_outcome_slope,11,3.0,0.007144391987452925,False
final_input_token_layerwise,disclosed,k9,displayed_driver_outcome_slope,12,3.0,0.015556719910897326,False
final_input_token_layerwise,disclosed,k9,displayed_driver_outcome_slope,13,3.0,0.0029864460417192984,False
final_input_token_layerwise,disclosed,k9,displayed_driver_outcome_slope,14,100.0,-0.0005687551102694088,False
final_input_token_layerwise,disclosed,k9,displayed_driver_outcome_slope,15,3.0,0.021849555863061587,False
final_input_token_layerwise,disclosed,k9,displayed_driver_outcome_slope,16,3.0,0.009603003695085655,False
final_input_token_layerwise,disclosed,k9,displayed_driver_outcome_slope,17,3.0,0.011468699950223565,False
final_input_token_layerwise,disclosed,k9,displayed_driver_outcome_slope,18,3.0,0.0024426043753897897,False
final_input_token_layerwise,disclosed,k9,displayed_driver_outcome_slope,19,100.0,-0.0006154418629701897,False
final_input_token_layerwise,disclosed,k9,displayed_driver_outcome_slope,20,100.0,-0.0007571497485478473,False
final_input_token_layerwise,disclosed,k9,displayed_driver_outcome_slope,21,100.0,-0.0010534696330425641,False
final_input_token_layerwise,disclosed,k9,displayed_driver_outcome_slope,22,100.0,-0.0008351127279433712,False
final_input_token_layerwise,disclosed,k9,displayed_driver_outcome_slope,23,0.1,0.01769977454806454,False
final_input_token_layerwise,disclosed,k9,displayed_driver_outcome_slope,24,0.1,0.03133916134849052,False
final_input_token_layerwise,disclosed,k9,displayed_driver_outcome_slope,25,0.1,0.026884647480848817,False
final_input_token_layerwise,disclosed,k9,displayed_driver_outcome_slope,26,0.1,0.02706717004415668,False
final_input_token_layerwise,disclosed,k9,displayed_driver_outcome_slope,27,0.1,0.025968697475613145,False
final_input_token_layerwise,disclosed,k9,displayed_driver_outcome_slope,28,0.1,0.021748348684293817,False
final_input_token_layerwise,disclosed,k9,displayed_driver_outcome_slope,29,0.1,0.04209082158551625,False
final_input_token_layerwise,disclosed,k9,displayed_driver_outcome_slope,30,0.1,0.06164282165106805,False
final_input_token_layerwise,disclosed,k9,displayed_driver_outcome_slope,31,0.1,0.08825403167537998,False
final_input_token_layerwise,disclosed,k9,displayed_driver_outcome_slope,32,0.1,0.09791461989115821,True
final_input_token_layerwise,disclosed,k9,oracle_posterior_gain,0,0.0001,0.0,False
final_input_token_layerwise,disclosed,k9,oracle_posterior_gain,1,100.0,-0.0002475966807271024,False
final_input_token_layerwise,disclosed,k9,oracle_posterior_gain,2,100.0,-0.00021455891469945865,False
final_input_token_layerwise,disclosed,k9,oracle_posterior_gain,3,100.0,-0.0006529521360836843,False
final_input_token_layerwise,disclosed,k9,oracle_posterior_gain,4,100.0,-0.00014849782606224382,False
final_input_token_layerwise,disclosed,k9,oracle_posterior_gain,5,100.0,-0.00013004068203706365,False
final_input_token_layerwise,disclosed,k9,oracle_posterior_gain,6,3.0,0.007345065163967601,False
final_input_token_layerwise,disclosed,k9,oracle_posterior_gain,7,3.0,0.007940285060409141,False
final_input_token_layerwise,disclosed,k9,oracle_posterior_gain,8,3.0,0.009972523813176454,False
final_input_token_layerwise,disclosed,k9,oracle_posterior_gain,9,3.0,0.005676095129305586,False
final_input_token_layerwise,disclosed,k9,oracle_posterior_gain,10,3.0,0.006400851187071649,False
final_input_token_layerwise,disclosed,k9,oracle_posterior_gain,11,3.0,0.01718913558678689,False
final_input_token_layerwise,disclosed,k9,oracle_posterior_gain,12,0.1,0.04490117151277545,False
final_input_token_layerwise,disclosed,k9,oracle_posterior_gain,13,3.0,0.021576668244135705,False
final_input_token_layerwise,disclosed,k9,oracle_posterior_gain,14,3.0,0.05241643227077236,False
final_input_token_layerwise,disclosed,k9,oracle_posterior_gain,15,0.1,0.1485471534050551,False
final_input_token_layerwise,disclosed,k9,oracle_posterior_gain,16,0.1,0.23366248989526392,False
final_input_token_layerwise,disclosed,k9,oracle_posterior_gain,17,0.1,0.19040446679263304,False
final_input_token_layerwise,disclosed,k9,oracle_posterior_gain,18,0.1,0.11466988707328973,False
final_input_token_layerwise,disclosed,k9,oracle_posterior_gain,19,0.1,0.18029496951225754,False
final_input_token_layerwise,disclosed,k9,oracle_posterior_gain,20,0.1,0.15460683933659233,False
final_input_token_layerwise,disclosed,k9,oracle_posterior_gain,21,0.1,0.19572006683903798,False
final_input_token_layerwise,disclosed,k9,oracle_posterior_gain,22,0.1,0.18602598440426155,False
final_input_token_layerwise,disclosed,k9,oracle_posterior_gain,23,0.1,0.18761637084123783,False
final_input_token_layerwise,disclosed,k9,oracle_posterior_gain,24,0.1,0.1826234683596784,False
final_input_token_layerwise,disclosed,k9,oracle_posterior_gain,25,0.1,0.17363629679176712,False
final_input_token_layerwise,disclosed,k9,oracle_posterior_gain,26,0.1,0.14280271466845385,False
final_input_token_layerwise,disclosed,k9,oracle_posterior_gain,27,0.1,0.19956971681035265,False
final_input_token_layerwise,disclosed,k9,oracle_posterior_gain,28,0.1,0.23886253961282075,False
final_input_token_layerwise,disclosed,k9,oracle_posterior_gain,29,0.1,0.28613946191207784,False
final_input_token_layerwise,disclosed,k9,oracle_posterior_gain,30,0.1,0.30001664463760014,False
final_input_token_layerwise,disclosed,k9,oracle_posterior_gain,31,0.1,0.301006931563749,True
final_input_token_layerwise,disclosed,k9,oracle_posterior_gain,32,0.1,0.2890496940031591,False
final_input_token_layerwise,disclosed,pooled,gain,0,0.0001,0.0,False
final_input_token_layerwise,disclosed,pooled,gain,1,100.0,-0.0008246527296304947,False
final_input_token_layerwise,disclosed,pooled,gain,2,100.0,-0.0020949027286020216,False
final_input_token_layerwise,disclosed,pooled,gain,3,100.0,-0.006766591122707805,False
final_input_token_layerwise,disclosed,pooled,gain,4,100.0,-0.006349330360971915,False
final_input_token_layerwise,disclosed,pooled,gain,5,100.0,-0.003073539819967682,False
final_input_token_layerwise,disclosed,pooled,gain,6,100.0,-0.001838995473443202,False
final_input_token_layerwise,disclosed,pooled,gain,7,100.0,-0.0021051361197757614,False
final_input_token_layerwise,disclosed,pooled,gain,8,100.0,-0.005951478779748905,False
final_input_token_layerwise,disclosed,pooled,gain,9,3.0,0.009841333246815048,False
final_input_token_layerwise,disclosed,pooled,gain,10,3.0,0.03526520611804962,False
final_input_token_layerwise,disclosed,pooled,gain,11,3.0,0.040604333037206036,False
final_input_token_layerwise,disclosed,pooled,gain,12,3.0,0.05118099998346016,False
final_input_token_layerwise,disclosed,pooled,gain,13,3.0,0.06841030297902966,False
final_input_token_layerwise,disclosed,pooled,gain,14,3.0,0.05374201453377916,False
final_input_token_layerwise,disclosed,pooled,gain,15,3.0,0.07346271333853459,False
final_input_token_layerwise,disclosed,pooled,gain,16,3.0,0.08862915696897912,False
final_input_token_layerwise,disclosed,pooled,gain,17,3.0,0.07075488798877606,False
final_input_token_layerwise,disclosed,pooled,gain,18,3.0,0.07284837547328434,False
final_input_token_layerwise,disclosed,pooled,gain,19,3.0,0.07355958661789683,False
final_input_token_layerwise,disclosed,pooled,gain,20,3.0,0.06811535744272465,False
final_input_token_layerwise,disclosed,pooled,gain,21,3.0,0.0629700420513601,False
final_input_token_layerwise,disclosed,pooled,gain,22,3.0,0.06509321379241285,False
final_input_token_layerwise,disclosed,pooled,gain,23,3.0,0.06847778077645479,False
final_input_token_layerwise,disclosed,pooled,gain,24,3.0,0.08396262607066311,False
final_input_token_layerwise,disclosed,pooled,gain,25,3.0,0.07780971864902701,False
final_input_token_layerwise,disclosed,pooled,gain,26,3.0,0.06702095197616835,False
final_input_token_layerwise,disclosed,pooled,gain,27,3.0,0.07644297289548228,False
final_input_token_layerwise,disclosed,pooled,gain,28,3.0,0.07900789079648556,False
final_input_token_layerwise,disclosed,pooled,gain,29,3.0,0.10171533192924649,False
final_input_token_layerwise,disclosed,pooled,gain,30,3.0,0.09883737179761067,False
final_input_token_layerwise,disclosed,pooled,gain,31,3.0,0.10324531619940759,False
final_input_token_layerwise,disclosed,pooled,gain,32,3.0,0.10337522320728736,True
final_input_token_layerwise,disclosed,pooled,response_residual,0,0.0001,-2.7755575615628914e-17,False
final_input_token_layerwise,disclosed,pooled,response_residual,1,100.0,-0.00029358464516563804,False
final_input_token_layerwise,disclosed,pooled,response_residual,2,100.0,-0.0023061091084010943,False
final_input_token_layerwise,disclosed,pooled,response_residual,3,100.0,-0.00700874190553219,False
final_input_token_layerwise,disclosed,pooled,response_residual,4,100.0,-0.007803940946414789,False
final_input_token_layerwise,disclosed,pooled,response_residual,5,100.0,-0.0044236453046386974,False
final_input_token_layerwise,disclosed,pooled,response_residual,6,100.0,-0.002867783791620754,False
final_input_token_layerwise,disclosed,pooled,response_residual,7,100.0,-0.0032238203319006342,False
final_input_token_layerwise,disclosed,pooled,response_residual,8,100.0,-0.006729818765725158,False
final_input_token_layerwise,disclosed,pooled,response_residual,9,100.0,-0.0014534055636196048,False
final_input_token_layerwise,disclosed,pooled,response_residual,10,100.0,-0.0007073166403792167,False
final_input_token_layerwise,disclosed,pooled,response_residual,11,100.0,-0.0008383921090307963,False
final_input_token_layerwise,disclosed,pooled,response_residual,12,100.0,0.001795379555693542,False
final_input_token_layerwise,disclosed,pooled,response_residual,13,100.0,-0.0004047651717077605,False
final_input_token_layerwise,disclosed,pooled,response_residual,14,100.0,0.0011068127369176783,False
final_input_token_layerwise,disclosed,pooled,response_residual,15,100.0,0.002620494233448706,False
final_input_token_layerwise,disclosed,pooled,response_residual,16,100.0,0.0069089746856153544,False
final_input_token_layerwise,disclosed,pooled,response_residual,17,100.0,0.0048497426619848,False
final_input_token_layerwise,disclosed,pooled,response_residual,18,100.0,0.004541415045637358,False
final_input_token_layerwise,disclosed,pooled,response_residual,19,100.0,0.0039016905853304176,False
final_input_token_layerwise,disclosed,pooled,response_residual,20,100.0,0.003944541536135058,False
final_input_token_layerwise,disclosed,pooled,response_residual,21,100.0,0.003584134648076831,False
final_input_token_layerwise,disclosed,pooled,response_residual,22,3.0,0.00458236848499476,False
final_input_token_layerwise,disclosed,pooled,response_residual,23,3.0,0.01045019772884557,False
final_input_token_layerwise,disclosed,pooled,response_residual,24,3.0,0.024723516922742012,False
final_input_token_layerwise,disclosed,pooled,response_residual,25,3.0,0.024559927495111423,False
final_input_token_layerwise,disclosed,pooled,response_residual,26,3.0,0.022315767872174392,False
final_input_token_layerwise,disclosed,pooled,response_residual,27,3.0,0.03484463147065824,False
final_input_token_layerwise,disclosed,pooled,response_residual,28,3.0,0.03552467783328234,False
final_input_token_layerwise,disclosed,pooled,response_residual,29,3.0,0.03861028595843935,False
final_input_token_layerwise,disclosed,pooled,response_residual,30,3.0,0.038832970045351134,False
final_input_token_layerwise,disclosed,pooled,response_residual,31,3.0,0.04858966321186447,True
final_input_token_layerwise,disclosed,pooled,response_residual,32,3.0,0.046046852487954815,False
final_input_token_layerwise,undisclosed,k3,gain,0,0.0001,0.0,False
final_input_token_layerwise,undisclosed,k3,gain,1,100.0,-0.0001993255159281615,False
final_input_token_layerwise,undisclosed,k3,gain,2,100.0,-0.00033479995829899245,False
final_input_token_layerwise,undisclosed,k3,gain,3,100.0,-0.0005423503724556189,False
final_input_token_layerwise,undisclosed,k3,gain,4,100.0,-0.00025855189842430293,False
final_input_token_layerwise,undisclosed,k3,gain,5,100.0,-0.0002547517497492324,False
final_input_token_layerwise,undisclosed,k3,gain,6,100.0,-0.0004205174818447399,False
final_input_token_layerwise,undisclosed,k3,gain,7,100.0,-0.0007731330093470601,False
final_input_token_layerwise,undisclosed,k3,gain,8,100.0,-0.0008145485693702437,False
final_input_token_layerwise,undisclosed,k3,gain,9,100.0,-0.0007066975122332342,False
final_input_token_layerwise,undisclosed,k3,gain,10,100.0,-0.0005493800321131892,False
final_input_token_layerwise,undisclosed,k3,gain,11,3.0,0.0011218405743767257,False
final_input_token_layerwise,undisclosed,k3,gain,12,100.0,-0.00028533639836234026,False
final_input_token_layerwise,undisclosed,k3,gain,13,100.0,1.742931717094165e-05,False
final_input_token_layerwise,undisclosed,k3,gain,14,3.0,0.004395987309931321,False
final_input_token_layerwise,undisclosed,k3,gain,15,3.0,0.020861479608102168,False
final_input_token_layerwise,undisclosed,k3,gain,16,3.0,0.030670765147415707,False
final_input_token_layerwise,undisclosed,k3,gain,17,3.0,0.021952638995841295,False
final_input_token_layerwise,undisclosed,k3,gain,18,3.0,0.014948902574088652,False
final_input_token_layerwise,undisclosed,k3,gain,19,3.0,0.019565428202036522,False
final_input_token_layerwise,undisclosed,k3,gain,20,3.0,0.014758838299514243,False
final_input_token_layerwise,undisclosed,k3,gain,21,3.0,0.013035543411035189,False
final_input_token_layerwise,undisclosed,k3,gain,22,3.0,0.01365292576784874,False
final_input_token_layerwise,undisclosed,k3,gain,23,3.0,0.01630473496956117,False
final_input_token_layerwise,undisclosed,k3,gain,24,3.0,0.019884927057727098,False
final_input_token_layerwise,undisclosed,k3,gain,25,0.1,0.05159738271286665,False
final_input_token_layerwise,undisclosed,k3,gain,26,3.0,0.020650264709511534,False
final_input_token_layerwise,undisclosed,k3,gain,27,0.1,0.0586472883779319,False
final_input_token_layerwise,undisclosed,k3,gain,28,0.1,0.07412510511937875,False
final_input_token_layerwise,undisclosed,k3,gain,29,0.1,0.04504797204801561,False
final_input_token_layerwise,undisclosed,k3,gain,30,0.1,0.05479820623073703,False
final_input_token_layerwise,undisclosed,k3,gain,31,0.1,0.07625884044182105,True
final_input_token_layerwise,undisclosed,k3,gain,32,3.0,0.03444335022237316,False
final_input_token_layerwise,undisclosed,k3,response_residual,0,0.0001,-2.7755575615628914e-17,False
final_input_token_layerwise,undisclosed,k3,response_residual,1,100.0,-0.0002484175974853675,False
final_input_token_layerwise,undisclosed,k3,response_residual,2,100.0,-0.0005063601915207272,False
final_input_token_layerwise,undisclosed,k3,response_residual,3,100.0,-0.0006121276319103197,False
final_input_token_layerwise,undisclosed,k3,response_residual,4,100.0,-0.0003705068883179674,False
final_input_token_layerwise,undisclosed,k3,response_residual,5,100.0,-0.0004195912495791321,False
final_input_token_layerwise,undisclosed,k3,response_residual,6,100.0,-0.0004036380291423114,False
final_input_token_layerwise,undisclosed,k3,response_residual,7,100.0,-0.0007236901274444985,False
final_input_token_layerwise,undisclosed,k3,response_residual,8,100.0,-0.0009985992470031846,False
final_input_token_layerwise,undisclosed,k3,response_residual,9,100.0,-0.0009914883330665591,False
final_input_token_layerwise,undisclosed,k3,response_residual,10,100.0,-0.0008836272040649573,False
final_input_token_layerwise,undisclosed,k3,response_residual,11,100.0,-0.000476402992888203,False
final_input_token_layerwise,undisclosed,k3,response_residual,12,100.0,-0.0007344320750603817,False
final_input_token_layerwise,undisclosed,k3,response_residual,13,100.0,-0.0003301943036521371,False
final_input_token_layerwise,undisclosed,k3,response_residual,14,100.0,0.00010973520411833304,False
final_input_token_layerwise,undisclosed,k3,response_residual,15,100.0,0.0011332584479065988,False
final_input_token_layerwise,undisclosed,k3,response_residual,16,100.0,0.0019262499932717059,False
final_input_token_layerwise,undisclosed,k3,response_residual,17,100.0,0.0017648170628659365,False
final_input_token_layerwise,undisclosed,k3,response_residual,18,100.0,0.0014698968298088866,False
final_input_token_layerwise,undisclosed,k3,response_residual,19,100.0,0.001875806152935089,False
final_input_token_layerwise,undisclosed,k3,response_residual,20,100.0,0.0016422879819063263,False
final_input_token_layerwise,undisclosed,k3,response_residual,21,100.0,0.0014759029517034394,False
final_input_token_layerwise,undisclosed,k3,response_residual,22,100.0,0.0014108706990851039,False
final_input_token_layerwise,undisclosed,k3,response_residual,23,100.0,0.0014025912403157759,False
final_input_token_layerwise,undisclosed,k3,response_residual,24,3.0,0.0033311460249896008,False
final_input_token_layerwise,undisclosed,k3,response_residual,25,3.0,0.005553446428324976,False
final_input_token_layerwise,undisclosed,k3,response_residual,26,3.0,0.0027828211820747073,False
final_input_token_layerwise,undisclosed,k3,response_residual,27,3.0,0.004543679178137111,False
final_input_token_layerwise,undisclosed,k3,response_residual,28,3.0,0.005924129969837599,False
final_input_token_layerwise,undisclosed,k3,response_residual,29,3.0,0.003839340486116727,False
final_input_token_layerwise,undisclosed,k3,response_residual,30,3.0,0.01246599644852811,False
final_input_token_layerwise,undisclosed,k3,response_residual,31,3.0,0.017858994319880472,False
final_input_token_layerwise,undisclosed,k3,response_residual,32,3.0,0.022273291508654453,True
final_input_token_layerwise,undisclosed,k3,last_target_observation,0,0.0001,-8.326672684688674e-17,False
final_input_token_layerwise,undisclosed,k3,last_target_observation,1,0.1,0.2192128000544541,False
final_input_token_layerwise,undisclosed,k3,last_target_observation,2,0.1,0.26124925448150804,False
final_input_token_layerwise,undisclosed,k3,last_target_observation,3,0.1,0.21288172183048445,False
final_input_token_layerwise,undisclosed,k3,last_target_observation,4,0.1,0.13596902078159584,False
final_input_token_layerwise,undisclosed,k3,last_target_observation,5,0.1,0.06774803279335267,False
final_input_token_layerwise,undisclosed,k3,last_target_observation,6,3.0,0.01403182985915477,False
final_input_token_layerwise,undisclosed,k3,last_target_observation,7,3.0,0.04175681333024178,False
final_input_token_layerwise,undisclosed,k3,last_target_observation,8,0.1,0.11469047744271058,False
final_input_token_layerwise,undisclosed,k3,last_target_observation,9,0.1,0.32082805910366685,False
final_input_token_layerwise,undisclosed,k3,last_target_observation,10,0.1,0.35179083374417297,True
final_input_token_layerwise,undisclosed,k3,last_target_observation,11,0.1,0.3349093577266431,False
final_input_token_layerwise,undisclosed,k3,last_target_observation,12,0.1,0.23012569852468046,False
final_input_token_layerwise,undisclosed,k3,last_target_observation,13,0.1,0.17132025096134695,False
final_input_token_layerwise,undisclosed,k3,last_target_observation,14,0.1,0.21267157184647623,False
final_input_token_layerwise,undisclosed,k3,last_target_observation,15,0.1,0.26848571532665905,False
final_input_token_layerwise,undisclosed,k3,last_target_observation,16,3.0,0.25927723249178725,False
final_input_token_layerwise,undisclosed,k3,last_target_observation,17,0.1,0.28492974860174136,False
final_input_token_layerwise,undisclosed,k3,last_target_observation,18,0.1,0.22679166936973771,False
final_input_token_layerwise,undisclosed,k3,last_target_observation,19,0.1,0.21645700366745366,False
final_input_token_layerwise,undisclosed,k3,last_target_observation,20,0.1,0.2550721649754413,False
final_input_token_layerwise,undisclosed,k3,last_target_observation,21,0.1,0.21909885348063887,False
final_input_token_layerwise,undisclosed,k3,last_target_observation,22,0.1,0.23393697175084896,False
final_input_token_layerwise,undisclosed,k3,last_target_observation,23,0.1,0.19814114246530226,False
final_input_token_layerwise,undisclosed,k3,last_target_observation,24,0.1,0.20226246622598767,False
final_input_token_layerwise,undisclosed,k3,last_target_observation,25,0.1,0.20854470693522803,False
final_input_token_layerwise,undisclosed,k3,last_target_observation,26,0.1,0.1899543790754635,False
final_input_token_layerwise,undisclosed,k3,last_target_observation,27,0.1,0.19915236567766262,False
final_input_token_layerwise,undisclosed,k3,last_target_observation,28,0.1,0.182185678488231,False
final_input_token_layerwise,undisclosed,k3,last_target_observation,29,0.1,0.19919818020258506,False
final_input_token_layerwise,undisclosed,k3,last_target_observation,30,0.1,0.19964095798261236,False
final_input_token_layerwise,undisclosed,k3,last_target_observation,31,3.0,0.19909181237931806,False
final_input_token_layerwise,undisclosed,k3,last_target_observation,32,3.0,0.2080275314933791,False
final_input_token_layerwise,undisclosed,k3,target_observation_mean,0,0.0001,5.551115123125783e-17,False
final_input_token_layerwise,undisclosed,k3,target_observation_mean,1,3.0,0.1452396753188085,False
final_input_token_layerwise,undisclosed,k3,target_observation_mean,2,3.0,0.09664522977936588,False
final_input_token_layerwise,undisclosed,k3,target_observation_mean,3,0.1,0.08010311529343075,False
final_input_token_layerwise,undisclosed,k3,target_observation_mean,4,0.1,0.08453899197977705,False
final_input_token_layerwise,undisclosed,k3,target_observation_mean,5,3.0,0.039166403280963796,False
final_input_token_layerwise,undisclosed,k3,target_observation_mean,6,3.0,0.038586508638716294,False
final_input_token_layerwise,undisclosed,k3,target_observation_mean,7,3.0,0.041576541047637694,False
final_input_token_layerwise,undisclosed,k3,target_observation_mean,8,0.1,0.13846497256582108,False
final_input_token_layerwise,undisclosed,k3,target_observation_mean,9,3.0,0.10076008663137404,False
final_input_token_layerwise,undisclosed,k3,target_observation_mean,10,0.1,0.1455054326452918,False
final_input_token_layerwise,undisclosed,k3,target_observation_mean,11,0.1,0.14902175822203273,False
final_input_token_layerwise,undisclosed,k3,target_observation_mean,12,3.0,0.17377722827488537,False
final_input_token_layerwise,undisclosed,k3,target_observation_mean,13,3.0,0.23654111829475322,False
final_input_token_layerwise,undisclosed,k3,target_observation_mean,14,3.0,0.2778805972113677,False
final_input_token_layerwise,undisclosed,k3,target_observation_mean,15,3.0,0.39639227676636657,False
final_input_token_layerwise,undisclosed,k3,target_observation_mean,16,3.0,0.40943848902697777,False
final_input_token_layerwise,undisclosed,k3,target_observation_mean,17,3.0,0.3615228064418464,False
final_input_token_layerwise,undisclosed,k3,target_observation_mean,18,3.0,0.32713421188345526,False
final_input_token_layerwise,undisclosed,k3,target_observation_mean,19,3.0,0.32138401921100807,False
final_input_token_layerwise,undisclosed,k3,target_observation_mean,20,3.0,0.29856009692726454,False
final_input_token_layerwise,undisclosed,k3,target_observation_mean,21,3.0,0.2884066015620277,False
final_input_token_layerwise,undisclosed,k3,target_observation_mean,22,3.0,0.2810743428646061,False
final_input_token_layerwise,undisclosed,k3,target_observation_mean,23,3.0,0.278765194395655,False
final_input_token_layerwise,undisclosed,k3,target_observation_mean,24,3.0,0.27678134266565146,False
final_input_token_layerwise,undisclosed,k3,target_observation_mean,25,3.0,0.29995927887057666,False
final_input_token_layerwise,undisclosed,k3,target_observation_mean,26,3.0,0.28349926384629165,False
final_input_token_layerwise,undisclosed,k3,target_observation_mean,27,3.0,0.29808785023547196,False
final_input_token_layerwise,undisclosed,k3,target_observation_mean,28,3.0,0.2757910137252477,False
final_input_token_layerwise,undisclosed,k3,target_observation_mean,29,3.0,0.30374146205821384,False
final_input_token_layerwise,undisclosed,k3,target_observation_mean,30,0.1,0.3613323477715935,False
final_input_token_layerwise,undisclosed,k3,target_observation_mean,31,0.1,0.3771816972033752,False
final_input_token_layerwise,undisclosed,k3,target_observation_mean,32,0.1,0.4337026342121177,True
final_input_token_layerwise,undisclosed,k3,target_time_slope,0,0.0001,0.0,False
final_input_token_layerwise,undisclosed,k3,target_time_slope,1,0.1,0.11591896215717779,False
final_input_token_layerwise,undisclosed,k3,target_time_slope,2,0.1,0.05811638613791553,False
final_input_token_layerwise,undisclosed,k3,target_time_slope,3,0.1,0.09502921282388946,False
final_input_token_layerwise,undisclosed,k3,target_time_slope,4,0.1,0.032383506361442826,False
final_input_token_layerwise,undisclosed,k3,target_time_slope,5,100.0,-0.0005688261458857702,False
final_input_token_layerwise,undisclosed,k3,target_time_slope,6,100.0,-0.00041197003384213504,False
final_input_token_layerwise,undisclosed,k3,target_time_slope,7,3.0,0.018137089684263585,False
final_input_token_layerwise,undisclosed,k3,target_time_slope,8,3.0,0.012855147791166088,False
final_input_token_layerwise,undisclosed,k3,target_time_slope,9,0.1,0.1595190170367054,True
final_input_token_layerwise,undisclosed,k3,target_time_slope,10,0.1,0.15363192699528044,False
final_input_token_layerwise,undisclosed,k3,target_time_slope,11,0.1,0.0900100739667031,False
final_input_token_layerwise,undisclosed,k3,target_time_slope,12,3.0,0.04981184711160627,False
final_input_token_layerwise,undisclosed,k3,target_time_slope,13,3.0,0.03291329918056446,False
final_input_token_layerwise,undisclosed,k3,target_time_slope,14,3.0,0.04864982512613547,False
final_input_token_layerwise,undisclosed,k3,target_time_slope,15,0.1,0.141739395333928,False
final_input_token_layerwise,undisclosed,k3,target_time_slope,16,3.0,0.057450118556932855,False
final_input_token_layerwise,undisclosed,k3,target_time_slope,17,0.1,0.04823037734460395,False
final_input_token_layerwise,undisclosed,k3,target_time_slope,18,3.0,0.039318954963712655,False
final_input_token_layerwise,undisclosed,k3,target_time_slope,19,3.0,0.03915333100031143,False
final_input_token_layerwise,undisclosed,k3,target_time_slope,20,3.0,0.036582756307482395,False
final_input_token_layerwise,undisclosed,k3,target_time_slope,21,3.0,0.025388053104954067,False
final_input_token_layerwise,undisclosed,k3,target_time_slope,22,3.0,0.030464551608358398,False
final_input_token_layerwise,undisclosed,k3,target_time_slope,23,3.0,0.025305072243995447,False
final_input_token_layerwise,undisclosed,k3,target_time_slope,24,3.0,0.026070463392743493,False
final_input_token_layerwise,undisclosed,k3,target_time_slope,25,3.0,0.019438370757688422,False
final_input_token_layerwise,undisclosed,k3,target_time_slope,26,3.0,0.01629901911305362,False
final_input_token_layerwise,undisclosed,k3,target_time_slope,27,3.0,0.02205325092356561,False
final_input_token_layerwise,undisclosed,k3,target_time_slope,28,3.0,0.019074177538604076,False
final_input_token_layerwise,undisclosed,k3,target_time_slope,29,3.0,0.03163411908932956,False
final_input_token_layerwise,undisclosed,k3,target_time_slope,30,3.0,0.04448622410484934,False
final_input_token_layerwise,undisclosed,k3,target_time_slope,31,3.0,0.04745424917166535,False
final_input_token_layerwise,undisclosed,k3,target_time_slope,32,3.0,0.05573273777009535,False
final_input_token_layerwise,undisclosed,k3,displayed_driver_outcome_slope,0,0.0001,5.551115123125783e-17,False
final_input_token_layerwise,undisclosed,k3,displayed_driver_outcome_slope,1,100.0,-1.560300840355855e-05,False
final_input_token_layerwise,undisclosed,k3,displayed_driver_outcome_slope,2,3.0,0.004330192572969932,False
final_input_token_layerwise,undisclosed,k3,displayed_driver_outcome_slope,3,100.0,-0.00022992579085862053,False
final_input_token_layerwise,undisclosed,k3,displayed_driver_outcome_slope,4,100.0,-0.0003748207630894784,False
final_input_token_layerwise,undisclosed,k3,displayed_driver_outcome_slope,5,100.0,-0.0002848746070724384,False
final_input_token_layerwise,undisclosed,k3,displayed_driver_outcome_slope,6,100.0,-0.00016284585308115607,False
final_input_token_layerwise,undisclosed,k3,displayed_driver_outcome_slope,7,100.0,-0.00010952144105361161,False
final_input_token_layerwise,undisclosed,k3,displayed_driver_outcome_slope,8,100.0,-0.0012443268675101649,False
final_input_token_layerwise,undisclosed,k3,displayed_driver_outcome_slope,9,100.0,-7.937812441530245e-05,False
final_input_token_layerwise,undisclosed,k3,displayed_driver_outcome_slope,10,100.0,-0.0003040676849279389,False
final_input_token_layerwise,undisclosed,k3,displayed_driver_outcome_slope,11,3.0,0.0015511071560430356,False
final_input_token_layerwise,undisclosed,k3,displayed_driver_outcome_slope,12,3.0,0.009993086890579206,False
final_input_token_layerwise,undisclosed,k3,displayed_driver_outcome_slope,13,3.0,0.01135354495479951,False
final_input_token_layerwise,undisclosed,k3,displayed_driver_outcome_slope,14,3.0,0.006061831819100305,False
final_input_token_layerwise,undisclosed,k3,displayed_driver_outcome_slope,15,3.0,0.029222661870633493,False
final_input_token_layerwise,undisclosed,k3,displayed_driver_outcome_slope,16,3.0,0.031691817253897414,False
final_input_token_layerwise,undisclosed,k3,displayed_driver_outcome_slope,17,3.0,0.03495848724041323,False
final_input_token_layerwise,undisclosed,k3,displayed_driver_outcome_slope,18,3.0,0.02566516661827009,False
final_input_token_layerwise,undisclosed,k3,displayed_driver_outcome_slope,19,3.0,0.027202823706762413,False
final_input_token_layerwise,undisclosed,k3,displayed_driver_outcome_slope,20,3.0,0.031780014296194814,False
final_input_token_layerwise,undisclosed,k3,displayed_driver_outcome_slope,21,3.0,0.025462745836047462,False
final_input_token_layerwise,undisclosed,k3,displayed_driver_outcome_slope,22,3.0,0.026851561189146778,False
final_input_token_layerwise,undisclosed,k3,displayed_driver_outcome_slope,23,3.0,0.03169468096744388,False
final_input_token_layerwise,undisclosed,k3,displayed_driver_outcome_slope,24,3.0,0.03150277553755587,False
final_input_token_layerwise,undisclosed,k3,displayed_driver_outcome_slope,25,3.0,0.04699342782382751,False
final_input_token_layerwise,undisclosed,k3,displayed_driver_outcome_slope,26,3.0,0.0429805233064601,False
final_input_token_layerwise,undisclosed,k3,displayed_driver_outcome_slope,27,3.0,0.0516076590851918,True
final_input_token_layerwise,undisclosed,k3,displayed_driver_outcome_slope,28,3.0,0.047571449778129965,False
final_input_token_layerwise,undisclosed,k3,displayed_driver_outcome_slope,29,3.0,0.03594533511099274,False
final_input_token_layerwise,undisclosed,k3,displayed_driver_outcome_slope,30,3.0,0.029334912006522967,False
final_input_token_layerwise,undisclosed,k3,displayed_driver_outcome_slope,31,3.0,0.0353134744212614,False
final_input_token_layerwise,undisclosed,k3,displayed_driver_outcome_slope,32,3.0,0.036329251851201144,False
final_input_token_layerwise,undisclosed,k3,oracle_posterior_gain,0,0.0001,2.7755575615628914e-17,False
final_input_token_layerwise,undisclosed,k3,oracle_posterior_gain,1,3.0,0.012532271974204034,False
final_input_token_layerwise,undisclosed,k3,oracle_posterior_gain,2,3.0,0.01100588255770521,False
final_input_token_layerwise,undisclosed,k3,oracle_posterior_gain,3,100.0,-0.0009843137384545897,False
final_input_token_layerwise,undisclosed,k3,oracle_posterior_gain,4,100.0,-0.0007246465862733587,False
final_input_token_layerwise,undisclosed,k3,oracle_posterior_gain,5,100.0,-0.0003766118315399192,False
final_input_token_layerwise,undisclosed,k3,oracle_posterior_gain,6,100.0,-0.0006548585180163324,False
final_input_token_layerwise,undisclosed,k3,oracle_posterior_gain,7,100.0,-0.00042510392726172186,False
final_input_token_layerwise,undisclosed,k3,oracle_posterior_gain,8,100.0,-0.00025032345582240434,False
final_input_token_layerwise,undisclosed,k3,oracle_posterior_gain,9,0.1,0.057960509607497795,False
final_input_token_layerwise,undisclosed,k3,oracle_posterior_gain,10,0.1,0.08394512462308479,False
final_input_token_layerwise,undisclosed,k3,oracle_posterior_gain,11,0.1,0.1833979511424298,False
final_input_token_layerwise,undisclosed,k3,oracle_posterior_gain,12,0.003,0.14509421308659332,False
final_input_token_layerwise,undisclosed,k3,oracle_posterior_gain,13,0.1,0.07386019118369105,False
final_input_token_layerwise,undisclosed,k3,oracle_posterior_gain,14,0.1,0.0970716037364866,False
final_input_token_layerwise,undisclosed,k3,oracle_posterior_gain,15,0.1,0.21981223517124615,False
final_input_token_layerwise,undisclosed,k3,oracle_posterior_gain,16,0.1,0.30210649474531226,False
final_input_token_layerwise,undisclosed,k3,oracle_posterior_gain,17,0.1,0.23561235950814644,False
final_input_token_layerwise,undisclosed,k3,oracle_posterior_gain,18,0.1,0.23519848324819492,False
final_input_token_layerwise,undisclosed,k3,oracle_posterior_gain,19,0.1,0.17767559694151747,False
final_input_token_layerwise,undisclosed,k3,oracle_posterior_gain,20,0.1,0.2254955490174796,False
final_input_token_layerwise,undisclosed,k3,oracle_posterior_gain,21,0.1,0.21463855841526586,False
final_input_token_layerwise,undisclosed,k3,oracle_posterior_gain,22,0.1,0.20107889222133193,False
final_input_token_layerwise,undisclosed,k3,oracle_posterior_gain,23,0.1,0.22007319877041193,False
final_input_token_layerwise,undisclosed,k3,oracle_posterior_gain,24,0.1,0.24169291786792255,False
final_input_token_layerwise,undisclosed,k3,oracle_posterior_gain,25,0.1,0.23694399369680696,False
final_input_token_layerwise,undisclosed,k3,oracle_posterior_gain,26,0.1,0.20453406651686404,False
final_input_token_layerwise,undisclosed,k3,oracle_posterior_gain,27,0.1,0.22232210258709942,False
final_input_token_layerwise,undisclosed,k3,oracle_posterior_gain,28,0.1,0.2145895036284361,False
final_input_token_layerwise,undisclosed,k3,oracle_posterior_gain,29,0.1,0.21178763755706798,False
final_input_token_layerwise,undisclosed,k3,oracle_posterior_gain,30,0.1,0.263314183301009,False
final_input_token_layerwise,undisclosed,k3,oracle_posterior_gain,31,0.1,0.2713087018511434,False
final_input_token_layerwise,undisclosed,k3,oracle_posterior_gain,32,0.1,0.32998276701086277,True
final_input_token_layerwise,undisclosed,k6,gain,0,0.0001,0.0,False
final_input_token_layerwise,undisclosed,k6,gain,1,100.0,-9.452351094091371e-06,False
final_input_token_layerwise,undisclosed,k6,gain,2,100.0,-0.0004806927099437197,False
final_input_token_layerwise,undisclosed,k6,gain,3,100.0,-0.0004765778900693296,False
final_input_token_layerwise,undisclosed,k6,gain,4,100.0,-0.0004451127122796772,False
final_input_token_layerwise,undisclosed,k6,gain,5,100.0,-0.00022987107091856918,False
final_input_token_layerwise,undisclosed,k6,gain,6,100.0,-0.0003306920507012423,False
final_input_token_layerwise,undisclosed,k6,gain,7,100.0,-0.00047061359289965465,False
final_input_token_layerwise,undisclosed,k6,gain,8,100.0,-0.0005934237105534312,False
final_input_token_layerwise,undisclosed,k6,gain,9,100.0,-4.5379182944893515e-05,False
final_input_token_layerwise,undisclosed,k6,gain,10,100.0,-0.000170608571010894,False
final_input_token_layerwise,undisclosed,k6,gain,11,3.0,0.010991691472180792,False
final_input_token_layerwise,undisclosed,k6,gain,12,3.0,0.010770593032038034,False
final_input_token_layerwise,undisclosed,k6,gain,13,0.1,0.027250125981071904,False
final_input_token_layerwise,undisclosed,k6,gain,14,0.1,0.041708179245618704,False
final_input_token_layerwise,undisclosed,k6,gain,15,3.0,0.042587090557576784,False
final_input_token_layerwise,undisclosed,k6,gain,16,0.1,0.08195864952976456,False
final_input_token_layerwise,undisclosed,k6,gain,17,0.1,0.08597268147399353,False
final_input_token_layerwise,undisclosed,k6,gain,18,0.1,0.09280421645617881,False
final_input_token_layerwise,undisclosed,k6,gain,19,0.1,0.10347042936410525,False
final_input_token_layerwise,undisclosed,k6,gain,20,0.1,0.08185714748466366,False
final_input_token_layerwise,undisclosed,k6,gain,21,0.1,0.08073468103145118,False
final_input_token_layerwise,undisclosed,k6,gain,22,0.1,0.11248431486001262,False
final_input_token_layerwise,undisclosed,k6,gain,23,0.1,0.10563881710227566,False
final_input_token_layerwise,undisclosed,k6,gain,24,0.1,0.09992947396134727,False
final_input_token_layerwise,undisclosed,k6,gain,25,0.1,0.10921593833014204,False
final_input_token_layerwise,undisclosed,k6,gain,26,0.1,0.09414076505003871,False
final_input_token_layerwise,undisclosed,k6,gain,27,0.1,0.11409775022442506,False
final_input_token_layerwise,undisclosed,k6,gain,28,0.1,0.10460243090084512,False
final_input_token_layerwise,undisclosed,k6,gain,29,0.1,0.16184808994489217,False
final_input_token_layerwise,undisclosed,k6,gain,30,0.1,0.17883205527027818,True
final_input_token_layerwise,undisclosed,k6,gain,31,0.1,0.1749091259996695,False
final_input_token_layerwise,undisclosed,k6,gain,32,0.1,0.1514995085645948,False
final_input_token_layerwise,undisclosed,k6,response_residual,0,0.0001,-2.7755575615628914e-17,False
final_input_token_layerwise,undisclosed,k6,response_residual,1,100.0,4.0988840466771315e-06,False
final_input_token_layerwise,undisclosed,k6,response_residual,2,100.0,-0.00036448561386753786,False
final_input_token_layerwise,undisclosed,k6,response_residual,3,100.0,-0.0003856542878715452,False
final_input_token_layerwise,undisclosed,k6,response_residual,4,100.0,-0.0001522936903148031,False
final_input_token_layerwise,undisclosed,k6,response_residual,5,100.0,-0.00013842527500670943,False
final_input_token_layerwise,undisclosed,k6,response_residual,6,100.0,-0.00017736022877701263,False
final_input_token_layerwise,undisclosed,k6,response_residual,7,100.0,-0.000284092079955639,False
final_input_token_layerwise,undisclosed,k6,response_residual,8,100.0,-0.0007167588639544198,False
final_input_token_layerwise,undisclosed,k6,response_residual,9,100.0,-0.0006004672607761719,False
final_input_token_layerwise,undisclosed,k6,response_residual,10,100.0,-0.0005740891603696341,False
final_input_token_layerwise,undisclosed,k6,response_residual,11,100.0,1.788340974001601e-06,False
final_input_token_layerwise,undisclosed,k6,response_residual,12,100.0,1.1026752698234388e-05,False
final_input_token_layerwise,undisclosed,k6,response_residual,13,100.0,0.00030775046082065494,False
final_input_token_layerwise,undisclosed,k6,response_residual,14,3.0,0.009559943142536248,False
final_input_token_layerwise,undisclosed,k6,response_residual,15,3.0,0.01965140201539234,False
final_input_token_layerwise,undisclosed,k6,response_residual,16,3.0,0.027220293796834882,False
final_input_token_layerwise,undisclosed,k6,response_residual,17,3.0,0.022411706102601375,False
final_input_token_layerwise,undisclosed,k6,response_residual,18,3.0,0.01716329980900827,False
final_input_token_layerwise,undisclosed,k6,response_residual,19,3.0,0.01703495515781739,False
final_input_token_layerwise,undisclosed,k6,response_residual,20,3.0,0.0143173283316258,False
final_input_token_layerwise,undisclosed,k6,response_residual,21,3.0,0.01718687123476076,False
final_input_token_layerwise,undisclosed,k6,response_residual,22,3.0,0.020569117082466892,False
final_input_token_layerwise,undisclosed,k6,response_residual,23,3.0,0.0202837537278569,False
final_input_token_layerwise,undisclosed,k6,response_residual,24,3.0,0.020929024441414618,False
final_input_token_layerwise,undisclosed,k6,response_residual,25,3.0,0.025702907049531765,False
final_input_token_layerwise,undisclosed,k6,response_residual,26,3.0,0.023872997976475713,False
final_input_token_layerwise,undisclosed,k6,response_residual,27,3.0,0.025756917080600433,False
final_input_token_layerwise,undisclosed,k6,response_residual,28,3.0,0.024804371010485465,False
final_input_token_layerwise,undisclosed,k6,response_residual,29,3.0,0.02990259705644685,False
final_input_token_layerwise,undisclosed,k6,response_residual,30,3.0,0.04533167150586628,False
final_input_token_layerwise,undisclosed,k6,response_residual,31,3.0,0.048938465566914835,False
final_input_token_layerwise,undisclosed,k6,response_residual,32,3.0,0.0594988707451391,True
final_input_token_layerwise,undisclosed,k6,last_target_observation,0,0.0001,-2.7755575615628914e-17,False
final_input_token_layerwise,undisclosed,k6,last_target_observation,1,3.0,0.0311817558077096,False
final_input_token_layerwise,undisclosed,k6,last_target_observation,2,3.0,0.012340679472435057,False
final_input_token_layerwise,undisclosed,k6,last_target_observation,3,100.0,0.001872637837395219,False
final_input_token_layerwise,undisclosed,k6,last_target_observation,4,3.0,0.006681270042630083,False
final_input_token_layerwise,undisclosed,k6,last_target_observation,5,3.0,0.016920149083687136,False
final_input_token_layerwise,undisclosed,k6,last_target_observation,6,3.0,0.00760929647212219,False
final_input_token_layerwise,undisclosed,k6,last_target_observation,7,3.0,0.014388679120592635,False
final_input_token_layerwise,undisclosed,k6,last_target_observation,8,3.0,0.00045366465621909935,False
final_input_token_layerwise,undisclosed,k6,last_target_observation,9,0.1,0.1941842651523605,False
final_input_token_layerwise,undisclosed,k6,last_target_observation,10,0.1,0.13640502459660794,False
final_input_token_layerwise,undisclosed,k6,last_target_observation,11,0.1,0.20787733146945447,True
final_input_token_layerwise,undisclosed,k6,last_target_observation,12,0.1,0.12738724991197398,False
final_input_token_layerwise,undisclosed,k6,last_target_observation,13,0.1,0.05185031605300383,False
final_input_token_layerwise,undisclosed,k6,last_target_observation,14,0.1,0.14973869363714465,False
final_input_token_layerwise,undisclosed,k6,last_target_observation,15,0.1,0.16094161058522732,False
final_input_token_layerwise,undisclosed,k6,last_target_observation,16,3.0,0.07749108414833508,False
final_input_token_layerwise,undisclosed,k6,last_target_observation,17,0.1,0.06699009230748815,False
final_input_token_layerwise,undisclosed,k6,last_target_observation,18,3.0,0.04563768628060311,False
final_input_token_layerwise,undisclosed,k6,last_target_observation,19,3.0,0.03464539655405169,False
final_input_token_layerwise,undisclosed,k6,last_target_observation,20,3.0,0.03410595696386162,False
final_input_token_layerwise,undisclosed,k6,last_target_observation,21,3.0,0.024873531096715612,False
final_input_token_layerwise,undisclosed,k6,last_target_observation,22,3.0,0.02101439316103776,False
final_input_token_layerwise,undisclosed,k6,last_target_observation,23,3.0,0.018948502091914482,False
final_input_token_layerwise,undisclosed,k6,last_target_observation,24,3.0,0.020788351087371232,False
final_input_token_layerwise,undisclosed,k6,last_target_observation,25,3.0,0.019576169391791992,False
final_input_token_layerwise,undisclosed,k6,last_target_observation,26,3.0,0.020889110474363565,False
final_input_token_layerwise,undisclosed,k6,last_target_observation,27,3.0,0.023273141516206408,False
final_input_token_layerwise,undisclosed,k6,last_target_observation,28,3.0,0.022814092405616576,False
final_input_token_layerwise,undisclosed,k6,last_target_observation,29,0.1,0.06905590692113489,False
final_input_token_layerwise,undisclosed,k6,last_target_observation,30,0.1,0.05180355330742198,False
final_input_token_layerwise,undisclosed,k6,last_target_observation,31,0.1,0.08566767195340355,False
final_input_token_layerwise,undisclosed,k6,last_target_observation,32,3.0,0.05585538630279133,False
final_input_token_layerwise,undisclosed,k6,target_observation_mean,0,0.0001,2.7755575615628914e-17,False
final_input_token_layerwise,undisclosed,k6,target_observation_mean,1,3.0,0.02905142189884871,False
final_input_token_layerwise,undisclosed,k6,target_observation_mean,2,3.0,0.011838761386777474,False
final_input_token_layerwise,undisclosed,k6,target_observation_mean,3,3.0,0.01516137930160863,False
final_input_token_layerwise,undisclosed,k6,target_observation_mean,4,3.0,0.003105528518605599,False
final_input_token_layerwise,undisclosed,k6,target_observation_mean,5,3.0,0.00236315110332444,False
final_input_token_layerwise,undisclosed,k6,target_observation_mean,6,3.0,0.017574814942013434,False
final_input_token_layerwise,undisclosed,k6,target_observation_mean,7,3.0,0.009498839628566264,False
final_input_token_layerwise,undisclosed,k6,target_observation_mean,8,3.0,0.03953431362364063,False
final_input_token_layerwise,undisclosed,k6,target_observation_mean,9,0.1,0.18290898370331785,False
final_input_token_layerwise,undisclosed,k6,target_observation_mean,10,0.1,0.17986396151050063,False
final_input_token_layerwise,undisclosed,k6,target_observation_mean,11,0.1,0.1884535223963598,False
final_input_token_layerwise,undisclosed,k6,target_observation_mean,12,0.1,0.15203870967960406,False
final_input_token_layerwise,undisclosed,k6,target_observation_mean,13,0.1,0.08985861465294073,False
final_input_token_layerwise,undisclosed,k6,target_observation_mean,14,3.0,0.11685539415085702,False
final_input_token_layerwise,undisclosed,k6,target_observation_mean,15,0.1,0.2265306831628686,False
final_input_token_layerwise,undisclosed,k6,target_observation_mean,16,3.0,0.2351022367631403,False
final_input_token_layerwise,undisclosed,k6,target_observation_mean,17,0.1,0.24125537938103117,True
final_input_token_layerwise,undisclosed,k6,target_observation_mean,18,3.0,0.17670854377264128,False
final_input_token_layerwise,undisclosed,k6,target_observation_mean,19,3.0,0.1629965528377344,False
final_input_token_layerwise,undisclosed,k6,target_observation_mean,20,3.0,0.1517275745261456,False
final_input_token_layerwise,undisclosed,k6,target_observation_mean,21,3.0,0.13453918920410557,False
final_input_token_layerwise,undisclosed,k6,target_observation_mean,22,0.1,0.13733899780721068,False
final_input_token_layerwise,undisclosed,k6,target_observation_mean,23,3.0,0.14165635444627403,False
final_input_token_layerwise,undisclosed,k6,target_observation_mean,24,3.0,0.14341356909659317,False
final_input_token_layerwise,undisclosed,k6,target_observation_mean,25,3.0,0.16164908230466038,False
final_input_token_layerwise,undisclosed,k6,target_observation_mean,26,3.0,0.15084886982632287,False
final_input_token_layerwise,undisclosed,k6,target_observation_mean,27,3.0,0.16665028307124047,False
final_input_token_layerwise,undisclosed,k6,target_observation_mean,28,3.0,0.15489693782145852,False
final_input_token_layerwise,undisclosed,k6,target_observation_mean,29,3.0,0.16089032656827468,False
final_input_token_layerwise,undisclosed,k6,target_observation_mean,30,3.0,0.19694815616128578,False
final_input_token_layerwise,undisclosed,k6,target_observation_mean,31,0.1,0.22097487223898565,False
final_input_token_layerwise,undisclosed,k6,target_observation_mean,32,3.0,0.2304447172437026,False
final_input_token_layerwise,undisclosed,k6,target_time_slope,0,0.0001,0.0,False
final_input_token_layerwise,undisclosed,k6,target_time_slope,1,3.0,0.02490172908130739,False
final_input_token_layerwise,undisclosed,k6,target_time_slope,2,3.0,0.00527466894769224,False
final_input_token_layerwise,undisclosed,k6,target_time_slope,3,100.0,0.0002801402589175661,False
final_input_token_layerwise,undisclosed,k6,target_time_slope,4,100.0,0.0005649230203263744,False
final_input_token_layerwise,undisclosed,k6,target_time_slope,5,3.0,0.00941137977513487,False
final_input_token_layerwise,undisclosed,k6,target_time_slope,6,3.0,0.006039500713507839,False
final_input_token_layerwise,undisclosed,k6,target_time_slope,7,3.0,0.005758843236703087,False
final_input_token_layerwise,undisclosed,k6,target_time_slope,8,0.1,0.023717595896346894,False
final_input_token_layerwise,undisclosed,k6,target_time_slope,9,3.0,0.018353722354113006,False
final_input_token_layerwise,undisclosed,k6,target_time_slope,10,3.0,0.0162220671204657,False
final_input_token_layerwise,undisclosed,k6,target_time_slope,11,0.1,0.07387913966816051,False
final_input_token_layerwise,undisclosed,k6,target_time_slope,12,0.1,0.046939216907628284,False
final_input_token_layerwise,undisclosed,k6,target_time_slope,13,3.0,0.02045006800414889,False
final_input_token_layerwise,undisclosed,k6,target_time_slope,14,0.1,0.11748596680039938,False
final_input_token_layerwise,undisclosed,k6,target_time_slope,15,0.1,0.1709488311624906,False
final_input_token_layerwise,undisclosed,k6,target_time_slope,16,0.1,0.11301648504308653,False
final_input_token_layerwise,undisclosed,k6,target_time_slope,17,3.0,0.07048976739649451,False
final_input_token_layerwise,undisclosed,k6,target_time_slope,18,3.0,0.058343442450899924,False
final_input_token_layerwise,undisclosed,k6,target_time_slope,19,3.0,0.05422050174079729,False
final_input_token_layerwise,undisclosed,k6,target_time_slope,20,3.0,0.04616565880108947,False
final_input_token_layerwise,undisclosed,k6,target_time_slope,21,3.0,0.048743877008106395,False
final_input_token_layerwise,undisclosed,k6,target_time_slope,22,3.0,0.04704616401693418,False
final_input_token_layerwise,undisclosed,k6,target_time_slope,23,3.0,0.04572581925695238,False
final_input_token_layerwise,undisclosed,k6,target_time_slope,24,3.0,0.05175340923912866,False
final_input_token_layerwise,undisclosed,k6,target_time_slope,25,3.0,0.056413949437277566,False
final_input_token_layerwise,undisclosed,k6,target_time_slope,26,3.0,0.06526037767197634,False
final_input_token_layerwise,undisclosed,k6,target_time_slope,27,3.0,0.05756740589456008,False
final_input_token_layerwise,undisclosed,k6,target_time_slope,28,0.1,0.15129344446292034,False
final_input_token_layerwise,undisclosed,k6,target_time_slope,29,0.1,0.19415954867471483,False
final_input_token_layerwise,undisclosed,k6,target_time_slope,30,0.1,0.20624080156681207,True
final_input_token_layerwise,undisclosed,k6,target_time_slope,31,0.1,0.186095682668034,False
final_input_token_layerwise,undisclosed,k6,target_time_slope,32,0.1,0.14485367979313113,False
final_input_token_layerwise,undisclosed,k6,displayed_driver_outcome_slope,0,0.0001,-5.551115123125783e-17,False
final_input_token_layerwise,undisclosed,k6,displayed_driver_outcome_slope,1,100.0,-0.00015518692517826893,False
final_input_token_layerwise,undisclosed,k6,displayed_driver_outcome_slope,2,100.0,-0.0003417659393864514,False
final_input_token_layerwise,undisclosed,k6,displayed_driver_outcome_slope,3,100.0,0.0007279159421013648,False
final_input_token_layerwise,undisclosed,k6,displayed_driver_outcome_slope,4,3.0,0.008513502259255179,False
final_input_token_layerwise,undisclosed,k6,displayed_driver_outcome_slope,5,3.0,0.01335777032520824,False
final_input_token_layerwise,undisclosed,k6,displayed_driver_outcome_slope,6,3.0,0.010685661709343958,False
final_input_token_layerwise,undisclosed,k6,displayed_driver_outcome_slope,7,3.0,0.016878760456391084,False
final_input_token_layerwise,undisclosed,k6,displayed_driver_outcome_slope,8,3.0,0.014831678844548252,False
final_input_token_layerwise,undisclosed,k6,displayed_driver_outcome_slope,9,100.0,0.0003772499858353817,False
final_input_token_layerwise,undisclosed,k6,displayed_driver_outcome_slope,10,3.0,0.007356140634465325,False
final_input_token_layerwise,undisclosed,k6,displayed_driver_outcome_slope,11,3.0,0.010587512634727153,False
final_input_token_layerwise,undisclosed,k6,displayed_driver_outcome_slope,12,3.0,0.013472964802614285,False
final_input_token_layerwise,undisclosed,k6,displayed_driver_outcome_slope,13,3.0,0.020775770862384357,True
final_input_token_layerwise,undisclosed,k6,displayed_driver_outcome_slope,14,100.0,-1.1740165057866347e-05,False
final_input_token_layerwise,undisclosed,k6,displayed_driver_outcome_slope,15,100.0,-0.0018358104607038295,False
final_input_token_layerwise,undisclosed,k6,displayed_driver_outcome_slope,16,100.0,-0.0019246595691695678,False
final_input_token_layerwise,undisclosed,k6,displayed_driver_outcome_slope,17,100.0,-0.0025475067144095642,False
final_input_token_layerwise,undisclosed,k6,displayed_driver_outcome_slope,18,100.0,-0.003070784881481353,False
final_input_token_layerwise,undisclosed,k6,displayed_driver_outcome_slope,19,100.0,-0.002949557004867348,False
final_input_token_layerwise,undisclosed,k6,displayed_driver_outcome_slope,20,100.0,-0.0030589011029929503,False
final_input_token_layerwise,undisclosed,k6,displayed_driver_outcome_slope,21,100.0,-0.0030045277657206604,False
final_input_token_layerwise,undisclosed,k6,displayed_driver_outcome_slope,22,100.0,-0.002781638959599625,False
final_input_token_layerwise,undisclosed,k6,displayed_driver_outcome_slope,23,100.0,-0.0027158698689666028,False
final_input_token_layerwise,undisclosed,k6,displayed_driver_outcome_slope,24,100.0,-0.002617487005310809,False
final_input_token_layerwise,undisclosed,k6,displayed_driver_outcome_slope,25,100.0,-0.002519336994762561,False
final_input_token_layerwise,undisclosed,k6,displayed_driver_outcome_slope,26,100.0,-0.002721287325247762,False
final_input_token_layerwise,undisclosed,k6,displayed_driver_outcome_slope,27,100.0,-0.0026460345777307437,False
final_input_token_layerwise,undisclosed,k6,displayed_driver_outcome_slope,28,100.0,-0.002411482908553836,False
final_input_token_layerwise,undisclosed,k6,displayed_driver_outcome_slope,29,100.0,-0.002107170884488724,False
final_input_token_layerwise,undisclosed,k6,displayed_driver_outcome_slope,30,100.0,-0.0021714095404373746,False
final_input_token_layerwise,undisclosed,k6,displayed_driver_outcome_slope,31,100.0,-0.0021878563187326394,False
final_input_token_layerwise,undisclosed,k6,displayed_driver_outcome_slope,32,100.0,-0.0019318060494206146,False
final_input_token_layerwise,undisclosed,k6,oracle_posterior_gain,0,0.0001,-5.551115123125783e-17,False
final_input_token_layerwise,undisclosed,k6,oracle_posterior_gain,1,3.0,0.0017899847264573887,False
final_input_token_layerwise,undisclosed,k6,oracle_posterior_gain,2,100.0,3.979459672814878e-06,False
final_input_token_layerwise,undisclosed,k6,oracle_posterior_gain,3,100.0,-0.00031095915994236445,False
final_input_token_layerwise,undisclosed,k6,oracle_posterior_gain,4,100.0,0.00024738058480744396,False
final_input_token_layerwise,undisclosed,k6,oracle_posterior_gain,5,3.0,0.00042846467174526004,False
final_input_token_layerwise,undisclosed,k6,oracle_posterior_gain,6,3.0,0.004883369845681912,False
final_input_token_layerwise,undisclosed,k6,oracle_posterior_gain,7,100.0,-0.0003283553803610506,False
final_input_token_layerwise,undisclosed,k6,oracle_posterior_gain,8,100.0,-3.142266481412359e-05,False
final_input_token_layerwise,undisclosed,k6,oracle_posterior_gain,9,0.1,0.0932080794828915,False
final_input_token_layerwise,undisclosed,k6,oracle_posterior_gain,10,0.1,0.03712366074318857,False
final_input_token_layerwise,undisclosed,k6,oracle_posterior_gain,11,0.1,0.04326597416732603,False
final_input_token_layerwise,undisclosed,k6,oracle_posterior_gain,12,0.1,0.06259231196690182,False
final_input_token_layerwise,undisclosed,k6,oracle_posterior_gain,13,0.1,0.05032288701885923,False
final_input_token_layerwise,undisclosed,k6,oracle_posterior_gain,14,0.1,0.07513533943813833,False
final_input_token_layerwise,undisclosed,k6,oracle_posterior_gain,15,3.0,0.09754327542753655,False
final_input_token_layerwise,undisclosed,k6,oracle_posterior_gain,16,0.1,0.17746757525103427,False
final_input_token_layerwise,undisclosed,k6,oracle_posterior_gain,17,0.1,0.14792591504765779,False
final_input_token_layerwise,undisclosed,k6,oracle_posterior_gain,18,0.1,0.11876960183142662,False
final_input_token_layerwise,undisclosed,k6,oracle_posterior_gain,19,3.0,0.11095442969669708,False
final_input_token_layerwise,undisclosed,k6,oracle_posterior_gain,20,0.1,0.12160193643090939,False
final_input_token_layerwise,undisclosed,k6,oracle_posterior_gain,21,3.0,0.10277675464754563,False
final_input_token_layerwise,undisclosed,k6,oracle_posterior_gain,22,0.1,0.12989168429191714,False
final_input_token_layerwise,undisclosed,k6,oracle_posterior_gain,23,0.1,0.13653801371535523,False
final_input_token_layerwise,undisclosed,k6,oracle_posterior_gain,24,0.1,0.15108517545048397,False
final_input_token_layerwise,undisclosed,k6,oracle_posterior_gain,25,0.1,0.1652780157778564,False
final_input_token_layerwise,undisclosed,k6,oracle_posterior_gain,26,0.1,0.14038340282604309,False
final_input_token_layerwise,undisclosed,k6,oracle_posterior_gain,27,0.1,0.13591906117401842,False
final_input_token_layerwise,undisclosed,k6,oracle_posterior_gain,28,0.1,0.13616282829707027,False
final_input_token_layerwise,undisclosed,k6,oracle_posterior_gain,29,0.1,0.1787377997280248,False
final_input_token_layerwise,undisclosed,k6,oracle_posterior_gain,30,0.1,0.19752664141036674,False
final_input_token_layerwise,undisclosed,k6,oracle_posterior_gain,31,0.1,0.17265233603789942,False
final_input_token_layerwise,undisclosed,k6,oracle_posterior_gain,32,0.1,0.2027531968937882,True
final_input_token_layerwise,undisclosed,k9,gain,0,0.0001,0.0,False
final_input_token_layerwise,undisclosed,k9,gain,1,100.0,-0.00010561444392553909,False
final_input_token_layerwise,undisclosed,k9,gain,2,3.0,0.0017068405394429775,False
final_input_token_layerwise,undisclosed,k9,gain,3,100.0,-0.0002780270248674832,False
final_input_token_layerwise,undisclosed,k9,gain,4,100.0,-5.576316422789551e-05,False
final_input_token_layerwise,undisclosed,k9,gain,5,100.0,-0.0001069228058513394,False
final_input_token_layerwise,undisclosed,k9,gain,6,100.0,-4.059482744511733e-05,False
final_input_token_layerwise,undisclosed,k9,gain,7,100.0,-0.00017528402135652543,False
final_input_token_layerwise,undisclosed,k9,gain,8,100.0,-0.00016226357556345383,False
final_input_token_layerwise,undisclosed,k9,gain,9,3.0,0.010939136410425043,False
final_input_token_layerwise,undisclosed,k9,gain,10,0.1,0.04414083792754761,False
final_input_token_layerwise,undisclosed,k9,gain,11,0.1,0.13617290827839584,False
final_input_token_layerwise,undisclosed,k9,gain,12,0.1,0.045086229985598886,False
final_input_token_layerwise,undisclosed,k9,gain,13,0.1,0.09902329628706066,False
final_input_token_layerwise,undisclosed,k9,gain,14,0.1,0.11249521726343517,False
final_input_token_layerwise,undisclosed,k9,gain,15,0.1,0.17836700507147513,False
final_input_token_layerwise,undisclosed,k9,gain,16,0.1,0.1303838618672865,False
final_input_token_layerwise,undisclosed,k9,gain,17,0.1,0.11383630231349065,False
final_input_token_layerwise,undisclosed,k9,gain,18,0.1,0.11843839199740627,False
final_input_token_layerwise,undisclosed,k9,gain,19,0.1,0.11478624146781821,False
final_input_token_layerwise,undisclosed,k9,gain,20,0.1,0.11573149599548335,False
final_input_token_layerwise,undisclosed,k9,gain,21,0.1,0.14095771504913596,False
final_input_token_layerwise,undisclosed,k9,gain,22,0.1,0.12761970412430926,False
final_input_token_layerwise,undisclosed,k9,gain,23,0.1,0.09834408580977647,False
final_input_token_layerwise,undisclosed,k9,gain,24,0.1,0.1155626466603539,False
final_input_token_layerwise,undisclosed,k9,gain,25,0.1,0.1076495981886075,False
final_input_token_layerwise,undisclosed,k9,gain,26,0.1,0.11207720902576976,False
final_input_token_layerwise,undisclosed,k9,gain,27,0.1,0.13293768871362788,False
final_input_token_layerwise,undisclosed,k9,gain,28,0.1,0.1257543831212634,False
final_input_token_layerwise,undisclosed,k9,gain,29,0.1,0.11677234746110154,False
final_input_token_layerwise,undisclosed,k9,gain,30,0.1,0.15026416857482203,False
final_input_token_layerwise,undisclosed,k9,gain,31,0.1,0.18165606607682172,False
final_input_token_layerwise,undisclosed,k9,gain,32,0.1,0.20196665152466123,True
final_input_token_layerwise,undisclosed,k9,response_residual,0,0.0001,-2.7755575615628914e-17,False
final_input_token_layerwise,undisclosed,k9,response_residual,1,100.0,-4.097981874776058e-05,False
final_input_token_layerwise,undisclosed,k9,response_residual,2,3.0,0.002018196456690935,False
final_input_token_layerwise,undisclosed,k9,response_residual,3,100.0,-0.0003816062677820531,False
final_input_token_layerwise,undisclosed,k9,response_residual,4,100.0,-0.000250557075861052,False
final_input_token_layerwise,undisclosed,k9,response_residual,5,100.0,-0.00028590186734606116,False
final_input_token_layerwise,undisclosed,k9,response_residual,6,100.0,-0.00013191347967755895,False
final_input_token_layerwise,undisclosed,k9,response_residual,7,100.0,-0.0003485236313364448,False
final_input_token_layerwise,undisclosed,k9,response_residual,8,100.0,-0.0005588226044774824,False
final_input_token_layerwise,undisclosed,k9,response_residual,9,100.0,-6.9373038119324715e-06,False
final_input_token_layerwise,undisclosed,k9,response_residual,10,100.0,0.00019885942556946423,False
final_input_token_layerwise,undisclosed,k9,response_residual,11,3.0,0.005385843961503017,False
final_input_token_layerwise,undisclosed,k9,response_residual,12,3.0,0.0016009503126381275,False
final_input_token_layerwise,undisclosed,k9,response_residual,13,3.0,0.003275880205342696,False
final_input_token_layerwise,undisclosed,k9,response_residual,14,3.0,0.017863230433864813,False
final_input_token_layerwise,undisclosed,k9,response_residual,15,3.0,0.04286699261189539,False
final_input_token_layerwise,undisclosed,k9,response_residual,16,3.0,0.04832500276061508,False
final_input_token_layerwise,undisclosed,k9,response_residual,17,3.0,0.03701575461460621,False
final_input_token_layerwise,undisclosed,k9,response_residual,18,3.0,0.030984901027373724,False
final_input_token_layerwise,undisclosed,k9,response_residual,19,3.0,0.019744870572414308,False
final_input_token_layerwise,undisclosed,k9,response_residual,20,3.0,0.018204744863683814,False
final_input_token_layerwise,undisclosed,k9,response_residual,21,3.0,0.014151746029826634,False
final_input_token_layerwise,undisclosed,k9,response_residual,22,3.0,0.015064616497235256,False
final_input_token_layerwise,undisclosed,k9,response_residual,23,3.0,0.011472905220470064,False
final_input_token_layerwise,undisclosed,k9,response_residual,24,3.0,0.017494890612570257,False
final_input_token_layerwise,undisclosed,k9,response_residual,25,3.0,0.010983862381022808,False
final_input_token_layerwise,undisclosed,k9,response_residual,26,3.0,0.01162787003968016,False
final_input_token_layerwise,undisclosed,k9,response_residual,27,3.0,0.013770746642893156,False
final_input_token_layerwise,undisclosed,k9,response_residual,28,3.0,0.011273695253665339,False
final_input_token_layerwise,undisclosed,k9,response_residual,29,3.0,0.030897062655418944,False
final_input_token_layerwise,undisclosed,k9,response_residual,30,3.0,0.044987907661512866,False
final_input_token_layerwise,undisclosed,k9,response_residual,31,3.0,0.055062727866271255,False
final_input_token_layerwise,undisclosed,k9,response_residual,32,0.1,0.08498561643771863,True
final_input_token_layerwise,undisclosed,k9,last_target_observation,0,0.0001,1.3877787807814457e-16,False
final_input_token_layerwise,undisclosed,k9,last_target_observation,1,0.1,0.05577195950453803,False
final_input_token_layerwise,undisclosed,k9,last_target_observation,2,0.1,0.09322840408849214,False
final_input_token_layerwise,undisclosed,k9,last_target_observation,3,3.0,0.060562438378117756,False
final_input_token_layerwise,undisclosed,k9,last_target_observation,4,3.0,0.05265993712791614,False
final_input_token_layerwise,undisclosed,k9,last_target_observation,5,3.0,0.05807553563467721,False
final_input_token_layerwise,undisclosed,k9,last_target_observation,6,3.0,0.06440715507045508,False
final_input_token_layerwise,undisclosed,k9,last_target_observation,7,3.0,0.06308751516977729,False
final_input_token_layerwise,undisclosed,k9,last_target_observation,8,3.0,0.03996196242134559,False
final_input_token_layerwise,undisclosed,k9,last_target_observation,9,3.0,0.046579264824686495,False
final_input_token_layerwise,undisclosed,k9,last_target_observation,10,3.0,0.03743327577742825,False
final_input_token_layerwise,undisclosed,k9,last_target_observation,11,3.0,0.04160031469276937,False
final_input_token_layerwise,undisclosed,k9,last_target_observation,12,3.0,0.023237908816211794,False
final_input_token_layerwise,undisclosed,k9,last_target_observation,13,3.0,0.020533655576959076,False
final_input_token_layerwise,undisclosed,k9,last_target_observation,14,3.0,0.0420729474458057,False
final_input_token_layerwise,undisclosed,k9,last_target_observation,15,0.1,0.11843898258529129,False
final_input_token_layerwise,undisclosed,k9,last_target_observation,16,3.0,0.04618688324044326,False
final_input_token_layerwise,undisclosed,k9,last_target_observation,17,3.0,0.038046316478265896,False
final_input_token_layerwise,undisclosed,k9,last_target_observation,18,3.0,0.03805928907854192,False
final_input_token_layerwise,undisclosed,k9,last_target_observation,19,3.0,0.023424317185274823,False
final_input_token_layerwise,undisclosed,k9,last_target_observation,20,3.0,0.020302184889391867,False
final_input_token_layerwise,undisclosed,k9,last_target_observation,21,3.0,0.024462687723183052,False
final_input_token_layerwise,undisclosed,k9,last_target_observation,22,3.0,0.02445872287195483,False
final_input_token_layerwise,undisclosed,k9,last_target_observation,23,3.0,0.023460744542788597,False
final_input_token_layerwise,undisclosed,k9,last_target_observation,24,3.0,0.02339234699605222,False
final_input_token_layerwise,undisclosed,k9,last_target_observation,25,3.0,0.020018792322066742,False
final_input_token_layerwise,undisclosed,k9,last_target_observation,26,3.0,0.022549182170648302,False
final_input_token_layerwise,undisclosed,k9,last_target_observation,27,3.0,0.0252571809307916,False
final_input_token_layerwise,undisclosed,k9,last_target_observation,28,3.0,0.029849934590938987,False
final_input_token_layerwise,undisclosed,k9,last_target_observation,29,0.1,0.06042442076643503,False
final_input_token_layerwise,undisclosed,k9,last_target_observation,30,0.1,0.12065834102639209,False
final_input_token_layerwise,undisclosed,k9,last_target_observation,31,0.1,0.091166128576854,False
final_input_token_layerwise,undisclosed,k9,last_target_observation,32,0.1,0.12830388665955123,True
final_input_token_layerwise,undisclosed,k9,target_observation_mean,0,0.0001,3.885780586188048e-16,False
final_input_token_layerwise,undisclosed,k9,target_observation_mean,1,0.1,0.07636771328854403,False
final_input_token_layerwise,undisclosed,k9,target_observation_mean,2,3.0,0.0373348026110516,False
final_input_token_layerwise,undisclosed,k9,target_observation_mean,3,3.0,0.02096731070570998,False
final_input_token_layerwise,undisclosed,k9,target_observation_mean,4,3.0,0.019786407895163893,False
final_input_token_layerwise,undisclosed,k9,target_observation_mean,5,3.0,0.0012544209419527996,False
final_input_token_layerwise,undisclosed,k9,target_observation_mean,6,100.0,-0.00034690225605715774,False
final_input_token_layerwise,undisclosed,k9,target_observation_mean,7,100.0,-0.00016821081532497617,False
final_input_token_layerwise,undisclosed,k9,target_observation_mean,8,3.0,0.0027830132129920138,False
final_input_token_layerwise,undisclosed,k9,target_observation_mean,9,3.0,0.021633132029634017,False
final_input_token_layerwise,undisclosed,k9,target_observation_mean,10,3.0,0.0274109214054597,False
final_input_token_layerwise,undisclosed,k9,target_observation_mean,11,3.0,0.023691318268319855,False
final_input_token_layerwise,undisclosed,k9,target_observation_mean,12,3.0,0.019462745498705608,False
final_input_token_layerwise,undisclosed,k9,target_observation_mean,13,3.0,0.012770753800883883,False
final_input_token_layerwise,undisclosed,k9,target_observation_mean,14,3.0,0.019771169711652242,False
final_input_token_layerwise,undisclosed,k9,target_observation_mean,15,3.0,0.052576836420612755,False
final_input_token_layerwise,undisclosed,k9,target_observation_mean,16,3.0,0.08466029662005534,False
final_input_token_layerwise,undisclosed,k9,target_observation_mean,17,3.0,0.062331618299485525,False
final_input_token_layerwise,undisclosed,k9,target_observation_mean,18,3.0,0.05214407917127306,False
final_input_token_layerwise,undisclosed,k9,target_observation_mean,19,0.1,0.055554225280963127,False
final_input_token_layerwise,undisclosed,k9,target_observation_mean,20,3.0,0.037347842422339655,False
final_input_token_layerwise,undisclosed,k9,target_observation_mean,21,3.0,0.028682507550724906,False
final_input_token_layerwise,undisclosed,k9,target_observation_mean,22,0.1,0.036642399403663733,False
final_input_token_layerwise,undisclosed,k9,target_observation_mean,23,3.0,0.03234383742463487,False
final_input_token_layerwise,undisclosed,k9,target_observation_mean,24,3.0,0.028818193595152225,False
final_input_token_layerwise,undisclosed,k9,target_observation_mean,25,3.0,0.03567133542316356,False
final_input_token_layerwise,undisclosed,k9,target_observation_mean,26,3.0,0.037831396113394616,False
final_input_token_layerwise,undisclosed,k9,target_observation_mean,27,3.0,0.03219231874096862,False
final_input_token_layerwise,undisclosed,k9,target_observation_mean,28,3.0,0.03583345376276634,False
final_input_token_layerwise,undisclosed,k9,target_observation_mean,29,0.1,0.06721503365843667,False
final_input_token_layerwise,undisclosed,k9,target_observation_mean,30,0.1,0.12044068037918623,False
final_input_token_layerwise,undisclosed,k9,target_observation_mean,31,0.1,0.11109604537083487,False
final_input_token_layerwise,undisclosed,k9,target_observation_mean,32,0.1,0.16006655478458923,True
final_input_token_layerwise,undisclosed,k9,target_time_slope,0,0.0001,0.0,False
final_input_token_layerwise,undisclosed,k9,target_time_slope,1,3.0,0.011105379164020518,False
final_input_token_layerwise,undisclosed,k9,target_time_slope,2,0.1,0.05765751850589307,False
final_input_token_layerwise,undisclosed,k9,target_time_slope,3,3.0,0.05926751609978387,False
final_input_token_layerwise,undisclosed,k9,target_time_slope,4,3.0,0.045182349054787435,False
final_input_token_layerwise,undisclosed,k9,target_time_slope,5,3.0,0.0336499743972182,False
final_input_token_layerwise,undisclosed,k9,target_time_slope,6,3.0,0.03978510732622048,False
final_input_token_layerwise,undisclosed,k9,target_time_slope,7,3.0,0.043020434150821435,False
final_input_token_layerwise,undisclosed,k9,target_time_slope,8,3.0,0.025985057341503526,False
final_input_token_layerwise,undisclosed,k9,target_time_slope,9,3.0,0.013175993573220884,False
final_input_token_layerwise,undisclosed,k9,target_time_slope,10,3.0,0.014738889514497922,False
final_input_token_layerwise,undisclosed,k9,target_time_slope,11,3.0,0.036169474377185595,False
final_input_token_layerwise,undisclosed,k9,target_time_slope,12,3.0,0.04674510819779168,False
final_input_token_layerwise,undisclosed,k9,target_time_slope,13,3.0,0.05313185712409588,False
final_input_token_layerwise,undisclosed,k9,target_time_slope,14,3.0,0.07245385763726356,False
final_input_token_layerwise,undisclosed,k9,target_time_slope,15,3.0,0.10707912629687347,False
final_input_token_layerwise,undisclosed,k9,target_time_slope,16,3.0,0.12828433481106702,False
final_input_token_layerwise,undisclosed,k9,target_time_slope,17,3.0,0.09601304241122652,False
final_input_token_layerwise,undisclosed,k9,target_time_slope,18,3.0,0.07818057829603653,False
final_input_token_layerwise,undisclosed,k9,target_time_slope,19,3.0,0.058877341001442624,False
final_input_token_layerwise,undisclosed,k9,target_time_slope,20,3.0,0.05625042888478926,False
final_input_token_layerwise,undisclosed,k9,target_time_slope,21,3.0,0.06318023585233581,False
final_input_token_layerwise,undisclosed,k9,target_time_slope,22,3.0,0.06528013097231083,False
final_input_token_layerwise,undisclosed,k9,target_time_slope,23,3.0,0.060791045354172374,False
final_input_token_layerwise,undisclosed,k9,target_time_slope,24,3.0,0.06884669349209496,False
final_input_token_layerwise,undisclosed,k9,target_time_slope,25,3.0,0.07053025302983174,False
final_input_token_layerwise,undisclosed,k9,target_time_slope,26,3.0,0.0677351923024962,False
final_input_token_layerwise,undisclosed,k9,target_time_slope,27,3.0,0.07034412014050614,False
final_input_token_layerwise,undisclosed,k9,target_time_slope,28,0.1,0.1153237776950507,False
final_input_token_layerwise,undisclosed,k9,target_time_slope,29,0.1,0.08908521379093948,False
final_input_token_layerwise,undisclosed,k9,target_time_slope,30,0.1,0.14665684279324276,False
final_input_token_layerwise,undisclosed,k9,target_time_slope,31,0.1,0.16845223591804087,True
final_input_token_layerwise,undisclosed,k9,target_time_slope,32,0.1,0.13828219200481806,False
final_input_token_layerwise,undisclosed,k9,displayed_driver_outcome_slope,0,0.0001,-1.1102230246251565e-16,False
final_input_token_layerwise,undisclosed,k9,displayed_driver_outcome_slope,1,100.0,-8.124635382317225e-05,False
final_input_token_layerwise,undisclosed,k9,displayed_driver_outcome_slope,2,3.0,0.004686819510026863,False
final_input_token_layerwise,undisclosed,k9,displayed_driver_outcome_slope,3,100.0,-4.314592978479914e-05,False
final_input_token_layerwise,undisclosed,k9,displayed_driver_outcome_slope,4,100.0,-0.00022450367713405806,False
final_input_token_layerwise,undisclosed,k9,displayed_driver_outcome_slope,5,100.0,-0.0004351676292161655,False
final_input_token_layerwise,undisclosed,k9,displayed_driver_outcome_slope,6,100.0,-0.0003749253704422584,False
final_input_token_layerwise,undisclosed,k9,displayed_driver_outcome_slope,7,100.0,-0.0005781013820772285,False
final_input_token_layerwise,undisclosed,k9,displayed_driver_outcome_slope,8,100.0,-0.0007391392147416131,False
final_input_token_layerwise,undisclosed,k9,displayed_driver_outcome_slope,9,100.0,-0.0011235781889072927,False
final_input_token_layerwise,undisclosed,k9,displayed_driver_outcome_slope,10,100.0,-0.0011139894270582595,False
final_input_token_layerwise,undisclosed,k9,displayed_driver_outcome_slope,11,100.0,-0.0005573647028935813,False
final_input_token_layerwise,undisclosed,k9,displayed_driver_outcome_slope,12,100.0,-9.759462012839948e-05,False
final_input_token_layerwise,undisclosed,k9,displayed_driver_outcome_slope,13,3.0,0.002608164474880603,False
final_input_token_layerwise,undisclosed,k9,displayed_driver_outcome_slope,14,3.0,0.04892693303602344,False
final_input_token_layerwise,undisclosed,k9,displayed_driver_outcome_slope,15,3.0,0.06473367925433227,False
final_input_token_layerwise,undisclosed,k9,displayed_driver_outcome_slope,16,3.0,0.08037786393957991,False
final_input_token_layerwise,undisclosed,k9,displayed_driver_outcome_slope,17,0.1,0.07229075959646883,False
final_input_token_layerwise,undisclosed,k9,displayed_driver_outcome_slope,18,0.1,0.08849918835304593,False
final_input_token_layerwise,undisclosed,k9,displayed_driver_outcome_slope,19,0.1,0.10715534717762334,False
final_input_token_layerwise,undisclosed,k9,displayed_driver_outcome_slope,20,0.1,0.08158224603658762,False
final_input_token_layerwise,undisclosed,k9,displayed_driver_outcome_slope,21,0.1,0.10248923921937433,False
final_input_token_layerwise,undisclosed,k9,displayed_driver_outcome_slope,22,0.1,0.10280586613412687,False
final_input_token_layerwise,undisclosed,k9,displayed_driver_outcome_slope,23,0.1,0.10914483991684282,False
final_input_token_layerwise,undisclosed,k9,displayed_driver_outcome_slope,24,0.1,0.06250889406363602,False
final_input_token_layerwise,undisclosed,k9,displayed_driver_outcome_slope,25,0.1,0.11648434107361169,False
final_input_token_layerwise,undisclosed,k9,displayed_driver_outcome_slope,26,0.1,0.10910163778051063,False
final_input_token_layerwise,undisclosed,k9,displayed_driver_outcome_slope,27,0.1,0.17081996906815197,False
final_input_token_layerwise,undisclosed,k9,displayed_driver_outcome_slope,28,0.1,0.12667932217549302,False
final_input_token_layerwise,undisclosed,k9,displayed_driver_outcome_slope,29,0.1,0.11137451215708488,False
final_input_token_layerwise,undisclosed,k9,displayed_driver_outcome_slope,30,0.1,0.10429994237527895,False
final_input_token_layerwise,undisclosed,k9,displayed_driver_outcome_slope,31,0.1,0.11749286664494749,False
final_input_token_layerwise,undisclosed,k9,displayed_driver_outcome_slope,32,0.1,0.21091304833149954,True
final_input_token_layerwise,undisclosed,k9,oracle_posterior_gain,0,0.0001,0.0,False
final_input_token_layerwise,undisclosed,k9,oracle_posterior_gain,1,100.0,-1.824457248694733e-05,False
final_input_token_layerwise,undisclosed,k9,oracle_posterior_gain,2,3.0,0.007701532347876933,False
final_input_token_layerwise,undisclosed,k9,oracle_posterior_gain,3,100.0,1.1735280314006946e-05,False
final_input_token_layerwise,undisclosed,k9,oracle_posterior_gain,4,100.0,-4.093996304518899e-05,False
final_input_token_layerwise,undisclosed,k9,oracle_posterior_gain,5,100.0,-8.898666735862593e-05,False
final_input_token_layerwise,undisclosed,k9,oracle_posterior_gain,6,100.0,-3.3039311198551635e-05,False
final_input_token_layerwise,undisclosed,k9,oracle_posterior_gain,7,3.0,0.0034204335550934994,False
final_input_token_layerwise,undisclosed,k9,oracle_posterior_gain,8,100.0,5.494989813636941e-05,False
final_input_token_layerwise,undisclosed,k9,oracle_posterior_gain,9,3.0,0.022709777433922718,False
final_input_token_layerwise,undisclosed,k9,oracle_posterior_gain,10,3.0,0.0358756772770604,False
final_input_token_layerwise,undisclosed,k9,oracle_posterior_gain,11,0.1,0.10891549512584114,False
final_input_token_layerwise,undisclosed,k9,oracle_posterior_gain,12,3.0,0.02549729671595108,False
final_input_token_layerwise,undisclosed,k9,oracle_posterior_gain,13,0.1,0.05353680810711528,False
final_input_token_layerwise,undisclosed,k9,oracle_posterior_gain,14,3.0,0.07349426576697612,False
final_input_token_layerwise,undisclosed,k9,oracle_posterior_gain,15,3.0,0.11497525401742037,False
final_input_token_layerwise,undisclosed,k9,oracle_posterior_gain,16,3.0,0.14912272562227968,False
final_input_token_layerwise,undisclosed,k9,oracle_posterior_gain,17,0.1,0.1338496042090673,False
final_input_token_layerwise,undisclosed,k9,oracle_posterior_gain,18,3.0,0.12104095554374691,False
final_input_token_layerwise,undisclosed,k9,oracle_posterior_gain,19,0.1,0.13535057626516825,False
final_input_token_layerwise,undisclosed,k9,oracle_posterior_gain,20,0.1,0.13894668219316408,False
final_input_token_layerwise,undisclosed,k9,oracle_posterior_gain,21,0.1,0.14890375956219862,False
final_input_token_layerwise,undisclosed,k9,oracle_posterior_gain,22,0.1,0.139102193974736,False
final_input_token_layerwise,undisclosed,k9,oracle_posterior_gain,23,0.1,0.14250044622976313,False
final_input_token_layerwise,undisclosed,k9,oracle_posterior_gain,24,0.1,0.1709514519493376,False
final_input_token_layerwise,undisclosed,k9,oracle_posterior_gain,25,0.1,0.17347081763730246,False
final_input_token_layerwise,undisclosed,k9,oracle_posterior_gain,26,0.1,0.1901438678283222,False
final_input_token_layerwise,undisclosed,k9,oracle_posterior_gain,27,0.1,0.19232164506850252,False
final_input_token_layerwise,undisclosed,k9,oracle_posterior_gain,28,0.1,0.19374561309231592,False
final_input_token_layerwise,undisclosed,k9,oracle_posterior_gain,29,0.1,0.1886638101336071,False
final_input_token_layerwise,undisclosed,k9,oracle_posterior_gain,30,0.1,0.2246293152031386,False
final_input_token_layerwise,undisclosed,k9,oracle_posterior_gain,31,0.1,0.2478088287182895,False
final_input_token_layerwise,undisclosed,k9,oracle_posterior_gain,32,0.1,0.31525293781675834,True
final_input_token_layerwise,undisclosed,pooled,gain,0,0.0001,0.0,False
final_input_token_layerwise,undisclosed,pooled,gain,1,100.0,-0.0019126111383930184,False
final_input_token_layerwise,undisclosed,pooled,gain,2,100.0,-0.003937905656908426,False
final_input_token_layerwise,undisclosed,pooled,gain,3,100.0,-0.005707816398176441,False
final_input_token_layerwise,undisclosed,pooled,gain,4,100.0,-0.005914753236011742,False
final_input_token_layerwise,undisclosed,pooled,gain,5,100.0,-0.00517127080891594,False
final_input_token_layerwise,undisclosed,pooled,gain,6,100.0,-0.003959107239476771,False
final_input_token_layerwise,undisclosed,pooled,gain,7,100.0,-0.00389710893261642,False
final_input_token_layerwise,undisclosed,pooled,gain,8,100.0,-0.00637993979849145,False
final_input_token_layerwise,undisclosed,pooled,gain,9,100.0,-0.000181483280098473,False
final_input_token_layerwise,undisclosed,pooled,gain,10,100.0,0.001924452053126367,False
final_input_token_layerwise,undisclosed,pooled,gain,11,3.0,0.0468923379220372,False
final_input_token_layerwise,undisclosed,pooled,gain,12,3.0,0.026890037636836023,False
final_input_token_layerwise,undisclosed,pooled,gain,13,3.0,0.03128843409632815,False
final_input_token_layerwise,undisclosed,pooled,gain,14,3.0,0.07551898342965756,False
final_input_token_layerwise,undisclosed,pooled,gain,15,3.0,0.11687226899421306,False
final_input_token_layerwise,undisclosed,pooled,gain,16,3.0,0.1145331387715055,False
final_input_token_layerwise,undisclosed,pooled,gain,17,3.0,0.11111524484335013,False
final_input_token_layerwise,undisclosed,pooled,gain,18,3.0,0.1065615882391232,False
final_input_token_layerwise,undisclosed,pooled,gain,19,3.0,0.10564829086668326,False
final_input_token_layerwise,undisclosed,pooled,gain,20,3.0,0.09990314298894198,False
final_input_token_layerwise,undisclosed,pooled,gain,21,3.0,0.08900307012143922,False
final_input_token_layerwise,undisclosed,pooled,gain,22,3.0,0.0880713872860817,False
final_input_token_layerwise,undisclosed,pooled,gain,23,3.0,0.0892106794590198,False
final_input_token_layerwise,undisclosed,pooled,gain,24,3.0,0.08886829777125027,False
final_input_token_layerwise,undisclosed,pooled,gain,25,3.0,0.09143513266467969,False
final_input_token_layerwise,undisclosed,pooled,gain,26,3.0,0.08861872010858551,False
final_input_token_layerwise,undisclosed,pooled,gain,27,3.0,0.10390471245141775,False
final_input_token_layerwise,undisclosed,pooled,gain,28,3.0,0.10358425601273298,False
final_input_token_layerwise,undisclosed,pooled,gain,29,3.0,0.10194180090763394,False
final_input_token_layerwise,undisclosed,pooled,gain,30,3.0,0.12069638944580198,False
final_input_token_layerwise,undisclosed,pooled,gain,31,3.0,0.1298139475799987,False
final_input_token_layerwise,undisclosed,pooled,gain,32,3.0,0.1440486971343888,True
final_input_token_layerwise,undisclosed,pooled,response_residual,0,0.0001,-2.7755575615628914e-17,False
final_input_token_layerwise,undisclosed,pooled,response_residual,1,100.0,-0.0009270007561684354,False
final_input_token_layerwise,undisclosed,pooled,response_residual,2,100.0,-0.004632810217052095,False
final_input_token_layerwise,undisclosed,pooled,response_residual,3,100.0,-0.007606033689812312,False
final_input_token_layerwise,undisclosed,pooled,response_residual,4,100.0,-0.006456748719839016,False
final_input_token_layerwise,undisclosed,pooled,response_residual,5,100.0,-0.0054679934589390855,False
final_input_token_layerwise,undisclosed,pooled,response_residual,6,100.0,-0.004143652491696209,False
final_input_token_layerwise,undisclosed,pooled,response_residual,7,100.0,-0.004604069299310148,False
final_input_token_layerwise,undisclosed,pooled,response_residual,8,100.0,-0.009374044325286426,False
final_input_token_layerwise,undisclosed,pooled,response_residual,9,100.0,-0.006098363109954309,False
final_input_token_layerwise,undisclosed,pooled,response_residual,10,100.0,-0.005566364074859331,False
final_input_token_layerwise,undisclosed,pooled,response_residual,11,100.0,0.0001816225514303845,False
final_input_token_layerwise,undisclosed,pooled,response_residual,12,100.0,-0.0004412608897857717,False
final_input_token_layerwise,undisclosed,pooled,response_residual,13,100.0,-3.205657969014101e-05,False
final_input_token_layerwise,undisclosed,pooled,response_residual,14,100.0,0.0033862390760721803,False
final_input_token_layerwise,undisclosed,pooled,response_residual,15,100.0,0.00795346846225394,False
final_input_token_layerwise,undisclosed,pooled,response_residual,16,100.0,0.009418084691451167,False
final_input_token_layerwise,undisclosed,pooled,response_residual,17,100.0,0.007899590127712028,False
final_input_token_layerwise,undisclosed,pooled,response_residual,18,100.0,0.005653105287470882,False
final_input_token_layerwise,undisclosed,pooled,response_residual,19,100.0,0.0047718730891304255,False
final_input_token_layerwise,undisclosed,pooled,response_residual,20,100.0,0.003162901866275649,False
final_input_token_layerwise,undisclosed,pooled,response_residual,21,100.0,0.0026095331825282397,False
final_input_token_layerwise,undisclosed,pooled,response_residual,22,100.0,0.0027118440809672704,False
final_input_token_layerwise,undisclosed,pooled,response_residual,23,100.0,0.0024960893670887643,False
final_input_token_layerwise,undisclosed,pooled,response_residual,24,100.0,0.003077751922602049,False
final_input_token_layerwise,undisclosed,pooled,response_residual,25,100.0,0.003996792354604678,False
final_input_token_layerwise,undisclosed,pooled,response_residual,26,100.0,0.004066339025053563,False
final_input_token_layerwise,undisclosed,pooled,response_residual,27,3.0,0.01715854315436723,False
final_input_token_layerwise,undisclosed,pooled,response_residual,28,3.0,0.012946260678022356,False
final_input_token_layerwise,undisclosed,pooled,response_residual,29,100.0,0.008646531992961273,False
final_input_token_layerwise,undisclosed,pooled,response_residual,30,3.0,0.030231446139735423,False
final_input_token_layerwise,undisclosed,pooled,response_residual,31,3.0,0.04806737930667962,False
final_input_token_layerwise,undisclosed,pooled,response_residual,32,3.0,0.07079389174507314,True
mean_embedding,disclosed,k3,gain,0,100.0,-0.0009589042439733797,True
mean_embedding,disclosed,k3,response_residual,0,100.0,-0.001110632918032206,True
mean_embedding,disclosed,k6,gain,0,100.0,0.00021211892006114952,True
mean_embedding,disclosed,k6,response_residual,0,100.0,-0.00013133361583325676,True
mean_embedding,disclosed,k9,gain,0,3.0,0.011837593116618,True
mean_embedding,disclosed,k9,response_residual,0,100.0,0.0006193826779181399,True
mean_embedding,disclosed,pooled,gain,0,100.0,0.0020260137296078486,True
mean_embedding,disclosed,pooled,response_residual,0,100.0,-0.0013023204868278422,True
mean_embedding,undisclosed,k3,gain,0,100.0,-0.0010713728368005326,True
mean_embedding,undisclosed,k3,response_residual,0,100.0,-0.0012090417576992585,True
mean_embedding,undisclosed,k6,gain,0,100.0,0.00013838781628436325,True
mean_embedding,undisclosed,k6,response_residual,0,100.0,-0.00018889621886128416,True
mean_embedding,undisclosed,k9,gain,0,3.0,0.010394026080614294,True
mean_embedding,undisclosed,k9,response_residual,0,100.0,0.0006058295235571998,True
mean_embedding,undisclosed,pooled,gain,0,100.0,0.0020023985455211632,True
mean_embedding,undisclosed,pooled,response_residual,0,100.0,-0.0013306504888029962,True
mean_final_layer,disclosed,k3,gain,0,100.0,-0.00013973896516611406,True
mean_final_layer,disclosed,k3,response_residual,0,100.0,0.00014975981764264734,True
mean_final_layer,disclosed,k6,gain,0,3.0,0.002200810140240428,True
mean_final_layer,disclosed,k6,response_residual,0,3.0,0.0017005759712611646,True
mean_final_layer,disclosed,k9,gain,0,0.1,0.05119584688605719,True
mean_final_layer,disclosed,k9,response_residual,0,3.0,0.009798409108841721,True
mean_final_layer,disclosed,pooled,gain,0,100.0,0.0036029792618573384,True
mean_final_layer,disclosed,pooled,response_residual,0,100.0,0.00313122839460539,True
mean_final_layer,undisclosed,k3,gain,0,100.0,-7.907811648527607e-06,True
mean_final_layer,undisclosed,k3,response_residual,0,100.0,-0.0001040615650939325,True
mean_final_layer,undisclosed,k6,gain,0,100.0,4.932176613722805e-05,True
mean_final_layer,undisclosed,k6,response_residual,0,100.0,-8.714934843417899e-06,True
mean_final_layer,undisclosed,k9,gain,0,3.0,0.007201047520285525,True
mean_final_layer,undisclosed,k9,response_residual,0,3.0,0.002232309248167863,True
mean_final_layer,undisclosed,pooled,gain,0,100.0,-0.0014170581519043768,True
mean_final_layer,undisclosed,pooled,response_residual,0,100.0,-0.0030173552864830124,True
