representation,train_disclosure,evidence,target,layer,alpha,cv_macro_development_baseline_r2,selected
final_input_token_layerwise,disclosed,k3,gain,0,0.0001,0.0,False
final_input_token_layerwise,disclosed,k3,gain,1,100.0,-0.0007890464879172221,False
final_input_token_layerwise,disclosed,k3,gain,2,100.0,-0.000223031079418734,False
final_input_token_layerwise,disclosed,k3,gain,3,100.0,-0.0006787821478407285,False
final_input_token_layerwise,disclosed,k3,gain,4,100.0,-0.00047006943281796554,False
final_input_token_layerwise,disclosed,k3,gain,5,100.0,1.5609471129190977e-05,False
final_input_token_layerwise,disclosed,k3,gain,6,100.0,-0.0002574513054560412,False
final_input_token_layerwise,disclosed,k3,gain,7,100.0,-0.0008139567932193004,False
final_input_token_layerwise,disclosed,k3,gain,8,3.0,0.0010885062248502386,False
final_input_token_layerwise,disclosed,k3,gain,9,100.0,0.00013946681752316503,False
final_input_token_layerwise,disclosed,k3,gain,10,100.0,0.0005766835733164721,False
final_input_token_layerwise,disclosed,k3,gain,11,3.0,0.004594254044676227,False
final_input_token_layerwise,disclosed,k3,gain,12,3.0,0.02065055101365104,False
final_input_token_layerwise,disclosed,k3,gain,13,100.0,0.0005676025456624045,False
final_input_token_layerwise,disclosed,k3,gain,14,100.0,-0.00041814535213938187,False
final_input_token_layerwise,disclosed,k3,gain,15,3.0,0.015292516587953386,False
final_input_token_layerwise,disclosed,k3,gain,16,3.0,0.01595870367835664,False
final_input_token_layerwise,disclosed,k3,gain,17,3.0,0.01511460182741739,False
final_input_token_layerwise,disclosed,k3,gain,18,3.0,0.000423361842679576,False
final_input_token_layerwise,disclosed,k3,gain,19,100.0,-0.00028611298239678007,False
final_input_token_layerwise,disclosed,k3,gain,20,3.0,-4.1313206799342694e-05,False
final_input_token_layerwise,disclosed,k3,gain,21,3.0,0.02640757459577453,True
final_input_token_layerwise,disclosed,k3,gain,22,3.0,0.018498374310667726,False
final_input_token_layerwise,disclosed,k3,gain,23,3.0,0.016569959381013605,False
final_input_token_layerwise,disclosed,k3,gain,24,3.0,0.009064063262704536,False
final_input_token_layerwise,disclosed,k3,gain,25,3.0,0.02299436326219431,False
final_input_token_layerwise,disclosed,k3,gain,26,3.0,0.021500603538613494,False
final_input_token_layerwise,disclosed,k3,gain,27,3.0,0.023594373541890507,False
final_input_token_layerwise,disclosed,k3,gain,28,3.0,0.006451768951715037,False
final_input_token_layerwise,disclosed,k3,gain,29,3.0,0.0036812626481300403,False
final_input_token_layerwise,disclosed,k3,gain,30,3.0,0.005487462536798632,False
final_input_token_layerwise,disclosed,k3,gain,31,3.0,0.00407984702517733,False
final_input_token_layerwise,disclosed,k3,gain,32,3.0,0.00797453192949657,False
final_input_token_layerwise,disclosed,k3,gain,33,100.0,-0.00041220098324407095,False
final_input_token_layerwise,disclosed,k3,gain,34,3.0,0.019200484005697738,False
final_input_token_layerwise,disclosed,k3,gain,35,3.0,0.016885063085349372,False
final_input_token_layerwise,disclosed,k3,gain,36,3.0,0.012856259819704619,False
final_input_token_layerwise,disclosed,k3,response_residual,0,0.0001,-2.7755575615628914e-17,False
final_input_token_layerwise,disclosed,k3,response_residual,1,100.0,-0.00045319088814121944,False
final_input_token_layerwise,disclosed,k3,response_residual,2,100.0,4.368290985518053e-05,False
final_input_token_layerwise,disclosed,k3,response_residual,3,100.0,-0.00025431833455258346,False
final_input_token_layerwise,disclosed,k3,response_residual,4,100.0,-0.0004201422405314126,False
final_input_token_layerwise,disclosed,k3,response_residual,5,100.0,-1.1981614818551423e-05,False
final_input_token_layerwise,disclosed,k3,response_residual,6,100.0,-0.00011650334247417793,False
final_input_token_layerwise,disclosed,k3,response_residual,7,100.0,-0.0005680147063734375,False
final_input_token_layerwise,disclosed,k3,response_residual,8,100.0,-5.82549612505312e-05,False
final_input_token_layerwise,disclosed,k3,response_residual,9,100.0,-0.00014352221492003325,False
final_input_token_layerwise,disclosed,k3,response_residual,10,100.0,6.628453285767444e-05,False
final_input_token_layerwise,disclosed,k3,response_residual,11,100.0,0.00010334542544554459,False
final_input_token_layerwise,disclosed,k3,response_residual,12,3.0,0.0019346080234302898,True
final_input_token_layerwise,disclosed,k3,response_residual,13,100.0,8.780292178273141e-05,False
final_input_token_layerwise,disclosed,k3,response_residual,14,100.0,-0.00036229243755703244,False
final_input_token_layerwise,disclosed,k3,response_residual,15,100.0,0.0008241550804913289,False
final_input_token_layerwise,disclosed,k3,response_residual,16,100.0,0.0007601906874170339,False
final_input_token_layerwise,disclosed,k3,response_residual,17,100.0,0.00041145150756849436,False
final_input_token_layerwise,disclosed,k3,response_residual,18,100.0,-0.0005077602081562382,False
final_input_token_layerwise,disclosed,k3,response_residual,19,100.0,-0.0006993704103827325,False
final_input_token_layerwise,disclosed,k3,response_residual,20,100.0,-0.00019844992797524164,False
final_input_token_layerwise,disclosed,k3,response_residual,21,100.0,0.00055705458686095,False
final_input_token_layerwise,disclosed,k3,response_residual,22,100.0,6.758644766580169e-05,False
final_input_token_layerwise,disclosed,k3,response_residual,23,100.0,-0.0003268475123964776,False
final_input_token_layerwise,disclosed,k3,response_residual,24,100.0,-0.0003010120273267969,False
final_input_token_layerwise,disclosed,k3,response_residual,25,100.0,0.0008605116044238525,False
final_input_token_layerwise,disclosed,k3,response_residual,26,100.0,0.0006398708162907163,False
final_input_token_layerwise,disclosed,k3,response_residual,27,100.0,0.0008159281193728107,False
final_input_token_layerwise,disclosed,k3,response_residual,28,100.0,0.0001281335287045271,False
final_input_token_layerwise,disclosed,k3,response_residual,29,100.0,9.119139640753615e-05,False
final_input_token_layerwise,disclosed,k3,response_residual,30,100.0,0.00016492742891158207,False
final_input_token_layerwise,disclosed,k3,response_residual,31,100.0,-0.00012365686745668958,False
final_input_token_layerwise,disclosed,k3,response_residual,32,100.0,-0.0001164173251337608,False
final_input_token_layerwise,disclosed,k3,response_residual,33,100.0,-0.0006241566715334823,False
final_input_token_layerwise,disclosed,k3,response_residual,34,100.0,0.0008494430003812836,False
final_input_token_layerwise,disclosed,k3,response_residual,35,3.0,0.001032107493733364,False
final_input_token_layerwise,disclosed,k3,response_residual,36,100.0,0.000672018111966044,False
final_input_token_layerwise,disclosed,k3,last_target_observation,0,0.0001,-8.326672684688674e-17,False
final_input_token_layerwise,disclosed,k3,last_target_observation,1,0.1,0.08114400200632294,False
final_input_token_layerwise,disclosed,k3,last_target_observation,2,0.1,0.05239800469739797,False
final_input_token_layerwise,disclosed,k3,last_target_observation,3,0.1,0.02162814676188715,False
final_input_token_layerwise,disclosed,k3,last_target_observation,4,100.0,-0.0015878783375167238,False
final_input_token_layerwise,disclosed,k3,last_target_observation,5,100.0,-0.0013626787212002445,False
final_input_token_layerwise,disclosed,k3,last_target_observation,6,100.0,-0.0014691942161715599,False
final_input_token_layerwise,disclosed,k3,last_target_observation,7,100.0,-0.0007036505786361946,False
final_input_token_layerwise,disclosed,k3,last_target_observation,8,100.0,-0.0014278962585372867,False
final_input_token_layerwise,disclosed,k3,last_target_observation,9,100.0,-0.0011133362296368576,False
final_input_token_layerwise,disclosed,k3,last_target_observation,10,100.0,-0.0008379988208002398,False
final_input_token_layerwise,disclosed,k3,last_target_observation,11,100.0,-0.0008462015095536679,False
final_input_token_layerwise,disclosed,k3,last_target_observation,12,100.0,-0.0014352244027027172,False
final_input_token_layerwise,disclosed,k3,last_target_observation,13,100.0,-0.0017358932277231343,False
final_input_token_layerwise,disclosed,k3,last_target_observation,14,100.0,-0.002212255221039655,False
final_input_token_layerwise,disclosed,k3,last_target_observation,15,100.0,-0.0035034671505835835,False
final_input_token_layerwise,disclosed,k3,last_target_observation,16,100.0,-0.002124418005180151,False
final_input_token_layerwise,disclosed,k3,last_target_observation,17,100.0,-0.0019133643847210058,False
final_input_token_layerwise,disclosed,k3,last_target_observation,18,100.0,-0.00035077060084939826,False
final_input_token_layerwise,disclosed,k3,last_target_observation,19,3.0,0.03620885580827313,False
final_input_token_layerwise,disclosed,k3,last_target_observation,20,0.1,0.1535565527260356,True
final_input_token_layerwise,disclosed,k3,last_target_observation,21,0.1,0.12665937719302583,False
final_input_token_layerwise,disclosed,k3,last_target_observation,22,3.0,0.12920585608138144,False
final_input_token_layerwise,disclosed,k3,last_target_observation,23,3.0,0.10285573051929889,False
final_input_token_layerwise,disclosed,k3,last_target_observation,24,3.0,0.08392941769678086,False
final_input_token_layerwise,disclosed,k3,last_target_observation,25,3.0,0.05659839692233726,False
final_input_token_layerwise,disclosed,k3,last_target_observation,26,3.0,0.058038183113664515,False
final_input_token_layerwise,disclosed,k3,last_target_observation,27,3.0,0.061421179654790214,False
final_input_token_layerwise,disclosed,k3,last_target_observation,28,3.0,0.07001945610346019,False
final_input_token_layerwise,disclosed,k3,last_target_observation,29,3.0,0.0673088825089532,False
final_input_token_layerwise,disclosed,k3,last_target_observation,30,3.0,0.05626660722231949,False
final_input_token_layerwise,disclosed,k3,last_target_observation,31,3.0,0.05737267128594431,False
final_input_token_layerwise,disclosed,k3,last_target_observation,32,3.0,0.057429675476268094,False
final_input_token_layerwise,disclosed,k3,last_target_observation,33,3.0,0.04526907116438786,False
final_input_token_layerwise,disclosed,k3,last_target_observation,34,3.0,0.039815000659897765,False
final_input_token_layerwise,disclosed,k3,last_target_observation,35,3.0,0.02894995397351466,False
final_input_token_layerwise,disclosed,k3,last_target_observation,36,3.0,0.040069375864583145,False
final_input_token_layerwise,disclosed,k3,target_observation_mean,0,0.0001,5.551115123125783e-17,False
final_input_token_layerwise,disclosed,k3,target_observation_mean,1,3.0,0.01969690439899674,False
final_input_token_layerwise,disclosed,k3,target_observation_mean,2,0.1,0.04414075616027355,False
final_input_token_layerwise,disclosed,k3,target_observation_mean,3,100.0,2.8613309656699837e-05,False
final_input_token_layerwise,disclosed,k3,target_observation_mean,4,100.0,-0.00019973239696383094,False
final_input_token_layerwise,disclosed,k3,target_observation_mean,5,0.1,0.021800058983159537,False
final_input_token_layerwise,disclosed,k3,target_observation_mean,6,100.0,-0.00048080670137717885,False
final_input_token_layerwise,disclosed,k3,target_observation_mean,7,100.0,-0.000104070849278326,False
final_input_token_layerwise,disclosed,k3,target_observation_mean,8,100.0,0.00042131666653075217,False
final_input_token_layerwise,disclosed,k3,target_observation_mean,9,100.0,4.248258044936559e-05,False
final_input_token_layerwise,disclosed,k3,target_observation_mean,10,100.0,-0.0009767662413048273,False
final_input_token_layerwise,disclosed,k3,target_observation_mean,11,100.0,-0.0022140278758153165,False
final_input_token_layerwise,disclosed,k3,target_observation_mean,12,100.0,-0.0021717309727611323,False
final_input_token_layerwise,disclosed,k3,target_observation_mean,13,100.0,-0.0016178612812808857,False
final_input_token_layerwise,disclosed,k3,target_observation_mean,14,100.0,-0.0017545837485188898,False
final_input_token_layerwise,disclosed,k3,target_observation_mean,15,100.0,-0.0040775028654023715,False
final_input_token_layerwise,disclosed,k3,target_observation_mean,16,100.0,-0.002016685492695458,False
final_input_token_layerwise,disclosed,k3,target_observation_mean,17,100.0,-0.0015665933159146328,False
final_input_token_layerwise,disclosed,k3,target_observation_mean,18,3.0,0.030052078505625274,False
final_input_token_layerwise,disclosed,k3,target_observation_mean,19,3.0,0.08115169234686426,False
final_input_token_layerwise,disclosed,k3,target_observation_mean,20,3.0,0.13665106798351442,False
final_input_token_layerwise,disclosed,k3,target_observation_mean,21,3.0,0.1603459411331013,False
final_input_token_layerwise,disclosed,k3,target_observation_mean,22,3.0,0.2003855144807993,False
final_input_token_layerwise,disclosed,k3,target_observation_mean,23,3.0,0.1719125986988294,False
final_input_token_layerwise,disclosed,k3,target_observation_mean,24,3.0,0.1481815290522447,False
final_input_token_layerwise,disclosed,k3,target_observation_mean,25,3.0,0.11701416170924012,False
final_input_token_layerwise,disclosed,k3,target_observation_mean,26,3.0,0.11659440751024322,False
final_input_token_layerwise,disclosed,k3,target_observation_mean,27,3.0,0.13415775770243488,False
final_input_token_layerwise,disclosed,k3,target_observation_mean,28,3.0,0.15253137099509043,False
final_input_token_layerwise,disclosed,k3,target_observation_mean,29,3.0,0.13407131777401196,False
final_input_token_layerwise,disclosed,k3,target_observation_mean,30,3.0,0.1118388539614511,False
final_input_token_layerwise,disclosed,k3,target_observation_mean,31,3.0,0.09872594992543948,False
final_input_token_layerwise,disclosed,k3,target_observation_mean,32,3.0,0.09307665683384378,False
final_input_token_layerwise,disclosed,k3,target_observation_mean,33,3.0,0.1030923268112533,False
final_input_token_layerwise,disclosed,k3,target_observation_mean,34,0.1,0.1241839892863465,False
final_input_token_layerwise,disclosed,k3,target_observation_mean,35,0.1,0.19373968448025009,False
final_input_token_layerwise,disclosed,k3,target_observation_mean,36,0.1,0.20476300113083695,True
final_input_token_layerwise,disclosed,k3,target_time_slope,0,0.0001,0.0,False
final_input_token_layerwise,disclosed,k3,target_time_slope,1,100.0,-0.0041200305332254605,False
final_input_token_layerwise,disclosed,k3,target_time_slope,2,100.0,-0.0032048963275127518,False
final_input_token_layerwise,disclosed,k3,target_time_slope,3,100.0,-0.00308192605558566,False
final_input_token_layerwise,disclosed,k3,target_time_slope,4,100.0,-0.0012548812602599657,False
final_input_token_layerwise,disclosed,k3,target_time_slope,5,100.0,-0.0011423850524838464,False
final_input_token_layerwise,disclosed,k3,target_time_slope,6,100.0,-0.0009390447444137529,False
final_input_token_layerwise,disclosed,k3,target_time_slope,7,100.0,-0.0006830995379449034,False
final_input_token_layerwise,disclosed,k3,target_time_slope,8,100.0,-0.002305252601802449,False
final_input_token_layerwise,disclosed,k3,target_time_slope,9,100.0,-0.0013098754315800654,False
final_input_token_layerwise,disclosed,k3,target_time_slope,10,100.0,-0.000912714930678904,False
final_input_token_layerwise,disclosed,k3,target_time_slope,11,100.0,-0.0011087049792390669,False
final_input_token_layerwise,disclosed,k3,target_time_slope,12,100.0,-0.001395548173621891,False
final_input_token_layerwise,disclosed,k3,target_time_slope,13,100.0,-0.001242798388584876,False
final_input_token_layerwise,disclosed,k3,target_time_slope,14,100.0,-0.0020225690342746128,False
final_input_token_layerwise,disclosed,k3,target_time_slope,15,100.0,-0.0021151567043823927,False
final_input_token_layerwise,disclosed,k3,target_time_slope,16,100.0,-0.001635085342821363,False
final_input_token_layerwise,disclosed,k3,target_time_slope,17,100.0,-0.0011147206393925524,False
final_input_token_layerwise,disclosed,k3,target_time_slope,18,100.0,-0.0005888478793335539,False
final_input_token_layerwise,disclosed,k3,target_time_slope,19,3.0,0.0165305312609898,False
final_input_token_layerwise,disclosed,k3,target_time_slope,20,0.1,0.0542182152904806,True
final_input_token_layerwise,disclosed,k3,target_time_slope,21,3.0,0.04520962914728249,False
final_input_token_layerwise,disclosed,k3,target_time_slope,22,3.0,0.052380481587461364,False
final_input_token_layerwise,disclosed,k3,target_time_slope,23,3.0,0.04657296357169491,False
final_input_token_layerwise,disclosed,k3,target_time_slope,24,3.0,0.028819879965269135,False
final_input_token_layerwise,disclosed,k3,target_time_slope,25,3.0,0.034766699781576954,False
final_input_token_layerwise,disclosed,k3,target_time_slope,26,3.0,0.04115562530526609,False
final_input_token_layerwise,disclosed,k3,target_time_slope,27,3.0,0.033228075247127675,False
final_input_token_layerwise,disclosed,k3,target_time_slope,28,3.0,0.036382318673328445,False
final_input_token_layerwise,disclosed,k3,target_time_slope,29,3.0,0.04348043047412667,False
final_input_token_layerwise,disclosed,k3,target_time_slope,30,3.0,0.032383482787515405,False
final_input_token_layerwise,disclosed,k3,target_time_slope,31,3.0,0.0404764059020348,False
final_input_token_layerwise,disclosed,k3,target_time_slope,32,3.0,0.05227373364479354,False
final_input_token_layerwise,disclosed,k3,target_time_slope,33,3.0,0.04992347343261924,False
final_input_token_layerwise,disclosed,k3,target_time_slope,34,3.0,0.04919373810457914,False
final_input_token_layerwise,disclosed,k3,target_time_slope,35,3.0,0.036177571242302003,False
final_input_token_layerwise,disclosed,k3,target_time_slope,36,3.0,0.046158361889936966,False
final_input_token_layerwise,disclosed,k3,displayed_driver_outcome_slope,0,0.0001,5.551115123125783e-17,False
final_input_token_layerwise,disclosed,k3,displayed_driver_outcome_slope,1,3.0,0.01073491983550412,False
final_input_token_layerwise,disclosed,k3,displayed_driver_outcome_slope,2,3.0,0.006161575333393454,False
final_input_token_layerwise,disclosed,k3,displayed_driver_outcome_slope,3,3.0,0.006297185011700263,False
final_input_token_layerwise,disclosed,k3,displayed_driver_outcome_slope,4,3.0,0.0053256623315521,False
final_input_token_layerwise,disclosed,k3,displayed_driver_outcome_slope,5,100.0,0.0003336076724170245,False
final_input_token_layerwise,disclosed,k3,displayed_driver_outcome_slope,6,3.0,0.006015677755673993,False
final_input_token_layerwise,disclosed,k3,displayed_driver_outcome_slope,7,3.0,0.004450511701051291,False
final_input_token_layerwise,disclosed,k3,displayed_driver_outcome_slope,8,100.0,-5.444719307937107e-05,False
final_input_token_layerwise,disclosed,k3,displayed_driver_outcome_slope,9,100.0,0.0005581914455070336,False
final_input_token_layerwise,disclosed,k3,displayed_driver_outcome_slope,10,3.0,0.0011472489385123408,False
final_input_token_layerwise,disclosed,k3,displayed_driver_outcome_slope,11,100.0,0.0001074598567327445,False
final_input_token_layerwise,disclosed,k3,displayed_driver_outcome_slope,12,100.0,-0.00016697263290782471,False
final_input_token_layerwise,disclosed,k3,displayed_driver_outcome_slope,13,100.0,0.0001642569604946853,False
final_input_token_layerwise,disclosed,k3,displayed_driver_outcome_slope,14,100.0,-0.0005352107067577161,False
final_input_token_layerwise,disclosed,k3,displayed_driver_outcome_slope,15,100.0,-0.0008575374069478559,False
final_input_token_layerwise,disclosed,k3,displayed_driver_outcome_slope,16,100.0,0.0004823245896264927,False
final_input_token_layerwise,disclosed,k3,displayed_driver_outcome_slope,17,100.0,0.00040739891882776713,False
final_input_token_layerwise,disclosed,k3,displayed_driver_outcome_slope,18,100.0,-7.686954076208119e-05,False
final_input_token_layerwise,disclosed,k3,displayed_driver_outcome_slope,19,100.0,-0.00018831937319604974,False
final_input_token_layerwise,disclosed,k3,displayed_driver_outcome_slope,20,100.0,0.0008156043356904452,False
final_input_token_layerwise,disclosed,k3,displayed_driver_outcome_slope,21,3.0,0.002805261966051298,False
final_input_token_layerwise,disclosed,k3,displayed_driver_outcome_slope,22,3.0,0.003586675752316165,False
final_input_token_layerwise,disclosed,k3,displayed_driver_outcome_slope,23,3.0,0.022035028382198035,True
final_input_token_layerwise,disclosed,k3,displayed_driver_outcome_slope,24,3.0,0.01801305898167113,False
final_input_token_layerwise,disclosed,k3,displayed_driver_outcome_slope,25,3.0,0.009123805507874089,False
final_input_token_layerwise,disclosed,k3,displayed_driver_outcome_slope,26,3.0,0.014362402058640922,False
final_input_token_layerwise,disclosed,k3,displayed_driver_outcome_slope,27,3.0,0.009750210956271932,False
final_input_token_layerwise,disclosed,k3,displayed_driver_outcome_slope,28,3.0,0.008356822365874539,False
final_input_token_layerwise,disclosed,k3,displayed_driver_outcome_slope,29,3.0,0.007314460364137909,False
final_input_token_layerwise,disclosed,k3,displayed_driver_outcome_slope,30,100.0,0.000267217433615935,False
final_input_token_layerwise,disclosed,k3,displayed_driver_outcome_slope,31,100.0,-6.088943144338943e-05,False
final_input_token_layerwise,disclosed,k3,displayed_driver_outcome_slope,32,100.0,-0.0001980443602894455,False
final_input_token_layerwise,disclosed,k3,displayed_driver_outcome_slope,33,100.0,-0.00038479600062518715,False
final_input_token_layerwise,disclosed,k3,displayed_driver_outcome_slope,34,100.0,-0.00037070617528395244,False
final_input_token_layerwise,disclosed,k3,displayed_driver_outcome_slope,35,100.0,-0.0004774141914794805,False
final_input_token_layerwise,disclosed,k3,displayed_driver_outcome_slope,36,100.0,-0.00025620557298097757,False
final_input_token_layerwise,disclosed,k3,oracle_posterior_gain,0,0.0001,0.0,False
final_input_token_layerwise,disclosed,k3,oracle_posterior_gain,1,100.0,-0.00356173435206672,False
final_input_token_layerwise,disclosed,k3,oracle_posterior_gain,2,100.0,-0.0023244505191504783,False
final_input_token_layerwise,disclosed,k3,oracle_posterior_gain,3,100.0,-0.0019312709245105641,False
final_input_token_layerwise,disclosed,k3,oracle_posterior_gain,4,100.0,-0.0008177247822516442,False
final_input_token_layerwise,disclosed,k3,oracle_posterior_gain,5,100.0,-3.62429657627672e-05,False
final_input_token_layerwise,disclosed,k3,oracle_posterior_gain,6,100.0,-0.000500665027829833,False
final_input_token_layerwise,disclosed,k3,oracle_posterior_gain,7,100.0,-0.0013775571609695447,False
final_input_token_layerwise,disclosed,k3,oracle_posterior_gain,8,100.0,-0.0021723586342509427,False
final_input_token_layerwise,disclosed,k3,oracle_posterior_gain,9,100.0,-0.00226966700802797,False
final_input_token_layerwise,disclosed,k3,oracle_posterior_gain,10,100.0,-0.002915159099343312,False
final_input_token_layerwise,disclosed,k3,oracle_posterior_gain,11,100.0,-0.0031097023915655497,False
final_input_token_layerwise,disclosed,k3,oracle_posterior_gain,12,100.0,-0.0022204124646860723,False
final_input_token_layerwise,disclosed,k3,oracle_posterior_gain,13,100.0,-0.0018200928690295104,False
final_input_token_layerwise,disclosed,k3,oracle_posterior_gain,14,100.0,-0.0013708182256637058,False
final_input_token_layerwise,disclosed,k3,oracle_posterior_gain,15,100.0,-0.0005431943188515531,False
final_input_token_layerwise,disclosed,k3,oracle_posterior_gain,16,100.0,0.00026580480453056166,False
final_input_token_layerwise,disclosed,k3,oracle_posterior_gain,17,100.0,-0.0008179492270484756,False
final_input_token_layerwise,disclosed,k3,oracle_posterior_gain,18,100.0,-0.0008707035158206367,False
final_input_token_layerwise,disclosed,k3,oracle_posterior_gain,19,3.0,0.007630942076638669,False
final_input_token_layerwise,disclosed,k3,oracle_posterior_gain,20,3.0,0.03785174506427222,False
final_input_token_layerwise,disclosed,k3,oracle_posterior_gain,21,3.0,0.03965364534352375,False
final_input_token_layerwise,disclosed,k3,oracle_posterior_gain,22,3.0,0.07678468256023929,True
final_input_token_layerwise,disclosed,k3,oracle_posterior_gain,23,3.0,0.0730685291017924,False
final_input_token_layerwise,disclosed,k3,oracle_posterior_gain,24,3.0,0.06735544945138175,False
final_input_token_layerwise,disclosed,k3,oracle_posterior_gain,25,3.0,0.06547119857391692,False
final_input_token_layerwise,disclosed,k3,oracle_posterior_gain,26,3.0,0.06474611455902074,False
final_input_token_layerwise,disclosed,k3,oracle_posterior_gain,27,3.0,0.06655864628406422,False
final_input_token_layerwise,disclosed,k3,oracle_posterior_gain,28,3.0,0.04590001748174183,False
final_input_token_layerwise,disclosed,k3,oracle_posterior_gain,29,3.0,0.04731563477508449,False
final_input_token_layerwise,disclosed,k3,oracle_posterior_gain,30,3.0,0.043428890922164926,False
final_input_token_layerwise,disclosed,k3,oracle_posterior_gain,31,3.0,0.025276193768294652,False
final_input_token_layerwise,disclosed,k3,oracle_posterior_gain,32,3.0,0.031156237397038128,False
final_input_token_layerwise,disclosed,k3,oracle_posterior_gain,33,3.0,0.012556747273008345,False
final_input_token_layerwise,disclosed,k3,oracle_posterior_gain,34,3.0,0.017401698942173444,False
final_input_token_layerwise,disclosed,k3,oracle_posterior_gain,35,3.0,0.018306996825855293,False
final_input_token_layerwise,disclosed,k3,oracle_posterior_gain,36,3.0,0.02122704093547753,False
final_input_token_layerwise,disclosed,k6,gain,0,0.0001,0.0,False
final_input_token_layerwise,disclosed,k6,gain,1,100.0,-0.0003009452382429223,False
final_input_token_layerwise,disclosed,k6,gain,2,100.0,-0.0007859762259674052,False
final_input_token_layerwise,disclosed,k6,gain,3,100.0,-0.0009327899360562497,False
final_input_token_layerwise,disclosed,k6,gain,4,100.0,-0.0004164029934018154,False
final_input_token_layerwise,disclosed,k6,gain,5,100.0,-0.00037629328979835175,False
final_input_token_layerwise,disclosed,k6,gain,6,100.0,0.0001150300703141316,False
final_input_token_layerwise,disclosed,k6,gain,7,100.0,-8.598352846669877e-05,False
final_input_token_layerwise,disclosed,k6,gain,8,100.0,-0.0003386685184965932,False
final_input_token_layerwise,disclosed,k6,gain,9,100.0,0.0011231475996192897,False
final_input_token_layerwise,disclosed,k6,gain,10,100.0,0.0003193547016639986,False
final_input_token_layerwise,disclosed,k6,gain,11,100.0,-8.006367534468817e-05,False
final_input_token_layerwise,disclosed,k6,gain,12,100.0,-0.0004980066914977155,False
final_input_token_layerwise,disclosed,k6,gain,13,100.0,-0.001198803945507504,False
final_input_token_layerwise,disclosed,k6,gain,14,100.0,-0.0024606244003653743,False
final_input_token_layerwise,disclosed,k6,gain,15,100.0,-0.002128352052938709,False
final_input_token_layerwise,disclosed,k6,gain,16,100.0,-0.001896241241114427,False
final_input_token_layerwise,disclosed,k6,gain,17,100.0,-0.0002876274840172832,False
final_input_token_layerwise,disclosed,k6,gain,18,100.0,-0.0010891018249558904,False
final_input_token_layerwise,disclosed,k6,gain,19,100.0,-0.0007884583642613907,False
final_input_token_layerwise,disclosed,k6,gain,20,3.0,0.01124289637220749,False
final_input_token_layerwise,disclosed,k6,gain,21,100.0,-0.0002363404306509609,False
final_input_token_layerwise,disclosed,k6,gain,22,100.0,-0.0002822800775200973,False
final_input_token_layerwise,disclosed,k6,gain,23,3.0,0.0038636337932710096,False
final_input_token_layerwise,disclosed,k6,gain,24,100.0,0.00025086118887676645,False
final_input_token_layerwise,disclosed,k6,gain,25,3.0,0.01108242806612414,False
final_input_token_layerwise,disclosed,k6,gain,26,3.0,0.011353962218127983,False
final_input_token_layerwise,disclosed,k6,gain,27,3.0,0.015754585971127305,False
final_input_token_layerwise,disclosed,k6,gain,28,3.0,0.013025766221715918,False
final_input_token_layerwise,disclosed,k6,gain,29,3.0,0.016010749722673745,False
final_input_token_layerwise,disclosed,k6,gain,30,3.0,0.033755212893816,True
final_input_token_layerwise,disclosed,k6,gain,31,3.0,0.02726739235702766,False
final_input_token_layerwise,disclosed,k6,gain,32,3.0,0.022213180789603854,False
final_input_token_layerwise,disclosed,k6,gain,33,3.0,0.005301889910409724,False
final_input_token_layerwise,disclosed,k6,gain,34,3.0,0.0027722305516084123,False
final_input_token_layerwise,disclosed,k6,gain,35,3.0,0.019953728105838037,False
final_input_token_layerwise,disclosed,k6,gain,36,3.0,0.014940993727512314,False
final_input_token_layerwise,disclosed,k6,response_residual,0,0.0001,-2.7755575615628914e-17,False
final_input_token_layerwise,disclosed,k6,response_residual,1,100.0,-0.0021298327758597357,False
final_input_token_layerwise,disclosed,k6,response_residual,2,100.0,-0.0016189335562620255,False
final_input_token_layerwise,disclosed,k6,response_residual,3,100.0,-0.0013699019606497054,False
final_input_token_layerwise,disclosed,k6,response_residual,4,100.0,-0.00048217861347946145,False
final_input_token_layerwise,disclosed,k6,response_residual,5,100.0,-0.0004179187406281315,False
final_input_token_layerwise,disclosed,k6,response_residual,6,100.0,7.633336250992273e-05,False
final_input_token_layerwise,disclosed,k6,response_residual,7,100.0,-0.00014011599214849846,False
final_input_token_layerwise,disclosed,k6,response_residual,8,100.0,-0.00015256765154725294,False
final_input_token_layerwise,disclosed,k6,response_residual,9,100.0,0.001192566946129625,False
final_input_token_layerwise,disclosed,k6,response_residual,10,100.0,0.0002934686537861275,False
final_input_token_layerwise,disclosed,k6,response_residual,11,100.0,-0.0004087690818035672,False
final_input_token_layerwise,disclosed,k6,response_residual,12,100.0,-0.0005673394361676853,False
final_input_token_layerwise,disclosed,k6,response_residual,13,100.0,-0.0014764548636271857,False
final_input_token_layerwise,disclosed,k6,response_residual,14,100.0,-0.002345803749409847,False
final_input_token_layerwise,disclosed,k6,response_residual,15,100.0,-0.001955174846621277,False
final_input_token_layerwise,disclosed,k6,response_residual,16,100.0,-0.0019746843464364394,False
final_input_token_layerwise,disclosed,k6,response_residual,17,100.0,-0.00010969639611452253,False
final_input_token_layerwise,disclosed,k6,response_residual,18,100.0,-0.0012406232489291513,False
final_input_token_layerwise,disclosed,k6,response_residual,19,100.0,-0.0009152907224251883,False
final_input_token_layerwise,disclosed,k6,response_residual,20,100.0,-0.000636137855513419,False
final_input_token_layerwise,disclosed,k6,response_residual,21,100.0,-0.0006326814420023197,False
final_input_token_layerwise,disclosed,k6,response_residual,22,100.0,-0.0005216511023480863,False
final_input_token_layerwise,disclosed,k6,response_residual,23,100.0,-0.00030444003507465456,False
final_input_token_layerwise,disclosed,k6,response_residual,24,100.0,-0.0006551208897478678,False
final_input_token_layerwise,disclosed,k6,response_residual,25,100.0,0.0004633509538249647,False
final_input_token_layerwise,disclosed,k6,response_residual,26,100.0,0.0007094193340691501,False
final_input_token_layerwise,disclosed,k6,response_residual,27,100.0,0.001257866761640386,False
final_input_token_layerwise,disclosed,k6,response_residual,28,100.0,0.0009659293140589775,False
final_input_token_layerwise,disclosed,k6,response_residual,29,100.0,0.000995181603309775,False
final_input_token_layerwise,disclosed,k6,response_residual,30,3.0,0.0018926343212793406,False
final_input_token_layerwise,disclosed,k6,response_residual,31,100.0,0.0010253131611490385,False
final_input_token_layerwise,disclosed,k6,response_residual,32,100.0,0.0006172297304844754,False
final_input_token_layerwise,disclosed,k6,response_residual,33,100.0,0.00011758297678715612,False
final_input_token_layerwise,disclosed,k6,response_residual,34,100.0,-0.00018210308736313352,False
final_input_token_layerwise,disclosed,k6,response_residual,35,3.0,0.003361178060777459,True
final_input_token_layerwise,disclosed,k6,response_residual,36,100.0,0.0003641182529737219,False
final_input_token_layerwise,disclosed,k6,last_target_observation,0,0.0001,-2.7755575615628914e-17,False
final_input_token_layerwise,disclosed,k6,last_target_observation,1,0.1,0.047735029387248246,True
final_input_token_layerwise,disclosed,k6,last_target_observation,2,3.0,0.014768737301653317,False
final_input_token_layerwise,disclosed,k6,last_target_observation,3,3.0,0.013389052496266207,False
final_input_token_layerwise,disclosed,k6,last_target_observation,4,3.0,0.004646635807924376,False
final_input_token_layerwise,disclosed,k6,last_target_observation,5,3.0,0.003688403612555402,False
final_input_token_layerwise,disclosed,k6,last_target_observation,6,100.0,0.0005184263744839324,False
final_input_token_layerwise,disclosed,k6,last_target_observation,7,100.0,0.0007422509448211934,False
final_input_token_layerwise,disclosed,k6,last_target_observation,8,3.0,0.005390952951371042,False
final_input_token_layerwise,disclosed,k6,last_target_observation,9,100.0,0.0004923842983046989,False
final_input_token_layerwise,disclosed,k6,last_target_observation,10,100.0,-0.00015448225982128694,False
final_input_token_layerwise,disclosed,k6,last_target_observation,11,100.0,-0.00042915105008378696,False
final_input_token_layerwise,disclosed,k6,last_target_observation,12,100.0,-0.000529452744880532,False
final_input_token_layerwise,disclosed,k6,last_target_observation,13,3.0,0.01726228295214008,False
final_input_token_layerwise,disclosed,k6,last_target_observation,14,3.0,0.03412611739442861,False
final_input_token_layerwise,disclosed,k6,last_target_observation,15,3.0,0.029254723004613764,False
final_input_token_layerwise,disclosed,k6,last_target_observation,16,3.0,0.009322517261754676,False
final_input_token_layerwise,disclosed,k6,last_target_observation,17,100.0,-0.0004666416417046515,False
final_input_token_layerwise,disclosed,k6,last_target_observation,18,100.0,0.0005917673667807932,False
final_input_token_layerwise,disclosed,k6,last_target_observation,19,3.0,0.00994196029343189,False
final_input_token_layerwise,disclosed,k6,last_target_observation,20,3.0,0.02084913895856849,False
final_input_token_layerwise,disclosed,k6,last_target_observation,21,3.0,0.04223238911190269,False
final_input_token_layerwise,disclosed,k6,last_target_observation,22,3.0,0.026624416719976535,False
final_input_token_layerwise,disclosed,k6,last_target_observation,23,3.0,0.029175492606856118,False
final_input_token_layerwise,disclosed,k6,last_target_observation,24,3.0,0.015290222524902225,False
final_input_token_layerwise,disclosed,k6,last_target_observation,25,100.0,0.006920610762315316,False
final_input_token_layerwise,disclosed,k6,last_target_observation,26,100.0,0.007260648700451483,False
final_input_token_layerwise,disclosed,k6,last_target_observation,27,3.0,0.013020648640948596,False
final_input_token_layerwise,disclosed,k6,last_target_observation,28,3.0,0.015118225744363667,False
final_input_token_layerwise,disclosed,k6,last_target_observation,29,3.0,0.022556423009253923,False
final_input_token_layerwise,disclosed,k6,last_target_observation,30,3.0,0.010577174698723324,False
final_input_token_layerwise,disclosed,k6,last_target_observation,31,3.0,0.010446830729426954,False
final_input_token_layerwise,disclosed,k6,last_target_observation,32,100.0,0.005890557391689283,False
final_input_token_layerwise,disclosed,k6,last_target_observation,33,3.0,0.007923176706584906,False
final_input_token_layerwise,disclosed,k6,last_target_observation,34,3.0,0.008905723660866949,False
final_input_token_layerwise,disclosed,k6,last_target_observation,35,3.0,0.024682739822936284,False
final_input_token_layerwise,disclosed,k6,last_target_observation,36,3.0,0.025069695100866846,False
final_input_token_layerwise,disclosed,k6,target_observation_mean,0,0.0001,2.7755575615628914e-17,False
final_input_token_layerwise,disclosed,k6,target_observation_mean,1,100.0,-0.012509779812972244,False
final_input_token_layerwise,disclosed,k6,target_observation_mean,2,100.0,-0.004799976678811296,False
final_input_token_layerwise,disclosed,k6,target_observation_mean,3,100.0,-0.004182660492873608,False
final_input_token_layerwise,disclosed,k6,target_observation_mean,4,100.0,-0.003302920904132728,False
final_input_token_layerwise,disclosed,k6,target_observation_mean,5,100.0,-0.00152866705391011,False
final_input_token_layerwise,disclosed,k6,target_observation_mean,6,100.0,-0.0005262873285595826,False
final_input_token_layerwise,disclosed,k6,target_observation_mean,7,100.0,2.627098887020285e-05,False
final_input_token_layerwise,disclosed,k6,target_observation_mean,8,100.0,0.0007152647580233873,False
final_input_token_layerwise,disclosed,k6,target_observation_mean,9,100.0,0.0013294080640538775,False
final_input_token_layerwise,disclosed,k6,target_observation_mean,10,100.0,0.001346437214926055,False
final_input_token_layerwise,disclosed,k6,target_observation_mean,11,100.0,0.0011430291851681762,False
final_input_token_layerwise,disclosed,k6,target_observation_mean,12,100.0,0.0016481783042908704,False
final_input_token_layerwise,disclosed,k6,target_observation_mean,13,3.0,0.010850328542279436,False
final_input_token_layerwise,disclosed,k6,target_observation_mean,14,100.0,0.0011705037294038323,False
final_input_token_layerwise,disclosed,k6,target_observation_mean,15,3.0,0.015000419560651013,False
final_input_token_layerwise,disclosed,k6,target_observation_mean,16,3.0,0.0015088769280137693,False
final_input_token_layerwise,disclosed,k6,target_observation_mean,17,100.0,0.0001879796198848982,False
final_input_token_layerwise,disclosed,k6,target_observation_mean,18,100.0,0.00019725221551716854,False
final_input_token_layerwise,disclosed,k6,target_observation_mean,19,3.0,0.02710130211261183,False
final_input_token_layerwise,disclosed,k6,target_observation_mean,20,3.0,0.06686609935866858,False
final_input_token_layerwise,disclosed,k6,target_observation_mean,21,3.0,0.06058779382844323,False
final_input_token_layerwise,disclosed,k6,target_observation_mean,22,3.0,0.08236142466554189,True
final_input_token_layerwise,disclosed,k6,target_observation_mean,23,3.0,0.07222723044999313,False
final_input_token_layerwise,disclosed,k6,target_observation_mean,24,3.0,0.045490302704970814,False
final_input_token_layerwise,disclosed,k6,target_observation_mean,25,3.0,0.029649083256971742,False
final_input_token_layerwise,disclosed,k6,target_observation_mean,26,3.0,0.03763741048416666,False
final_input_token_layerwise,disclosed,k6,target_observation_mean,27,3.0,0.048855870170449206,False
final_input_token_layerwise,disclosed,k6,target_observation_mean,28,3.0,0.06688443422414284,False
final_input_token_layerwise,disclosed,k6,target_observation_mean,29,3.0,0.06676094257245604,False
final_input_token_layerwise,disclosed,k6,target_observation_mean,30,3.0,0.08039688975887169,False
final_input_token_layerwise,disclosed,k6,target_observation_mean,31,3.0,0.07847106467564197,False
final_input_token_layerwise,disclosed,k6,target_observation_mean,32,3.0,0.06053322322315763,False
final_input_token_layerwise,disclosed,k6,target_observation_mean,33,3.0,0.0558219580436847,False
final_input_token_layerwise,disclosed,k6,target_observation_mean,34,3.0,0.026670579337254335,False
final_input_token_layerwise,disclosed,k6,target_observation_mean,35,3.0,0.052062865242686135,False
final_input_token_layerwise,disclosed,k6,target_observation_mean,36,3.0,0.05037645487323167,False
final_input_token_layerwise,disclosed,k6,target_time_slope,0,0.0001,0.0,False
final_input_token_layerwise,disclosed,k6,target_time_slope,1,3.0,0.004006241484319495,False
final_input_token_layerwise,disclosed,k6,target_time_slope,2,3.0,0.0021651002203112446,False
final_input_token_layerwise,disclosed,k6,target_time_slope,3,100.0,0.000533350258725307,False
final_input_token_layerwise,disclosed,k6,target_time_slope,4,100.0,-0.0004670195139658273,False
final_input_token_layerwise,disclosed,k6,target_time_slope,5,100.0,-0.0004157411170627734,False
final_input_token_layerwise,disclosed,k6,target_time_slope,6,100.0,-0.00038232284280012574,False
final_input_token_layerwise,disclosed,k6,target_time_slope,7,100.0,0.00017507687518211745,False
final_input_token_layerwise,disclosed,k6,target_time_slope,8,3.0,0.00577687739700386,False
final_input_token_layerwise,disclosed,k6,target_time_slope,9,100.0,9.739890622542657e-05,False
final_input_token_layerwise,disclosed,k6,target_time_slope,10,100.0,-0.0005454033710022843,False
final_input_token_layerwise,disclosed,k6,target_time_slope,11,100.0,-0.0003670522255422026,False
final_input_token_layerwise,disclosed,k6,target_time_slope,12,100.0,-0.0009606959444477814,False
final_input_token_layerwise,disclosed,k6,target_time_slope,13,3.0,0.0028881865103467796,False
final_input_token_layerwise,disclosed,k6,target_time_slope,14,3.0,0.0034700050647534786,False
final_input_token_layerwise,disclosed,k6,target_time_slope,15,100.0,-4.743894548994709e-05,False
final_input_token_layerwise,disclosed,k6,target_time_slope,16,100.0,-0.00011108108781054948,False
final_input_token_layerwise,disclosed,k6,target_time_slope,17,100.0,-0.00033644645307878696,False
final_input_token_layerwise,disclosed,k6,target_time_slope,18,3.0,0.0044165497118442976,False
final_input_token_layerwise,disclosed,k6,target_time_slope,19,3.0,0.027992003104798824,False
final_input_token_layerwise,disclosed,k6,target_time_slope,20,3.0,0.038314802872653014,False
final_input_token_layerwise,disclosed,k6,target_time_slope,21,3.0,0.04639737072945532,True
final_input_token_layerwise,disclosed,k6,target_time_slope,22,3.0,0.04573446894800576,False
final_input_token_layerwise,disclosed,k6,target_time_slope,23,3.0,0.02345790420248059,False
final_input_token_layerwise,disclosed,k6,target_time_slope,24,100.0,0.00471444090879497,False
final_input_token_layerwise,disclosed,k6,target_time_slope,25,100.0,0.004421800662741948,False
final_input_token_layerwise,disclosed,k6,target_time_slope,26,100.0,0.003970617990977865,False
final_input_token_layerwise,disclosed,k6,target_time_slope,27,100.0,0.004778735134903067,False
final_input_token_layerwise,disclosed,k6,target_time_slope,28,100.0,0.0049685208076603316,False
final_input_token_layerwise,disclosed,k6,target_time_slope,29,100.0,0.004182328542799346,False
final_input_token_layerwise,disclosed,k6,target_time_slope,30,100.0,0.0038730285948938015,False
final_input_token_layerwise,disclosed,k6,target_time_slope,31,3.0,0.0062416213814676935,False
final_input_token_layerwise,disclosed,k6,target_time_slope,32,100.0,0.0034659774184967462,False
final_input_token_layerwise,disclosed,k6,target_time_slope,33,3.0,0.015451303181549692,False
final_input_token_layerwise,disclosed,k6,target_time_slope,34,3.0,0.016392753778878222,False
final_input_token_layerwise,disclosed,k6,target_time_slope,35,3.0,0.039326439756006804,False
final_input_token_layerwise,disclosed,k6,target_time_slope,36,3.0,0.037304410467722704,False
final_input_token_layerwise,disclosed,k6,displayed_driver_outcome_slope,0,0.0001,-5.551115123125783e-17,False
final_input_token_layerwise,disclosed,k6,displayed_driver_outcome_slope,1,100.0,-0.0022914334057561325,False
final_input_token_layerwise,disclosed,k6,displayed_driver_outcome_slope,2,100.0,-0.0022755565415766565,False
final_input_token_layerwise,disclosed,k6,displayed_driver_outcome_slope,3,100.0,-0.002278357759128824,False
final_input_token_layerwise,disclosed,k6,displayed_driver_outcome_slope,4,100.0,-0.002080392222792493,False
final_input_token_layerwise,disclosed,k6,displayed_driver_outcome_slope,5,100.0,-0.0012874367825371213,False
final_input_token_layerwise,disclosed,k6,displayed_driver_outcome_slope,6,100.0,-0.0017106753438696498,False
final_input_token_layerwise,disclosed,k6,displayed_driver_outcome_slope,7,100.0,-0.0017303355178268087,False
final_input_token_layerwise,disclosed,k6,displayed_driver_outcome_slope,8,100.0,-0.0010943299799805184,False
final_input_token_layerwise,disclosed,k6,displayed_driver_outcome_slope,9,100.0,-0.00018114493882337435,False
final_input_token_layerwise,disclosed,k6,displayed_driver_outcome_slope,10,100.0,-3.756889796679985e-05,False
final_input_token_layerwise,disclosed,k6,displayed_driver_outcome_slope,11,100.0,-0.00032563284154460415,False
final_input_token_layerwise,disclosed,k6,displayed_driver_outcome_slope,12,100.0,-0.00046312187718028364,False
final_input_token_layerwise,disclosed,k6,displayed_driver_outcome_slope,13,100.0,-0.0006860071783464372,False
final_input_token_layerwise,disclosed,k6,displayed_driver_outcome_slope,14,100.0,-0.0003170197665042507,False
final_input_token_layerwise,disclosed,k6,displayed_driver_outcome_slope,15,3.0,0.0018683639594985757,True
final_input_token_layerwise,disclosed,k6,displayed_driver_outcome_slope,16,100.0,-0.0006198323499726766,False
final_input_token_layerwise,disclosed,k6,displayed_driver_outcome_slope,17,100.0,-0.0010127783189369521,False
final_input_token_layerwise,disclosed,k6,displayed_driver_outcome_slope,18,100.0,-0.001089785477849936,False
final_input_token_layerwise,disclosed,k6,displayed_driver_outcome_slope,19,100.0,-0.0009467657765737936,False
final_input_token_layerwise,disclosed,k6,displayed_driver_outcome_slope,20,100.0,-0.0005558517152855491,False
final_input_token_layerwise,disclosed,k6,displayed_driver_outcome_slope,21,100.0,0.0004561473840790087,False
final_input_token_layerwise,disclosed,k6,displayed_driver_outcome_slope,22,100.0,0.00040083496311635325,False
final_input_token_layerwise,disclosed,k6,displayed_driver_outcome_slope,23,100.0,-0.00043605405420232835,False
final_input_token_layerwise,disclosed,k6,displayed_driver_outcome_slope,24,100.0,-0.000894570730877231,False
final_input_token_layerwise,disclosed,k6,displayed_driver_outcome_slope,25,100.0,-0.00020592715478501278,False
final_input_token_layerwise,disclosed,k6,displayed_driver_outcome_slope,26,100.0,-0.00020370491645727018,False
final_input_token_layerwise,disclosed,k6,displayed_driver_outcome_slope,27,100.0,-0.0006074544992846209,False
final_input_token_layerwise,disclosed,k6,displayed_driver_outcome_slope,28,100.0,-0.0006358504089847561,False
final_input_token_layerwise,disclosed,k6,displayed_driver_outcome_slope,29,100.0,-8.300073384234774e-05,False
final_input_token_layerwise,disclosed,k6,displayed_driver_outcome_slope,30,100.0,-0.00041321587791642855,False
final_input_token_layerwise,disclosed,k6,displayed_driver_outcome_slope,31,100.0,-0.0007909608778405297,False
final_input_token_layerwise,disclosed,k6,displayed_driver_outcome_slope,32,100.0,-0.0004442676142165647,False
final_input_token_layerwise,disclosed,k6,displayed_driver_outcome_slope,33,100.0,-0.000208596020994406,False
final_input_token_layerwise,disclosed,k6,displayed_driver_outcome_slope,34,100.0,-0.0005212364760247834,False
final_input_token_layerwise,disclosed,k6,displayed_driver_outcome_slope,35,100.0,-0.000623460907624579,False
final_input_token_layerwise,disclosed,k6,displayed_driver_outcome_slope,36,100.0,-0.0013053442896256984,False
final_input_token_layerwise,disclosed,k6,oracle_posterior_gain,0,0.0001,-5.551115123125783e-17,False
final_input_token_layerwise,disclosed,k6,oracle_posterior_gain,1,100.0,-0.005388874419755579,False
final_input_token_layerwise,disclosed,k6,oracle_posterior_gain,2,100.0,-0.0027595994150159397,False
final_input_token_layerwise,disclosed,k6,oracle_posterior_gain,3,100.0,-0.0017775940826437464,False
final_input_token_layerwise,disclosed,k6,oracle_posterior_gain,4,100.0,-0.001510768699020143,False
final_input_token_layerwise,disclosed,k6,oracle_posterior_gain,5,100.0,-0.0011960046152025006,False
final_input_token_layerwise,disclosed,k6,oracle_posterior_gain,6,100.0,-0.0004908283756045462,False
final_input_token_layerwise,disclosed,k6,oracle_posterior_gain,7,100.0,-0.0009593721344208217,False
final_input_token_layerwise,disclosed,k6,oracle_posterior_gain,8,100.0,0.0016792625919191118,False
final_input_token_layerwise,disclosed,k6,oracle_posterior_gain,9,100.0,0.0014772026475775857,False
final_input_token_layerwise,disclosed,k6,oracle_posterior_gain,10,100.0,0.0009516355129333409,False
final_input_token_layerwise,disclosed,k6,oracle_posterior_gain,11,100.0,0.0003648014436789526,False
final_input_token_layerwise,disclosed,k6,oracle_posterior_gain,12,100.0,0.0001263021633116368,False
final_input_token_layerwise,disclosed,k6,oracle_posterior_gain,13,100.0,-0.0002666291282697464,False
final_input_token_layerwise,disclosed,k6,oracle_posterior_gain,14,100.0,-0.00048797090372618146,False
final_input_token_layerwise,disclosed,k6,oracle_posterior_gain,15,100.0,-0.0008848947318317868,False
final_input_token_layerwise,disclosed,k6,oracle_posterior_gain,16,100.0,-0.000760049590338735,False
final_input_token_layerwise,disclosed,k6,oracle_posterior_gain,17,100.0,0.001207411386588253,False
final_input_token_layerwise,disclosed,k6,oracle_posterior_gain,18,100.0,-0.0001621492623188614,False
final_input_token_layerwise,disclosed,k6,oracle_posterior_gain,19,3.0,0.021845494440536628,False
final_input_token_layerwise,disclosed,k6,oracle_posterior_gain,20,3.0,0.02952931992433655,False
final_input_token_layerwise,disclosed,k6,oracle_posterior_gain,21,3.0,0.013942623213181266,False
final_input_token_layerwise,disclosed,k6,oracle_posterior_gain,22,3.0,0.011442142653587284,False
final_input_token_layerwise,disclosed,k6,oracle_posterior_gain,23,3.0,0.04173530688000676,False
final_input_token_layerwise,disclosed,k6,oracle_posterior_gain,24,3.0,0.01602043727234473,False
final_input_token_layerwise,disclosed,k6,oracle_posterior_gain,25,3.0,0.030174205967630124,False
final_input_token_layerwise,disclosed,k6,oracle_posterior_gain,26,3.0,0.013347565332315514,False
final_input_token_layerwise,disclosed,k6,oracle_posterior_gain,27,3.0,0.02745341898830797,False
final_input_token_layerwise,disclosed,k6,oracle_posterior_gain,28,3.0,0.02162711958282712,False
final_input_token_layerwise,disclosed,k6,oracle_posterior_gain,29,3.0,0.027773401277088883,False
final_input_token_layerwise,disclosed,k6,oracle_posterior_gain,30,3.0,0.0511938344774282,True
final_input_token_layerwise,disclosed,k6,oracle_posterior_gain,31,3.0,0.04623028352406147,False
final_input_token_layerwise,disclosed,k6,oracle_posterior_gain,32,3.0,0.028094311858103405,False
final_input_token_layerwise,disclosed,k6,oracle_posterior_gain,33,3.0,0.01060094791763927,False
final_input_token_layerwise,disclosed,k6,oracle_posterior_gain,34,3.0,0.0068251581430156805,False
final_input_token_layerwise,disclosed,k6,oracle_posterior_gain,35,3.0,0.030144180345063,False
final_input_token_layerwise,disclosed,k6,oracle_posterior_gain,36,3.0,0.022029920990112,False
final_input_token_layerwise,disclosed,k9,gain,0,0.0001,0.0,False
final_input_token_layerwise,disclosed,k9,gain,1,100.0,-0.0029996695717662836,False
final_input_token_layerwise,disclosed,k9,gain,2,100.0,-0.001644445467089084,False
final_input_token_layerwise,disclosed,k9,gain,3,100.0,-0.0012852993902662257,False
final_input_token_layerwise,disclosed,k9,gain,4,100.0,-0.0013504641808135265,False
final_input_token_layerwise,disclosed,k9,gain,5,100.0,-0.0010284721258239649,False
final_input_token_layerwise,disclosed,k9,gain,6,100.0,-0.0010566985205503476,False
final_input_token_layerwise,disclosed,k9,gain,7,100.0,-0.0011998522741903384,False
final_input_token_layerwise,disclosed,k9,gain,8,100.0,-0.0006414619625846607,False
final_input_token_layerwise,disclosed,k9,gain,9,3.0,0.00861577714657455,False
final_input_token_layerwise,disclosed,k9,gain,10,100.0,0.00035451582965626005,False
final_input_token_layerwise,disclosed,k9,gain,11,100.0,-0.00023928574436532513,False
final_input_token_layerwise,disclosed,k9,gain,12,100.0,-0.0004990468529865177,False
final_input_token_layerwise,disclosed,k9,gain,13,100.0,-0.000495437753048944,False
final_input_token_layerwise,disclosed,k9,gain,14,100.0,-0.0016416164264121402,False
final_input_token_layerwise,disclosed,k9,gain,15,100.0,-0.0020017125152866355,False
final_input_token_layerwise,disclosed,k9,gain,16,100.0,-0.002172202439393922,False
final_input_token_layerwise,disclosed,k9,gain,17,100.0,-0.0015747836987502484,False
final_input_token_layerwise,disclosed,k9,gain,18,100.0,-0.001494030605445562,False
final_input_token_layerwise,disclosed,k9,gain,19,100.0,-0.0011928740770521529,False
final_input_token_layerwise,disclosed,k9,gain,20,100.0,-0.0003736751074699396,False
final_input_token_layerwise,disclosed,k9,gain,21,3.0,0.02021751336840724,False
final_input_token_layerwise,disclosed,k9,gain,22,3.0,0.01870767919826863,False
final_input_token_layerwise,disclosed,k9,gain,23,3.0,0.04227339827340354,False
final_input_token_layerwise,disclosed,k9,gain,24,3.0,0.02994362526777189,False
final_input_token_layerwise,disclosed,k9,gain,25,3.0,0.0330029264948255,False
final_input_token_layerwise,disclosed,k9,gain,26,3.0,0.030574211149493685,False
final_input_token_layerwise,disclosed,k9,gain,27,3.0,0.035086242693106506,False
final_input_token_layerwise,disclosed,k9,gain,28,3.0,0.031960276480620414,False
final_input_token_layerwise,disclosed,k9,gain,29,3.0,0.0217321556546973,False
final_input_token_layerwise,disclosed,k9,gain,30,3.0,0.017579677316118147,False
final_input_token_layerwise,disclosed,k9,gain,31,3.0,0.01736875312287045,False
final_input_token_layerwise,disclosed,k9,gain,32,3.0,0.02163917284473099,False
final_input_token_layerwise,disclosed,k9,gain,33,3.0,0.019946804952287123,False
final_input_token_layerwise,disclosed,k9,gain,34,3.0,0.026076234518682018,False
final_input_token_layerwise,disclosed,k9,gain,35,3.0,0.043470462287579476,False
final_input_token_layerwise,disclosed,k9,gain,36,3.0,0.04584510269426273,True
final_input_token_layerwise,disclosed,k9,response_residual,0,0.0001,-2.7755575615628914e-17,False
final_input_token_layerwise,disclosed,k9,response_residual,1,100.0,-0.003459814027046537,False
final_input_token_layerwise,disclosed,k9,response_residual,2,100.0,-0.001766476154740515,False
final_input_token_layerwise,disclosed,k9,response_residual,3,100.0,-0.0013288146380346921,False
final_input_token_layerwise,disclosed,k9,response_residual,4,100.0,-0.0006802575715374182,False
final_input_token_layerwise,disclosed,k9,response_residual,5,100.0,-0.0006614128517147821,False
final_input_token_layerwise,disclosed,k9,response_residual,6,100.0,-0.00057217645482599,False
final_input_token_layerwise,disclosed,k9,response_residual,7,100.0,-0.000469941338141322,False
final_input_token_layerwise,disclosed,k9,response_residual,8,100.0,0.00014346845154189491,False
final_input_token_layerwise,disclosed,k9,response_residual,9,3.0,0.005000591572725921,False
final_input_token_layerwise,disclosed,k9,response_residual,10,100.0,0.0007677391603365946,False
final_input_token_layerwise,disclosed,k9,response_residual,11,100.0,-6.967040924596435e-05,False
final_input_token_layerwise,disclosed,k9,response_residual,12,100.0,-0.0002560132892082956,False
final_input_token_layerwise,disclosed,k9,response_residual,13,100.0,-0.0006492295939604653,False
final_input_token_layerwise,disclosed,k9,response_residual,14,100.0,-0.0019353648180470695,False
final_input_token_layerwise,disclosed,k9,response_residual,15,100.0,-0.0019367547443716604,False
final_input_token_layerwise,disclosed,k9,response_residual,16,100.0,-0.0020086103823773738,False
final_input_token_layerwise,disclosed,k9,response_residual,17,100.0,-0.0015394489931258581,False
final_input_token_layerwise,disclosed,k9,response_residual,18,100.0,-0.0015731301407728715,False
final_input_token_layerwise,disclosed,k9,response_residual,19,100.0,-0.001205018162271032,False
final_input_token_layerwise,disclosed,k9,response_residual,20,100.0,-0.0005334845695648127,False
final_input_token_layerwise,disclosed,k9,response_residual,21,100.0,0.000487392426076233,False
final_input_token_layerwise,disclosed,k9,response_residual,22,100.0,0.0002590138649558593,False
final_input_token_layerwise,disclosed,k9,response_residual,23,3.0,0.006694612105229175,False
final_input_token_layerwise,disclosed,k9,response_residual,24,100.0,0.0014957266963347426,False
final_input_token_layerwise,disclosed,k9,response_residual,25,3.0,0.007090287994148792,False
final_input_token_layerwise,disclosed,k9,response_residual,26,3.0,0.003969473831981318,False
final_input_token_layerwise,disclosed,k9,response_residual,27,3.0,0.0068056486774561165,False
final_input_token_layerwise,disclosed,k9,response_residual,28,3.0,0.0031356710798201015,False
final_input_token_layerwise,disclosed,k9,response_residual,29,100.0,0.0014341382215155574,False
final_input_token_layerwise,disclosed,k9,response_residual,30,100.0,0.001217782095636749,False
final_input_token_layerwise,disclosed,k9,response_residual,31,100.0,0.001030674645338292,False
final_input_token_layerwise,disclosed,k9,response_residual,32,100.0,0.0010041321948047188,False
final_input_token_layerwise,disclosed,k9,response_residual,33,100.0,0.0006253683767326046,False
final_input_token_layerwise,disclosed,k9,response_residual,34,100.0,0.0005533760601473536,False
final_input_token_layerwise,disclosed,k9,response_residual,35,3.0,0.003061240249113667,False
final_input_token_layerwise,disclosed,k9,response_residual,36,3.0,0.009354455064472356,True
final_input_token_layerwise,disclosed,k9,last_target_observation,0,0.0001,1.3877787807814457e-16,False
final_input_token_layerwise,disclosed,k9,last_target_observation,1,100.0,-0.00578177660063206,False
final_input_token_layerwise,disclosed,k9,last_target_observation,2,100.0,-0.004403884329250707,False
final_input_token_layerwise,disclosed,k9,last_target_observation,3,100.0,-0.0031911537300212123,False
final_input_token_layerwise,disclosed,k9,last_target_observation,4,100.0,-0.001126066119252228,False
final_input_token_layerwise,disclosed,k9,last_target_observation,5,100.0,-0.0006223489568329132,False
final_input_token_layerwise,disclosed,k9,last_target_observation,6,100.0,-0.0009740578638896824,False
final_input_token_layerwise,disclosed,k9,last_target_observation,7,100.0,-0.0011651872859477774,False
final_input_token_layerwise,disclosed,k9,last_target_observation,8,100.0,-0.0013320013014756493,False
final_input_token_layerwise,disclosed,k9,last_target_observation,9,100.0,-0.0011827831051595683,False
final_input_token_layerwise,disclosed,k9,last_target_observation,10,100.0,-0.0016038541583047183,False
final_input_token_layerwise,disclosed,k9,last_target_observation,11,100.0,-0.0014020988389102096,False
final_input_token_layerwise,disclosed,k9,last_target_observation,12,100.0,6.968133049584102e-05,False
final_input_token_layerwise,disclosed,k9,last_target_observation,13,100.0,-0.00014710893728253627,False
final_input_token_layerwise,disclosed,k9,last_target_observation,14,100.0,-0.00032053729131362174,False
final_input_token_layerwise,disclosed,k9,last_target_observation,15,100.0,0.00022841398026349213,False
final_input_token_layerwise,disclosed,k9,last_target_observation,16,3.0,0.012996652001003889,False
final_input_token_layerwise,disclosed,k9,last_target_observation,17,3.0,0.016933039745391426,False
final_input_token_layerwise,disclosed,k9,last_target_observation,18,3.0,0.020271107305061348,False
final_input_token_layerwise,disclosed,k9,last_target_observation,19,3.0,0.026649068106242374,False
final_input_token_layerwise,disclosed,k9,last_target_observation,20,3.0,0.039660926186931095,True
final_input_token_layerwise,disclosed,k9,last_target_observation,21,3.0,0.0196857701848967,False
final_input_token_layerwise,disclosed,k9,last_target_observation,22,3.0,0.01850458416139844,False
final_input_token_layerwise,disclosed,k9,last_target_observation,23,3.0,0.01731409221173058,False
final_input_token_layerwise,disclosed,k9,last_target_observation,24,100.0,0.00019527014081396898,False
final_input_token_layerwise,disclosed,k9,last_target_observation,25,100.0,-0.0006207544861062952,False
final_input_token_layerwise,disclosed,k9,last_target_observation,26,100.0,-0.0006679289673940381,False
final_input_token_layerwise,disclosed,k9,last_target_observation,27,100.0,-0.00028293613034502396,False
final_input_token_layerwise,disclosed,k9,last_target_observation,28,100.0,0.0002666698049997862,False
final_input_token_layerwise,disclosed,k9,last_target_observation,29,100.0,0.0002770709174490238,False
final_input_token_layerwise,disclosed,k9,last_target_observation,30,100.0,-0.00014448216605658648,False
final_input_token_layerwise,disclosed,k9,last_target_observation,31,100.0,-0.00010047075929342508,False
final_input_token_layerwise,disclosed,k9,last_target_observation,32,100.0,-0.0007715710075252846,False
final_input_token_layerwise,disclosed,k9,last_target_observation,33,100.0,-0.0006313884084000465,False
final_input_token_layerwise,disclosed,k9,last_target_observation,34,100.0,-0.00017394671682663398,False
final_input_token_layerwise,disclosed,k9,last_target_observation,35,100.0,-0.00035222027572084924,False
final_input_token_layerwise,disclosed,k9,last_target_observation,36,100.0,-0.0009284427617155533,False
final_input_token_layerwise,disclosed,k9,target_observation_mean,0,0.0001,3.885780586188048e-16,False
final_input_token_layerwise,disclosed,k9,target_observation_mean,1,100.0,0.004544651377687281,False
final_input_token_layerwise,disclosed,k9,target_observation_mean,2,100.0,0.001300324288433602,False
final_input_token_layerwise,disclosed,k9,target_observation_mean,3,100.0,0.0015346287326773456,False
final_input_token_layerwise,disclosed,k9,target_observation_mean,4,3.0,0.005483151817149756,False
final_input_token_layerwise,disclosed,k9,target_observation_mean,5,3.0,0.003921792734207924,False
final_input_token_layerwise,disclosed,k9,target_observation_mean,6,3.0,0.011576476814205788,False
final_input_token_layerwise,disclosed,k9,target_observation_mean,7,3.0,0.012235353172534241,False
final_input_token_layerwise,disclosed,k9,target_observation_mean,8,3.0,0.009227858265200645,False
final_input_token_layerwise,disclosed,k9,target_observation_mean,9,3.0,0.016383717675790138,False
final_input_token_layerwise,disclosed,k9,target_observation_mean,10,3.0,0.016485438311843292,False
final_input_token_layerwise,disclosed,k9,target_observation_mean,11,100.0,-0.00028665014815013046,False
final_input_token_layerwise,disclosed,k9,target_observation_mean,12,100.0,-0.00026033064065611455,False
final_input_token_layerwise,disclosed,k9,target_observation_mean,13,100.0,-0.0005787855282497478,False
final_input_token_layerwise,disclosed,k9,target_observation_mean,14,100.0,9.289339973855837e-05,False
final_input_token_layerwise,disclosed,k9,target_observation_mean,15,100.0,0.00023710419093123103,False
final_input_token_layerwise,disclosed,k9,target_observation_mean,16,100.0,0.00026098577466426853,False
final_input_token_layerwise,disclosed,k9,target_observation_mean,17,100.0,-0.0018203594676337587,False
final_input_token_layerwise,disclosed,k9,target_observation_mean,18,100.0,-0.0009483267050856004,False
final_input_token_layerwise,disclosed,k9,target_observation_mean,19,100.0,-0.00030785603626504177,False
final_input_token_layerwise,disclosed,k9,target_observation_mean,20,3.0,0.00420851298428393,False
final_input_token_layerwise,disclosed,k9,target_observation_mean,21,3.0,0.046950837899197795,True
final_input_token_layerwise,disclosed,k9,target_observation_mean,22,3.0,0.022032931037077125,False
final_input_token_layerwise,disclosed,k9,target_observation_mean,23,3.0,0.020940427039207954,False
final_input_token_layerwise,disclosed,k9,target_observation_mean,24,3.0,0.013228376019888882,False
final_input_token_layerwise,disclosed,k9,target_observation_mean,25,3.0,0.0016321336942713427,False
final_input_token_layerwise,disclosed,k9,target_observation_mean,26,3.0,0.0019012290858186065,False
final_input_token_layerwise,disclosed,k9,target_observation_mean,27,3.0,0.011076207336562532,False
final_input_token_layerwise,disclosed,k9,target_observation_mean,28,3.0,0.010770956768856449,False
final_input_token_layerwise,disclosed,k9,target_observation_mean,29,3.0,0.001989019445984813,False
final_input_token_layerwise,disclosed,k9,target_observation_mean,30,100.0,-7.775100359658227e-05,False
final_input_token_layerwise,disclosed,k9,target_observation_mean,31,3.0,0.007093634318419362,False
final_input_token_layerwise,disclosed,k9,target_observation_mean,32,3.0,0.005751731413677769,False
final_input_token_layerwise,disclosed,k9,target_observation_mean,33,100.0,-0.0004251094713846604,False
final_input_token_layerwise,disclosed,k9,target_observation_mean,34,100.0,-0.000492228871507322,False
final_input_token_layerwise,disclosed,k9,target_observation_mean,35,3.0,0.00706255466658498,False
final_input_token_layerwise,disclosed,k9,target_observation_mean,36,3.0,0.0019791424116483436,False
final_input_token_layerwise,disclosed,k9,target_time_slope,0,0.0001,0.0,False
final_input_token_layerwise,disclosed,k9,target_time_slope,1,3.0,0.008865077242191238,False
final_input_token_layerwise,disclosed,k9,target_time_slope,2,100.0,-0.0018608927825341237,False
final_input_token_layerwise,disclosed,k9,target_time_slope,3,100.0,-0.001160766773473293,False
final_input_token_layerwise,disclosed,k9,target_time_slope,4,100.0,-0.0004250839947851637,False
final_input_token_layerwise,disclosed,k9,target_time_slope,5,100.0,-0.00021708890924485025,False
final_input_token_layerwise,disclosed,k9,target_time_slope,6,100.0,-0.00013453090108897503,False
final_input_token_layerwise,disclosed,k9,target_time_slope,7,3.0,0.00595716229963722,False
final_input_token_layerwise,disclosed,k9,target_time_slope,8,3.0,0.01784298780995469,False
final_input_token_layerwise,disclosed,k9,target_time_slope,9,3.0,0.02133540226066033,False
final_input_token_layerwise,disclosed,k9,target_time_slope,10,100.0,-0.0005218792495960134,False
final_input_token_layerwise,disclosed,k9,target_time_slope,11,100.0,-0.0007162684684456355,False
final_input_token_layerwise,disclosed,k9,target_time_slope,12,3.0,0.0026415990935486078,False
final_input_token_layerwise,disclosed,k9,target_time_slope,13,100.0,-0.0003861674346963273,False
final_input_token_layerwise,disclosed,k9,target_time_slope,14,100.0,-0.0021925072499800746,False
final_input_token_layerwise,disclosed,k9,target_time_slope,15,100.0,-0.0021614423729349463,False
final_input_token_layerwise,disclosed,k9,target_time_slope,16,100.0,-0.002107028266449318,False
final_input_token_layerwise,disclosed,k9,target_time_slope,17,100.0,-0.0010633077255453316,False
final_input_token_layerwise,disclosed,k9,target_time_slope,18,3.0,0.027820091689738896,False
final_input_token_layerwise,disclosed,k9,target_time_slope,19,3.0,0.06281353788116406,False
final_input_token_layerwise,disclosed,k9,target_time_slope,20,3.0,0.07535063121801577,False
final_input_token_layerwise,disclosed,k9,target_time_slope,21,3.0,0.06914126049288571,False
final_input_token_layerwise,disclosed,k9,target_time_slope,22,3.0,0.07060687945321562,False
final_input_token_layerwise,disclosed,k9,target_time_slope,23,3.0,0.07696657772199778,True
final_input_token_layerwise,disclosed,k9,target_time_slope,24,3.0,0.0306045224099587,False
final_input_token_layerwise,disclosed,k9,target_time_slope,25,3.0,0.01014889215936396,False
final_input_token_layerwise,disclosed,k9,target_time_slope,26,3.0,0.008284972637115334,False
final_input_token_layerwise,disclosed,k9,target_time_slope,27,3.0,0.02091062486013745,False
final_input_token_layerwise,disclosed,k9,target_time_slope,28,3.0,0.03309021300472825,False
final_input_token_layerwise,disclosed,k9,target_time_slope,29,3.0,0.018737839339275336,False
final_input_token_layerwise,disclosed,k9,target_time_slope,30,3.0,0.009796922055997914,False
final_input_token_layerwise,disclosed,k9,target_time_slope,31,3.0,0.009576876749974733,False
final_input_token_layerwise,disclosed,k9,target_time_slope,32,3.0,0.0053642550202607775,False
final_input_token_layerwise,disclosed,k9,target_time_slope,33,3.0,0.008944476730402495,False
final_input_token_layerwise,disclosed,k9,target_time_slope,34,3.0,0.015327615882649664,False
final_input_token_layerwise,disclosed,k9,target_time_slope,35,3.0,0.004037255392970701,False
final_input_token_layerwise,disclosed,k9,target_time_slope,36,100.0,0.0017072154062706957,False
final_input_token_layerwise,disclosed,k9,displayed_driver_outcome_slope,0,0.0001,-1.1102230246251565e-16,False
final_input_token_layerwise,disclosed,k9,displayed_driver_outcome_slope,1,100.0,0.010181497160654751,False
final_input_token_layerwise,disclosed,k9,displayed_driver_outcome_slope,2,3.0,0.018411991952316714,False
final_input_token_layerwise,disclosed,k9,displayed_driver_outcome_slope,3,3.0,0.02203683815476984,False
final_input_token_layerwise,disclosed,k9,displayed_driver_outcome_slope,4,3.0,0.028938096433716115,False
final_input_token_layerwise,disclosed,k9,displayed_driver_outcome_slope,5,3.0,0.015447468917505841,False
final_input_token_layerwise,disclosed,k9,displayed_driver_outcome_slope,6,3.0,0.013771380598297939,False
final_input_token_layerwise,disclosed,k9,displayed_driver_outcome_slope,7,3.0,0.005199799788304871,False
final_input_token_layerwise,disclosed,k9,displayed_driver_outcome_slope,8,3.0,0.0013240664489673204,False
final_input_token_layerwise,disclosed,k9,displayed_driver_outcome_slope,9,100.0,0.0001943813766841218,False
final_input_token_layerwise,disclosed,k9,displayed_driver_outcome_slope,10,100.0,7.131261647255749e-05,False
final_input_token_layerwise,disclosed,k9,displayed_driver_outcome_slope,11,100.0,-0.00027549362165765756,False
final_input_token_layerwise,disclosed,k9,displayed_driver_outcome_slope,12,100.0,-0.00041412079128952395,False
final_input_token_layerwise,disclosed,k9,displayed_driver_outcome_slope,13,100.0,-0.00020021865106578662,False
final_input_token_layerwise,disclosed,k9,displayed_driver_outcome_slope,14,100.0,0.0007025246724099432,False
final_input_token_layerwise,disclosed,k9,displayed_driver_outcome_slope,15,100.0,0.00023263821510871585,False
final_input_token_layerwise,disclosed,k9,displayed_driver_outcome_slope,16,100.0,-0.000220500724028877,False
final_input_token_layerwise,disclosed,k9,displayed_driver_outcome_slope,17,100.0,-0.0001610390811945528,False
final_input_token_layerwise,disclosed,k9,displayed_driver_outcome_slope,18,100.0,-0.00035571781554055715,False
final_input_token_layerwise,disclosed,k9,displayed_driver_outcome_slope,19,3.0,0.010188402007648062,False
final_input_token_layerwise,disclosed,k9,displayed_driver_outcome_slope,20,3.0,0.020090744099376362,False
final_input_token_layerwise,disclosed,k9,displayed_driver_outcome_slope,21,3.0,0.04982485547566737,False
final_input_token_layerwise,disclosed,k9,displayed_driver_outcome_slope,22,3.0,0.050730497628042354,True
final_input_token_layerwise,disclosed,k9,displayed_driver_outcome_slope,23,3.0,0.04812305033075959,False
final_input_token_layerwise,disclosed,k9,displayed_driver_outcome_slope,24,3.0,0.040248799629819754,False
final_input_token_layerwise,disclosed,k9,displayed_driver_outcome_slope,25,3.0,0.02235482708711009,False
final_input_token_layerwise,disclosed,k9,displayed_driver_outcome_slope,26,3.0,0.026885147608827237,False
final_input_token_layerwise,disclosed,k9,displayed_driver_outcome_slope,27,3.0,0.020937097026912405,False
final_input_token_layerwise,disclosed,k9,displayed_driver_outcome_slope,28,3.0,0.02565821896095838,False
final_input_token_layerwise,disclosed,k9,displayed_driver_outcome_slope,29,3.0,0.029825136928323004,False
final_input_token_layerwise,disclosed,k9,displayed_driver_outcome_slope,30,3.0,0.02901058323092573,False
final_input_token_layerwise,disclosed,k9,displayed_driver_outcome_slope,31,3.0,0.016461196401465428,False
final_input_token_layerwise,disclosed,k9,displayed_driver_outcome_slope,32,3.0,0.01246355632475138,False
final_input_token_layerwise,disclosed,k9,displayed_driver_outcome_slope,33,3.0,0.008386951642102097,False
final_input_token_layerwise,disclosed,k9,displayed_driver_outcome_slope,34,3.0,0.0034978712079185015,False
final_input_token_layerwise,disclosed,k9,displayed_driver_outcome_slope,35,3.0,0.005974734485614669,False
final_input_token_layerwise,disclosed,k9,displayed_driver_outcome_slope,36,100.0,0.0004000565829930802,False
final_input_token_layerwise,disclosed,k9,oracle_posterior_gain,0,0.0001,0.0,False
final_input_token_layerwise,disclosed,k9,oracle_posterior_gain,1,100.0,-0.0013722424977563596,False
final_input_token_layerwise,disclosed,k9,oracle_posterior_gain,2,100.0,-0.0016267053991305125,False
final_input_token_layerwise,disclosed,k9,oracle_posterior_gain,3,100.0,-0.0007839929841517157,False
final_input_token_layerwise,disclosed,k9,oracle_posterior_gain,4,100.0,-0.0009196334764459135,False
final_input_token_layerwise,disclosed,k9,oracle_posterior_gain,5,100.0,-0.00023935349793938188,False
final_input_token_layerwise,disclosed,k9,oracle_posterior_gain,6,100.0,-0.0005882533420978886,False
final_input_token_layerwise,disclosed,k9,oracle_posterior_gain,7,100.0,-0.0005747722893870155,False
final_input_token_layerwise,disclosed,k9,oracle_posterior_gain,8,100.0,0.0003749805275067575,False
final_input_token_layerwise,disclosed,k9,oracle_posterior_gain,9,3.0,0.00951191607125157,False
final_input_token_layerwise,disclosed,k9,oracle_posterior_gain,10,100.0,0.00032284494040182854,False
final_input_token_layerwise,disclosed,k9,oracle_posterior_gain,11,100.0,-0.000271795595427754,False
final_input_token_layerwise,disclosed,k9,oracle_posterior_gain,12,100.0,-0.0002308037508690075,False
final_input_token_layerwise,disclosed,k9,oracle_posterior_gain,13,100.0,0.0002478609155253664,False
final_input_token_layerwise,disclosed,k9,oracle_posterior_gain,14,100.0,0.0008381562152867672,False
final_input_token_layerwise,disclosed,k9,oracle_posterior_gain,15,100.0,6.06224742460415e-05,False
final_input_token_layerwise,disclosed,k9,oracle_posterior_gain,16,100.0,-0.0003407788539525336,False
final_input_token_layerwise,disclosed,k9,oracle_posterior_gain,17,100.0,-0.00014939238427832957,False
final_input_token_layerwise,disclosed,k9,oracle_posterior_gain,18,100.0,-0.0001073942267696415,False
final_input_token_layerwise,disclosed,k9,oracle_posterior_gain,19,3.0,0.011096551495279883,False
final_input_token_layerwise,disclosed,k9,oracle_posterior_gain,20,0.1,0.1310158865467582,True
final_input_token_layerwise,disclosed,k9,oracle_posterior_gain,21,0.1,0.1254422385296815,False
final_input_token_layerwise,disclosed,k9,oracle_posterior_gain,22,3.0,0.03832064349723033,False
final_input_token_layerwise,disclosed,k9,oracle_posterior_gain,23,3.0,0.0455800294798174,False
final_input_token_layerwise,disclosed,k9,oracle_posterior_gain,24,3.0,0.03927634268527369,False
final_input_token_layerwise,disclosed,k9,oracle_posterior_gain,25,3.0,0.03739776839497527,False
final_input_token_layerwise,disclosed,k9,oracle_posterior_gain,26,3.0,0.034534644554357924,False
final_input_token_layerwise,disclosed,k9,oracle_posterior_gain,27,3.0,0.04005170783613782,False
final_input_token_layerwise,disclosed,k9,oracle_posterior_gain,28,3.0,0.04545601308894762,False
final_input_token_layerwise,disclosed,k9,oracle_posterior_gain,29,3.0,0.03918752922387039,False
final_input_token_layerwise,disclosed,k9,oracle_posterior_gain,30,3.0,0.02608209663255362,False
final_input_token_layerwise,disclosed,k9,oracle_posterior_gain,31,3.0,0.02648317194637273,False
final_input_token_layerwise,disclosed,k9,oracle_posterior_gain,32,3.0,0.024275405642171538,False
final_input_token_layerwise,disclosed,k9,oracle_posterior_gain,33,3.0,0.019816575457451385,False
final_input_token_layerwise,disclosed,k9,oracle_posterior_gain,34,3.0,0.02796573514382586,False
final_input_token_layerwise,disclosed,k9,oracle_posterior_gain,35,0.1,0.058517955878958416,False
final_input_token_layerwise,disclosed,k9,oracle_posterior_gain,36,0.1,0.05537158945506751,False
final_input_token_layerwise,disclosed,pooled,gain,0,0.0001,0.0,False
final_input_token_layerwise,disclosed,pooled,gain,1,100.0,0.001985660377998503,False
final_input_token_layerwise,disclosed,pooled,gain,2,100.0,0.0003365868890743788,False
final_input_token_layerwise,disclosed,pooled,gain,3,100.0,-0.00013945443415605552,False
final_input_token_layerwise,disclosed,pooled,gain,4,100.0,-0.0011932923627947234,False
final_input_token_layerwise,disclosed,pooled,gain,5,100.0,-0.0018661092324556705,False
final_input_token_layerwise,disclosed,pooled,gain,6,100.0,-0.0023689023307640056,False
final_input_token_layerwise,disclosed,pooled,gain,7,100.0,-0.0037335407829169887,False
final_input_token_layerwise,disclosed,pooled,gain,8,100.0,-0.005408034810704343,False
final_input_token_layerwise,disclosed,pooled,gain,9,100.0,-0.0021934163801900406,False
final_input_token_layerwise,disclosed,pooled,gain,10,100.0,-0.002755754842318492,False
final_input_token_layerwise,disclosed,pooled,gain,11,100.0,-0.0024844763416239555,False
final_input_token_layerwise,disclosed,pooled,gain,12,100.0,-0.0013153292570448432,False
final_input_token_layerwise,disclosed,pooled,gain,13,100.0,-0.004811972645291697,False
final_input_token_layerwise,disclosed,pooled,gain,14,100.0,-0.010465605116184523,False
final_input_token_layerwise,disclosed,pooled,gain,15,100.0,-0.00564104239744224,False
final_input_token_layerwise,disclosed,pooled,gain,16,100.0,-0.00523223758487736,False
final_input_token_layerwise,disclosed,pooled,gain,17,100.0,-0.0016090128492431872,False
final_input_token_layerwise,disclosed,pooled,gain,18,100.0,-0.003573472816010013,False
final_input_token_layerwise,disclosed,pooled,gain,19,100.0,-0.0034049137492799995,False
final_input_token_layerwise,disclosed,pooled,gain,20,100.0,0.00311479072323718,False
final_input_token_layerwise,disclosed,pooled,gain,21,100.0,0.008467336989836963,False
final_input_token_layerwise,disclosed,pooled,gain,22,3.0,0.017193407079423535,False
final_input_token_layerwise,disclosed,pooled,gain,23,3.0,0.025572980721862898,False
final_input_token_layerwise,disclosed,pooled,gain,24,100.0,0.008948922698702455,False
final_input_token_layerwise,disclosed,pooled,gain,25,3.0,0.04804004397105665,False
final_input_token_layerwise,disclosed,pooled,gain,26,3.0,0.05290691621991497,False
final_input_token_layerwise,disclosed,pooled,gain,27,3.0,0.056699520159331725,False
final_input_token_layerwise,disclosed,pooled,gain,28,3.0,0.03924060055317588,False
final_input_token_layerwise,disclosed,pooled,gain,29,3.0,0.03258077496777598,False
final_input_token_layerwise,disclosed,pooled,gain,30,3.0,0.03665446067108772,False
final_input_token_layerwise,disclosed,pooled,gain,31,3.0,0.05100422267635932,False
final_input_token_layerwise,disclosed,pooled,gain,32,3.0,0.051987894296640774,False
final_input_token_layerwise,disclosed,pooled,gain,33,3.0,0.012744172648259064,False
final_input_token_layerwise,disclosed,pooled,gain,34,3.0,0.02914873100975317,False
final_input_token_layerwise,disclosed,pooled,gain,35,3.0,0.057748459509197624,False
final_input_token_layerwise,disclosed,pooled,gain,36,3.0,0.058706287891814285,True
final_input_token_layerwise,disclosed,pooled,response_residual,0,0.0001,-2.7755575615628914e-17,False
final_input_token_layerwise,disclosed,pooled,response_residual,1,100.0,-0.0006175247194747565,False
final_input_token_layerwise,disclosed,pooled,response_residual,2,100.0,-0.001557163285727553,False
final_input_token_layerwise,disclosed,pooled,response_residual,3,100.0,-0.002414636622194081,False
final_input_token_layerwise,disclosed,pooled,response_residual,4,100.0,-0.0013830582932178037,False
final_input_token_layerwise,disclosed,pooled,response_residual,5,100.0,-0.002470436141639452,False
final_input_token_layerwise,disclosed,pooled,response_residual,6,100.0,-0.0030314074197872742,False
final_input_token_layerwise,disclosed,pooled,response_residual,7,100.0,-0.003350972509331668,False
final_input_token_layerwise,disclosed,pooled,response_residual,8,100.0,-0.004811291229419645,False
final_input_token_layerwise,disclosed,pooled,response_residual,9,100.0,-0.0012291725671410199,False
final_input_token_layerwise,disclosed,pooled,response_residual,10,100.0,-0.0020968051618815986,False
final_input_token_layerwise,disclosed,pooled,response_residual,11,100.0,-0.003071436910305666,False
final_input_token_layerwise,disclosed,pooled,response_residual,12,100.0,-0.002573117329949711,False
final_input_token_layerwise,disclosed,pooled,response_residual,13,100.0,-0.006619548901176294,False
final_input_token_layerwise,disclosed,pooled,response_residual,14,100.0,-0.011710232499796006,False
final_input_token_layerwise,disclosed,pooled,response_residual,15,100.0,-0.006969145580799983,False
final_input_token_layerwise,disclosed,pooled,response_residual,16,100.0,-0.006341840272621376,False
final_input_token_layerwise,disclosed,pooled,response_residual,17,100.0,-0.0035958938144828776,False
final_input_token_layerwise,disclosed,pooled,response_residual,18,100.0,-0.004811014138078967,False
final_input_token_layerwise,disclosed,pooled,response_residual,19,100.0,-0.005136767846140737,False
final_input_token_layerwise,disclosed,pooled,response_residual,20,100.0,-0.0005553867795553095,False
final_input_token_layerwise,disclosed,pooled,response_residual,21,100.0,0.0025000741139119542,False
final_input_token_layerwise,disclosed,pooled,response_residual,22,100.0,0.0040704274985181865,False
final_input_token_layerwise,disclosed,pooled,response_residual,23,100.0,0.003622702757767613,False
final_input_token_layerwise,disclosed,pooled,response_residual,24,100.0,0.0021716710864737496,False
final_input_token_layerwise,disclosed,pooled,response_residual,25,100.0,0.005602068239360399,False
final_input_token_layerwise,disclosed,pooled,response_residual,26,100.0,0.005847335563050458,False
final_input_token_layerwise,disclosed,pooled,response_residual,27,100.0,0.006371028108169603,False
final_input_token_layerwise,disclosed,pooled,response_residual,28,100.0,0.004551010479715567,False
final_input_token_layerwise,disclosed,pooled,response_residual,29,100.0,0.005503267627642305,False
final_input_token_layerwise,disclosed,pooled,response_residual,30,100.0,0.007421421232885621,False
final_input_token_layerwise,disclosed,pooled,response_residual,31,100.0,0.006797426859147211,False
final_input_token_layerwise,disclosed,pooled,response_residual,32,100.0,0.006354134415786815,False
final_input_token_layerwise,disclosed,pooled,response_residual,33,100.0,0.0042443326665626,False
final_input_token_layerwise,disclosed,pooled,response_residual,34,100.0,0.005907572960652659,False
final_input_token_layerwise,disclosed,pooled,response_residual,35,100.0,0.009195859728635217,True
final_input_token_layerwise,disclosed,pooled,response_residual,36,100.0,0.00819441194178519,False
final_input_token_layerwise,undisclosed,k3,gain,0,0.0001,0.0,False
final_input_token_layerwise,undisclosed,k3,gain,1,100.0,-0.0010286234761428814,False
final_input_token_layerwise,undisclosed,k3,gain,2,100.0,-0.0012025554124309445,False
final_input_token_layerwise,undisclosed,k3,gain,3,100.0,-0.0011079139168276297,False
final_input_token_layerwise,undisclosed,k3,gain,4,100.0,-0.0010517841450241594,False
final_input_token_layerwise,undisclosed,k3,gain,5,100.0,-0.0006968878817772695,False
final_input_token_layerwise,undisclosed,k3,gain,6,100.0,-0.0006756679972922952,False
final_input_token_layerwise,undisclosed,k3,gain,7,100.0,-0.0006617121016706251,False
final_input_token_layerwise,undisclosed,k3,gain,8,100.0,-0.0006769572905117871,False
final_input_token_layerwise,undisclosed,k3,gain,9,100.0,-0.0002743153412820276,False
final_input_token_layerwise,undisclosed,k3,gain,10,100.0,-0.0006825933257027239,False
final_input_token_layerwise,undisclosed,k3,gain,11,100.0,-0.00016027728925888107,False
final_input_token_layerwise,undisclosed,k3,gain,12,100.0,-0.0007626208153573011,False
final_input_token_layerwise,undisclosed,k3,gain,13,100.0,-0.0009502598996617428,False
final_input_token_layerwise,undisclosed,k3,gain,14,100.0,-0.000869935856913473,False
final_input_token_layerwise,undisclosed,k3,gain,15,100.0,0.000364053042773399,False
final_input_token_layerwise,undisclosed,k3,gain,16,100.0,0.0006718516134049113,False
final_input_token_layerwise,undisclosed,k3,gain,17,3.0,0.00690667737753331,False
final_input_token_layerwise,undisclosed,k3,gain,18,3.0,0.02857070851537777,True
final_input_token_layerwise,undisclosed,k3,gain,19,3.0,0.007916028952560633,False
final_input_token_layerwise,undisclosed,k3,gain,20,3.0,0.00710198592367367,False
final_input_token_layerwise,undisclosed,k3,gain,21,3.0,0.0025660341553952193,False
final_input_token_layerwise,undisclosed,k3,gain,22,100.0,-0.000712204673965211,False
final_input_token_layerwise,undisclosed,k3,gain,23,100.0,-0.0011243777635715213,False
final_input_token_layerwise,undisclosed,k3,gain,24,100.0,-0.0016571188861473352,False
final_input_token_layerwise,undisclosed,k3,gain,25,100.0,-0.0016045011446781665,False
final_input_token_layerwise,undisclosed,k3,gain,26,100.0,-0.0014182360026457064,False
final_input_token_layerwise,undisclosed,k3,gain,27,100.0,-0.001547809487910945,False
final_input_token_layerwise,undisclosed,k3,gain,28,100.0,-0.0019320811996975107,False
final_input_token_layerwise,undisclosed,k3,gain,29,100.0,-0.001685646846433242,False
final_input_token_layerwise,undisclosed,k3,gain,30,100.0,-0.0018467399658355643,False
final_input_token_layerwise,undisclosed,k3,gain,31,100.0,-0.0017068705276677698,False
final_input_token_layerwise,undisclosed,k3,gain,32,100.0,-0.00208675022687127,False
final_input_token_layerwise,undisclosed,k3,gain,33,100.0,-0.0024151238390315855,False
final_input_token_layerwise,undisclosed,k3,gain,34,100.0,-0.0020288896470100903,False
final_input_token_layerwise,undisclosed,k3,gain,35,100.0,-0.0016262108295528876,False
final_input_token_layerwise,undisclosed,k3,gain,36,100.0,-0.001523321566868241,False
final_input_token_layerwise,undisclosed,k3,response_residual,0,0.0001,-2.7755575615628914e-17,False
final_input_token_layerwise,undisclosed,k3,response_residual,1,100.0,-0.0008892810387687855,False
final_input_token_layerwise,undisclosed,k3,response_residual,2,100.0,-0.0012751203651730214,False
final_input_token_layerwise,undisclosed,k3,response_residual,3,100.0,-0.0007614705998929272,False
final_input_token_layerwise,undisclosed,k3,response_residual,4,100.0,-0.00012195294877537233,False
final_input_token_layerwise,undisclosed,k3,response_residual,5,100.0,-4.427291366598807e-06,False
final_input_token_layerwise,undisclosed,k3,response_residual,6,100.0,-2.9966494274891176e-06,False
final_input_token_layerwise,undisclosed,k3,response_residual,7,100.0,-0.0001232526046781035,False
final_input_token_layerwise,undisclosed,k3,response_residual,8,100.0,0.00011766236091914628,False
final_input_token_layerwise,undisclosed,k3,response_residual,9,100.0,0.0003788543854872928,False
final_input_token_layerwise,undisclosed,k3,response_residual,10,100.0,-0.0002299120678971589,False
final_input_token_layerwise,undisclosed,k3,response_residual,11,100.0,4.947229428142741e-05,False
final_input_token_layerwise,undisclosed,k3,response_residual,12,100.0,-0.0006675107131155211,False
final_input_token_layerwise,undisclosed,k3,response_residual,13,100.0,-0.0011360601945460125,False
final_input_token_layerwise,undisclosed,k3,response_residual,14,100.0,-0.0011848480101818992,False
final_input_token_layerwise,undisclosed,k3,response_residual,15,100.0,0.0002805777481064975,False
final_input_token_layerwise,undisclosed,k3,response_residual,16,100.0,0.0005298390291260113,False
final_input_token_layerwise,undisclosed,k3,response_residual,17,3.0,0.00722873327880702,False
final_input_token_layerwise,undisclosed,k3,response_residual,18,3.0,0.01903866951144431,True
final_input_token_layerwise,undisclosed,k3,response_residual,19,100.0,0.0007653901252593909,False
final_input_token_layerwise,undisclosed,k3,response_residual,20,100.0,0.0006871650390651574,False
final_input_token_layerwise,undisclosed,k3,response_residual,21,100.0,-0.00011300177489378949,False
final_input_token_layerwise,undisclosed,k3,response_residual,22,100.0,-0.0006664894252054188,False
final_input_token_layerwise,undisclosed,k3,response_residual,23,100.0,-0.0008317385075889139,False
final_input_token_layerwise,undisclosed,k3,response_residual,24,100.0,-0.0016334551927457697,False
final_input_token_layerwise,undisclosed,k3,response_residual,25,100.0,-0.001535232821925081,False
final_input_token_layerwise,undisclosed,k3,response_residual,26,100.0,-0.0012891625906807924,False
final_input_token_layerwise,undisclosed,k3,response_residual,27,100.0,-0.0011399614017622572,False
final_input_token_layerwise,undisclosed,k3,response_residual,28,100.0,-0.001437687773305274,False
final_input_token_layerwise,undisclosed,k3,response_residual,29,100.0,-0.001452578292189588,False
final_input_token_layerwise,undisclosed,k3,response_residual,30,100.0,-0.0018415691079088914,False
final_input_token_layerwise,undisclosed,k3,response_residual,31,100.0,-0.0017564739615943403,False
final_input_token_layerwise,undisclosed,k3,response_residual,32,100.0,-0.002120695105697068,False
final_input_token_layerwise,undisclosed,k3,response_residual,33,100.0,-0.002524295193247761,False
final_input_token_layerwise,undisclosed,k3,response_residual,34,100.0,-0.002336360769896295,False
final_input_token_layerwise,undisclosed,k3,response_residual,35,100.0,-0.001989081656071423,False
final_input_token_layerwise,undisclosed,k3,response_residual,36,100.0,-0.0018407819513048818,False
final_input_token_layerwise,undisclosed,k3,last_target_observation,0,0.0001,-8.326672684688674e-17,False
final_input_token_layerwise,undisclosed,k3,last_target_observation,1,0.1,0.13131917223860923,False
final_input_token_layerwise,undisclosed,k3,last_target_observation,2,0.1,0.0549524426015206,False
final_input_token_layerwise,undisclosed,k3,last_target_observation,3,0.1,0.16301901787173523,True
final_input_token_layerwise,undisclosed,k3,last_target_observation,4,100.0,-5.967879234750062e-05,False
final_input_token_layerwise,undisclosed,k3,last_target_observation,5,3.0,0.0035550200906353524,False
final_input_token_layerwise,undisclosed,k3,last_target_observation,6,0.1,0.018095133075765824,False
final_input_token_layerwise,undisclosed,k3,last_target_observation,7,100.0,-0.0005016596612649749,False
final_input_token_layerwise,undisclosed,k3,last_target_observation,8,3.0,0.015821296535903584,False
final_input_token_layerwise,undisclosed,k3,last_target_observation,9,0.1,0.01951531255562236,False
final_input_token_layerwise,undisclosed,k3,last_target_observation,10,100.0,0.0007140426266070976,False
final_input_token_layerwise,undisclosed,k3,last_target_observation,11,100.0,-0.0004954232882851961,False
final_input_token_layerwise,undisclosed,k3,last_target_observation,12,100.0,-0.00022451605006629238,False
final_input_token_layerwise,undisclosed,k3,last_target_observation,13,100.0,1.5002701565403065e-05,False
final_input_token_layerwise,undisclosed,k3,last_target_observation,14,100.0,0.00028723045310127815,False
final_input_token_layerwise,undisclosed,k3,last_target_observation,15,100.0,-0.0005576716633361734,False
final_input_token_layerwise,undisclosed,k3,last_target_observation,16,100.0,-0.00017095122755911296,False
final_input_token_layerwise,undisclosed,k3,last_target_observation,17,100.0,-0.0005694064241481278,False
final_input_token_layerwise,undisclosed,k3,last_target_observation,18,3.0,0.002456104849876739,False
final_input_token_layerwise,undisclosed,k3,last_target_observation,19,3.0,0.03751097784064619,False
final_input_token_layerwise,undisclosed,k3,last_target_observation,20,0.1,0.11728024839010306,False
final_input_token_layerwise,undisclosed,k3,last_target_observation,21,3.0,0.07744731130991506,False
final_input_token_layerwise,undisclosed,k3,last_target_observation,22,3.0,0.06793210310953601,False
final_input_token_layerwise,undisclosed,k3,last_target_observation,23,3.0,0.07458205900880627,False
final_input_token_layerwise,undisclosed,k3,last_target_observation,24,3.0,0.04919648615087718,False
final_input_token_layerwise,undisclosed,k3,last_target_observation,25,3.0,0.014016709710779812,False
final_input_token_layerwise,undisclosed,k3,last_target_observation,26,3.0,0.005513338041451488,False
final_input_token_layerwise,undisclosed,k3,last_target_observation,27,3.0,0.020014745638837483,False
final_input_token_layerwise,undisclosed,k3,last_target_observation,28,3.0,0.022539079954894764,False
final_input_token_layerwise,undisclosed,k3,last_target_observation,29,3.0,0.017923746748176483,False
final_input_token_layerwise,undisclosed,k3,last_target_observation,30,3.0,0.019951030301138567,False
final_input_token_layerwise,undisclosed,k3,last_target_observation,31,3.0,0.01431832775892039,False
final_input_token_layerwise,undisclosed,k3,last_target_observation,32,3.0,0.01877557239295624,False
final_input_token_layerwise,undisclosed,k3,last_target_observation,33,3.0,0.012998131641855426,False
final_input_token_layerwise,undisclosed,k3,last_target_observation,34,100.0,-0.0012204479386114242,False
final_input_token_layerwise,undisclosed,k3,last_target_observation,35,100.0,-0.0006866085550329415,False
final_input_token_layerwise,undisclosed,k3,last_target_observation,36,100.0,-0.0004126185247393943,False
final_input_token_layerwise,undisclosed,k3,target_observation_mean,0,0.0001,5.551115123125783e-17,False
final_input_token_layerwise,undisclosed,k3,target_observation_mean,1,3.0,0.016644373651353322,False
final_input_token_layerwise,undisclosed,k3,target_observation_mean,2,0.1,0.06091261434791728,False
final_input_token_layerwise,undisclosed,k3,target_observation_mean,3,3.0,0.024078936603358386,False
final_input_token_layerwise,undisclosed,k3,target_observation_mean,4,3.0,0.005274427070319998,False
final_input_token_layerwise,undisclosed,k3,target_observation_mean,5,3.0,0.017624859909341956,False
final_input_token_layerwise,undisclosed,k3,target_observation_mean,6,3.0,0.025257147914104577,False
final_input_token_layerwise,undisclosed,k3,target_observation_mean,7,3.0,0.003048134368061395,False
final_input_token_layerwise,undisclosed,k3,target_observation_mean,8,3.0,0.013632405802029679,False
final_input_token_layerwise,undisclosed,k3,target_observation_mean,9,3.0,0.00817133961019284,False
final_input_token_layerwise,undisclosed,k3,target_observation_mean,10,100.0,0.00030125274440254146,False
final_input_token_layerwise,undisclosed,k3,target_observation_mean,11,100.0,-0.0015738404211167456,False
final_input_token_layerwise,undisclosed,k3,target_observation_mean,12,100.0,-0.0008726973965319795,False
final_input_token_layerwise,undisclosed,k3,target_observation_mean,13,100.0,0.0004989687328143533,False
final_input_token_layerwise,undisclosed,k3,target_observation_mean,14,3.0,0.007087399941825057,False
final_input_token_layerwise,undisclosed,k3,target_observation_mean,15,100.0,0.000461345172247718,False
final_input_token_layerwise,undisclosed,k3,target_observation_mean,16,100.0,0.0008434557248473695,False
final_input_token_layerwise,undisclosed,k3,target_observation_mean,17,3.0,0.01697074469831969,False
final_input_token_layerwise,undisclosed,k3,target_observation_mean,18,3.0,0.0785180146266054,False
final_input_token_layerwise,undisclosed,k3,target_observation_mean,19,3.0,0.1267450695312791,False
final_input_token_layerwise,undisclosed,k3,target_observation_mean,20,3.0,0.1959568112551738,True
final_input_token_layerwise,undisclosed,k3,target_observation_mean,21,3.0,0.18557550966286923,False
final_input_token_layerwise,undisclosed,k3,target_observation_mean,22,3.0,0.18586778686213257,False
final_input_token_layerwise,undisclosed,k3,target_observation_mean,23,3.0,0.18283014264693864,False
final_input_token_layerwise,undisclosed,k3,target_observation_mean,24,3.0,0.14365586321001597,False
final_input_token_layerwise,undisclosed,k3,target_observation_mean,25,0.1,0.1941677970062881,False
final_input_token_layerwise,undisclosed,k3,target_observation_mean,26,0.1,0.17465861952491404,False
final_input_token_layerwise,undisclosed,k3,target_observation_mean,27,0.1,0.1349825276585427,False
final_input_token_layerwise,undisclosed,k3,target_observation_mean,28,0.1,0.19177001721982517,False
final_input_token_layerwise,undisclosed,k3,target_observation_mean,29,3.0,0.1166670792733828,False
final_input_token_layerwise,undisclosed,k3,target_observation_mean,30,3.0,0.1191832971981068,False
final_input_token_layerwise,undisclosed,k3,target_observation_mean,31,3.0,0.11057701748376636,False
final_input_token_layerwise,undisclosed,k3,target_observation_mean,32,3.0,0.10673355625119552,False
final_input_token_layerwise,undisclosed,k3,target_observation_mean,33,3.0,0.09236280614888437,False
final_input_token_layerwise,undisclosed,k3,target_observation_mean,34,3.0,0.06261097319297595,False
final_input_token_layerwise,undisclosed,k3,target_observation_mean,35,3.0,0.050997923117226174,False
final_input_token_layerwise,undisclosed,k3,target_observation_mean,36,3.0,0.05224462869788363,False
final_input_token_layerwise,undisclosed,k3,target_time_slope,0,0.0001,0.0,False
final_input_token_layerwise,undisclosed,k3,target_time_slope,1,0.1,0.013823625412985513,False
final_input_token_layerwise,undisclosed,k3,target_time_slope,2,100.0,-0.002770783010400013,False
final_input_token_layerwise,undisclosed,k3,target_time_slope,3,0.1,0.048539934227674775,False
final_input_token_layerwise,undisclosed,k3,target_time_slope,4,0.1,0.011574650852522211,False
final_input_token_layerwise,undisclosed,k3,target_time_slope,5,100.0,-0.00039041730330030555,False
final_input_token_layerwise,undisclosed,k3,target_time_slope,6,100.0,-0.00034216315141338827,False
final_input_token_layerwise,undisclosed,k3,target_time_slope,7,100.0,6.315171435888889e-05,False
final_input_token_layerwise,undisclosed,k3,target_time_slope,8,100.0,0.0001326700238596934,False
final_input_token_layerwise,undisclosed,k3,target_time_slope,9,100.0,-0.00048025620948999315,False
final_input_token_layerwise,undisclosed,k3,target_time_slope,10,100.0,-0.0015144920479388257,False
final_input_token_layerwise,undisclosed,k3,target_time_slope,11,100.0,-0.001703981626001272,False
final_input_token_layerwise,undisclosed,k3,target_time_slope,12,100.0,-0.0016846670243750583,False
final_input_token_layerwise,undisclosed,k3,target_time_slope,13,100.0,-0.0012647869856021177,False
final_input_token_layerwise,undisclosed,k3,target_time_slope,14,100.0,-0.0007860330431568308,False
final_input_token_layerwise,undisclosed,k3,target_time_slope,15,100.0,-0.0004951271631766785,False
final_input_token_layerwise,undisclosed,k3,target_time_slope,16,100.0,-0.00033818145802008703,False
final_input_token_layerwise,undisclosed,k3,target_time_slope,17,100.0,-0.000128704002678115,False
final_input_token_layerwise,undisclosed,k3,target_time_slope,18,100.0,-0.0002450251658907554,False
final_input_token_layerwise,undisclosed,k3,target_time_slope,19,3.0,0.005036301932555026,False
final_input_token_layerwise,undisclosed,k3,target_time_slope,20,0.1,0.05127722859645262,True
final_input_token_layerwise,undisclosed,k3,target_time_slope,21,3.0,0.0026164922886433017,False
final_input_token_layerwise,undisclosed,k3,target_time_slope,22,100.0,0.0004714299257960741,False
final_input_token_layerwise,undisclosed,k3,target_time_slope,23,100.0,5.73666010435514e-05,False
final_input_token_layerwise,undisclosed,k3,target_time_slope,24,100.0,8.868941619000204e-06,False
final_input_token_layerwise,undisclosed,k3,target_time_slope,25,100.0,0.000306811541410712,False
final_input_token_layerwise,undisclosed,k3,target_time_slope,26,100.0,0.00038847144382544996,False
final_input_token_layerwise,undisclosed,k3,target_time_slope,27,100.0,0.000311912583555618,False
final_input_token_layerwise,undisclosed,k3,target_time_slope,28,100.0,-1.3667317781962396e-06,False
final_input_token_layerwise,undisclosed,k3,target_time_slope,29,3.0,0.005770111334032602,False
final_input_token_layerwise,undisclosed,k3,target_time_slope,30,3.0,0.01202723198899247,False
final_input_token_layerwise,undisclosed,k3,target_time_slope,31,3.0,0.002222930572833459,False
final_input_token_layerwise,undisclosed,k3,target_time_slope,32,3.0,0.006795419587306228,False
final_input_token_layerwise,undisclosed,k3,target_time_slope,33,3.0,0.007759939602653365,False
final_input_token_layerwise,undisclosed,k3,target_time_slope,34,3.0,0.0025650695347500807,False
final_input_token_layerwise,undisclosed,k3,target_time_slope,35,3.0,0.00722738669133427,False
final_input_token_layerwise,undisclosed,k3,target_time_slope,36,100.0,3.083591679775566e-06,False
final_input_token_layerwise,undisclosed,k3,displayed_driver_outcome_slope,0,0.0001,5.551115123125783e-17,False
final_input_token_layerwise,undisclosed,k3,displayed_driver_outcome_slope,1,3.0,0.015106232920831852,False
final_input_token_layerwise,undisclosed,k3,displayed_driver_outcome_slope,2,3.0,0.01825222223191858,True
final_input_token_layerwise,undisclosed,k3,displayed_driver_outcome_slope,3,3.0,0.0018694063159388763,False
final_input_token_layerwise,undisclosed,k3,displayed_driver_outcome_slope,4,100.0,-0.0011407412322429478,False
final_input_token_layerwise,undisclosed,k3,displayed_driver_outcome_slope,5,100.0,-0.0009286393116819669,False
final_input_token_layerwise,undisclosed,k3,displayed_driver_outcome_slope,6,100.0,-0.0004162041644179826,False
final_input_token_layerwise,undisclosed,k3,displayed_driver_outcome_slope,7,100.0,-0.0008828612983086681,False
final_input_token_layerwise,undisclosed,k3,displayed_driver_outcome_slope,8,100.0,0.0005177742365712057,False
final_input_token_layerwise,undisclosed,k3,displayed_driver_outcome_slope,9,100.0,2.7504887991691707e-05,False
final_input_token_layerwise,undisclosed,k3,displayed_driver_outcome_slope,10,3.0,0.008195470783389919,False
final_input_token_layerwise,undisclosed,k3,displayed_driver_outcome_slope,11,100.0,0.00028172710366455855,False
final_input_token_layerwise,undisclosed,k3,displayed_driver_outcome_slope,12,100.0,0.0005451304797713941,False
final_input_token_layerwise,undisclosed,k3,displayed_driver_outcome_slope,13,100.0,0.0004631812904052346,False
final_input_token_layerwise,undisclosed,k3,displayed_driver_outcome_slope,14,100.0,0.00011886525467297293,False
final_input_token_layerwise,undisclosed,k3,displayed_driver_outcome_slope,15,100.0,-0.00014783564215328782,False
final_input_token_layerwise,undisclosed,k3,displayed_driver_outcome_slope,16,100.0,0.00036836867406650486,False
final_input_token_layerwise,undisclosed,k3,displayed_driver_outcome_slope,17,100.0,0.0008205253502216736,False
final_input_token_layerwise,undisclosed,k3,displayed_driver_outcome_slope,18,100.0,0.000601474131956381,False
final_input_token_layerwise,undisclosed,k3,displayed_driver_outcome_slope,19,100.0,-1.4791899788840768e-05,False
final_input_token_layerwise,undisclosed,k3,displayed_driver_outcome_slope,20,100.0,-0.00039576196622925774,False
final_input_token_layerwise,undisclosed,k3,displayed_driver_outcome_slope,21,100.0,-0.00035030572965388806,False
final_input_token_layerwise,undisclosed,k3,displayed_driver_outcome_slope,22,100.0,0.0002418149168872119,False
final_input_token_layerwise,undisclosed,k3,displayed_driver_outcome_slope,23,100.0,0.0005549851011164841,False
final_input_token_layerwise,undisclosed,k3,displayed_driver_outcome_slope,24,100.0,0.00016282782633614268,False
final_input_token_layerwise,undisclosed,k3,displayed_driver_outcome_slope,25,100.0,-0.0012903421014175687,False
final_input_token_layerwise,undisclosed,k3,displayed_driver_outcome_slope,26,100.0,-0.0018138619874676631,False
final_input_token_layerwise,undisclosed,k3,displayed_driver_outcome_slope,27,100.0,-0.0011117337787577841,False
final_input_token_layerwise,undisclosed,k3,displayed_driver_outcome_slope,28,100.0,-0.0010915227110011305,False
final_input_token_layerwise,undisclosed,k3,displayed_driver_outcome_slope,29,100.0,-0.0010652828132252656,False
final_input_token_layerwise,undisclosed,k3,displayed_driver_outcome_slope,30,100.0,-0.0011412785557603222,False
final_input_token_layerwise,undisclosed,k3,displayed_driver_outcome_slope,31,100.0,-0.0011582159014291715,False
final_input_token_layerwise,undisclosed,k3,displayed_driver_outcome_slope,32,100.0,-0.0016342373008776667,False
final_input_token_layerwise,undisclosed,k3,displayed_driver_outcome_slope,33,100.0,-0.0020738150040865433,False
final_input_token_layerwise,undisclosed,k3,displayed_driver_outcome_slope,34,100.0,-0.0020581647211799503,False
final_input_token_layerwise,undisclosed,k3,displayed_driver_outcome_slope,35,100.0,-0.0017256663790951032,False
final_input_token_layerwise,undisclosed,k3,displayed_driver_outcome_slope,36,100.0,-0.001594644209653745,False
final_input_token_layerwise,undisclosed,k3,oracle_posterior_gain,0,0.0001,2.7755575615628914e-17,False
final_input_token_layerwise,undisclosed,k3,oracle_posterior_gain,1,100.0,-0.002417579803602188,False
final_input_token_layerwise,undisclosed,k3,oracle_posterior_gain,2,100.0,-0.0015768664349187222,False
final_input_token_layerwise,undisclosed,k3,oracle_posterior_gain,3,100.0,-0.001796153078630236,False
final_input_token_layerwise,undisclosed,k3,oracle_posterior_gain,4,100.0,-0.002019945168009407,False
final_input_token_layerwise,undisclosed,k3,oracle_posterior_gain,5,100.0,-0.0014196107401793778,False
final_input_token_layerwise,undisclosed,k3,oracle_posterior_gain,6,100.0,-0.0008321978226361326,False
final_input_token_layerwise,undisclosed,k3,oracle_posterior_gain,7,100.0,-0.0020519492225422042,False
final_input_token_layerwise,undisclosed,k3,oracle_posterior_gain,8,100.0,-0.003441165348474051,False
final_input_token_layerwise,undisclosed,k3,oracle_posterior_gain,9,100.0,-0.0024866426107020556,False
final_input_token_layerwise,undisclosed,k3,oracle_posterior_gain,10,100.0,-0.0024974110302528885,False
final_input_token_layerwise,undisclosed,k3,oracle_posterior_gain,11,100.0,-0.0012814044184428774,False
final_input_token_layerwise,undisclosed,k3,oracle_posterior_gain,12,100.0,-0.0011934327060730832,False
final_input_token_layerwise,undisclosed,k3,oracle_posterior_gain,13,100.0,-0.0010491169538955347,False
final_input_token_layerwise,undisclosed,k3,oracle_posterior_gain,14,100.0,-0.0008148123481886427,False
final_input_token_layerwise,undisclosed,k3,oracle_posterior_gain,15,100.0,0.0002494308080517038,False
final_input_token_layerwise,undisclosed,k3,oracle_posterior_gain,16,100.0,-2.780502909166538e-06,False
final_input_token_layerwise,undisclosed,k3,oracle_posterior_gain,17,3.0,0.0016702846372114999,False
final_input_token_layerwise,undisclosed,k3,oracle_posterior_gain,18,3.0,0.00018314788541515248,False
final_input_token_layerwise,undisclosed,k3,oracle_posterior_gain,19,3.0,0.011297578612568304,False
final_input_token_layerwise,undisclosed,k3,oracle_posterior_gain,20,3.0,0.031754559189519804,False
final_input_token_layerwise,undisclosed,k3,oracle_posterior_gain,21,3.0,0.023324614469727917,False
final_input_token_layerwise,undisclosed,k3,oracle_posterior_gain,22,3.0,0.02920989448879821,False
final_input_token_layerwise,undisclosed,k3,oracle_posterior_gain,23,3.0,0.0764722317554607,False
final_input_token_layerwise,undisclosed,k3,oracle_posterior_gain,24,3.0,0.09226977853074081,True
final_input_token_layerwise,undisclosed,k3,oracle_posterior_gain,25,3.0,0.07486757276360592,False
final_input_token_layerwise,undisclosed,k3,oracle_posterior_gain,26,3.0,0.07096636729529424,False
final_input_token_layerwise,undisclosed,k3,oracle_posterior_gain,27,3.0,0.0733139760736021,False
final_input_token_layerwise,undisclosed,k3,oracle_posterior_gain,28,3.0,0.07656386732394427,False
final_input_token_layerwise,undisclosed,k3,oracle_posterior_gain,29,3.0,0.08005762806871214,False
final_input_token_layerwise,undisclosed,k3,oracle_posterior_gain,30,3.0,0.06876518861810593,False
final_input_token_layerwise,undisclosed,k3,oracle_posterior_gain,31,3.0,0.06223290620618377,False
final_input_token_layerwise,undisclosed,k3,oracle_posterior_gain,32,3.0,0.06061875372936343,False
final_input_token_layerwise,undisclosed,k3,oracle_posterior_gain,33,3.0,0.05450637318015089,False
final_input_token_layerwise,undisclosed,k3,oracle_posterior_gain,34,3.0,0.045490961622555615,False
final_input_token_layerwise,undisclosed,k3,oracle_posterior_gain,35,3.0,0.04293882943302199,False
final_input_token_layerwise,undisclosed,k3,oracle_posterior_gain,36,3.0,0.04280008221828083,False
final_input_token_layerwise,undisclosed,k6,gain,0,0.0001,0.0,False
final_input_token_layerwise,undisclosed,k6,gain,1,100.0,-0.000525332269626394,False
final_input_token_layerwise,undisclosed,k6,gain,2,100.0,-0.0010187081192296887,False
final_input_token_layerwise,undisclosed,k6,gain,3,100.0,-0.0017512582531458154,False
final_input_token_layerwise,undisclosed,k6,gain,4,100.0,-0.00025044586754927045,False
final_input_token_layerwise,undisclosed,k6,gain,5,100.0,-0.00016806119066067882,False
final_input_token_layerwise,undisclosed,k6,gain,6,100.0,-0.0005949888163285788,False
final_input_token_layerwise,undisclosed,k6,gain,7,100.0,-0.0015441775233766553,False
final_input_token_layerwise,undisclosed,k6,gain,8,100.0,-0.0013042396220522556,False
final_input_token_layerwise,undisclosed,k6,gain,9,100.0,-0.0012236460647597203,False
final_input_token_layerwise,undisclosed,k6,gain,10,100.0,-0.0013132709603588255,False
final_input_token_layerwise,undisclosed,k6,gain,11,100.0,-0.0006341831109087925,False
final_input_token_layerwise,undisclosed,k6,gain,12,100.0,-0.00027090431237530854,False
final_input_token_layerwise,undisclosed,k6,gain,13,100.0,-1.198844554650691e-05,False
final_input_token_layerwise,undisclosed,k6,gain,14,100.0,0.0004965903905412294,False
final_input_token_layerwise,undisclosed,k6,gain,15,100.0,0.00014781365045243855,False
final_input_token_layerwise,undisclosed,k6,gain,16,100.0,0.0002627810291919719,False
final_input_token_layerwise,undisclosed,k6,gain,17,100.0,-0.0006824841255122782,False
final_input_token_layerwise,undisclosed,k6,gain,18,100.0,-0.0006055968954915281,False
final_input_token_layerwise,undisclosed,k6,gain,19,3.0,0.006622389884688523,False
final_input_token_layerwise,undisclosed,k6,gain,20,3.0,0.005694299685785137,False
final_input_token_layerwise,undisclosed,k6,gain,21,3.0,0.006874267303540682,False
final_input_token_layerwise,undisclosed,k6,gain,22,3.0,0.0014968065306349143,False
final_input_token_layerwise,undisclosed,k6,gain,23,3.0,0.03158435937221929,False
final_input_token_layerwise,undisclosed,k6,gain,24,3.0,0.02453666836215851,False
final_input_token_layerwise,undisclosed,k6,gain,25,3.0,0.03154897426415418,False
final_input_token_layerwise,undisclosed,k6,gain,26,3.0,0.041204751333223044,False
final_input_token_layerwise,undisclosed,k6,gain,27,3.0,0.053884352422211707,True
final_input_token_layerwise,undisclosed,k6,gain,28,3.0,0.0471060331073255,False
final_input_token_layerwise,undisclosed,k6,gain,29,3.0,0.04347887918947427,False
final_input_token_layerwise,undisclosed,k6,gain,30,3.0,0.03166609227530029,False
final_input_token_layerwise,undisclosed,k6,gain,31,3.0,0.02415015569404222,False
final_input_token_layerwise,undisclosed,k6,gain,32,3.0,0.019217597510342604,False
final_input_token_layerwise,undisclosed,k6,gain,33,3.0,0.014726213340350874,False
final_input_token_layerwise,undisclosed,k6,gain,34,3.0,0.01691007606711667,False
final_input_token_layerwise,undisclosed,k6,gain,35,3.0,0.019714733054920497,False
final_input_token_layerwise,undisclosed,k6,gain,36,3.0,0.01826354129938551,False
final_input_token_layerwise,undisclosed,k6,response_residual,0,0.0001,-2.7755575615628914e-17,False
final_input_token_layerwise,undisclosed,k6,response_residual,1,100.0,-0.002330032859891945,False
final_input_token_layerwise,undisclosed,k6,response_residual,2,100.0,-0.001443542566442163,False
final_input_token_layerwise,undisclosed,k6,response_residual,3,100.0,-0.0020075020610977323,False
final_input_token_layerwise,undisclosed,k6,response_residual,4,100.0,-0.000222280941441777,False
final_input_token_layerwise,undisclosed,k6,response_residual,5,100.0,-0.00010586610390767026,False
final_input_token_layerwise,undisclosed,k6,response_residual,6,100.0,-0.00019253329841978362,False
final_input_token_layerwise,undisclosed,k6,response_residual,7,100.0,-0.001296043261586971,False
final_input_token_layerwise,undisclosed,k6,response_residual,8,100.0,-0.0017763634912995319,False
final_input_token_layerwise,undisclosed,k6,response_residual,9,100.0,-0.001411674096515797,False
final_input_token_layerwise,undisclosed,k6,response_residual,10,100.0,-0.0012748189737082083,False
final_input_token_layerwise,undisclosed,k6,response_residual,11,100.0,-0.0004673794416249766,False
final_input_token_layerwise,undisclosed,k6,response_residual,12,100.0,8.368068279140939e-07,False
final_input_token_layerwise,undisclosed,k6,response_residual,13,100.0,3.82208028932296e-05,False
final_input_token_layerwise,undisclosed,k6,response_residual,14,100.0,0.00046846167851541387,False
final_input_token_layerwise,undisclosed,k6,response_residual,15,100.0,0.0004792573090759422,False
final_input_token_layerwise,undisclosed,k6,response_residual,16,100.0,0.0005011607830861797,False
final_input_token_layerwise,undisclosed,k6,response_residual,17,100.0,-0.0005389307904086205,False
final_input_token_layerwise,undisclosed,k6,response_residual,18,100.0,-0.0005401167393220274,False
final_input_token_layerwise,undisclosed,k6,response_residual,19,100.0,-0.0001604637314562285,False
final_input_token_layerwise,undisclosed,k6,response_residual,20,100.0,-0.00020195810355197463,False
final_input_token_layerwise,undisclosed,k6,response_residual,21,100.0,-0.00029395739351398276,False
final_input_token_layerwise,undisclosed,k6,response_residual,22,100.0,-0.0009506963766225396,False
final_input_token_layerwise,undisclosed,k6,response_residual,23,100.0,0.0006655182029492723,False
final_input_token_layerwise,undisclosed,k6,response_residual,24,100.0,0.0005723635979514308,False
final_input_token_layerwise,undisclosed,k6,response_residual,25,100.0,0.001554965884721704,False
final_input_token_layerwise,undisclosed,k6,response_residual,26,3.0,0.009151099051837697,False
final_input_token_layerwise,undisclosed,k6,response_residual,27,3.0,0.015524360959345729,True
final_input_token_layerwise,undisclosed,k6,response_residual,28,3.0,0.0088972166138164,False
final_input_token_layerwise,undisclosed,k6,response_residual,29,3.0,0.005153323668029064,False
final_input_token_layerwise,undisclosed,k6,response_residual,30,100.0,0.0012914581093115274,False
final_input_token_layerwise,undisclosed,k6,response_residual,31,100.0,0.0010342311705454355,False
final_input_token_layerwise,undisclosed,k6,response_residual,32,100.0,0.0006884450342022064,False
final_input_token_layerwise,undisclosed,k6,response_residual,33,100.0,0.00029793387625723367,False
final_input_token_layerwise,undisclosed,k6,response_residual,34,100.0,9.993090762547285e-05,False
final_input_token_layerwise,undisclosed,k6,response_residual,35,100.0,0.0002220293877762125,False
final_input_token_layerwise,undisclosed,k6,response_residual,36,100.0,0.0002575788717757155,False
final_input_token_layerwise,undisclosed,k6,last_target_observation,0,0.0001,-2.7755575615628914e-17,False
final_input_token_layerwise,undisclosed,k6,last_target_observation,1,0.1,0.02631495355671923,False
final_input_token_layerwise,undisclosed,k6,last_target_observation,2,3.0,0.00469726991645486,False
final_input_token_layerwise,undisclosed,k6,last_target_observation,3,100.0,0.0003666960543647624,False
final_input_token_layerwise,undisclosed,k6,last_target_observation,4,3.0,0.0009171359101649013,False
final_input_token_layerwise,undisclosed,k6,last_target_observation,5,3.0,0.0035211145909386787,False
final_input_token_layerwise,undisclosed,k6,last_target_observation,6,3.0,0.007256438133594029,False
final_input_token_layerwise,undisclosed,k6,last_target_observation,7,3.0,0.0161121236891964,False
final_input_token_layerwise,undisclosed,k6,last_target_observation,8,100.0,8.280839800672846e-06,False
final_input_token_layerwise,undisclosed,k6,last_target_observation,9,100.0,-0.0006401226717048236,False
final_input_token_layerwise,undisclosed,k6,last_target_observation,10,100.0,-0.0010740037136607594,False
final_input_token_layerwise,undisclosed,k6,last_target_observation,11,100.0,-0.0007837182589849334,False
final_input_token_layerwise,undisclosed,k6,last_target_observation,12,100.0,-0.0006403755755713114,False
final_input_token_layerwise,undisclosed,k6,last_target_observation,13,100.0,0.000704055491593164,False
final_input_token_layerwise,undisclosed,k6,last_target_observation,14,100.0,0.0004537542772299896,False
final_input_token_layerwise,undisclosed,k6,last_target_observation,15,100.0,-0.00016460127074272024,False
final_input_token_layerwise,undisclosed,k6,last_target_observation,16,100.0,0.000695651960963467,False
final_input_token_layerwise,undisclosed,k6,last_target_observation,17,3.0,0.01353025922579032,False
final_input_token_layerwise,undisclosed,k6,last_target_observation,18,3.0,0.013513356342527344,False
final_input_token_layerwise,undisclosed,k6,last_target_observation,19,3.0,0.022216586453593173,False
final_input_token_layerwise,undisclosed,k6,last_target_observation,20,3.0,0.05379973945369515,False
final_input_token_layerwise,undisclosed,k6,last_target_observation,21,3.0,0.04081174434185872,False
final_input_token_layerwise,undisclosed,k6,last_target_observation,22,3.0,0.035114431368858084,False
final_input_token_layerwise,undisclosed,k6,last_target_observation,23,3.0,0.028583181048289663,False
final_input_token_layerwise,undisclosed,k6,last_target_observation,24,3.0,0.059394760583960565,False
final_input_token_layerwise,undisclosed,k6,last_target_observation,25,3.0,0.08721608575169282,True
final_input_token_layerwise,undisclosed,k6,last_target_observation,26,3.0,0.0770505225022377,False
final_input_token_layerwise,undisclosed,k6,last_target_observation,27,3.0,0.07997567458404134,False
final_input_token_layerwise,undisclosed,k6,last_target_observation,28,3.0,0.07143327631881655,False
final_input_token_layerwise,undisclosed,k6,last_target_observation,29,3.0,0.05688947714933312,False
final_input_token_layerwise,undisclosed,k6,last_target_observation,30,3.0,0.05528785090767102,False
final_input_token_layerwise,undisclosed,k6,last_target_observation,31,3.0,0.04483239701849617,False
final_input_token_layerwise,undisclosed,k6,last_target_observation,32,3.0,0.04658368151575917,False
final_input_token_layerwise,undisclosed,k6,last_target_observation,33,3.0,0.04565539372662911,False
final_input_token_layerwise,undisclosed,k6,last_target_observation,34,3.0,0.04232977961206105,False
final_input_token_layerwise,undisclosed,k6,last_target_observation,35,3.0,0.04115767403065723,False
final_input_token_layerwise,undisclosed,k6,last_target_observation,36,3.0,0.03962349523422748,False
final_input_token_layerwise,undisclosed,k6,target_observation_mean,0,0.0001,2.7755575615628914e-17,False
final_input_token_layerwise,undisclosed,k6,target_observation_mean,1,100.0,-0.010960743481086721,False
final_input_token_layerwise,undisclosed,k6,target_observation_mean,2,100.0,-0.0053104952746110545,False
final_input_token_layerwise,undisclosed,k6,target_observation_mean,3,100.0,-0.003026050993271301,False
final_input_token_layerwise,undisclosed,k6,target_observation_mean,4,100.0,-0.0014040753881865153,False
final_input_token_layerwise,undisclosed,k6,target_observation_mean,5,100.0,-0.0006270288502282229,False
final_input_token_layerwise,undisclosed,k6,target_observation_mean,6,100.0,-0.00014816932227773583,False
final_input_token_layerwise,undisclosed,k6,target_observation_mean,7,3.0,0.001955206736153847,False
final_input_token_layerwise,undisclosed,k6,target_observation_mean,8,3.0,0.001978925797164771,False
final_input_token_layerwise,undisclosed,k6,target_observation_mean,9,3.0,0.012935745295515916,False
final_input_token_layerwise,undisclosed,k6,target_observation_mean,10,100.0,0.00032607252949090615,False
final_input_token_layerwise,undisclosed,k6,target_observation_mean,11,100.0,-0.00025129308906504666,False
final_input_token_layerwise,undisclosed,k6,target_observation_mean,12,100.0,-0.0006448851559299473,False
final_input_token_layerwise,undisclosed,k6,target_observation_mean,13,3.0,0.008290806258142741,False
final_input_token_layerwise,undisclosed,k6,target_observation_mean,14,100.0,-0.0007246663876927795,False
final_input_token_layerwise,undisclosed,k6,target_observation_mean,15,100.0,-0.0012683532452651969,False
final_input_token_layerwise,undisclosed,k6,target_observation_mean,16,100.0,-5.280332653448405e-05,False
final_input_token_layerwise,undisclosed,k6,target_observation_mean,17,3.0,0.04423942723973193,False
final_input_token_layerwise,undisclosed,k6,target_observation_mean,18,3.0,0.0504861556450546,False
final_input_token_layerwise,undisclosed,k6,target_observation_mean,19,3.0,0.044715172454782404,False
final_input_token_layerwise,undisclosed,k6,target_observation_mean,20,3.0,0.10925855706699453,False
final_input_token_layerwise,undisclosed,k6,target_observation_mean,21,0.1,0.12424322181362787,False
final_input_token_layerwise,undisclosed,k6,target_observation_mean,22,0.1,0.1691423585527529,False
final_input_token_layerwise,undisclosed,k6,target_observation_mean,23,0.1,0.24823075690577592,True
final_input_token_layerwise,undisclosed,k6,target_observation_mean,24,3.0,0.13911666867572792,False
final_input_token_layerwise,undisclosed,k6,target_observation_mean,25,3.0,0.09913092566966161,False
final_input_token_layerwise,undisclosed,k6,target_observation_mean,26,3.0,0.10936717064858378,False
final_input_token_layerwise,undisclosed,k6,target_observation_mean,27,3.0,0.12620051863616633,False
final_input_token_layerwise,undisclosed,k6,target_observation_mean,28,3.0,0.14842770678964728,False
final_input_token_layerwise,undisclosed,k6,target_observation_mean,29,3.0,0.13172186790750848,False
final_input_token_layerwise,undisclosed,k6,target_observation_mean,30,3.0,0.1134290385359859,False
final_input_token_layerwise,undisclosed,k6,target_observation_mean,31,3.0,0.10888771872008776,False
final_input_token_layerwise,undisclosed,k6,target_observation_mean,32,3.0,0.09727388276839535,False
final_input_token_layerwise,undisclosed,k6,target_observation_mean,33,3.0,0.08423320588932837,False
final_input_token_layerwise,undisclosed,k6,target_observation_mean,34,3.0,0.08137537276922549,False
final_input_token_layerwise,undisclosed,k6,target_observation_mean,35,3.0,0.05997182028461079,False
final_input_token_layerwise,undisclosed,k6,target_observation_mean,36,3.0,0.060829106240451125,False
final_input_token_layerwise,undisclosed,k6,target_time_slope,0,0.0001,0.0,False
final_input_token_layerwise,undisclosed,k6,target_time_slope,1,100.0,0.00119791809959785,False
final_input_token_layerwise,undisclosed,k6,target_time_slope,2,100.0,0.0011517323618905062,False
final_input_token_layerwise,undisclosed,k6,target_time_slope,3,100.0,0.0009554870294861406,False
final_input_token_layerwise,undisclosed,k6,target_time_slope,4,100.0,0.0009073143381844451,False
final_input_token_layerwise,undisclosed,k6,target_time_slope,5,100.0,0.0007080277066953411,False
final_input_token_layerwise,undisclosed,k6,target_time_slope,6,100.0,0.0007461143791783476,False
final_input_token_layerwise,undisclosed,k6,target_time_slope,7,3.0,0.010741639031980055,False
final_input_token_layerwise,undisclosed,k6,target_time_slope,8,3.0,0.008989653991002683,False
final_input_token_layerwise,undisclosed,k6,target_time_slope,9,3.0,0.0029308587996897673,False
final_input_token_layerwise,undisclosed,k6,target_time_slope,10,100.0,-9.024467919144241e-06,False
final_input_token_layerwise,undisclosed,k6,target_time_slope,11,100.0,-0.0004223400836484148,False
final_input_token_layerwise,undisclosed,k6,target_time_slope,12,100.0,-0.000916554833586436,False
final_input_token_layerwise,undisclosed,k6,target_time_slope,13,3.0,0.007225331152418857,False
final_input_token_layerwise,undisclosed,k6,target_time_slope,14,3.0,0.011653364201846567,False
final_input_token_layerwise,undisclosed,k6,target_time_slope,15,100.0,0.0007548632132534372,False
final_input_token_layerwise,undisclosed,k6,target_time_slope,16,3.0,0.003906343950318525,False
final_input_token_layerwise,undisclosed,k6,target_time_slope,17,3.0,0.03575919048851545,False
final_input_token_layerwise,undisclosed,k6,target_time_slope,18,3.0,0.034231324647722355,False
final_input_token_layerwise,undisclosed,k6,target_time_slope,19,3.0,0.04709451565565989,False
final_input_token_layerwise,undisclosed,k6,target_time_slope,20,3.0,0.06910954715285167,False
final_input_token_layerwise,undisclosed,k6,target_time_slope,21,3.0,0.04618019936769349,False
final_input_token_layerwise,undisclosed,k6,target_time_slope,22,3.0,0.03312562864148327,False
final_input_token_layerwise,undisclosed,k6,target_time_slope,23,3.0,0.018997226970905612,False
final_input_token_layerwise,undisclosed,k6,target_time_slope,24,3.0,0.022146589741452893,False
final_input_token_layerwise,undisclosed,k6,target_time_slope,25,3.0,0.06694770247348697,False
final_input_token_layerwise,undisclosed,k6,target_time_slope,26,3.0,0.049636281357533035,False
final_input_token_layerwise,undisclosed,k6,target_time_slope,27,3.0,0.05359636042287244,False
final_input_token_layerwise,undisclosed,k6,target_time_slope,28,3.0,0.03735758743007933,False
final_input_token_layerwise,undisclosed,k6,target_time_slope,29,3.0,0.02738879938864011,False
final_input_token_layerwise,undisclosed,k6,target_time_slope,30,3.0,0.053515099445794495,False
final_input_token_layerwise,undisclosed,k6,target_time_slope,31,3.0,0.0478487322972278,False
final_input_token_layerwise,undisclosed,k6,target_time_slope,32,3.0,0.06168873620250381,False
final_input_token_layerwise,undisclosed,k6,target_time_slope,33,3.0,0.06705312459134527,False
final_input_token_layerwise,undisclosed,k6,target_time_slope,34,3.0,0.06673716803267915,False
final_input_token_layerwise,undisclosed,k6,target_time_slope,35,0.1,0.08112202437020397,True
final_input_token_layerwise,undisclosed,k6,target_time_slope,36,3.0,0.06929267932805189,False
final_input_token_layerwise,undisclosed,k6,displayed_driver_outcome_slope,0,0.0001,-5.551115123125783e-17,False
final_input_token_layerwise,undisclosed,k6,displayed_driver_outcome_slope,1,100.0,-0.001758590692710671,False
final_input_token_layerwise,undisclosed,k6,displayed_driver_outcome_slope,2,100.0,-0.0016531294066035873,False
final_input_token_layerwise,undisclosed,k6,displayed_driver_outcome_slope,3,100.0,-0.0015379451213943518,False
final_input_token_layerwise,undisclosed,k6,displayed_driver_outcome_slope,4,100.0,-0.0003033961298330723,False
final_input_token_layerwise,undisclosed,k6,displayed_driver_outcome_slope,5,100.0,-0.00014227575670450188,False
final_input_token_layerwise,undisclosed,k6,displayed_driver_outcome_slope,6,100.0,-9.834657152249515e-05,False
final_input_token_layerwise,undisclosed,k6,displayed_driver_outcome_slope,7,100.0,-0.0001577815071845956,False
final_input_token_layerwise,undisclosed,k6,displayed_driver_outcome_slope,8,100.0,-0.0006502539732927137,False
final_input_token_layerwise,undisclosed,k6,displayed_driver_outcome_slope,9,100.0,-0.0004644744512827814,False
final_input_token_layerwise,undisclosed,k6,displayed_driver_outcome_slope,10,100.0,0.0005901472820970532,False
final_input_token_layerwise,undisclosed,k6,displayed_driver_outcome_slope,11,100.0,0.0009323712901729564,False
final_input_token_layerwise,undisclosed,k6,displayed_driver_outcome_slope,12,100.0,0.0011447274952469666,False
final_input_token_layerwise,undisclosed,k6,displayed_driver_outcome_slope,13,100.0,0.0003836137339519874,False
final_input_token_layerwise,undisclosed,k6,displayed_driver_outcome_slope,14,100.0,0.0011865915741157973,False
final_input_token_layerwise,undisclosed,k6,displayed_driver_outcome_slope,15,100.0,0.00218437984022965,False
final_input_token_layerwise,undisclosed,k6,displayed_driver_outcome_slope,16,100.0,0.0013031237351574798,False
final_input_token_layerwise,undisclosed,k6,displayed_driver_outcome_slope,17,3.0,0.0060292770905179816,False
final_input_token_layerwise,undisclosed,k6,displayed_driver_outcome_slope,18,3.0,0.0211519088129348,False
final_input_token_layerwise,undisclosed,k6,displayed_driver_outcome_slope,19,3.0,0.02674375352895275,False
final_input_token_layerwise,undisclosed,k6,displayed_driver_outcome_slope,20,3.0,0.03401085819564886,True
final_input_token_layerwise,undisclosed,k6,displayed_driver_outcome_slope,21,3.0,0.02468141413860256,False
final_input_token_layerwise,undisclosed,k6,displayed_driver_outcome_slope,22,3.0,0.014721713356712407,False
final_input_token_layerwise,undisclosed,k6,displayed_driver_outcome_slope,23,3.0,0.023447857431815183,False
final_input_token_layerwise,undisclosed,k6,displayed_driver_outcome_slope,24,3.0,0.013739747669878871,False
final_input_token_layerwise,undisclosed,k6,displayed_driver_outcome_slope,25,3.0,0.0077965972086104784,False
final_input_token_layerwise,undisclosed,k6,displayed_driver_outcome_slope,26,3.0,0.010982271325010118,False
final_input_token_layerwise,undisclosed,k6,displayed_driver_outcome_slope,27,100.0,0.0012696859523785298,False
final_input_token_layerwise,undisclosed,k6,displayed_driver_outcome_slope,28,100.0,0.000725195202590595,False
final_input_token_layerwise,undisclosed,k6,displayed_driver_outcome_slope,29,100.0,0.0006671072734720229,False
final_input_token_layerwise,undisclosed,k6,displayed_driver_outcome_slope,30,100.0,0.0008090049819476364,False
final_input_token_layerwise,undisclosed,k6,displayed_driver_outcome_slope,31,100.0,0.000979673720207297,False
final_input_token_layerwise,undisclosed,k6,displayed_driver_outcome_slope,32,100.0,0.0010066585897249014,False
final_input_token_layerwise,undisclosed,k6,displayed_driver_outcome_slope,33,100.0,0.0005704014795865908,False
final_input_token_layerwise,undisclosed,k6,displayed_driver_outcome_slope,34,100.0,0.0008530532255828227,False
final_input_token_layerwise,undisclosed,k6,displayed_driver_outcome_slope,35,100.0,0.0006249555786419503,False
final_input_token_layerwise,undisclosed,k6,displayed_driver_outcome_slope,36,100.0,0.000739331210005495,False
final_input_token_layerwise,undisclosed,k6,oracle_posterior_gain,0,0.0001,-5.551115123125783e-17,False
final_input_token_layerwise,undisclosed,k6,oracle_posterior_gain,1,100.0,-0.001832785525502978,False
final_input_token_layerwise,undisclosed,k6,oracle_posterior_gain,2,100.0,-0.0008202952209037662,False
final_input_token_layerwise,undisclosed,k6,oracle_posterior_gain,3,100.0,3.166626495632041e-05,False
final_input_token_layerwise,undisclosed,k6,oracle_posterior_gain,4,100.0,0.0023205603078496617,False
final_input_token_layerwise,undisclosed,k6,oracle_posterior_gain,5,100.0,0.001656809693941108,False
final_input_token_layerwise,undisclosed,k6,oracle_posterior_gain,6,100.0,0.0005920861359301755,False
final_input_token_layerwise,undisclosed,k6,oracle_posterior_gain,7,100.0,-0.000978824797305211,False
final_input_token_layerwise,undisclosed,k6,oracle_posterior_gain,8,100.0,-0.0007594326217371106,False
final_input_token_layerwise,undisclosed,k6,oracle_posterior_gain,9,100.0,-0.00048527949329865705,False
final_input_token_layerwise,undisclosed,k6,oracle_posterior_gain,10,100.0,-0.0004741976396649139,False
final_input_token_layerwise,undisclosed,k6,oracle_posterior_gain,11,100.0,-0.0002947562681704652,False
final_input_token_layerwise,undisclosed,k6,oracle_posterior_gain,12,100.0,-0.0003552666911846025,False
final_input_token_layerwise,undisclosed,k6,oracle_posterior_gain,13,100.0,-0.0003793939550047476,False
final_input_token_layerwise,undisclosed,k6,oracle_posterior_gain,14,100.0,-0.0002632450914653306,False
final_input_token_layerwise,undisclosed,k6,oracle_posterior_gain,15,100.0,-0.0005429283096217152,False
final_input_token_layerwise,undisclosed,k6,oracle_posterior_gain,16,3.0,0.0022755081923303,False
final_input_token_layerwise,undisclosed,k6,oracle_posterior_gain,17,100.0,-0.00022538033692842685,False
final_input_token_layerwise,undisclosed,k6,oracle_posterior_gain,18,100.0,-0.0002860439245203905,False
final_input_token_layerwise,undisclosed,k6,oracle_posterior_gain,19,3.0,0.01359403635005968,False
final_input_token_layerwise,undisclosed,k6,oracle_posterior_gain,20,3.0,0.04308349164802208,False
final_input_token_layerwise,undisclosed,k6,oracle_posterior_gain,21,3.0,0.054940079565208855,False
final_input_token_layerwise,undisclosed,k6,oracle_posterior_gain,22,3.0,0.05532074486193925,False
final_input_token_layerwise,undisclosed,k6,oracle_posterior_gain,23,3.0,0.06869313376933561,False
final_input_token_layerwise,undisclosed,k6,oracle_posterior_gain,24,3.0,0.081302135381016,False
final_input_token_layerwise,undisclosed,k6,oracle_posterior_gain,25,3.0,0.11794224660142591,False
final_input_token_layerwise,undisclosed,k6,oracle_posterior_gain,26,3.0,0.12114678083929656,True
final_input_token_layerwise,undisclosed,k6,oracle_posterior_gain,27,3.0,0.11997320720019689,False
final_input_token_layerwise,undisclosed,k6,oracle_posterior_gain,28,3.0,0.1117967427117795,False
final_input_token_layerwise,undisclosed,k6,oracle_posterior_gain,29,3.0,0.11768487895155058,False
final_input_token_layerwise,undisclosed,k6,oracle_posterior_gain,30,3.0,0.10713853137079296,False
final_input_token_layerwise,undisclosed,k6,oracle_posterior_gain,31,3.0,0.10619036705823653,False
final_input_token_layerwise,undisclosed,k6,oracle_posterior_gain,32,3.0,0.1072148847560769,False
final_input_token_layerwise,undisclosed,k6,oracle_posterior_gain,33,3.0,0.11110487748023185,False
final_input_token_layerwise,undisclosed,k6,oracle_posterior_gain,34,3.0,0.10269274406990417,False
final_input_token_layerwise,undisclosed,k6,oracle_posterior_gain,35,0.1,0.11473151000953843,False
final_input_token_layerwise,undisclosed,k6,oracle_posterior_gain,36,0.1,0.10430470194556554,False
final_input_token_layerwise,undisclosed,k9,gain,0,0.0001,0.0,False
final_input_token_layerwise,undisclosed,k9,gain,1,100.0,-0.002908872506972693,False
final_input_token_layerwise,undisclosed,k9,gain,2,100.0,-0.001930699765472832,False
final_input_token_layerwise,undisclosed,k9,gain,3,100.0,-0.0016412274702940488,False
final_input_token_layerwise,undisclosed,k9,gain,4,100.0,-0.0009075248352142795,False
final_input_token_layerwise,undisclosed,k9,gain,5,100.0,-0.0004607013925231884,False
final_input_token_layerwise,undisclosed,k9,gain,6,100.0,-0.0005269868846707604,False
final_input_token_layerwise,undisclosed,k9,gain,7,100.0,-0.0005823555382797885,False
final_input_token_layerwise,undisclosed,k9,gain,8,100.0,-0.0007476001453940451,False
final_input_token_layerwise,undisclosed,k9,gain,9,100.0,-0.00023965640893844342,False
final_input_token_layerwise,undisclosed,k9,gain,10,100.0,-0.00047891318371198754,False
final_input_token_layerwise,undisclosed,k9,gain,11,100.0,0.0001284403158759162,False
final_input_token_layerwise,undisclosed,k9,gain,12,100.0,-0.00016253805439023217,False
final_input_token_layerwise,undisclosed,k9,gain,13,100.0,-0.0002241774768716731,False
final_input_token_layerwise,undisclosed,k9,gain,14,100.0,-0.0006558328591990126,False
final_input_token_layerwise,undisclosed,k9,gain,15,100.0,-0.0009432768256681379,False
final_input_token_layerwise,undisclosed,k9,gain,16,100.0,-0.0011471336712178815,False
final_input_token_layerwise,undisclosed,k9,gain,17,100.0,-0.0017079734313134032,False
final_input_token_layerwise,undisclosed,k9,gain,18,100.0,-0.001363339559740273,False
final_input_token_layerwise,undisclosed,k9,gain,19,3.0,0.010759607316892877,False
final_input_token_layerwise,undisclosed,k9,gain,20,3.0,0.0484688514900358,False
final_input_token_layerwise,undisclosed,k9,gain,21,3.0,0.05478526240175574,False
final_input_token_layerwise,undisclosed,k9,gain,22,3.0,0.06475523081364062,False
final_input_token_layerwise,undisclosed,k9,gain,23,3.0,0.07788917781705651,False
final_input_token_layerwise,undisclosed,k9,gain,24,0.1,0.18964021943250087,True
final_input_token_layerwise,undisclosed,k9,gain,25,0.1,0.11739209895849229,False
final_input_token_layerwise,undisclosed,k9,gain,26,0.1,0.1374375447472954,False
final_input_token_layerwise,undisclosed,k9,gain,27,0.1,0.16503461657233487,False
final_input_token_layerwise,undisclosed,k9,gain,28,0.1,0.14666936907346417,False
final_input_token_layerwise,undisclosed,k9,gain,29,0.1,0.09069104009811635,False
final_input_token_layerwise,undisclosed,k9,gain,30,3.0,0.04906574867829039,False
final_input_token_layerwise,undisclosed,k9,gain,31,3.0,0.04133709112485337,False
final_input_token_layerwise,undisclosed,k9,gain,32,3.0,0.03947621302420398,False
final_input_token_layerwise,undisclosed,k9,gain,33,3.0,0.03049252088751392,False
final_input_token_layerwise,undisclosed,k9,gain,34,3.0,0.047417445318194223,False
final_input_token_layerwise,undisclosed,k9,gain,35,3.0,0.04376045062084141,False
final_input_token_layerwise,undisclosed,k9,gain,36,3.0,0.05676436826738765,False
final_input_token_layerwise,undisclosed,k9,response_residual,0,0.0001,-2.7755575615628914e-17,False
final_input_token_layerwise,undisclosed,k9,response_residual,1,100.0,-0.0034972228561360175,False
final_input_token_layerwise,undisclosed,k9,response_residual,2,100.0,-0.002656138282822018,False
final_input_token_layerwise,undisclosed,k9,response_residual,3,100.0,-0.002337334790967094,False
final_input_token_layerwise,undisclosed,k9,response_residual,4,100.0,-0.0012656321012320393,False
final_input_token_layerwise,undisclosed,k9,response_residual,5,100.0,-0.0006248208442100056,False
final_input_token_layerwise,undisclosed,k9,response_residual,6,100.0,-0.0005366883321616112,False
final_input_token_layerwise,undisclosed,k9,response_residual,7,100.0,-0.0005120630698030038,False
final_input_token_layerwise,undisclosed,k9,response_residual,8,100.0,-0.0003345154693556729,False
final_input_token_layerwise,undisclosed,k9,response_residual,9,100.0,-1.2869746701449358e-05,False
final_input_token_layerwise,undisclosed,k9,response_residual,10,100.0,-0.0003077883280626359,False
final_input_token_layerwise,undisclosed,k9,response_residual,11,100.0,-0.000291808456790249,False
final_input_token_layerwise,undisclosed,k9,response_residual,12,100.0,-0.0004448632402545005,False
final_input_token_layerwise,undisclosed,k9,response_residual,13,100.0,-0.0005603223195775053,False
final_input_token_layerwise,undisclosed,k9,response_residual,14,100.0,-0.0006586537853243424,False
final_input_token_layerwise,undisclosed,k9,response_residual,15,100.0,-0.0008770307627859464,False
final_input_token_layerwise,undisclosed,k9,response_residual,16,100.0,-0.0015384191072644327,False
final_input_token_layerwise,undisclosed,k9,response_residual,17,100.0,-0.0017926072488943512,False
final_input_token_layerwise,undisclosed,k9,response_residual,18,100.0,-0.0016841615195992976,False
final_input_token_layerwise,undisclosed,k9,response_residual,19,100.0,-0.00011396663986032451,False
final_input_token_layerwise,undisclosed,k9,response_residual,20,3.0,0.020135946910146335,False
final_input_token_layerwise,undisclosed,k9,response_residual,21,3.0,0.01939498130494255,False
final_input_token_layerwise,undisclosed,k9,response_residual,22,3.0,0.021867843855239155,False
final_input_token_layerwise,undisclosed,k9,response_residual,23,3.0,0.03423901497926976,False
final_input_token_layerwise,undisclosed,k9,response_residual,24,3.0,0.04110596249777976,False
final_input_token_layerwise,undisclosed,k9,response_residual,25,3.0,0.03607202849212082,False
final_input_token_layerwise,undisclosed,k9,response_residual,26,3.0,0.03878131293026954,False
final_input_token_layerwise,undisclosed,k9,response_residual,27,3.0,0.04806993396679127,True
final_input_token_layerwise,undisclosed,k9,response_residual,28,3.0,0.042642331453850074,False
final_input_token_layerwise,undisclosed,k9,response_residual,29,3.0,0.02820093900352863,False
final_input_token_layerwise,undisclosed,k9,response_residual,30,3.0,0.012769062194953912,False
final_input_token_layerwise,undisclosed,k9,response_residual,31,3.0,0.004363709871783306,False
final_input_token_layerwise,undisclosed,k9,response_residual,32,100.0,0.0014001388654112379,False
final_input_token_layerwise,undisclosed,k9,response_residual,33,100.0,0.0005895943117752989,False
final_input_token_layerwise,undisclosed,k9,response_residual,34,3.0,0.005911656106131674,False
final_input_token_layerwise,undisclosed,k9,response_residual,35,3.0,0.00262999834503741,False
final_input_token_layerwise,undisclosed,k9,response_residual,36,3.0,0.00969327942801601,False
final_input_token_layerwise,undisclosed,k9,last_target_observation,0,0.0001,1.3877787807814457e-16,False
final_input_token_layerwise,undisclosed,k9,last_target_observation,1,100.0,-0.006760302336426993,False
final_input_token_layerwise,undisclosed,k9,last_target_observation,2,100.0,-0.00413475142949099,False
final_input_token_layerwise,undisclosed,k9,last_target_observation,3,100.0,-0.003096685567687718,False
final_input_token_layerwise,undisclosed,k9,last_target_observation,4,100.0,-0.0017852868172286152,False
final_input_token_layerwise,undisclosed,k9,last_target_observation,5,100.0,-0.0010005452970051065,False
final_input_token_layerwise,undisclosed,k9,last_target_observation,6,100.0,-0.0008201416732391276,False
final_input_token_layerwise,undisclosed,k9,last_target_observation,7,100.0,-0.0008708781679502564,False
final_input_token_layerwise,undisclosed,k9,last_target_observation,8,100.0,-0.0008664735833515957,False
final_input_token_layerwise,undisclosed,k9,last_target_observation,9,100.0,-0.00038416712749464454,False
final_input_token_layerwise,undisclosed,k9,last_target_observation,10,100.0,-9.934792065685594e-05,False
final_input_token_layerwise,undisclosed,k9,last_target_observation,11,100.0,0.002319349837862472,False
final_input_token_layerwise,undisclosed,k9,last_target_observation,12,3.0,0.0030139449628009407,False
final_input_token_layerwise,undisclosed,k9,last_target_observation,13,3.0,0.021413318937397313,False
final_input_token_layerwise,undisclosed,k9,last_target_observation,14,3.0,0.016915489742556772,False
final_input_token_layerwise,undisclosed,k9,last_target_observation,15,3.0,0.010765552469935796,False
final_input_token_layerwise,undisclosed,k9,last_target_observation,16,3.0,0.012097459662198051,False
final_input_token_layerwise,undisclosed,k9,last_target_observation,17,3.0,0.016271937721822144,False
final_input_token_layerwise,undisclosed,k9,last_target_observation,18,3.0,0.010514022236211812,False
final_input_token_layerwise,undisclosed,k9,last_target_observation,19,3.0,0.03009589715282973,False
final_input_token_layerwise,undisclosed,k9,last_target_observation,20,3.0,0.05627966873213214,False
final_input_token_layerwise,undisclosed,k9,last_target_observation,21,3.0,0.060575806659510456,True
final_input_token_layerwise,undisclosed,k9,last_target_observation,22,3.0,0.05455233198716278,False
final_input_token_layerwise,undisclosed,k9,last_target_observation,23,3.0,0.047202440143016305,False
final_input_token_layerwise,undisclosed,k9,last_target_observation,24,3.0,0.0400159186828164,False
final_input_token_layerwise,undisclosed,k9,last_target_observation,25,100.0,0.0007691315542058264,False
final_input_token_layerwise,undisclosed,k9,last_target_observation,26,100.0,0.000625895252011871,False
final_input_token_layerwise,undisclosed,k9,last_target_observation,27,100.0,-0.0005527072508602626,False
final_input_token_layerwise,undisclosed,k9,last_target_observation,28,100.0,-0.0002066374126217796,False
final_input_token_layerwise,undisclosed,k9,last_target_observation,29,100.0,-0.0007482719194435161,False
final_input_token_layerwise,undisclosed,k9,last_target_observation,30,100.0,-0.0011339228944008406,False
final_input_token_layerwise,undisclosed,k9,last_target_observation,31,100.0,-0.0013833038699775924,False
final_input_token_layerwise,undisclosed,k9,last_target_observation,32,100.0,-0.0012163778407443537,False
final_input_token_layerwise,undisclosed,k9,last_target_observation,33,100.0,-0.0018178225255615632,False
final_input_token_layerwise,undisclosed,k9,last_target_observation,34,100.0,-0.0017022300652651534,False
final_input_token_layerwise,undisclosed,k9,last_target_observation,35,100.0,-0.0015595232392995872,False
final_input_token_layerwise,undisclosed,k9,last_target_observation,36,100.0,-0.0017269425739198652,False
final_input_token_layerwise,undisclosed,k9,target_observation_mean,0,0.0001,3.885780586188048e-16,False
final_input_token_layerwise,undisclosed,k9,target_observation_mean,1,100.0,0.005038475088251032,False
final_input_token_layerwise,undisclosed,k9,target_observation_mean,2,100.0,0.003578094595564907,False
final_input_token_layerwise,undisclosed,k9,target_observation_mean,3,3.0,0.0066172843868769204,False
final_input_token_layerwise,undisclosed,k9,target_observation_mean,4,3.0,0.01619375327166353,False
final_input_token_layerwise,undisclosed,k9,target_observation_mean,5,3.0,0.007732147654343019,False
final_input_token_layerwise,undisclosed,k9,target_observation_mean,6,3.0,0.006659189488481793,False
final_input_token_layerwise,undisclosed,k9,target_observation_mean,7,3.0,0.007706132054815046,False
final_input_token_layerwise,undisclosed,k9,target_observation_mean,8,3.0,0.003276500830512008,False
final_input_token_layerwise,undisclosed,k9,target_observation_mean,9,100.0,-0.00032038196555406184,False
final_input_token_layerwise,undisclosed,k9,target_observation_mean,10,100.0,-0.0005671438478686563,False
final_input_token_layerwise,undisclosed,k9,target_observation_mean,11,100.0,-0.00013869056136364688,False
final_input_token_layerwise,undisclosed,k9,target_observation_mean,12,3.0,0.001720344423386727,False
final_input_token_layerwise,undisclosed,k9,target_observation_mean,13,3.0,0.013551768662024094,False
final_input_token_layerwise,undisclosed,k9,target_observation_mean,14,3.0,0.008713594028748023,False
final_input_token_layerwise,undisclosed,k9,target_observation_mean,15,3.0,0.021857209161834035,False
final_input_token_layerwise,undisclosed,k9,target_observation_mean,16,3.0,0.025492405493225234,False
final_input_token_layerwise,undisclosed,k9,target_observation_mean,17,100.0,0.00021206565023174084,False
final_input_token_layerwise,undisclosed,k9,target_observation_mean,18,3.0,0.004923262745018642,False
final_input_token_layerwise,undisclosed,k9,target_observation_mean,19,3.0,0.003674592288088502,False
final_input_token_layerwise,undisclosed,k9,target_observation_mean,20,3.0,0.08003293438509781,True
final_input_token_layerwise,undisclosed,k9,target_observation_mean,21,3.0,0.06962383905530498,False
final_input_token_layerwise,undisclosed,k9,target_observation_mean,22,3.0,0.07822976273904655,False
final_input_token_layerwise,undisclosed,k9,target_observation_mean,23,3.0,0.06895794017752488,False
final_input_token_layerwise,undisclosed,k9,target_observation_mean,24,3.0,0.05946516061395002,False
final_input_token_layerwise,undisclosed,k9,target_observation_mean,25,3.0,0.028461660632460722,False
final_input_token_layerwise,undisclosed,k9,target_observation_mean,26,3.0,0.029245659720074008,False
final_input_token_layerwise,undisclosed,k9,target_observation_mean,27,3.0,0.03974729075201386,False
final_input_token_layerwise,undisclosed,k9,target_observation_mean,28,3.0,0.04090273675786904,False
final_input_token_layerwise,undisclosed,k9,target_observation_mean,29,3.0,0.034387523205715115,False
final_input_token_layerwise,undisclosed,k9,target_observation_mean,30,3.0,0.011265474056846664,False
final_input_token_layerwise,undisclosed,k9,target_observation_mean,31,3.0,0.013483893598591562,False
final_input_token_layerwise,undisclosed,k9,target_observation_mean,32,3.0,0.006827923231122718,False
final_input_token_layerwise,undisclosed,k9,target_observation_mean,33,3.0,0.011105751111090467,False
final_input_token_layerwise,undisclosed,k9,target_observation_mean,34,3.0,0.027790767303934483,False
final_input_token_layerwise,undisclosed,k9,target_observation_mean,35,3.0,0.02436236068082462,False
final_input_token_layerwise,undisclosed,k9,target_observation_mean,36,3.0,0.027726501384896435,False
final_input_token_layerwise,undisclosed,k9,target_time_slope,0,0.0001,0.0,False
final_input_token_layerwise,undisclosed,k9,target_time_slope,1,3.0,0.007453695277907485,False
final_input_token_layerwise,undisclosed,k9,target_time_slope,2,100.0,-0.0019762027502321367,False
final_input_token_layerwise,undisclosed,k9,target_time_slope,3,100.0,-0.0015886051813892021,False
final_input_token_layerwise,undisclosed,k9,target_time_slope,4,100.0,-0.0006473895175254374,False
final_input_token_layerwise,undisclosed,k9,target_time_slope,5,100.0,-0.0003625569504067949,False
final_input_token_layerwise,undisclosed,k9,target_time_slope,6,100.0,-0.00017242384308743808,False
final_input_token_layerwise,undisclosed,k9,target_time_slope,7,100.0,-0.0005462386303507205,False
final_input_token_layerwise,undisclosed,k9,target_time_slope,8,100.0,-0.0010790387499000076,False
final_input_token_layerwise,undisclosed,k9,target_time_slope,9,100.0,-1.9362326083322e-05,False
final_input_token_layerwise,undisclosed,k9,target_time_slope,10,100.0,-0.0002002270069151324,False
final_input_token_layerwise,undisclosed,k9,target_time_slope,11,3.0,0.031855124276870816,False
final_input_token_layerwise,undisclosed,k9,target_time_slope,12,3.0,0.05529762335031779,False
final_input_token_layerwise,undisclosed,k9,target_time_slope,13,3.0,0.06362030589983028,False
final_input_token_layerwise,undisclosed,k9,target_time_slope,14,3.0,0.043325876240909694,False
final_input_token_layerwise,undisclosed,k9,target_time_slope,15,3.0,0.03975446355957657,False
final_input_token_layerwise,undisclosed,k9,target_time_slope,16,3.0,0.04935483376402147,False
final_input_token_layerwise,undisclosed,k9,target_time_slope,17,3.0,0.0580677299495474,False
final_input_token_layerwise,undisclosed,k9,target_time_slope,18,3.0,0.11745238002901706,False
final_input_token_layerwise,undisclosed,k9,target_time_slope,19,3.0,0.13266600428311254,False
final_input_token_layerwise,undisclosed,k9,target_time_slope,20,3.0,0.18793972939644682,True
final_input_token_layerwise,undisclosed,k9,target_time_slope,21,3.0,0.17677587577376164,False
final_input_token_layerwise,undisclosed,k9,target_time_slope,22,3.0,0.16474006657510334,False
final_input_token_layerwise,undisclosed,k9,target_time_slope,23,3.0,0.133415569208875,False
final_input_token_layerwise,undisclosed,k9,target_time_slope,24,3.0,0.0969333298376294,False
final_input_token_layerwise,undisclosed,k9,target_time_slope,25,3.0,0.05586983740860674,False
final_input_token_layerwise,undisclosed,k9,target_time_slope,26,3.0,0.05241602933918149,False
final_input_token_layerwise,undisclosed,k9,target_time_slope,27,3.0,0.05054641943391164,False
final_input_token_layerwise,undisclosed,k9,target_time_slope,28,3.0,0.06906491065518958,False
final_input_token_layerwise,undisclosed,k9,target_time_slope,29,3.0,0.0641447853193935,False
final_input_token_layerwise,undisclosed,k9,target_time_slope,30,3.0,0.06875820674846989,False
final_input_token_layerwise,undisclosed,k9,target_time_slope,31,3.0,0.05956685739889414,False
final_input_token_layerwise,undisclosed,k9,target_time_slope,32,3.0,0.06296125015139026,False
final_input_token_layerwise,undisclosed,k9,target_time_slope,33,3.0,0.053044042046847345,False
final_input_token_layerwise,undisclosed,k9,target_time_slope,34,3.0,0.021571355831991185,False
final_input_token_layerwise,undisclosed,k9,target_time_slope,35,100.0,0.0008640949804982201,False
final_input_token_layerwise,undisclosed,k9,target_time_slope,36,100.0,0.0008298057014844151,False
final_input_token_layerwise,undisclosed,k9,displayed_driver_outcome_slope,0,0.0001,-1.1102230246251565e-16,False
final_input_token_layerwise,undisclosed,k9,displayed_driver_outcome_slope,1,100.0,0.010259264791542294,False
final_input_token_layerwise,undisclosed,k9,displayed_driver_outcome_slope,2,3.0,0.01573570345734157,False
final_input_token_layerwise,undisclosed,k9,displayed_driver_outcome_slope,3,3.0,0.019384519337624057,False
final_input_token_layerwise,undisclosed,k9,displayed_driver_outcome_slope,4,3.0,0.009690911728163776,False
final_input_token_layerwise,undisclosed,k9,displayed_driver_outcome_slope,5,3.0,0.015168884400772853,False
final_input_token_layerwise,undisclosed,k9,displayed_driver_outcome_slope,6,3.0,0.023858633047331768,False
final_input_token_layerwise,undisclosed,k9,displayed_driver_outcome_slope,7,3.0,0.02260818336529552,False
final_input_token_layerwise,undisclosed,k9,displayed_driver_outcome_slope,8,3.0,0.012551094951026048,False
final_input_token_layerwise,undisclosed,k9,displayed_driver_outcome_slope,9,3.0,0.013316059131844166,False
final_input_token_layerwise,undisclosed,k9,displayed_driver_outcome_slope,10,3.0,0.03163631600262101,False
final_input_token_layerwise,undisclosed,k9,displayed_driver_outcome_slope,11,3.0,0.005873313884375814,False
final_input_token_layerwise,undisclosed,k9,displayed_driver_outcome_slope,12,100.0,-6.136965053454846e-05,False
final_input_token_layerwise,undisclosed,k9,displayed_driver_outcome_slope,13,3.0,0.007681093079603518,False
final_input_token_layerwise,undisclosed,k9,displayed_driver_outcome_slope,14,100.0,0.00025301180549863744,False
final_input_token_layerwise,undisclosed,k9,displayed_driver_outcome_slope,15,100.0,-0.0009274774513613748,False
final_input_token_layerwise,undisclosed,k9,displayed_driver_outcome_slope,16,100.0,-0.0009189397691532764,False
final_input_token_layerwise,undisclosed,k9,displayed_driver_outcome_slope,17,100.0,-0.001727050263400115,False
final_input_token_layerwise,undisclosed,k9,displayed_driver_outcome_slope,18,100.0,-0.0014745597292827317,False
final_input_token_layerwise,undisclosed,k9,displayed_driver_outcome_slope,19,100.0,-0.00023579189195549466,False
final_input_token_layerwise,undisclosed,k9,displayed_driver_outcome_slope,20,3.0,0.001541770779554974,False
final_input_token_layerwise,undisclosed,k9,displayed_driver_outcome_slope,21,3.0,0.03600072165960849,False
final_input_token_layerwise,undisclosed,k9,displayed_driver_outcome_slope,22,3.0,0.047965705407659764,False
final_input_token_layerwise,undisclosed,k9,displayed_driver_outcome_slope,23,3.0,0.06673812147761951,False
final_input_token_layerwise,undisclosed,k9,displayed_driver_outcome_slope,24,3.0,0.06463295168823496,False
final_input_token_layerwise,undisclosed,k9,displayed_driver_outcome_slope,25,3.0,0.0556935002887082,False
final_input_token_layerwise,undisclosed,k9,displayed_driver_outcome_slope,26,3.0,0.0677333373511261,False
final_input_token_layerwise,undisclosed,k9,displayed_driver_outcome_slope,27,0.1,0.14213907457667307,True
final_input_token_layerwise,undisclosed,k9,displayed_driver_outcome_slope,28,3.0,0.058672938233794325,False
final_input_token_layerwise,undisclosed,k9,displayed_driver_outcome_slope,29,3.0,0.041291923966909116,False
final_input_token_layerwise,undisclosed,k9,displayed_driver_outcome_slope,30,3.0,0.046006786908032254,False
final_input_token_layerwise,undisclosed,k9,displayed_driver_outcome_slope,31,3.0,0.03397769225263686,False
final_input_token_layerwise,undisclosed,k9,displayed_driver_outcome_slope,32,3.0,0.02888236151537016,False
final_input_token_layerwise,undisclosed,k9,displayed_driver_outcome_slope,33,3.0,0.01884275237773833,False
final_input_token_layerwise,undisclosed,k9,displayed_driver_outcome_slope,34,3.0,0.017055266231297994,False
final_input_token_layerwise,undisclosed,k9,displayed_driver_outcome_slope,35,3.0,0.025846727740406722,False
final_input_token_layerwise,undisclosed,k9,displayed_driver_outcome_slope,36,3.0,0.024002409681114195,False
final_input_token_layerwise,undisclosed,k9,oracle_posterior_gain,0,0.0001,0.0,False
final_input_token_layerwise,undisclosed,k9,oracle_posterior_gain,1,100.0,-4.897002007470119e-05,False
final_input_token_layerwise,undisclosed,k9,oracle_posterior_gain,2,100.0,0.00021483395832946894,False
final_input_token_layerwise,undisclosed,k9,oracle_posterior_gain,3,100.0,0.0004806924327804274,False
final_input_token_layerwise,undisclosed,k9,oracle_posterior_gain,4,3.0,0.0006554146655410598,False
final_input_token_layerwise,undisclosed,k9,oracle_posterior_gain,5,100.0,0.00023819491489643352,False
final_input_token_layerwise,undisclosed,k9,oracle_posterior_gain,6,3.0,0.0008654740449526854,False
final_input_token_layerwise,undisclosed,k9,oracle_posterior_gain,7,100.0,0.00021874101223023912,False
final_input_token_layerwise,undisclosed,k9,oracle_posterior_gain,8,100.0,-0.0007173439431036321,False
final_input_token_layerwise,undisclosed,k9,oracle_posterior_gain,9,100.0,-0.0004281017652732477,False
final_input_token_layerwise,undisclosed,k9,oracle_posterior_gain,10,100.0,-0.000473439702685291,False
final_input_token_layerwise,undisclosed,k9,oracle_posterior_gain,11,100.0,0.0011308301768428175,False
final_input_token_layerwise,undisclosed,k9,oracle_posterior_gain,12,3.0,0.007441875118348901,False
final_input_token_layerwise,undisclosed,k9,oracle_posterior_gain,13,0.1,0.07625747630821939,False
final_input_token_layerwise,undisclosed,k9,oracle_posterior_gain,14,0.1,0.06061145209012478,False
final_input_token_layerwise,undisclosed,k9,oracle_posterior_gain,15,3.0,0.02292916131456299,False
final_input_token_layerwise,undisclosed,k9,oracle_posterior_gain,16,3.0,0.03192282287925563,False
final_input_token_layerwise,undisclosed,k9,oracle_posterior_gain,17,3.0,0.009575885872981332,False
final_input_token_layerwise,undisclosed,k9,oracle_posterior_gain,18,100.0,0.0004987445338777707,False
final_input_token_layerwise,undisclosed,k9,oracle_posterior_gain,19,3.0,0.03433156839132129,False
final_input_token_layerwise,undisclosed,k9,oracle_posterior_gain,20,3.0,0.09722122842348396,False
final_input_token_layerwise,undisclosed,k9,oracle_posterior_gain,21,3.0,0.11043684477169144,False
final_input_token_layerwise,undisclosed,k9,oracle_posterior_gain,22,3.0,0.10703242450006337,False
final_input_token_layerwise,undisclosed,k9,oracle_posterior_gain,23,3.0,0.1151741157726279,False
final_input_token_layerwise,undisclosed,k9,oracle_posterior_gain,24,3.0,0.11796622730515405,True
final_input_token_layerwise,undisclosed,k9,oracle_posterior_gain,25,3.0,0.10158055114793677,False
final_input_token_layerwise,undisclosed,k9,oracle_posterior_gain,26,3.0,0.10260156094749431,False
final_input_token_layerwise,undisclosed,k9,oracle_posterior_gain,27,3.0,0.10885646191291679,False
final_input_token_layerwise,undisclosed,k9,oracle_posterior_gain,28,3.0,0.10210817996952581,False
final_input_token_layerwise,undisclosed,k9,oracle_posterior_gain,29,3.0,0.09409372967951998,False
final_input_token_layerwise,undisclosed,k9,oracle_posterior_gain,30,3.0,0.07538284857387356,False
final_input_token_layerwise,undisclosed,k9,oracle_posterior_gain,31,3.0,0.07167336007344649,False
final_input_token_layerwise,undisclosed,k9,oracle_posterior_gain,32,3.0,0.0700062410362908,False
final_input_token_layerwise,undisclosed,k9,oracle_posterior_gain,33,3.0,0.05780809835942041,False
final_input_token_layerwise,undisclosed,k9,oracle_posterior_gain,34,3.0,0.08976784933156809,False
final_input_token_layerwise,undisclosed,k9,oracle_posterior_gain,35,3.0,0.08830426153378215,False
final_input_token_layerwise,undisclosed,k9,oracle_posterior_gain,36,3.0,0.10190423280699265,False
final_input_token_layerwise,undisclosed,pooled,gain,0,0.0001,0.0,False
final_input_token_layerwise,undisclosed,pooled,gain,1,100.0,0.0012630009984896478,False
final_input_token_layerwise,undisclosed,pooled,gain,2,100.0,-0.0010903013558938763,False
final_input_token_layerwise,undisclosed,pooled,gain,3,100.0,-0.0014593131490349038,False
final_input_token_layerwise,undisclosed,pooled,gain,4,100.0,-0.0012076252252795534,False
final_input_token_layerwise,undisclosed,pooled,gain,5,100.0,0.0007699683416823958,False
final_input_token_layerwise,undisclosed,pooled,gain,6,100.0,2.442949232469201e-05,False
final_input_token_layerwise,undisclosed,pooled,gain,7,100.0,-1.7026797022136792e-05,False
final_input_token_layerwise,undisclosed,pooled,gain,8,100.0,-0.0009722014880248117,False
final_input_token_layerwise,undisclosed,pooled,gain,9,100.0,-0.00016304040021178356,False
final_input_token_layerwise,undisclosed,pooled,gain,10,100.0,-0.001216789896095638,False
final_input_token_layerwise,undisclosed,pooled,gain,11,100.0,-0.0006254116736118901,False
final_input_token_layerwise,undisclosed,pooled,gain,12,100.0,-0.0025727074340293385,False
final_input_token_layerwise,undisclosed,pooled,gain,13,100.0,-0.005211602606578232,False
final_input_token_layerwise,undisclosed,pooled,gain,14,100.0,-0.003989277280665347,False
final_input_token_layerwise,undisclosed,pooled,gain,15,100.0,-0.0028027495001329192,False
final_input_token_layerwise,undisclosed,pooled,gain,16,100.0,-0.0015031511005311933,False
final_input_token_layerwise,undisclosed,pooled,gain,17,100.0,-0.002239545776646812,False
final_input_token_layerwise,undisclosed,pooled,gain,18,100.0,0.0011956796568237023,False
final_input_token_layerwise,undisclosed,pooled,gain,19,3.0,0.017019613050304454,False
final_input_token_layerwise,undisclosed,pooled,gain,20,3.0,0.028013503037924315,False
final_input_token_layerwise,undisclosed,pooled,gain,21,100.0,0.009071513741562148,False
final_input_token_layerwise,undisclosed,pooled,gain,22,3.0,0.01710772207012774,False
final_input_token_layerwise,undisclosed,pooled,gain,23,3.0,0.03455890796844959,False
final_input_token_layerwise,undisclosed,pooled,gain,24,3.0,0.054344023559570825,False
final_input_token_layerwise,undisclosed,pooled,gain,25,3.0,0.042073151515499,False
final_input_token_layerwise,undisclosed,pooled,gain,26,3.0,0.04216742758310702,False
final_input_token_layerwise,undisclosed,pooled,gain,27,3.0,0.061093823993187336,True
final_input_token_layerwise,undisclosed,pooled,gain,28,3.0,0.04302814564927982,False
final_input_token_layerwise,undisclosed,pooled,gain,29,3.0,0.03145276677910685,False
final_input_token_layerwise,undisclosed,pooled,gain,30,3.0,0.013386584374809144,False
final_input_token_layerwise,undisclosed,pooled,gain,31,3.0,0.009010673714453651,False
final_input_token_layerwise,undisclosed,pooled,gain,32,100.0,0.006524464297285047,False
final_input_token_layerwise,undisclosed,pooled,gain,33,100.0,0.004031306710333295,False
final_input_token_layerwise,undisclosed,pooled,gain,34,100.0,0.0052622204189884765,False
final_input_token_layerwise,undisclosed,pooled,gain,35,100.0,0.00660530321800983,False
final_input_token_layerwise,undisclosed,pooled,gain,36,100.0,0.007779912669153326,False
final_input_token_layerwise,undisclosed,pooled,response_residual,0,0.0001,-2.7755575615628914e-17,False
final_input_token_layerwise,undisclosed,pooled,response_residual,1,100.0,-0.001281303058376861,False
final_input_token_layerwise,undisclosed,pooled,response_residual,2,100.0,-0.002779357756786014,False
final_input_token_layerwise,undisclosed,pooled,response_residual,3,100.0,-0.0023429945058629498,False
final_input_token_layerwise,undisclosed,pooled,response_residual,4,100.0,-0.002018976458149487,False
final_input_token_layerwise,undisclosed,pooled,response_residual,5,100.0,-0.0005244444622415079,False
final_input_token_layerwise,undisclosed,pooled,response_residual,6,100.0,-0.0006022543686955059,False
final_input_token_layerwise,undisclosed,pooled,response_residual,7,100.0,-0.0007739861495839606,False
final_input_token_layerwise,undisclosed,pooled,response_residual,8,100.0,-0.0018655980272264578,False
final_input_token_layerwise,undisclosed,pooled,response_residual,9,100.0,-0.0009938597840644752,False
final_input_token_layerwise,undisclosed,pooled,response_residual,10,100.0,-0.0016690757450032179,False
final_input_token_layerwise,undisclosed,pooled,response_residual,11,100.0,-0.001547615324324671,False
final_input_token_layerwise,undisclosed,pooled,response_residual,12,100.0,-0.0027938450516742743,False
final_input_token_layerwise,undisclosed,pooled,response_residual,13,100.0,-0.007052400696908119,False
final_input_token_layerwise,undisclosed,pooled,response_residual,14,100.0,-0.005197398643505362,False
final_input_token_layerwise,undisclosed,pooled,response_residual,15,100.0,-0.0030616839535690388,False
final_input_token_layerwise,undisclosed,pooled,response_residual,16,100.0,-0.0022405471295223744,False
final_input_token_layerwise,undisclosed,pooled,response_residual,17,100.0,-0.0023504882714862896,False
final_input_token_layerwise,undisclosed,pooled,response_residual,18,100.0,-0.000400475687427256,False
final_input_token_layerwise,undisclosed,pooled,response_residual,19,100.0,0.001952772661613635,False
final_input_token_layerwise,undisclosed,pooled,response_residual,20,100.0,0.0044213133423635365,False
final_input_token_layerwise,undisclosed,pooled,response_residual,21,100.0,0.003910780681396775,False
final_input_token_layerwise,undisclosed,pooled,response_residual,22,100.0,0.0017712169878323913,False
final_input_token_layerwise,undisclosed,pooled,response_residual,23,100.0,0.005669916124143498,False
final_input_token_layerwise,undisclosed,pooled,response_residual,24,100.0,0.0050889830033524945,False
final_input_token_layerwise,undisclosed,pooled,response_residual,25,100.0,0.007029498680623784,False
final_input_token_layerwise,undisclosed,pooled,response_residual,26,100.0,0.007478515892595794,False
final_input_token_layerwise,undisclosed,pooled,response_residual,27,100.0,0.009962861485034067,True
final_input_token_layerwise,undisclosed,pooled,response_residual,28,100.0,0.007898018411237218,False
final_input_token_layerwise,undisclosed,pooled,response_residual,29,100.0,0.006448292602976598,False
final_input_token_layerwise,undisclosed,pooled,response_residual,30,100.0,0.0034905630679581043,False
final_input_token_layerwise,undisclosed,pooled,response_residual,31,100.0,0.003109820070176794,False
final_input_token_layerwise,undisclosed,pooled,response_residual,32,100.0,0.0013669881135470556,False
final_input_token_layerwise,undisclosed,pooled,response_residual,33,100.0,-0.0006173146693810305,False
final_input_token_layerwise,undisclosed,pooled,response_residual,34,100.0,-4.723851045940197e-05,False
final_input_token_layerwise,undisclosed,pooled,response_residual,35,100.0,0.0006891954535928521,False
final_input_token_layerwise,undisclosed,pooled,response_residual,36,100.0,0.0017054471854075677,False
mean_embedding,disclosed,k3,gain,0,100.0,-0.0013393875603101013,True
mean_embedding,disclosed,k3,response_residual,0,100.0,-0.00047630881776636325,True
mean_embedding,disclosed,k6,gain,0,100.0,-0.00017146628251396567,True
mean_embedding,disclosed,k6,response_residual,0,100.0,0.0009699176825104794,True
mean_embedding,disclosed,k9,gain,0,100.0,-0.0007117472640997269,True
mean_embedding,disclosed,k9,response_residual,0,100.0,0.000953518261265135,True
mean_embedding,disclosed,pooled,gain,0,100.0,-0.00911051926355024,True
mean_embedding,disclosed,pooled,response_residual,0,100.0,-0.002252039089797505,True
mean_embedding,undisclosed,k3,gain,0,100.0,-0.0015577820481136873,True
mean_embedding,undisclosed,k3,response_residual,0,100.0,-0.0006124525688177007,True
mean_embedding,undisclosed,k6,gain,0,100.0,-0.00029001209052947896,True
mean_embedding,undisclosed,k6,response_residual,0,100.0,0.0009460246119616933,True
mean_embedding,undisclosed,k9,gain,0,100.0,-0.0008389494439039191,True
mean_embedding,undisclosed,k9,response_residual,0,100.0,0.0009659547891521236,True
mean_embedding,undisclosed,pooled,gain,0,100.0,-0.009139188506194404,True
mean_embedding,undisclosed,pooled,response_residual,0,100.0,-0.0022825781034909085,True
mean_final_layer,disclosed,k3,gain,0,100.0,-0.00016755387892702922,True
mean_final_layer,disclosed,k3,response_residual,0,100.0,-0.0003523445905105338,True
mean_final_layer,disclosed,k6,gain,0,3.0,0.007176646556091182,True
mean_final_layer,disclosed,k6,response_residual,0,100.0,-6.241718234217819e-05,True
mean_final_layer,disclosed,k9,gain,0,0.1,0.043198870852886706,True
mean_final_layer,disclosed,k9,response_residual,0,3.0,0.010790297298975238,True
mean_final_layer,disclosed,pooled,gain,0,100.0,0.005411062775634208,True
mean_final_layer,disclosed,pooled,response_residual,0,100.0,-0.0005349640446610052,True
mean_final_layer,undisclosed,k3,gain,0,100.0,-0.0006973271311601636,True
mean_final_layer,undisclosed,k3,response_residual,0,100.0,-0.0008895612407510134,True
mean_final_layer,undisclosed,k6,gain,0,100.0,-0.0003637604535715322,True
mean_final_layer,undisclosed,k6,response_residual,0,100.0,-0.0006431649653994842,True
mean_final_layer,undisclosed,k9,gain,0,3.0,0.015466763375186099,True
mean_final_layer,undisclosed,k9,response_residual,0,100.0,5.447084232840238e-05,True
mean_final_layer,undisclosed,pooled,gain,0,100.0,-1.7114517468090156e-05,True
mean_final_layer,undisclosed,pooled,response_residual,0,100.0,-0.00627950291083169,True
