representation,train_disclosure,evidence,target,layer,alpha,cv_macro_development_baseline_r2,selected
final_input_token_layerwise,disclosed,k3,gain,0,0.0001,0.0,False
final_input_token_layerwise,disclosed,k3,gain,1,100.0,0.0007281799782194176,False
final_input_token_layerwise,disclosed,k3,gain,2,100.0,0.0010524113757297282,False
final_input_token_layerwise,disclosed,k3,gain,3,100.0,0.0009631885537396412,False
final_input_token_layerwise,disclosed,k3,gain,4,3.0,0.006887032849521857,True
final_input_token_layerwise,disclosed,k3,gain,5,100.0,0.0005707877827057228,False
final_input_token_layerwise,disclosed,k3,gain,6,100.0,0.0001283316309442506,False
final_input_token_layerwise,disclosed,k3,gain,7,100.0,-4.576779991943836e-05,False
final_input_token_layerwise,disclosed,k3,gain,8,100.0,-0.00011195043941436555,False
final_input_token_layerwise,disclosed,k3,gain,9,100.0,-0.0004815135663887582,False
final_input_token_layerwise,disclosed,k3,gain,10,100.0,-6.7264117387111355e-06,False
final_input_token_layerwise,disclosed,k3,gain,11,100.0,2.5541346277024868e-05,False
final_input_token_layerwise,disclosed,k3,gain,12,100.0,-0.00010816005362651593,False
final_input_token_layerwise,disclosed,k3,gain,13,100.0,-0.00048118040898031955,False
final_input_token_layerwise,disclosed,k3,gain,14,100.0,-0.0006130501089218199,False
final_input_token_layerwise,disclosed,k3,gain,15,100.0,-0.0008098891094895089,False
final_input_token_layerwise,disclosed,k3,gain,16,100.0,-0.00044352142560169505,False
final_input_token_layerwise,disclosed,k3,gain,17,100.0,-0.0008143594732022419,False
final_input_token_layerwise,disclosed,k3,gain,18,100.0,-0.0006111292307616478,False
final_input_token_layerwise,disclosed,k3,gain,19,100.0,-0.00045573461055142817,False
final_input_token_layerwise,disclosed,k3,gain,20,100.0,-0.000734460396817932,False
final_input_token_layerwise,disclosed,k3,gain,21,100.0,-0.0009582733606473826,False
final_input_token_layerwise,disclosed,k3,gain,22,100.0,-0.0007634864310348544,False
final_input_token_layerwise,disclosed,k3,gain,23,100.0,-0.0006381293730149118,False
final_input_token_layerwise,disclosed,k3,gain,24,100.0,-0.0006957513944451377,False
final_input_token_layerwise,disclosed,k3,gain,25,100.0,-0.0004479465990872844,False
final_input_token_layerwise,disclosed,k3,gain,26,100.0,-9.667248457262412e-05,False
final_input_token_layerwise,disclosed,k3,gain,27,100.0,-0.00019299216805335195,False
final_input_token_layerwise,disclosed,k3,gain,28,100.0,-2.792845382773579e-05,False
final_input_token_layerwise,disclosed,k3,gain,29,100.0,-2.96221514345385e-06,False
final_input_token_layerwise,disclosed,k3,gain,30,100.0,4.616608405816347e-05,False
final_input_token_layerwise,disclosed,k3,gain,31,100.0,0.00014979937395612208,False
final_input_token_layerwise,disclosed,k3,gain,32,100.0,0.00022748674314779227,False
final_input_token_layerwise,disclosed,k3,gain,33,100.0,0.0004332039311229774,False
final_input_token_layerwise,disclosed,k3,gain,34,100.0,0.0005139898907332019,False
final_input_token_layerwise,disclosed,k3,gain,35,100.0,0.0004099926886009797,False
final_input_token_layerwise,disclosed,k3,gain,36,100.0,0.00037905527989789967,False
final_input_token_layerwise,disclosed,k3,response_residual,0,0.0001,-2.7755575615628914e-17,False
final_input_token_layerwise,disclosed,k3,response_residual,1,100.0,0.000619199577981594,True
final_input_token_layerwise,disclosed,k3,response_residual,2,100.0,0.0005678387420275377,False
final_input_token_layerwise,disclosed,k3,response_residual,3,100.0,0.0005987007732042859,False
final_input_token_layerwise,disclosed,k3,response_residual,4,100.0,0.00045396823173018963,False
final_input_token_layerwise,disclosed,k3,response_residual,5,100.0,8.264685473818867e-05,False
final_input_token_layerwise,disclosed,k3,response_residual,6,100.0,-0.00017168197783179462,False
final_input_token_layerwise,disclosed,k3,response_residual,7,100.0,-0.000522687245432113,False
final_input_token_layerwise,disclosed,k3,response_residual,8,100.0,-0.0005635911700041518,False
final_input_token_layerwise,disclosed,k3,response_residual,9,100.0,-0.0009184749743323395,False
final_input_token_layerwise,disclosed,k3,response_residual,10,100.0,-0.0004243182051386629,False
final_input_token_layerwise,disclosed,k3,response_residual,11,100.0,-0.00032224921692947106,False
final_input_token_layerwise,disclosed,k3,response_residual,12,100.0,-0.0004916487452744922,False
final_input_token_layerwise,disclosed,k3,response_residual,13,100.0,-0.0007230204383806282,False
final_input_token_layerwise,disclosed,k3,response_residual,14,100.0,-0.0007973798081001848,False
final_input_token_layerwise,disclosed,k3,response_residual,15,100.0,-0.0007514366875558398,False
final_input_token_layerwise,disclosed,k3,response_residual,16,100.0,-0.00028184344393072935,False
final_input_token_layerwise,disclosed,k3,response_residual,17,100.0,-0.0007469028376891895,False
final_input_token_layerwise,disclosed,k3,response_residual,18,100.0,-0.000582514934598044,False
final_input_token_layerwise,disclosed,k3,response_residual,19,100.0,-0.00043106225506273077,False
final_input_token_layerwise,disclosed,k3,response_residual,20,100.0,-0.0006891960558488563,False
final_input_token_layerwise,disclosed,k3,response_residual,21,100.0,-0.0009045731366394694,False
final_input_token_layerwise,disclosed,k3,response_residual,22,100.0,-0.0007488503926545431,False
final_input_token_layerwise,disclosed,k3,response_residual,23,100.0,-0.0007119631788464753,False
final_input_token_layerwise,disclosed,k3,response_residual,24,100.0,-0.0007334365407576093,False
final_input_token_layerwise,disclosed,k3,response_residual,25,100.0,-0.0004921001964503235,False
final_input_token_layerwise,disclosed,k3,response_residual,26,100.0,-0.00024984761968943614,False
final_input_token_layerwise,disclosed,k3,response_residual,27,100.0,-0.00023750145692691405,False
final_input_token_layerwise,disclosed,k3,response_residual,28,100.0,-8.41938227918726e-05,False
final_input_token_layerwise,disclosed,k3,response_residual,29,100.0,2.2298662807368475e-05,False
final_input_token_layerwise,disclosed,k3,response_residual,30,100.0,7.355992578006454e-06,False
final_input_token_layerwise,disclosed,k3,response_residual,31,100.0,5.222207800059664e-05,False
final_input_token_layerwise,disclosed,k3,response_residual,32,100.0,0.0002460007021492516,False
final_input_token_layerwise,disclosed,k3,response_residual,33,100.0,0.0004969736556710846,False
final_input_token_layerwise,disclosed,k3,response_residual,34,100.0,0.0006011025251392299,False
final_input_token_layerwise,disclosed,k3,response_residual,35,100.0,0.0005527864073473221,False
final_input_token_layerwise,disclosed,k3,response_residual,36,100.0,0.0005292980962655347,False
final_input_token_layerwise,disclosed,k3,last_target_observation,0,0.0001,-8.326672684688674e-17,False
final_input_token_layerwise,disclosed,k3,last_target_observation,1,0.1,0.08035218420119225,True
final_input_token_layerwise,disclosed,k3,last_target_observation,2,100.0,0.00029777317461485153,False
final_input_token_layerwise,disclosed,k3,last_target_observation,3,100.0,0.0006329115195609358,False
final_input_token_layerwise,disclosed,k3,last_target_observation,4,100.0,0.0006943672440635207,False
final_input_token_layerwise,disclosed,k3,last_target_observation,5,100.0,0.0002173383788076355,False
final_input_token_layerwise,disclosed,k3,last_target_observation,6,100.0,0.0003147230582613014,False
final_input_token_layerwise,disclosed,k3,last_target_observation,7,100.0,0.00011933741574030043,False
final_input_token_layerwise,disclosed,k3,last_target_observation,8,100.0,-0.00043446826433729546,False
final_input_token_layerwise,disclosed,k3,last_target_observation,9,100.0,-0.0009478952802735585,False
final_input_token_layerwise,disclosed,k3,last_target_observation,10,100.0,-0.0009568700882711112,False
final_input_token_layerwise,disclosed,k3,last_target_observation,11,100.0,-0.0013986229190828259,False
final_input_token_layerwise,disclosed,k3,last_target_observation,12,100.0,-0.0010185303186216188,False
final_input_token_layerwise,disclosed,k3,last_target_observation,13,100.0,-0.001070161319622398,False
final_input_token_layerwise,disclosed,k3,last_target_observation,14,100.0,-0.0011089345074868917,False
final_input_token_layerwise,disclosed,k3,last_target_observation,15,100.0,-0.000901160556632502,False
final_input_token_layerwise,disclosed,k3,last_target_observation,16,100.0,-0.0012173209900013804,False
final_input_token_layerwise,disclosed,k3,last_target_observation,17,100.0,-0.0003502487678327948,False
final_input_token_layerwise,disclosed,k3,last_target_observation,18,100.0,-0.00026482780103420644,False
final_input_token_layerwise,disclosed,k3,last_target_observation,19,100.0,-0.00067906161498682,False
final_input_token_layerwise,disclosed,k3,last_target_observation,20,100.0,-0.0009838936073295335,False
final_input_token_layerwise,disclosed,k3,last_target_observation,21,3.0,0.023558960544074636,False
final_input_token_layerwise,disclosed,k3,last_target_observation,22,3.0,0.024129924530605806,False
final_input_token_layerwise,disclosed,k3,last_target_observation,23,3.0,0.020070981308772745,False
final_input_token_layerwise,disclosed,k3,last_target_observation,24,3.0,0.0261043643950373,False
final_input_token_layerwise,disclosed,k3,last_target_observation,25,3.0,0.026465134298603005,False
final_input_token_layerwise,disclosed,k3,last_target_observation,26,3.0,0.016142136356223608,False
final_input_token_layerwise,disclosed,k3,last_target_observation,27,3.0,0.02479560542827819,False
final_input_token_layerwise,disclosed,k3,last_target_observation,28,3.0,0.021347551890116723,False
final_input_token_layerwise,disclosed,k3,last_target_observation,29,3.0,0.017676347040595952,False
final_input_token_layerwise,disclosed,k3,last_target_observation,30,3.0,0.01211922606731819,False
final_input_token_layerwise,disclosed,k3,last_target_observation,31,3.0,0.012613718830821657,False
final_input_token_layerwise,disclosed,k3,last_target_observation,32,3.0,0.014862632218338862,False
final_input_token_layerwise,disclosed,k3,last_target_observation,33,3.0,0.021725221414867574,False
final_input_token_layerwise,disclosed,k3,last_target_observation,34,3.0,0.016619839824935367,False
final_input_token_layerwise,disclosed,k3,last_target_observation,35,3.0,0.015377157790039897,False
final_input_token_layerwise,disclosed,k3,last_target_observation,36,3.0,0.016410891784599868,False
final_input_token_layerwise,disclosed,k3,target_observation_mean,0,0.0001,5.551115123125783e-17,False
final_input_token_layerwise,disclosed,k3,target_observation_mean,1,3.0,0.04242604737005545,True
final_input_token_layerwise,disclosed,k3,target_observation_mean,2,3.0,0.012509550020385007,False
final_input_token_layerwise,disclosed,k3,target_observation_mean,3,3.0,0.014260487962114793,False
final_input_token_layerwise,disclosed,k3,target_observation_mean,4,3.0,0.0019126144502645548,False
final_input_token_layerwise,disclosed,k3,target_observation_mean,5,100.0,0.00017381415646053333,False
final_input_token_layerwise,disclosed,k3,target_observation_mean,6,100.0,0.00045265967683350006,False
final_input_token_layerwise,disclosed,k3,target_observation_mean,7,100.0,0.0003399969940296732,False
final_input_token_layerwise,disclosed,k3,target_observation_mean,8,100.0,0.0005051267370645707,False
final_input_token_layerwise,disclosed,k3,target_observation_mean,9,100.0,-0.00030482398335796024,False
final_input_token_layerwise,disclosed,k3,target_observation_mean,10,100.0,-0.0005699568429405888,False
final_input_token_layerwise,disclosed,k3,target_observation_mean,11,100.0,-0.0005951037045588414,False
final_input_token_layerwise,disclosed,k3,target_observation_mean,12,100.0,8.376827802786257e-05,False
final_input_token_layerwise,disclosed,k3,target_observation_mean,13,100.0,-0.00019310484276202633,False
final_input_token_layerwise,disclosed,k3,target_observation_mean,14,100.0,-0.00025522133725286444,False
final_input_token_layerwise,disclosed,k3,target_observation_mean,15,100.0,2.0328942225311675e-05,False
final_input_token_layerwise,disclosed,k3,target_observation_mean,16,100.0,7.08892924449478e-05,False
final_input_token_layerwise,disclosed,k3,target_observation_mean,17,100.0,3.16523307490324e-05,False
final_input_token_layerwise,disclosed,k3,target_observation_mean,18,100.0,-6.217087958651502e-05,False
final_input_token_layerwise,disclosed,k3,target_observation_mean,19,100.0,-0.00015380895715116916,False
final_input_token_layerwise,disclosed,k3,target_observation_mean,20,100.0,-0.00056100843991716,False
final_input_token_layerwise,disclosed,k3,target_observation_mean,21,100.0,0.0007311957339684039,False
final_input_token_layerwise,disclosed,k3,target_observation_mean,22,100.0,0.00039692245513142654,False
final_input_token_layerwise,disclosed,k3,target_observation_mean,23,100.0,0.0002486756687516134,False
final_input_token_layerwise,disclosed,k3,target_observation_mean,24,100.0,6.602287767787374e-05,False
final_input_token_layerwise,disclosed,k3,target_observation_mean,25,100.0,-0.00027364827530257374,False
final_input_token_layerwise,disclosed,k3,target_observation_mean,26,100.0,-0.00029303250567996875,False
final_input_token_layerwise,disclosed,k3,target_observation_mean,27,100.0,-6.760554456178292e-05,False
final_input_token_layerwise,disclosed,k3,target_observation_mean,28,100.0,-0.00011008589700464699,False
final_input_token_layerwise,disclosed,k3,target_observation_mean,29,100.0,-0.00020865366978148336,False
final_input_token_layerwise,disclosed,k3,target_observation_mean,30,100.0,-0.0007456643176382283,False
final_input_token_layerwise,disclosed,k3,target_observation_mean,31,100.0,-0.0005199580451703545,False
final_input_token_layerwise,disclosed,k3,target_observation_mean,32,100.0,-0.0010059867333369055,False
final_input_token_layerwise,disclosed,k3,target_observation_mean,33,100.0,-0.0007774809544201233,False
final_input_token_layerwise,disclosed,k3,target_observation_mean,34,100.0,-0.0012367637049662261,False
final_input_token_layerwise,disclosed,k3,target_observation_mean,35,100.0,-0.0012250583182868702,False
final_input_token_layerwise,disclosed,k3,target_observation_mean,36,100.0,-0.0006879976590859482,False
final_input_token_layerwise,disclosed,k3,target_time_slope,0,0.0001,0.0,False
final_input_token_layerwise,disclosed,k3,target_time_slope,1,100.0,-0.0006688901141885806,False
final_input_token_layerwise,disclosed,k3,target_time_slope,2,100.0,-0.0036163492715113876,False
final_input_token_layerwise,disclosed,k3,target_time_slope,3,100.0,-0.0022473517592695447,False
final_input_token_layerwise,disclosed,k3,target_time_slope,4,100.0,-0.001090561246208821,False
final_input_token_layerwise,disclosed,k3,target_time_slope,5,100.0,-0.0010424820136448465,False
final_input_token_layerwise,disclosed,k3,target_time_slope,6,100.0,-0.0012942410163569729,False
final_input_token_layerwise,disclosed,k3,target_time_slope,7,100.0,-0.0012420606535080425,False
final_input_token_layerwise,disclosed,k3,target_time_slope,8,100.0,-0.0015483807399902516,False
final_input_token_layerwise,disclosed,k3,target_time_slope,9,100.0,-0.0013747706870193832,False
final_input_token_layerwise,disclosed,k3,target_time_slope,10,100.0,-0.0007378142116826469,False
final_input_token_layerwise,disclosed,k3,target_time_slope,11,100.0,-0.0010346010342441037,False
final_input_token_layerwise,disclosed,k3,target_time_slope,12,100.0,-0.0005925814159729037,False
final_input_token_layerwise,disclosed,k3,target_time_slope,13,100.0,-0.0006401274096106968,False
final_input_token_layerwise,disclosed,k3,target_time_slope,14,100.0,-0.0010495035587681778,False
final_input_token_layerwise,disclosed,k3,target_time_slope,15,100.0,-0.001426385574260114,False
final_input_token_layerwise,disclosed,k3,target_time_slope,16,100.0,-0.0016715929049740397,False
final_input_token_layerwise,disclosed,k3,target_time_slope,17,100.0,-0.0010779241990532262,False
final_input_token_layerwise,disclosed,k3,target_time_slope,18,100.0,-0.001306082983732637,False
final_input_token_layerwise,disclosed,k3,target_time_slope,19,100.0,-0.001519822135861798,False
final_input_token_layerwise,disclosed,k3,target_time_slope,20,100.0,-0.0016495634866359188,False
final_input_token_layerwise,disclosed,k3,target_time_slope,21,100.0,-0.00031190448840917595,False
final_input_token_layerwise,disclosed,k3,target_time_slope,22,100.0,-0.0002778346808544885,False
final_input_token_layerwise,disclosed,k3,target_time_slope,23,100.0,-0.0003295960191008196,False
final_input_token_layerwise,disclosed,k3,target_time_slope,24,100.0,9.31324453542215e-05,False
final_input_token_layerwise,disclosed,k3,target_time_slope,25,3.0,0.001620199877957057,False
final_input_token_layerwise,disclosed,k3,target_time_slope,26,100.0,0.00024364423522132972,False
final_input_token_layerwise,disclosed,k3,target_time_slope,27,3.0,0.0026296249387597337,False
final_input_token_layerwise,disclosed,k3,target_time_slope,28,3.0,0.004472820620007756,True
final_input_token_layerwise,disclosed,k3,target_time_slope,29,100.0,0.00012009599926893211,False
final_input_token_layerwise,disclosed,k3,target_time_slope,30,100.0,-9.944933536398803e-07,False
final_input_token_layerwise,disclosed,k3,target_time_slope,31,100.0,-0.00018417683889812575,False
final_input_token_layerwise,disclosed,k3,target_time_slope,32,100.0,-0.00014670442764599945,False
final_input_token_layerwise,disclosed,k3,target_time_slope,33,3.0,0.00322970746064169,False
final_input_token_layerwise,disclosed,k3,target_time_slope,34,3.0,0.0018949276684009364,False
final_input_token_layerwise,disclosed,k3,target_time_slope,35,3.0,0.002072852098541411,False
final_input_token_layerwise,disclosed,k3,target_time_slope,36,100.0,0.00010891200575205429,False
final_input_token_layerwise,disclosed,k3,displayed_driver_outcome_slope,0,0.0001,5.551115123125783e-17,False
final_input_token_layerwise,disclosed,k3,displayed_driver_outcome_slope,1,100.0,-0.0013974535584648229,False
final_input_token_layerwise,disclosed,k3,displayed_driver_outcome_slope,2,3.0,0.028060792437799714,True
final_input_token_layerwise,disclosed,k3,displayed_driver_outcome_slope,3,3.0,0.027104639890790955,False
final_input_token_layerwise,disclosed,k3,displayed_driver_outcome_slope,4,3.0,0.020657367385111203,False
final_input_token_layerwise,disclosed,k3,displayed_driver_outcome_slope,5,3.0,0.015639716656859676,False
final_input_token_layerwise,disclosed,k3,displayed_driver_outcome_slope,6,3.0,0.014743577460483354,False
final_input_token_layerwise,disclosed,k3,displayed_driver_outcome_slope,7,3.0,0.003133027736204136,False
final_input_token_layerwise,disclosed,k3,displayed_driver_outcome_slope,8,100.0,0.00111077822702621,False
final_input_token_layerwise,disclosed,k3,displayed_driver_outcome_slope,9,3.0,0.0014836149964900236,False
final_input_token_layerwise,disclosed,k3,displayed_driver_outcome_slope,10,100.0,0.0007688506044022658,False
final_input_token_layerwise,disclosed,k3,displayed_driver_outcome_slope,11,3.0,0.0068597323150494105,False
final_input_token_layerwise,disclosed,k3,displayed_driver_outcome_slope,12,3.0,0.012265626671154689,False
final_input_token_layerwise,disclosed,k3,displayed_driver_outcome_slope,13,3.0,0.010925963498779612,False
final_input_token_layerwise,disclosed,k3,displayed_driver_outcome_slope,14,3.0,0.009309707702146952,False
final_input_token_layerwise,disclosed,k3,displayed_driver_outcome_slope,15,3.0,0.008043080955552367,False
final_input_token_layerwise,disclosed,k3,displayed_driver_outcome_slope,16,100.0,0.0009338184604007482,False
final_input_token_layerwise,disclosed,k3,displayed_driver_outcome_slope,17,3.0,0.008912723326465727,False
final_input_token_layerwise,disclosed,k3,displayed_driver_outcome_slope,18,3.0,0.007524570414386977,False
final_input_token_layerwise,disclosed,k3,displayed_driver_outcome_slope,19,3.0,0.014130734953041457,False
final_input_token_layerwise,disclosed,k3,displayed_driver_outcome_slope,20,3.0,0.01816039023215721,False
final_input_token_layerwise,disclosed,k3,displayed_driver_outcome_slope,21,3.0,0.018923093251070305,False
final_input_token_layerwise,disclosed,k3,displayed_driver_outcome_slope,22,3.0,0.010075179213367813,False
final_input_token_layerwise,disclosed,k3,displayed_driver_outcome_slope,23,3.0,0.014007808530994093,False
final_input_token_layerwise,disclosed,k3,displayed_driver_outcome_slope,24,3.0,0.014998534334128788,False
final_input_token_layerwise,disclosed,k3,displayed_driver_outcome_slope,25,3.0,0.013560806385974844,False
final_input_token_layerwise,disclosed,k3,displayed_driver_outcome_slope,26,3.0,0.01600497291873984,False
final_input_token_layerwise,disclosed,k3,displayed_driver_outcome_slope,27,3.0,0.008966689371685849,False
final_input_token_layerwise,disclosed,k3,displayed_driver_outcome_slope,28,3.0,0.009722902233744751,False
final_input_token_layerwise,disclosed,k3,displayed_driver_outcome_slope,29,3.0,0.00878490444152838,False
final_input_token_layerwise,disclosed,k3,displayed_driver_outcome_slope,30,3.0,0.007374373804902523,False
final_input_token_layerwise,disclosed,k3,displayed_driver_outcome_slope,31,3.0,0.013858788936822491,False
final_input_token_layerwise,disclosed,k3,displayed_driver_outcome_slope,32,3.0,0.011139188388058663,False
final_input_token_layerwise,disclosed,k3,displayed_driver_outcome_slope,33,3.0,0.015021339884020768,False
final_input_token_layerwise,disclosed,k3,displayed_driver_outcome_slope,34,3.0,0.01844742274957628,False
final_input_token_layerwise,disclosed,k3,displayed_driver_outcome_slope,35,3.0,0.016898532536199662,False
final_input_token_layerwise,disclosed,k3,displayed_driver_outcome_slope,36,3.0,0.021301762946582897,False
final_input_token_layerwise,disclosed,k3,oracle_posterior_gain,0,0.0001,0.0,True
final_input_token_layerwise,disclosed,k3,oracle_posterior_gain,1,100.0,-5.797950103120231e-05,False
final_input_token_layerwise,disclosed,k3,oracle_posterior_gain,2,100.0,-0.0032861116347017716,False
final_input_token_layerwise,disclosed,k3,oracle_posterior_gain,3,100.0,-0.002660413565113956,False
final_input_token_layerwise,disclosed,k3,oracle_posterior_gain,4,100.0,-0.0018026119226857706,False
final_input_token_layerwise,disclosed,k3,oracle_posterior_gain,5,100.0,-0.0015169269348927483,False
final_input_token_layerwise,disclosed,k3,oracle_posterior_gain,6,100.0,-0.0012836759036804757,False
final_input_token_layerwise,disclosed,k3,oracle_posterior_gain,7,100.0,-0.001556748023406912,False
final_input_token_layerwise,disclosed,k3,oracle_posterior_gain,8,100.0,-0.0015085187379960119,False
final_input_token_layerwise,disclosed,k3,oracle_posterior_gain,9,100.0,-0.001789628387638409,False
final_input_token_layerwise,disclosed,k3,oracle_posterior_gain,10,100.0,-0.0013496429200516302,False
final_input_token_layerwise,disclosed,k3,oracle_posterior_gain,11,100.0,-0.0012435224143467483,False
final_input_token_layerwise,disclosed,k3,oracle_posterior_gain,12,100.0,-0.0011912134770638294,False
final_input_token_layerwise,disclosed,k3,oracle_posterior_gain,13,100.0,-0.0010651822679713652,False
final_input_token_layerwise,disclosed,k3,oracle_posterior_gain,14,100.0,-0.0009528308555769305,False
final_input_token_layerwise,disclosed,k3,oracle_posterior_gain,15,100.0,-0.0013949767063984042,False
final_input_token_layerwise,disclosed,k3,oracle_posterior_gain,16,100.0,-0.0013434119985794857,False
final_input_token_layerwise,disclosed,k3,oracle_posterior_gain,17,100.0,-0.0020923417734199368,False
final_input_token_layerwise,disclosed,k3,oracle_posterior_gain,18,100.0,-0.0025395375305389267,False
final_input_token_layerwise,disclosed,k3,oracle_posterior_gain,19,100.0,-0.0013975833719274688,False
final_input_token_layerwise,disclosed,k3,oracle_posterior_gain,20,100.0,-0.0016610581264035196,False
final_input_token_layerwise,disclosed,k3,oracle_posterior_gain,21,100.0,-0.0018067469809380232,False
final_input_token_layerwise,disclosed,k3,oracle_posterior_gain,22,100.0,-0.0017005149154906696,False
final_input_token_layerwise,disclosed,k3,oracle_posterior_gain,23,100.0,-0.0011852524815281762,False
final_input_token_layerwise,disclosed,k3,oracle_posterior_gain,24,100.0,-0.0015317291702914848,False
final_input_token_layerwise,disclosed,k3,oracle_posterior_gain,25,100.0,-0.0019064333039076065,False
final_input_token_layerwise,disclosed,k3,oracle_posterior_gain,26,100.0,-0.0015667938304516627,False
final_input_token_layerwise,disclosed,k3,oracle_posterior_gain,27,100.0,-0.0018224390111661048,False
final_input_token_layerwise,disclosed,k3,oracle_posterior_gain,28,100.0,-0.0015923580683958882,False
final_input_token_layerwise,disclosed,k3,oracle_posterior_gain,29,100.0,-0.0014756256926719558,False
final_input_token_layerwise,disclosed,k3,oracle_posterior_gain,30,100.0,-0.0014458277342069004,False
final_input_token_layerwise,disclosed,k3,oracle_posterior_gain,31,100.0,-0.0015461441957577149,False
final_input_token_layerwise,disclosed,k3,oracle_posterior_gain,32,100.0,-0.0010573235001345715,False
final_input_token_layerwise,disclosed,k3,oracle_posterior_gain,33,100.0,-0.0006039913012321207,False
final_input_token_layerwise,disclosed,k3,oracle_posterior_gain,34,100.0,-0.0009377921177655679,False
final_input_token_layerwise,disclosed,k3,oracle_posterior_gain,35,100.0,-0.0013029781424558629,False
final_input_token_layerwise,disclosed,k3,oracle_posterior_gain,36,100.0,-0.0011964148481582448,False
final_input_token_layerwise,disclosed,k6,gain,0,0.0001,0.0,False
final_input_token_layerwise,disclosed,k6,gain,1,3.0,0.004567877084463823,True
final_input_token_layerwise,disclosed,k6,gain,2,100.0,-0.0009987638187153036,False
final_input_token_layerwise,disclosed,k6,gain,3,100.0,-0.000944536627617315,False
final_input_token_layerwise,disclosed,k6,gain,4,100.0,-0.0009901556689391466,False
final_input_token_layerwise,disclosed,k6,gain,5,100.0,-0.0010702389844024773,False
final_input_token_layerwise,disclosed,k6,gain,6,100.0,-0.0011058947497077365,False
final_input_token_layerwise,disclosed,k6,gain,7,100.0,-0.0011965704744824057,False
final_input_token_layerwise,disclosed,k6,gain,8,100.0,-0.0012788845827119977,False
final_input_token_layerwise,disclosed,k6,gain,9,100.0,-0.00111171157284215,False
final_input_token_layerwise,disclosed,k6,gain,10,100.0,-0.00129258843985669,False
final_input_token_layerwise,disclosed,k6,gain,11,100.0,-0.0010766067616893027,False
final_input_token_layerwise,disclosed,k6,gain,12,100.0,-0.0012522929637180658,False
final_input_token_layerwise,disclosed,k6,gain,13,100.0,-0.0013883771098174014,False
final_input_token_layerwise,disclosed,k6,gain,14,100.0,-0.0014054610739724638,False
final_input_token_layerwise,disclosed,k6,gain,15,100.0,-0.0014700474565405575,False
final_input_token_layerwise,disclosed,k6,gain,16,100.0,-0.0016803482213982313,False
final_input_token_layerwise,disclosed,k6,gain,17,100.0,-0.001620123040258048,False
final_input_token_layerwise,disclosed,k6,gain,18,100.0,-0.0016221822837209632,False
final_input_token_layerwise,disclosed,k6,gain,19,100.0,-0.0019329398856692825,False
final_input_token_layerwise,disclosed,k6,gain,20,100.0,-0.0016849401978069056,False
final_input_token_layerwise,disclosed,k6,gain,21,100.0,-0.0016812183191112773,False
final_input_token_layerwise,disclosed,k6,gain,22,100.0,-0.0017941508681777463,False
final_input_token_layerwise,disclosed,k6,gain,23,100.0,-0.001904741604777993,False
final_input_token_layerwise,disclosed,k6,gain,24,100.0,-0.0020940475452103646,False
final_input_token_layerwise,disclosed,k6,gain,25,100.0,-0.0019314408777721948,False
final_input_token_layerwise,disclosed,k6,gain,26,100.0,-0.0018560040676229017,False
final_input_token_layerwise,disclosed,k6,gain,27,100.0,-0.0017908903528936204,False
final_input_token_layerwise,disclosed,k6,gain,28,100.0,-0.001881110613115744,False
final_input_token_layerwise,disclosed,k6,gain,29,100.0,-0.0019378839766253098,False
final_input_token_layerwise,disclosed,k6,gain,30,100.0,-0.0016363898894936058,False
final_input_token_layerwise,disclosed,k6,gain,31,100.0,-0.0017547742579670511,False
final_input_token_layerwise,disclosed,k6,gain,32,100.0,-0.001480252288759587,False
final_input_token_layerwise,disclosed,k6,gain,33,100.0,-0.0014134905850460011,False
final_input_token_layerwise,disclosed,k6,gain,34,100.0,-0.0014390861058825588,False
final_input_token_layerwise,disclosed,k6,gain,35,100.0,-0.0015350732369941722,False
final_input_token_layerwise,disclosed,k6,gain,36,100.0,-0.0015520454130430739,False
final_input_token_layerwise,disclosed,k6,response_residual,0,0.0001,-2.7755575615628914e-17,False
final_input_token_layerwise,disclosed,k6,response_residual,1,3.0,0.006309035812552183,True
final_input_token_layerwise,disclosed,k6,response_residual,2,100.0,-0.0010670590946584846,False
final_input_token_layerwise,disclosed,k6,response_residual,3,100.0,-0.001036396970008041,False
final_input_token_layerwise,disclosed,k6,response_residual,4,100.0,-0.001205491728554553,False
final_input_token_layerwise,disclosed,k6,response_residual,5,100.0,-0.0014916937970959887,False
final_input_token_layerwise,disclosed,k6,response_residual,6,100.0,-0.0015138714408475806,False
final_input_token_layerwise,disclosed,k6,response_residual,7,100.0,-0.0014127272724321072,False
final_input_token_layerwise,disclosed,k6,response_residual,8,100.0,-0.0014527177922420698,False
final_input_token_layerwise,disclosed,k6,response_residual,9,100.0,-0.0013227640050275935,False
final_input_token_layerwise,disclosed,k6,response_residual,10,100.0,-0.001432076327808951,False
final_input_token_layerwise,disclosed,k6,response_residual,11,100.0,-0.001294959988225236,False
final_input_token_layerwise,disclosed,k6,response_residual,12,100.0,-0.0014236695307578706,False
final_input_token_layerwise,disclosed,k6,response_residual,13,100.0,-0.0015578727158885863,False
final_input_token_layerwise,disclosed,k6,response_residual,14,100.0,-0.0014289430524379587,False
final_input_token_layerwise,disclosed,k6,response_residual,15,100.0,-0.0013781611833747487,False
final_input_token_layerwise,disclosed,k6,response_residual,16,100.0,-0.0014358126906087731,False
final_input_token_layerwise,disclosed,k6,response_residual,17,100.0,-0.0014277099235039947,False
final_input_token_layerwise,disclosed,k6,response_residual,18,100.0,-0.001513265459465174,False
final_input_token_layerwise,disclosed,k6,response_residual,19,100.0,-0.0017001380405458622,False
final_input_token_layerwise,disclosed,k6,response_residual,20,100.0,-0.001566122696664063,False
final_input_token_layerwise,disclosed,k6,response_residual,21,100.0,-0.0013742487631161482,False
final_input_token_layerwise,disclosed,k6,response_residual,22,100.0,-0.001400173288540224,False
final_input_token_layerwise,disclosed,k6,response_residual,23,100.0,-0.0015349820553507976,False
final_input_token_layerwise,disclosed,k6,response_residual,24,100.0,-0.0016833474660739312,False
final_input_token_layerwise,disclosed,k6,response_residual,25,100.0,-0.0013726136666368238,False
final_input_token_layerwise,disclosed,k6,response_residual,26,100.0,-0.0013429186810718918,False
final_input_token_layerwise,disclosed,k6,response_residual,27,100.0,-0.0012778218481849235,False
final_input_token_layerwise,disclosed,k6,response_residual,28,100.0,-0.00136395824737498,False
final_input_token_layerwise,disclosed,k6,response_residual,29,100.0,-0.001359611073454614,False
final_input_token_layerwise,disclosed,k6,response_residual,30,100.0,-0.001174904143083827,False
final_input_token_layerwise,disclosed,k6,response_residual,31,100.0,-0.0013480987024181157,False
final_input_token_layerwise,disclosed,k6,response_residual,32,100.0,-0.0009941523600108249,False
final_input_token_layerwise,disclosed,k6,response_residual,33,100.0,-0.001051037782549502,False
final_input_token_layerwise,disclosed,k6,response_residual,34,100.0,-0.0009767155523865145,False
final_input_token_layerwise,disclosed,k6,response_residual,35,100.0,-0.000987740374293472,False
final_input_token_layerwise,disclosed,k6,response_residual,36,100.0,-0.0010165678512886744,False
final_input_token_layerwise,disclosed,k6,last_target_observation,0,0.0001,-2.7755575615628914e-17,False
final_input_token_layerwise,disclosed,k6,last_target_observation,1,100.0,-0.002220143307416489,False
final_input_token_layerwise,disclosed,k6,last_target_observation,2,100.0,3.539763082885394e-05,False
final_input_token_layerwise,disclosed,k6,last_target_observation,3,100.0,-0.00011752959241720373,False
final_input_token_layerwise,disclosed,k6,last_target_observation,4,100.0,-0.0002629406868739914,False
final_input_token_layerwise,disclosed,k6,last_target_observation,5,100.0,-0.0005301036564518691,False
final_input_token_layerwise,disclosed,k6,last_target_observation,6,100.0,-7.020444475175358e-06,False
final_input_token_layerwise,disclosed,k6,last_target_observation,7,100.0,-0.00030182719791430057,False
final_input_token_layerwise,disclosed,k6,last_target_observation,8,100.0,-0.0003101078404036117,False
final_input_token_layerwise,disclosed,k6,last_target_observation,9,100.0,-0.00014690869534314532,False
final_input_token_layerwise,disclosed,k6,last_target_observation,10,100.0,1.0837266452651262e-05,False
final_input_token_layerwise,disclosed,k6,last_target_observation,11,100.0,-0.0003088990089333832,False
final_input_token_layerwise,disclosed,k6,last_target_observation,12,100.0,-0.0003883720898209264,False
final_input_token_layerwise,disclosed,k6,last_target_observation,13,100.0,-0.0002626413859311838,False
final_input_token_layerwise,disclosed,k6,last_target_observation,14,100.0,4.5659012618048944e-05,False
final_input_token_layerwise,disclosed,k6,last_target_observation,15,3.0,0.01577135868603649,False
final_input_token_layerwise,disclosed,k6,last_target_observation,16,3.0,0.011778520746544646,False
final_input_token_layerwise,disclosed,k6,last_target_observation,17,3.0,0.006859568074527506,False
final_input_token_layerwise,disclosed,k6,last_target_observation,18,3.0,0.0035140092773334464,False
final_input_token_layerwise,disclosed,k6,last_target_observation,19,3.0,0.004876653828617239,False
final_input_token_layerwise,disclosed,k6,last_target_observation,20,3.0,0.007327203914224839,False
final_input_token_layerwise,disclosed,k6,last_target_observation,21,3.0,0.005267675875506528,False
final_input_token_layerwise,disclosed,k6,last_target_observation,22,3.0,0.007900101844174834,False
final_input_token_layerwise,disclosed,k6,last_target_observation,23,3.0,0.017237682578677027,False
final_input_token_layerwise,disclosed,k6,last_target_observation,24,3.0,0.010157338274003391,False
final_input_token_layerwise,disclosed,k6,last_target_observation,25,3.0,0.01193488739588952,False
final_input_token_layerwise,disclosed,k6,last_target_observation,26,3.0,0.01786350114758456,False
final_input_token_layerwise,disclosed,k6,last_target_observation,27,3.0,0.014790657840057703,False
final_input_token_layerwise,disclosed,k6,last_target_observation,28,3.0,0.02263321611187097,False
final_input_token_layerwise,disclosed,k6,last_target_observation,29,3.0,0.01874321272991264,False
final_input_token_layerwise,disclosed,k6,last_target_observation,30,3.0,0.020958781250321523,False
final_input_token_layerwise,disclosed,k6,last_target_observation,31,3.0,0.023430743948021554,True
final_input_token_layerwise,disclosed,k6,last_target_observation,32,3.0,0.014223471406873689,False
final_input_token_layerwise,disclosed,k6,last_target_observation,33,3.0,0.011777627353708187,False
final_input_token_layerwise,disclosed,k6,last_target_observation,34,3.0,0.01174655492006757,False
final_input_token_layerwise,disclosed,k6,last_target_observation,35,3.0,0.01128634449156754,False
final_input_token_layerwise,disclosed,k6,last_target_observation,36,3.0,0.013137573873318292,False
final_input_token_layerwise,disclosed,k6,target_observation_mean,0,0.0001,2.7755575615628914e-17,False
final_input_token_layerwise,disclosed,k6,target_observation_mean,1,100.0,-0.0006109205216372482,False
final_input_token_layerwise,disclosed,k6,target_observation_mean,2,3.0,0.010542016846510682,False
final_input_token_layerwise,disclosed,k6,target_observation_mean,3,3.0,0.01588917690946201,False
final_input_token_layerwise,disclosed,k6,target_observation_mean,4,3.0,0.015034210025219014,False
final_input_token_layerwise,disclosed,k6,target_observation_mean,5,3.0,0.010402122174748063,False
final_input_token_layerwise,disclosed,k6,target_observation_mean,6,3.0,0.011011011433033818,False
final_input_token_layerwise,disclosed,k6,target_observation_mean,7,3.0,0.011103384184995319,False
final_input_token_layerwise,disclosed,k6,target_observation_mean,8,3.0,0.010130257386997826,False
final_input_token_layerwise,disclosed,k6,target_observation_mean,9,3.0,0.0016370582579630644,False
final_input_token_layerwise,disclosed,k6,target_observation_mean,10,100.0,0.00011845691530612545,False
final_input_token_layerwise,disclosed,k6,target_observation_mean,11,100.0,0.00011801883275075475,False
final_input_token_layerwise,disclosed,k6,target_observation_mean,12,100.0,0.00011815365833209301,False
final_input_token_layerwise,disclosed,k6,target_observation_mean,13,100.0,-0.00010026725090483968,False
final_input_token_layerwise,disclosed,k6,target_observation_mean,14,3.0,0.0019358173423777159,False
final_input_token_layerwise,disclosed,k6,target_observation_mean,15,3.0,0.0038106344116944635,False
final_input_token_layerwise,disclosed,k6,target_observation_mean,16,100.0,0.0006902256477043789,False
final_input_token_layerwise,disclosed,k6,target_observation_mean,17,3.0,0.0038687855067260357,False
final_input_token_layerwise,disclosed,k6,target_observation_mean,18,3.0,0.005557331907405649,False
final_input_token_layerwise,disclosed,k6,target_observation_mean,19,3.0,0.003366743375643577,False
final_input_token_layerwise,disclosed,k6,target_observation_mean,20,3.0,0.004673188217330898,False
final_input_token_layerwise,disclosed,k6,target_observation_mean,21,3.0,0.018879328574861298,True
final_input_token_layerwise,disclosed,k6,target_observation_mean,22,3.0,0.017856875714581638,False
final_input_token_layerwise,disclosed,k6,target_observation_mean,23,3.0,0.016644629050609067,False
final_input_token_layerwise,disclosed,k6,target_observation_mean,24,3.0,0.010441084265730344,False
final_input_token_layerwise,disclosed,k6,target_observation_mean,25,3.0,0.00744431960763961,False
final_input_token_layerwise,disclosed,k6,target_observation_mean,26,100.0,0.00046238847166049646,False
final_input_token_layerwise,disclosed,k6,target_observation_mean,27,100.0,0.0004088666734088642,False
final_input_token_layerwise,disclosed,k6,target_observation_mean,28,100.0,0.0005218267077653771,False
final_input_token_layerwise,disclosed,k6,target_observation_mean,29,3.0,0.003333596545428197,False
final_input_token_layerwise,disclosed,k6,target_observation_mean,30,3.0,0.009720189124442002,False
final_input_token_layerwise,disclosed,k6,target_observation_mean,31,3.0,0.007519902800131234,False
final_input_token_layerwise,disclosed,k6,target_observation_mean,32,3.0,0.0017088252893997236,False
final_input_token_layerwise,disclosed,k6,target_observation_mean,33,3.0,0.018800788079743502,False
final_input_token_layerwise,disclosed,k6,target_observation_mean,34,3.0,0.014094428471505022,False
final_input_token_layerwise,disclosed,k6,target_observation_mean,35,3.0,0.018057421798784584,False
final_input_token_layerwise,disclosed,k6,target_observation_mean,36,3.0,0.01793244634294522,False
final_input_token_layerwise,disclosed,k6,target_time_slope,0,0.0001,0.0,False
final_input_token_layerwise,disclosed,k6,target_time_slope,1,100.0,-0.0011630550724458233,False
final_input_token_layerwise,disclosed,k6,target_time_slope,2,100.0,-0.001438134165485938,False
final_input_token_layerwise,disclosed,k6,target_time_slope,3,100.0,-0.0013993214022174072,False
final_input_token_layerwise,disclosed,k6,target_time_slope,4,100.0,-0.0013387022082757827,False
final_input_token_layerwise,disclosed,k6,target_time_slope,5,100.0,-0.0012289847171284007,False
final_input_token_layerwise,disclosed,k6,target_time_slope,6,100.0,-0.0006751190804207552,False
final_input_token_layerwise,disclosed,k6,target_time_slope,7,100.0,-0.0008726162324292908,False
final_input_token_layerwise,disclosed,k6,target_time_slope,8,100.0,-0.0008287889579763064,False
final_input_token_layerwise,disclosed,k6,target_time_slope,9,100.0,-0.0007581215423876908,False
final_input_token_layerwise,disclosed,k6,target_time_slope,10,100.0,-0.0006338901234521077,False
final_input_token_layerwise,disclosed,k6,target_time_slope,11,100.0,-0.0008629243401995224,False
final_input_token_layerwise,disclosed,k6,target_time_slope,12,100.0,-0.0009472421101116013,False
final_input_token_layerwise,disclosed,k6,target_time_slope,13,100.0,-0.0010758963429475243,False
final_input_token_layerwise,disclosed,k6,target_time_slope,14,100.0,-0.0007897018253536503,False
final_input_token_layerwise,disclosed,k6,target_time_slope,15,100.0,0.00021793770317765637,False
final_input_token_layerwise,disclosed,k6,target_time_slope,16,100.0,0.0001996103607271038,False
final_input_token_layerwise,disclosed,k6,target_time_slope,17,100.0,0.00010181816297541446,False
final_input_token_layerwise,disclosed,k6,target_time_slope,18,100.0,4.011363189884709e-05,False
final_input_token_layerwise,disclosed,k6,target_time_slope,19,100.0,0.0005121749604354298,False
final_input_token_layerwise,disclosed,k6,target_time_slope,20,3.0,0.009238231258837187,False
final_input_token_layerwise,disclosed,k6,target_time_slope,21,3.0,0.0158073225782063,False
final_input_token_layerwise,disclosed,k6,target_time_slope,22,3.0,0.02244990941512051,False
final_input_token_layerwise,disclosed,k6,target_time_slope,23,3.0,0.025229111667709164,True
final_input_token_layerwise,disclosed,k6,target_time_slope,24,3.0,0.022835057233495493,False
final_input_token_layerwise,disclosed,k6,target_time_slope,25,3.0,0.020516944369002255,False
final_input_token_layerwise,disclosed,k6,target_time_slope,26,3.0,0.01516509861514162,False
final_input_token_layerwise,disclosed,k6,target_time_slope,27,3.0,0.010563291373897749,False
final_input_token_layerwise,disclosed,k6,target_time_slope,28,3.0,0.01035540348903824,False
final_input_token_layerwise,disclosed,k6,target_time_slope,29,3.0,0.010125585103655577,False
final_input_token_layerwise,disclosed,k6,target_time_slope,30,3.0,0.015604642025717819,False
final_input_token_layerwise,disclosed,k6,target_time_slope,31,3.0,0.011506963249741903,False
final_input_token_layerwise,disclosed,k6,target_time_slope,32,3.0,0.0032010866805256,False
final_input_token_layerwise,disclosed,k6,target_time_slope,33,3.0,0.004609151046495064,False
final_input_token_layerwise,disclosed,k6,target_time_slope,34,3.0,0.004684147944409106,False
final_input_token_layerwise,disclosed,k6,target_time_slope,35,3.0,0.010209960943240448,False
final_input_token_layerwise,disclosed,k6,target_time_slope,36,3.0,0.013585773311363541,False
final_input_token_layerwise,disclosed,k6,displayed_driver_outcome_slope,0,0.0001,-5.551115123125783e-17,False
final_input_token_layerwise,disclosed,k6,displayed_driver_outcome_slope,1,100.0,-0.001661789549322612,False
final_input_token_layerwise,disclosed,k6,displayed_driver_outcome_slope,2,100.0,-0.0005125156393901986,False
final_input_token_layerwise,disclosed,k6,displayed_driver_outcome_slope,3,100.0,-0.0006445609302655475,False
final_input_token_layerwise,disclosed,k6,displayed_driver_outcome_slope,4,100.0,-0.00047436962479663336,False
final_input_token_layerwise,disclosed,k6,displayed_driver_outcome_slope,5,3.0,0.0031806520625341783,True
final_input_token_layerwise,disclosed,k6,displayed_driver_outcome_slope,6,3.0,0.001132140839634338,False
final_input_token_layerwise,disclosed,k6,displayed_driver_outcome_slope,7,100.0,-0.0002800977535503679,False
final_input_token_layerwise,disclosed,k6,displayed_driver_outcome_slope,8,100.0,-0.0004568124449680355,False
final_input_token_layerwise,disclosed,k6,displayed_driver_outcome_slope,9,100.0,-0.0004657172922952202,False
final_input_token_layerwise,disclosed,k6,displayed_driver_outcome_slope,10,100.0,-0.0006946332186758553,False
final_input_token_layerwise,disclosed,k6,displayed_driver_outcome_slope,11,100.0,-0.0005354692708455233,False
final_input_token_layerwise,disclosed,k6,displayed_driver_outcome_slope,12,100.0,-0.00045809367103652465,False
final_input_token_layerwise,disclosed,k6,displayed_driver_outcome_slope,13,100.0,-0.0005454260962016177,False
final_input_token_layerwise,disclosed,k6,displayed_driver_outcome_slope,14,100.0,-0.00031225163264775313,False
final_input_token_layerwise,disclosed,k6,displayed_driver_outcome_slope,15,100.0,-0.0004291758033030113,False
final_input_token_layerwise,disclosed,k6,displayed_driver_outcome_slope,16,100.0,-0.000402203852178068,False
final_input_token_layerwise,disclosed,k6,displayed_driver_outcome_slope,17,100.0,-0.0005671134364877983,False
final_input_token_layerwise,disclosed,k6,displayed_driver_outcome_slope,18,100.0,-0.000876310461145946,False
final_input_token_layerwise,disclosed,k6,displayed_driver_outcome_slope,19,100.0,-0.0011097179845511174,False
final_input_token_layerwise,disclosed,k6,displayed_driver_outcome_slope,20,100.0,-0.0012890466596628958,False
final_input_token_layerwise,disclosed,k6,displayed_driver_outcome_slope,21,100.0,6.79047946272604e-06,False
final_input_token_layerwise,disclosed,k6,displayed_driver_outcome_slope,22,100.0,-0.0006205714579896604,False
final_input_token_layerwise,disclosed,k6,displayed_driver_outcome_slope,23,100.0,-0.00035729772421524975,False
final_input_token_layerwise,disclosed,k6,displayed_driver_outcome_slope,24,100.0,-0.00020320813136853744,False
final_input_token_layerwise,disclosed,k6,displayed_driver_outcome_slope,25,100.0,-0.0001384346633597766,False
final_input_token_layerwise,disclosed,k6,displayed_driver_outcome_slope,26,100.0,0.0002096080747291118,False
final_input_token_layerwise,disclosed,k6,displayed_driver_outcome_slope,27,100.0,1.2352444598351386e-05,False
final_input_token_layerwise,disclosed,k6,displayed_driver_outcome_slope,28,100.0,1.3756685439486604e-05,False
final_input_token_layerwise,disclosed,k6,displayed_driver_outcome_slope,29,100.0,-0.00014710923121552533,False
final_input_token_layerwise,disclosed,k6,displayed_driver_outcome_slope,30,100.0,0.00013119854182633284,False
final_input_token_layerwise,disclosed,k6,displayed_driver_outcome_slope,31,100.0,0.0003421073185607415,False
final_input_token_layerwise,disclosed,k6,displayed_driver_outcome_slope,32,100.0,0.00010603598901384736,False
final_input_token_layerwise,disclosed,k6,displayed_driver_outcome_slope,33,100.0,4.59599039265568e-05,False
final_input_token_layerwise,disclosed,k6,displayed_driver_outcome_slope,34,100.0,-0.0003938046771934378,False
final_input_token_layerwise,disclosed,k6,displayed_driver_outcome_slope,35,100.0,-0.0004786371104498477,False
final_input_token_layerwise,disclosed,k6,displayed_driver_outcome_slope,36,100.0,-0.0004058233871170047,False
final_input_token_layerwise,disclosed,k6,oracle_posterior_gain,0,0.0001,-5.551115123125783e-17,False
final_input_token_layerwise,disclosed,k6,oracle_posterior_gain,1,100.0,-0.0005526651053555653,False
final_input_token_layerwise,disclosed,k6,oracle_posterior_gain,2,100.0,-0.0011763035450998993,False
final_input_token_layerwise,disclosed,k6,oracle_posterior_gain,3,3.0,0.0015098856484609402,True
final_input_token_layerwise,disclosed,k6,oracle_posterior_gain,4,100.0,-0.0006226456280601089,False
final_input_token_layerwise,disclosed,k6,oracle_posterior_gain,5,100.0,-0.0008633021002253105,False
final_input_token_layerwise,disclosed,k6,oracle_posterior_gain,6,100.0,-0.001257042792468216,False
final_input_token_layerwise,disclosed,k6,oracle_posterior_gain,7,100.0,-0.0014222040131127711,False
final_input_token_layerwise,disclosed,k6,oracle_posterior_gain,8,100.0,-0.001104760066123478,False
final_input_token_layerwise,disclosed,k6,oracle_posterior_gain,9,100.0,-0.0011962595231946316,False
final_input_token_layerwise,disclosed,k6,oracle_posterior_gain,10,100.0,-0.0012474400715901113,False
final_input_token_layerwise,disclosed,k6,oracle_posterior_gain,11,100.0,-0.0006550088292484324,False
final_input_token_layerwise,disclosed,k6,oracle_posterior_gain,12,100.0,-0.0005664246854366617,False
final_input_token_layerwise,disclosed,k6,oracle_posterior_gain,13,100.0,-0.0006998395329294305,False
final_input_token_layerwise,disclosed,k6,oracle_posterior_gain,14,100.0,-0.00022793172953666785,False
final_input_token_layerwise,disclosed,k6,oracle_posterior_gain,15,100.0,1.159987906890203e-05,False
final_input_token_layerwise,disclosed,k6,oracle_posterior_gain,16,100.0,1.597852830673152e-05,False
final_input_token_layerwise,disclosed,k6,oracle_posterior_gain,17,100.0,-2.008013478771442e-06,False
final_input_token_layerwise,disclosed,k6,oracle_posterior_gain,18,100.0,-2.0262403703924514e-05,False
final_input_token_layerwise,disclosed,k6,oracle_posterior_gain,19,100.0,0.00011517076896258582,False
final_input_token_layerwise,disclosed,k6,oracle_posterior_gain,20,100.0,9.335366395393785e-05,False
final_input_token_layerwise,disclosed,k6,oracle_posterior_gain,21,100.0,0.0003864198015624265,False
final_input_token_layerwise,disclosed,k6,oracle_posterior_gain,22,100.0,-0.000267579872415713,False
final_input_token_layerwise,disclosed,k6,oracle_posterior_gain,23,100.0,-0.0006854195837762422,False
final_input_token_layerwise,disclosed,k6,oracle_posterior_gain,24,100.0,-0.00038944713248684204,False
final_input_token_layerwise,disclosed,k6,oracle_posterior_gain,25,100.0,0.00015230556112036386,False
final_input_token_layerwise,disclosed,k6,oracle_posterior_gain,26,100.0,9.72699030740709e-06,False
final_input_token_layerwise,disclosed,k6,oracle_posterior_gain,27,100.0,0.000147439808435762,False
final_input_token_layerwise,disclosed,k6,oracle_posterior_gain,28,100.0,0.00035235699866179027,False
final_input_token_layerwise,disclosed,k6,oracle_posterior_gain,29,100.0,-1.2607291423272216e-05,False
final_input_token_layerwise,disclosed,k6,oracle_posterior_gain,30,100.0,0.00024795440635214105,False
final_input_token_layerwise,disclosed,k6,oracle_posterior_gain,31,100.0,0.0003271268581064857,False
final_input_token_layerwise,disclosed,k6,oracle_posterior_gain,32,100.0,0.00042004123500927193,False
final_input_token_layerwise,disclosed,k6,oracle_posterior_gain,33,100.0,0.0005426223604163838,False
final_input_token_layerwise,disclosed,k6,oracle_posterior_gain,34,100.0,0.0005732762778797029,False
final_input_token_layerwise,disclosed,k6,oracle_posterior_gain,35,100.0,0.0005822052360821006,False
final_input_token_layerwise,disclosed,k6,oracle_posterior_gain,36,100.0,0.0003189093592104175,False
final_input_token_layerwise,disclosed,k9,gain,0,0.0001,0.0,False
final_input_token_layerwise,disclosed,k9,gain,1,100.0,-0.0005244992700381146,False
final_input_token_layerwise,disclosed,k9,gain,2,3.0,0.00906357887827769,False
final_input_token_layerwise,disclosed,k9,gain,3,3.0,0.0024318440508193373,False
final_input_token_layerwise,disclosed,k9,gain,4,3.0,0.01780829157612107,False
final_input_token_layerwise,disclosed,k9,gain,5,3.0,0.0173324282116612,False
final_input_token_layerwise,disclosed,k9,gain,6,3.0,0.017779443877743745,False
final_input_token_layerwise,disclosed,k9,gain,7,3.0,0.019627251755860803,False
final_input_token_layerwise,disclosed,k9,gain,8,3.0,0.019544361540262206,False
final_input_token_layerwise,disclosed,k9,gain,9,3.0,0.016482014088302743,False
final_input_token_layerwise,disclosed,k9,gain,10,3.0,0.010775075268984358,False
final_input_token_layerwise,disclosed,k9,gain,11,3.0,0.00727002596898918,False
final_input_token_layerwise,disclosed,k9,gain,12,3.0,0.009706424840499633,False
final_input_token_layerwise,disclosed,k9,gain,13,3.0,0.014433689874508132,False
final_input_token_layerwise,disclosed,k9,gain,14,0.1,0.03005221617954687,True
final_input_token_layerwise,disclosed,k9,gain,15,3.0,0.018222513012536246,False
final_input_token_layerwise,disclosed,k9,gain,16,3.0,0.012797445938391439,False
final_input_token_layerwise,disclosed,k9,gain,17,3.0,0.0027866982160991427,False
final_input_token_layerwise,disclosed,k9,gain,18,100.0,-0.00013901740458513445,False
final_input_token_layerwise,disclosed,k9,gain,19,100.0,-0.00014595730605440616,False
final_input_token_layerwise,disclosed,k9,gain,20,100.0,-9.022535504274454e-05,False
final_input_token_layerwise,disclosed,k9,gain,21,3.0,0.0008717835430162302,False
final_input_token_layerwise,disclosed,k9,gain,22,100.0,5.3658169714559945e-05,False
final_input_token_layerwise,disclosed,k9,gain,23,100.0,-7.888732769972817e-05,False
final_input_token_layerwise,disclosed,k9,gain,24,100.0,0.00014539857963502545,False
final_input_token_layerwise,disclosed,k9,gain,25,100.0,-7.435749071049713e-05,False
final_input_token_layerwise,disclosed,k9,gain,26,100.0,-0.00010707167468823608,False
final_input_token_layerwise,disclosed,k9,gain,27,100.0,-0.000108780161602956,False
final_input_token_layerwise,disclosed,k9,gain,28,100.0,-3.559472189784696e-05,False
final_input_token_layerwise,disclosed,k9,gain,29,100.0,-0.00012257354140710053,False
final_input_token_layerwise,disclosed,k9,gain,30,100.0,-0.00026933684945426584,False
final_input_token_layerwise,disclosed,k9,gain,31,100.0,-0.00028572256720360567,False
final_input_token_layerwise,disclosed,k9,gain,32,100.0,-0.000608168409639176,False
final_input_token_layerwise,disclosed,k9,gain,33,100.0,-0.0008942590916337645,False
final_input_token_layerwise,disclosed,k9,gain,34,100.0,-0.0009532200847300332,False
final_input_token_layerwise,disclosed,k9,gain,35,100.0,-0.0009626813816884239,False
final_input_token_layerwise,disclosed,k9,gain,36,100.0,-0.0008932218169701023,False
final_input_token_layerwise,disclosed,k9,response_residual,0,0.0001,-2.7755575615628914e-17,False
final_input_token_layerwise,disclosed,k9,response_residual,1,100.0,-0.00022770606988675723,False
final_input_token_layerwise,disclosed,k9,response_residual,2,3.0,0.0036782820480934786,False
final_input_token_layerwise,disclosed,k9,response_residual,3,3.0,0.0010792424864270456,False
final_input_token_layerwise,disclosed,k9,response_residual,4,3.0,0.010457784735706799,False
final_input_token_layerwise,disclosed,k9,response_residual,5,3.0,0.010464390993428246,False
final_input_token_layerwise,disclosed,k9,response_residual,6,3.0,0.01151465485391917,False
final_input_token_layerwise,disclosed,k9,response_residual,7,3.0,0.009289653206577375,False
final_input_token_layerwise,disclosed,k9,response_residual,8,3.0,0.009427732200827543,False
final_input_token_layerwise,disclosed,k9,response_residual,9,3.0,0.0077196793955859044,False
final_input_token_layerwise,disclosed,k9,response_residual,10,3.0,0.0032489506123431766,False
final_input_token_layerwise,disclosed,k9,response_residual,11,3.0,0.004110977105807129,False
final_input_token_layerwise,disclosed,k9,response_residual,12,3.0,0.0061171018817735845,False
final_input_token_layerwise,disclosed,k9,response_residual,13,3.0,0.007254191844327712,False
final_input_token_layerwise,disclosed,k9,response_residual,14,3.0,0.012332936340519518,True
final_input_token_layerwise,disclosed,k9,response_residual,15,3.0,0.010375371552188983,False
final_input_token_layerwise,disclosed,k9,response_residual,16,3.0,0.003127607206493771,False
final_input_token_layerwise,disclosed,k9,response_residual,17,100.0,6.393350020025834e-05,False
final_input_token_layerwise,disclosed,k9,response_residual,18,100.0,-0.0003540418213680563,False
final_input_token_layerwise,disclosed,k9,response_residual,19,100.0,-0.00041421123845866714,False
final_input_token_layerwise,disclosed,k9,response_residual,20,100.0,-0.0004445951806140991,False
final_input_token_layerwise,disclosed,k9,response_residual,21,100.0,-0.00021261066084191094,False
final_input_token_layerwise,disclosed,k9,response_residual,22,100.0,-0.000346310946416184,False
final_input_token_layerwise,disclosed,k9,response_residual,23,100.0,-0.00046086768597997096,False
final_input_token_layerwise,disclosed,k9,response_residual,24,100.0,-0.00014651050670239085,False
final_input_token_layerwise,disclosed,k9,response_residual,25,100.0,-0.00016800726790860976,False
final_input_token_layerwise,disclosed,k9,response_residual,26,100.0,-0.00020495057414382511,False
final_input_token_layerwise,disclosed,k9,response_residual,27,100.0,-0.0002633894485243038,False
final_input_token_layerwise,disclosed,k9,response_residual,28,100.0,-0.00012164368568901018,False
final_input_token_layerwise,disclosed,k9,response_residual,29,100.0,-0.0002877985510278125,False
final_input_token_layerwise,disclosed,k9,response_residual,30,100.0,-0.00036878577017732117,False
final_input_token_layerwise,disclosed,k9,response_residual,31,100.0,-0.0004197461541082248,False
final_input_token_layerwise,disclosed,k9,response_residual,32,100.0,-0.0004884503106137861,False
final_input_token_layerwise,disclosed,k9,response_residual,33,100.0,-0.0008248880733014718,False
final_input_token_layerwise,disclosed,k9,response_residual,34,100.0,-0.0008210497331313515,False
final_input_token_layerwise,disclosed,k9,response_residual,35,100.0,-0.0009113716370469094,False
final_input_token_layerwise,disclosed,k9,response_residual,36,100.0,-0.000894786744491477,False
final_input_token_layerwise,disclosed,k9,last_target_observation,0,0.0001,1.3877787807814457e-16,False
final_input_token_layerwise,disclosed,k9,last_target_observation,1,100.0,-2.355120145433598e-05,False
final_input_token_layerwise,disclosed,k9,last_target_observation,2,100.0,-0.0005419932756342005,False
final_input_token_layerwise,disclosed,k9,last_target_observation,3,100.0,-0.00045609495824436297,False
final_input_token_layerwise,disclosed,k9,last_target_observation,4,100.0,2.55850310589556e-05,False
final_input_token_layerwise,disclosed,k9,last_target_observation,5,3.0,0.001634256465112588,False
final_input_token_layerwise,disclosed,k9,last_target_observation,6,100.0,6.821943338713998e-05,False
final_input_token_layerwise,disclosed,k9,last_target_observation,7,3.0,0.011308836840730946,True
final_input_token_layerwise,disclosed,k9,last_target_observation,8,3.0,0.005849591634525975,False
final_input_token_layerwise,disclosed,k9,last_target_observation,9,100.0,0.00020754948501985893,False
final_input_token_layerwise,disclosed,k9,last_target_observation,10,100.0,0.00014508426785855844,False
final_input_token_layerwise,disclosed,k9,last_target_observation,11,3.0,0.00472293455209985,False
final_input_token_layerwise,disclosed,k9,last_target_observation,12,100.0,0.0002804663476423386,False
final_input_token_layerwise,disclosed,k9,last_target_observation,13,100.0,-2.4164541509441584e-05,False
final_input_token_layerwise,disclosed,k9,last_target_observation,14,100.0,-9.081283953235597e-05,False
final_input_token_layerwise,disclosed,k9,last_target_observation,15,100.0,-0.0006225012040385058,False
final_input_token_layerwise,disclosed,k9,last_target_observation,16,100.0,-0.0005153451136698517,False
final_input_token_layerwise,disclosed,k9,last_target_observation,17,100.0,-0.0006416630580705074,False
final_input_token_layerwise,disclosed,k9,last_target_observation,18,100.0,-0.0009388733765857415,False
final_input_token_layerwise,disclosed,k9,last_target_observation,19,100.0,-0.0015455017595623621,False
final_input_token_layerwise,disclosed,k9,last_target_observation,20,100.0,-0.0015436006463658003,False
final_input_token_layerwise,disclosed,k9,last_target_observation,21,100.0,-0.0010461225834142163,False
final_input_token_layerwise,disclosed,k9,last_target_observation,22,100.0,-0.000716513368287014,False
final_input_token_layerwise,disclosed,k9,last_target_observation,23,100.0,-0.0006253171947010194,False
final_input_token_layerwise,disclosed,k9,last_target_observation,24,100.0,-0.000981950870795112,False
final_input_token_layerwise,disclosed,k9,last_target_observation,25,100.0,-0.0006426226308826333,False
final_input_token_layerwise,disclosed,k9,last_target_observation,26,100.0,-0.00046886269102255906,False
final_input_token_layerwise,disclosed,k9,last_target_observation,27,100.0,-0.0005469313651964292,False
final_input_token_layerwise,disclosed,k9,last_target_observation,28,100.0,-0.0006272853912155929,False
final_input_token_layerwise,disclosed,k9,last_target_observation,29,100.0,-0.0005507460951978127,False
final_input_token_layerwise,disclosed,k9,last_target_observation,30,100.0,-0.0006876980587534332,False
final_input_token_layerwise,disclosed,k9,last_target_observation,31,100.0,-0.0006333314743434126,False
final_input_token_layerwise,disclosed,k9,last_target_observation,32,100.0,-0.0004666259180265975,False
final_input_token_layerwise,disclosed,k9,last_target_observation,33,100.0,-0.000549302388574785,False
final_input_token_layerwise,disclosed,k9,last_target_observation,34,100.0,-0.0007105656813541361,False
final_input_token_layerwise,disclosed,k9,last_target_observation,35,100.0,-0.0012849221394022614,False
final_input_token_layerwise,disclosed,k9,last_target_observation,36,100.0,-0.0013135021424549032,False
final_input_token_layerwise,disclosed,k9,target_observation_mean,0,0.0001,3.885780586188048e-16,False
final_input_token_layerwise,disclosed,k9,target_observation_mean,1,100.0,0.00024062738966923458,False
final_input_token_layerwise,disclosed,k9,target_observation_mean,2,3.0,0.012935856249327776,False
final_input_token_layerwise,disclosed,k9,target_observation_mean,3,3.0,0.012055055741385684,False
final_input_token_layerwise,disclosed,k9,target_observation_mean,4,3.0,0.016054266653117794,False
final_input_token_layerwise,disclosed,k9,target_observation_mean,5,3.0,0.012920789285141204,False
final_input_token_layerwise,disclosed,k9,target_observation_mean,6,3.0,0.012911828171560225,False
final_input_token_layerwise,disclosed,k9,target_observation_mean,7,3.0,0.020561395528718857,False
final_input_token_layerwise,disclosed,k9,target_observation_mean,8,3.0,0.031711765835900046,False
final_input_token_layerwise,disclosed,k9,target_observation_mean,9,3.0,0.025958537538310622,False
final_input_token_layerwise,disclosed,k9,target_observation_mean,10,3.0,0.01904615696732828,False
final_input_token_layerwise,disclosed,k9,target_observation_mean,11,3.0,0.01675305811616687,False
final_input_token_layerwise,disclosed,k9,target_observation_mean,12,3.0,0.014079991451205559,False
final_input_token_layerwise,disclosed,k9,target_observation_mean,13,3.0,0.02445259002963035,False
final_input_token_layerwise,disclosed,k9,target_observation_mean,14,3.0,0.02707984883132883,False
final_input_token_layerwise,disclosed,k9,target_observation_mean,15,3.0,0.023791241181861517,False
final_input_token_layerwise,disclosed,k9,target_observation_mean,16,0.1,0.04303319679335152,True
final_input_token_layerwise,disclosed,k9,target_observation_mean,17,3.0,0.009379719926595975,False
final_input_token_layerwise,disclosed,k9,target_observation_mean,18,0.1,0.02528728645018305,False
final_input_token_layerwise,disclosed,k9,target_observation_mean,19,3.0,0.010911408281729373,False
final_input_token_layerwise,disclosed,k9,target_observation_mean,20,3.0,0.011193342188150796,False
final_input_token_layerwise,disclosed,k9,target_observation_mean,21,3.0,0.014988108656979804,False
final_input_token_layerwise,disclosed,k9,target_observation_mean,22,3.0,0.009398261389803708,False
final_input_token_layerwise,disclosed,k9,target_observation_mean,23,3.0,0.012039074351256479,False
final_input_token_layerwise,disclosed,k9,target_observation_mean,24,3.0,0.02130852302952385,False
final_input_token_layerwise,disclosed,k9,target_observation_mean,25,3.0,0.01250496990229924,False
final_input_token_layerwise,disclosed,k9,target_observation_mean,26,3.0,0.014124121993893873,False
final_input_token_layerwise,disclosed,k9,target_observation_mean,27,3.0,0.02010204995116524,False
final_input_token_layerwise,disclosed,k9,target_observation_mean,28,3.0,0.01929980380342375,False
final_input_token_layerwise,disclosed,k9,target_observation_mean,29,3.0,0.0257497506111925,False
final_input_token_layerwise,disclosed,k9,target_observation_mean,30,3.0,0.02391772472851847,False
final_input_token_layerwise,disclosed,k9,target_observation_mean,31,3.0,0.024883105022830837,False
final_input_token_layerwise,disclosed,k9,target_observation_mean,32,3.0,0.018507595711362845,False
final_input_token_layerwise,disclosed,k9,target_observation_mean,33,3.0,0.010364725224031701,False
final_input_token_layerwise,disclosed,k9,target_observation_mean,34,3.0,0.018171953444598016,False
final_input_token_layerwise,disclosed,k9,target_observation_mean,35,3.0,0.020065340327154485,False
final_input_token_layerwise,disclosed,k9,target_observation_mean,36,3.0,0.020591406567319503,False
final_input_token_layerwise,disclosed,k9,target_time_slope,0,0.0001,0.0,False
final_input_token_layerwise,disclosed,k9,target_time_slope,1,3.0,0.0011437322789811244,False
final_input_token_layerwise,disclosed,k9,target_time_slope,2,100.0,-0.0005203901622686247,False
final_input_token_layerwise,disclosed,k9,target_time_slope,3,100.0,-0.00025902418966103347,False
final_input_token_layerwise,disclosed,k9,target_time_slope,4,100.0,-0.00038778707622622033,False
final_input_token_layerwise,disclosed,k9,target_time_slope,5,100.0,3.49315032119879e-05,False
final_input_token_layerwise,disclosed,k9,target_time_slope,6,100.0,-0.00010855919938315695,False
final_input_token_layerwise,disclosed,k9,target_time_slope,7,3.0,0.006501876598127204,False
final_input_token_layerwise,disclosed,k9,target_time_slope,8,3.0,0.00253868034950816,False
final_input_token_layerwise,disclosed,k9,target_time_slope,9,100.0,5.257955853421592e-05,False
final_input_token_layerwise,disclosed,k9,target_time_slope,10,100.0,2.708971962439577e-05,False
final_input_token_layerwise,disclosed,k9,target_time_slope,11,100.0,9.751794481677178e-06,False
final_input_token_layerwise,disclosed,k9,target_time_slope,12,100.0,8.88998629396398e-05,False
final_input_token_layerwise,disclosed,k9,target_time_slope,13,100.0,0.00016525506001657808,False
final_input_token_layerwise,disclosed,k9,target_time_slope,14,100.0,-0.0001370270665835005,False
final_input_token_layerwise,disclosed,k9,target_time_slope,15,3.0,0.0036849228265103118,False
final_input_token_layerwise,disclosed,k9,target_time_slope,16,3.0,0.005626950928265512,False
final_input_token_layerwise,disclosed,k9,target_time_slope,17,3.0,0.025289742014428046,True
final_input_token_layerwise,disclosed,k9,target_time_slope,18,3.0,0.019732944915803546,False
final_input_token_layerwise,disclosed,k9,target_time_slope,19,3.0,0.022490057687578224,False
final_input_token_layerwise,disclosed,k9,target_time_slope,20,3.0,0.0021900277388623712,False
final_input_token_layerwise,disclosed,k9,target_time_slope,21,3.0,0.008525349515383723,False
final_input_token_layerwise,disclosed,k9,target_time_slope,22,3.0,0.016168755328582807,False
final_input_token_layerwise,disclosed,k9,target_time_slope,23,3.0,0.014437170200609722,False
final_input_token_layerwise,disclosed,k9,target_time_slope,24,3.0,0.008381806298051159,False
final_input_token_layerwise,disclosed,k9,target_time_slope,25,3.0,0.005414767114194502,False
final_input_token_layerwise,disclosed,k9,target_time_slope,26,3.0,0.013012047985214076,False
final_input_token_layerwise,disclosed,k9,target_time_slope,27,3.0,0.011135074837901437,False
final_input_token_layerwise,disclosed,k9,target_time_slope,28,3.0,0.016876405606834483,False
final_input_token_layerwise,disclosed,k9,target_time_slope,29,3.0,0.019266996246362078,False
final_input_token_layerwise,disclosed,k9,target_time_slope,30,3.0,0.015476393240479475,False
final_input_token_layerwise,disclosed,k9,target_time_slope,31,3.0,0.014704931894292061,False
final_input_token_layerwise,disclosed,k9,target_time_slope,32,3.0,0.004352864193693934,False
final_input_token_layerwise,disclosed,k9,target_time_slope,33,3.0,0.008864631394779998,False
final_input_token_layerwise,disclosed,k9,target_time_slope,34,3.0,0.010334745795059108,False
final_input_token_layerwise,disclosed,k9,target_time_slope,35,3.0,0.01057811071659398,False
final_input_token_layerwise,disclosed,k9,target_time_slope,36,3.0,0.003927774496395198,False
final_input_token_layerwise,disclosed,k9,displayed_driver_outcome_slope,0,0.0001,-1.1102230246251565e-16,False
final_input_token_layerwise,disclosed,k9,displayed_driver_outcome_slope,1,3.0,0.006032221912500885,False
final_input_token_layerwise,disclosed,k9,displayed_driver_outcome_slope,2,100.0,-2.441595148633402e-05,False
final_input_token_layerwise,disclosed,k9,displayed_driver_outcome_slope,3,3.0,0.0009531123849133294,False
final_input_token_layerwise,disclosed,k9,displayed_driver_outcome_slope,4,100.0,2.338533348511529e-05,False
final_input_token_layerwise,disclosed,k9,displayed_driver_outcome_slope,5,0.1,0.018506529147907957,True
final_input_token_layerwise,disclosed,k9,displayed_driver_outcome_slope,6,3.0,0.00894894956556705,False
final_input_token_layerwise,disclosed,k9,displayed_driver_outcome_slope,7,3.0,0.007676801729488397,False
final_input_token_layerwise,disclosed,k9,displayed_driver_outcome_slope,8,3.0,0.003261270766761193,False
final_input_token_layerwise,disclosed,k9,displayed_driver_outcome_slope,9,100.0,-0.0002740198388554438,False
final_input_token_layerwise,disclosed,k9,displayed_driver_outcome_slope,10,100.0,-0.0006631824854937962,False
final_input_token_layerwise,disclosed,k9,displayed_driver_outcome_slope,11,100.0,-0.0006817787584422474,False
final_input_token_layerwise,disclosed,k9,displayed_driver_outcome_slope,12,100.0,-0.0007226489703419381,False
final_input_token_layerwise,disclosed,k9,displayed_driver_outcome_slope,13,100.0,-0.000802763196342926,False
final_input_token_layerwise,disclosed,k9,displayed_driver_outcome_slope,14,100.0,-0.0011894118488608996,False
final_input_token_layerwise,disclosed,k9,displayed_driver_outcome_slope,15,100.0,-0.001050539383392668,False
final_input_token_layerwise,disclosed,k9,displayed_driver_outcome_slope,16,100.0,-0.000958387666951499,False
final_input_token_layerwise,disclosed,k9,displayed_driver_outcome_slope,17,100.0,-0.0008485505723631603,False
final_input_token_layerwise,disclosed,k9,displayed_driver_outcome_slope,18,100.0,-0.0011902546549942272,False
final_input_token_layerwise,disclosed,k9,displayed_driver_outcome_slope,19,100.0,-0.0008689633989992784,False
final_input_token_layerwise,disclosed,k9,displayed_driver_outcome_slope,20,100.0,-0.000720818210934504,False
final_input_token_layerwise,disclosed,k9,displayed_driver_outcome_slope,21,100.0,-0.0005972681951173231,False
final_input_token_layerwise,disclosed,k9,displayed_driver_outcome_slope,22,100.0,-0.0007303227556246239,False
final_input_token_layerwise,disclosed,k9,displayed_driver_outcome_slope,23,100.0,-0.0006409877770381378,False
final_input_token_layerwise,disclosed,k9,displayed_driver_outcome_slope,24,100.0,-0.0008182041054962119,False
final_input_token_layerwise,disclosed,k9,displayed_driver_outcome_slope,25,100.0,-0.001234350459869915,False
final_input_token_layerwise,disclosed,k9,displayed_driver_outcome_slope,26,100.0,-0.0010568705884380636,False
final_input_token_layerwise,disclosed,k9,displayed_driver_outcome_slope,27,100.0,-0.001262910031207154,False
final_input_token_layerwise,disclosed,k9,displayed_driver_outcome_slope,28,100.0,-0.0012468234290802238,False
final_input_token_layerwise,disclosed,k9,displayed_driver_outcome_slope,29,100.0,-0.0014094967641727352,False
final_input_token_layerwise,disclosed,k9,displayed_driver_outcome_slope,30,100.0,-0.0010623975727870327,False
final_input_token_layerwise,disclosed,k9,displayed_driver_outcome_slope,31,100.0,-0.0015296173782157751,False
final_input_token_layerwise,disclosed,k9,displayed_driver_outcome_slope,32,100.0,-0.001380202864837976,False
final_input_token_layerwise,disclosed,k9,displayed_driver_outcome_slope,33,100.0,-0.001376683241091553,False
final_input_token_layerwise,disclosed,k9,displayed_driver_outcome_slope,34,100.0,-0.0013739152624448192,False
final_input_token_layerwise,disclosed,k9,displayed_driver_outcome_slope,35,100.0,-0.0013422079349612592,False
final_input_token_layerwise,disclosed,k9,displayed_driver_outcome_slope,36,100.0,-0.0012204454219714722,False
final_input_token_layerwise,disclosed,k9,oracle_posterior_gain,0,0.0001,0.0,False
final_input_token_layerwise,disclosed,k9,oracle_posterior_gain,1,100.0,-0.0006123291627319338,False
final_input_token_layerwise,disclosed,k9,oracle_posterior_gain,2,3.0,0.00709017079235999,False
final_input_token_layerwise,disclosed,k9,oracle_posterior_gain,3,3.0,0.0018899352502342592,False
final_input_token_layerwise,disclosed,k9,oracle_posterior_gain,4,3.0,0.011002718018761626,False
final_input_token_layerwise,disclosed,k9,oracle_posterior_gain,5,3.0,0.006251544592399932,False
final_input_token_layerwise,disclosed,k9,oracle_posterior_gain,6,3.0,0.006960322359306659,False
final_input_token_layerwise,disclosed,k9,oracle_posterior_gain,7,3.0,0.007418554360106938,False
final_input_token_layerwise,disclosed,k9,oracle_posterior_gain,8,3.0,0.008802055093907829,False
final_input_token_layerwise,disclosed,k9,oracle_posterior_gain,9,3.0,0.0060589791706845975,False
final_input_token_layerwise,disclosed,k9,oracle_posterior_gain,10,3.0,0.007340160632010234,False
final_input_token_layerwise,disclosed,k9,oracle_posterior_gain,11,3.0,0.009401910283238418,False
final_input_token_layerwise,disclosed,k9,oracle_posterior_gain,12,3.0,0.011582765967020958,False
final_input_token_layerwise,disclosed,k9,oracle_posterior_gain,13,3.0,0.01676086230143814,True
final_input_token_layerwise,disclosed,k9,oracle_posterior_gain,14,3.0,0.012339683087588815,False
final_input_token_layerwise,disclosed,k9,oracle_posterior_gain,15,3.0,0.0055850153792664226,False
final_input_token_layerwise,disclosed,k9,oracle_posterior_gain,16,100.0,-0.0001720878852008445,False
final_input_token_layerwise,disclosed,k9,oracle_posterior_gain,17,100.0,-0.0006048728477176801,False
final_input_token_layerwise,disclosed,k9,oracle_posterior_gain,18,100.0,-0.0005278194200374065,False
final_input_token_layerwise,disclosed,k9,oracle_posterior_gain,19,100.0,-0.00022500983212128678,False
final_input_token_layerwise,disclosed,k9,oracle_posterior_gain,20,100.0,8.433736222823729e-05,False
final_input_token_layerwise,disclosed,k9,oracle_posterior_gain,21,100.0,0.0005969209127582031,False
final_input_token_layerwise,disclosed,k9,oracle_posterior_gain,22,100.0,0.000368932576117198,False
final_input_token_layerwise,disclosed,k9,oracle_posterior_gain,23,100.0,0.00019835410624860494,False
final_input_token_layerwise,disclosed,k9,oracle_posterior_gain,24,100.0,0.00038671106247109566,False
final_input_token_layerwise,disclosed,k9,oracle_posterior_gain,25,100.0,0.0006414147719739915,False
final_input_token_layerwise,disclosed,k9,oracle_posterior_gain,26,100.0,0.0006354611267663235,False
final_input_token_layerwise,disclosed,k9,oracle_posterior_gain,27,100.0,0.0007414559038596558,False
final_input_token_layerwise,disclosed,k9,oracle_posterior_gain,28,100.0,0.0006172745925523693,False
final_input_token_layerwise,disclosed,k9,oracle_posterior_gain,29,100.0,0.0005172094006647143,False
final_input_token_layerwise,disclosed,k9,oracle_posterior_gain,30,100.0,0.0003331105091373687,False
final_input_token_layerwise,disclosed,k9,oracle_posterior_gain,31,100.0,0.0005860903409437845,False
final_input_token_layerwise,disclosed,k9,oracle_posterior_gain,32,100.0,0.00032480229485412626,False
final_input_token_layerwise,disclosed,k9,oracle_posterior_gain,33,100.0,-2.423931210188135e-05,False
final_input_token_layerwise,disclosed,k9,oracle_posterior_gain,34,100.0,-8.661284636457545e-05,False
final_input_token_layerwise,disclosed,k9,oracle_posterior_gain,35,100.0,-0.00019830105491400185,False
final_input_token_layerwise,disclosed,k9,oracle_posterior_gain,36,100.0,2.955015465994082e-05,False
final_input_token_layerwise,disclosed,pooled,gain,0,0.0001,0.0,False
final_input_token_layerwise,disclosed,pooled,gain,1,100.0,-0.0003299233772169989,False
final_input_token_layerwise,disclosed,pooled,gain,2,100.0,-0.0011355790114130255,False
final_input_token_layerwise,disclosed,pooled,gain,3,100.0,-0.0020243831967411605,False
final_input_token_layerwise,disclosed,pooled,gain,4,100.0,0.00032693053155472923,False
final_input_token_layerwise,disclosed,pooled,gain,5,100.0,-0.0019478449043900854,False
final_input_token_layerwise,disclosed,pooled,gain,6,100.0,-0.00282560077901318,False
final_input_token_layerwise,disclosed,pooled,gain,7,100.0,-0.003221631865584773,False
final_input_token_layerwise,disclosed,pooled,gain,8,100.0,-0.0028744609676161306,False
final_input_token_layerwise,disclosed,pooled,gain,9,100.0,-0.00425384881382157,False
final_input_token_layerwise,disclosed,pooled,gain,10,100.0,-0.0036765324465429607,False
final_input_token_layerwise,disclosed,pooled,gain,11,100.0,-0.003179862411008797,False
final_input_token_layerwise,disclosed,pooled,gain,12,100.0,-0.002562789392069572,False
final_input_token_layerwise,disclosed,pooled,gain,13,100.0,-0.0031335887832774356,False
final_input_token_layerwise,disclosed,pooled,gain,14,100.0,-0.0027012820852848896,False
final_input_token_layerwise,disclosed,pooled,gain,15,100.0,-0.0012402097571080721,False
final_input_token_layerwise,disclosed,pooled,gain,16,100.0,-0.001225587199561784,False
final_input_token_layerwise,disclosed,pooled,gain,17,100.0,-0.0024288404875576763,False
final_input_token_layerwise,disclosed,pooled,gain,18,100.0,-0.001224245573059668,False
final_input_token_layerwise,disclosed,pooled,gain,19,100.0,0.00043124691579748964,True
final_input_token_layerwise,disclosed,pooled,gain,20,100.0,-0.0004953332075374831,False
final_input_token_layerwise,disclosed,pooled,gain,21,100.0,-0.0009312909339145581,False
final_input_token_layerwise,disclosed,pooled,gain,22,100.0,-0.0009323222259622251,False
final_input_token_layerwise,disclosed,pooled,gain,23,100.0,-0.0004894301581396809,False
final_input_token_layerwise,disclosed,pooled,gain,24,100.0,-0.0006197032494240547,False
final_input_token_layerwise,disclosed,pooled,gain,25,100.0,-0.001259468146634533,False
final_input_token_layerwise,disclosed,pooled,gain,26,100.0,-0.0007848755241846491,False
final_input_token_layerwise,disclosed,pooled,gain,27,100.0,-0.00051523353057951,False
final_input_token_layerwise,disclosed,pooled,gain,28,100.0,-3.529936488782156e-05,False
final_input_token_layerwise,disclosed,pooled,gain,29,100.0,-0.0009955414976225245,False
final_input_token_layerwise,disclosed,pooled,gain,30,100.0,-0.0008441119808388353,False
final_input_token_layerwise,disclosed,pooled,gain,31,100.0,-0.0006049168157464813,False
final_input_token_layerwise,disclosed,pooled,gain,32,100.0,-0.0006234050598875515,False
final_input_token_layerwise,disclosed,pooled,gain,33,100.0,-0.0006643519211583793,False
final_input_token_layerwise,disclosed,pooled,gain,34,100.0,-0.00012436863352134156,False
final_input_token_layerwise,disclosed,pooled,gain,35,100.0,-0.0008195856362771722,False
final_input_token_layerwise,disclosed,pooled,gain,36,100.0,-0.0007205197754698763,False
final_input_token_layerwise,disclosed,pooled,response_residual,0,0.0001,-2.7755575615628914e-17,False
final_input_token_layerwise,disclosed,pooled,response_residual,1,100.0,0.0012095783990962172,True
final_input_token_layerwise,disclosed,pooled,response_residual,2,100.0,-0.002413606347281929,False
final_input_token_layerwise,disclosed,pooled,response_residual,3,100.0,-0.002979321034160006,False
final_input_token_layerwise,disclosed,pooled,response_residual,4,100.0,-0.002158666907016956,False
final_input_token_layerwise,disclosed,pooled,response_residual,5,100.0,-0.004868206697637416,False
final_input_token_layerwise,disclosed,pooled,response_residual,6,100.0,-0.004575021818962993,False
final_input_token_layerwise,disclosed,pooled,response_residual,7,100.0,-0.005234799561498989,False
final_input_token_layerwise,disclosed,pooled,response_residual,8,100.0,-0.004276649619808698,False
final_input_token_layerwise,disclosed,pooled,response_residual,9,100.0,-0.004986305362696675,False
final_input_token_layerwise,disclosed,pooled,response_residual,10,100.0,-0.0041694339173343475,False
final_input_token_layerwise,disclosed,pooled,response_residual,11,100.0,-0.002769842060021945,False
final_input_token_layerwise,disclosed,pooled,response_residual,12,100.0,-0.002417572996997306,False
final_input_token_layerwise,disclosed,pooled,response_residual,13,100.0,-0.0029836259815899193,False
final_input_token_layerwise,disclosed,pooled,response_residual,14,100.0,-0.002608525341593467,False
final_input_token_layerwise,disclosed,pooled,response_residual,15,100.0,-0.000979358295538089,False
final_input_token_layerwise,disclosed,pooled,response_residual,16,100.0,-0.0005589607699829172,False
final_input_token_layerwise,disclosed,pooled,response_residual,17,100.0,-0.0016426003028206886,False
final_input_token_layerwise,disclosed,pooled,response_residual,18,100.0,-0.0012047146805121607,False
final_input_token_layerwise,disclosed,pooled,response_residual,19,100.0,0.00020785442052196715,False
final_input_token_layerwise,disclosed,pooled,response_residual,20,100.0,-0.0008338297396712121,False
final_input_token_layerwise,disclosed,pooled,response_residual,21,100.0,-0.0014726969300289012,False
final_input_token_layerwise,disclosed,pooled,response_residual,22,100.0,-0.0017832523266876714,False
final_input_token_layerwise,disclosed,pooled,response_residual,23,100.0,-0.001525953917970548,False
final_input_token_layerwise,disclosed,pooled,response_residual,24,100.0,-0.0010115873540905707,False
final_input_token_layerwise,disclosed,pooled,response_residual,25,100.0,-0.0013700084928059408,False
final_input_token_layerwise,disclosed,pooled,response_residual,26,100.0,-0.0013758395411329523,False
final_input_token_layerwise,disclosed,pooled,response_residual,27,100.0,-0.0010674431243006544,False
final_input_token_layerwise,disclosed,pooled,response_residual,28,100.0,-0.0004887169654125648,False
final_input_token_layerwise,disclosed,pooled,response_residual,29,100.0,-0.0017124487386938798,False
final_input_token_layerwise,disclosed,pooled,response_residual,30,100.0,-0.001454401309180527,False
final_input_token_layerwise,disclosed,pooled,response_residual,31,100.0,-0.001290485907843253,False
final_input_token_layerwise,disclosed,pooled,response_residual,32,100.0,-0.0013267784549589878,False
final_input_token_layerwise,disclosed,pooled,response_residual,33,100.0,-0.0012966044996073345,False
final_input_token_layerwise,disclosed,pooled,response_residual,34,100.0,-0.00033755439521152936,False
final_input_token_layerwise,disclosed,pooled,response_residual,35,100.0,-0.0007299535654945732,False
final_input_token_layerwise,disclosed,pooled,response_residual,36,100.0,-0.0009593787748558383,False
final_input_token_layerwise,undisclosed,k3,gain,0,0.0001,0.0,False
final_input_token_layerwise,undisclosed,k3,gain,1,100.0,-0.0010137950819124608,False
final_input_token_layerwise,undisclosed,k3,gain,2,100.0,0.0010630090789735813,False
final_input_token_layerwise,undisclosed,k3,gain,3,100.0,0.0011336941885389529,False
final_input_token_layerwise,undisclosed,k3,gain,4,100.0,0.0006942167922027731,False
final_input_token_layerwise,undisclosed,k3,gain,5,100.0,0.00020672806736124483,False
final_input_token_layerwise,undisclosed,k3,gain,6,100.0,0.000427039535453394,False
final_input_token_layerwise,undisclosed,k3,gain,7,100.0,0.0002962430177644304,False
final_input_token_layerwise,undisclosed,k3,gain,8,100.0,0.0001596133288683521,False
final_input_token_layerwise,undisclosed,k3,gain,9,100.0,-5.489499570798806e-05,False
final_input_token_layerwise,undisclosed,k3,gain,10,100.0,0.0003660879477683232,False
final_input_token_layerwise,undisclosed,k3,gain,11,100.0,0.00032127982058882676,False
final_input_token_layerwise,undisclosed,k3,gain,12,100.0,0.0004764584827743612,False
final_input_token_layerwise,undisclosed,k3,gain,13,100.0,0.0004996881832261546,False
final_input_token_layerwise,undisclosed,k3,gain,14,100.0,0.0009117514067484289,False
final_input_token_layerwise,undisclosed,k3,gain,15,100.0,0.0012388475259972331,False
final_input_token_layerwise,undisclosed,k3,gain,16,100.0,0.001150980341089819,False
final_input_token_layerwise,undisclosed,k3,gain,17,3.0,0.009708582043962605,True
final_input_token_layerwise,undisclosed,k3,gain,18,3.0,0.0022237162532222354,False
final_input_token_layerwise,undisclosed,k3,gain,19,100.0,0.0012852033868605284,False
final_input_token_layerwise,undisclosed,k3,gain,20,100.0,0.0010748719094228476,False
final_input_token_layerwise,undisclosed,k3,gain,21,100.0,0.0009283159535013463,False
final_input_token_layerwise,undisclosed,k3,gain,22,100.0,0.001018798195898979,False
final_input_token_layerwise,undisclosed,k3,gain,23,100.0,0.00069010991656554,False
final_input_token_layerwise,undisclosed,k3,gain,24,100.0,0.0004910047786126914,False
final_input_token_layerwise,undisclosed,k3,gain,25,100.0,0.00026539868542413414,False
final_input_token_layerwise,undisclosed,k3,gain,26,100.0,0.00013637457017046106,False
final_input_token_layerwise,undisclosed,k3,gain,27,100.0,0.0002778999422987649,False
final_input_token_layerwise,undisclosed,k3,gain,28,100.0,0.0003057101711209653,False
final_input_token_layerwise,undisclosed,k3,gain,29,100.0,0.00013957548657581031,False
final_input_token_layerwise,undisclosed,k3,gain,30,100.0,0.0006562933341701105,False
final_input_token_layerwise,undisclosed,k3,gain,31,100.0,0.0007012512724400011,False
final_input_token_layerwise,undisclosed,k3,gain,32,100.0,0.0005782875193431625,False
final_input_token_layerwise,undisclosed,k3,gain,33,100.0,0.0009728575335364864,False
final_input_token_layerwise,undisclosed,k3,gain,34,100.0,0.0008659372284951228,False
final_input_token_layerwise,undisclosed,k3,gain,35,100.0,0.0007720459873973851,False
final_input_token_layerwise,undisclosed,k3,gain,36,100.0,0.0008327110466385679,False
final_input_token_layerwise,undisclosed,k3,response_residual,0,0.0001,-2.7755575615628914e-17,False
final_input_token_layerwise,undisclosed,k3,response_residual,1,100.0,-0.0007860074264818828,False
final_input_token_layerwise,undisclosed,k3,response_residual,2,100.0,0.0009354462170277911,False
final_input_token_layerwise,undisclosed,k3,response_residual,3,100.0,0.001386265690855093,False
final_input_token_layerwise,undisclosed,k3,response_residual,4,100.0,0.0008144964085261552,False
final_input_token_layerwise,undisclosed,k3,response_residual,5,100.0,0.00029890535779331096,False
final_input_token_layerwise,undisclosed,k3,response_residual,6,100.0,0.0006056783548410161,False
final_input_token_layerwise,undisclosed,k3,response_residual,7,100.0,0.0004599218393574467,False
final_input_token_layerwise,undisclosed,k3,response_residual,8,100.0,0.000402422683357051,False
final_input_token_layerwise,undisclosed,k3,response_residual,9,100.0,0.0001486150639764261,False
final_input_token_layerwise,undisclosed,k3,response_residual,10,100.0,0.0004408502896824651,False
final_input_token_layerwise,undisclosed,k3,response_residual,11,100.0,0.0005343072339598076,False
final_input_token_layerwise,undisclosed,k3,response_residual,12,100.0,0.0005563792406164669,False
final_input_token_layerwise,undisclosed,k3,response_residual,13,100.0,0.0006447378229021417,False
final_input_token_layerwise,undisclosed,k3,response_residual,14,100.0,0.0010383118005052594,False
final_input_token_layerwise,undisclosed,k3,response_residual,15,100.0,0.0011494536460326943,False
final_input_token_layerwise,undisclosed,k3,response_residual,16,100.0,0.001119135209521449,False
final_input_token_layerwise,undisclosed,k3,response_residual,17,3.0,0.0017409049035843893,True
final_input_token_layerwise,undisclosed,k3,response_residual,18,100.0,0.001286530496610122,False
final_input_token_layerwise,undisclosed,k3,response_residual,19,100.0,0.0012130023712518812,False
final_input_token_layerwise,undisclosed,k3,response_residual,20,100.0,0.0011212098664353243,False
final_input_token_layerwise,undisclosed,k3,response_residual,21,100.0,0.0009491244734954885,False
final_input_token_layerwise,undisclosed,k3,response_residual,22,100.0,0.000979659259802118,False
final_input_token_layerwise,undisclosed,k3,response_residual,23,100.0,0.0007189614423883384,False
final_input_token_layerwise,undisclosed,k3,response_residual,24,100.0,0.0004941695334869933,False
final_input_token_layerwise,undisclosed,k3,response_residual,25,100.0,0.0004015004854585891,False
final_input_token_layerwise,undisclosed,k3,response_residual,26,100.0,0.00029258583106051006,False
final_input_token_layerwise,undisclosed,k3,response_residual,27,100.0,0.000336982457121493,False
final_input_token_layerwise,undisclosed,k3,response_residual,28,100.0,0.0003160344800688941,False
final_input_token_layerwise,undisclosed,k3,response_residual,29,100.0,0.00018044208784526172,False
final_input_token_layerwise,undisclosed,k3,response_residual,30,100.0,0.000768076805161666,False
final_input_token_layerwise,undisclosed,k3,response_residual,31,100.0,0.0006835880842801512,False
final_input_token_layerwise,undisclosed,k3,response_residual,32,100.0,0.0005922866214168321,False
final_input_token_layerwise,undisclosed,k3,response_residual,33,100.0,0.0009881405920030284,False
final_input_token_layerwise,undisclosed,k3,response_residual,34,100.0,0.0010104437381410758,False
final_input_token_layerwise,undisclosed,k3,response_residual,35,100.0,0.0009409148989796834,False
final_input_token_layerwise,undisclosed,k3,response_residual,36,100.0,0.0008843102399724023,False
final_input_token_layerwise,undisclosed,k3,last_target_observation,0,0.0001,-8.326672684688674e-17,False
final_input_token_layerwise,undisclosed,k3,last_target_observation,1,0.1,0.021522651707853196,True
final_input_token_layerwise,undisclosed,k3,last_target_observation,2,100.0,-2.0828608373824054e-05,False
final_input_token_layerwise,undisclosed,k3,last_target_observation,3,3.0,0.0015732910173603676,False
final_input_token_layerwise,undisclosed,k3,last_target_observation,4,3.0,0.0038107899163764003,False
final_input_token_layerwise,undisclosed,k3,last_target_observation,5,0.1,0.01857897313084711,False
final_input_token_layerwise,undisclosed,k3,last_target_observation,6,100.0,0.0005746016549643962,False
final_input_token_layerwise,undisclosed,k3,last_target_observation,7,3.0,0.006249899667814529,False
final_input_token_layerwise,undisclosed,k3,last_target_observation,8,3.0,0.008067725991739494,False
final_input_token_layerwise,undisclosed,k3,last_target_observation,9,100.0,0.000678363145549532,False
final_input_token_layerwise,undisclosed,k3,last_target_observation,10,3.0,0.0033192226331460184,False
final_input_token_layerwise,undisclosed,k3,last_target_observation,11,100.0,0.0005697633767553778,False
final_input_token_layerwise,undisclosed,k3,last_target_observation,12,100.0,0.00029403369742869723,False
final_input_token_layerwise,undisclosed,k3,last_target_observation,13,100.0,0.00042802884770132277,False
final_input_token_layerwise,undisclosed,k3,last_target_observation,14,3.0,0.004086881338503379,False
final_input_token_layerwise,undisclosed,k3,last_target_observation,15,3.0,0.004216720185001244,False
final_input_token_layerwise,undisclosed,k3,last_target_observation,16,100.0,0.0005457912401220788,False
final_input_token_layerwise,undisclosed,k3,last_target_observation,17,100.0,0.0005128636230425365,False
final_input_token_layerwise,undisclosed,k3,last_target_observation,18,100.0,0.00031745948305547667,False
final_input_token_layerwise,undisclosed,k3,last_target_observation,19,100.0,0.00025774101074546585,False
final_input_token_layerwise,undisclosed,k3,last_target_observation,20,100.0,0.00034464993399457855,False
final_input_token_layerwise,undisclosed,k3,last_target_observation,21,3.0,0.0019504842744233475,False
final_input_token_layerwise,undisclosed,k3,last_target_observation,22,3.0,0.0017731041118577429,False
final_input_token_layerwise,undisclosed,k3,last_target_observation,23,3.0,0.0009478960422807381,False
final_input_token_layerwise,undisclosed,k3,last_target_observation,24,3.0,0.005239572089965144,False
final_input_token_layerwise,undisclosed,k3,last_target_observation,25,3.0,0.0016180613697440172,False
final_input_token_layerwise,undisclosed,k3,last_target_observation,26,100.0,0.0005670378557957878,False
final_input_token_layerwise,undisclosed,k3,last_target_observation,27,100.0,0.0007252535423140083,False
final_input_token_layerwise,undisclosed,k3,last_target_observation,28,100.0,0.0002122554125833509,False
final_input_token_layerwise,undisclosed,k3,last_target_observation,29,100.0,0.00038853427009538644,False
final_input_token_layerwise,undisclosed,k3,last_target_observation,30,3.0,0.003942862337294961,False
final_input_token_layerwise,undisclosed,k3,last_target_observation,31,100.0,0.0003205836716965449,False
final_input_token_layerwise,undisclosed,k3,last_target_observation,32,100.0,0.00028752449833027716,False
final_input_token_layerwise,undisclosed,k3,last_target_observation,33,100.0,0.0002584451220701556,False
final_input_token_layerwise,undisclosed,k3,last_target_observation,34,100.0,0.00016168219394496752,False
final_input_token_layerwise,undisclosed,k3,last_target_observation,35,100.0,9.546495923254406e-05,False
final_input_token_layerwise,undisclosed,k3,last_target_observation,36,100.0,-6.39088567008228e-05,False
final_input_token_layerwise,undisclosed,k3,target_observation_mean,0,0.0001,5.551115123125783e-17,False
final_input_token_layerwise,undisclosed,k3,target_observation_mean,1,3.0,0.026676583141779897,False
final_input_token_layerwise,undisclosed,k3,target_observation_mean,2,100.0,-9.214492573239585e-06,False
final_input_token_layerwise,undisclosed,k3,target_observation_mean,3,100.0,-0.00035009294414559133,False
final_input_token_layerwise,undisclosed,k3,target_observation_mean,4,3.0,0.0006492965753648328,False
final_input_token_layerwise,undisclosed,k3,target_observation_mean,5,3.0,0.006662845384593219,False
final_input_token_layerwise,undisclosed,k3,target_observation_mean,6,3.0,0.004478526419383955,False
final_input_token_layerwise,undisclosed,k3,target_observation_mean,7,3.0,0.010470227598391058,False
final_input_token_layerwise,undisclosed,k3,target_observation_mean,8,3.0,0.015667634728031704,False
final_input_token_layerwise,undisclosed,k3,target_observation_mean,9,3.0,0.005113319133928734,False
final_input_token_layerwise,undisclosed,k3,target_observation_mean,10,3.0,0.009073615702495874,False
final_input_token_layerwise,undisclosed,k3,target_observation_mean,11,3.0,0.004443445278656033,False
final_input_token_layerwise,undisclosed,k3,target_observation_mean,12,3.0,0.008587186183213247,False
final_input_token_layerwise,undisclosed,k3,target_observation_mean,13,3.0,0.01936554334386717,False
final_input_token_layerwise,undisclosed,k3,target_observation_mean,14,3.0,0.02181294558300756,False
final_input_token_layerwise,undisclosed,k3,target_observation_mean,15,3.0,0.02814791969522437,False
final_input_token_layerwise,undisclosed,k3,target_observation_mean,16,3.0,0.021804147889734532,False
final_input_token_layerwise,undisclosed,k3,target_observation_mean,17,3.0,0.02839175979475292,False
final_input_token_layerwise,undisclosed,k3,target_observation_mean,18,3.0,0.019693062101696107,False
final_input_token_layerwise,undisclosed,k3,target_observation_mean,19,3.0,0.01578138267967355,False
final_input_token_layerwise,undisclosed,k3,target_observation_mean,20,3.0,0.01860358887257041,False
final_input_token_layerwise,undisclosed,k3,target_observation_mean,21,3.0,0.021934384724546813,False
final_input_token_layerwise,undisclosed,k3,target_observation_mean,22,3.0,0.03412894569242911,False
final_input_token_layerwise,undisclosed,k3,target_observation_mean,23,3.0,0.03064951934831156,False
final_input_token_layerwise,undisclosed,k3,target_observation_mean,24,3.0,0.040519801017059764,True
final_input_token_layerwise,undisclosed,k3,target_observation_mean,25,3.0,0.024442802262242408,False
final_input_token_layerwise,undisclosed,k3,target_observation_mean,26,3.0,0.01479501568046726,False
final_input_token_layerwise,undisclosed,k3,target_observation_mean,27,3.0,0.01428557015027801,False
final_input_token_layerwise,undisclosed,k3,target_observation_mean,28,3.0,0.010271528222399212,False
final_input_token_layerwise,undisclosed,k3,target_observation_mean,29,3.0,0.028106033145866405,False
final_input_token_layerwise,undisclosed,k3,target_observation_mean,30,3.0,0.04008600948766483,False
final_input_token_layerwise,undisclosed,k3,target_observation_mean,31,3.0,0.029580991558554343,False
final_input_token_layerwise,undisclosed,k3,target_observation_mean,32,3.0,0.02337327321264418,False
final_input_token_layerwise,undisclosed,k3,target_observation_mean,33,3.0,0.022378815309942818,False
final_input_token_layerwise,undisclosed,k3,target_observation_mean,34,3.0,0.02015138911230574,False
final_input_token_layerwise,undisclosed,k3,target_observation_mean,35,3.0,0.019554538653890008,False
final_input_token_layerwise,undisclosed,k3,target_observation_mean,36,3.0,0.018499284477417166,False
final_input_token_layerwise,undisclosed,k3,target_time_slope,0,0.0001,0.0,True
final_input_token_layerwise,undisclosed,k3,target_time_slope,1,100.0,-0.0016165620367629696,False
final_input_token_layerwise,undisclosed,k3,target_time_slope,2,100.0,-0.0029695315699496683,False
final_input_token_layerwise,undisclosed,k3,target_time_slope,3,100.0,-0.00156391893650068,False
final_input_token_layerwise,undisclosed,k3,target_time_slope,4,100.0,-0.0007511890279228994,False
final_input_token_layerwise,undisclosed,k3,target_time_slope,5,100.0,-0.0003728242513510449,False
final_input_token_layerwise,undisclosed,k3,target_time_slope,6,100.0,-0.0005933012996245934,False
final_input_token_layerwise,undisclosed,k3,target_time_slope,7,100.0,-0.00010572662008101474,False
final_input_token_layerwise,undisclosed,k3,target_time_slope,8,100.0,-0.00024721071272393313,False
final_input_token_layerwise,undisclosed,k3,target_time_slope,9,100.0,-0.00021307931442968164,False
final_input_token_layerwise,undisclosed,k3,target_time_slope,10,100.0,-0.00030352651299403455,False
final_input_token_layerwise,undisclosed,k3,target_time_slope,11,100.0,-0.00021830896683830425,False
final_input_token_layerwise,undisclosed,k3,target_time_slope,12,100.0,-0.000547638081561469,False
final_input_token_layerwise,undisclosed,k3,target_time_slope,13,100.0,-0.00041618302284915365,False
final_input_token_layerwise,undisclosed,k3,target_time_slope,14,100.0,-0.00044950259912829305,False
final_input_token_layerwise,undisclosed,k3,target_time_slope,15,100.0,-0.0007058964597325135,False
final_input_token_layerwise,undisclosed,k3,target_time_slope,16,100.0,-0.0008374169211246285,False
final_input_token_layerwise,undisclosed,k3,target_time_slope,17,100.0,-0.0009528482549748807,False
final_input_token_layerwise,undisclosed,k3,target_time_slope,18,100.0,-0.0010385256064290305,False
final_input_token_layerwise,undisclosed,k3,target_time_slope,19,100.0,-0.0009802213487400957,False
final_input_token_layerwise,undisclosed,k3,target_time_slope,20,100.0,-0.001073434407417806,False
final_input_token_layerwise,undisclosed,k3,target_time_slope,21,100.0,-0.00136683163013529,False
final_input_token_layerwise,undisclosed,k3,target_time_slope,22,100.0,-0.001373546781494761,False
final_input_token_layerwise,undisclosed,k3,target_time_slope,23,100.0,-0.0011108853230347437,False
final_input_token_layerwise,undisclosed,k3,target_time_slope,24,100.0,-0.0007704136839701836,False
final_input_token_layerwise,undisclosed,k3,target_time_slope,25,100.0,-0.0007208435820824921,False
final_input_token_layerwise,undisclosed,k3,target_time_slope,26,100.0,-0.0004867977915047894,False
final_input_token_layerwise,undisclosed,k3,target_time_slope,27,100.0,-0.0004245913734374218,False
final_input_token_layerwise,undisclosed,k3,target_time_slope,28,100.0,-0.0009747449686350884,False
final_input_token_layerwise,undisclosed,k3,target_time_slope,29,100.0,-0.001080875565331485,False
final_input_token_layerwise,undisclosed,k3,target_time_slope,30,100.0,-0.0009136026956823307,False
final_input_token_layerwise,undisclosed,k3,target_time_slope,31,100.0,-0.0012702177071865772,False
final_input_token_layerwise,undisclosed,k3,target_time_slope,32,100.0,-0.0012528639773050076,False
final_input_token_layerwise,undisclosed,k3,target_time_slope,33,100.0,-0.0013215152434799815,False
final_input_token_layerwise,undisclosed,k3,target_time_slope,34,100.0,-0.0016277066595688228,False
final_input_token_layerwise,undisclosed,k3,target_time_slope,35,100.0,-0.001683503945129533,False
final_input_token_layerwise,undisclosed,k3,target_time_slope,36,100.0,-0.0017867491253109602,False
final_input_token_layerwise,undisclosed,k3,displayed_driver_outcome_slope,0,0.0001,5.551115123125783e-17,False
final_input_token_layerwise,undisclosed,k3,displayed_driver_outcome_slope,1,100.0,0.0005175963620153157,False
final_input_token_layerwise,undisclosed,k3,displayed_driver_outcome_slope,2,3.0,0.03102913507852237,False
final_input_token_layerwise,undisclosed,k3,displayed_driver_outcome_slope,3,3.0,0.02246652762572446,False
final_input_token_layerwise,undisclosed,k3,displayed_driver_outcome_slope,4,3.0,0.03197622740793152,False
final_input_token_layerwise,undisclosed,k3,displayed_driver_outcome_slope,5,3.0,0.029025196735440267,False
final_input_token_layerwise,undisclosed,k3,displayed_driver_outcome_slope,6,3.0,0.024133771491795908,False
final_input_token_layerwise,undisclosed,k3,displayed_driver_outcome_slope,7,3.0,0.02516581669057194,False
final_input_token_layerwise,undisclosed,k3,displayed_driver_outcome_slope,8,3.0,0.025023328099905234,False
final_input_token_layerwise,undisclosed,k3,displayed_driver_outcome_slope,9,3.0,0.025837254330096343,False
final_input_token_layerwise,undisclosed,k3,displayed_driver_outcome_slope,10,3.0,0.020389473189256352,False
final_input_token_layerwise,undisclosed,k3,displayed_driver_outcome_slope,11,3.0,0.01933894831542246,False
final_input_token_layerwise,undisclosed,k3,displayed_driver_outcome_slope,12,3.0,0.029012610019328394,False
final_input_token_layerwise,undisclosed,k3,displayed_driver_outcome_slope,13,3.0,0.020869811350716194,False
final_input_token_layerwise,undisclosed,k3,displayed_driver_outcome_slope,14,3.0,0.019080203451022848,False
final_input_token_layerwise,undisclosed,k3,displayed_driver_outcome_slope,15,3.0,0.019099836534731157,False
final_input_token_layerwise,undisclosed,k3,displayed_driver_outcome_slope,16,3.0,0.0056348576657460625,False
final_input_token_layerwise,undisclosed,k3,displayed_driver_outcome_slope,17,3.0,0.019141522559727453,False
final_input_token_layerwise,undisclosed,k3,displayed_driver_outcome_slope,18,3.0,0.02558170165476245,False
final_input_token_layerwise,undisclosed,k3,displayed_driver_outcome_slope,19,3.0,0.032423227428212104,False
final_input_token_layerwise,undisclosed,k3,displayed_driver_outcome_slope,20,3.0,0.03532120518698842,False
final_input_token_layerwise,undisclosed,k3,displayed_driver_outcome_slope,21,3.0,0.03456219362346383,False
final_input_token_layerwise,undisclosed,k3,displayed_driver_outcome_slope,22,3.0,0.034190171946514525,False
final_input_token_layerwise,undisclosed,k3,displayed_driver_outcome_slope,23,3.0,0.02489435256577663,False
final_input_token_layerwise,undisclosed,k3,displayed_driver_outcome_slope,24,3.0,0.02518742128780374,False
final_input_token_layerwise,undisclosed,k3,displayed_driver_outcome_slope,25,3.0,0.02447195471403482,False
final_input_token_layerwise,undisclosed,k3,displayed_driver_outcome_slope,26,3.0,0.032058108684746456,False
final_input_token_layerwise,undisclosed,k3,displayed_driver_outcome_slope,27,3.0,0.031142900762162695,False
final_input_token_layerwise,undisclosed,k3,displayed_driver_outcome_slope,28,3.0,0.03276941591061208,False
final_input_token_layerwise,undisclosed,k3,displayed_driver_outcome_slope,29,3.0,0.030552989573570055,False
final_input_token_layerwise,undisclosed,k3,displayed_driver_outcome_slope,30,3.0,0.028553434827512186,False
final_input_token_layerwise,undisclosed,k3,displayed_driver_outcome_slope,31,3.0,0.04013451188578768,False
final_input_token_layerwise,undisclosed,k3,displayed_driver_outcome_slope,32,3.0,0.038142305428741724,False
final_input_token_layerwise,undisclosed,k3,displayed_driver_outcome_slope,33,3.0,0.04536197565989869,False
final_input_token_layerwise,undisclosed,k3,displayed_driver_outcome_slope,34,3.0,0.050815112692533776,False
final_input_token_layerwise,undisclosed,k3,displayed_driver_outcome_slope,35,3.0,0.05349145415020673,True
final_input_token_layerwise,undisclosed,k3,displayed_driver_outcome_slope,36,3.0,0.05071836027476123,False
final_input_token_layerwise,undisclosed,k3,oracle_posterior_gain,0,0.0001,2.7755575615628914e-17,False
final_input_token_layerwise,undisclosed,k3,oracle_posterior_gain,1,100.0,-0.002563558636004659,False
final_input_token_layerwise,undisclosed,k3,oracle_posterior_gain,2,100.0,-0.0026814005246380834,False
final_input_token_layerwise,undisclosed,k3,oracle_posterior_gain,3,100.0,-0.0023346634593383597,False
final_input_token_layerwise,undisclosed,k3,oracle_posterior_gain,4,100.0,-0.0022110182512460885,False
final_input_token_layerwise,undisclosed,k3,oracle_posterior_gain,5,100.0,-0.0022289276048700346,False
final_input_token_layerwise,undisclosed,k3,oracle_posterior_gain,6,100.0,-0.0018065741325885565,False
final_input_token_layerwise,undisclosed,k3,oracle_posterior_gain,7,100.0,-0.002032599553720482,False
final_input_token_layerwise,undisclosed,k3,oracle_posterior_gain,8,100.0,-0.0014916360298150577,False
final_input_token_layerwise,undisclosed,k3,oracle_posterior_gain,9,100.0,-0.0018059659168056796,False
final_input_token_layerwise,undisclosed,k3,oracle_posterior_gain,10,100.0,-0.0015764445635257085,False
final_input_token_layerwise,undisclosed,k3,oracle_posterior_gain,11,100.0,-0.0011929451045215311,False
final_input_token_layerwise,undisclosed,k3,oracle_posterior_gain,12,100.0,-0.0010829489736354225,False
final_input_token_layerwise,undisclosed,k3,oracle_posterior_gain,13,100.0,-0.0008545389523448299,False
final_input_token_layerwise,undisclosed,k3,oracle_posterior_gain,14,100.0,-0.0002691718701451351,False
final_input_token_layerwise,undisclosed,k3,oracle_posterior_gain,15,100.0,-0.00017404865360701183,False
final_input_token_layerwise,undisclosed,k3,oracle_posterior_gain,16,100.0,-0.00016964884898668098,False
final_input_token_layerwise,undisclosed,k3,oracle_posterior_gain,17,3.0,0.0018307063222584574,False
final_input_token_layerwise,undisclosed,k3,oracle_posterior_gain,18,100.0,-0.0006055762042527224,False
final_input_token_layerwise,undisclosed,k3,oracle_posterior_gain,19,100.0,-0.0005026091006051225,False
final_input_token_layerwise,undisclosed,k3,oracle_posterior_gain,20,100.0,-0.0004574777644238692,False
final_input_token_layerwise,undisclosed,k3,oracle_posterior_gain,21,100.0,-0.0005630479676291822,False
final_input_token_layerwise,undisclosed,k3,oracle_posterior_gain,22,3.0,0.00025987483262940314,False
final_input_token_layerwise,undisclosed,k3,oracle_posterior_gain,23,3.0,0.008921107597999023,False
final_input_token_layerwise,undisclosed,k3,oracle_posterior_gain,24,3.0,0.002854016046816066,False
final_input_token_layerwise,undisclosed,k3,oracle_posterior_gain,25,100.0,-0.0001702328206416026,False
final_input_token_layerwise,undisclosed,k3,oracle_posterior_gain,26,0.1,0.004214826837379115,False
final_input_token_layerwise,undisclosed,k3,oracle_posterior_gain,27,0.1,0.039166072735679014,False
final_input_token_layerwise,undisclosed,k3,oracle_posterior_gain,28,0.1,0.02057534852131629,False
final_input_token_layerwise,undisclosed,k3,oracle_posterior_gain,29,3.0,0.00953970756302755,False
final_input_token_layerwise,undisclosed,k3,oracle_posterior_gain,30,3.0,0.02146125364370005,False
final_input_token_layerwise,undisclosed,k3,oracle_posterior_gain,31,3.0,0.029833983492287774,False
final_input_token_layerwise,undisclosed,k3,oracle_posterior_gain,32,3.0,0.02974554806246474,False
final_input_token_layerwise,undisclosed,k3,oracle_posterior_gain,33,0.1,0.05286044904450479,True
final_input_token_layerwise,undisclosed,k3,oracle_posterior_gain,34,3.0,0.03630668083061753,False
final_input_token_layerwise,undisclosed,k3,oracle_posterior_gain,35,0.1,0.04723551508744925,False
final_input_token_layerwise,undisclosed,k3,oracle_posterior_gain,36,0.1,0.05283341545370615,False
final_input_token_layerwise,undisclosed,k6,gain,0,0.0001,0.0,False
final_input_token_layerwise,undisclosed,k6,gain,1,3.0,0.003034946213058831,True
final_input_token_layerwise,undisclosed,k6,gain,2,100.0,-0.0011155639895555625,False
final_input_token_layerwise,undisclosed,k6,gain,3,100.0,-0.0015737174016123845,False
final_input_token_layerwise,undisclosed,k6,gain,4,100.0,-0.0009880740327430082,False
final_input_token_layerwise,undisclosed,k6,gain,5,100.0,-0.00042223646147615534,False
final_input_token_layerwise,undisclosed,k6,gain,6,100.0,-0.00016872774120421652,False
final_input_token_layerwise,undisclosed,k6,gain,7,100.0,-0.00022421636150829483,False
final_input_token_layerwise,undisclosed,k6,gain,8,100.0,-0.00030000184949102726,False
final_input_token_layerwise,undisclosed,k6,gain,9,100.0,-2.292835168365981e-05,False
final_input_token_layerwise,undisclosed,k6,gain,10,100.0,0.0001390232996920926,False
final_input_token_layerwise,undisclosed,k6,gain,11,100.0,6.6938029474883365e-06,False
final_input_token_layerwise,undisclosed,k6,gain,12,100.0,-8.480298688817722e-05,False
final_input_token_layerwise,undisclosed,k6,gain,13,100.0,-6.184840368650413e-05,False
final_input_token_layerwise,undisclosed,k6,gain,14,100.0,-0.00013410909028194196,False
final_input_token_layerwise,undisclosed,k6,gain,15,100.0,-0.0005029934277782921,False
final_input_token_layerwise,undisclosed,k6,gain,16,100.0,-0.0006187686016639327,False
final_input_token_layerwise,undisclosed,k6,gain,17,100.0,-0.0006562361731010657,False
final_input_token_layerwise,undisclosed,k6,gain,18,100.0,-0.0007551062342911197,False
final_input_token_layerwise,undisclosed,k6,gain,19,100.0,-0.00039988110562119705,False
final_input_token_layerwise,undisclosed,k6,gain,20,100.0,-0.00038860411200022926,False
final_input_token_layerwise,undisclosed,k6,gain,21,100.0,-0.0006053627793448924,False
final_input_token_layerwise,undisclosed,k6,gain,22,100.0,-0.000608726045096375,False
final_input_token_layerwise,undisclosed,k6,gain,23,100.0,-0.0003415575913839619,False
final_input_token_layerwise,undisclosed,k6,gain,24,100.0,-0.00037199773850013496,False
final_input_token_layerwise,undisclosed,k6,gain,25,100.0,-0.0003131704798177426,False
final_input_token_layerwise,undisclosed,k6,gain,26,100.0,-0.0002907898972129286,False
final_input_token_layerwise,undisclosed,k6,gain,27,100.0,-0.00024079867166998392,False
final_input_token_layerwise,undisclosed,k6,gain,28,100.0,-0.00015996391901795803,False
final_input_token_layerwise,undisclosed,k6,gain,29,100.0,-0.00016880071940825192,False
final_input_token_layerwise,undisclosed,k6,gain,30,100.0,-0.00013860029680171082,False
final_input_token_layerwise,undisclosed,k6,gain,31,100.0,-0.00016817333738572415,False
final_input_token_layerwise,undisclosed,k6,gain,32,100.0,-5.126636994445821e-05,False
final_input_token_layerwise,undisclosed,k6,gain,33,100.0,-0.00018942536056901216,False
final_input_token_layerwise,undisclosed,k6,gain,34,100.0,1.0786788063044117e-05,False
final_input_token_layerwise,undisclosed,k6,gain,35,100.0,-3.687847455968729e-06,False
final_input_token_layerwise,undisclosed,k6,gain,36,100.0,0.0001240844544941333,False
final_input_token_layerwise,undisclosed,k6,response_residual,0,0.0001,-2.7755575615628914e-17,False
final_input_token_layerwise,undisclosed,k6,response_residual,1,100.0,0.0003674635907318924,True
final_input_token_layerwise,undisclosed,k6,response_residual,2,100.0,-0.0010887417381283127,False
final_input_token_layerwise,undisclosed,k6,response_residual,3,100.0,-0.0015265551919541875,False
final_input_token_layerwise,undisclosed,k6,response_residual,4,100.0,-0.0011324010176122778,False
final_input_token_layerwise,undisclosed,k6,response_residual,5,100.0,-0.0008609852750564029,False
final_input_token_layerwise,undisclosed,k6,response_residual,6,100.0,-0.0006629826781405224,False
final_input_token_layerwise,undisclosed,k6,response_residual,7,100.0,-0.0006525608108963465,False
final_input_token_layerwise,undisclosed,k6,response_residual,8,100.0,-0.0007330466521247025,False
final_input_token_layerwise,undisclosed,k6,response_residual,9,100.0,-0.0007593531538098719,False
final_input_token_layerwise,undisclosed,k6,response_residual,10,100.0,-0.0005378439114025191,False
final_input_token_layerwise,undisclosed,k6,response_residual,11,100.0,-0.0005143767691450363,False
final_input_token_layerwise,undisclosed,k6,response_residual,12,100.0,-0.0005548563190631295,False
final_input_token_layerwise,undisclosed,k6,response_residual,13,100.0,-0.0005566334583178567,False
final_input_token_layerwise,undisclosed,k6,response_residual,14,100.0,-0.0006057200078105063,False
final_input_token_layerwise,undisclosed,k6,response_residual,15,100.0,-0.0008559231550401836,False
final_input_token_layerwise,undisclosed,k6,response_residual,16,100.0,-0.0010701112272892832,False
final_input_token_layerwise,undisclosed,k6,response_residual,17,100.0,-0.0010663183969411572,False
final_input_token_layerwise,undisclosed,k6,response_residual,18,100.0,-0.0011565914380725628,False
final_input_token_layerwise,undisclosed,k6,response_residual,19,100.0,-0.0008729432472902587,False
final_input_token_layerwise,undisclosed,k6,response_residual,20,100.0,-0.0009876033500837433,False
final_input_token_layerwise,undisclosed,k6,response_residual,21,100.0,-0.0011313211700132442,False
final_input_token_layerwise,undisclosed,k6,response_residual,22,100.0,-0.0010829395967000277,False
final_input_token_layerwise,undisclosed,k6,response_residual,23,100.0,-0.0006941501507536918,False
final_input_token_layerwise,undisclosed,k6,response_residual,24,100.0,-0.0006786148170933592,False
final_input_token_layerwise,undisclosed,k6,response_residual,25,100.0,-0.0005350885484439183,False
final_input_token_layerwise,undisclosed,k6,response_residual,26,100.0,-0.0005421602120855573,False
final_input_token_layerwise,undisclosed,k6,response_residual,27,100.0,-0.0005461358882227485,False
final_input_token_layerwise,undisclosed,k6,response_residual,28,100.0,-0.00047312993233339373,False
final_input_token_layerwise,undisclosed,k6,response_residual,29,100.0,-0.00046624011213108885,False
final_input_token_layerwise,undisclosed,k6,response_residual,30,100.0,-0.000538851125872819,False
final_input_token_layerwise,undisclosed,k6,response_residual,31,100.0,-0.0005237472017809164,False
final_input_token_layerwise,undisclosed,k6,response_residual,32,100.0,-0.000389818750144183,False
final_input_token_layerwise,undisclosed,k6,response_residual,33,100.0,-0.0005634752678593535,False
final_input_token_layerwise,undisclosed,k6,response_residual,34,100.0,-0.000349451204433443,False
final_input_token_layerwise,undisclosed,k6,response_residual,35,100.0,-0.00033917987159767793,False
final_input_token_layerwise,undisclosed,k6,response_residual,36,100.0,-0.00020332697663777433,False
final_input_token_layerwise,undisclosed,k6,last_target_observation,0,0.0001,-2.7755575615628914e-17,False
final_input_token_layerwise,undisclosed,k6,last_target_observation,1,100.0,-0.0017044069315999555,False
final_input_token_layerwise,undisclosed,k6,last_target_observation,2,100.0,-0.00022753742253606157,False
final_input_token_layerwise,undisclosed,k6,last_target_observation,3,100.0,-0.0005337495028421291,False
final_input_token_layerwise,undisclosed,k6,last_target_observation,4,100.0,-0.00020206516731094415,False
final_input_token_layerwise,undisclosed,k6,last_target_observation,5,100.0,-0.0003924310981968937,False
final_input_token_layerwise,undisclosed,k6,last_target_observation,6,100.0,6.0785592964324175e-05,False
final_input_token_layerwise,undisclosed,k6,last_target_observation,7,100.0,2.1482444956588687e-05,False
final_input_token_layerwise,undisclosed,k6,last_target_observation,8,100.0,-7.972486516641397e-05,False
final_input_token_layerwise,undisclosed,k6,last_target_observation,9,100.0,-0.00024831110089332253,False
final_input_token_layerwise,undisclosed,k6,last_target_observation,10,100.0,7.426215650882528e-05,False
final_input_token_layerwise,undisclosed,k6,last_target_observation,11,100.0,-0.0003870121080876976,False
final_input_token_layerwise,undisclosed,k6,last_target_observation,12,100.0,-0.0005766812039919578,False
final_input_token_layerwise,undisclosed,k6,last_target_observation,13,100.0,-0.0006505078820567833,False
final_input_token_layerwise,undisclosed,k6,last_target_observation,14,100.0,-0.0005658852043424756,False
final_input_token_layerwise,undisclosed,k6,last_target_observation,15,100.0,-0.0004347862234985733,False
final_input_token_layerwise,undisclosed,k6,last_target_observation,16,100.0,-0.0005554256965087101,False
final_input_token_layerwise,undisclosed,k6,last_target_observation,17,100.0,-0.0006679490806911215,False
final_input_token_layerwise,undisclosed,k6,last_target_observation,18,100.0,-0.0008222601396132012,False
final_input_token_layerwise,undisclosed,k6,last_target_observation,19,100.0,-0.0001321410668682077,False
final_input_token_layerwise,undisclosed,k6,last_target_observation,20,100.0,0.00042295303385156413,False
final_input_token_layerwise,undisclosed,k6,last_target_observation,21,3.0,0.009437536790257384,False
final_input_token_layerwise,undisclosed,k6,last_target_observation,22,3.0,0.011055278904104349,False
final_input_token_layerwise,undisclosed,k6,last_target_observation,23,3.0,0.012476960557536637,True
final_input_token_layerwise,undisclosed,k6,last_target_observation,24,3.0,0.008098135759992076,False
final_input_token_layerwise,undisclosed,k6,last_target_observation,25,3.0,0.0072934453969516755,False
final_input_token_layerwise,undisclosed,k6,last_target_observation,26,3.0,0.008635368598240545,False
final_input_token_layerwise,undisclosed,k6,last_target_observation,27,3.0,0.003691019157070652,False
final_input_token_layerwise,undisclosed,k6,last_target_observation,28,100.0,0.0012248845461648172,False
final_input_token_layerwise,undisclosed,k6,last_target_observation,29,100.0,0.0011262565151193005,False
final_input_token_layerwise,undisclosed,k6,last_target_observation,30,100.0,0.0007827051361021797,False
final_input_token_layerwise,undisclosed,k6,last_target_observation,31,100.0,0.0005658774415194245,False
final_input_token_layerwise,undisclosed,k6,last_target_observation,32,100.0,0.00024479180437825265,False
final_input_token_layerwise,undisclosed,k6,last_target_observation,33,100.0,6.871981184181086e-06,False
final_input_token_layerwise,undisclosed,k6,last_target_observation,34,100.0,0.0002963871404340068,False
final_input_token_layerwise,undisclosed,k6,last_target_observation,35,100.0,0.0004744385469439838,False
final_input_token_layerwise,undisclosed,k6,last_target_observation,36,100.0,0.0006219866448750055,False
final_input_token_layerwise,undisclosed,k6,target_observation_mean,0,0.0001,2.7755575615628914e-17,False
final_input_token_layerwise,undisclosed,k6,target_observation_mean,1,3.0,0.009236980631114666,False
final_input_token_layerwise,undisclosed,k6,target_observation_mean,2,3.0,0.009892927777280236,False
final_input_token_layerwise,undisclosed,k6,target_observation_mean,3,3.0,0.012903847247874134,False
final_input_token_layerwise,undisclosed,k6,target_observation_mean,4,3.0,0.007897415398506608,False
final_input_token_layerwise,undisclosed,k6,target_observation_mean,5,3.0,0.010919386047234664,False
final_input_token_layerwise,undisclosed,k6,target_observation_mean,6,3.0,0.005533168393345139,False
final_input_token_layerwise,undisclosed,k6,target_observation_mean,7,100.0,0.000370034367019878,False
final_input_token_layerwise,undisclosed,k6,target_observation_mean,8,3.0,0.01258230746676911,False
final_input_token_layerwise,undisclosed,k6,target_observation_mean,9,3.0,0.005656560734790039,False
final_input_token_layerwise,undisclosed,k6,target_observation_mean,10,3.0,0.008890545753948764,False
final_input_token_layerwise,undisclosed,k6,target_observation_mean,11,3.0,0.01254648541457748,False
final_input_token_layerwise,undisclosed,k6,target_observation_mean,12,3.0,0.008524808808027473,False
final_input_token_layerwise,undisclosed,k6,target_observation_mean,13,3.0,0.005249770221281064,False
final_input_token_layerwise,undisclosed,k6,target_observation_mean,14,3.0,0.0067377116060832465,False
final_input_token_layerwise,undisclosed,k6,target_observation_mean,15,100.0,0.00044424368131001923,False
final_input_token_layerwise,undisclosed,k6,target_observation_mean,16,100.0,0.0004957093589631201,False
final_input_token_layerwise,undisclosed,k6,target_observation_mean,17,3.0,0.011251785203053893,False
final_input_token_layerwise,undisclosed,k6,target_observation_mean,18,3.0,0.01390813006065919,False
final_input_token_layerwise,undisclosed,k6,target_observation_mean,19,3.0,0.021070177258312783,True
final_input_token_layerwise,undisclosed,k6,target_observation_mean,20,3.0,0.01707918604395825,False
final_input_token_layerwise,undisclosed,k6,target_observation_mean,21,3.0,0.017473010112460413,False
final_input_token_layerwise,undisclosed,k6,target_observation_mean,22,3.0,0.010957347469729734,False
final_input_token_layerwise,undisclosed,k6,target_observation_mean,23,100.0,-0.00010878827709742689,False
final_input_token_layerwise,undisclosed,k6,target_observation_mean,24,100.0,-0.00014960104968941845,False
final_input_token_layerwise,undisclosed,k6,target_observation_mean,25,100.0,8.597353462103108e-05,False
final_input_token_layerwise,undisclosed,k6,target_observation_mean,26,100.0,2.6496770392514524e-05,False
final_input_token_layerwise,undisclosed,k6,target_observation_mean,27,100.0,0.0004664667929514532,False
final_input_token_layerwise,undisclosed,k6,target_observation_mean,28,100.0,0.00016435708534140447,False
final_input_token_layerwise,undisclosed,k6,target_observation_mean,29,100.0,0.0001488288144889105,False
final_input_token_layerwise,undisclosed,k6,target_observation_mean,30,100.0,0.0001988916624590109,False
final_input_token_layerwise,undisclosed,k6,target_observation_mean,31,100.0,-1.1551690315469987e-05,False
final_input_token_layerwise,undisclosed,k6,target_observation_mean,32,100.0,4.936102835337297e-05,False
final_input_token_layerwise,undisclosed,k6,target_observation_mean,33,100.0,0.00020190702035366437,False
final_input_token_layerwise,undisclosed,k6,target_observation_mean,34,100.0,-0.00018643102569440573,False
final_input_token_layerwise,undisclosed,k6,target_observation_mean,35,100.0,-8.028273101090555e-05,False
final_input_token_layerwise,undisclosed,k6,target_observation_mean,36,100.0,-0.0001009000312143793,False
final_input_token_layerwise,undisclosed,k6,target_time_slope,0,0.0001,0.0,False
final_input_token_layerwise,undisclosed,k6,target_time_slope,1,100.0,-0.0007564572837821804,False
final_input_token_layerwise,undisclosed,k6,target_time_slope,2,100.0,-0.0023398672311991664,False
final_input_token_layerwise,undisclosed,k6,target_time_slope,3,100.0,-0.0024741492693779454,False
final_input_token_layerwise,undisclosed,k6,target_time_slope,4,100.0,-0.0023092197821509286,False
final_input_token_layerwise,undisclosed,k6,target_time_slope,5,100.0,-0.0018683799382590849,False
final_input_token_layerwise,undisclosed,k6,target_time_slope,6,100.0,-0.0013776268110119727,False
final_input_token_layerwise,undisclosed,k6,target_time_slope,7,100.0,-0.0011717693937764728,False
final_input_token_layerwise,undisclosed,k6,target_time_slope,8,100.0,-0.0006950261887197773,False
final_input_token_layerwise,undisclosed,k6,target_time_slope,9,100.0,-0.001224968641225066,False
final_input_token_layerwise,undisclosed,k6,target_time_slope,10,100.0,-0.0009014271317371036,False
final_input_token_layerwise,undisclosed,k6,target_time_slope,11,100.0,-0.0009850403578062772,False
final_input_token_layerwise,undisclosed,k6,target_time_slope,12,100.0,-0.0010274291401835556,False
final_input_token_layerwise,undisclosed,k6,target_time_slope,13,100.0,-0.0009312649164457676,False
final_input_token_layerwise,undisclosed,k6,target_time_slope,14,100.0,-0.0007977655235255343,False
final_input_token_layerwise,undisclosed,k6,target_time_slope,15,100.0,-0.0003577564430534419,False
final_input_token_layerwise,undisclosed,k6,target_time_slope,16,100.0,-0.0003362101648629323,False
final_input_token_layerwise,undisclosed,k6,target_time_slope,17,100.0,-0.00018756601410718776,False
final_input_token_layerwise,undisclosed,k6,target_time_slope,18,100.0,-0.0007399712026343874,False
final_input_token_layerwise,undisclosed,k6,target_time_slope,19,100.0,-0.0006681382284395299,False
final_input_token_layerwise,undisclosed,k6,target_time_slope,20,100.0,-0.0002522313171192947,False
final_input_token_layerwise,undisclosed,k6,target_time_slope,21,100.0,0.00010064808015575188,True
final_input_token_layerwise,undisclosed,k6,target_time_slope,22,100.0,-0.0001779534216986567,False
final_input_token_layerwise,undisclosed,k6,target_time_slope,23,100.0,-0.0003484391900904771,False
final_input_token_layerwise,undisclosed,k6,target_time_slope,24,100.0,-0.0009840514256838906,False
final_input_token_layerwise,undisclosed,k6,target_time_slope,25,100.0,-0.0011779265917087889,False
final_input_token_layerwise,undisclosed,k6,target_time_slope,26,100.0,-0.0014066663793378953,False
final_input_token_layerwise,undisclosed,k6,target_time_slope,27,100.0,-0.001400764677176397,False
final_input_token_layerwise,undisclosed,k6,target_time_slope,28,100.0,-0.0011780309111631138,False
final_input_token_layerwise,undisclosed,k6,target_time_slope,29,100.0,-0.0007849054111035703,False
final_input_token_layerwise,undisclosed,k6,target_time_slope,30,100.0,-0.0008908642928655008,False
final_input_token_layerwise,undisclosed,k6,target_time_slope,31,100.0,-0.0006635348348374703,False
final_input_token_layerwise,undisclosed,k6,target_time_slope,32,100.0,-0.0008131749983300851,False
final_input_token_layerwise,undisclosed,k6,target_time_slope,33,100.0,-0.0014618225781459215,False
final_input_token_layerwise,undisclosed,k6,target_time_slope,34,100.0,-0.0011172909961331967,False
final_input_token_layerwise,undisclosed,k6,target_time_slope,35,100.0,-0.0013732612999775295,False
final_input_token_layerwise,undisclosed,k6,target_time_slope,36,100.0,-0.0009979688861029845,False
final_input_token_layerwise,undisclosed,k6,displayed_driver_outcome_slope,0,0.0001,-5.551115123125783e-17,False
final_input_token_layerwise,undisclosed,k6,displayed_driver_outcome_slope,1,100.0,-0.001433386801542702,False
final_input_token_layerwise,undisclosed,k6,displayed_driver_outcome_slope,2,100.0,-0.0001106955074242355,False
final_input_token_layerwise,undisclosed,k6,displayed_driver_outcome_slope,3,100.0,-2.0698412258740584e-05,False
final_input_token_layerwise,undisclosed,k6,displayed_driver_outcome_slope,4,3.0,0.00744121949709739,False
final_input_token_layerwise,undisclosed,k6,displayed_driver_outcome_slope,5,3.0,0.017591123286960608,True
final_input_token_layerwise,undisclosed,k6,displayed_driver_outcome_slope,6,3.0,0.010365776052682213,False
final_input_token_layerwise,undisclosed,k6,displayed_driver_outcome_slope,7,3.0,0.009028622134916231,False
final_input_token_layerwise,undisclosed,k6,displayed_driver_outcome_slope,8,3.0,0.010561712952976338,False
final_input_token_layerwise,undisclosed,k6,displayed_driver_outcome_slope,9,3.0,0.015193339416894963,False
final_input_token_layerwise,undisclosed,k6,displayed_driver_outcome_slope,10,3.0,0.01562639886844336,False
final_input_token_layerwise,undisclosed,k6,displayed_driver_outcome_slope,11,3.0,0.01468018495916204,False
final_input_token_layerwise,undisclosed,k6,displayed_driver_outcome_slope,12,3.0,0.009108620285638747,False
final_input_token_layerwise,undisclosed,k6,displayed_driver_outcome_slope,13,3.0,0.006816050916351152,False
final_input_token_layerwise,undisclosed,k6,displayed_driver_outcome_slope,14,3.0,0.0069437577851556576,False
final_input_token_layerwise,undisclosed,k6,displayed_driver_outcome_slope,15,3.0,0.010720682646567226,False
final_input_token_layerwise,undisclosed,k6,displayed_driver_outcome_slope,16,3.0,0.00938467689867828,False
final_input_token_layerwise,undisclosed,k6,displayed_driver_outcome_slope,17,100.0,0.0003838006260310223,False
final_input_token_layerwise,undisclosed,k6,displayed_driver_outcome_slope,18,100.0,0.00034416074759310855,False
final_input_token_layerwise,undisclosed,k6,displayed_driver_outcome_slope,19,100.0,-0.00018034997165639055,False
final_input_token_layerwise,undisclosed,k6,displayed_driver_outcome_slope,20,100.0,-6.677881287334153e-05,False
final_input_token_layerwise,undisclosed,k6,displayed_driver_outcome_slope,21,100.0,-0.00010179163943091485,False
final_input_token_layerwise,undisclosed,k6,displayed_driver_outcome_slope,22,100.0,0.00014133131427362944,False
final_input_token_layerwise,undisclosed,k6,displayed_driver_outcome_slope,23,100.0,-0.0001955637022152401,False
final_input_token_layerwise,undisclosed,k6,displayed_driver_outcome_slope,24,100.0,-0.0004749032545308951,False
final_input_token_layerwise,undisclosed,k6,displayed_driver_outcome_slope,25,100.0,-0.0006616064356159412,False
final_input_token_layerwise,undisclosed,k6,displayed_driver_outcome_slope,26,100.0,-0.0007316163094533701,False
final_input_token_layerwise,undisclosed,k6,displayed_driver_outcome_slope,27,100.0,-0.0008795643813213905,False
final_input_token_layerwise,undisclosed,k6,displayed_driver_outcome_slope,28,100.0,-0.0008098239274267616,False
final_input_token_layerwise,undisclosed,k6,displayed_driver_outcome_slope,29,100.0,-0.000598919939241882,False
final_input_token_layerwise,undisclosed,k6,displayed_driver_outcome_slope,30,100.0,-0.00029465278835225095,False
final_input_token_layerwise,undisclosed,k6,displayed_driver_outcome_slope,31,100.0,-0.00013175612446633678,False
final_input_token_layerwise,undisclosed,k6,displayed_driver_outcome_slope,32,100.0,-4.316417636973657e-05,False
final_input_token_layerwise,undisclosed,k6,displayed_driver_outcome_slope,33,100.0,3.580099919192614e-05,False
final_input_token_layerwise,undisclosed,k6,displayed_driver_outcome_slope,34,100.0,0.0002677219878751136,False
final_input_token_layerwise,undisclosed,k6,displayed_driver_outcome_slope,35,100.0,0.00043410478163480315,False
final_input_token_layerwise,undisclosed,k6,displayed_driver_outcome_slope,36,100.0,0.0005082731671222918,False
final_input_token_layerwise,undisclosed,k6,oracle_posterior_gain,0,0.0001,-5.551115123125783e-17,False
final_input_token_layerwise,undisclosed,k6,oracle_posterior_gain,1,100.0,-0.0006595110083262301,False
final_input_token_layerwise,undisclosed,k6,oracle_posterior_gain,2,100.0,-0.0005425264080025916,False
final_input_token_layerwise,undisclosed,k6,oracle_posterior_gain,3,100.0,-0.00026674713568380914,False
final_input_token_layerwise,undisclosed,k6,oracle_posterior_gain,4,100.0,0.00018720250637932478,False
final_input_token_layerwise,undisclosed,k6,oracle_posterior_gain,5,100.0,1.2868555298167772e-05,False
final_input_token_layerwise,undisclosed,k6,oracle_posterior_gain,6,3.0,0.0031846623409729213,False
final_input_token_layerwise,undisclosed,k6,oracle_posterior_gain,7,100.0,7.201957974092843e-05,False
final_input_token_layerwise,undisclosed,k6,oracle_posterior_gain,8,3.0,0.011921228566285441,False
final_input_token_layerwise,undisclosed,k6,oracle_posterior_gain,9,3.0,0.019570908750234567,True
final_input_token_layerwise,undisclosed,k6,oracle_posterior_gain,10,3.0,0.013538157745122292,False
final_input_token_layerwise,undisclosed,k6,oracle_posterior_gain,11,3.0,0.009123331915502852,False
final_input_token_layerwise,undisclosed,k6,oracle_posterior_gain,12,3.0,0.0057450149548108065,False
final_input_token_layerwise,undisclosed,k6,oracle_posterior_gain,13,3.0,0.004612221409108858,False
final_input_token_layerwise,undisclosed,k6,oracle_posterior_gain,14,3.0,0.003968705422118274,False
final_input_token_layerwise,undisclosed,k6,oracle_posterior_gain,15,3.0,0.0031435685752418674,False
final_input_token_layerwise,undisclosed,k6,oracle_posterior_gain,16,100.0,0.00014405498599331934,False
final_input_token_layerwise,undisclosed,k6,oracle_posterior_gain,17,3.0,0.002757869236934468,False
final_input_token_layerwise,undisclosed,k6,oracle_posterior_gain,18,3.0,0.006307153900363349,False
final_input_token_layerwise,undisclosed,k6,oracle_posterior_gain,19,3.0,0.0086236659487115,False
final_input_token_layerwise,undisclosed,k6,oracle_posterior_gain,20,3.0,0.007409068110153544,False
final_input_token_layerwise,undisclosed,k6,oracle_posterior_gain,21,3.0,0.0035571810856960817,False
final_input_token_layerwise,undisclosed,k6,oracle_posterior_gain,22,100.0,0.0004874525725401535,False
final_input_token_layerwise,undisclosed,k6,oracle_posterior_gain,23,100.0,0.0005839023310152403,False
final_input_token_layerwise,undisclosed,k6,oracle_posterior_gain,24,100.0,0.0005699098991197027,False
final_input_token_layerwise,undisclosed,k6,oracle_posterior_gain,25,3.0,0.002023797572836633,False
final_input_token_layerwise,undisclosed,k6,oracle_posterior_gain,26,3.0,0.0024316335496275265,False
final_input_token_layerwise,undisclosed,k6,oracle_posterior_gain,27,100.0,0.0008776245283938777,False
final_input_token_layerwise,undisclosed,k6,oracle_posterior_gain,28,3.0,0.0015502426020121973,False
final_input_token_layerwise,undisclosed,k6,oracle_posterior_gain,29,3.0,0.0022318948583784914,False
final_input_token_layerwise,undisclosed,k6,oracle_posterior_gain,30,3.0,0.0033761121947082917,False
final_input_token_layerwise,undisclosed,k6,oracle_posterior_gain,31,3.0,0.002466333846061458,False
final_input_token_layerwise,undisclosed,k6,oracle_posterior_gain,32,3.0,0.004742657982851423,False
final_input_token_layerwise,undisclosed,k6,oracle_posterior_gain,33,3.0,0.0032518776933416482,False
final_input_token_layerwise,undisclosed,k6,oracle_posterior_gain,34,3.0,0.007422754366872647,False
final_input_token_layerwise,undisclosed,k6,oracle_posterior_gain,35,3.0,0.005697858215713197,False
final_input_token_layerwise,undisclosed,k6,oracle_posterior_gain,36,3.0,0.004352017242715001,False
final_input_token_layerwise,undisclosed,k9,gain,0,0.0001,0.0,False
final_input_token_layerwise,undisclosed,k9,gain,1,100.0,-0.00020846731806545282,False
final_input_token_layerwise,undisclosed,k9,gain,2,3.0,0.0059313017818355684,False
final_input_token_layerwise,undisclosed,k9,gain,3,100.0,1.8942712816022444e-05,False
final_input_token_layerwise,undisclosed,k9,gain,4,3.0,0.0019700847308526115,False
final_input_token_layerwise,undisclosed,k9,gain,5,3.0,0.007342160522417596,False
final_input_token_layerwise,undisclosed,k9,gain,6,3.0,0.014809106115508536,False
final_input_token_layerwise,undisclosed,k9,gain,7,3.0,0.01610696327387179,False
final_input_token_layerwise,undisclosed,k9,gain,8,3.0,0.01955864650197725,False
final_input_token_layerwise,undisclosed,k9,gain,9,3.0,0.01001624663334233,False
final_input_token_layerwise,undisclosed,k9,gain,10,3.0,0.009476098983380615,False
final_input_token_layerwise,undisclosed,k9,gain,11,3.0,0.018452065771217635,False
final_input_token_layerwise,undisclosed,k9,gain,12,3.0,0.02481805143735938,True
final_input_token_layerwise,undisclosed,k9,gain,13,3.0,0.021892643964357,False
final_input_token_layerwise,undisclosed,k9,gain,14,3.0,0.014034145357462086,False
final_input_token_layerwise,undisclosed,k9,gain,15,3.0,0.011726608331356497,False
final_input_token_layerwise,undisclosed,k9,gain,16,3.0,0.013857596598391225,False
final_input_token_layerwise,undisclosed,k9,gain,17,3.0,0.01262135184536567,False
final_input_token_layerwise,undisclosed,k9,gain,18,3.0,0.007707477885986386,False
final_input_token_layerwise,undisclosed,k9,gain,19,3.0,0.0042030739310563725,False
final_input_token_layerwise,undisclosed,k9,gain,20,3.0,0.002214941108605817,False
final_input_token_layerwise,undisclosed,k9,gain,21,100.0,0.00048307902422581317,False
final_input_token_layerwise,undisclosed,k9,gain,22,100.0,0.00033025913766690507,False
final_input_token_layerwise,undisclosed,k9,gain,23,100.0,0.0006571486207856414,False
final_input_token_layerwise,undisclosed,k9,gain,24,100.0,0.00015115515520625067,False
final_input_token_layerwise,undisclosed,k9,gain,25,100.0,-0.0007010354046090572,False
final_input_token_layerwise,undisclosed,k9,gain,26,100.0,-0.000802687438820282,False
final_input_token_layerwise,undisclosed,k9,gain,27,100.0,-0.0008404532965904377,False
final_input_token_layerwise,undisclosed,k9,gain,28,100.0,-0.0007547276138221426,False
final_input_token_layerwise,undisclosed,k9,gain,29,100.0,-0.0009362766577373782,False
final_input_token_layerwise,undisclosed,k9,gain,30,100.0,-0.0008649849900909667,False
final_input_token_layerwise,undisclosed,k9,gain,31,100.0,-0.0009173589824980621,False
final_input_token_layerwise,undisclosed,k9,gain,32,100.0,-0.0007820940004807098,False
final_input_token_layerwise,undisclosed,k9,gain,33,100.0,-0.0008696070927155242,False
final_input_token_layerwise,undisclosed,k9,gain,34,100.0,-0.0008180233063371234,False
final_input_token_layerwise,undisclosed,k9,gain,35,100.0,-0.0006621069926444623,False
final_input_token_layerwise,undisclosed,k9,gain,36,100.0,-0.000738152592842517,False
final_input_token_layerwise,undisclosed,k9,response_residual,0,0.0001,-2.7755575615628914e-17,False
final_input_token_layerwise,undisclosed,k9,response_residual,1,100.0,8.10147020216534e-06,False
final_input_token_layerwise,undisclosed,k9,response_residual,2,3.0,0.0009470198495803439,False
final_input_token_layerwise,undisclosed,k9,response_residual,3,100.0,3.55084018483498e-05,False
final_input_token_layerwise,undisclosed,k9,response_residual,4,100.0,0.00022959695003216263,False
final_input_token_layerwise,undisclosed,k9,response_residual,5,3.0,0.0009843170409633561,False
final_input_token_layerwise,undisclosed,k9,response_residual,6,3.0,0.008761128982518684,False
final_input_token_layerwise,undisclosed,k9,response_residual,7,3.0,0.00809373269260158,False
final_input_token_layerwise,undisclosed,k9,response_residual,8,3.0,0.008833198584780488,False
final_input_token_layerwise,undisclosed,k9,response_residual,9,3.0,0.003298350480660628,False
final_input_token_layerwise,undisclosed,k9,response_residual,10,3.0,0.00125514448603406,False
final_input_token_layerwise,undisclosed,k9,response_residual,11,3.0,0.010198950861541711,False
final_input_token_layerwise,undisclosed,k9,response_residual,12,3.0,0.015593416792819809,True
final_input_token_layerwise,undisclosed,k9,response_residual,13,3.0,0.011707060759102828,False
final_input_token_layerwise,undisclosed,k9,response_residual,14,3.0,0.0027539269097705543,False
final_input_token_layerwise,undisclosed,k9,response_residual,15,100.0,0.0004824416940811538,False
final_input_token_layerwise,undisclosed,k9,response_residual,16,100.0,0.0005051953142763133,False
final_input_token_layerwise,undisclosed,k9,response_residual,17,100.0,0.0005446633940806578,False
final_input_token_layerwise,undisclosed,k9,response_residual,18,100.0,0.00033077676348339247,False
final_input_token_layerwise,undisclosed,k9,response_residual,19,100.0,0.0003050053614793158,False
final_input_token_layerwise,undisclosed,k9,response_residual,20,100.0,0.00020304134648740924,False
final_input_token_layerwise,undisclosed,k9,response_residual,21,100.0,0.00011935974026552887,False
final_input_token_layerwise,undisclosed,k9,response_residual,22,100.0,3.78992588149496e-05,False
final_input_token_layerwise,undisclosed,k9,response_residual,23,100.0,0.0003233930579539246,False
final_input_token_layerwise,undisclosed,k9,response_residual,24,100.0,-7.457478167793852e-05,False
final_input_token_layerwise,undisclosed,k9,response_residual,25,100.0,-0.0006517442368164095,False
final_input_token_layerwise,undisclosed,k9,response_residual,26,100.0,-0.0007805850600133557,False
final_input_token_layerwise,undisclosed,k9,response_residual,27,100.0,-0.0008542714129875784,False
final_input_token_layerwise,undisclosed,k9,response_residual,28,100.0,-0.0007864094545358968,False
final_input_token_layerwise,undisclosed,k9,response_residual,29,100.0,-0.000892823864730885,False
final_input_token_layerwise,undisclosed,k9,response_residual,30,100.0,-0.0009446518520415392,False
final_input_token_layerwise,undisclosed,k9,response_residual,31,100.0,-0.0009731478704581575,False
final_input_token_layerwise,undisclosed,k9,response_residual,32,100.0,-0.0008919599827499625,False
final_input_token_layerwise,undisclosed,k9,response_residual,33,100.0,-0.0009451473025028911,False
final_input_token_layerwise,undisclosed,k9,response_residual,34,100.0,-0.0009472893294478757,False
final_input_token_layerwise,undisclosed,k9,response_residual,35,100.0,-0.0009113314586553234,False
final_input_token_layerwise,undisclosed,k9,response_residual,36,100.0,-0.0010087613083248348,False
final_input_token_layerwise,undisclosed,k9,last_target_observation,0,0.0001,1.3877787807814457e-16,False
final_input_token_layerwise,undisclosed,k9,last_target_observation,1,100.0,-0.00043014053344603287,False
final_input_token_layerwise,undisclosed,k9,last_target_observation,2,100.0,0.0003901053116483755,False
final_input_token_layerwise,undisclosed,k9,last_target_observation,3,3.0,0.001021690604177783,True
final_input_token_layerwise,undisclosed,k9,last_target_observation,4,100.0,-0.0001414816251769091,False
final_input_token_layerwise,undisclosed,k9,last_target_observation,5,100.0,-0.00037493026630844306,False
final_input_token_layerwise,undisclosed,k9,last_target_observation,6,100.0,-0.00022856335121451687,False
final_input_token_layerwise,undisclosed,k9,last_target_observation,7,100.0,-0.00023029347460976068,False
final_input_token_layerwise,undisclosed,k9,last_target_observation,8,100.0,-0.00020555568413410663,False
final_input_token_layerwise,undisclosed,k9,last_target_observation,9,100.0,-0.0004318607595824864,False
final_input_token_layerwise,undisclosed,k9,last_target_observation,10,100.0,-0.00017688248576519516,False
final_input_token_layerwise,undisclosed,k9,last_target_observation,11,100.0,-0.00043226083562866724,False
final_input_token_layerwise,undisclosed,k9,last_target_observation,12,100.0,-0.00036009158720559653,False
final_input_token_layerwise,undisclosed,k9,last_target_observation,13,100.0,-0.00022344717645228496,False
final_input_token_layerwise,undisclosed,k9,last_target_observation,14,100.0,-0.0003334520749238845,False
final_input_token_layerwise,undisclosed,k9,last_target_observation,15,100.0,-0.0002771151463653587,False
final_input_token_layerwise,undisclosed,k9,last_target_observation,16,100.0,-0.0004370692506651397,False
final_input_token_layerwise,undisclosed,k9,last_target_observation,17,100.0,-0.0003920807086935929,False
final_input_token_layerwise,undisclosed,k9,last_target_observation,18,100.0,-0.0006067637214107191,False
final_input_token_layerwise,undisclosed,k9,last_target_observation,19,100.0,-0.0011702936713959833,False
final_input_token_layerwise,undisclosed,k9,last_target_observation,20,100.0,-0.001616634494297442,False
final_input_token_layerwise,undisclosed,k9,last_target_observation,21,100.0,-0.0016931097807080797,False
final_input_token_layerwise,undisclosed,k9,last_target_observation,22,100.0,-0.001529013384052591,False
final_input_token_layerwise,undisclosed,k9,last_target_observation,23,100.0,-0.0014203914430561126,False
final_input_token_layerwise,undisclosed,k9,last_target_observation,24,100.0,-0.0012910005216671405,False
final_input_token_layerwise,undisclosed,k9,last_target_observation,25,100.0,-0.0016854409446623309,False
final_input_token_layerwise,undisclosed,k9,last_target_observation,26,100.0,-0.001632394425285233,False
final_input_token_layerwise,undisclosed,k9,last_target_observation,27,100.0,-0.0015984983874290926,False
final_input_token_layerwise,undisclosed,k9,last_target_observation,28,100.0,-0.0015363933320667322,False
final_input_token_layerwise,undisclosed,k9,last_target_observation,29,100.0,-0.0016106939196428582,False
final_input_token_layerwise,undisclosed,k9,last_target_observation,30,100.0,-0.0015801590888415151,False
final_input_token_layerwise,undisclosed,k9,last_target_observation,31,100.0,-0.0018690837803916338,False
final_input_token_layerwise,undisclosed,k9,last_target_observation,32,100.0,-0.0019326587705044695,False
final_input_token_layerwise,undisclosed,k9,last_target_observation,33,100.0,-0.0019171832652153942,False
final_input_token_layerwise,undisclosed,k9,last_target_observation,34,100.0,-0.0017832725811746664,False
final_input_token_layerwise,undisclosed,k9,last_target_observation,35,100.0,-0.0016858891225162154,False
final_input_token_layerwise,undisclosed,k9,last_target_observation,36,100.0,-0.0016428501314568744,False
final_input_token_layerwise,undisclosed,k9,target_observation_mean,0,0.0001,3.885780586188048e-16,False
final_input_token_layerwise,undisclosed,k9,target_observation_mean,1,100.0,-0.00033127035086349954,False
final_input_token_layerwise,undisclosed,k9,target_observation_mean,2,3.0,0.003551449841558585,False
final_input_token_layerwise,undisclosed,k9,target_observation_mean,3,3.0,0.0009100188540661358,False
final_input_token_layerwise,undisclosed,k9,target_observation_mean,4,3.0,0.007566910452840803,False
final_input_token_layerwise,undisclosed,k9,target_observation_mean,5,3.0,0.004907348017369612,False
final_input_token_layerwise,undisclosed,k9,target_observation_mean,6,3.0,0.007465703940200519,False
final_input_token_layerwise,undisclosed,k9,target_observation_mean,7,3.0,0.013171070576975447,True
final_input_token_layerwise,undisclosed,k9,target_observation_mean,8,3.0,0.002279101768370234,False
final_input_token_layerwise,undisclosed,k9,target_observation_mean,9,100.0,-0.0001181846979489698,False
final_input_token_layerwise,undisclosed,k9,target_observation_mean,10,100.0,-0.0005148603243736449,False
final_input_token_layerwise,undisclosed,k9,target_observation_mean,11,3.0,0.0072752392972818825,False
final_input_token_layerwise,undisclosed,k9,target_observation_mean,12,3.0,0.011103680309199143,False
final_input_token_layerwise,undisclosed,k9,target_observation_mean,13,3.0,0.005127112427331992,False
final_input_token_layerwise,undisclosed,k9,target_observation_mean,14,100.0,-2.597852156449587e-07,False
final_input_token_layerwise,undisclosed,k9,target_observation_mean,15,3.0,0.0024862981962613384,False
final_input_token_layerwise,undisclosed,k9,target_observation_mean,16,100.0,9.553752379651281e-05,False
final_input_token_layerwise,undisclosed,k9,target_observation_mean,17,100.0,0.00012212077314915915,False
final_input_token_layerwise,undisclosed,k9,target_observation_mean,18,100.0,9.614161325918746e-05,False
final_input_token_layerwise,undisclosed,k9,target_observation_mean,19,100.0,-0.00024146308213654488,False
final_input_token_layerwise,undisclosed,k9,target_observation_mean,20,100.0,-0.0003969018898715426,False
final_input_token_layerwise,undisclosed,k9,target_observation_mean,21,100.0,-0.0003744075779991418,False
final_input_token_layerwise,undisclosed,k9,target_observation_mean,22,100.0,-0.000692673470555516,False
final_input_token_layerwise,undisclosed,k9,target_observation_mean,23,100.0,-0.0005048952403888807,False
final_input_token_layerwise,undisclosed,k9,target_observation_mean,24,100.0,-0.00020520437845739092,False
final_input_token_layerwise,undisclosed,k9,target_observation_mean,25,100.0,-0.0002350944775171837,False
final_input_token_layerwise,undisclosed,k9,target_observation_mean,26,100.0,-0.0005235175833274153,False
final_input_token_layerwise,undisclosed,k9,target_observation_mean,27,100.0,-0.0002442322042218448,False
final_input_token_layerwise,undisclosed,k9,target_observation_mean,28,100.0,-0.0003750125163877738,False
final_input_token_layerwise,undisclosed,k9,target_observation_mean,29,100.0,-0.00026384621514852213,False
final_input_token_layerwise,undisclosed,k9,target_observation_mean,30,100.0,-0.00040128267783745564,False
final_input_token_layerwise,undisclosed,k9,target_observation_mean,31,100.0,-0.0006992218952517615,False
final_input_token_layerwise,undisclosed,k9,target_observation_mean,32,100.0,-0.0010072629165318314,False
final_input_token_layerwise,undisclosed,k9,target_observation_mean,33,100.0,-0.0011470775840098646,False
final_input_token_layerwise,undisclosed,k9,target_observation_mean,34,100.0,-0.0009356984330111673,False
final_input_token_layerwise,undisclosed,k9,target_observation_mean,35,100.0,-0.0011512245601437432,False
final_input_token_layerwise,undisclosed,k9,target_observation_mean,36,100.0,-0.0008777408410101384,False
final_input_token_layerwise,undisclosed,k9,target_time_slope,0,0.0001,0.0,False
final_input_token_layerwise,undisclosed,k9,target_time_slope,1,3.0,0.005569434136949353,True
final_input_token_layerwise,undisclosed,k9,target_time_slope,2,100.0,0.0002791329853508162,False
final_input_token_layerwise,undisclosed,k9,target_time_slope,3,100.0,0.00013556895155350523,False
final_input_token_layerwise,undisclosed,k9,target_time_slope,4,100.0,1.964345517274646e-05,False
final_input_token_layerwise,undisclosed,k9,target_time_slope,5,100.0,-0.00016662432595274113,False
final_input_token_layerwise,undisclosed,k9,target_time_slope,6,100.0,-0.00019099187786739136,False
final_input_token_layerwise,undisclosed,k9,target_time_slope,7,100.0,-4.396811906684506e-05,False
final_input_token_layerwise,undisclosed,k9,target_time_slope,8,100.0,-0.00016731022654317695,False
final_input_token_layerwise,undisclosed,k9,target_time_slope,9,100.0,0.0002112106112683032,False
final_input_token_layerwise,undisclosed,k9,target_time_slope,10,100.0,0.00024216726348405548,False
final_input_token_layerwise,undisclosed,k9,target_time_slope,11,100.0,0.00011210932173497112,False
final_input_token_layerwise,undisclosed,k9,target_time_slope,12,100.0,-0.00014045566847598057,False
final_input_token_layerwise,undisclosed,k9,target_time_slope,13,100.0,-0.000302649782887382,False
final_input_token_layerwise,undisclosed,k9,target_time_slope,14,100.0,-0.0003493139673264589,False
final_input_token_layerwise,undisclosed,k9,target_time_slope,15,100.0,-8.984419737734228e-05,False
final_input_token_layerwise,undisclosed,k9,target_time_slope,16,100.0,-0.0006439247778689816,False
final_input_token_layerwise,undisclosed,k9,target_time_slope,17,100.0,0.00013317991336295187,False
final_input_token_layerwise,undisclosed,k9,target_time_slope,18,100.0,-0.00037883031397242806,False
final_input_token_layerwise,undisclosed,k9,target_time_slope,19,100.0,-0.0011287959289610072,False
final_input_token_layerwise,undisclosed,k9,target_time_slope,20,100.0,-0.001440362814199958,False
final_input_token_layerwise,undisclosed,k9,target_time_slope,21,100.0,-0.001660187610403735,False
final_input_token_layerwise,undisclosed,k9,target_time_slope,22,100.0,-0.0019395646682691392,False
final_input_token_layerwise,undisclosed,k9,target_time_slope,23,100.0,-0.0021921077181655257,False
final_input_token_layerwise,undisclosed,k9,target_time_slope,24,100.0,-0.0027838421512481615,False
final_input_token_layerwise,undisclosed,k9,target_time_slope,25,100.0,-0.0029880877281933116,False
final_input_token_layerwise,undisclosed,k9,target_time_slope,26,100.0,-0.0028115619908631873,False
final_input_token_layerwise,undisclosed,k9,target_time_slope,27,100.0,-0.0030475556836122575,False
final_input_token_layerwise,undisclosed,k9,target_time_slope,28,100.0,-0.003049030494370192,False
final_input_token_layerwise,undisclosed,k9,target_time_slope,29,100.0,-0.0031320215016122643,False
final_input_token_layerwise,undisclosed,k9,target_time_slope,30,100.0,-0.002869354929824486,False
final_input_token_layerwise,undisclosed,k9,target_time_slope,31,100.0,-0.0029458257560820156,False
final_input_token_layerwise,undisclosed,k9,target_time_slope,32,100.0,-0.002558408125348355,False
final_input_token_layerwise,undisclosed,k9,target_time_slope,33,100.0,-0.0025947686617676657,False
final_input_token_layerwise,undisclosed,k9,target_time_slope,34,100.0,-0.002385216736426471,False
final_input_token_layerwise,undisclosed,k9,target_time_slope,35,100.0,-0.0021847955999401147,False
final_input_token_layerwise,undisclosed,k9,target_time_slope,36,100.0,-0.0023689367178043874,False
final_input_token_layerwise,undisclosed,k9,displayed_driver_outcome_slope,0,0.0001,-1.1102230246251565e-16,False
final_input_token_layerwise,undisclosed,k9,displayed_driver_outcome_slope,1,100.0,-0.000563474264981545,False
final_input_token_layerwise,undisclosed,k9,displayed_driver_outcome_slope,2,100.0,5.915769904851764e-05,False
final_input_token_layerwise,undisclosed,k9,displayed_driver_outcome_slope,3,100.0,-0.0003029659650577443,False
final_input_token_layerwise,undisclosed,k9,displayed_driver_outcome_slope,4,100.0,2.780783998401759e-06,False
final_input_token_layerwise,undisclosed,k9,displayed_driver_outcome_slope,5,100.0,-0.00037120636171472654,False
final_input_token_layerwise,undisclosed,k9,displayed_driver_outcome_slope,6,100.0,-0.0004380935966926125,False
final_input_token_layerwise,undisclosed,k9,displayed_driver_outcome_slope,7,100.0,7.73657864966415e-07,False
final_input_token_layerwise,undisclosed,k9,displayed_driver_outcome_slope,8,3.0,0.004400196462507444,False
final_input_token_layerwise,undisclosed,k9,displayed_driver_outcome_slope,9,3.0,0.0027447269373267746,False
final_input_token_layerwise,undisclosed,k9,displayed_driver_outcome_slope,10,3.0,0.006100384762814798,False
final_input_token_layerwise,undisclosed,k9,displayed_driver_outcome_slope,11,3.0,0.005394300069767655,False
final_input_token_layerwise,undisclosed,k9,displayed_driver_outcome_slope,12,3.0,0.005491111638253748,False
final_input_token_layerwise,undisclosed,k9,displayed_driver_outcome_slope,13,3.0,0.008545306479582876,False
final_input_token_layerwise,undisclosed,k9,displayed_driver_outcome_slope,14,3.0,0.013950618287312588,False
final_input_token_layerwise,undisclosed,k9,displayed_driver_outcome_slope,15,3.0,0.009568809094132491,False
final_input_token_layerwise,undisclosed,k9,displayed_driver_outcome_slope,16,3.0,0.0064697460833760545,False
final_input_token_layerwise,undisclosed,k9,displayed_driver_outcome_slope,17,3.0,0.007668073358269967,False
final_input_token_layerwise,undisclosed,k9,displayed_driver_outcome_slope,18,3.0,0.002060078155268652,False
final_input_token_layerwise,undisclosed,k9,displayed_driver_outcome_slope,19,3.0,0.0015101846380004558,False
final_input_token_layerwise,undisclosed,k9,displayed_driver_outcome_slope,20,3.0,0.0015553498528595444,False
final_input_token_layerwise,undisclosed,k9,displayed_driver_outcome_slope,21,100.0,0.00014440768970361284,False
final_input_token_layerwise,undisclosed,k9,displayed_driver_outcome_slope,22,100.0,7.362865871146651e-05,False
final_input_token_layerwise,undisclosed,k9,displayed_driver_outcome_slope,23,3.0,0.006783940764460927,False
final_input_token_layerwise,undisclosed,k9,displayed_driver_outcome_slope,24,3.0,0.011167650584588018,False
final_input_token_layerwise,undisclosed,k9,displayed_driver_outcome_slope,25,3.0,0.012212904777077704,False
final_input_token_layerwise,undisclosed,k9,displayed_driver_outcome_slope,26,3.0,0.015917744890646957,False
final_input_token_layerwise,undisclosed,k9,displayed_driver_outcome_slope,27,3.0,0.024770828508216824,False
final_input_token_layerwise,undisclosed,k9,displayed_driver_outcome_slope,28,3.0,0.026220834191418213,True
final_input_token_layerwise,undisclosed,k9,displayed_driver_outcome_slope,29,3.0,0.018140328513089637,False
final_input_token_layerwise,undisclosed,k9,displayed_driver_outcome_slope,30,3.0,0.022980639084082682,False
final_input_token_layerwise,undisclosed,k9,displayed_driver_outcome_slope,31,3.0,0.013015979513223336,False
final_input_token_layerwise,undisclosed,k9,displayed_driver_outcome_slope,32,3.0,0.018448529156989135,False
final_input_token_layerwise,undisclosed,k9,displayed_driver_outcome_slope,33,3.0,0.017285417210134157,False
final_input_token_layerwise,undisclosed,k9,displayed_driver_outcome_slope,34,3.0,0.015065353135835902,False
final_input_token_layerwise,undisclosed,k9,displayed_driver_outcome_slope,35,3.0,0.014774803370454143,False
final_input_token_layerwise,undisclosed,k9,displayed_driver_outcome_slope,36,3.0,0.014250515548905357,False
final_input_token_layerwise,undisclosed,k9,oracle_posterior_gain,0,0.0001,0.0,False
final_input_token_layerwise,undisclosed,k9,oracle_posterior_gain,1,3.0,0.003943215273870898,False
final_input_token_layerwise,undisclosed,k9,oracle_posterior_gain,2,100.0,-0.00011566645816124543,False
final_input_token_layerwise,undisclosed,k9,oracle_posterior_gain,3,100.0,-0.00028519107769189866,False
final_input_token_layerwise,undisclosed,k9,oracle_posterior_gain,4,100.0,-7.161196770638645e-05,False
final_input_token_layerwise,undisclosed,k9,oracle_posterior_gain,5,3.0,0.0027275787634568616,False
final_input_token_layerwise,undisclosed,k9,oracle_posterior_gain,6,3.0,0.004072403207481451,False
final_input_token_layerwise,undisclosed,k9,oracle_posterior_gain,7,3.0,0.001804354239741679,False
final_input_token_layerwise,undisclosed,k9,oracle_posterior_gain,8,3.0,0.002140931321716444,False
final_input_token_layerwise,undisclosed,k9,oracle_posterior_gain,9,100.0,-0.0002820797118498475,False
final_input_token_layerwise,undisclosed,k9,oracle_posterior_gain,10,100.0,-0.00018350068344349935,False
final_input_token_layerwise,undisclosed,k9,oracle_posterior_gain,11,3.0,0.015226607153170063,False
final_input_token_layerwise,undisclosed,k9,oracle_posterior_gain,12,3.0,0.013856433263770701,False
final_input_token_layerwise,undisclosed,k9,oracle_posterior_gain,13,3.0,0.013488755891101989,False
final_input_token_layerwise,undisclosed,k9,oracle_posterior_gain,14,3.0,0.01443476278858788,False
final_input_token_layerwise,undisclosed,k9,oracle_posterior_gain,15,3.0,0.01784440303428997,False
final_input_token_layerwise,undisclosed,k9,oracle_posterior_gain,16,3.0,0.021517938360701483,False
final_input_token_layerwise,undisclosed,k9,oracle_posterior_gain,17,3.0,0.031077620793189487,False
final_input_token_layerwise,undisclosed,k9,oracle_posterior_gain,18,3.0,0.03199968677167814,False
final_input_token_layerwise,undisclosed,k9,oracle_posterior_gain,19,3.0,0.03637671167622494,False
final_input_token_layerwise,undisclosed,k9,oracle_posterior_gain,20,3.0,0.03870091612620041,True
final_input_token_layerwise,undisclosed,k9,oracle_posterior_gain,21,3.0,0.032022295140012674,False
final_input_token_layerwise,undisclosed,k9,oracle_posterior_gain,22,3.0,0.02992043642522224,False
final_input_token_layerwise,undisclosed,k9,oracle_posterior_gain,23,3.0,0.034238315922390766,False
final_input_token_layerwise,undisclosed,k9,oracle_posterior_gain,24,3.0,0.019927609564793974,False
final_input_token_layerwise,undisclosed,k9,oracle_posterior_gain,25,3.0,0.01902199019958145,False
final_input_token_layerwise,undisclosed,k9,oracle_posterior_gain,26,3.0,0.015854076034907905,False
final_input_token_layerwise,undisclosed,k9,oracle_posterior_gain,27,3.0,0.009615930004897827,False
final_input_token_layerwise,undisclosed,k9,oracle_posterior_gain,28,3.0,0.007968766177618186,False
final_input_token_layerwise,undisclosed,k9,oracle_posterior_gain,29,3.0,0.0037097505430618016,False
final_input_token_layerwise,undisclosed,k9,oracle_posterior_gain,30,3.0,0.00420535914234596,False
final_input_token_layerwise,undisclosed,k9,oracle_posterior_gain,31,100.0,0.0013543617421257759,False
final_input_token_layerwise,undisclosed,k9,oracle_posterior_gain,32,100.0,0.0012695670377004253,False
final_input_token_layerwise,undisclosed,k9,oracle_posterior_gain,33,100.0,0.0012459604688725423,False
final_input_token_layerwise,undisclosed,k9,oracle_posterior_gain,34,100.0,0.0013034014758504797,False
final_input_token_layerwise,undisclosed,k9,oracle_posterior_gain,35,100.0,0.001302193923743783,False
final_input_token_layerwise,undisclosed,k9,oracle_posterior_gain,36,100.0,0.0012350377634628984,False
final_input_token_layerwise,undisclosed,pooled,gain,0,0.0001,0.0,False
final_input_token_layerwise,undisclosed,pooled,gain,1,100.0,-3.601392637065751e-05,False
final_input_token_layerwise,undisclosed,pooled,gain,2,100.0,-0.0005635154702123835,False
final_input_token_layerwise,undisclosed,pooled,gain,3,100.0,-0.001506733175839492,False
final_input_token_layerwise,undisclosed,pooled,gain,4,100.0,-0.001632533798578667,False
final_input_token_layerwise,undisclosed,pooled,gain,5,100.0,-0.0012603005032020183,False
final_input_token_layerwise,undisclosed,pooled,gain,6,100.0,0.0008593379527635688,False
final_input_token_layerwise,undisclosed,pooled,gain,7,100.0,0.0008759074467512562,False
final_input_token_layerwise,undisclosed,pooled,gain,8,100.0,0.0022691429907561456,False
final_input_token_layerwise,undisclosed,pooled,gain,9,100.0,0.001399036022995644,False
final_input_token_layerwise,undisclosed,pooled,gain,10,100.0,0.0028073342108685395,False
final_input_token_layerwise,undisclosed,pooled,gain,11,100.0,0.0017529699553693046,False
final_input_token_layerwise,undisclosed,pooled,gain,12,100.0,0.0030820108599524296,False
final_input_token_layerwise,undisclosed,pooled,gain,13,100.0,0.003272169439612107,False
final_input_token_layerwise,undisclosed,pooled,gain,14,100.0,0.002362935084714098,False
final_input_token_layerwise,undisclosed,pooled,gain,15,100.0,0.0013917022396918073,False
final_input_token_layerwise,undisclosed,pooled,gain,16,100.0,0.0015860927644781586,False
final_input_token_layerwise,undisclosed,pooled,gain,17,100.0,0.003509410098990325,True
final_input_token_layerwise,undisclosed,pooled,gain,18,100.0,0.0021986959375055273,False
final_input_token_layerwise,undisclosed,pooled,gain,19,100.0,0.0024862520962369294,False
final_input_token_layerwise,undisclosed,pooled,gain,20,100.0,0.0026368507241403085,False
final_input_token_layerwise,undisclosed,pooled,gain,21,100.0,0.0017139363195422623,False
final_input_token_layerwise,undisclosed,pooled,gain,22,100.0,0.0020432714147368878,False
final_input_token_layerwise,undisclosed,pooled,gain,23,100.0,0.002141962832633043,False
final_input_token_layerwise,undisclosed,pooled,gain,24,100.0,0.0013757013564655678,False
final_input_token_layerwise,undisclosed,pooled,gain,25,100.0,2.3416550611656446e-05,False
final_input_token_layerwise,undisclosed,pooled,gain,26,100.0,8.75955085152813e-06,False
final_input_token_layerwise,undisclosed,pooled,gain,27,100.0,0.00018548283688827696,False
final_input_token_layerwise,undisclosed,pooled,gain,28,100.0,-0.0002472633955930281,False
final_input_token_layerwise,undisclosed,pooled,gain,29,100.0,-0.0003825599554987587,False
final_input_token_layerwise,undisclosed,pooled,gain,30,100.0,0.0007950616842349231,False
final_input_token_layerwise,undisclosed,pooled,gain,31,100.0,5.461669533407543e-05,False
final_input_token_layerwise,undisclosed,pooled,gain,32,100.0,0.00017216893244439055,False
final_input_token_layerwise,undisclosed,pooled,gain,33,100.0,0.0008030147343248603,False
final_input_token_layerwise,undisclosed,pooled,gain,34,100.0,0.00071053679769049,False
final_input_token_layerwise,undisclosed,pooled,gain,35,100.0,0.00024198118471501404,False
final_input_token_layerwise,undisclosed,pooled,gain,36,100.0,0.0002510108118214116,False
final_input_token_layerwise,undisclosed,pooled,response_residual,0,0.0001,-2.7755575615628914e-17,False
final_input_token_layerwise,undisclosed,pooled,response_residual,1,100.0,0.0011505475054226684,False
final_input_token_layerwise,undisclosed,pooled,response_residual,2,100.0,-0.0013099387273227865,False
final_input_token_layerwise,undisclosed,pooled,response_residual,3,100.0,-0.0012593960761776157,False
final_input_token_layerwise,undisclosed,pooled,response_residual,4,100.0,-0.0018699250606385442,False
final_input_token_layerwise,undisclosed,pooled,response_residual,5,100.0,-0.002741726437895988,False
final_input_token_layerwise,undisclosed,pooled,response_residual,6,100.0,-0.0003162747628717248,False
final_input_token_layerwise,undisclosed,pooled,response_residual,7,100.0,-0.0007417244849752721,False
final_input_token_layerwise,undisclosed,pooled,response_residual,8,100.0,0.0007367386598229794,False
final_input_token_layerwise,undisclosed,pooled,response_residual,9,100.0,-0.00040876710674531136,False
final_input_token_layerwise,undisclosed,pooled,response_residual,10,100.0,0.0009198283512641681,False
final_input_token_layerwise,undisclosed,pooled,response_residual,11,100.0,0.0005175332060841087,False
final_input_token_layerwise,undisclosed,pooled,response_residual,12,100.0,0.0011434213766135608,False
final_input_token_layerwise,undisclosed,pooled,response_residual,13,100.0,0.001216694922638965,False
final_input_token_layerwise,undisclosed,pooled,response_residual,14,100.0,0.0004896058150109794,False
final_input_token_layerwise,undisclosed,pooled,response_residual,15,100.0,-0.0003654308466885525,False
final_input_token_layerwise,undisclosed,pooled,response_residual,16,100.0,0.00032470505268454114,False
final_input_token_layerwise,undisclosed,pooled,response_residual,17,100.0,0.002002973307861311,True
final_input_token_layerwise,undisclosed,pooled,response_residual,18,100.0,0.001037004332212164,False
final_input_token_layerwise,undisclosed,pooled,response_residual,19,100.0,0.0012693888385208647,False
final_input_token_layerwise,undisclosed,pooled,response_residual,20,100.0,0.0012721909985703161,False
final_input_token_layerwise,undisclosed,pooled,response_residual,21,100.0,0.00034734057087589437,False
final_input_token_layerwise,undisclosed,pooled,response_residual,22,100.0,0.0008468612092304983,False
final_input_token_layerwise,undisclosed,pooled,response_residual,23,100.0,0.0009986739536452978,False
final_input_token_layerwise,undisclosed,pooled,response_residual,24,100.0,0.0004850670669755049,False
final_input_token_layerwise,undisclosed,pooled,response_residual,25,100.0,-0.00028585792056463427,False
final_input_token_layerwise,undisclosed,pooled,response_residual,26,100.0,-0.00021159903502416624,False
final_input_token_layerwise,undisclosed,pooled,response_residual,27,100.0,-0.0001998138532000778,False
final_input_token_layerwise,undisclosed,pooled,response_residual,28,100.0,-0.0005747333237086186,False
final_input_token_layerwise,undisclosed,pooled,response_residual,29,100.0,-0.0007286575636315887,False
final_input_token_layerwise,undisclosed,pooled,response_residual,30,100.0,0.00012653851587042056,False
final_input_token_layerwise,undisclosed,pooled,response_residual,31,100.0,-0.00042031555015790517,False
final_input_token_layerwise,undisclosed,pooled,response_residual,32,100.0,-0.00019363937819944868,False
final_input_token_layerwise,undisclosed,pooled,response_residual,33,100.0,0.00035690477895549316,False
final_input_token_layerwise,undisclosed,pooled,response_residual,34,100.0,0.00028567815091718834,False
final_input_token_layerwise,undisclosed,pooled,response_residual,35,100.0,-1.2266121328495064e-05,False
final_input_token_layerwise,undisclosed,pooled,response_residual,36,100.0,-0.0001466684439480337,False
mean_embedding,disclosed,k3,gain,0,100.0,-0.0013913271910436231,True
mean_embedding,disclosed,k3,response_residual,0,100.0,-0.0005631618135266692,True
mean_embedding,disclosed,k6,gain,0,100.0,2.324844929763037e-06,True
mean_embedding,disclosed,k6,response_residual,0,100.0,0.0010143472627783812,True
mean_embedding,disclosed,k9,gain,0,100.0,-0.0006136966716941972,True
mean_embedding,disclosed,k9,response_residual,0,100.0,0.000836083005017918,True
mean_embedding,disclosed,pooled,gain,0,100.0,-0.00934444335362448,True
mean_embedding,disclosed,pooled,response_residual,0,100.0,-0.0014316542386622149,True
mean_embedding,undisclosed,k3,gain,0,100.0,-0.0016139994741432573,True
mean_embedding,undisclosed,k3,response_residual,0,100.0,-0.0007117376714019241,True
mean_embedding,undisclosed,k6,gain,0,100.0,-0.00015518359163588236,True
mean_embedding,undisclosed,k6,response_residual,0,100.0,0.0009546409976856907,True
mean_embedding,undisclosed,k9,gain,0,100.0,-0.0007582575926914636,True
mean_embedding,undisclosed,k9,response_residual,0,100.0,0.00080506034128347,True
mean_embedding,undisclosed,pooled,gain,0,100.0,-0.00936023457682339,True
mean_embedding,undisclosed,pooled,response_residual,0,100.0,-0.0014526475708016944,True
mean_final_layer,disclosed,k3,gain,0,100.0,-0.0001436260895057162,True
mean_final_layer,disclosed,k3,response_residual,0,100.0,-0.0003844169303421352,True
mean_final_layer,disclosed,k6,gain,0,3.0,0.004080336926318789,True
mean_final_layer,disclosed,k6,response_residual,0,100.0,-2.176132356868088e-05,True
mean_final_layer,disclosed,k9,gain,0,0.1,0.054149871100335895,True
mean_final_layer,disclosed,k9,response_residual,0,3.0,0.005412095235346082,True
mean_final_layer,disclosed,pooled,gain,0,100.0,0.0025726110835638714,True
mean_final_layer,disclosed,pooled,response_residual,0,100.0,-0.003124930726374431,True
mean_final_layer,undisclosed,k3,gain,0,100.0,-2.8978310064292634e-05,True
mean_final_layer,undisclosed,k3,response_residual,0,100.0,-0.0002076990531054146,True
mean_final_layer,undisclosed,k6,gain,0,3.0,0.005955219761869801,True
mean_final_layer,undisclosed,k6,response_residual,0,100.0,6.516838091785715e-05,True
mean_final_layer,undisclosed,k9,gain,0,3.0,0.021432701295214962,True
mean_final_layer,undisclosed,k9,response_residual,0,3.0,0.009035549810224808,True
mean_final_layer,undisclosed,pooled,gain,0,100.0,0.0035205408567065923,True
mean_final_layer,undisclosed,pooled,response_residual,0,100.0,-0.001556092059264963,True
