representation,train_disclosure,evidence,target,layer,alpha,cv_macro_development_baseline_r2,selected
final_input_token_layerwise,disclosed,k3,gain,0,0.0001,0.0,False
final_input_token_layerwise,disclosed,k3,gain,1,100.0,-0.00031504396452591843,False
final_input_token_layerwise,disclosed,k3,gain,2,100.0,-0.0002735032923498748,False
final_input_token_layerwise,disclosed,k3,gain,3,100.0,-0.00043893807315265043,False
final_input_token_layerwise,disclosed,k3,gain,4,100.0,-0.0004863537675233731,False
final_input_token_layerwise,disclosed,k3,gain,5,100.0,1.4622852499313055e-05,False
final_input_token_layerwise,disclosed,k3,gain,6,100.0,-0.0002672386684050565,False
final_input_token_layerwise,disclosed,k3,gain,7,100.0,-0.00014498899925849407,False
final_input_token_layerwise,disclosed,k3,gain,8,100.0,-0.00013993816705881734,False
final_input_token_layerwise,disclosed,k3,gain,9,3.0,0.004789922146299808,False
final_input_token_layerwise,disclosed,k3,gain,10,100.0,-0.00034614333282170784,False
final_input_token_layerwise,disclosed,k3,gain,11,0.1,0.009826730340340595,False
final_input_token_layerwise,disclosed,k3,gain,12,3.0,0.00020250542136049376,False
final_input_token_layerwise,disclosed,k3,gain,13,3.0,0.00020450370011335095,False
final_input_token_layerwise,disclosed,k3,gain,14,100.0,-0.00044811461925431395,False
final_input_token_layerwise,disclosed,k3,gain,15,3.0,0.0010249892655762316,False
final_input_token_layerwise,disclosed,k3,gain,16,3.0,0.019767310588220594,False
final_input_token_layerwise,disclosed,k3,gain,17,3.0,0.02340814513333586,False
final_input_token_layerwise,disclosed,k3,gain,18,3.0,0.023538092264608595,False
final_input_token_layerwise,disclosed,k3,gain,19,3.0,0.023033557996516962,False
final_input_token_layerwise,disclosed,k3,gain,20,3.0,0.01665499965325648,False
final_input_token_layerwise,disclosed,k3,gain,21,3.0,0.012439588888120273,False
final_input_token_layerwise,disclosed,k3,gain,22,3.0,0.016529635829411388,False
final_input_token_layerwise,disclosed,k3,gain,23,3.0,0.017271243270813974,False
final_input_token_layerwise,disclosed,k3,gain,24,3.0,0.01970211448631931,False
final_input_token_layerwise,disclosed,k3,gain,25,3.0,0.021959922176603558,False
final_input_token_layerwise,disclosed,k3,gain,26,0.1,0.02880692147989894,False
final_input_token_layerwise,disclosed,k3,gain,27,0.1,0.031094434403752536,False
final_input_token_layerwise,disclosed,k3,gain,28,0.1,0.053692163602962084,False
final_input_token_layerwise,disclosed,k3,gain,29,3.0,0.07227756980156946,False
final_input_token_layerwise,disclosed,k3,gain,30,3.0,0.09600597332754518,True
final_input_token_layerwise,disclosed,k3,gain,31,3.0,0.09356215918111443,False
final_input_token_layerwise,disclosed,k3,gain,32,3.0,0.0954770027832848,False
final_input_token_layerwise,disclosed,k3,response_residual,0,0.0001,-2.7755575615628914e-17,False
final_input_token_layerwise,disclosed,k3,response_residual,1,100.0,-0.0003332805683251838,False
final_input_token_layerwise,disclosed,k3,response_residual,2,100.0,-0.0001811348614527697,False
final_input_token_layerwise,disclosed,k3,response_residual,3,100.0,-0.0005331777284234562,False
final_input_token_layerwise,disclosed,k3,response_residual,4,100.0,-0.0007072523069935333,False
final_input_token_layerwise,disclosed,k3,response_residual,5,100.0,-0.0002955597848284808,False
final_input_token_layerwise,disclosed,k3,response_residual,6,100.0,-0.0003972067190687878,False
final_input_token_layerwise,disclosed,k3,response_residual,7,100.0,-0.00028448916634754573,False
final_input_token_layerwise,disclosed,k3,response_residual,8,100.0,-0.0003073386078943363,False
final_input_token_layerwise,disclosed,k3,response_residual,9,3.0,0.0003289141309207322,False
final_input_token_layerwise,disclosed,k3,response_residual,10,100.0,-0.0003891959173041859,False
final_input_token_layerwise,disclosed,k3,response_residual,11,100.0,-0.00047423637754448467,False
final_input_token_layerwise,disclosed,k3,response_residual,12,100.0,-0.0004669291600536418,False
final_input_token_layerwise,disclosed,k3,response_residual,13,100.0,-0.00031452697637701643,False
final_input_token_layerwise,disclosed,k3,response_residual,14,100.0,-0.0003565958588582496,False
final_input_token_layerwise,disclosed,k3,response_residual,15,100.0,-0.0005696694167411642,False
final_input_token_layerwise,disclosed,k3,response_residual,16,100.0,0.0005938602664219417,False
final_input_token_layerwise,disclosed,k3,response_residual,17,3.0,0.0021868229761538294,False
final_input_token_layerwise,disclosed,k3,response_residual,18,3.0,0.005509873570741369,False
final_input_token_layerwise,disclosed,k3,response_residual,19,3.0,0.006555059171189287,False
final_input_token_layerwise,disclosed,k3,response_residual,20,3.0,0.00208211929233168,False
final_input_token_layerwise,disclosed,k3,response_residual,21,100.0,0.0006952009040030183,False
final_input_token_layerwise,disclosed,k3,response_residual,22,3.0,0.005456561935786697,False
final_input_token_layerwise,disclosed,k3,response_residual,23,3.0,0.006200995269974918,False
final_input_token_layerwise,disclosed,k3,response_residual,24,3.0,0.008892679921734509,False
final_input_token_layerwise,disclosed,k3,response_residual,25,3.0,0.008889550538353996,False
final_input_token_layerwise,disclosed,k3,response_residual,26,3.0,0.006980439758385609,False
final_input_token_layerwise,disclosed,k3,response_residual,27,3.0,0.01081526532143623,False
final_input_token_layerwise,disclosed,k3,response_residual,28,3.0,0.019698383591300023,False
final_input_token_layerwise,disclosed,k3,response_residual,29,3.0,0.04882037399170952,False
final_input_token_layerwise,disclosed,k3,response_residual,30,3.0,0.06960089545426096,True
final_input_token_layerwise,disclosed,k3,response_residual,31,3.0,0.06912860714645291,False
final_input_token_layerwise,disclosed,k3,response_residual,32,3.0,0.06820799119709275,False
final_input_token_layerwise,disclosed,k3,last_target_observation,0,0.0001,-8.326672684688674e-17,False
final_input_token_layerwise,disclosed,k3,last_target_observation,1,0.1,0.2034174711299934,False
final_input_token_layerwise,disclosed,k3,last_target_observation,2,0.1,0.18408188076028556,False
final_input_token_layerwise,disclosed,k3,last_target_observation,3,0.1,0.13846248981249829,False
final_input_token_layerwise,disclosed,k3,last_target_observation,4,0.1,0.10691900679873101,False
final_input_token_layerwise,disclosed,k3,last_target_observation,5,3.0,0.026413211718348595,False
final_input_token_layerwise,disclosed,k3,last_target_observation,6,3.0,0.01551330341324958,False
final_input_token_layerwise,disclosed,k3,last_target_observation,7,3.0,0.03004827453065434,False
final_input_token_layerwise,disclosed,k3,last_target_observation,8,0.1,0.06822463735489206,False
final_input_token_layerwise,disclosed,k3,last_target_observation,9,0.1,0.16405324187615666,False
final_input_token_layerwise,disclosed,k3,last_target_observation,10,0.1,0.14940485022626818,False
final_input_token_layerwise,disclosed,k3,last_target_observation,11,0.1,0.17982840119345495,False
final_input_token_layerwise,disclosed,k3,last_target_observation,12,0.1,0.1937707239483048,False
final_input_token_layerwise,disclosed,k3,last_target_observation,13,3.0,0.10603333438494389,False
final_input_token_layerwise,disclosed,k3,last_target_observation,14,0.1,0.1390115433878251,False
final_input_token_layerwise,disclosed,k3,last_target_observation,15,0.1,0.2330059092290251,True
final_input_token_layerwise,disclosed,k3,last_target_observation,16,0.1,0.1664406001655873,False
final_input_token_layerwise,disclosed,k3,last_target_observation,17,0.1,0.18013134385003746,False
final_input_token_layerwise,disclosed,k3,last_target_observation,18,0.1,0.18571932662742402,False
final_input_token_layerwise,disclosed,k3,last_target_observation,19,0.1,0.18817644303586964,False
final_input_token_layerwise,disclosed,k3,last_target_observation,20,0.1,0.16743362069397785,False
final_input_token_layerwise,disclosed,k3,last_target_observation,21,0.1,0.2188105064657603,False
final_input_token_layerwise,disclosed,k3,last_target_observation,22,0.1,0.1680794146561798,False
final_input_token_layerwise,disclosed,k3,last_target_observation,23,0.1,0.15848781553915453,False
final_input_token_layerwise,disclosed,k3,last_target_observation,24,0.1,0.1655207712658026,False
final_input_token_layerwise,disclosed,k3,last_target_observation,25,0.1,0.1790025599714355,False
final_input_token_layerwise,disclosed,k3,last_target_observation,26,0.1,0.1633517862829128,False
final_input_token_layerwise,disclosed,k3,last_target_observation,27,0.1,0.17440317454167603,False
final_input_token_layerwise,disclosed,k3,last_target_observation,28,0.1,0.20134107782142358,False
final_input_token_layerwise,disclosed,k3,last_target_observation,29,0.1,0.22670064830028056,False
final_input_token_layerwise,disclosed,k3,last_target_observation,30,0.1,0.2260077767764409,False
final_input_token_layerwise,disclosed,k3,last_target_observation,31,0.1,0.1905438719098396,False
final_input_token_layerwise,disclosed,k3,last_target_observation,32,0.1,0.22814537780641844,False
final_input_token_layerwise,disclosed,k3,target_observation_mean,0,0.0001,5.551115123125783e-17,False
final_input_token_layerwise,disclosed,k3,target_observation_mean,1,3.0,0.14452143243836604,False
final_input_token_layerwise,disclosed,k3,target_observation_mean,2,3.0,0.11786767212111515,False
final_input_token_layerwise,disclosed,k3,target_observation_mean,3,0.1,0.13109622197003357,False
final_input_token_layerwise,disclosed,k3,target_observation_mean,4,0.1,0.09919649008508669,False
final_input_token_layerwise,disclosed,k3,target_observation_mean,5,3.0,0.03715768153227114,False
final_input_token_layerwise,disclosed,k3,target_observation_mean,6,3.0,0.028708045433980395,False
final_input_token_layerwise,disclosed,k3,target_observation_mean,7,3.0,0.05069606736325344,False
final_input_token_layerwise,disclosed,k3,target_observation_mean,8,3.0,0.059940964701496874,False
final_input_token_layerwise,disclosed,k3,target_observation_mean,9,3.0,0.08989801935833325,False
final_input_token_layerwise,disclosed,k3,target_observation_mean,10,3.0,0.07372297226558147,False
final_input_token_layerwise,disclosed,k3,target_observation_mean,11,0.1,0.11326825975982532,False
final_input_token_layerwise,disclosed,k3,target_observation_mean,12,0.1,0.14921420511595634,False
final_input_token_layerwise,disclosed,k3,target_observation_mean,13,3.0,0.18974716521078613,False
final_input_token_layerwise,disclosed,k3,target_observation_mean,14,3.0,0.17376166207868007,False
final_input_token_layerwise,disclosed,k3,target_observation_mean,15,3.0,0.2450859314949705,False
final_input_token_layerwise,disclosed,k3,target_observation_mean,16,3.0,0.2726131297719756,False
final_input_token_layerwise,disclosed,k3,target_observation_mean,17,3.0,0.23067312024821532,False
final_input_token_layerwise,disclosed,k3,target_observation_mean,18,3.0,0.1784698766878872,False
final_input_token_layerwise,disclosed,k3,target_observation_mean,19,0.1,0.167377416648553,False
final_input_token_layerwise,disclosed,k3,target_observation_mean,20,0.1,0.168998006006259,False
final_input_token_layerwise,disclosed,k3,target_observation_mean,21,0.1,0.2033400248030749,False
final_input_token_layerwise,disclosed,k3,target_observation_mean,22,0.1,0.19811666655734617,False
final_input_token_layerwise,disclosed,k3,target_observation_mean,23,0.1,0.21265792386707066,False
final_input_token_layerwise,disclosed,k3,target_observation_mean,24,0.1,0.24535917658284478,False
final_input_token_layerwise,disclosed,k3,target_observation_mean,25,0.1,0.2848029299722178,False
final_input_token_layerwise,disclosed,k3,target_observation_mean,26,0.1,0.26349087789587544,False
final_input_token_layerwise,disclosed,k3,target_observation_mean,27,0.1,0.2733622057161177,False
final_input_token_layerwise,disclosed,k3,target_observation_mean,28,0.1,0.2993125144429642,False
final_input_token_layerwise,disclosed,k3,target_observation_mean,29,0.1,0.308803676860551,False
final_input_token_layerwise,disclosed,k3,target_observation_mean,30,0.1,0.3117852886720167,False
final_input_token_layerwise,disclosed,k3,target_observation_mean,31,0.1,0.34772959149982874,False
final_input_token_layerwise,disclosed,k3,target_observation_mean,32,0.1,0.372098604211354,True
final_input_token_layerwise,disclosed,k3,target_time_slope,0,0.0001,0.0,False
final_input_token_layerwise,disclosed,k3,target_time_slope,1,0.1,0.08283665865736878,False
final_input_token_layerwise,disclosed,k3,target_time_slope,2,3.0,0.03063129681153845,False
final_input_token_layerwise,disclosed,k3,target_time_slope,3,3.0,0.0047815795791660565,False
final_input_token_layerwise,disclosed,k3,target_time_slope,4,3.0,0.0029781843568685573,False
final_input_token_layerwise,disclosed,k3,target_time_slope,5,3.0,0.0037463217715573705,False
final_input_token_layerwise,disclosed,k3,target_time_slope,6,3.0,0.001749679773025925,False
final_input_token_layerwise,disclosed,k3,target_time_slope,7,3.0,0.007394977714355849,False
final_input_token_layerwise,disclosed,k3,target_time_slope,8,3.0,0.005606555674619151,False
final_input_token_layerwise,disclosed,k3,target_time_slope,9,3.0,0.027604229475189285,False
final_input_token_layerwise,disclosed,k3,target_time_slope,10,3.0,0.01632728258389124,False
final_input_token_layerwise,disclosed,k3,target_time_slope,11,3.0,0.008889831971239215,False
final_input_token_layerwise,disclosed,k3,target_time_slope,12,3.0,0.006419300586518933,False
final_input_token_layerwise,disclosed,k3,target_time_slope,13,3.0,0.00248813137276091,False
final_input_token_layerwise,disclosed,k3,target_time_slope,14,3.0,0.013736784081404385,False
final_input_token_layerwise,disclosed,k3,target_time_slope,15,0.1,0.08175732313750311,False
final_input_token_layerwise,disclosed,k3,target_time_slope,16,0.1,0.09348874733230678,False
final_input_token_layerwise,disclosed,k3,target_time_slope,17,0.1,0.09720571209060624,False
final_input_token_layerwise,disclosed,k3,target_time_slope,18,0.1,0.11863694513983142,True
final_input_token_layerwise,disclosed,k3,target_time_slope,19,0.1,0.058139309413240026,False
final_input_token_layerwise,disclosed,k3,target_time_slope,20,0.1,0.0691007412346058,False
final_input_token_layerwise,disclosed,k3,target_time_slope,21,0.1,0.07567734153863498,False
final_input_token_layerwise,disclosed,k3,target_time_slope,22,0.1,0.04299108617037828,False
final_input_token_layerwise,disclosed,k3,target_time_slope,23,3.0,0.007920597090083165,False
final_input_token_layerwise,disclosed,k3,target_time_slope,24,3.0,0.00465593193074515,False
final_input_token_layerwise,disclosed,k3,target_time_slope,25,3.0,0.0014483730647533444,False
final_input_token_layerwise,disclosed,k3,target_time_slope,26,3.0,0.0009766194390814498,False
final_input_token_layerwise,disclosed,k3,target_time_slope,27,3.0,0.005804387997805388,False
final_input_token_layerwise,disclosed,k3,target_time_slope,28,0.1,0.05218506765928771,False
final_input_token_layerwise,disclosed,k3,target_time_slope,29,3.0,0.01955331849288311,False
final_input_token_layerwise,disclosed,k3,target_time_slope,30,3.0,0.04020891560885903,False
final_input_token_layerwise,disclosed,k3,target_time_slope,31,0.1,0.041425938147524904,False
final_input_token_layerwise,disclosed,k3,target_time_slope,32,0.1,0.0490533511691815,False
final_input_token_layerwise,disclosed,k3,displayed_driver_outcome_slope,0,0.0001,5.551115123125783e-17,False
final_input_token_layerwise,disclosed,k3,displayed_driver_outcome_slope,1,3.0,0.0023581300197578203,False
final_input_token_layerwise,disclosed,k3,displayed_driver_outcome_slope,2,3.0,0.023676984937509554,True
final_input_token_layerwise,disclosed,k3,displayed_driver_outcome_slope,3,3.0,0.0025795310594614596,False
final_input_token_layerwise,disclosed,k3,displayed_driver_outcome_slope,4,3.0,0.012209963971247961,False
final_input_token_layerwise,disclosed,k3,displayed_driver_outcome_slope,5,3.0,0.005998189342828308,False
final_input_token_layerwise,disclosed,k3,displayed_driver_outcome_slope,6,100.0,-4.971868094164056e-05,False
final_input_token_layerwise,disclosed,k3,displayed_driver_outcome_slope,7,100.0,-0.00019098264011843669,False
final_input_token_layerwise,disclosed,k3,displayed_driver_outcome_slope,8,100.0,-0.0008304421338201085,False
final_input_token_layerwise,disclosed,k3,displayed_driver_outcome_slope,9,100.0,0.00010411419864606031,False
final_input_token_layerwise,disclosed,k3,displayed_driver_outcome_slope,10,100.0,-8.3432708286868e-06,False
final_input_token_layerwise,disclosed,k3,displayed_driver_outcome_slope,11,3.0,0.0042994047097477395,False
final_input_token_layerwise,disclosed,k3,displayed_driver_outcome_slope,12,3.0,0.0064962280355650714,False
final_input_token_layerwise,disclosed,k3,displayed_driver_outcome_slope,13,100.0,5.512073912716797e-05,False
final_input_token_layerwise,disclosed,k3,displayed_driver_outcome_slope,14,3.0,0.011546988592327362,False
final_input_token_layerwise,disclosed,k3,displayed_driver_outcome_slope,15,3.0,0.01749663726838152,False
final_input_token_layerwise,disclosed,k3,displayed_driver_outcome_slope,16,3.0,0.020590578132019338,False
final_input_token_layerwise,disclosed,k3,displayed_driver_outcome_slope,17,3.0,0.018550984349484212,False
final_input_token_layerwise,disclosed,k3,displayed_driver_outcome_slope,18,100.0,-0.0011406185473368247,False
final_input_token_layerwise,disclosed,k3,displayed_driver_outcome_slope,19,3.0,0.0004568108662401371,False
final_input_token_layerwise,disclosed,k3,displayed_driver_outcome_slope,20,3.0,-0.0012589959204039047,False
final_input_token_layerwise,disclosed,k3,displayed_driver_outcome_slope,21,100.0,-0.0017801864738216377,False
final_input_token_layerwise,disclosed,k3,displayed_driver_outcome_slope,22,100.0,-0.001997490093775728,False
final_input_token_layerwise,disclosed,k3,displayed_driver_outcome_slope,23,100.0,-0.0020777035568459445,False
final_input_token_layerwise,disclosed,k3,displayed_driver_outcome_slope,24,100.0,-0.0021150808304016278,False
final_input_token_layerwise,disclosed,k3,displayed_driver_outcome_slope,25,100.0,-0.001503800864149446,False
final_input_token_layerwise,disclosed,k3,displayed_driver_outcome_slope,26,100.0,-0.0014853552088183175,False
final_input_token_layerwise,disclosed,k3,displayed_driver_outcome_slope,27,3.0,-0.00014198044232233142,False
final_input_token_layerwise,disclosed,k3,displayed_driver_outcome_slope,28,100.0,-0.0010815618360478785,False
final_input_token_layerwise,disclosed,k3,displayed_driver_outcome_slope,29,100.0,-0.0003510332072686473,False
final_input_token_layerwise,disclosed,k3,displayed_driver_outcome_slope,30,3.0,0.00969502369170322,False
final_input_token_layerwise,disclosed,k3,displayed_driver_outcome_slope,31,3.0,0.014258774349811765,False
final_input_token_layerwise,disclosed,k3,displayed_driver_outcome_slope,32,3.0,0.015144898141068203,False
final_input_token_layerwise,disclosed,k3,oracle_posterior_gain,0,0.0001,0.0,False
final_input_token_layerwise,disclosed,k3,oracle_posterior_gain,1,3.0,0.0027270344416082115,False
final_input_token_layerwise,disclosed,k3,oracle_posterior_gain,2,100.0,-5.505892684584679e-05,False
final_input_token_layerwise,disclosed,k3,oracle_posterior_gain,3,100.0,-0.001642863456015109,False
final_input_token_layerwise,disclosed,k3,oracle_posterior_gain,4,100.0,-0.0013218755119128733,False
final_input_token_layerwise,disclosed,k3,oracle_posterior_gain,5,100.0,-0.0008373006721215104,False
final_input_token_layerwise,disclosed,k3,oracle_posterior_gain,6,100.0,-0.0008343641795584555,False
final_input_token_layerwise,disclosed,k3,oracle_posterior_gain,7,100.0,-0.00028676757862874935,False
final_input_token_layerwise,disclosed,k3,oracle_posterior_gain,8,100.0,-0.00043487078779408384,False
final_input_token_layerwise,disclosed,k3,oracle_posterior_gain,9,3.0,0.02943657537452421,False
final_input_token_layerwise,disclosed,k3,oracle_posterior_gain,10,3.0,0.022181395739237636,False
final_input_token_layerwise,disclosed,k3,oracle_posterior_gain,11,3.0,0.032567469030394064,False
final_input_token_layerwise,disclosed,k3,oracle_posterior_gain,12,3.0,0.037994289561877254,False
final_input_token_layerwise,disclosed,k3,oracle_posterior_gain,13,3.0,0.022574757320705907,False
final_input_token_layerwise,disclosed,k3,oracle_posterior_gain,14,3.0,0.041101505886215334,False
final_input_token_layerwise,disclosed,k3,oracle_posterior_gain,15,3.0,0.08313505124465687,False
final_input_token_layerwise,disclosed,k3,oracle_posterior_gain,16,3.0,0.16309784552161458,False
final_input_token_layerwise,disclosed,k3,oracle_posterior_gain,17,0.1,0.1783674944873813,False
final_input_token_layerwise,disclosed,k3,oracle_posterior_gain,18,0.1,0.2153277620883794,False
final_input_token_layerwise,disclosed,k3,oracle_posterior_gain,19,0.1,0.1820651666113854,False
final_input_token_layerwise,disclosed,k3,oracle_posterior_gain,20,0.1,0.14668687686288584,False
final_input_token_layerwise,disclosed,k3,oracle_posterior_gain,21,3.0,0.11085180113484333,False
final_input_token_layerwise,disclosed,k3,oracle_posterior_gain,22,3.0,0.10969089958528097,False
final_input_token_layerwise,disclosed,k3,oracle_posterior_gain,23,3.0,0.10817341052147442,False
final_input_token_layerwise,disclosed,k3,oracle_posterior_gain,24,0.1,0.14881862261191592,False
final_input_token_layerwise,disclosed,k3,oracle_posterior_gain,25,0.1,0.1489717374719346,False
final_input_token_layerwise,disclosed,k3,oracle_posterior_gain,26,0.1,0.16019150176884223,False
final_input_token_layerwise,disclosed,k3,oracle_posterior_gain,27,0.1,0.18692483632951243,False
final_input_token_layerwise,disclosed,k3,oracle_posterior_gain,28,0.1,0.20270568162656719,False
final_input_token_layerwise,disclosed,k3,oracle_posterior_gain,29,0.1,0.21733637469494052,True
final_input_token_layerwise,disclosed,k3,oracle_posterior_gain,30,0.1,0.19971164877268874,False
final_input_token_layerwise,disclosed,k3,oracle_posterior_gain,31,3.0,0.17920095981082995,False
final_input_token_layerwise,disclosed,k3,oracle_posterior_gain,32,3.0,0.17941429678259424,False
final_input_token_layerwise,disclosed,k6,gain,0,0.0001,0.0,False
final_input_token_layerwise,disclosed,k6,gain,1,3.0,0.0003944333573055736,False
final_input_token_layerwise,disclosed,k6,gain,2,100.0,-4.273116102107566e-05,False
final_input_token_layerwise,disclosed,k6,gain,3,100.0,-0.00032688665182564747,False
final_input_token_layerwise,disclosed,k6,gain,4,100.0,-0.00039762963692130393,False
final_input_token_layerwise,disclosed,k6,gain,5,100.0,-0.00023406728922498177,False
final_input_token_layerwise,disclosed,k6,gain,6,100.0,-0.00025537094742197897,False
final_input_token_layerwise,disclosed,k6,gain,7,100.0,4.1275681552127574e-05,False
final_input_token_layerwise,disclosed,k6,gain,8,100.0,2.5824859654355325e-05,False
final_input_token_layerwise,disclosed,k6,gain,9,3.0,0.008093035968138096,False
final_input_token_layerwise,disclosed,k6,gain,10,3.0,0.0029503680492821704,False
final_input_token_layerwise,disclosed,k6,gain,11,100.0,-0.00011874224015570589,False
final_input_token_layerwise,disclosed,k6,gain,12,3.0,0.007982635355382933,False
final_input_token_layerwise,disclosed,k6,gain,13,0.1,0.05258301214565822,False
final_input_token_layerwise,disclosed,k6,gain,14,0.1,0.04746896343879986,False
final_input_token_layerwise,disclosed,k6,gain,15,0.1,0.016615648537598865,False
final_input_token_layerwise,disclosed,k6,gain,16,3.0,0.030810786927524786,False
final_input_token_layerwise,disclosed,k6,gain,17,3.0,0.02295662350637656,False
final_input_token_layerwise,disclosed,k6,gain,18,3.0,0.013186547242886232,False
final_input_token_layerwise,disclosed,k6,gain,19,3.0,0.014108363425404696,False
final_input_token_layerwise,disclosed,k6,gain,20,3.0,0.016692377802389247,False
final_input_token_layerwise,disclosed,k6,gain,21,3.0,0.015681338839973885,False
final_input_token_layerwise,disclosed,k6,gain,22,3.0,0.020803846939503934,False
final_input_token_layerwise,disclosed,k6,gain,23,3.0,0.025416990518056598,False
final_input_token_layerwise,disclosed,k6,gain,24,3.0,0.03001179635285403,False
final_input_token_layerwise,disclosed,k6,gain,25,3.0,0.029519275463627342,False
final_input_token_layerwise,disclosed,k6,gain,26,3.0,0.029206334868612654,False
final_input_token_layerwise,disclosed,k6,gain,27,3.0,0.029868743046712803,False
final_input_token_layerwise,disclosed,k6,gain,28,3.0,0.04038134818144823,False
final_input_token_layerwise,disclosed,k6,gain,29,3.0,0.10666799568082355,False
final_input_token_layerwise,disclosed,k6,gain,30,3.0,0.13788045812277397,False
final_input_token_layerwise,disclosed,k6,gain,31,3.0,0.13580565974483272,False
final_input_token_layerwise,disclosed,k6,gain,32,3.0,0.14581767632054482,True
final_input_token_layerwise,disclosed,k6,response_residual,0,0.0001,-2.7755575615628914e-17,False
final_input_token_layerwise,disclosed,k6,response_residual,1,100.0,2.502155150957419e-05,False
final_input_token_layerwise,disclosed,k6,response_residual,2,100.0,-0.00011064846281091945,False
final_input_token_layerwise,disclosed,k6,response_residual,3,100.0,-0.00012461695104984405,False
final_input_token_layerwise,disclosed,k6,response_residual,4,100.0,-0.00027165148494415203,False
final_input_token_layerwise,disclosed,k6,response_residual,5,100.0,-0.0001814201045260977,False
final_input_token_layerwise,disclosed,k6,response_residual,6,100.0,-0.0002233490916400127,False
final_input_token_layerwise,disclosed,k6,response_residual,7,100.0,-8.405684656795365e-05,False
final_input_token_layerwise,disclosed,k6,response_residual,8,100.0,-0.00025298129002193637,False
final_input_token_layerwise,disclosed,k6,response_residual,9,100.0,0.00016514278716614483,False
final_input_token_layerwise,disclosed,k6,response_residual,10,100.0,-6.47989922704928e-05,False
final_input_token_layerwise,disclosed,k6,response_residual,11,100.0,-0.00025513510421210084,False
final_input_token_layerwise,disclosed,k6,response_residual,12,100.0,-1.534861857946379e-05,False
final_input_token_layerwise,disclosed,k6,response_residual,13,100.0,-0.00021900343933262123,False
final_input_token_layerwise,disclosed,k6,response_residual,14,100.0,0.0001573678839222048,False
final_input_token_layerwise,disclosed,k6,response_residual,15,100.0,-0.00013535296518604745,False
final_input_token_layerwise,disclosed,k6,response_residual,16,100.0,0.0008245845628222503,False
final_input_token_layerwise,disclosed,k6,response_residual,17,100.0,0.0006695593978632008,False
final_input_token_layerwise,disclosed,k6,response_residual,18,100.0,0.0003612997033548282,False
final_input_token_layerwise,disclosed,k6,response_residual,19,100.0,0.0004706210466298433,False
final_input_token_layerwise,disclosed,k6,response_residual,20,100.0,0.0005478314132543183,False
final_input_token_layerwise,disclosed,k6,response_residual,21,100.0,0.0005572939806899047,False
final_input_token_layerwise,disclosed,k6,response_residual,22,100.0,0.0007341859783253357,False
final_input_token_layerwise,disclosed,k6,response_residual,23,100.0,0.0008487047127940794,False
final_input_token_layerwise,disclosed,k6,response_residual,24,3.0,0.002728802478743464,False
final_input_token_layerwise,disclosed,k6,response_residual,25,3.0,0.0024561950718627046,False
final_input_token_layerwise,disclosed,k6,response_residual,26,3.0,0.002930037772551658,False
final_input_token_layerwise,disclosed,k6,response_residual,27,3.0,0.007378531960352319,False
final_input_token_layerwise,disclosed,k6,response_residual,28,3.0,0.014168629284618317,False
final_input_token_layerwise,disclosed,k6,response_residual,29,3.0,0.05796858805749783,False
final_input_token_layerwise,disclosed,k6,response_residual,30,3.0,0.08700336703606115,False
final_input_token_layerwise,disclosed,k6,response_residual,31,3.0,0.0870160315005396,False
final_input_token_layerwise,disclosed,k6,response_residual,32,3.0,0.09465386645163676,True
final_input_token_layerwise,disclosed,k6,last_target_observation,0,0.0001,-2.7755575615628914e-17,False
final_input_token_layerwise,disclosed,k6,last_target_observation,1,0.1,0.07175380374530971,True
final_input_token_layerwise,disclosed,k6,last_target_observation,2,0.1,0.034156890916553134,False
final_input_token_layerwise,disclosed,k6,last_target_observation,3,3.0,0.021286419610641122,False
final_input_token_layerwise,disclosed,k6,last_target_observation,4,3.0,0.017870411204385872,False
final_input_token_layerwise,disclosed,k6,last_target_observation,5,3.0,0.012927412265389293,False
final_input_token_layerwise,disclosed,k6,last_target_observation,6,3.0,0.00903154305059714,False
final_input_token_layerwise,disclosed,k6,last_target_observation,7,100.0,0.00026693525986004607,False
final_input_token_layerwise,disclosed,k6,last_target_observation,8,100.0,-5.9471552931206206e-05,False
final_input_token_layerwise,disclosed,k6,last_target_observation,9,3.0,0.01591283532493304,False
final_input_token_layerwise,disclosed,k6,last_target_observation,10,3.0,0.010257474293489388,False
final_input_token_layerwise,disclosed,k6,last_target_observation,11,100.0,-8.81171745358289e-05,False
final_input_token_layerwise,disclosed,k6,last_target_observation,12,100.0,-0.00021701597247794635,False
final_input_token_layerwise,disclosed,k6,last_target_observation,13,3.0,0.006743194969138971,False
final_input_token_layerwise,disclosed,k6,last_target_observation,14,3.0,0.006576052332421117,False
final_input_token_layerwise,disclosed,k6,last_target_observation,15,100.0,-4.195481420052327e-05,False
final_input_token_layerwise,disclosed,k6,last_target_observation,16,3.0,0.0015278135492654832,False
final_input_token_layerwise,disclosed,k6,last_target_observation,17,100.0,0.0005318109923297676,False
final_input_token_layerwise,disclosed,k6,last_target_observation,18,100.0,0.00013339033104020626,False
final_input_token_layerwise,disclosed,k6,last_target_observation,19,100.0,0.0006801293297876154,False
final_input_token_layerwise,disclosed,k6,last_target_observation,20,100.0,0.0007404322646208106,False
final_input_token_layerwise,disclosed,k6,last_target_observation,21,100.0,0.0009419350253262182,False
final_input_token_layerwise,disclosed,k6,last_target_observation,22,100.0,0.0007603098603064518,False
final_input_token_layerwise,disclosed,k6,last_target_observation,23,100.0,0.0005513541689142198,False
final_input_token_layerwise,disclosed,k6,last_target_observation,24,100.0,0.0005059976514185383,False
final_input_token_layerwise,disclosed,k6,last_target_observation,25,100.0,0.0004870934157068241,False
final_input_token_layerwise,disclosed,k6,last_target_observation,26,100.0,0.00045344647884312805,False
final_input_token_layerwise,disclosed,k6,last_target_observation,27,100.0,0.0003625856184374665,False
final_input_token_layerwise,disclosed,k6,last_target_observation,28,100.0,0.0004195340059137409,False
final_input_token_layerwise,disclosed,k6,last_target_observation,29,3.0,0.013165745698352327,False
final_input_token_layerwise,disclosed,k6,last_target_observation,30,3.0,0.02343441564714821,False
final_input_token_layerwise,disclosed,k6,last_target_observation,31,3.0,0.02162500783221305,False
final_input_token_layerwise,disclosed,k6,last_target_observation,32,3.0,0.02063994747482245,False
final_input_token_layerwise,disclosed,k6,target_observation_mean,0,0.0001,2.7755575615628914e-17,False
final_input_token_layerwise,disclosed,k6,target_observation_mean,1,0.1,0.04401007091331338,False
final_input_token_layerwise,disclosed,k6,target_observation_mean,2,3.0,0.01811764221443976,False
final_input_token_layerwise,disclosed,k6,target_observation_mean,3,3.0,0.012774799891655503,False
final_input_token_layerwise,disclosed,k6,target_observation_mean,4,3.0,0.011059764699807684,False
final_input_token_layerwise,disclosed,k6,target_observation_mean,5,3.0,0.01909317125826765,False
final_input_token_layerwise,disclosed,k6,target_observation_mean,6,3.0,0.011991958840604833,False
final_input_token_layerwise,disclosed,k6,target_observation_mean,7,3.0,0.00471337167937555,False
final_input_token_layerwise,disclosed,k6,target_observation_mean,8,3.0,0.022929838966088745,False
final_input_token_layerwise,disclosed,k6,target_observation_mean,9,3.0,0.04909375179085523,False
final_input_token_layerwise,disclosed,k6,target_observation_mean,10,3.0,0.0439801051207179,False
final_input_token_layerwise,disclosed,k6,target_observation_mean,11,3.0,0.06725005399222336,False
final_input_token_layerwise,disclosed,k6,target_observation_mean,12,3.0,0.07541849777930515,False
final_input_token_layerwise,disclosed,k6,target_observation_mean,13,3.0,0.10177101351907117,False
final_input_token_layerwise,disclosed,k6,target_observation_mean,14,3.0,0.08497683480615129,False
final_input_token_layerwise,disclosed,k6,target_observation_mean,15,3.0,0.1011041018636685,False
final_input_token_layerwise,disclosed,k6,target_observation_mean,16,3.0,0.15144340945432996,False
final_input_token_layerwise,disclosed,k6,target_observation_mean,17,0.1,0.13366094517500188,False
final_input_token_layerwise,disclosed,k6,target_observation_mean,18,0.1,0.18230537655867568,False
final_input_token_layerwise,disclosed,k6,target_observation_mean,19,0.1,0.1521693256286627,False
final_input_token_layerwise,disclosed,k6,target_observation_mean,20,0.1,0.15094793146134403,False
final_input_token_layerwise,disclosed,k6,target_observation_mean,21,0.1,0.10908385298686846,False
final_input_token_layerwise,disclosed,k6,target_observation_mean,22,0.1,0.12003444940295377,False
final_input_token_layerwise,disclosed,k6,target_observation_mean,23,0.1,0.12933902629915545,False
final_input_token_layerwise,disclosed,k6,target_observation_mean,24,0.1,0.08843170028736125,False
final_input_token_layerwise,disclosed,k6,target_observation_mean,25,0.1,0.10997671073859491,False
final_input_token_layerwise,disclosed,k6,target_observation_mean,26,0.1,0.15085868438995143,False
final_input_token_layerwise,disclosed,k6,target_observation_mean,27,0.1,0.2209882564910074,False
final_input_token_layerwise,disclosed,k6,target_observation_mean,28,0.1,0.2530441112279589,False
final_input_token_layerwise,disclosed,k6,target_observation_mean,29,0.1,0.29444762081076903,False
final_input_token_layerwise,disclosed,k6,target_observation_mean,30,0.1,0.3441625626445509,False
final_input_token_layerwise,disclosed,k6,target_observation_mean,31,0.1,0.3694515753698371,False
final_input_token_layerwise,disclosed,k6,target_observation_mean,32,0.1,0.42306352073232273,True
final_input_token_layerwise,disclosed,k6,target_time_slope,0,0.0001,0.0,False
final_input_token_layerwise,disclosed,k6,target_time_slope,1,0.1,0.04216843708561899,False
final_input_token_layerwise,disclosed,k6,target_time_slope,2,3.0,0.010225375312812979,False
final_input_token_layerwise,disclosed,k6,target_time_slope,3,3.0,0.012634407552225085,False
final_input_token_layerwise,disclosed,k6,target_time_slope,4,3.0,0.012337473368440016,False
final_input_token_layerwise,disclosed,k6,target_time_slope,5,100.0,0.0002658827262549679,False
final_input_token_layerwise,disclosed,k6,target_time_slope,6,100.0,0.00022007591703229745,False
final_input_token_layerwise,disclosed,k6,target_time_slope,7,100.0,-0.0005688405967946286,False
final_input_token_layerwise,disclosed,k6,target_time_slope,8,100.0,-0.0013295542779304115,False
final_input_token_layerwise,disclosed,k6,target_time_slope,9,3.0,0.004630794354121726,False
final_input_token_layerwise,disclosed,k6,target_time_slope,10,100.0,-0.00021148971446183218,False
final_input_token_layerwise,disclosed,k6,target_time_slope,11,0.1,0.05185496050761326,False
final_input_token_layerwise,disclosed,k6,target_time_slope,12,3.0,0.008254319777708491,False
final_input_token_layerwise,disclosed,k6,target_time_slope,13,3.0,0.015270374564308908,False
final_input_token_layerwise,disclosed,k6,target_time_slope,14,100.0,-6.653625567795696e-05,False
final_input_token_layerwise,disclosed,k6,target_time_slope,15,3.0,0.00664047959031977,False
final_input_token_layerwise,disclosed,k6,target_time_slope,16,0.1,0.08403318565705697,True
final_input_token_layerwise,disclosed,k6,target_time_slope,17,3.0,0.031959432755419376,False
final_input_token_layerwise,disclosed,k6,target_time_slope,18,3.0,0.01106007529874295,False
final_input_token_layerwise,disclosed,k6,target_time_slope,19,3.0,0.024200430418328256,False
final_input_token_layerwise,disclosed,k6,target_time_slope,20,3.0,0.026510459903555827,False
final_input_token_layerwise,disclosed,k6,target_time_slope,21,3.0,0.03355709026035897,False
final_input_token_layerwise,disclosed,k6,target_time_slope,22,3.0,0.03553300405546392,False
final_input_token_layerwise,disclosed,k6,target_time_slope,23,3.0,0.03643292939988296,False
final_input_token_layerwise,disclosed,k6,target_time_slope,24,3.0,0.03602605923259461,False
final_input_token_layerwise,disclosed,k6,target_time_slope,25,3.0,0.041725635427422,False
final_input_token_layerwise,disclosed,k6,target_time_slope,26,3.0,0.04127499063041526,False
final_input_token_layerwise,disclosed,k6,target_time_slope,27,3.0,0.04101235711988824,False
final_input_token_layerwise,disclosed,k6,target_time_slope,28,3.0,0.043126227880587814,False
final_input_token_layerwise,disclosed,k6,target_time_slope,29,3.0,0.033516888303480125,False
final_input_token_layerwise,disclosed,k6,target_time_slope,30,3.0,0.03174060417159166,False
final_input_token_layerwise,disclosed,k6,target_time_slope,31,3.0,0.032871049233214045,False
final_input_token_layerwise,disclosed,k6,target_time_slope,32,3.0,0.0332031625661699,False
final_input_token_layerwise,disclosed,k6,displayed_driver_outcome_slope,0,0.0001,-5.551115123125783e-17,False
final_input_token_layerwise,disclosed,k6,displayed_driver_outcome_slope,1,100.0,-0.0003556911997513179,False
final_input_token_layerwise,disclosed,k6,displayed_driver_outcome_slope,2,100.0,-8.188022462313205e-05,False
final_input_token_layerwise,disclosed,k6,displayed_driver_outcome_slope,3,100.0,0.0008982452197201785,False
final_input_token_layerwise,disclosed,k6,displayed_driver_outcome_slope,4,3.0,0.009553722599140058,False
final_input_token_layerwise,disclosed,k6,displayed_driver_outcome_slope,5,3.0,0.011528813649379188,False
final_input_token_layerwise,disclosed,k6,displayed_driver_outcome_slope,6,3.0,0.010499254696623966,False
final_input_token_layerwise,disclosed,k6,displayed_driver_outcome_slope,7,3.0,0.0020421755751678927,False
final_input_token_layerwise,disclosed,k6,displayed_driver_outcome_slope,8,3.0,0.012435646984829463,False
final_input_token_layerwise,disclosed,k6,displayed_driver_outcome_slope,9,3.0,0.013649319739766935,False
final_input_token_layerwise,disclosed,k6,displayed_driver_outcome_slope,10,3.0,0.007448423146572042,False
final_input_token_layerwise,disclosed,k6,displayed_driver_outcome_slope,11,3.0,0.00800540640822453,False
final_input_token_layerwise,disclosed,k6,displayed_driver_outcome_slope,12,100.0,0.00048201398199126944,False
final_input_token_layerwise,disclosed,k6,displayed_driver_outcome_slope,13,3.0,0.017086020617341074,False
final_input_token_layerwise,disclosed,k6,displayed_driver_outcome_slope,14,3.0,0.03117934458428656,False
final_input_token_layerwise,disclosed,k6,displayed_driver_outcome_slope,15,3.0,0.041350548906817164,False
final_input_token_layerwise,disclosed,k6,displayed_driver_outcome_slope,16,3.0,0.04010622454959012,False
final_input_token_layerwise,disclosed,k6,displayed_driver_outcome_slope,17,3.0,0.027717773407236163,False
final_input_token_layerwise,disclosed,k6,displayed_driver_outcome_slope,18,0.1,0.03584824472870343,False
final_input_token_layerwise,disclosed,k6,displayed_driver_outcome_slope,19,3.0,0.025545761710896203,False
final_input_token_layerwise,disclosed,k6,displayed_driver_outcome_slope,20,0.1,0.038368101496944806,False
final_input_token_layerwise,disclosed,k6,displayed_driver_outcome_slope,21,3.0,0.030281365855783282,False
final_input_token_layerwise,disclosed,k6,displayed_driver_outcome_slope,22,0.1,0.04503887692132874,False
final_input_token_layerwise,disclosed,k6,displayed_driver_outcome_slope,23,3.0,0.03053580783959034,False
final_input_token_layerwise,disclosed,k6,displayed_driver_outcome_slope,24,3.0,0.025373047302909263,False
final_input_token_layerwise,disclosed,k6,displayed_driver_outcome_slope,25,3.0,0.018911175304348438,False
final_input_token_layerwise,disclosed,k6,displayed_driver_outcome_slope,26,3.0,0.019161829525306345,False
final_input_token_layerwise,disclosed,k6,displayed_driver_outcome_slope,27,3.0,0.01783011553815886,False
final_input_token_layerwise,disclosed,k6,displayed_driver_outcome_slope,28,3.0,0.02299305669998128,False
final_input_token_layerwise,disclosed,k6,displayed_driver_outcome_slope,29,0.1,0.06500081981463118,True
final_input_token_layerwise,disclosed,k6,displayed_driver_outcome_slope,30,0.1,0.04981852945845128,False
final_input_token_layerwise,disclosed,k6,displayed_driver_outcome_slope,31,3.0,0.04798193920937682,False
final_input_token_layerwise,disclosed,k6,displayed_driver_outcome_slope,32,3.0,0.04038424724895465,False
final_input_token_layerwise,disclosed,k6,oracle_posterior_gain,0,0.0001,-5.551115123125783e-17,False
final_input_token_layerwise,disclosed,k6,oracle_posterior_gain,1,100.0,-0.00012139703320085404,False
final_input_token_layerwise,disclosed,k6,oracle_posterior_gain,2,100.0,-0.000217894849520478,False
final_input_token_layerwise,disclosed,k6,oracle_posterior_gain,3,100.0,-0.0004651878152638622,False
final_input_token_layerwise,disclosed,k6,oracle_posterior_gain,4,100.0,-0.0002900757720727676,False
final_input_token_layerwise,disclosed,k6,oracle_posterior_gain,5,100.0,-0.00014302935929103033,False
final_input_token_layerwise,disclosed,k6,oracle_posterior_gain,6,100.0,-0.00020213868077412211,False
final_input_token_layerwise,disclosed,k6,oracle_posterior_gain,7,100.0,8.916746021853106e-06,False
final_input_token_layerwise,disclosed,k6,oracle_posterior_gain,8,3.0,0.003315520506892322,False
final_input_token_layerwise,disclosed,k6,oracle_posterior_gain,9,3.0,0.023966425684923326,False
final_input_token_layerwise,disclosed,k6,oracle_posterior_gain,10,3.0,0.007160792954475942,False
final_input_token_layerwise,disclosed,k6,oracle_posterior_gain,11,100.0,-0.0003450186031427882,False
final_input_token_layerwise,disclosed,k6,oracle_posterior_gain,12,0.1,0.027271624419749285,False
final_input_token_layerwise,disclosed,k6,oracle_posterior_gain,13,3.0,0.0019887128855715364,False
final_input_token_layerwise,disclosed,k6,oracle_posterior_gain,14,0.1,0.03119739296825852,False
final_input_token_layerwise,disclosed,k6,oracle_posterior_gain,15,0.1,0.07201649775580793,False
final_input_token_layerwise,disclosed,k6,oracle_posterior_gain,16,3.0,0.06575164624228616,False
final_input_token_layerwise,disclosed,k6,oracle_posterior_gain,17,3.0,0.07096179177520834,False
final_input_token_layerwise,disclosed,k6,oracle_posterior_gain,18,0.1,0.11093165030631838,False
final_input_token_layerwise,disclosed,k6,oracle_posterior_gain,19,0.1,0.06840117611069821,False
final_input_token_layerwise,disclosed,k6,oracle_posterior_gain,20,3.0,0.06419662110366922,False
final_input_token_layerwise,disclosed,k6,oracle_posterior_gain,21,3.0,0.06405485479133866,False
final_input_token_layerwise,disclosed,k6,oracle_posterior_gain,22,3.0,0.05879229293857213,False
final_input_token_layerwise,disclosed,k6,oracle_posterior_gain,23,3.0,0.0641068620706996,False
final_input_token_layerwise,disclosed,k6,oracle_posterior_gain,24,0.1,0.09564467013452885,False
final_input_token_layerwise,disclosed,k6,oracle_posterior_gain,25,0.1,0.10280727477974683,False
final_input_token_layerwise,disclosed,k6,oracle_posterior_gain,26,0.1,0.09421873974426181,False
final_input_token_layerwise,disclosed,k6,oracle_posterior_gain,27,0.1,0.11352979216735651,False
final_input_token_layerwise,disclosed,k6,oracle_posterior_gain,28,0.1,0.17259488249847094,False
final_input_token_layerwise,disclosed,k6,oracle_posterior_gain,29,0.1,0.20496762851878686,True
final_input_token_layerwise,disclosed,k6,oracle_posterior_gain,30,3.0,0.19033762368253004,False
final_input_token_layerwise,disclosed,k6,oracle_posterior_gain,31,3.0,0.18891803636039214,False
final_input_token_layerwise,disclosed,k6,oracle_posterior_gain,32,3.0,0.1950013229240634,False
final_input_token_layerwise,disclosed,k9,gain,0,0.0001,0.0,False
final_input_token_layerwise,disclosed,k9,gain,1,100.0,-0.0001299397690708859,False
final_input_token_layerwise,disclosed,k9,gain,2,100.0,-0.00017653765983091652,False
final_input_token_layerwise,disclosed,k9,gain,3,100.0,-0.0001460729824849516,False
final_input_token_layerwise,disclosed,k9,gain,4,100.0,-0.0003652992923365572,False
final_input_token_layerwise,disclosed,k9,gain,5,100.0,-2.790823876058779e-05,False
final_input_token_layerwise,disclosed,k9,gain,6,100.0,-1.06173119359676e-05,False
final_input_token_layerwise,disclosed,k9,gain,7,100.0,0.0001907913992895971,False
final_input_token_layerwise,disclosed,k9,gain,8,0.1,0.015054092923940166,False
final_input_token_layerwise,disclosed,k9,gain,9,0.1,0.0833457419259904,False
final_input_token_layerwise,disclosed,k9,gain,10,0.1,0.0948339877755974,False
final_input_token_layerwise,disclosed,k9,gain,11,0.1,0.06582227063208662,False
final_input_token_layerwise,disclosed,k9,gain,12,0.1,0.047429267187976465,False
final_input_token_layerwise,disclosed,k9,gain,13,0.1,0.13164311982092403,False
final_input_token_layerwise,disclosed,k9,gain,14,0.1,0.13086878257929946,False
final_input_token_layerwise,disclosed,k9,gain,15,0.1,0.09918016777190844,False
final_input_token_layerwise,disclosed,k9,gain,16,0.1,0.13293820739399975,False
final_input_token_layerwise,disclosed,k9,gain,17,0.1,0.07860766747691669,False
final_input_token_layerwise,disclosed,k9,gain,18,0.1,0.04848714149127831,False
final_input_token_layerwise,disclosed,k9,gain,19,0.1,0.06384721902822615,False
final_input_token_layerwise,disclosed,k9,gain,20,3.0,0.0382539816719599,False
final_input_token_layerwise,disclosed,k9,gain,21,3.0,0.03946058550145484,False
final_input_token_layerwise,disclosed,k9,gain,22,3.0,0.04309987766465179,False
final_input_token_layerwise,disclosed,k9,gain,23,0.1,0.05396120184663045,False
final_input_token_layerwise,disclosed,k9,gain,24,0.1,0.04604705604682177,False
final_input_token_layerwise,disclosed,k9,gain,25,0.1,0.07401679246725601,False
final_input_token_layerwise,disclosed,k9,gain,26,0.1,0.07661104030057234,False
final_input_token_layerwise,disclosed,k9,gain,27,0.1,0.08005614865284649,False
final_input_token_layerwise,disclosed,k9,gain,28,0.1,0.13899122963507002,False
final_input_token_layerwise,disclosed,k9,gain,29,0.1,0.2031096572957311,False
final_input_token_layerwise,disclosed,k9,gain,30,0.1,0.2649266092960387,True
final_input_token_layerwise,disclosed,k9,gain,31,0.1,0.236474989115496,False
final_input_token_layerwise,disclosed,k9,gain,32,3.0,0.24216416397709695,False
final_input_token_layerwise,disclosed,k9,response_residual,0,0.0001,-2.7755575615628914e-17,False
final_input_token_layerwise,disclosed,k9,response_residual,1,100.0,-5.435226417088712e-05,False
final_input_token_layerwise,disclosed,k9,response_residual,2,100.0,2.6831477643624035e-05,False
final_input_token_layerwise,disclosed,k9,response_residual,3,100.0,-0.00022734245862326974,False
final_input_token_layerwise,disclosed,k9,response_residual,4,100.0,-0.00046306375404381317,False
final_input_token_layerwise,disclosed,k9,response_residual,5,100.0,-0.0002931943863282438,False
final_input_token_layerwise,disclosed,k9,response_residual,6,100.0,-0.00013761156877006853,False
final_input_token_layerwise,disclosed,k9,response_residual,7,100.0,1.6747995154303696e-05,False
final_input_token_layerwise,disclosed,k9,response_residual,8,100.0,-0.00016994279949766877,False
final_input_token_layerwise,disclosed,k9,response_residual,9,100.0,0.00019783137038831278,False
final_input_token_layerwise,disclosed,k9,response_residual,10,100.0,6.740641617120069e-05,False
final_input_token_layerwise,disclosed,k9,response_residual,11,100.0,-5.1393083722317545e-05,False
final_input_token_layerwise,disclosed,k9,response_residual,12,100.0,-3.307150250311808e-05,False
final_input_token_layerwise,disclosed,k9,response_residual,13,3.0,0.0019302844408452258,False
final_input_token_layerwise,disclosed,k9,response_residual,14,3.0,0.013222184033070628,False
final_input_token_layerwise,disclosed,k9,response_residual,15,3.0,0.009315950591474165,False
final_input_token_layerwise,disclosed,k9,response_residual,16,3.0,0.030981230067898602,False
final_input_token_layerwise,disclosed,k9,response_residual,17,3.0,0.0075115112309969145,False
final_input_token_layerwise,disclosed,k9,response_residual,18,3.0,0.014036753985115918,False
final_input_token_layerwise,disclosed,k9,response_residual,19,3.0,0.017908463190337204,False
final_input_token_layerwise,disclosed,k9,response_residual,20,3.0,0.01576831408496776,False
final_input_token_layerwise,disclosed,k9,response_residual,21,3.0,0.01642340878750423,False
final_input_token_layerwise,disclosed,k9,response_residual,22,3.0,0.02271966296871064,False
final_input_token_layerwise,disclosed,k9,response_residual,23,3.0,0.022112253013462202,False
final_input_token_layerwise,disclosed,k9,response_residual,24,3.0,0.019434365770283152,False
final_input_token_layerwise,disclosed,k9,response_residual,25,3.0,0.02189454566513127,False
final_input_token_layerwise,disclosed,k9,response_residual,26,3.0,0.02388251501237232,False
final_input_token_layerwise,disclosed,k9,response_residual,27,0.1,0.032350332843423035,False
final_input_token_layerwise,disclosed,k9,response_residual,28,0.1,0.08146753955629096,False
final_input_token_layerwise,disclosed,k9,response_residual,29,0.1,0.1632616498708579,False
final_input_token_layerwise,disclosed,k9,response_residual,30,0.1,0.21406326320988395,True
final_input_token_layerwise,disclosed,k9,response_residual,31,0.1,0.19646535775836246,False
final_input_token_layerwise,disclosed,k9,response_residual,32,0.1,0.18747468585983887,False
final_input_token_layerwise,disclosed,k9,last_target_observation,0,0.0001,1.3877787807814457e-16,False
final_input_token_layerwise,disclosed,k9,last_target_observation,1,3.0,0.006504005189686107,False
final_input_token_layerwise,disclosed,k9,last_target_observation,2,0.1,0.018074970700514698,False
final_input_token_layerwise,disclosed,k9,last_target_observation,3,3.0,0.048850902653846284,False
final_input_token_layerwise,disclosed,k9,last_target_observation,4,3.0,0.053908996220842,False
final_input_token_layerwise,disclosed,k9,last_target_observation,5,3.0,0.03704258727170365,False
final_input_token_layerwise,disclosed,k9,last_target_observation,6,3.0,0.02346941801521829,False
final_input_token_layerwise,disclosed,k9,last_target_observation,7,3.0,0.019602169839608413,False
final_input_token_layerwise,disclosed,k9,last_target_observation,8,3.0,0.008084342060681454,False
final_input_token_layerwise,disclosed,k9,last_target_observation,9,3.0,0.007365431677798934,False
final_input_token_layerwise,disclosed,k9,last_target_observation,10,3.0,0.02843797674088358,False
final_input_token_layerwise,disclosed,k9,last_target_observation,11,3.0,0.023920239568900353,False
final_input_token_layerwise,disclosed,k9,last_target_observation,12,3.0,0.011758586546199712,False
final_input_token_layerwise,disclosed,k9,last_target_observation,13,3.0,0.014999181749062923,False
final_input_token_layerwise,disclosed,k9,last_target_observation,14,3.0,0.016482341926265576,False
final_input_token_layerwise,disclosed,k9,last_target_observation,15,3.0,0.038884176498210354,False
final_input_token_layerwise,disclosed,k9,last_target_observation,16,3.0,0.05026192268058935,False
final_input_token_layerwise,disclosed,k9,last_target_observation,17,3.0,0.05393149758223281,False
final_input_token_layerwise,disclosed,k9,last_target_observation,18,3.0,0.05839308206553556,False
final_input_token_layerwise,disclosed,k9,last_target_observation,19,3.0,0.04735934926107033,False
final_input_token_layerwise,disclosed,k9,last_target_observation,20,3.0,0.03943235844506052,False
final_input_token_layerwise,disclosed,k9,last_target_observation,21,3.0,0.024592839381385817,False
final_input_token_layerwise,disclosed,k9,last_target_observation,22,3.0,0.03134423615727683,False
final_input_token_layerwise,disclosed,k9,last_target_observation,23,3.0,0.021173229115683728,False
final_input_token_layerwise,disclosed,k9,last_target_observation,24,3.0,0.021517902642172487,False
final_input_token_layerwise,disclosed,k9,last_target_observation,25,3.0,0.020899509877317424,False
final_input_token_layerwise,disclosed,k9,last_target_observation,26,3.0,0.018501974808213834,False
final_input_token_layerwise,disclosed,k9,last_target_observation,27,3.0,0.018603504600939985,False
final_input_token_layerwise,disclosed,k9,last_target_observation,28,3.0,0.0172077447886968,False
final_input_token_layerwise,disclosed,k9,last_target_observation,29,3.0,0.07713065673027494,False
final_input_token_layerwise,disclosed,k9,last_target_observation,30,3.0,0.08109040300159479,True
final_input_token_layerwise,disclosed,k9,last_target_observation,31,3.0,0.0731882796678148,False
final_input_token_layerwise,disclosed,k9,last_target_observation,32,3.0,0.06962007255738925,False
final_input_token_layerwise,disclosed,k9,target_observation_mean,0,0.0001,3.885780586188048e-16,False
final_input_token_layerwise,disclosed,k9,target_observation_mean,1,3.0,0.014827497998281147,False
final_input_token_layerwise,disclosed,k9,target_observation_mean,2,3.0,0.04008180397827307,False
final_input_token_layerwise,disclosed,k9,target_observation_mean,3,3.0,0.019270611634538276,False
final_input_token_layerwise,disclosed,k9,target_observation_mean,4,3.0,0.008305769115281136,False
final_input_token_layerwise,disclosed,k9,target_observation_mean,5,3.0,0.005310537938580578,False
final_input_token_layerwise,disclosed,k9,target_observation_mean,6,3.0,0.013308101463800737,False
final_input_token_layerwise,disclosed,k9,target_observation_mean,7,3.0,0.004435536911771121,False
final_input_token_layerwise,disclosed,k9,target_observation_mean,8,100.0,0.00011349081793712856,False
final_input_token_layerwise,disclosed,k9,target_observation_mean,9,3.0,0.020110912259948543,False
final_input_token_layerwise,disclosed,k9,target_observation_mean,10,100.0,-2.0336851519392463e-05,False
final_input_token_layerwise,disclosed,k9,target_observation_mean,11,100.0,-2.8950305561242784e-05,False
final_input_token_layerwise,disclosed,k9,target_observation_mean,12,3.0,0.01317895931583013,False
final_input_token_layerwise,disclosed,k9,target_observation_mean,13,100.0,-1.4225834356867972e-05,False
final_input_token_layerwise,disclosed,k9,target_observation_mean,14,3.0,0.00476325989583129,False
final_input_token_layerwise,disclosed,k9,target_observation_mean,15,3.0,0.01192285808108437,False
final_input_token_layerwise,disclosed,k9,target_observation_mean,16,3.0,0.05948745302020775,False
final_input_token_layerwise,disclosed,k9,target_observation_mean,17,3.0,0.047858707523749155,False
final_input_token_layerwise,disclosed,k9,target_observation_mean,18,3.0,0.05638464009290106,False
final_input_token_layerwise,disclosed,k9,target_observation_mean,19,3.0,0.057156273180733935,False
final_input_token_layerwise,disclosed,k9,target_observation_mean,20,3.0,0.05608887691506187,False
final_input_token_layerwise,disclosed,k9,target_observation_mean,21,3.0,0.05508114188713226,False
final_input_token_layerwise,disclosed,k9,target_observation_mean,22,3.0,0.05554747788160119,False
final_input_token_layerwise,disclosed,k9,target_observation_mean,23,3.0,0.05723918201904599,False
final_input_token_layerwise,disclosed,k9,target_observation_mean,24,3.0,0.06695915836607758,False
final_input_token_layerwise,disclosed,k9,target_observation_mean,25,0.1,0.07473292412573271,False
final_input_token_layerwise,disclosed,k9,target_observation_mean,26,3.0,0.06866379224795643,False
final_input_token_layerwise,disclosed,k9,target_observation_mean,27,0.1,0.09200297207324329,False
final_input_token_layerwise,disclosed,k9,target_observation_mean,28,0.1,0.18686312033861596,False
final_input_token_layerwise,disclosed,k9,target_observation_mean,29,0.1,0.2866299428829337,False
final_input_token_layerwise,disclosed,k9,target_observation_mean,30,0.1,0.3229869205104876,False
final_input_token_layerwise,disclosed,k9,target_observation_mean,31,3.0,0.32292214821480525,False
final_input_token_layerwise,disclosed,k9,target_observation_mean,32,3.0,0.3350633785202206,True
final_input_token_layerwise,disclosed,k9,target_time_slope,0,0.0001,0.0,False
final_input_token_layerwise,disclosed,k9,target_time_slope,1,100.0,0.00017779276124710308,False
final_input_token_layerwise,disclosed,k9,target_time_slope,2,100.0,-0.00043843369568613566,False
final_input_token_layerwise,disclosed,k9,target_time_slope,3,3.0,0.016188496669590463,False
final_input_token_layerwise,disclosed,k9,target_time_slope,4,3.0,0.013972969980861782,False
final_input_token_layerwise,disclosed,k9,target_time_slope,5,3.0,0.008966138357082598,False
final_input_token_layerwise,disclosed,k9,target_time_slope,6,3.0,0.008430113615403384,False
final_input_token_layerwise,disclosed,k9,target_time_slope,7,3.0,0.008330548743262195,False
final_input_token_layerwise,disclosed,k9,target_time_slope,8,3.0,0.00782995289734198,False
final_input_token_layerwise,disclosed,k9,target_time_slope,9,3.0,0.023670871024483897,False
final_input_token_layerwise,disclosed,k9,target_time_slope,10,3.0,0.02395760439084224,False
final_input_token_layerwise,disclosed,k9,target_time_slope,11,3.0,0.044886602445534995,False
final_input_token_layerwise,disclosed,k9,target_time_slope,12,3.0,0.04683638006649679,False
final_input_token_layerwise,disclosed,k9,target_time_slope,13,3.0,0.0422503113366641,False
final_input_token_layerwise,disclosed,k9,target_time_slope,14,3.0,0.03380931995660208,False
final_input_token_layerwise,disclosed,k9,target_time_slope,15,3.0,0.052187277314600405,False
final_input_token_layerwise,disclosed,k9,target_time_slope,16,3.0,0.08846874568393967,True
final_input_token_layerwise,disclosed,k9,target_time_slope,17,3.0,0.07520640903455061,False
final_input_token_layerwise,disclosed,k9,target_time_slope,18,3.0,0.08048725582152702,False
final_input_token_layerwise,disclosed,k9,target_time_slope,19,3.0,0.0791229927596303,False
final_input_token_layerwise,disclosed,k9,target_time_slope,20,3.0,0.07682075531154789,False
final_input_token_layerwise,disclosed,k9,target_time_slope,21,3.0,0.06403404665279974,False
final_input_token_layerwise,disclosed,k9,target_time_slope,22,3.0,0.06620317524770908,False
final_input_token_layerwise,disclosed,k9,target_time_slope,23,3.0,0.06747107321900356,False
final_input_token_layerwise,disclosed,k9,target_time_slope,24,3.0,0.06395359068685588,False
final_input_token_layerwise,disclosed,k9,target_time_slope,25,3.0,0.061262168000153716,False
final_input_token_layerwise,disclosed,k9,target_time_slope,26,3.0,0.06093081742405365,False
final_input_token_layerwise,disclosed,k9,target_time_slope,27,3.0,0.06006611388273422,False
final_input_token_layerwise,disclosed,k9,target_time_slope,28,3.0,0.05489214372319157,False
final_input_token_layerwise,disclosed,k9,target_time_slope,29,3.0,0.049803877295508364,False
final_input_token_layerwise,disclosed,k9,target_time_slope,30,3.0,0.03362256271587977,False
final_input_token_layerwise,disclosed,k9,target_time_slope,31,3.0,0.03248526688893691,False
final_input_token_layerwise,disclosed,k9,target_time_slope,32,3.0,0.030380350000453277,False
final_input_token_layerwise,disclosed,k9,displayed_driver_outcome_slope,0,0.0001,-1.1102230246251565e-16,False
final_input_token_layerwise,disclosed,k9,displayed_driver_outcome_slope,1,3.0,0.003993872725542497,False
final_input_token_layerwise,disclosed,k9,displayed_driver_outcome_slope,2,3.0,0.028442811851762534,False
final_input_token_layerwise,disclosed,k9,displayed_driver_outcome_slope,3,3.0,0.0006884099296587676,False
final_input_token_layerwise,disclosed,k9,displayed_driver_outcome_slope,4,3.0,0.0016258337993236005,False
final_input_token_layerwise,disclosed,k9,displayed_driver_outcome_slope,5,100.0,0.00016097597723524482,False
final_input_token_layerwise,disclosed,k9,displayed_driver_outcome_slope,6,3.0,0.003456066458923157,False
final_input_token_layerwise,disclosed,k9,displayed_driver_outcome_slope,7,3.0,0.004542474899107085,False
final_input_token_layerwise,disclosed,k9,displayed_driver_outcome_slope,8,100.0,-9.778505720081654e-05,False
final_input_token_layerwise,disclosed,k9,displayed_driver_outcome_slope,9,100.0,-0.00043356435096131296,False
final_input_token_layerwise,disclosed,k9,displayed_driver_outcome_slope,10,100.0,-0.0011007702478086356,False
final_input_token_layerwise,disclosed,k9,displayed_driver_outcome_slope,11,100.0,-0.00043915462879767775,False
final_input_token_layerwise,disclosed,k9,displayed_driver_outcome_slope,12,100.0,-0.0007235753835065917,False
final_input_token_layerwise,disclosed,k9,displayed_driver_outcome_slope,13,100.0,-0.001490810626992134,False
final_input_token_layerwise,disclosed,k9,displayed_driver_outcome_slope,14,100.0,-0.0008776505920445321,False
final_input_token_layerwise,disclosed,k9,displayed_driver_outcome_slope,15,3.0,0.007521055012629618,False
final_input_token_layerwise,disclosed,k9,displayed_driver_outcome_slope,16,0.1,0.03955245703247309,False
final_input_token_layerwise,disclosed,k9,displayed_driver_outcome_slope,17,0.1,0.022992322574479113,False
final_input_token_layerwise,disclosed,k9,displayed_driver_outcome_slope,18,0.1,0.07811060298790434,False
final_input_token_layerwise,disclosed,k9,displayed_driver_outcome_slope,19,3.0,0.021589231181609048,False
final_input_token_layerwise,disclosed,k9,displayed_driver_outcome_slope,20,0.1,0.06974406541953565,False
final_input_token_layerwise,disclosed,k9,displayed_driver_outcome_slope,21,0.1,0.036874621254492035,False
final_input_token_layerwise,disclosed,k9,displayed_driver_outcome_slope,22,0.1,0.04547004660771037,False
final_input_token_layerwise,disclosed,k9,displayed_driver_outcome_slope,23,0.1,0.07171354335765548,False
final_input_token_layerwise,disclosed,k9,displayed_driver_outcome_slope,24,0.1,0.06045848271104176,False
final_input_token_layerwise,disclosed,k9,displayed_driver_outcome_slope,25,0.1,0.05875168784736323,False
final_input_token_layerwise,disclosed,k9,displayed_driver_outcome_slope,26,0.1,0.0282726096099718,False
final_input_token_layerwise,disclosed,k9,displayed_driver_outcome_slope,27,0.1,0.09569951728134579,False
final_input_token_layerwise,disclosed,k9,displayed_driver_outcome_slope,28,0.1,0.17890842049679473,False
final_input_token_layerwise,disclosed,k9,displayed_driver_outcome_slope,29,0.1,0.19160989399097345,True
final_input_token_layerwise,disclosed,k9,displayed_driver_outcome_slope,30,0.1,0.1802243802482713,False
final_input_token_layerwise,disclosed,k9,displayed_driver_outcome_slope,31,0.1,0.1776344037104351,False
final_input_token_layerwise,disclosed,k9,displayed_driver_outcome_slope,32,0.1,0.17895643584282298,False
final_input_token_layerwise,disclosed,k9,oracle_posterior_gain,0,0.0001,0.0,False
final_input_token_layerwise,disclosed,k9,oracle_posterior_gain,1,100.0,-0.0002220085996476051,False
final_input_token_layerwise,disclosed,k9,oracle_posterior_gain,2,100.0,-0.00011417803274843541,False
final_input_token_layerwise,disclosed,k9,oracle_posterior_gain,3,3.0,0.0012808246950161417,False
final_input_token_layerwise,disclosed,k9,oracle_posterior_gain,4,100.0,-1.5679984080363418e-05,False
final_input_token_layerwise,disclosed,k9,oracle_posterior_gain,5,100.0,4.0699662502002854e-05,False
final_input_token_layerwise,disclosed,k9,oracle_posterior_gain,6,100.0,0.0001432685785198451,False
final_input_token_layerwise,disclosed,k9,oracle_posterior_gain,7,3.0,0.0029453929695018033,False
final_input_token_layerwise,disclosed,k9,oracle_posterior_gain,8,100.0,-8.673643781292872e-05,False
final_input_token_layerwise,disclosed,k9,oracle_posterior_gain,9,100.0,-0.000366029555640246,False
final_input_token_layerwise,disclosed,k9,oracle_posterior_gain,10,100.0,-0.0007657751623390829,False
final_input_token_layerwise,disclosed,k9,oracle_posterior_gain,11,100.0,-0.0004771258837382164,False
final_input_token_layerwise,disclosed,k9,oracle_posterior_gain,12,100.0,-0.0005022678209432863,False
final_input_token_layerwise,disclosed,k9,oracle_posterior_gain,13,3.0,0.0098804214914405,False
final_input_token_layerwise,disclosed,k9,oracle_posterior_gain,14,3.0,0.03181989816686956,False
final_input_token_layerwise,disclosed,k9,oracle_posterior_gain,15,0.1,0.06337653105042276,False
final_input_token_layerwise,disclosed,k9,oracle_posterior_gain,16,0.1,0.19999349483239875,False
final_input_token_layerwise,disclosed,k9,oracle_posterior_gain,17,0.1,0.17603277478107998,False
final_input_token_layerwise,disclosed,k9,oracle_posterior_gain,18,0.1,0.12072528665534529,False
final_input_token_layerwise,disclosed,k9,oracle_posterior_gain,19,0.1,0.15376167679148742,False
final_input_token_layerwise,disclosed,k9,oracle_posterior_gain,20,0.1,0.1551412338147021,False
final_input_token_layerwise,disclosed,k9,oracle_posterior_gain,21,0.1,0.12977027252477225,False
final_input_token_layerwise,disclosed,k9,oracle_posterior_gain,22,0.1,0.17191071991703838,False
final_input_token_layerwise,disclosed,k9,oracle_posterior_gain,23,0.1,0.1512552012642023,False
final_input_token_layerwise,disclosed,k9,oracle_posterior_gain,24,0.1,0.13425965889303276,False
final_input_token_layerwise,disclosed,k9,oracle_posterior_gain,25,0.1,0.15247299726316338,False
final_input_token_layerwise,disclosed,k9,oracle_posterior_gain,26,0.1,0.15697248490353288,False
final_input_token_layerwise,disclosed,k9,oracle_posterior_gain,27,0.1,0.18129216115305186,False
final_input_token_layerwise,disclosed,k9,oracle_posterior_gain,28,0.1,0.246855861555826,False
final_input_token_layerwise,disclosed,k9,oracle_posterior_gain,29,0.1,0.2881000857485017,False
final_input_token_layerwise,disclosed,k9,oracle_posterior_gain,30,0.1,0.36359451382511027,False
final_input_token_layerwise,disclosed,k9,oracle_posterior_gain,31,0.1,0.36747551367521947,False
final_input_token_layerwise,disclosed,k9,oracle_posterior_gain,32,0.1,0.38041926542544,True
final_input_token_layerwise,disclosed,pooled,gain,0,0.0001,0.0,False
final_input_token_layerwise,disclosed,pooled,gain,1,100.0,-0.002906172349629708,False
final_input_token_layerwise,disclosed,pooled,gain,2,100.0,-0.0009780622379614394,False
final_input_token_layerwise,disclosed,pooled,gain,3,100.0,-0.0067831886913655715,False
final_input_token_layerwise,disclosed,pooled,gain,4,100.0,-0.007226456541060984,False
final_input_token_layerwise,disclosed,pooled,gain,5,100.0,-0.003420378531108039,False
final_input_token_layerwise,disclosed,pooled,gain,6,100.0,-0.0028781430388384135,False
final_input_token_layerwise,disclosed,pooled,gain,7,100.0,-0.0016985041862552137,False
final_input_token_layerwise,disclosed,pooled,gain,8,100.0,-0.004795048026860686,False
final_input_token_layerwise,disclosed,pooled,gain,9,3.0,0.007884684143173079,False
final_input_token_layerwise,disclosed,pooled,gain,10,3.0,0.004599239284246631,False
final_input_token_layerwise,disclosed,pooled,gain,11,3.0,0.035184428939428775,False
final_input_token_layerwise,disclosed,pooled,gain,12,3.0,0.03830621952784921,False
final_input_token_layerwise,disclosed,pooled,gain,13,0.1,0.08265504638503145,False
final_input_token_layerwise,disclosed,pooled,gain,14,3.0,0.05683101221129531,False
final_input_token_layerwise,disclosed,pooled,gain,15,3.0,0.04368662231372505,False
final_input_token_layerwise,disclosed,pooled,gain,16,3.0,0.05955035164682756,False
final_input_token_layerwise,disclosed,pooled,gain,17,3.0,0.038854261627162,False
final_input_token_layerwise,disclosed,pooled,gain,18,3.0,0.03575636568067609,False
final_input_token_layerwise,disclosed,pooled,gain,19,3.0,0.04331848245581448,False
final_input_token_layerwise,disclosed,pooled,gain,20,3.0,0.04212404692686265,False
final_input_token_layerwise,disclosed,pooled,gain,21,3.0,0.032036943799712815,False
final_input_token_layerwise,disclosed,pooled,gain,22,3.0,0.04232455086062948,False
final_input_token_layerwise,disclosed,pooled,gain,23,3.0,0.05134644136637053,False
final_input_token_layerwise,disclosed,pooled,gain,24,3.0,0.055899214967419474,False
final_input_token_layerwise,disclosed,pooled,gain,25,3.0,0.05297100015228564,False
final_input_token_layerwise,disclosed,pooled,gain,26,3.0,0.0567001209856513,False
final_input_token_layerwise,disclosed,pooled,gain,27,3.0,0.07030148320254255,False
final_input_token_layerwise,disclosed,pooled,gain,28,3.0,0.09749699223467095,False
final_input_token_layerwise,disclosed,pooled,gain,29,3.0,0.16174642939658737,False
final_input_token_layerwise,disclosed,pooled,gain,30,3.0,0.1779986910009257,True
final_input_token_layerwise,disclosed,pooled,gain,31,3.0,0.167704768061804,False
final_input_token_layerwise,disclosed,pooled,gain,32,3.0,0.16964550356080968,False
final_input_token_layerwise,disclosed,pooled,response_residual,0,0.0001,-2.7755575615628914e-17,False
final_input_token_layerwise,disclosed,pooled,response_residual,1,100.0,-0.0021584947667557808,False
final_input_token_layerwise,disclosed,pooled,response_residual,2,100.0,-0.0007941039317257148,False
final_input_token_layerwise,disclosed,pooled,response_residual,3,100.0,-0.006189780239422293,False
final_input_token_layerwise,disclosed,pooled,response_residual,4,100.0,-0.0071882200337961555,False
final_input_token_layerwise,disclosed,pooled,response_residual,5,100.0,-0.00424312726123129,False
final_input_token_layerwise,disclosed,pooled,response_residual,6,100.0,-0.003901041633231415,False
final_input_token_layerwise,disclosed,pooled,response_residual,7,100.0,-0.0034676577321500943,False
final_input_token_layerwise,disclosed,pooled,response_residual,8,100.0,-0.0076154063557278455,False
final_input_token_layerwise,disclosed,pooled,response_residual,9,100.0,-0.0008431001295779172,False
final_input_token_layerwise,disclosed,pooled,response_residual,10,100.0,-0.00359254863190811,False
final_input_token_layerwise,disclosed,pooled,response_residual,11,100.0,-0.0031040413262071556,False
final_input_token_layerwise,disclosed,pooled,response_residual,12,100.0,-0.0013994999362036593,False
final_input_token_layerwise,disclosed,pooled,response_residual,13,100.0,-0.000709554793311723,False
final_input_token_layerwise,disclosed,pooled,response_residual,14,100.0,0.0017642506436922611,False
final_input_token_layerwise,disclosed,pooled,response_residual,15,100.0,0.0009852037710834927,False
final_input_token_layerwise,disclosed,pooled,response_residual,16,100.0,0.005897548882493507,False
final_input_token_layerwise,disclosed,pooled,response_residual,17,100.0,0.0013903276769405282,False
final_input_token_layerwise,disclosed,pooled,response_residual,18,100.0,0.0006395976424228474,False
final_input_token_layerwise,disclosed,pooled,response_residual,19,100.0,0.0017401353581277164,False
final_input_token_layerwise,disclosed,pooled,response_residual,20,100.0,0.00129031115133163,False
final_input_token_layerwise,disclosed,pooled,response_residual,21,100.0,0.0010927096041121465,False
final_input_token_layerwise,disclosed,pooled,response_residual,22,100.0,0.0018159375975932979,False
final_input_token_layerwise,disclosed,pooled,response_residual,23,100.0,0.001856759405542363,False
final_input_token_layerwise,disclosed,pooled,response_residual,24,100.0,0.002176145082262465,False
final_input_token_layerwise,disclosed,pooled,response_residual,25,100.0,0.0015935244104663682,False
final_input_token_layerwise,disclosed,pooled,response_residual,26,100.0,0.0020619954717434608,False
final_input_token_layerwise,disclosed,pooled,response_residual,27,3.0,0.027441841602173066,False
final_input_token_layerwise,disclosed,pooled,response_residual,28,3.0,0.04712301891412277,False
final_input_token_layerwise,disclosed,pooled,response_residual,29,3.0,0.09294596603337119,False
final_input_token_layerwise,disclosed,pooled,response_residual,30,3.0,0.11709057627489998,True
final_input_token_layerwise,disclosed,pooled,response_residual,31,3.0,0.1068403310701294,False
final_input_token_layerwise,disclosed,pooled,response_residual,32,3.0,0.09967726965350472,False
final_input_token_layerwise,undisclosed,k3,gain,0,0.0001,0.0,False
final_input_token_layerwise,undisclosed,k3,gain,1,100.0,-0.00010005892803233163,False
final_input_token_layerwise,undisclosed,k3,gain,2,3.0,0.003319822590542143,False
final_input_token_layerwise,undisclosed,k3,gain,3,100.0,-0.0002772841218021682,False
final_input_token_layerwise,undisclosed,k3,gain,4,100.0,-0.00020967974363500508,False
final_input_token_layerwise,undisclosed,k3,gain,5,100.0,-0.00043380724451363983,False
final_input_token_layerwise,undisclosed,k3,gain,6,100.0,-0.00013729011125612756,False
final_input_token_layerwise,undisclosed,k3,gain,7,100.0,-0.0001405294269478108,False
final_input_token_layerwise,undisclosed,k3,gain,8,100.0,-0.00014695607135023492,False
final_input_token_layerwise,undisclosed,k3,gain,9,3.0,0.005783334239586352,False
final_input_token_layerwise,undisclosed,k3,gain,10,3.0,0.0046374140912506245,False
final_input_token_layerwise,undisclosed,k3,gain,11,0.1,0.027595449852806014,False
final_input_token_layerwise,undisclosed,k3,gain,12,3.0,0.017459622136299313,False
final_input_token_layerwise,undisclosed,k3,gain,13,3.0,0.009656626809175117,False
final_input_token_layerwise,undisclosed,k3,gain,14,3.0,0.012915393333026881,False
final_input_token_layerwise,undisclosed,k3,gain,15,0.1,0.14684333455168433,True
final_input_token_layerwise,undisclosed,k3,gain,16,3.0,0.07864396889459083,False
final_input_token_layerwise,undisclosed,k3,gain,17,3.0,0.07180481153200446,False
final_input_token_layerwise,undisclosed,k3,gain,18,3.0,0.05874878921118318,False
final_input_token_layerwise,undisclosed,k3,gain,19,3.0,0.05682047405745558,False
final_input_token_layerwise,undisclosed,k3,gain,20,3.0,0.05181763581510776,False
final_input_token_layerwise,undisclosed,k3,gain,21,3.0,0.042955756844881954,False
final_input_token_layerwise,undisclosed,k3,gain,22,3.0,0.04599490383695479,False
final_input_token_layerwise,undisclosed,k3,gain,23,3.0,0.04722432717755323,False
final_input_token_layerwise,undisclosed,k3,gain,24,3.0,0.04411466553545337,False
final_input_token_layerwise,undisclosed,k3,gain,25,3.0,0.04282191937224139,False
final_input_token_layerwise,undisclosed,k3,gain,26,3.0,0.044158743906968334,False
final_input_token_layerwise,undisclosed,k3,gain,27,3.0,0.04626960994202739,False
final_input_token_layerwise,undisclosed,k3,gain,28,3.0,0.050662477202647244,False
final_input_token_layerwise,undisclosed,k3,gain,29,3.0,0.060858524720196566,False
final_input_token_layerwise,undisclosed,k3,gain,30,3.0,0.09130112860418821,False
final_input_token_layerwise,undisclosed,k3,gain,31,3.0,0.09139114837418433,False
final_input_token_layerwise,undisclosed,k3,gain,32,3.0,0.09910217613134029,False
final_input_token_layerwise,undisclosed,k3,response_residual,0,0.0001,-2.7755575615628914e-17,False
final_input_token_layerwise,undisclosed,k3,response_residual,1,100.0,-0.00010099165464186322,False
final_input_token_layerwise,undisclosed,k3,response_residual,2,3.0,0.0009478986866459371,False
final_input_token_layerwise,undisclosed,k3,response_residual,3,100.0,-0.0003226547973715632,False
final_input_token_layerwise,undisclosed,k3,response_residual,4,100.0,-0.0003444498042438071,False
final_input_token_layerwise,undisclosed,k3,response_residual,5,100.0,-0.00031182392690223826,False
final_input_token_layerwise,undisclosed,k3,response_residual,6,3.0,0.00011215273292866645,False
final_input_token_layerwise,undisclosed,k3,response_residual,7,100.0,0.00012411611981039128,False
final_input_token_layerwise,undisclosed,k3,response_residual,8,100.0,-0.00026241984771319116,False
final_input_token_layerwise,undisclosed,k3,response_residual,9,100.0,-0.0001969618961333297,False
final_input_token_layerwise,undisclosed,k3,response_residual,10,100.0,-0.00042578643657942283,False
final_input_token_layerwise,undisclosed,k3,response_residual,11,3.0,0.0003089040789642783,False
final_input_token_layerwise,undisclosed,k3,response_residual,12,3.0,0.0008577625368608455,False
final_input_token_layerwise,undisclosed,k3,response_residual,13,100.0,-1.755493622568327e-05,False
final_input_token_layerwise,undisclosed,k3,response_residual,14,100.0,5.8559299439570056e-05,False
final_input_token_layerwise,undisclosed,k3,response_residual,15,3.0,0.03844888632460636,False
final_input_token_layerwise,undisclosed,k3,response_residual,16,3.0,0.019348399459490212,False
final_input_token_layerwise,undisclosed,k3,response_residual,17,3.0,0.030921866046729557,False
final_input_token_layerwise,undisclosed,k3,response_residual,18,3.0,0.017387694359989936,False
final_input_token_layerwise,undisclosed,k3,response_residual,19,3.0,0.010849039141301614,False
final_input_token_layerwise,undisclosed,k3,response_residual,20,3.0,0.007473455537624379,False
final_input_token_layerwise,undisclosed,k3,response_residual,21,3.0,0.002628715518614072,False
final_input_token_layerwise,undisclosed,k3,response_residual,22,3.0,0.005397635176581622,False
final_input_token_layerwise,undisclosed,k3,response_residual,23,3.0,0.00634212080265939,False
final_input_token_layerwise,undisclosed,k3,response_residual,24,3.0,0.004547893936136166,False
final_input_token_layerwise,undisclosed,k3,response_residual,25,100.0,0.0016554721783656468,False
final_input_token_layerwise,undisclosed,k3,response_residual,26,100.0,0.0018127143525956124,False
final_input_token_layerwise,undisclosed,k3,response_residual,27,3.0,0.005242848909797759,False
final_input_token_layerwise,undisclosed,k3,response_residual,28,3.0,0.009287971757239943,False
final_input_token_layerwise,undisclosed,k3,response_residual,29,3.0,0.035625684148506614,False
final_input_token_layerwise,undisclosed,k3,response_residual,30,3.0,0.06408774922973354,False
final_input_token_layerwise,undisclosed,k3,response_residual,31,3.0,0.0652465182824212,False
final_input_token_layerwise,undisclosed,k3,response_residual,32,3.0,0.06984867990093424,True
final_input_token_layerwise,undisclosed,k3,last_target_observation,0,0.0001,-8.326672684688674e-17,False
final_input_token_layerwise,undisclosed,k3,last_target_observation,1,0.1,0.19794621197681345,False
final_input_token_layerwise,undisclosed,k3,last_target_observation,2,0.1,0.12859451229117905,False
final_input_token_layerwise,undisclosed,k3,last_target_observation,3,0.1,0.10295867951349588,False
final_input_token_layerwise,undisclosed,k3,last_target_observation,4,0.1,0.07595719362218603,False
final_input_token_layerwise,undisclosed,k3,last_target_observation,5,3.0,0.024347701329378107,False
final_input_token_layerwise,undisclosed,k3,last_target_observation,6,0.1,0.046450300869790906,False
final_input_token_layerwise,undisclosed,k3,last_target_observation,7,3.0,0.036789551514286006,False
final_input_token_layerwise,undisclosed,k3,last_target_observation,8,0.1,0.11441939250977523,False
final_input_token_layerwise,undisclosed,k3,last_target_observation,9,0.1,0.3860520471947283,True
final_input_token_layerwise,undisclosed,k3,last_target_observation,10,0.1,0.2559353849572365,False
final_input_token_layerwise,undisclosed,k3,last_target_observation,11,0.1,0.2996430577724293,False
final_input_token_layerwise,undisclosed,k3,last_target_observation,12,0.1,0.27161794289160207,False
final_input_token_layerwise,undisclosed,k3,last_target_observation,13,0.1,0.20721047211737317,False
final_input_token_layerwise,undisclosed,k3,last_target_observation,14,0.1,0.1881668416900238,False
final_input_token_layerwise,undisclosed,k3,last_target_observation,15,0.1,0.23717101079505393,False
final_input_token_layerwise,undisclosed,k3,last_target_observation,16,3.0,0.244364879604351,False
final_input_token_layerwise,undisclosed,k3,last_target_observation,17,3.0,0.19557221278505507,False
final_input_token_layerwise,undisclosed,k3,last_target_observation,18,3.0,0.19522795518868966,False
final_input_token_layerwise,undisclosed,k3,last_target_observation,19,0.1,0.22374436434417008,False
final_input_token_layerwise,undisclosed,k3,last_target_observation,20,0.1,0.20963174560807088,False
final_input_token_layerwise,undisclosed,k3,last_target_observation,21,0.1,0.17577142193608236,False
final_input_token_layerwise,undisclosed,k3,last_target_observation,22,3.0,0.16572520116822131,False
final_input_token_layerwise,undisclosed,k3,last_target_observation,23,3.0,0.16061414492373582,False
final_input_token_layerwise,undisclosed,k3,last_target_observation,24,3.0,0.15863204882216106,False
final_input_token_layerwise,undisclosed,k3,last_target_observation,25,3.0,0.15828272270710544,False
final_input_token_layerwise,undisclosed,k3,last_target_observation,26,3.0,0.15062704582333866,False
final_input_token_layerwise,undisclosed,k3,last_target_observation,27,3.0,0.15674884215014168,False
final_input_token_layerwise,undisclosed,k3,last_target_observation,28,3.0,0.15384179997367498,False
final_input_token_layerwise,undisclosed,k3,last_target_observation,29,3.0,0.15306113935570795,False
final_input_token_layerwise,undisclosed,k3,last_target_observation,30,0.1,0.1833994615094794,False
final_input_token_layerwise,undisclosed,k3,last_target_observation,31,0.1,0.19707943969570385,False
final_input_token_layerwise,undisclosed,k3,last_target_observation,32,0.1,0.20616602152980304,False
final_input_token_layerwise,undisclosed,k3,target_observation_mean,0,0.0001,5.551115123125783e-17,False
final_input_token_layerwise,undisclosed,k3,target_observation_mean,1,3.0,0.1384818527628374,False
final_input_token_layerwise,undisclosed,k3,target_observation_mean,2,3.0,0.0804698062890894,False
final_input_token_layerwise,undisclosed,k3,target_observation_mean,3,3.0,0.039610747613400804,False
final_input_token_layerwise,undisclosed,k3,target_observation_mean,4,0.1,0.067783064034349,False
final_input_token_layerwise,undisclosed,k3,target_observation_mean,5,3.0,0.038007603292051134,False
final_input_token_layerwise,undisclosed,k3,target_observation_mean,6,3.0,0.02981461909635838,False
final_input_token_layerwise,undisclosed,k3,target_observation_mean,7,3.0,0.05003111134402621,False
final_input_token_layerwise,undisclosed,k3,target_observation_mean,8,0.1,0.19602294188402064,False
final_input_token_layerwise,undisclosed,k3,target_observation_mean,9,0.1,0.15050437896534238,False
final_input_token_layerwise,undisclosed,k3,target_observation_mean,10,0.1,0.1335531959600343,False
final_input_token_layerwise,undisclosed,k3,target_observation_mean,11,0.1,0.20131932079730963,False
final_input_token_layerwise,undisclosed,k3,target_observation_mean,12,3.0,0.20642028517901964,False
final_input_token_layerwise,undisclosed,k3,target_observation_mean,13,3.0,0.25447740830456983,False
final_input_token_layerwise,undisclosed,k3,target_observation_mean,14,3.0,0.25097307450959244,False
final_input_token_layerwise,undisclosed,k3,target_observation_mean,15,3.0,0.3091704668077836,False
final_input_token_layerwise,undisclosed,k3,target_observation_mean,16,3.0,0.3885447662883371,True
final_input_token_layerwise,undisclosed,k3,target_observation_mean,17,3.0,0.3286717282799946,False
final_input_token_layerwise,undisclosed,k3,target_observation_mean,18,3.0,0.29169684087608916,False
final_input_token_layerwise,undisclosed,k3,target_observation_mean,19,3.0,0.2997308332068546,False
final_input_token_layerwise,undisclosed,k3,target_observation_mean,20,3.0,0.2707715463381447,False
final_input_token_layerwise,undisclosed,k3,target_observation_mean,21,3.0,0.2506288384399028,False
final_input_token_layerwise,undisclosed,k3,target_observation_mean,22,3.0,0.2470169546763177,False
final_input_token_layerwise,undisclosed,k3,target_observation_mean,23,3.0,0.24818085223256653,False
final_input_token_layerwise,undisclosed,k3,target_observation_mean,24,3.0,0.2375168591796548,False
final_input_token_layerwise,undisclosed,k3,target_observation_mean,25,3.0,0.2478614530486598,False
final_input_token_layerwise,undisclosed,k3,target_observation_mean,26,3.0,0.24840534311396253,False
final_input_token_layerwise,undisclosed,k3,target_observation_mean,27,3.0,0.2599787841509432,False
final_input_token_layerwise,undisclosed,k3,target_observation_mean,28,3.0,0.25761351919693065,False
final_input_token_layerwise,undisclosed,k3,target_observation_mean,29,3.0,0.2792030965320357,False
final_input_token_layerwise,undisclosed,k3,target_observation_mean,30,3.0,0.3186718172017772,False
final_input_token_layerwise,undisclosed,k3,target_observation_mean,31,0.1,0.36116164837321807,False
final_input_token_layerwise,undisclosed,k3,target_observation_mean,32,0.1,0.3804817460950251,False
final_input_token_layerwise,undisclosed,k3,target_time_slope,0,0.0001,0.0,False
final_input_token_layerwise,undisclosed,k3,target_time_slope,1,0.1,0.06704036161722912,False
final_input_token_layerwise,undisclosed,k3,target_time_slope,2,3.0,0.020588285469071266,False
final_input_token_layerwise,undisclosed,k3,target_time_slope,3,100.0,-0.000491644663018459,False
final_input_token_layerwise,undisclosed,k3,target_time_slope,4,3.0,0.0006661467385951636,False
final_input_token_layerwise,undisclosed,k3,target_time_slope,5,100.0,9.730449837541677e-07,False
final_input_token_layerwise,undisclosed,k3,target_time_slope,6,3.0,0.001715922816100085,False
final_input_token_layerwise,undisclosed,k3,target_time_slope,7,3.0,0.002798377997238255,False
final_input_token_layerwise,undisclosed,k3,target_time_slope,8,100.0,-0.0005596142971593387,False
final_input_token_layerwise,undisclosed,k3,target_time_slope,9,0.1,0.11630742053184995,False
final_input_token_layerwise,undisclosed,k3,target_time_slope,10,3.0,0.017669460050929287,False
final_input_token_layerwise,undisclosed,k3,target_time_slope,11,3.0,0.022889031521283187,False
final_input_token_layerwise,undisclosed,k3,target_time_slope,12,3.0,0.02110569568501683,False
final_input_token_layerwise,undisclosed,k3,target_time_slope,13,3.0,0.026440113307190843,False
final_input_token_layerwise,undisclosed,k3,target_time_slope,14,3.0,0.030691027902176315,False
final_input_token_layerwise,undisclosed,k3,target_time_slope,15,0.1,0.18875463097854808,True
final_input_token_layerwise,undisclosed,k3,target_time_slope,16,0.1,0.1462254694041322,False
final_input_token_layerwise,undisclosed,k3,target_time_slope,17,0.1,0.08856005586326185,False
final_input_token_layerwise,undisclosed,k3,target_time_slope,18,0.1,0.054214619204434794,False
final_input_token_layerwise,undisclosed,k3,target_time_slope,19,0.1,0.10057450265849599,False
final_input_token_layerwise,undisclosed,k3,target_time_slope,20,0.1,0.09141583345622173,False
final_input_token_layerwise,undisclosed,k3,target_time_slope,21,0.1,0.07252777587951689,False
final_input_token_layerwise,undisclosed,k3,target_time_slope,22,0.1,0.05141088659336224,False
final_input_token_layerwise,undisclosed,k3,target_time_slope,23,0.1,0.027455031686472814,False
final_input_token_layerwise,undisclosed,k3,target_time_slope,24,0.1,0.07801280725632023,False
final_input_token_layerwise,undisclosed,k3,target_time_slope,25,0.1,0.03379342393822474,False
final_input_token_layerwise,undisclosed,k3,target_time_slope,26,3.0,0.015391871755083442,False
final_input_token_layerwise,undisclosed,k3,target_time_slope,27,3.0,0.01923257711995649,False
final_input_token_layerwise,undisclosed,k3,target_time_slope,28,0.1,0.026048897446168867,False
final_input_token_layerwise,undisclosed,k3,target_time_slope,29,0.1,0.022061922963179548,False
final_input_token_layerwise,undisclosed,k3,target_time_slope,30,0.1,0.05074137819097099,False
final_input_token_layerwise,undisclosed,k3,target_time_slope,31,0.1,0.06350138127326746,False
final_input_token_layerwise,undisclosed,k3,target_time_slope,32,0.1,0.06508511677046433,False
final_input_token_layerwise,undisclosed,k3,displayed_driver_outcome_slope,0,0.0001,5.551115123125783e-17,False
final_input_token_layerwise,undisclosed,k3,displayed_driver_outcome_slope,1,100.0,-3.8072920456044823e-06,False
final_input_token_layerwise,undisclosed,k3,displayed_driver_outcome_slope,2,0.1,0.015101244872321978,False
final_input_token_layerwise,undisclosed,k3,displayed_driver_outcome_slope,3,100.0,-0.0001562007648236441,False
final_input_token_layerwise,undisclosed,k3,displayed_driver_outcome_slope,4,100.0,-0.0001785933968994069,False
final_input_token_layerwise,undisclosed,k3,displayed_driver_outcome_slope,5,100.0,1.8909950947609833e-05,False
final_input_token_layerwise,undisclosed,k3,displayed_driver_outcome_slope,6,100.0,8.796825086698767e-07,False
final_input_token_layerwise,undisclosed,k3,displayed_driver_outcome_slope,7,100.0,-0.00039193711329482683,False
final_input_token_layerwise,undisclosed,k3,displayed_driver_outcome_slope,8,100.0,-0.0009995857822078236,False
final_input_token_layerwise,undisclosed,k3,displayed_driver_outcome_slope,9,100.0,0.00031688947946292845,False
final_input_token_layerwise,undisclosed,k3,displayed_driver_outcome_slope,10,100.0,8.074730841448052e-05,False
final_input_token_layerwise,undisclosed,k3,displayed_driver_outcome_slope,11,3.0,0.0022230940502343255,False
final_input_token_layerwise,undisclosed,k3,displayed_driver_outcome_slope,12,3.0,0.0036260137096589817,False
final_input_token_layerwise,undisclosed,k3,displayed_driver_outcome_slope,13,3.0,0.010690660910804145,False
final_input_token_layerwise,undisclosed,k3,displayed_driver_outcome_slope,14,3.0,0.011614862144658789,False
final_input_token_layerwise,undisclosed,k3,displayed_driver_outcome_slope,15,3.0,0.023559681716813552,False
final_input_token_layerwise,undisclosed,k3,displayed_driver_outcome_slope,16,3.0,0.019574711014303886,False
final_input_token_layerwise,undisclosed,k3,displayed_driver_outcome_slope,17,3.0,0.019031748515800806,False
final_input_token_layerwise,undisclosed,k3,displayed_driver_outcome_slope,18,3.0,0.020428477589292032,False
final_input_token_layerwise,undisclosed,k3,displayed_driver_outcome_slope,19,3.0,0.018902708426416642,False
final_input_token_layerwise,undisclosed,k3,displayed_driver_outcome_slope,20,3.0,0.019205497522209403,False
final_input_token_layerwise,undisclosed,k3,displayed_driver_outcome_slope,21,3.0,0.013235074057956348,False
final_input_token_layerwise,undisclosed,k3,displayed_driver_outcome_slope,22,3.0,0.014995841334504711,False
final_input_token_layerwise,undisclosed,k3,displayed_driver_outcome_slope,23,3.0,0.013044009614622015,False
final_input_token_layerwise,undisclosed,k3,displayed_driver_outcome_slope,24,3.0,0.014207782263332802,False
final_input_token_layerwise,undisclosed,k3,displayed_driver_outcome_slope,25,3.0,0.023376484052849145,False
final_input_token_layerwise,undisclosed,k3,displayed_driver_outcome_slope,26,3.0,0.0187807558580195,False
final_input_token_layerwise,undisclosed,k3,displayed_driver_outcome_slope,27,3.0,0.028200909883448477,True
final_input_token_layerwise,undisclosed,k3,displayed_driver_outcome_slope,28,3.0,0.026522043431579406,False
final_input_token_layerwise,undisclosed,k3,displayed_driver_outcome_slope,29,3.0,0.008852257482459103,False
final_input_token_layerwise,undisclosed,k3,displayed_driver_outcome_slope,30,3.0,0.004325467491782947,False
final_input_token_layerwise,undisclosed,k3,displayed_driver_outcome_slope,31,3.0,0.004438640632583729,False
final_input_token_layerwise,undisclosed,k3,displayed_driver_outcome_slope,32,3.0,0.0033008467316421597,False
final_input_token_layerwise,undisclosed,k3,oracle_posterior_gain,0,0.0001,2.7755575615628914e-17,False
final_input_token_layerwise,undisclosed,k3,oracle_posterior_gain,1,3.0,0.013514730537923625,False
final_input_token_layerwise,undisclosed,k3,oracle_posterior_gain,2,100.0,5.799282889434876e-06,False
final_input_token_layerwise,undisclosed,k3,oracle_posterior_gain,3,100.0,-0.0009569886579050002,False
final_input_token_layerwise,undisclosed,k3,oracle_posterior_gain,4,100.0,-0.0007226904922938426,False
final_input_token_layerwise,undisclosed,k3,oracle_posterior_gain,5,100.0,-0.0009160763575265518,False
final_input_token_layerwise,undisclosed,k3,oracle_posterior_gain,6,100.0,-0.0007167826838599956,False
final_input_token_layerwise,undisclosed,k3,oracle_posterior_gain,7,100.0,-0.0004772387072770057,False
final_input_token_layerwise,undisclosed,k3,oracle_posterior_gain,8,3.0,0.0006684692406021542,False
final_input_token_layerwise,undisclosed,k3,oracle_posterior_gain,9,3.0,0.03167348773216491,False
final_input_token_layerwise,undisclosed,k3,oracle_posterior_gain,10,3.0,0.028293397187777042,False
final_input_token_layerwise,undisclosed,k3,oracle_posterior_gain,11,3.0,0.02899877805760334,False
final_input_token_layerwise,undisclosed,k3,oracle_posterior_gain,12,3.0,0.021035001859552538,False
final_input_token_layerwise,undisclosed,k3,oracle_posterior_gain,13,3.0,0.015620414969351432,False
final_input_token_layerwise,undisclosed,k3,oracle_posterior_gain,14,3.0,0.035531316347765685,False
final_input_token_layerwise,undisclosed,k3,oracle_posterior_gain,15,0.1,0.1521843757951667,False
final_input_token_layerwise,undisclosed,k3,oracle_posterior_gain,16,0.1,0.1969475270904086,False
final_input_token_layerwise,undisclosed,k3,oracle_posterior_gain,17,0.1,0.17171670025379077,False
final_input_token_layerwise,undisclosed,k3,oracle_posterior_gain,18,3.0,0.15831934021530647,False
final_input_token_layerwise,undisclosed,k3,oracle_posterior_gain,19,3.0,0.1583900884059095,False
final_input_token_layerwise,undisclosed,k3,oracle_posterior_gain,20,3.0,0.1483901736008347,False
final_input_token_layerwise,undisclosed,k3,oracle_posterior_gain,21,3.0,0.14341154709973816,False
final_input_token_layerwise,undisclosed,k3,oracle_posterior_gain,22,3.0,0.14208570424996556,False
final_input_token_layerwise,undisclosed,k3,oracle_posterior_gain,23,3.0,0.1446413498152627,False
final_input_token_layerwise,undisclosed,k3,oracle_posterior_gain,24,0.1,0.1453947765172138,False
final_input_token_layerwise,undisclosed,k3,oracle_posterior_gain,25,3.0,0.13407479585319337,False
final_input_token_layerwise,undisclosed,k3,oracle_posterior_gain,26,3.0,0.12820832382207004,False
final_input_token_layerwise,undisclosed,k3,oracle_posterior_gain,27,3.0,0.13879364836760055,False
final_input_token_layerwise,undisclosed,k3,oracle_posterior_gain,28,3.0,0.14233775618930947,False
final_input_token_layerwise,undisclosed,k3,oracle_posterior_gain,29,3.0,0.14610463789358374,False
final_input_token_layerwise,undisclosed,k3,oracle_posterior_gain,30,3.0,0.18420484392212816,False
final_input_token_layerwise,undisclosed,k3,oracle_posterior_gain,31,3.0,0.18728473492997147,False
final_input_token_layerwise,undisclosed,k3,oracle_posterior_gain,32,3.0,0.20995995093587344,True
final_input_token_layerwise,undisclosed,k6,gain,0,0.0001,0.0,False
final_input_token_layerwise,undisclosed,k6,gain,1,100.0,-2.4670515612806865e-05,False
final_input_token_layerwise,undisclosed,k6,gain,2,3.0,0.000609474700933782,False
final_input_token_layerwise,undisclosed,k6,gain,3,100.0,-0.0002809406753299659,False
final_input_token_layerwise,undisclosed,k6,gain,4,100.0,-0.0001311401990430061,False
final_input_token_layerwise,undisclosed,k6,gain,5,100.0,-0.00031102919664871553,False
final_input_token_layerwise,undisclosed,k6,gain,6,100.0,-0.00022432967589733344,False
final_input_token_layerwise,undisclosed,k6,gain,7,100.0,-0.0004162154283551822,False
final_input_token_layerwise,undisclosed,k6,gain,8,100.0,-0.00038583982406698025,False
final_input_token_layerwise,undisclosed,k6,gain,9,3.0,0.01743481448106915,False
final_input_token_layerwise,undisclosed,k6,gain,10,3.0,0.007272251603273355,False
final_input_token_layerwise,undisclosed,k6,gain,11,3.0,0.00386342001284104,False
final_input_token_layerwise,undisclosed,k6,gain,12,3.0,0.012050974582940216,False
final_input_token_layerwise,undisclosed,k6,gain,13,3.0,0.012478877058112209,False
final_input_token_layerwise,undisclosed,k6,gain,14,3.0,0.024345417039513012,False
final_input_token_layerwise,undisclosed,k6,gain,15,0.1,0.12133719950630226,False
final_input_token_layerwise,undisclosed,k6,gain,16,0.1,0.12995161704702202,False
final_input_token_layerwise,undisclosed,k6,gain,17,3.0,0.07541677311914838,False
final_input_token_layerwise,undisclosed,k6,gain,18,0.1,0.11603717171407693,False
final_input_token_layerwise,undisclosed,k6,gain,19,0.1,0.11058218034200937,False
final_input_token_layerwise,undisclosed,k6,gain,20,0.1,0.08935070822177474,False
final_input_token_layerwise,undisclosed,k6,gain,21,0.1,0.08192456399548342,False
final_input_token_layerwise,undisclosed,k6,gain,22,0.1,0.08708405777524442,False
final_input_token_layerwise,undisclosed,k6,gain,23,0.1,0.08673559077455878,False
final_input_token_layerwise,undisclosed,k6,gain,24,0.1,0.10682592338394142,False
final_input_token_layerwise,undisclosed,k6,gain,25,0.1,0.11595315864565889,False
final_input_token_layerwise,undisclosed,k6,gain,26,0.1,0.12491738133042066,False
final_input_token_layerwise,undisclosed,k6,gain,27,0.1,0.11427237987583524,False
final_input_token_layerwise,undisclosed,k6,gain,28,0.1,0.13327678263784176,False
final_input_token_layerwise,undisclosed,k6,gain,29,0.1,0.1746130838315361,False
final_input_token_layerwise,undisclosed,k6,gain,30,0.1,0.18267257450858834,False
final_input_token_layerwise,undisclosed,k6,gain,31,0.1,0.17392111351581102,False
final_input_token_layerwise,undisclosed,k6,gain,32,0.1,0.2058818923580565,True
final_input_token_layerwise,undisclosed,k6,response_residual,0,0.0001,-2.7755575615628914e-17,False
final_input_token_layerwise,undisclosed,k6,response_residual,1,100.0,-5.4072462320392534e-05,False
final_input_token_layerwise,undisclosed,k6,response_residual,2,100.0,-1.893514771666993e-05,False
final_input_token_layerwise,undisclosed,k6,response_residual,3,100.0,-0.00031698603128402225,False
final_input_token_layerwise,undisclosed,k6,response_residual,4,100.0,-0.00028454915983971985,False
final_input_token_layerwise,undisclosed,k6,response_residual,5,100.0,-0.0004304103139146642,False
final_input_token_layerwise,undisclosed,k6,response_residual,6,100.0,-0.00022106115924463987,False
final_input_token_layerwise,undisclosed,k6,response_residual,7,100.0,-0.00018336101939425697,False
final_input_token_layerwise,undisclosed,k6,response_residual,8,100.0,-0.00045696198101002894,False
final_input_token_layerwise,undisclosed,k6,response_residual,9,3.0,0.00424124932734507,False
final_input_token_layerwise,undisclosed,k6,response_residual,10,100.0,4.6433853650995616e-05,False
final_input_token_layerwise,undisclosed,k6,response_residual,11,100.0,-6.13884559848843e-05,False
final_input_token_layerwise,undisclosed,k6,response_residual,12,100.0,0.0001943617405706366,False
final_input_token_layerwise,undisclosed,k6,response_residual,13,100.0,0.0002501734929154509,False
final_input_token_layerwise,undisclosed,k6,response_residual,14,3.0,0.010883100880034274,False
final_input_token_layerwise,undisclosed,k6,response_residual,15,3.0,0.04917758828147448,False
final_input_token_layerwise,undisclosed,k6,response_residual,16,3.0,0.06126205114701677,False
final_input_token_layerwise,undisclosed,k6,response_residual,17,3.0,0.04663089914919166,False
final_input_token_layerwise,undisclosed,k6,response_residual,18,3.0,0.04268082507130572,False
final_input_token_layerwise,undisclosed,k6,response_residual,19,3.0,0.03728480076583879,False
final_input_token_layerwise,undisclosed,k6,response_residual,20,3.0,0.032682555290481946,False
final_input_token_layerwise,undisclosed,k6,response_residual,21,3.0,0.024349216669065782,False
final_input_token_layerwise,undisclosed,k6,response_residual,22,3.0,0.026951670460744287,False
final_input_token_layerwise,undisclosed,k6,response_residual,23,3.0,0.03043195919506586,False
final_input_token_layerwise,undisclosed,k6,response_residual,24,3.0,0.03433337634857084,False
final_input_token_layerwise,undisclosed,k6,response_residual,25,3.0,0.03308816526893513,False
final_input_token_layerwise,undisclosed,k6,response_residual,26,3.0,0.03310031646389183,False
final_input_token_layerwise,undisclosed,k6,response_residual,27,3.0,0.03655560383861958,False
final_input_token_layerwise,undisclosed,k6,response_residual,28,3.0,0.0410025329514139,False
final_input_token_layerwise,undisclosed,k6,response_residual,29,3.0,0.07322339817137474,False
final_input_token_layerwise,undisclosed,k6,response_residual,30,3.0,0.10831127210875116,False
final_input_token_layerwise,undisclosed,k6,response_residual,31,3.0,0.11007484366459913,False
final_input_token_layerwise,undisclosed,k6,response_residual,32,3.0,0.1252342796123728,True
final_input_token_layerwise,undisclosed,k6,last_target_observation,0,0.0001,-2.7755575615628914e-17,False
final_input_token_layerwise,undisclosed,k6,last_target_observation,1,0.1,0.036685063842707005,False
final_input_token_layerwise,undisclosed,k6,last_target_observation,2,3.0,0.01435368519699426,False
final_input_token_layerwise,undisclosed,k6,last_target_observation,3,3.0,0.011285072397107132,False
final_input_token_layerwise,undisclosed,k6,last_target_observation,4,3.0,0.020296805174098403,False
final_input_token_layerwise,undisclosed,k6,last_target_observation,5,3.0,0.01197761600436062,False
final_input_token_layerwise,undisclosed,k6,last_target_observation,6,3.0,0.013828626949139333,False
final_input_token_layerwise,undisclosed,k6,last_target_observation,7,3.0,0.0021858316506564723,False
final_input_token_layerwise,undisclosed,k6,last_target_observation,8,100.0,-0.00011955707196542598,False
final_input_token_layerwise,undisclosed,k6,last_target_observation,9,0.1,0.17458949237847712,False
final_input_token_layerwise,undisclosed,k6,last_target_observation,10,0.1,0.17811034924503394,False
final_input_token_layerwise,undisclosed,k6,last_target_observation,11,0.1,0.22455874478789506,True
final_input_token_layerwise,undisclosed,k6,last_target_observation,12,0.1,0.21258779332856673,False
final_input_token_layerwise,undisclosed,k6,last_target_observation,13,0.1,0.06029068927253203,False
final_input_token_layerwise,undisclosed,k6,last_target_observation,14,3.0,0.03702512964734775,False
final_input_token_layerwise,undisclosed,k6,last_target_observation,15,3.0,0.041627101861696075,False
final_input_token_layerwise,undisclosed,k6,last_target_observation,16,3.0,0.05158603827542421,False
final_input_token_layerwise,undisclosed,k6,last_target_observation,17,3.0,0.0334945466223055,False
final_input_token_layerwise,undisclosed,k6,last_target_observation,18,3.0,0.021732868347521722,False
final_input_token_layerwise,undisclosed,k6,last_target_observation,19,3.0,0.020651122711191655,False
final_input_token_layerwise,undisclosed,k6,last_target_observation,20,3.0,0.019627516085357732,False
final_input_token_layerwise,undisclosed,k6,last_target_observation,21,3.0,0.013239913167877593,False
final_input_token_layerwise,undisclosed,k6,last_target_observation,22,3.0,0.013498119900776373,False
final_input_token_layerwise,undisclosed,k6,last_target_observation,23,3.0,0.01660308648963557,False
final_input_token_layerwise,undisclosed,k6,last_target_observation,24,3.0,0.01929014853559577,False
final_input_token_layerwise,undisclosed,k6,last_target_observation,25,3.0,0.023985455332790645,False
final_input_token_layerwise,undisclosed,k6,last_target_observation,26,3.0,0.02244291979495225,False
final_input_token_layerwise,undisclosed,k6,last_target_observation,27,3.0,0.022224332849014733,False
final_input_token_layerwise,undisclosed,k6,last_target_observation,28,3.0,0.02586128797949852,False
final_input_token_layerwise,undisclosed,k6,last_target_observation,29,3.0,0.02862574833379994,False
final_input_token_layerwise,undisclosed,k6,last_target_observation,30,3.0,0.04722980630672213,False
final_input_token_layerwise,undisclosed,k6,last_target_observation,31,3.0,0.047768923594784296,False
final_input_token_layerwise,undisclosed,k6,last_target_observation,32,3.0,0.04637310748375453,False
final_input_token_layerwise,undisclosed,k6,target_observation_mean,0,0.0001,2.7755575615628914e-17,False
final_input_token_layerwise,undisclosed,k6,target_observation_mean,1,0.1,0.07828901278238992,False
final_input_token_layerwise,undisclosed,k6,target_observation_mean,2,0.1,0.08753314545108118,False
final_input_token_layerwise,undisclosed,k6,target_observation_mean,3,3.0,0.01923023507372465,False
final_input_token_layerwise,undisclosed,k6,target_observation_mean,4,3.0,0.012119135131856612,False
final_input_token_layerwise,undisclosed,k6,target_observation_mean,5,3.0,0.013799116917619814,False
final_input_token_layerwise,undisclosed,k6,target_observation_mean,6,3.0,0.006212806877680582,False
final_input_token_layerwise,undisclosed,k6,target_observation_mean,7,3.0,0.001778831289724364,False
final_input_token_layerwise,undisclosed,k6,target_observation_mean,8,3.0,0.030051913814840486,False
final_input_token_layerwise,undisclosed,k6,target_observation_mean,9,0.1,0.07930909746950673,False
final_input_token_layerwise,undisclosed,k6,target_observation_mean,10,3.0,0.048000927531523574,False
final_input_token_layerwise,undisclosed,k6,target_observation_mean,11,3.0,0.06764441162555487,False
final_input_token_layerwise,undisclosed,k6,target_observation_mean,12,0.1,0.06999236557103045,False
final_input_token_layerwise,undisclosed,k6,target_observation_mean,13,3.0,0.06916281936221488,False
final_input_token_layerwise,undisclosed,k6,target_observation_mean,14,0.1,0.1446683673868258,False
final_input_token_layerwise,undisclosed,k6,target_observation_mean,15,0.1,0.23648921465380268,False
final_input_token_layerwise,undisclosed,k6,target_observation_mean,16,3.0,0.21130084492907805,False
final_input_token_layerwise,undisclosed,k6,target_observation_mean,17,3.0,0.16923933409645325,False
final_input_token_layerwise,undisclosed,k6,target_observation_mean,18,3.0,0.17105074755597577,False
final_input_token_layerwise,undisclosed,k6,target_observation_mean,19,3.0,0.15113242521848233,False
final_input_token_layerwise,undisclosed,k6,target_observation_mean,20,3.0,0.1437595735995729,False
final_input_token_layerwise,undisclosed,k6,target_observation_mean,21,3.0,0.13810192203272126,False
final_input_token_layerwise,undisclosed,k6,target_observation_mean,22,3.0,0.14569403237680276,False
final_input_token_layerwise,undisclosed,k6,target_observation_mean,23,3.0,0.13971181309117842,False
final_input_token_layerwise,undisclosed,k6,target_observation_mean,24,3.0,0.14510953196705703,False
final_input_token_layerwise,undisclosed,k6,target_observation_mean,25,3.0,0.15605390576399664,False
final_input_token_layerwise,undisclosed,k6,target_observation_mean,26,3.0,0.14960684841554875,False
final_input_token_layerwise,undisclosed,k6,target_observation_mean,27,3.0,0.1614663960866666,False
final_input_token_layerwise,undisclosed,k6,target_observation_mean,28,3.0,0.16285608251438255,False
final_input_token_layerwise,undisclosed,k6,target_observation_mean,29,0.1,0.2330887025328101,False
final_input_token_layerwise,undisclosed,k6,target_observation_mean,30,0.1,0.28198679231198254,False
final_input_token_layerwise,undisclosed,k6,target_observation_mean,31,0.1,0.3499584487452362,False
final_input_token_layerwise,undisclosed,k6,target_observation_mean,32,0.1,0.3938114500446729,True
final_input_token_layerwise,undisclosed,k6,target_time_slope,0,0.0001,0.0,False
final_input_token_layerwise,undisclosed,k6,target_time_slope,1,3.0,0.029883964531405183,False
final_input_token_layerwise,undisclosed,k6,target_time_slope,2,3.0,0.0015566237663864613,False
final_input_token_layerwise,undisclosed,k6,target_time_slope,3,100.0,0.0005137604337785151,False
final_input_token_layerwise,undisclosed,k6,target_time_slope,4,100.0,0.0005479456517411552,False
final_input_token_layerwise,undisclosed,k6,target_time_slope,5,100.0,0.00017161101635676523,False
final_input_token_layerwise,undisclosed,k6,target_time_slope,6,100.0,-9.219543280475362e-05,False
final_input_token_layerwise,undisclosed,k6,target_time_slope,7,100.0,-8.963206967230186e-05,False
final_input_token_layerwise,undisclosed,k6,target_time_slope,8,100.0,-0.0007640652003479409,False
final_input_token_layerwise,undisclosed,k6,target_time_slope,9,3.0,0.023447883719972723,False
final_input_token_layerwise,undisclosed,k6,target_time_slope,10,0.1,0.054190947697134145,False
final_input_token_layerwise,undisclosed,k6,target_time_slope,11,0.1,0.14265366621856754,True
final_input_token_layerwise,undisclosed,k6,target_time_slope,12,0.1,0.10778389368964572,False
final_input_token_layerwise,undisclosed,k6,target_time_slope,13,3.0,0.007491143948220369,False
final_input_token_layerwise,undisclosed,k6,target_time_slope,14,3.0,0.033636419954160335,False
final_input_token_layerwise,undisclosed,k6,target_time_slope,15,3.0,0.05464731589739158,False
final_input_token_layerwise,undisclosed,k6,target_time_slope,16,3.0,0.06454164816758926,False
final_input_token_layerwise,undisclosed,k6,target_time_slope,17,3.0,0.05920526366554002,False
final_input_token_layerwise,undisclosed,k6,target_time_slope,18,3.0,0.0329334857632492,False
final_input_token_layerwise,undisclosed,k6,target_time_slope,19,3.0,0.0287609552903714,False
final_input_token_layerwise,undisclosed,k6,target_time_slope,20,3.0,0.03232974749467579,False
final_input_token_layerwise,undisclosed,k6,target_time_slope,21,3.0,0.03491060804813467,False
final_input_token_layerwise,undisclosed,k6,target_time_slope,22,3.0,0.03222335656343797,False
final_input_token_layerwise,undisclosed,k6,target_time_slope,23,3.0,0.03237236574811633,False
final_input_token_layerwise,undisclosed,k6,target_time_slope,24,3.0,0.0293644362449898,False
final_input_token_layerwise,undisclosed,k6,target_time_slope,25,3.0,0.03097631841171658,False
final_input_token_layerwise,undisclosed,k6,target_time_slope,26,3.0,0.026928281160927048,False
final_input_token_layerwise,undisclosed,k6,target_time_slope,27,3.0,0.02227897752333685,False
final_input_token_layerwise,undisclosed,k6,target_time_slope,28,3.0,0.023153869278633776,False
final_input_token_layerwise,undisclosed,k6,target_time_slope,29,3.0,0.022870387489758698,False
final_input_token_layerwise,undisclosed,k6,target_time_slope,30,3.0,0.029666766112008996,False
final_input_token_layerwise,undisclosed,k6,target_time_slope,31,3.0,0.02835843534583854,False
final_input_token_layerwise,undisclosed,k6,target_time_slope,32,3.0,0.03367122063139963,False
final_input_token_layerwise,undisclosed,k6,displayed_driver_outcome_slope,0,0.0001,-5.551115123125783e-17,False
final_input_token_layerwise,undisclosed,k6,displayed_driver_outcome_slope,1,100.0,-0.0003397361551882305,False
final_input_token_layerwise,undisclosed,k6,displayed_driver_outcome_slope,2,100.0,-0.00022757936503492449,False
final_input_token_layerwise,undisclosed,k6,displayed_driver_outcome_slope,3,100.0,0.00040387101788330604,False
final_input_token_layerwise,undisclosed,k6,displayed_driver_outcome_slope,4,100.0,0.0007069559415269766,False
final_input_token_layerwise,undisclosed,k6,displayed_driver_outcome_slope,5,3.0,0.005205645098500966,False
final_input_token_layerwise,undisclosed,k6,displayed_driver_outcome_slope,6,3.0,0.008365856522380422,False
final_input_token_layerwise,undisclosed,k6,displayed_driver_outcome_slope,7,3.0,0.014057261430711676,False
final_input_token_layerwise,undisclosed,k6,displayed_driver_outcome_slope,8,3.0,0.012021613584366875,False
final_input_token_layerwise,undisclosed,k6,displayed_driver_outcome_slope,9,3.0,0.0013344630476594677,False
final_input_token_layerwise,undisclosed,k6,displayed_driver_outcome_slope,10,100.0,0.000663635122252898,False
final_input_token_layerwise,undisclosed,k6,displayed_driver_outcome_slope,11,100.0,0.00067363510821844,False
final_input_token_layerwise,undisclosed,k6,displayed_driver_outcome_slope,12,3.0,0.004150235511761607,False
final_input_token_layerwise,undisclosed,k6,displayed_driver_outcome_slope,13,3.0,0.015847519882312894,False
final_input_token_layerwise,undisclosed,k6,displayed_driver_outcome_slope,14,3.0,0.008993919920058047,False
final_input_token_layerwise,undisclosed,k6,displayed_driver_outcome_slope,15,3.0,0.0015717638949185875,False
final_input_token_layerwise,undisclosed,k6,displayed_driver_outcome_slope,16,3.0,0.0023680052929595796,False
final_input_token_layerwise,undisclosed,k6,displayed_driver_outcome_slope,17,3.0,0.004971024196202378,False
final_input_token_layerwise,undisclosed,k6,displayed_driver_outcome_slope,18,100.0,0.00014344437481497718,False
final_input_token_layerwise,undisclosed,k6,displayed_driver_outcome_slope,19,100.0,0.0002543621463392265,False
final_input_token_layerwise,undisclosed,k6,displayed_driver_outcome_slope,20,100.0,0.00035296046691857264,False
final_input_token_layerwise,undisclosed,k6,displayed_driver_outcome_slope,21,100.0,0.0007553406705741728,False
final_input_token_layerwise,undisclosed,k6,displayed_driver_outcome_slope,22,100.0,0.0005650329867386283,False
final_input_token_layerwise,undisclosed,k6,displayed_driver_outcome_slope,23,100.0,0.0005914159652722351,False
final_input_token_layerwise,undisclosed,k6,displayed_driver_outcome_slope,24,100.0,0.000750985361261225,False
final_input_token_layerwise,undisclosed,k6,displayed_driver_outcome_slope,25,100.0,0.00046905570643535066,False
final_input_token_layerwise,undisclosed,k6,displayed_driver_outcome_slope,26,100.0,0.0005380403049634608,False
final_input_token_layerwise,undisclosed,k6,displayed_driver_outcome_slope,27,100.0,0.00047143447215899914,False
final_input_token_layerwise,undisclosed,k6,displayed_driver_outcome_slope,28,100.0,0.0009136791006911504,False
final_input_token_layerwise,undisclosed,k6,displayed_driver_outcome_slope,29,3.0,0.016109025439227403,True
final_input_token_layerwise,undisclosed,k6,displayed_driver_outcome_slope,30,3.0,0.013535394709926762,False
final_input_token_layerwise,undisclosed,k6,displayed_driver_outcome_slope,31,3.0,0.009278468595569661,False
final_input_token_layerwise,undisclosed,k6,displayed_driver_outcome_slope,32,3.0,0.008123362895597896,False
final_input_token_layerwise,undisclosed,k6,oracle_posterior_gain,0,0.0001,-5.551115123125783e-17,False
final_input_token_layerwise,undisclosed,k6,oracle_posterior_gain,1,100.0,4.2814533515594944e-05,False
final_input_token_layerwise,undisclosed,k6,oracle_posterior_gain,2,100.0,0.00011865583530654145,False
final_input_token_layerwise,undisclosed,k6,oracle_posterior_gain,3,100.0,-0.0011034563954393228,False
final_input_token_layerwise,undisclosed,k6,oracle_posterior_gain,4,100.0,-0.0006098900904359938,False
final_input_token_layerwise,undisclosed,k6,oracle_posterior_gain,5,100.0,-0.0003137080667030001,False
final_input_token_layerwise,undisclosed,k6,oracle_posterior_gain,6,100.0,-0.00016722971419769195,False
final_input_token_layerwise,undisclosed,k6,oracle_posterior_gain,7,100.0,-0.00023971649575399434,False
final_input_token_layerwise,undisclosed,k6,oracle_posterior_gain,8,100.0,-2.9472650471096262e-05,False
final_input_token_layerwise,undisclosed,k6,oracle_posterior_gain,9,3.0,0.03311744250031656,False
final_input_token_layerwise,undisclosed,k6,oracle_posterior_gain,10,3.0,0.025837005118183404,False
final_input_token_layerwise,undisclosed,k6,oracle_posterior_gain,11,3.0,0.017992828368782993,False
final_input_token_layerwise,undisclosed,k6,oracle_posterior_gain,12,3.0,0.027697389169495157,False
final_input_token_layerwise,undisclosed,k6,oracle_posterior_gain,13,3.0,0.023173199514639087,False
final_input_token_layerwise,undisclosed,k6,oracle_posterior_gain,14,0.1,0.06187171287352608,False
final_input_token_layerwise,undisclosed,k6,oracle_posterior_gain,15,0.1,0.13488541111806246,False
final_input_token_layerwise,undisclosed,k6,oracle_posterior_gain,16,3.0,0.1670989429334623,False
final_input_token_layerwise,undisclosed,k6,oracle_posterior_gain,17,0.1,0.1568629953097519,False
final_input_token_layerwise,undisclosed,k6,oracle_posterior_gain,18,3.0,0.1535959007378455,False
final_input_token_layerwise,undisclosed,k6,oracle_posterior_gain,19,3.0,0.14529150247894984,False
final_input_token_layerwise,undisclosed,k6,oracle_posterior_gain,20,3.0,0.13654951389655756,False
final_input_token_layerwise,undisclosed,k6,oracle_posterior_gain,21,3.0,0.12425724649764722,False
final_input_token_layerwise,undisclosed,k6,oracle_posterior_gain,22,3.0,0.12496891427211773,False
final_input_token_layerwise,undisclosed,k6,oracle_posterior_gain,23,3.0,0.12838193188015323,False
final_input_token_layerwise,undisclosed,k6,oracle_posterior_gain,24,3.0,0.13362915153800045,False
final_input_token_layerwise,undisclosed,k6,oracle_posterior_gain,25,3.0,0.1355335664617041,False
final_input_token_layerwise,undisclosed,k6,oracle_posterior_gain,26,3.0,0.13316793265288757,False
final_input_token_layerwise,undisclosed,k6,oracle_posterior_gain,27,3.0,0.1414555438760679,False
final_input_token_layerwise,undisclosed,k6,oracle_posterior_gain,28,0.1,0.16567201593110245,False
final_input_token_layerwise,undisclosed,k6,oracle_posterior_gain,29,0.1,0.19493645245949623,False
final_input_token_layerwise,undisclosed,k6,oracle_posterior_gain,30,0.1,0.23751455622068296,False
final_input_token_layerwise,undisclosed,k6,oracle_posterior_gain,31,3.0,0.23101492999910572,False
final_input_token_layerwise,undisclosed,k6,oracle_posterior_gain,32,3.0,0.2554488266443646,True
final_input_token_layerwise,undisclosed,k9,gain,0,0.0001,0.0,False
final_input_token_layerwise,undisclosed,k9,gain,1,100.0,-0.0002817649399102229,False
final_input_token_layerwise,undisclosed,k9,gain,2,100.0,-0.00017315471212189792,False
final_input_token_layerwise,undisclosed,k9,gain,3,100.0,-0.0001755163295689144,False
final_input_token_layerwise,undisclosed,k9,gain,4,100.0,-0.00034321335341253034,False
final_input_token_layerwise,undisclosed,k9,gain,5,100.0,-9.34688911863324e-06,False
final_input_token_layerwise,undisclosed,k9,gain,6,100.0,4.10832216633239e-05,False
final_input_token_layerwise,undisclosed,k9,gain,7,100.0,-6.172520146649485e-05,False
final_input_token_layerwise,undisclosed,k9,gain,8,100.0,-0.00045805816405833366,False
final_input_token_layerwise,undisclosed,k9,gain,9,3.0,0.0013653328452224167,False
final_input_token_layerwise,undisclosed,k9,gain,10,100.0,0.00022503663198414348,False
final_input_token_layerwise,undisclosed,k9,gain,11,3.0,0.01495107231350884,False
final_input_token_layerwise,undisclosed,k9,gain,12,3.0,0.01976237549260454,False
final_input_token_layerwise,undisclosed,k9,gain,13,3.0,0.023460450031127095,False
final_input_token_layerwise,undisclosed,k9,gain,14,3.0,0.028214734696827032,False
final_input_token_layerwise,undisclosed,k9,gain,15,0.1,0.1756305728299263,False
final_input_token_layerwise,undisclosed,k9,gain,16,0.1,0.2292931800586094,False
final_input_token_layerwise,undisclosed,k9,gain,17,0.1,0.21248756041323855,False
final_input_token_layerwise,undisclosed,k9,gain,18,0.1,0.21334067555327701,False
final_input_token_layerwise,undisclosed,k9,gain,19,0.1,0.18598098067731111,False
final_input_token_layerwise,undisclosed,k9,gain,20,0.1,0.1912661722957828,False
final_input_token_layerwise,undisclosed,k9,gain,21,0.1,0.1661139747057829,False
final_input_token_layerwise,undisclosed,k9,gain,22,0.1,0.21282851166259115,False
final_input_token_layerwise,undisclosed,k9,gain,23,0.1,0.2133603997961532,False
final_input_token_layerwise,undisclosed,k9,gain,24,0.1,0.2213798637367033,False
final_input_token_layerwise,undisclosed,k9,gain,25,0.1,0.2202768550120122,False
final_input_token_layerwise,undisclosed,k9,gain,26,0.1,0.25270386739531775,False
final_input_token_layerwise,undisclosed,k9,gain,27,0.1,0.2593407250489994,False
final_input_token_layerwise,undisclosed,k9,gain,28,0.1,0.3055682608367094,False
final_input_token_layerwise,undisclosed,k9,gain,29,0.1,0.28580857450152847,False
final_input_token_layerwise,undisclosed,k9,gain,30,0.1,0.29971892473795203,False
final_input_token_layerwise,undisclosed,k9,gain,31,0.1,0.30204881679103024,False
final_input_token_layerwise,undisclosed,k9,gain,32,0.1,0.31097678723400096,True
final_input_token_layerwise,undisclosed,k9,response_residual,0,0.0001,-2.7755575615628914e-17,False
final_input_token_layerwise,undisclosed,k9,response_residual,1,100.0,-0.00012098390134854253,False
final_input_token_layerwise,undisclosed,k9,response_residual,2,100.0,-0.00013834206065344024,False
final_input_token_layerwise,undisclosed,k9,response_residual,3,100.0,-0.00023077807816287987,False
final_input_token_layerwise,undisclosed,k9,response_residual,4,100.0,-0.0004484552768158623,False
final_input_token_layerwise,undisclosed,k9,response_residual,5,100.0,-0.00015208873792593725,False
final_input_token_layerwise,undisclosed,k9,response_residual,6,100.0,4.213200930930361e-05,False
final_input_token_layerwise,undisclosed,k9,response_residual,7,100.0,-0.00023646681082070686,False
final_input_token_layerwise,undisclosed,k9,response_residual,8,100.0,-0.0007618397461688631,False
final_input_token_layerwise,undisclosed,k9,response_residual,9,100.0,-0.0002495393363279308,False
final_input_token_layerwise,undisclosed,k9,response_residual,10,100.0,-0.0003491791870684491,False
final_input_token_layerwise,undisclosed,k9,response_residual,11,100.0,4.713370827302832e-05,False
final_input_token_layerwise,undisclosed,k9,response_residual,12,3.0,0.000367260994623253,False
final_input_token_layerwise,undisclosed,k9,response_residual,13,3.0,0.0020783664246101508,False
final_input_token_layerwise,undisclosed,k9,response_residual,14,3.0,0.003917692751681051,False
final_input_token_layerwise,undisclosed,k9,response_residual,15,3.0,0.06858948255388661,False
final_input_token_layerwise,undisclosed,k9,response_residual,16,3.0,0.08717689854029226,False
final_input_token_layerwise,undisclosed,k9,response_residual,17,3.0,0.06593550519540373,False
final_input_token_layerwise,undisclosed,k9,response_residual,18,3.0,0.05346582352780299,False
final_input_token_layerwise,undisclosed,k9,response_residual,19,3.0,0.04635081902466065,False
final_input_token_layerwise,undisclosed,k9,response_residual,20,3.0,0.04153077178214165,False
final_input_token_layerwise,undisclosed,k9,response_residual,21,3.0,0.037251793607589984,False
final_input_token_layerwise,undisclosed,k9,response_residual,22,3.0,0.04446929123301996,False
final_input_token_layerwise,undisclosed,k9,response_residual,23,3.0,0.04591796578080923,False
final_input_token_layerwise,undisclosed,k9,response_residual,24,3.0,0.04870945672953225,False
final_input_token_layerwise,undisclosed,k9,response_residual,25,3.0,0.04742217741696794,False
final_input_token_layerwise,undisclosed,k9,response_residual,26,3.0,0.048360138174113526,False
final_input_token_layerwise,undisclosed,k9,response_residual,27,3.0,0.060130720573247864,False
final_input_token_layerwise,undisclosed,k9,response_residual,28,3.0,0.07203097697640931,False
final_input_token_layerwise,undisclosed,k9,response_residual,29,3.0,0.11065387232610316,False
final_input_token_layerwise,undisclosed,k9,response_residual,30,3.0,0.14089263162617824,False
final_input_token_layerwise,undisclosed,k9,response_residual,31,3.0,0.14063481177342796,False
final_input_token_layerwise,undisclosed,k9,response_residual,32,3.0,0.15733641780141247,True
final_input_token_layerwise,undisclosed,k9,last_target_observation,0,0.0001,1.3877787807814457e-16,False
final_input_token_layerwise,undisclosed,k9,last_target_observation,1,3.0,0.0035410317846598094,False
final_input_token_layerwise,undisclosed,k9,last_target_observation,2,100.0,-0.00011221867692687293,False
final_input_token_layerwise,undisclosed,k9,last_target_observation,3,3.0,0.03059151865167023,False
final_input_token_layerwise,undisclosed,k9,last_target_observation,4,3.0,0.037869684577346296,False
final_input_token_layerwise,undisclosed,k9,last_target_observation,5,3.0,0.03219039418435246,False
final_input_token_layerwise,undisclosed,k9,last_target_observation,6,3.0,0.03816149605435604,False
final_input_token_layerwise,undisclosed,k9,last_target_observation,7,3.0,0.03624744869657573,False
final_input_token_layerwise,undisclosed,k9,last_target_observation,8,3.0,0.03785398900193493,False
final_input_token_layerwise,undisclosed,k9,last_target_observation,9,3.0,0.029869494226653942,False
final_input_token_layerwise,undisclosed,k9,last_target_observation,10,3.0,0.03064275282175591,False
final_input_token_layerwise,undisclosed,k9,last_target_observation,11,3.0,0.018253172698512093,False
final_input_token_layerwise,undisclosed,k9,last_target_observation,12,3.0,0.008035518099259453,False
final_input_token_layerwise,undisclosed,k9,last_target_observation,13,3.0,0.012799598436976423,False
final_input_token_layerwise,undisclosed,k9,last_target_observation,14,3.0,0.01773849993459456,False
final_input_token_layerwise,undisclosed,k9,last_target_observation,15,3.0,0.03336529873158536,False
final_input_token_layerwise,undisclosed,k9,last_target_observation,16,3.0,0.02693940876281886,False
final_input_token_layerwise,undisclosed,k9,last_target_observation,17,3.0,0.020584006824464263,False
final_input_token_layerwise,undisclosed,k9,last_target_observation,18,3.0,0.02400781743614505,False
final_input_token_layerwise,undisclosed,k9,last_target_observation,19,3.0,0.018454567878450456,False
final_input_token_layerwise,undisclosed,k9,last_target_observation,20,3.0,0.017902111711270846,False
final_input_token_layerwise,undisclosed,k9,last_target_observation,21,3.0,0.015630184896414767,False
final_input_token_layerwise,undisclosed,k9,last_target_observation,22,3.0,0.01707123493458612,False
final_input_token_layerwise,undisclosed,k9,last_target_observation,23,3.0,0.023335102635077903,False
final_input_token_layerwise,undisclosed,k9,last_target_observation,24,3.0,0.016849506026488825,False
final_input_token_layerwise,undisclosed,k9,last_target_observation,25,3.0,0.012185675119258166,False
final_input_token_layerwise,undisclosed,k9,last_target_observation,26,3.0,0.017660320020482567,False
final_input_token_layerwise,undisclosed,k9,last_target_observation,27,3.0,0.015269270010524638,False
final_input_token_layerwise,undisclosed,k9,last_target_observation,28,0.1,0.04301398362111164,False
final_input_token_layerwise,undisclosed,k9,last_target_observation,29,0.1,0.04934964722480109,False
final_input_token_layerwise,undisclosed,k9,last_target_observation,30,3.0,0.06899133771882543,True
final_input_token_layerwise,undisclosed,k9,last_target_observation,31,3.0,0.06722274785007895,False
final_input_token_layerwise,undisclosed,k9,last_target_observation,32,3.0,0.06632060793511815,False
final_input_token_layerwise,undisclosed,k9,target_observation_mean,0,0.0001,3.885780586188048e-16,False
final_input_token_layerwise,undisclosed,k9,target_observation_mean,1,3.0,0.014034713989933167,False
final_input_token_layerwise,undisclosed,k9,target_observation_mean,2,3.0,0.0231334277592056,False
final_input_token_layerwise,undisclosed,k9,target_observation_mean,3,0.1,0.06690481388240527,False
final_input_token_layerwise,undisclosed,k9,target_observation_mean,4,3.0,0.01574355862692181,False
final_input_token_layerwise,undisclosed,k9,target_observation_mean,5,3.0,0.008651489069895879,False
final_input_token_layerwise,undisclosed,k9,target_observation_mean,6,3.0,0.01184796706526653,False
final_input_token_layerwise,undisclosed,k9,target_observation_mean,7,3.0,0.013028777226465699,False
final_input_token_layerwise,undisclosed,k9,target_observation_mean,8,3.0,0.007906008982191043,False
final_input_token_layerwise,undisclosed,k9,target_observation_mean,9,3.0,0.024343172680982655,False
final_input_token_layerwise,undisclosed,k9,target_observation_mean,10,3.0,0.018653843479740306,False
final_input_token_layerwise,undisclosed,k9,target_observation_mean,11,0.1,0.0624270251738292,False
final_input_token_layerwise,undisclosed,k9,target_observation_mean,12,3.0,0.02136004724851226,False
final_input_token_layerwise,undisclosed,k9,target_observation_mean,13,3.0,0.0025861362423473255,False
final_input_token_layerwise,undisclosed,k9,target_observation_mean,14,3.0,0.010351570311252112,False
final_input_token_layerwise,undisclosed,k9,target_observation_mean,15,3.0,0.0912397999833893,False
final_input_token_layerwise,undisclosed,k9,target_observation_mean,16,3.0,0.14582913156168972,False
final_input_token_layerwise,undisclosed,k9,target_observation_mean,17,3.0,0.12113305747395822,False
final_input_token_layerwise,undisclosed,k9,target_observation_mean,18,3.0,0.10858792679143303,False
final_input_token_layerwise,undisclosed,k9,target_observation_mean,19,3.0,0.0948121304454379,False
final_input_token_layerwise,undisclosed,k9,target_observation_mean,20,3.0,0.08745595962311645,False
final_input_token_layerwise,undisclosed,k9,target_observation_mean,21,3.0,0.07955495497644316,False
final_input_token_layerwise,undisclosed,k9,target_observation_mean,22,3.0,0.09010623200828896,False
final_input_token_layerwise,undisclosed,k9,target_observation_mean,23,3.0,0.08094876731568906,False
final_input_token_layerwise,undisclosed,k9,target_observation_mean,24,3.0,0.08818934588121202,False
final_input_token_layerwise,undisclosed,k9,target_observation_mean,25,3.0,0.09159895178077024,False
final_input_token_layerwise,undisclosed,k9,target_observation_mean,26,0.1,0.11967028352198408,False
final_input_token_layerwise,undisclosed,k9,target_observation_mean,27,0.1,0.14487309493750744,False
final_input_token_layerwise,undisclosed,k9,target_observation_mean,28,0.1,0.16979097476469954,False
final_input_token_layerwise,undisclosed,k9,target_observation_mean,29,0.1,0.332499583131848,False
final_input_token_layerwise,undisclosed,k9,target_observation_mean,30,0.1,0.3762045364360945,True
final_input_token_layerwise,undisclosed,k9,target_observation_mean,31,0.1,0.35180933629540506,False
final_input_token_layerwise,undisclosed,k9,target_observation_mean,32,0.1,0.33746708543591725,False
final_input_token_layerwise,undisclosed,k9,target_time_slope,0,0.0001,0.0,False
final_input_token_layerwise,undisclosed,k9,target_time_slope,1,100.0,3.382710382690557e-05,False
final_input_token_layerwise,undisclosed,k9,target_time_slope,2,100.0,-0.00021737602546875734,False
final_input_token_layerwise,undisclosed,k9,target_time_slope,3,3.0,0.02630717062619717,False
final_input_token_layerwise,undisclosed,k9,target_time_slope,4,3.0,0.03268545353105906,False
final_input_token_layerwise,undisclosed,k9,target_time_slope,5,3.0,0.023029859350835236,False
final_input_token_layerwise,undisclosed,k9,target_time_slope,6,3.0,0.02727767776446363,False
final_input_token_layerwise,undisclosed,k9,target_time_slope,7,3.0,0.024641121472242844,False
final_input_token_layerwise,undisclosed,k9,target_time_slope,8,3.0,0.022811380232056394,False
final_input_token_layerwise,undisclosed,k9,target_time_slope,9,3.0,0.011097538923398792,False
final_input_token_layerwise,undisclosed,k9,target_time_slope,10,3.0,0.02785004040371361,False
final_input_token_layerwise,undisclosed,k9,target_time_slope,11,3.0,0.03683066555668729,False
final_input_token_layerwise,undisclosed,k9,target_time_slope,12,3.0,0.04579888560448703,False
final_input_token_layerwise,undisclosed,k9,target_time_slope,13,3.0,0.06545446010960526,False
final_input_token_layerwise,undisclosed,k9,target_time_slope,14,3.0,0.07768277382906244,False
final_input_token_layerwise,undisclosed,k9,target_time_slope,15,3.0,0.10943481816251951,True
final_input_token_layerwise,undisclosed,k9,target_time_slope,16,3.0,0.10789495516479844,False
final_input_token_layerwise,undisclosed,k9,target_time_slope,17,3.0,0.09498957617131257,False
final_input_token_layerwise,undisclosed,k9,target_time_slope,18,3.0,0.07973840267543983,False
final_input_token_layerwise,undisclosed,k9,target_time_slope,19,3.0,0.058532516544099605,False
final_input_token_layerwise,undisclosed,k9,target_time_slope,20,3.0,0.062173916253596,False
final_input_token_layerwise,undisclosed,k9,target_time_slope,21,3.0,0.07515517022233015,False
final_input_token_layerwise,undisclosed,k9,target_time_slope,22,3.0,0.07602307343348333,False
final_input_token_layerwise,undisclosed,k9,target_time_slope,23,3.0,0.07773051242026205,False
final_input_token_layerwise,undisclosed,k9,target_time_slope,24,3.0,0.07140703934108997,False
final_input_token_layerwise,undisclosed,k9,target_time_slope,25,3.0,0.07011195892874042,False
final_input_token_layerwise,undisclosed,k9,target_time_slope,26,3.0,0.07794556049590703,False
final_input_token_layerwise,undisclosed,k9,target_time_slope,27,3.0,0.07688146428883083,False
final_input_token_layerwise,undisclosed,k9,target_time_slope,28,3.0,0.0749419903183331,False
final_input_token_layerwise,undisclosed,k9,target_time_slope,29,3.0,0.07926594556050742,False
final_input_token_layerwise,undisclosed,k9,target_time_slope,30,3.0,0.08394393369523356,False
final_input_token_layerwise,undisclosed,k9,target_time_slope,31,3.0,0.07916849805504406,False
final_input_token_layerwise,undisclosed,k9,target_time_slope,32,3.0,0.08038949349918129,False
final_input_token_layerwise,undisclosed,k9,displayed_driver_outcome_slope,0,0.0001,-1.1102230246251565e-16,False
final_input_token_layerwise,undisclosed,k9,displayed_driver_outcome_slope,1,3.0,0.0023492971988887668,False
final_input_token_layerwise,undisclosed,k9,displayed_driver_outcome_slope,2,100.0,-0.0003562515101580843,False
final_input_token_layerwise,undisclosed,k9,displayed_driver_outcome_slope,3,100.0,-0.00016338219668574072,False
final_input_token_layerwise,undisclosed,k9,displayed_driver_outcome_slope,4,100.0,-6.297580838265926e-05,False
final_input_token_layerwise,undisclosed,k9,displayed_driver_outcome_slope,5,100.0,-0.0005311621422755541,False
final_input_token_layerwise,undisclosed,k9,displayed_driver_outcome_slope,6,100.0,-0.00010679743673419617,False
final_input_token_layerwise,undisclosed,k9,displayed_driver_outcome_slope,7,100.0,-4.653128354267788e-05,False
final_input_token_layerwise,undisclosed,k9,displayed_driver_outcome_slope,8,100.0,-0.00043283084937481564,False
final_input_token_layerwise,undisclosed,k9,displayed_driver_outcome_slope,9,100.0,-0.00045543364546982157,False
final_input_token_layerwise,undisclosed,k9,displayed_driver_outcome_slope,10,100.0,-0.0005035750832577401,False
final_input_token_layerwise,undisclosed,k9,displayed_driver_outcome_slope,11,100.0,-0.00043020326277429244,False
final_input_token_layerwise,undisclosed,k9,displayed_driver_outcome_slope,12,100.0,-0.00018192769664457376,False
final_input_token_layerwise,undisclosed,k9,displayed_driver_outcome_slope,13,3.0,0.002829194695401105,False
final_input_token_layerwise,undisclosed,k9,displayed_driver_outcome_slope,14,3.0,0.013726544069676244,False
final_input_token_layerwise,undisclosed,k9,displayed_driver_outcome_slope,15,3.0,0.031745440105773626,False
final_input_token_layerwise,undisclosed,k9,displayed_driver_outcome_slope,16,3.0,0.042843946209420974,False
final_input_token_layerwise,undisclosed,k9,displayed_driver_outcome_slope,17,3.0,0.02241698264384623,False
final_input_token_layerwise,undisclosed,k9,displayed_driver_outcome_slope,18,100.0,-0.002523452692934025,False
final_input_token_layerwise,undisclosed,k9,displayed_driver_outcome_slope,19,100.0,-0.002857375718887889,False
final_input_token_layerwise,undisclosed,k9,displayed_driver_outcome_slope,20,100.0,-0.0024961899618452243,False
final_input_token_layerwise,undisclosed,k9,displayed_driver_outcome_slope,21,100.0,-0.0023992466937823864,False
final_input_token_layerwise,undisclosed,k9,displayed_driver_outcome_slope,22,100.0,-0.002744640796580239,False
final_input_token_layerwise,undisclosed,k9,displayed_driver_outcome_slope,23,100.0,-0.002558953380412815,False
final_input_token_layerwise,undisclosed,k9,displayed_driver_outcome_slope,24,100.0,-0.0027150408963873274,False
final_input_token_layerwise,undisclosed,k9,displayed_driver_outcome_slope,25,100.0,-0.002693200830054615,False
final_input_token_layerwise,undisclosed,k9,displayed_driver_outcome_slope,26,100.0,-0.0029571576961853197,False
final_input_token_layerwise,undisclosed,k9,displayed_driver_outcome_slope,27,100.0,-0.0027907056950210174,False
final_input_token_layerwise,undisclosed,k9,displayed_driver_outcome_slope,28,3.0,-0.002072341212334794,False
final_input_token_layerwise,undisclosed,k9,displayed_driver_outcome_slope,29,0.1,0.06673311853483307,False
final_input_token_layerwise,undisclosed,k9,displayed_driver_outcome_slope,30,3.0,0.057791697840980066,False
final_input_token_layerwise,undisclosed,k9,displayed_driver_outcome_slope,31,3.0,0.06241719548137084,False
final_input_token_layerwise,undisclosed,k9,displayed_driver_outcome_slope,32,3.0,0.07515781393140572,True
final_input_token_layerwise,undisclosed,k9,oracle_posterior_gain,0,0.0001,0.0,False
final_input_token_layerwise,undisclosed,k9,oracle_posterior_gain,1,100.0,-0.00010447133073240855,False
final_input_token_layerwise,undisclosed,k9,oracle_posterior_gain,2,0.1,0.018643092415703083,False
final_input_token_layerwise,undisclosed,k9,oracle_posterior_gain,3,100.0,-0.0003586467754976841,False
final_input_token_layerwise,undisclosed,k9,oracle_posterior_gain,4,100.0,-0.0005247629062127834,False
final_input_token_layerwise,undisclosed,k9,oracle_posterior_gain,5,100.0,-2.922783345146729e-05,False
final_input_token_layerwise,undisclosed,k9,oracle_posterior_gain,6,100.0,-0.00018038833499009477,False
final_input_token_layerwise,undisclosed,k9,oracle_posterior_gain,7,3.0,0.011773488562045464,False
final_input_token_layerwise,undisclosed,k9,oracle_posterior_gain,8,3.0,0.0011083962489551458,False
final_input_token_layerwise,undisclosed,k9,oracle_posterior_gain,9,3.0,0.016124458817517368,False
final_input_token_layerwise,undisclosed,k9,oracle_posterior_gain,10,3.0,0.009550675462353553,False
final_input_token_layerwise,undisclosed,k9,oracle_posterior_gain,11,3.0,0.02660148571318907,False
final_input_token_layerwise,undisclosed,k9,oracle_posterior_gain,12,3.0,0.021665975555582584,False
final_input_token_layerwise,undisclosed,k9,oracle_posterior_gain,13,0.1,0.03160160298466305,False
final_input_token_layerwise,undisclosed,k9,oracle_posterior_gain,14,0.1,0.1267805381499289,False
final_input_token_layerwise,undisclosed,k9,oracle_posterior_gain,15,0.1,0.2298820384507014,False
final_input_token_layerwise,undisclosed,k9,oracle_posterior_gain,16,0.1,0.22192352517559508,False
final_input_token_layerwise,undisclosed,k9,oracle_posterior_gain,17,0.1,0.18640125170175936,False
final_input_token_layerwise,undisclosed,k9,oracle_posterior_gain,18,0.1,0.14706204422961125,False
final_input_token_layerwise,undisclosed,k9,oracle_posterior_gain,19,3.0,0.13086860984433552,False
final_input_token_layerwise,undisclosed,k9,oracle_posterior_gain,20,3.0,0.12034729326844337,False
final_input_token_layerwise,undisclosed,k9,oracle_posterior_gain,21,3.0,0.12009927601665552,False
final_input_token_layerwise,undisclosed,k9,oracle_posterior_gain,22,0.1,0.15655110007286827,False
final_input_token_layerwise,undisclosed,k9,oracle_posterior_gain,23,0.1,0.1730802715397749,False
final_input_token_layerwise,undisclosed,k9,oracle_posterior_gain,24,0.1,0.16759742466030764,False
final_input_token_layerwise,undisclosed,k9,oracle_posterior_gain,25,0.1,0.1790170025480757,False
final_input_token_layerwise,undisclosed,k9,oracle_posterior_gain,26,0.1,0.19686966189982982,False
final_input_token_layerwise,undisclosed,k9,oracle_posterior_gain,27,0.1,0.19835506700085548,False
final_input_token_layerwise,undisclosed,k9,oracle_posterior_gain,28,0.1,0.2833742995819469,False
final_input_token_layerwise,undisclosed,k9,oracle_posterior_gain,29,0.1,0.2842506773749198,False
final_input_token_layerwise,undisclosed,k9,oracle_posterior_gain,30,0.1,0.35055908087280796,True
final_input_token_layerwise,undisclosed,k9,oracle_posterior_gain,31,0.1,0.3222213487700407,False
final_input_token_layerwise,undisclosed,k9,oracle_posterior_gain,32,0.1,0.3210885306608342,False
final_input_token_layerwise,undisclosed,pooled,gain,0,0.0001,0.0,False
final_input_token_layerwise,undisclosed,pooled,gain,1,100.0,-0.0027486965838687447,False
final_input_token_layerwise,undisclosed,pooled,gain,2,100.0,-0.00046329103252039833,False
final_input_token_layerwise,undisclosed,pooled,gain,3,100.0,-0.004791372518468358,False
final_input_token_layerwise,undisclosed,pooled,gain,4,100.0,-0.005027321921300842,False
final_input_token_layerwise,undisclosed,pooled,gain,5,100.0,-0.003061202989035302,False
final_input_token_layerwise,undisclosed,pooled,gain,6,100.0,-0.0027496501622825595,False
final_input_token_layerwise,undisclosed,pooled,gain,7,100.0,-0.005079697072620358,False
final_input_token_layerwise,undisclosed,pooled,gain,8,100.0,-0.005987603485938658,False
final_input_token_layerwise,undisclosed,pooled,gain,9,100.0,0.0031777411956424215,False
final_input_token_layerwise,undisclosed,pooled,gain,10,100.0,0.0033400944282199287,False
final_input_token_layerwise,undisclosed,pooled,gain,11,3.0,0.0314179309199564,False
final_input_token_layerwise,undisclosed,pooled,gain,12,3.0,0.02676405848699499,False
final_input_token_layerwise,undisclosed,pooled,gain,13,3.0,0.029765617528823406,False
final_input_token_layerwise,undisclosed,pooled,gain,14,3.0,0.06039348710471648,False
final_input_token_layerwise,undisclosed,pooled,gain,15,3.0,0.18868084890963002,False
final_input_token_layerwise,undisclosed,pooled,gain,16,3.0,0.18106025126472292,False
final_input_token_layerwise,undisclosed,pooled,gain,17,3.0,0.14435017857839344,False
final_input_token_layerwise,undisclosed,pooled,gain,18,3.0,0.14254454411771877,False
final_input_token_layerwise,undisclosed,pooled,gain,19,3.0,0.1412222522076472,False
final_input_token_layerwise,undisclosed,pooled,gain,20,3.0,0.13368971596889934,False
final_input_token_layerwise,undisclosed,pooled,gain,21,3.0,0.12279571566635517,False
final_input_token_layerwise,undisclosed,pooled,gain,22,3.0,0.1325978014710797,False
final_input_token_layerwise,undisclosed,pooled,gain,23,3.0,0.13531960354129388,False
final_input_token_layerwise,undisclosed,pooled,gain,24,3.0,0.1352615499857702,False
final_input_token_layerwise,undisclosed,pooled,gain,25,3.0,0.1365072825439184,False
final_input_token_layerwise,undisclosed,pooled,gain,26,3.0,0.1454088046369301,False
final_input_token_layerwise,undisclosed,pooled,gain,27,3.0,0.14963122088607195,False
final_input_token_layerwise,undisclosed,pooled,gain,28,3.0,0.17819455214278235,False
final_input_token_layerwise,undisclosed,pooled,gain,29,3.0,0.20521127707854356,False
final_input_token_layerwise,undisclosed,pooled,gain,30,3.0,0.21876150616643444,False
final_input_token_layerwise,undisclosed,pooled,gain,31,3.0,0.21868728446342048,False
final_input_token_layerwise,undisclosed,pooled,gain,32,3.0,0.22891195541140327,True
final_input_token_layerwise,undisclosed,pooled,response_residual,0,0.0001,-2.7755575615628914e-17,False
final_input_token_layerwise,undisclosed,pooled,response_residual,1,100.0,-0.0014356965787348426,False
final_input_token_layerwise,undisclosed,pooled,response_residual,2,100.0,-0.0010730989921106566,False
final_input_token_layerwise,undisclosed,pooled,response_residual,3,100.0,-0.006569923202010682,False
final_input_token_layerwise,undisclosed,pooled,response_residual,4,100.0,-0.006968238148652717,False
final_input_token_layerwise,undisclosed,pooled,response_residual,5,100.0,-0.004217031172814236,False
final_input_token_layerwise,undisclosed,pooled,response_residual,6,100.0,-0.002363945136728459,False
final_input_token_layerwise,undisclosed,pooled,response_residual,7,100.0,-0.004371542590869045,False
final_input_token_layerwise,undisclosed,pooled,response_residual,8,100.0,-0.007282509035691036,False
final_input_token_layerwise,undisclosed,pooled,response_residual,9,100.0,-0.000734407680790324,False
final_input_token_layerwise,undisclosed,pooled,response_residual,10,100.0,-0.0022152592596278256,False
final_input_token_layerwise,undisclosed,pooled,response_residual,11,100.0,0.0011707620766964282,False
final_input_token_layerwise,undisclosed,pooled,response_residual,12,100.0,0.0011789582790449986,False
final_input_token_layerwise,undisclosed,pooled,response_residual,13,100.0,0.0009836398888186937,False
final_input_token_layerwise,undisclosed,pooled,response_residual,14,100.0,0.0029180307976753583,False
final_input_token_layerwise,undisclosed,pooled,response_residual,15,3.0,0.04259719620668253,False
final_input_token_layerwise,undisclosed,pooled,response_residual,16,100.0,0.026197663610742623,False
final_input_token_layerwise,undisclosed,pooled,response_residual,17,100.0,0.02238828626196677,False
final_input_token_layerwise,undisclosed,pooled,response_residual,18,100.0,0.01801015660896955,False
final_input_token_layerwise,undisclosed,pooled,response_residual,19,100.0,0.015805864290649507,False
final_input_token_layerwise,undisclosed,pooled,response_residual,20,100.0,0.013179786469148727,False
final_input_token_layerwise,undisclosed,pooled,response_residual,21,100.0,0.010790604177046423,False
final_input_token_layerwise,undisclosed,pooled,response_residual,22,100.0,0.01179147431362998,False
final_input_token_layerwise,undisclosed,pooled,response_residual,23,100.0,0.011657567124799392,False
final_input_token_layerwise,undisclosed,pooled,response_residual,24,100.0,0.011439308777499,False
final_input_token_layerwise,undisclosed,pooled,response_residual,25,100.0,0.01186490589025177,False
final_input_token_layerwise,undisclosed,pooled,response_residual,26,100.0,0.012269281443804616,False
final_input_token_layerwise,undisclosed,pooled,response_residual,27,3.0,0.033108411293181726,False
final_input_token_layerwise,undisclosed,pooled,response_residual,28,3.0,0.0570665288027811,False
final_input_token_layerwise,undisclosed,pooled,response_residual,29,3.0,0.10182703117871206,False
final_input_token_layerwise,undisclosed,pooled,response_residual,30,3.0,0.12646321744298636,False
final_input_token_layerwise,undisclosed,pooled,response_residual,31,3.0,0.12989273424343925,False
final_input_token_layerwise,undisclosed,pooled,response_residual,32,3.0,0.13881657879491874,True
mean_embedding,disclosed,k3,gain,0,100.0,-0.0009589042439733797,True
mean_embedding,disclosed,k3,response_residual,0,100.0,-0.001110632918032206,True
mean_embedding,disclosed,k6,gain,0,100.0,0.00021211892006114952,True
mean_embedding,disclosed,k6,response_residual,0,100.0,-0.00013133361583325676,True
mean_embedding,disclosed,k9,gain,0,3.0,0.011837593116618,True
mean_embedding,disclosed,k9,response_residual,0,100.0,0.0006193826779181399,True
mean_embedding,disclosed,pooled,gain,0,100.0,0.0020260137296078486,True
mean_embedding,disclosed,pooled,response_residual,0,100.0,-0.0013023204868278422,True
mean_embedding,undisclosed,k3,gain,0,100.0,-0.0010713728368005326,True
mean_embedding,undisclosed,k3,response_residual,0,100.0,-0.0012090417576992585,True
mean_embedding,undisclosed,k6,gain,0,100.0,0.00013838781628436325,True
mean_embedding,undisclosed,k6,response_residual,0,100.0,-0.00018889621886128416,True
mean_embedding,undisclosed,k9,gain,0,3.0,0.010394026080614294,True
mean_embedding,undisclosed,k9,response_residual,0,100.0,0.0006058295235571998,True
mean_embedding,undisclosed,pooled,gain,0,100.0,0.0020023985455211632,True
mean_embedding,undisclosed,pooled,response_residual,0,100.0,-0.0013306504888029962,True
mean_final_layer,disclosed,k3,gain,0,100.0,-1.2603554451207089e-05,True
mean_final_layer,disclosed,k3,response_residual,0,100.0,-1.212731827945901e-05,True
mean_final_layer,disclosed,k6,gain,0,3.0,0.006270624899427174,True
mean_final_layer,disclosed,k6,response_residual,0,100.0,8.089881693990053e-05,True
mean_final_layer,disclosed,k9,gain,0,0.1,0.04704477775966706,True
mean_final_layer,disclosed,k9,response_residual,0,3.0,0.007610949916116383,True
mean_final_layer,disclosed,pooled,gain,0,100.0,0.006865392984066437,True
mean_final_layer,disclosed,pooled,response_residual,0,100.0,0.0025277743406306543,True
mean_final_layer,undisclosed,k3,gain,0,100.0,-8.424594575193178e-05,True
mean_final_layer,undisclosed,k3,response_residual,0,100.0,-0.00034064960819313317,True
mean_final_layer,undisclosed,k6,gain,0,100.0,-2.8867768591178677e-05,True
mean_final_layer,undisclosed,k6,response_residual,0,100.0,-0.000262606273949334,True
mean_final_layer,undisclosed,k9,gain,0,3.0,0.0028536723528933827,True
mean_final_layer,undisclosed,k9,response_residual,0,100.0,-0.00012662726305415206,True
mean_final_layer,undisclosed,pooled,gain,0,100.0,-0.0037745509714417202,True
mean_final_layer,undisclosed,pooled,response_residual,0,100.0,-0.008308781685444586,True
