representation,train_disclosure,evidence,target,layer,alpha,cv_macro_development_baseline_r2,selected
final_input_token_layerwise,disclosed,k3,gain,0,0.0001,0.0,False
final_input_token_layerwise,disclosed,k3,gain,1,100.0,-0.0007851621329543756,False
final_input_token_layerwise,disclosed,k3,gain,2,100.0,-0.0007904478072548182,False
final_input_token_layerwise,disclosed,k3,gain,3,100.0,-0.00040778026236121256,False
final_input_token_layerwise,disclosed,k3,gain,4,100.0,-0.0004232730290998077,False
final_input_token_layerwise,disclosed,k3,gain,5,100.0,6.734829923638053e-05,False
final_input_token_layerwise,disclosed,k3,gain,6,100.0,-0.00020574821503033247,False
final_input_token_layerwise,disclosed,k3,gain,7,3.0,0.0037974144916031183,False
final_input_token_layerwise,disclosed,k3,gain,8,3.0,0.007766240990249862,False
final_input_token_layerwise,disclosed,k3,gain,9,100.0,-0.00019266416018598465,False
final_input_token_layerwise,disclosed,k3,gain,10,100.0,-0.000556746967214139,False
final_input_token_layerwise,disclosed,k3,gain,11,100.0,0.0003354617001521676,False
final_input_token_layerwise,disclosed,k3,gain,12,100.0,-0.00019280690175085824,False
final_input_token_layerwise,disclosed,k3,gain,13,100.0,5.653965261476213e-06,False
final_input_token_layerwise,disclosed,k3,gain,14,100.0,-0.0013252188417459676,False
final_input_token_layerwise,disclosed,k3,gain,15,100.0,-0.0010327356419623512,False
final_input_token_layerwise,disclosed,k3,gain,16,100.0,-0.0005310262150665934,False
final_input_token_layerwise,disclosed,k3,gain,17,100.0,0.0008624326208374888,False
final_input_token_layerwise,disclosed,k3,gain,18,100.0,-0.00011471769406704024,False
final_input_token_layerwise,disclosed,k3,gain,19,3.0,0.005639992341338329,False
final_input_token_layerwise,disclosed,k3,gain,20,3.0,0.013788864109164994,False
final_input_token_layerwise,disclosed,k3,gain,21,3.0,0.017384487082427874,False
final_input_token_layerwise,disclosed,k3,gain,22,3.0,0.03481315310692368,False
final_input_token_layerwise,disclosed,k3,gain,23,3.0,0.029473479325209856,False
final_input_token_layerwise,disclosed,k3,gain,24,3.0,0.035019816308557994,False
final_input_token_layerwise,disclosed,k3,gain,25,3.0,0.03552444953866771,False
final_input_token_layerwise,disclosed,k3,gain,26,3.0,0.039362054861782736,False
final_input_token_layerwise,disclosed,k3,gain,27,3.0,0.0466086530161727,True
final_input_token_layerwise,disclosed,k3,gain,28,3.0,0.0316445570333074,False
final_input_token_layerwise,disclosed,k3,gain,29,3.0,0.028339970980190088,False
final_input_token_layerwise,disclosed,k3,gain,30,3.0,0.023947952201073153,False
final_input_token_layerwise,disclosed,k3,gain,31,3.0,0.021717650381543163,False
final_input_token_layerwise,disclosed,k3,gain,32,3.0,0.017967303716338395,False
final_input_token_layerwise,disclosed,k3,gain,33,3.0,0.015497563280019694,False
final_input_token_layerwise,disclosed,k3,gain,34,3.0,0.03349299827003116,False
final_input_token_layerwise,disclosed,k3,gain,35,3.0,0.03264555629908136,False
final_input_token_layerwise,disclosed,k3,gain,36,3.0,0.03434988074453002,False
final_input_token_layerwise,disclosed,k3,response_residual,0,0.0001,-2.7755575615628914e-17,False
final_input_token_layerwise,disclosed,k3,response_residual,1,100.0,-0.0004084998492506764,False
final_input_token_layerwise,disclosed,k3,response_residual,2,100.0,-0.0007592351908883022,False
final_input_token_layerwise,disclosed,k3,response_residual,3,100.0,-0.0003800691668562617,False
final_input_token_layerwise,disclosed,k3,response_residual,4,100.0,0.0001351469961123064,False
final_input_token_layerwise,disclosed,k3,response_residual,5,100.0,0.00041689793650642737,False
final_input_token_layerwise,disclosed,k3,response_residual,6,100.0,6.391902127086957e-05,False
final_input_token_layerwise,disclosed,k3,response_residual,7,100.0,0.00041390315071537787,False
final_input_token_layerwise,disclosed,k3,response_residual,8,100.0,0.00020108629656309662,False
final_input_token_layerwise,disclosed,k3,response_residual,9,100.0,1.0860553054770072e-05,False
final_input_token_layerwise,disclosed,k3,response_residual,10,100.0,-0.00029802353411215177,False
final_input_token_layerwise,disclosed,k3,response_residual,11,100.0,0.0002634936707612001,False
final_input_token_layerwise,disclosed,k3,response_residual,12,100.0,-9.7794172687099e-05,False
final_input_token_layerwise,disclosed,k3,response_residual,13,100.0,-6.454168101194258e-05,False
final_input_token_layerwise,disclosed,k3,response_residual,14,100.0,-0.0013428215525395637,False
final_input_token_layerwise,disclosed,k3,response_residual,15,100.0,-0.0012467356260698892,False
final_input_token_layerwise,disclosed,k3,response_residual,16,100.0,-0.00088335009272969,False
final_input_token_layerwise,disclosed,k3,response_residual,17,100.0,0.00013137896742074218,False
final_input_token_layerwise,disclosed,k3,response_residual,18,100.0,-0.0006620065466890757,False
final_input_token_layerwise,disclosed,k3,response_residual,19,100.0,0.00015697930677954774,False
final_input_token_layerwise,disclosed,k3,response_residual,20,3.0,0.0014416673868834218,False
final_input_token_layerwise,disclosed,k3,response_residual,21,100.0,0.0008776705892220293,False
final_input_token_layerwise,disclosed,k3,response_residual,22,3.0,0.008955682591430869,False
final_input_token_layerwise,disclosed,k3,response_residual,23,100.0,0.0005887473729459802,False
final_input_token_layerwise,disclosed,k3,response_residual,24,100.0,0.0016512631897889485,False
final_input_token_layerwise,disclosed,k3,response_residual,25,100.0,0.0029442397203826576,False
final_input_token_layerwise,disclosed,k3,response_residual,26,100.0,0.003695985954279085,False
final_input_token_layerwise,disclosed,k3,response_residual,27,100.0,0.003950977953749879,False
final_input_token_layerwise,disclosed,k3,response_residual,28,100.0,0.003818368985124415,False
final_input_token_layerwise,disclosed,k3,response_residual,29,100.0,0.0031288843932298638,False
final_input_token_layerwise,disclosed,k3,response_residual,30,100.0,0.0025758113678328864,False
final_input_token_layerwise,disclosed,k3,response_residual,31,100.0,0.002228305606817499,False
final_input_token_layerwise,disclosed,k3,response_residual,32,100.0,0.00158730057986059,False
final_input_token_layerwise,disclosed,k3,response_residual,33,100.0,0.0011683254129242482,False
final_input_token_layerwise,disclosed,k3,response_residual,34,3.0,0.010379269616457076,False
final_input_token_layerwise,disclosed,k3,response_residual,35,3.0,0.016435514332092088,True
final_input_token_layerwise,disclosed,k3,response_residual,36,3.0,0.01586024629804142,False
final_input_token_layerwise,disclosed,k3,last_target_observation,0,0.0001,-8.326672684688674e-17,False
final_input_token_layerwise,disclosed,k3,last_target_observation,1,0.1,0.10248112328794132,False
final_input_token_layerwise,disclosed,k3,last_target_observation,2,100.0,-0.0015342409402067658,False
final_input_token_layerwise,disclosed,k3,last_target_observation,3,100.0,-0.000902953640952997,False
final_input_token_layerwise,disclosed,k3,last_target_observation,4,100.0,-0.0008014669479242675,False
final_input_token_layerwise,disclosed,k3,last_target_observation,5,100.0,-0.000622317391413052,False
final_input_token_layerwise,disclosed,k3,last_target_observation,6,100.0,-0.0004342361008876916,False
final_input_token_layerwise,disclosed,k3,last_target_observation,7,100.0,-0.0006578171367192798,False
final_input_token_layerwise,disclosed,k3,last_target_observation,8,100.0,-0.001781137060529292,False
final_input_token_layerwise,disclosed,k3,last_target_observation,9,100.0,-0.0010382649358131602,False
final_input_token_layerwise,disclosed,k3,last_target_observation,10,100.0,-0.0007344612283748664,False
final_input_token_layerwise,disclosed,k3,last_target_observation,11,100.0,-0.0005850919634947938,False
final_input_token_layerwise,disclosed,k3,last_target_observation,12,100.0,-0.0007534128811038376,False
final_input_token_layerwise,disclosed,k3,last_target_observation,13,100.0,-0.0005329296574098363,False
final_input_token_layerwise,disclosed,k3,last_target_observation,14,100.0,-0.0003709510998444465,False
final_input_token_layerwise,disclosed,k3,last_target_observation,15,100.0,-0.0008021728564860109,False
final_input_token_layerwise,disclosed,k3,last_target_observation,16,100.0,-0.0008568147330420273,False
final_input_token_layerwise,disclosed,k3,last_target_observation,17,100.0,-0.00013315606309219352,False
final_input_token_layerwise,disclosed,k3,last_target_observation,18,3.0,0.00489548042146451,False
final_input_token_layerwise,disclosed,k3,last_target_observation,19,0.1,0.026809273881093082,False
final_input_token_layerwise,disclosed,k3,last_target_observation,20,0.1,0.19267190215335656,True
final_input_token_layerwise,disclosed,k3,last_target_observation,21,0.1,0.17977828078343122,False
final_input_token_layerwise,disclosed,k3,last_target_observation,22,3.0,0.11126811107953258,False
final_input_token_layerwise,disclosed,k3,last_target_observation,23,0.1,0.11288766669190325,False
final_input_token_layerwise,disclosed,k3,last_target_observation,24,3.0,0.10734380634639004,False
final_input_token_layerwise,disclosed,k3,last_target_observation,25,3.0,0.06717384771507792,False
final_input_token_layerwise,disclosed,k3,last_target_observation,26,3.0,0.06464048323373453,False
final_input_token_layerwise,disclosed,k3,last_target_observation,27,3.0,0.07703200450038322,False
final_input_token_layerwise,disclosed,k3,last_target_observation,28,3.0,0.08006313702753998,False
final_input_token_layerwise,disclosed,k3,last_target_observation,29,3.0,0.07652471981272,False
final_input_token_layerwise,disclosed,k3,last_target_observation,30,3.0,0.05662886189238603,False
final_input_token_layerwise,disclosed,k3,last_target_observation,31,3.0,0.05176370439776315,False
final_input_token_layerwise,disclosed,k3,last_target_observation,32,3.0,0.042762035463330184,False
final_input_token_layerwise,disclosed,k3,last_target_observation,33,3.0,0.02574717455866507,False
final_input_token_layerwise,disclosed,k3,last_target_observation,34,3.0,0.031143084931122583,False
final_input_token_layerwise,disclosed,k3,last_target_observation,35,3.0,0.035320795167046753,False
final_input_token_layerwise,disclosed,k3,last_target_observation,36,3.0,0.050061693180801364,False
final_input_token_layerwise,disclosed,k3,target_observation_mean,0,0.0001,5.551115123125783e-17,False
final_input_token_layerwise,disclosed,k3,target_observation_mean,1,3.0,0.014371175994051716,False
final_input_token_layerwise,disclosed,k3,target_observation_mean,2,3.0,0.007716775307933438,False
final_input_token_layerwise,disclosed,k3,target_observation_mean,3,3.0,0.008364984809848847,False
final_input_token_layerwise,disclosed,k3,target_observation_mean,4,3.0,0.006187446901593896,False
final_input_token_layerwise,disclosed,k3,target_observation_mean,5,3.0,0.009435997399505514,False
final_input_token_layerwise,disclosed,k3,target_observation_mean,6,3.0,0.006161401569481556,False
final_input_token_layerwise,disclosed,k3,target_observation_mean,7,3.0,0.00523235197273253,False
final_input_token_layerwise,disclosed,k3,target_observation_mean,8,3.0,0.0226598750450602,False
final_input_token_layerwise,disclosed,k3,target_observation_mean,9,3.0,0.011200343184932404,False
final_input_token_layerwise,disclosed,k3,target_observation_mean,10,3.0,0.021666753539626465,False
final_input_token_layerwise,disclosed,k3,target_observation_mean,11,3.0,0.03824484674121201,False
final_input_token_layerwise,disclosed,k3,target_observation_mean,12,3.0,0.03579612486881226,False
final_input_token_layerwise,disclosed,k3,target_observation_mean,13,3.0,0.014239763672424133,False
final_input_token_layerwise,disclosed,k3,target_observation_mean,14,100.0,-6.777421645287607e-06,False
final_input_token_layerwise,disclosed,k3,target_observation_mean,15,3.0,0.0025619457702536763,False
final_input_token_layerwise,disclosed,k3,target_observation_mean,16,3.0,0.005006013615465876,False
final_input_token_layerwise,disclosed,k3,target_observation_mean,17,3.0,0.036443780104648854,False
final_input_token_layerwise,disclosed,k3,target_observation_mean,18,0.1,0.1119088119503002,False
final_input_token_layerwise,disclosed,k3,target_observation_mean,19,3.0,0.11877378217028325,False
final_input_token_layerwise,disclosed,k3,target_observation_mean,20,3.0,0.19682175593443788,False
final_input_token_layerwise,disclosed,k3,target_observation_mean,21,0.1,0.25135521731459176,True
final_input_token_layerwise,disclosed,k3,target_observation_mean,22,3.0,0.24045077786448166,False
final_input_token_layerwise,disclosed,k3,target_observation_mean,23,3.0,0.19950799791345,False
final_input_token_layerwise,disclosed,k3,target_observation_mean,24,3.0,0.15686015640023357,False
final_input_token_layerwise,disclosed,k3,target_observation_mean,25,3.0,0.1062290153421154,False
final_input_token_layerwise,disclosed,k3,target_observation_mean,26,3.0,0.09011700439120493,False
final_input_token_layerwise,disclosed,k3,target_observation_mean,27,3.0,0.11716267620835341,False
final_input_token_layerwise,disclosed,k3,target_observation_mean,28,0.1,0.18398089720545535,False
final_input_token_layerwise,disclosed,k3,target_observation_mean,29,3.0,0.11420857660014569,False
final_input_token_layerwise,disclosed,k3,target_observation_mean,30,0.1,0.13339921319847217,False
final_input_token_layerwise,disclosed,k3,target_observation_mean,31,0.1,0.10595883947977525,False
final_input_token_layerwise,disclosed,k3,target_observation_mean,32,3.0,0.08908017417813263,False
final_input_token_layerwise,disclosed,k3,target_observation_mean,33,3.0,0.08873914471413771,False
final_input_token_layerwise,disclosed,k3,target_observation_mean,34,3.0,0.07383150273778236,False
final_input_token_layerwise,disclosed,k3,target_observation_mean,35,0.1,0.1259072693495588,False
final_input_token_layerwise,disclosed,k3,target_observation_mean,36,0.1,0.1468534111977273,False
final_input_token_layerwise,disclosed,k3,target_time_slope,0,0.0001,0.0,False
final_input_token_layerwise,disclosed,k3,target_time_slope,1,0.1,0.012182671016556179,False
final_input_token_layerwise,disclosed,k3,target_time_slope,2,100.0,-0.0022952481747560427,False
final_input_token_layerwise,disclosed,k3,target_time_slope,3,100.0,-0.0018088100284532893,False
final_input_token_layerwise,disclosed,k3,target_time_slope,4,100.0,-0.0011045264715885406,False
final_input_token_layerwise,disclosed,k3,target_time_slope,5,100.0,-0.0013264234875349779,False
final_input_token_layerwise,disclosed,k3,target_time_slope,6,100.0,-0.0013251926562122818,False
final_input_token_layerwise,disclosed,k3,target_time_slope,7,100.0,-0.0012054648805805979,False
final_input_token_layerwise,disclosed,k3,target_time_slope,8,100.0,-0.004561682343781903,False
final_input_token_layerwise,disclosed,k3,target_time_slope,9,100.0,-0.004496385788524293,False
final_input_token_layerwise,disclosed,k3,target_time_slope,10,100.0,-0.003342889536917193,False
final_input_token_layerwise,disclosed,k3,target_time_slope,11,100.0,-0.003178085378041595,False
final_input_token_layerwise,disclosed,k3,target_time_slope,12,100.0,-0.0029766589822151635,False
final_input_token_layerwise,disclosed,k3,target_time_slope,13,100.0,-0.002642393471617377,False
final_input_token_layerwise,disclosed,k3,target_time_slope,14,100.0,-0.0022302080384867806,False
final_input_token_layerwise,disclosed,k3,target_time_slope,15,100.0,-0.00257896972215399,False
final_input_token_layerwise,disclosed,k3,target_time_slope,16,100.0,-0.0019607661508641017,False
final_input_token_layerwise,disclosed,k3,target_time_slope,17,100.0,-0.0015279102220633334,False
final_input_token_layerwise,disclosed,k3,target_time_slope,18,100.0,-0.0021781283070517743,False
final_input_token_layerwise,disclosed,k3,target_time_slope,19,100.0,-0.0004538849119103683,False
final_input_token_layerwise,disclosed,k3,target_time_slope,20,0.1,0.12276550936536015,True
final_input_token_layerwise,disclosed,k3,target_time_slope,21,3.0,0.05050984158522673,False
final_input_token_layerwise,disclosed,k3,target_time_slope,22,3.0,0.04314421990786266,False
final_input_token_layerwise,disclosed,k3,target_time_slope,23,3.0,0.06102010775823122,False
final_input_token_layerwise,disclosed,k3,target_time_slope,24,3.0,0.05082614115779216,False
final_input_token_layerwise,disclosed,k3,target_time_slope,25,3.0,0.03482292620561103,False
final_input_token_layerwise,disclosed,k3,target_time_slope,26,3.0,0.039782100997732495,False
final_input_token_layerwise,disclosed,k3,target_time_slope,27,3.0,0.0473911336190348,False
final_input_token_layerwise,disclosed,k3,target_time_slope,28,3.0,0.037921181590849146,False
final_input_token_layerwise,disclosed,k3,target_time_slope,29,0.1,0.0678903632301428,False
final_input_token_layerwise,disclosed,k3,target_time_slope,30,0.1,0.10336506865328021,False
final_input_token_layerwise,disclosed,k3,target_time_slope,31,3.0,0.05151126212344456,False
final_input_token_layerwise,disclosed,k3,target_time_slope,32,3.0,0.04520389106549516,False
final_input_token_layerwise,disclosed,k3,target_time_slope,33,3.0,0.05611411547757794,False
final_input_token_layerwise,disclosed,k3,target_time_slope,34,3.0,0.06543126149528927,False
final_input_token_layerwise,disclosed,k3,target_time_slope,35,3.0,0.06637078440363067,False
final_input_token_layerwise,disclosed,k3,target_time_slope,36,3.0,0.07519173952490152,False
final_input_token_layerwise,disclosed,k3,displayed_driver_outcome_slope,0,0.0001,5.551115123125783e-17,False
final_input_token_layerwise,disclosed,k3,displayed_driver_outcome_slope,1,3.0,0.006787634212299221,False
final_input_token_layerwise,disclosed,k3,displayed_driver_outcome_slope,2,100.0,-0.00010700434100932577,False
final_input_token_layerwise,disclosed,k3,displayed_driver_outcome_slope,3,100.0,-0.0002013206089917785,False
final_input_token_layerwise,disclosed,k3,displayed_driver_outcome_slope,4,100.0,0.0007581913226849535,False
final_input_token_layerwise,disclosed,k3,displayed_driver_outcome_slope,5,100.0,0.0005236520166164993,False
final_input_token_layerwise,disclosed,k3,displayed_driver_outcome_slope,6,3.0,0.005858442177173129,False
final_input_token_layerwise,disclosed,k3,displayed_driver_outcome_slope,7,3.0,0.004300023860148328,False
final_input_token_layerwise,disclosed,k3,displayed_driver_outcome_slope,8,3.0,0.014194042254395411,False
final_input_token_layerwise,disclosed,k3,displayed_driver_outcome_slope,9,3.0,0.012809024598216645,False
final_input_token_layerwise,disclosed,k3,displayed_driver_outcome_slope,10,3.0,0.008893478270570548,False
final_input_token_layerwise,disclosed,k3,displayed_driver_outcome_slope,11,3.0,0.0022894096781077844,False
final_input_token_layerwise,disclosed,k3,displayed_driver_outcome_slope,12,3.0,0.00536340425891893,False
final_input_token_layerwise,disclosed,k3,displayed_driver_outcome_slope,13,3.0,0.016742639861090453,True
final_input_token_layerwise,disclosed,k3,displayed_driver_outcome_slope,14,100.0,0.00020538114312743105,False
final_input_token_layerwise,disclosed,k3,displayed_driver_outcome_slope,15,100.0,0.00010369109660549047,False
final_input_token_layerwise,disclosed,k3,displayed_driver_outcome_slope,16,3.0,0.012848621476093669,False
final_input_token_layerwise,disclosed,k3,displayed_driver_outcome_slope,17,100.0,0.0009423899630247035,False
final_input_token_layerwise,disclosed,k3,displayed_driver_outcome_slope,18,3.0,0.0074381765978624725,False
final_input_token_layerwise,disclosed,k3,displayed_driver_outcome_slope,19,100.0,9.297481349956893e-05,False
final_input_token_layerwise,disclosed,k3,displayed_driver_outcome_slope,20,100.0,0.00016427514522462938,False
final_input_token_layerwise,disclosed,k3,displayed_driver_outcome_slope,21,100.0,0.00037918117482679814,False
final_input_token_layerwise,disclosed,k3,displayed_driver_outcome_slope,22,100.0,0.000858734325551086,False
final_input_token_layerwise,disclosed,k3,displayed_driver_outcome_slope,23,3.0,0.010194245860165319,False
final_input_token_layerwise,disclosed,k3,displayed_driver_outcome_slope,24,100.0,6.793333648999478e-05,False
final_input_token_layerwise,disclosed,k3,displayed_driver_outcome_slope,25,100.0,0.00034925690710080337,False
final_input_token_layerwise,disclosed,k3,displayed_driver_outcome_slope,26,100.0,0.00039730684075900413,False
final_input_token_layerwise,disclosed,k3,displayed_driver_outcome_slope,27,100.0,0.0002870913080109949,False
final_input_token_layerwise,disclosed,k3,displayed_driver_outcome_slope,28,100.0,0.00042076148679923153,False
final_input_token_layerwise,disclosed,k3,displayed_driver_outcome_slope,29,100.0,-0.000330769673736353,False
final_input_token_layerwise,disclosed,k3,displayed_driver_outcome_slope,30,100.0,0.00014115181076260197,False
final_input_token_layerwise,disclosed,k3,displayed_driver_outcome_slope,31,100.0,6.708569439320411e-05,False
final_input_token_layerwise,disclosed,k3,displayed_driver_outcome_slope,32,100.0,-0.000316929545750938,False
final_input_token_layerwise,disclosed,k3,displayed_driver_outcome_slope,33,100.0,-0.0011605829495079378,False
final_input_token_layerwise,disclosed,k3,displayed_driver_outcome_slope,34,100.0,-0.0012983284103752213,False
final_input_token_layerwise,disclosed,k3,displayed_driver_outcome_slope,35,100.0,-0.0010248956866647507,False
final_input_token_layerwise,disclosed,k3,displayed_driver_outcome_slope,36,100.0,-0.0012210695841958774,False
final_input_token_layerwise,disclosed,k3,oracle_posterior_gain,0,0.0001,0.0,False
final_input_token_layerwise,disclosed,k3,oracle_posterior_gain,1,100.0,-0.003316894141630694,False
final_input_token_layerwise,disclosed,k3,oracle_posterior_gain,2,100.0,-0.0015855472358956568,False
final_input_token_layerwise,disclosed,k3,oracle_posterior_gain,3,100.0,-0.0012172560265593102,False
final_input_token_layerwise,disclosed,k3,oracle_posterior_gain,4,100.0,-0.0014293954349911542,False
final_input_token_layerwise,disclosed,k3,oracle_posterior_gain,5,100.0,-0.0006053283399808096,False
final_input_token_layerwise,disclosed,k3,oracle_posterior_gain,6,100.0,-0.0006063395147408168,False
final_input_token_layerwise,disclosed,k3,oracle_posterior_gain,7,100.0,-0.0006378355605685115,False
final_input_token_layerwise,disclosed,k3,oracle_posterior_gain,8,100.0,-0.002011793328933309,False
final_input_token_layerwise,disclosed,k3,oracle_posterior_gain,9,100.0,-0.0025109896671934306,False
final_input_token_layerwise,disclosed,k3,oracle_posterior_gain,10,100.0,-0.0030324157221464643,False
final_input_token_layerwise,disclosed,k3,oracle_posterior_gain,11,100.0,-0.0018837971810580223,False
final_input_token_layerwise,disclosed,k3,oracle_posterior_gain,12,100.0,-0.0015211436847266668,False
final_input_token_layerwise,disclosed,k3,oracle_posterior_gain,13,100.0,-0.0004453388664490965,False
final_input_token_layerwise,disclosed,k3,oracle_posterior_gain,14,100.0,-0.0003666287728066042,False
final_input_token_layerwise,disclosed,k3,oracle_posterior_gain,15,100.0,-0.0014199822711688515,False
final_input_token_layerwise,disclosed,k3,oracle_posterior_gain,16,100.0,0.00013868805355291003,False
final_input_token_layerwise,disclosed,k3,oracle_posterior_gain,17,100.0,-0.00039773460316175346,False
final_input_token_layerwise,disclosed,k3,oracle_posterior_gain,18,100.0,-0.0005103222489733772,False
final_input_token_layerwise,disclosed,k3,oracle_posterior_gain,19,3.0,0.02610134367629116,False
final_input_token_layerwise,disclosed,k3,oracle_posterior_gain,20,3.0,0.04393034413930505,False
final_input_token_layerwise,disclosed,k3,oracle_posterior_gain,21,3.0,0.038574284832367634,False
final_input_token_layerwise,disclosed,k3,oracle_posterior_gain,22,3.0,0.05027020596528564,False
final_input_token_layerwise,disclosed,k3,oracle_posterior_gain,23,3.0,0.04890849928834104,False
final_input_token_layerwise,disclosed,k3,oracle_posterior_gain,24,3.0,0.05577120703111288,False
final_input_token_layerwise,disclosed,k3,oracle_posterior_gain,25,3.0,0.057630762569884864,False
final_input_token_layerwise,disclosed,k3,oracle_posterior_gain,26,3.0,0.050510291872401164,False
final_input_token_layerwise,disclosed,k3,oracle_posterior_gain,27,3.0,0.059885349868380205,True
final_input_token_layerwise,disclosed,k3,oracle_posterior_gain,28,3.0,0.04401058635531907,False
final_input_token_layerwise,disclosed,k3,oracle_posterior_gain,29,3.0,0.05015798323046505,False
final_input_token_layerwise,disclosed,k3,oracle_posterior_gain,30,3.0,0.05284963535832099,False
final_input_token_layerwise,disclosed,k3,oracle_posterior_gain,31,3.0,0.04227741452358735,False
final_input_token_layerwise,disclosed,k3,oracle_posterior_gain,32,3.0,0.027089638150202655,False
final_input_token_layerwise,disclosed,k3,oracle_posterior_gain,33,3.0,0.03302807336377753,False
final_input_token_layerwise,disclosed,k3,oracle_posterior_gain,34,3.0,0.031659260916290455,False
final_input_token_layerwise,disclosed,k3,oracle_posterior_gain,35,3.0,0.04299321892054808,False
final_input_token_layerwise,disclosed,k3,oracle_posterior_gain,36,3.0,0.05780392144101168,False
final_input_token_layerwise,disclosed,k6,gain,0,0.0001,0.0,False
final_input_token_layerwise,disclosed,k6,gain,1,100.0,-0.0005593516139939803,False
final_input_token_layerwise,disclosed,k6,gain,2,3.0,0.001477271594395424,False
final_input_token_layerwise,disclosed,k6,gain,3,100.0,-0.0009839315359274903,False
final_input_token_layerwise,disclosed,k6,gain,4,100.0,-0.000989799307063971,False
final_input_token_layerwise,disclosed,k6,gain,5,100.0,-0.0008418666659910645,False
final_input_token_layerwise,disclosed,k6,gain,6,100.0,-0.0009611006499294361,False
final_input_token_layerwise,disclosed,k6,gain,7,100.0,-0.0010647979336002589,False
final_input_token_layerwise,disclosed,k6,gain,8,100.0,-0.0015040298940537378,False
final_input_token_layerwise,disclosed,k6,gain,9,100.0,-0.0014134667830492664,False
final_input_token_layerwise,disclosed,k6,gain,10,100.0,-0.0012800889218088085,False
final_input_token_layerwise,disclosed,k6,gain,11,100.0,-0.0006187176884835943,False
final_input_token_layerwise,disclosed,k6,gain,12,100.0,-9.640112192565997e-05,False
final_input_token_layerwise,disclosed,k6,gain,13,100.0,-0.00014322306380493144,False
final_input_token_layerwise,disclosed,k6,gain,14,100.0,-0.0022058824414020184,False
final_input_token_layerwise,disclosed,k6,gain,15,100.0,-0.0022936094232295923,False
final_input_token_layerwise,disclosed,k6,gain,16,100.0,-0.0011777703068524548,False
final_input_token_layerwise,disclosed,k6,gain,17,100.0,-0.0004011568664183951,False
final_input_token_layerwise,disclosed,k6,gain,18,100.0,-0.0009211399240811324,False
final_input_token_layerwise,disclosed,k6,gain,19,100.0,-0.00044656812706392324,False
final_input_token_layerwise,disclosed,k6,gain,20,100.0,-0.000493903644938315,False
final_input_token_layerwise,disclosed,k6,gain,21,3.0,0.025407748967055166,False
final_input_token_layerwise,disclosed,k6,gain,22,0.1,0.05544786067266763,False
final_input_token_layerwise,disclosed,k6,gain,23,0.1,0.08351613336028862,False
final_input_token_layerwise,disclosed,k6,gain,24,0.1,0.08583153272047228,True
final_input_token_layerwise,disclosed,k6,gain,25,0.1,0.05778765430584726,False
final_input_token_layerwise,disclosed,k6,gain,26,0.1,0.0602678692228277,False
final_input_token_layerwise,disclosed,k6,gain,27,3.0,0.03390943575801941,False
final_input_token_layerwise,disclosed,k6,gain,28,3.0,0.03355561310493066,False
final_input_token_layerwise,disclosed,k6,gain,29,3.0,0.016562949850787267,False
final_input_token_layerwise,disclosed,k6,gain,30,3.0,0.002707696973640955,False
final_input_token_layerwise,disclosed,k6,gain,31,3.0,0.0023572997516754512,False
final_input_token_layerwise,disclosed,k6,gain,32,100.0,-0.0005676458713389787,False
final_input_token_layerwise,disclosed,k6,gain,33,100.0,-0.0002513734866826933,False
final_input_token_layerwise,disclosed,k6,gain,34,3.0,0.019476124127782574,False
final_input_token_layerwise,disclosed,k6,gain,35,3.0,0.04044425606547583,False
final_input_token_layerwise,disclosed,k6,gain,36,3.0,0.0516963787274789,False
final_input_token_layerwise,disclosed,k6,response_residual,0,0.0001,-2.7755575615628914e-17,False
final_input_token_layerwise,disclosed,k6,response_residual,1,100.0,-0.002301755137044892,False
final_input_token_layerwise,disclosed,k6,response_residual,2,100.0,-0.0016640430552138652,False
final_input_token_layerwise,disclosed,k6,response_residual,3,100.0,-0.001527136677469676,False
final_input_token_layerwise,disclosed,k6,response_residual,4,100.0,-0.0009541688029133799,False
final_input_token_layerwise,disclosed,k6,response_residual,5,100.0,-0.000907606131166222,False
final_input_token_layerwise,disclosed,k6,response_residual,6,100.0,-0.0008430556088852015,False
final_input_token_layerwise,disclosed,k6,response_residual,7,100.0,-0.0011327316048775904,False
final_input_token_layerwise,disclosed,k6,response_residual,8,100.0,-0.0017498588522432967,False
final_input_token_layerwise,disclosed,k6,response_residual,9,100.0,-0.0017000673970595237,False
final_input_token_layerwise,disclosed,k6,response_residual,10,100.0,-0.0015908664308839637,False
final_input_token_layerwise,disclosed,k6,response_residual,11,100.0,-0.0011379799883218245,False
final_input_token_layerwise,disclosed,k6,response_residual,12,100.0,-0.000552337908381495,False
final_input_token_layerwise,disclosed,k6,response_residual,13,100.0,-0.0008605543788418046,False
final_input_token_layerwise,disclosed,k6,response_residual,14,100.0,-0.0023955687616511734,False
final_input_token_layerwise,disclosed,k6,response_residual,15,100.0,-0.001791763830141485,False
final_input_token_layerwise,disclosed,k6,response_residual,16,100.0,-0.0009899396561683649,False
final_input_token_layerwise,disclosed,k6,response_residual,17,100.0,-0.00017514371929006067,False
final_input_token_layerwise,disclosed,k6,response_residual,18,100.0,-0.001030311468931483,False
final_input_token_layerwise,disclosed,k6,response_residual,19,100.0,-0.0009599617374578817,False
final_input_token_layerwise,disclosed,k6,response_residual,20,100.0,-0.000993525858768357,False
final_input_token_layerwise,disclosed,k6,response_residual,21,100.0,0.0005414190724035706,False
final_input_token_layerwise,disclosed,k6,response_residual,22,3.0,0.004334609747452228,False
final_input_token_layerwise,disclosed,k6,response_residual,23,3.0,0.013707987140998468,False
final_input_token_layerwise,disclosed,k6,response_residual,24,3.0,0.007525662290241819,False
final_input_token_layerwise,disclosed,k6,response_residual,25,3.0,0.009821980507442846,False
final_input_token_layerwise,disclosed,k6,response_residual,26,3.0,0.004279975732234598,False
final_input_token_layerwise,disclosed,k6,response_residual,27,100.0,0.0013279026269067407,False
final_input_token_layerwise,disclosed,k6,response_residual,28,100.0,0.0013768243228750587,False
final_input_token_layerwise,disclosed,k6,response_residual,29,100.0,0.0005105819091144881,False
final_input_token_layerwise,disclosed,k6,response_residual,30,100.0,-6.291310678871453e-05,False
final_input_token_layerwise,disclosed,k6,response_residual,31,100.0,-0.00037372053020462426,False
final_input_token_layerwise,disclosed,k6,response_residual,32,100.0,-0.0009179772725562418,False
final_input_token_layerwise,disclosed,k6,response_residual,33,100.0,-0.0005802052517753509,False
final_input_token_layerwise,disclosed,k6,response_residual,34,3.0,0.0024344110368988703,False
final_input_token_layerwise,disclosed,k6,response_residual,35,3.0,0.017960386994563732,False
final_input_token_layerwise,disclosed,k6,response_residual,36,3.0,0.025868501541219058,True
final_input_token_layerwise,disclosed,k6,last_target_observation,0,0.0001,-2.7755575615628914e-17,False
final_input_token_layerwise,disclosed,k6,last_target_observation,1,0.1,0.044902557592623155,False
final_input_token_layerwise,disclosed,k6,last_target_observation,2,0.1,0.02839190346416673,False
final_input_token_layerwise,disclosed,k6,last_target_observation,3,0.1,0.02682187612858361,False
final_input_token_layerwise,disclosed,k6,last_target_observation,4,3.0,0.011722539030961765,False
final_input_token_layerwise,disclosed,k6,last_target_observation,5,3.0,0.0064075227470409835,False
final_input_token_layerwise,disclosed,k6,last_target_observation,6,3.0,0.014387715385708433,False
final_input_token_layerwise,disclosed,k6,last_target_observation,7,3.0,0.009835578754195412,False
final_input_token_layerwise,disclosed,k6,last_target_observation,8,100.0,0.0003138617518503306,False
final_input_token_layerwise,disclosed,k6,last_target_observation,9,100.0,-4.697825937421962e-05,False
final_input_token_layerwise,disclosed,k6,last_target_observation,10,100.0,-0.00011339678313634916,False
final_input_token_layerwise,disclosed,k6,last_target_observation,11,100.0,-0.0008243674509011423,False
final_input_token_layerwise,disclosed,k6,last_target_observation,12,100.0,-0.00035405915311140235,False
final_input_token_layerwise,disclosed,k6,last_target_observation,13,3.0,0.025167888735488364,False
final_input_token_layerwise,disclosed,k6,last_target_observation,14,3.0,0.028449132063376292,False
final_input_token_layerwise,disclosed,k6,last_target_observation,15,3.0,0.01836540022873051,False
final_input_token_layerwise,disclosed,k6,last_target_observation,16,3.0,0.011971444997590758,False
final_input_token_layerwise,disclosed,k6,last_target_observation,17,3.0,0.022789057960476505,False
final_input_token_layerwise,disclosed,k6,last_target_observation,18,3.0,0.0319511911623413,False
final_input_token_layerwise,disclosed,k6,last_target_observation,19,3.0,0.05049035651441908,False
final_input_token_layerwise,disclosed,k6,last_target_observation,20,3.0,0.06992194522044953,False
final_input_token_layerwise,disclosed,k6,last_target_observation,21,3.0,0.07531885005414721,False
final_input_token_layerwise,disclosed,k6,last_target_observation,22,3.0,0.07486605407758301,False
final_input_token_layerwise,disclosed,k6,last_target_observation,23,3.0,0.09775531457132666,True
final_input_token_layerwise,disclosed,k6,last_target_observation,24,3.0,0.08072687866452846,False
final_input_token_layerwise,disclosed,k6,last_target_observation,25,3.0,0.06067551189450657,False
final_input_token_layerwise,disclosed,k6,last_target_observation,26,3.0,0.06074836931909608,False
final_input_token_layerwise,disclosed,k6,last_target_observation,27,3.0,0.06463932199353006,False
final_input_token_layerwise,disclosed,k6,last_target_observation,28,3.0,0.06829421655142284,False
final_input_token_layerwise,disclosed,k6,last_target_observation,29,3.0,0.06675418869048572,False
final_input_token_layerwise,disclosed,k6,last_target_observation,30,3.0,0.06226898325448507,False
final_input_token_layerwise,disclosed,k6,last_target_observation,31,3.0,0.05836189914238646,False
final_input_token_layerwise,disclosed,k6,last_target_observation,32,3.0,0.05947202931481438,False
final_input_token_layerwise,disclosed,k6,last_target_observation,33,3.0,0.052064833409584205,False
final_input_token_layerwise,disclosed,k6,last_target_observation,34,3.0,0.04296666693229367,False
final_input_token_layerwise,disclosed,k6,last_target_observation,35,3.0,0.04990940833313379,False
final_input_token_layerwise,disclosed,k6,last_target_observation,36,3.0,0.03727079105308656,False
final_input_token_layerwise,disclosed,k6,target_observation_mean,0,0.0001,2.7755575615628914e-17,False
final_input_token_layerwise,disclosed,k6,target_observation_mean,1,100.0,-0.012407816903915098,False
final_input_token_layerwise,disclosed,k6,target_observation_mean,2,100.0,-0.00574022899089191,False
final_input_token_layerwise,disclosed,k6,target_observation_mean,3,100.0,-0.0043925179338137055,False
final_input_token_layerwise,disclosed,k6,target_observation_mean,4,100.0,-0.0021705686147761027,False
final_input_token_layerwise,disclosed,k6,target_observation_mean,5,100.0,-0.0011234560438566354,False
final_input_token_layerwise,disclosed,k6,target_observation_mean,6,100.0,-0.0003806614073725567,False
final_input_token_layerwise,disclosed,k6,target_observation_mean,7,100.0,0.0009547230825492914,False
final_input_token_layerwise,disclosed,k6,target_observation_mean,8,100.0,0.0017804707826762356,False
final_input_token_layerwise,disclosed,k6,target_observation_mean,9,100.0,0.0006010636068105313,False
final_input_token_layerwise,disclosed,k6,target_observation_mean,10,100.0,0.0006041085863776052,False
final_input_token_layerwise,disclosed,k6,target_observation_mean,11,3.0,0.004599178780931579,False
final_input_token_layerwise,disclosed,k6,target_observation_mean,12,3.0,0.007742067479435261,False
final_input_token_layerwise,disclosed,k6,target_observation_mean,13,3.0,0.002552232196889437,False
final_input_token_layerwise,disclosed,k6,target_observation_mean,14,3.0,0.003380306332457894,False
final_input_token_layerwise,disclosed,k6,target_observation_mean,15,100.0,0.0002601020080071348,False
final_input_token_layerwise,disclosed,k6,target_observation_mean,16,100.0,0.0002934803491249083,False
final_input_token_layerwise,disclosed,k6,target_observation_mean,17,100.0,-0.00013920457261926145,False
final_input_token_layerwise,disclosed,k6,target_observation_mean,18,3.0,0.023250740224323607,False
final_input_token_layerwise,disclosed,k6,target_observation_mean,19,0.1,0.07262528956422898,False
final_input_token_layerwise,disclosed,k6,target_observation_mean,20,0.1,0.1337530420645041,False
final_input_token_layerwise,disclosed,k6,target_observation_mean,21,0.1,0.24163605905117103,False
final_input_token_layerwise,disclosed,k6,target_observation_mean,22,0.1,0.351772962206208,False
final_input_token_layerwise,disclosed,k6,target_observation_mean,23,0.1,0.3549244818952466,True
final_input_token_layerwise,disclosed,k6,target_observation_mean,24,0.1,0.28660729421803394,False
final_input_token_layerwise,disclosed,k6,target_observation_mean,25,0.1,0.15825350482973383,False
final_input_token_layerwise,disclosed,k6,target_observation_mean,26,3.0,0.08099842285587511,False
final_input_token_layerwise,disclosed,k6,target_observation_mean,27,3.0,0.09353747381601046,False
final_input_token_layerwise,disclosed,k6,target_observation_mean,28,3.0,0.13578394579470232,False
final_input_token_layerwise,disclosed,k6,target_observation_mean,29,0.1,0.10232287679166069,False
final_input_token_layerwise,disclosed,k6,target_observation_mean,30,0.1,0.1084919427372204,False
final_input_token_layerwise,disclosed,k6,target_observation_mean,31,0.1,0.10926322550507536,False
final_input_token_layerwise,disclosed,k6,target_observation_mean,32,3.0,0.09627323312010913,False
final_input_token_layerwise,disclosed,k6,target_observation_mean,33,3.0,0.0856488545563146,False
final_input_token_layerwise,disclosed,k6,target_observation_mean,34,3.0,0.07326658495881008,False
final_input_token_layerwise,disclosed,k6,target_observation_mean,35,3.0,0.09463086466854143,False
final_input_token_layerwise,disclosed,k6,target_observation_mean,36,3.0,0.10750243110025456,False
final_input_token_layerwise,disclosed,k6,target_time_slope,0,0.0001,0.0,False
final_input_token_layerwise,disclosed,k6,target_time_slope,1,3.0,0.004251726235840136,False
final_input_token_layerwise,disclosed,k6,target_time_slope,2,3.0,0.008384593263904616,False
final_input_token_layerwise,disclosed,k6,target_time_slope,3,3.0,0.005209176431405199,False
final_input_token_layerwise,disclosed,k6,target_time_slope,4,3.0,0.0004807685873967904,False
final_input_token_layerwise,disclosed,k6,target_time_slope,5,100.0,0.0004973762498292067,False
final_input_token_layerwise,disclosed,k6,target_time_slope,6,3.0,0.002153576590714218,False
final_input_token_layerwise,disclosed,k6,target_time_slope,7,100.0,4.111702218706492e-05,False
final_input_token_layerwise,disclosed,k6,target_time_slope,8,100.0,-6.610696796349735e-05,False
final_input_token_layerwise,disclosed,k6,target_time_slope,9,100.0,-0.00039707998233806663,False
final_input_token_layerwise,disclosed,k6,target_time_slope,10,100.0,-0.0005216648643416033,False
final_input_token_layerwise,disclosed,k6,target_time_slope,11,100.0,-0.001648787923633821,False
final_input_token_layerwise,disclosed,k6,target_time_slope,12,100.0,-0.0009498945188840258,False
final_input_token_layerwise,disclosed,k6,target_time_slope,13,100.0,-7.764464381299074e-05,False
final_input_token_layerwise,disclosed,k6,target_time_slope,14,100.0,-0.00048389590371963886,False
final_input_token_layerwise,disclosed,k6,target_time_slope,15,100.0,-0.0007530879378666866,False
final_input_token_layerwise,disclosed,k6,target_time_slope,16,3.0,0.002712956295014418,False
final_input_token_layerwise,disclosed,k6,target_time_slope,17,3.0,0.03679774170368974,False
final_input_token_layerwise,disclosed,k6,target_time_slope,18,3.0,0.04053559642237828,False
final_input_token_layerwise,disclosed,k6,target_time_slope,19,3.0,0.07650603924342608,False
final_input_token_layerwise,disclosed,k6,target_time_slope,20,3.0,0.10996770956373123,True
final_input_token_layerwise,disclosed,k6,target_time_slope,21,3.0,0.09968014927219915,False
final_input_token_layerwise,disclosed,k6,target_time_slope,22,3.0,0.10313202969716587,False
final_input_token_layerwise,disclosed,k6,target_time_slope,23,3.0,0.10792402430653741,False
final_input_token_layerwise,disclosed,k6,target_time_slope,24,3.0,0.07954332948311457,False
final_input_token_layerwise,disclosed,k6,target_time_slope,25,3.0,0.07081307944075596,False
final_input_token_layerwise,disclosed,k6,target_time_slope,26,3.0,0.06086131092609404,False
final_input_token_layerwise,disclosed,k6,target_time_slope,27,3.0,0.07122237085089184,False
final_input_token_layerwise,disclosed,k6,target_time_slope,28,3.0,0.07199013086696449,False
final_input_token_layerwise,disclosed,k6,target_time_slope,29,3.0,0.06777181899302712,False
final_input_token_layerwise,disclosed,k6,target_time_slope,30,3.0,0.08436044382370333,False
final_input_token_layerwise,disclosed,k6,target_time_slope,31,3.0,0.07815672268772053,False
final_input_token_layerwise,disclosed,k6,target_time_slope,32,3.0,0.07226895513758719,False
final_input_token_layerwise,disclosed,k6,target_time_slope,33,3.0,0.09129545286885027,False
final_input_token_layerwise,disclosed,k6,target_time_slope,34,3.0,0.08876730211474823,False
final_input_token_layerwise,disclosed,k6,target_time_slope,35,3.0,0.0972226011722212,False
final_input_token_layerwise,disclosed,k6,target_time_slope,36,3.0,0.0918327829919382,False
final_input_token_layerwise,disclosed,k6,displayed_driver_outcome_slope,0,0.0001,-5.551115123125783e-17,False
final_input_token_layerwise,disclosed,k6,displayed_driver_outcome_slope,1,100.0,-0.0023242645807797224,False
final_input_token_layerwise,disclosed,k6,displayed_driver_outcome_slope,2,100.0,-0.0027515190086735974,False
final_input_token_layerwise,disclosed,k6,displayed_driver_outcome_slope,3,100.0,-0.002376356883136199,False
final_input_token_layerwise,disclosed,k6,displayed_driver_outcome_slope,4,100.0,-0.00255137018219026,False
final_input_token_layerwise,disclosed,k6,displayed_driver_outcome_slope,5,100.0,-0.0019238088517873897,False
final_input_token_layerwise,disclosed,k6,displayed_driver_outcome_slope,6,100.0,-0.0013959756074209406,False
final_input_token_layerwise,disclosed,k6,displayed_driver_outcome_slope,7,100.0,-0.0013149161934093434,False
final_input_token_layerwise,disclosed,k6,displayed_driver_outcome_slope,8,100.0,-0.0013931887179957636,False
final_input_token_layerwise,disclosed,k6,displayed_driver_outcome_slope,9,100.0,-0.0010052802759798751,False
final_input_token_layerwise,disclosed,k6,displayed_driver_outcome_slope,10,100.0,-0.0006601302159700839,False
final_input_token_layerwise,disclosed,k6,displayed_driver_outcome_slope,11,100.0,-0.0009143756242903089,False
final_input_token_layerwise,disclosed,k6,displayed_driver_outcome_slope,12,100.0,-0.00134454020148278,False
final_input_token_layerwise,disclosed,k6,displayed_driver_outcome_slope,13,100.0,-0.0020010432124105137,False
final_input_token_layerwise,disclosed,k6,displayed_driver_outcome_slope,14,100.0,-0.0018132013891952181,False
final_input_token_layerwise,disclosed,k6,displayed_driver_outcome_slope,15,100.0,-0.0005178485761527518,False
final_input_token_layerwise,disclosed,k6,displayed_driver_outcome_slope,16,100.0,-4.9768391055138306e-05,False
final_input_token_layerwise,disclosed,k6,displayed_driver_outcome_slope,17,100.0,0.0009700843309390361,True
final_input_token_layerwise,disclosed,k6,displayed_driver_outcome_slope,18,100.0,0.0006946494005516946,False
final_input_token_layerwise,disclosed,k6,displayed_driver_outcome_slope,19,100.0,-9.706980612461669e-05,False
final_input_token_layerwise,disclosed,k6,displayed_driver_outcome_slope,20,100.0,-0.0007287362336809433,False
final_input_token_layerwise,disclosed,k6,displayed_driver_outcome_slope,21,100.0,-0.000985623223776877,False
final_input_token_layerwise,disclosed,k6,displayed_driver_outcome_slope,22,100.0,-0.0007029416756808016,False
final_input_token_layerwise,disclosed,k6,displayed_driver_outcome_slope,23,100.0,-0.0007451258397750959,False
final_input_token_layerwise,disclosed,k6,displayed_driver_outcome_slope,24,100.0,-0.0014694592686559094,False
final_input_token_layerwise,disclosed,k6,displayed_driver_outcome_slope,25,100.0,-0.0004237950719364614,False
final_input_token_layerwise,disclosed,k6,displayed_driver_outcome_slope,26,100.0,-0.0009139501662287219,False
final_input_token_layerwise,disclosed,k6,displayed_driver_outcome_slope,27,100.0,-0.0010735751653439263,False
final_input_token_layerwise,disclosed,k6,displayed_driver_outcome_slope,28,100.0,-0.0007189258169860158,False
final_input_token_layerwise,disclosed,k6,displayed_driver_outcome_slope,29,100.0,-0.0006351109101727925,False
final_input_token_layerwise,disclosed,k6,displayed_driver_outcome_slope,30,100.0,-0.000748815177693013,False
final_input_token_layerwise,disclosed,k6,displayed_driver_outcome_slope,31,100.0,-0.0006033995410362758,False
final_input_token_layerwise,disclosed,k6,displayed_driver_outcome_slope,32,100.0,-0.0007365362651424456,False
final_input_token_layerwise,disclosed,k6,displayed_driver_outcome_slope,33,100.0,-0.0010247277308659541,False
final_input_token_layerwise,disclosed,k6,displayed_driver_outcome_slope,34,100.0,-0.0011032140365439258,False
final_input_token_layerwise,disclosed,k6,displayed_driver_outcome_slope,35,100.0,-0.0003990861991602923,False
final_input_token_layerwise,disclosed,k6,displayed_driver_outcome_slope,36,100.0,-0.0005700538702611557,False
final_input_token_layerwise,disclosed,k6,oracle_posterior_gain,0,0.0001,-5.551115123125783e-17,False
final_input_token_layerwise,disclosed,k6,oracle_posterior_gain,1,100.0,-0.005560726831983748,False
final_input_token_layerwise,disclosed,k6,oracle_posterior_gain,2,100.0,-0.0031580019475969667,False
final_input_token_layerwise,disclosed,k6,oracle_posterior_gain,3,100.0,-0.0026977769110933802,False
final_input_token_layerwise,disclosed,k6,oracle_posterior_gain,4,100.0,-0.00177339275735644,False
final_input_token_layerwise,disclosed,k6,oracle_posterior_gain,5,100.0,-0.0010989802891657463,False
final_input_token_layerwise,disclosed,k6,oracle_posterior_gain,6,100.0,-0.0007251690435868263,False
final_input_token_layerwise,disclosed,k6,oracle_posterior_gain,7,100.0,-0.0007400566745419113,False
final_input_token_layerwise,disclosed,k6,oracle_posterior_gain,8,100.0,-0.001368886204489106,False
final_input_token_layerwise,disclosed,k6,oracle_posterior_gain,9,100.0,-0.0009775946118303624,False
final_input_token_layerwise,disclosed,k6,oracle_posterior_gain,10,100.0,-0.00011367936798434286,False
final_input_token_layerwise,disclosed,k6,oracle_posterior_gain,11,100.0,0.002166035139122363,False
final_input_token_layerwise,disclosed,k6,oracle_posterior_gain,12,100.0,0.0018784274116269983,False
final_input_token_layerwise,disclosed,k6,oracle_posterior_gain,13,3.0,0.0017543426251709904,False
final_input_token_layerwise,disclosed,k6,oracle_posterior_gain,14,3.0,0.0055918900590256615,False
final_input_token_layerwise,disclosed,k6,oracle_posterior_gain,15,3.0,0.008239079107185854,False
final_input_token_layerwise,disclosed,k6,oracle_posterior_gain,16,3.0,0.023562687767139157,False
final_input_token_layerwise,disclosed,k6,oracle_posterior_gain,17,3.0,0.023700572645644402,False
final_input_token_layerwise,disclosed,k6,oracle_posterior_gain,18,3.0,0.0214528751700353,False
final_input_token_layerwise,disclosed,k6,oracle_posterior_gain,19,3.0,0.036684437806341924,False
final_input_token_layerwise,disclosed,k6,oracle_posterior_gain,20,3.0,0.03753504327843826,False
final_input_token_layerwise,disclosed,k6,oracle_posterior_gain,21,3.0,0.02882052369572108,False
final_input_token_layerwise,disclosed,k6,oracle_posterior_gain,22,3.0,0.05188778678420805,False
final_input_token_layerwise,disclosed,k6,oracle_posterior_gain,23,3.0,0.07246892389091816,False
final_input_token_layerwise,disclosed,k6,oracle_posterior_gain,24,0.1,0.09676669453378514,False
final_input_token_layerwise,disclosed,k6,oracle_posterior_gain,25,0.1,0.08442233482180894,False
final_input_token_layerwise,disclosed,k6,oracle_posterior_gain,26,0.1,0.1085554210869033,True
final_input_token_layerwise,disclosed,k6,oracle_posterior_gain,27,3.0,0.05265228323728402,False
final_input_token_layerwise,disclosed,k6,oracle_posterior_gain,28,3.0,0.05120297814172181,False
final_input_token_layerwise,disclosed,k6,oracle_posterior_gain,29,3.0,0.04740371670778798,False
final_input_token_layerwise,disclosed,k6,oracle_posterior_gain,30,3.0,0.04633962361690355,False
final_input_token_layerwise,disclosed,k6,oracle_posterior_gain,31,3.0,0.03642237900959333,False
final_input_token_layerwise,disclosed,k6,oracle_posterior_gain,32,3.0,0.03387273459936285,False
final_input_token_layerwise,disclosed,k6,oracle_posterior_gain,33,3.0,0.020540233038807337,False
final_input_token_layerwise,disclosed,k6,oracle_posterior_gain,34,3.0,0.031409546948726386,False
final_input_token_layerwise,disclosed,k6,oracle_posterior_gain,35,3.0,0.05376289872145967,False
final_input_token_layerwise,disclosed,k6,oracle_posterior_gain,36,3.0,0.050951778353799104,False
final_input_token_layerwise,disclosed,k9,gain,0,0.0001,0.0,False
final_input_token_layerwise,disclosed,k9,gain,1,100.0,-0.0030356719955098033,False
final_input_token_layerwise,disclosed,k9,gain,2,100.0,-0.0017045960565617024,False
final_input_token_layerwise,disclosed,k9,gain,3,100.0,-0.000987769563499441,False
final_input_token_layerwise,disclosed,k9,gain,4,100.0,-0.0010835121942562864,False
final_input_token_layerwise,disclosed,k9,gain,5,100.0,-0.000902067976077503,False
final_input_token_layerwise,disclosed,k9,gain,6,100.0,-0.0009191706353354756,False
final_input_token_layerwise,disclosed,k9,gain,7,100.0,-0.0006426697144532034,False
final_input_token_layerwise,disclosed,k9,gain,8,100.0,-0.0009201427795354766,False
final_input_token_layerwise,disclosed,k9,gain,9,100.0,-0.00052652796851832,False
final_input_token_layerwise,disclosed,k9,gain,10,100.0,-0.00021078937397350783,False
final_input_token_layerwise,disclosed,k9,gain,11,100.0,-0.00039906688767329945,False
final_input_token_layerwise,disclosed,k9,gain,12,100.0,-0.00039223289681572515,False
final_input_token_layerwise,disclosed,k9,gain,13,100.0,-0.000746255695390996,False
final_input_token_layerwise,disclosed,k9,gain,14,100.0,-0.0020689444373248045,False
final_input_token_layerwise,disclosed,k9,gain,15,100.0,-0.0003785107107096841,False
final_input_token_layerwise,disclosed,k9,gain,16,100.0,-0.0004945446778744367,False
final_input_token_layerwise,disclosed,k9,gain,17,100.0,-0.00041485705366439696,False
final_input_token_layerwise,disclosed,k9,gain,18,100.0,-0.0009597811854761551,False
final_input_token_layerwise,disclosed,k9,gain,19,100.0,-0.0005006115442745263,False
final_input_token_layerwise,disclosed,k9,gain,20,3.0,0.004495461831840991,False
final_input_token_layerwise,disclosed,k9,gain,21,3.0,0.006537706432268642,False
final_input_token_layerwise,disclosed,k9,gain,22,3.0,0.029138083043450808,False
final_input_token_layerwise,disclosed,k9,gain,23,3.0,0.05161164217827277,False
final_input_token_layerwise,disclosed,k9,gain,24,3.0,0.03103672426785506,False
final_input_token_layerwise,disclosed,k9,gain,25,0.1,0.03972423657823965,False
final_input_token_layerwise,disclosed,k9,gain,26,0.1,0.038486646891113085,False
final_input_token_layerwise,disclosed,k9,gain,27,0.1,0.16933453680967075,False
final_input_token_layerwise,disclosed,k9,gain,28,0.1,0.14894151604736713,False
final_input_token_layerwise,disclosed,k9,gain,29,0.1,0.131776360021671,False
final_input_token_layerwise,disclosed,k9,gain,30,0.1,0.14955209949375284,False
final_input_token_layerwise,disclosed,k9,gain,31,0.1,0.14210737027141962,False
final_input_token_layerwise,disclosed,k9,gain,32,0.1,0.12085268794415144,False
final_input_token_layerwise,disclosed,k9,gain,33,0.1,0.0886193782099384,False
final_input_token_layerwise,disclosed,k9,gain,34,0.1,0.12523436989829537,False
final_input_token_layerwise,disclosed,k9,gain,35,0.1,0.17186793447865487,True
final_input_token_layerwise,disclosed,k9,gain,36,0.1,0.15242310138400728,False
final_input_token_layerwise,disclosed,k9,response_residual,0,0.0001,-2.7755575615628914e-17,False
final_input_token_layerwise,disclosed,k9,response_residual,1,100.0,-0.0033896916663209153,False
final_input_token_layerwise,disclosed,k9,response_residual,2,100.0,-0.0020244102054679525,False
final_input_token_layerwise,disclosed,k9,response_residual,3,100.0,-0.0011615214476532465,False
final_input_token_layerwise,disclosed,k9,response_residual,4,100.0,-0.0011676713130258365,False
final_input_token_layerwise,disclosed,k9,response_residual,5,100.0,-0.0009529388698877317,False
final_input_token_layerwise,disclosed,k9,response_residual,6,100.0,-0.0009893308542637258,False
final_input_token_layerwise,disclosed,k9,response_residual,7,100.0,-0.0006682159425715484,False
final_input_token_layerwise,disclosed,k9,response_residual,8,100.0,-0.000647723130017902,False
final_input_token_layerwise,disclosed,k9,response_residual,9,100.0,-0.00027979331484820347,False
final_input_token_layerwise,disclosed,k9,response_residual,10,100.0,-0.00025023647189054143,False
final_input_token_layerwise,disclosed,k9,response_residual,11,100.0,-0.0002772187664952519,False
final_input_token_layerwise,disclosed,k9,response_residual,12,100.0,-0.000415993799470632,False
final_input_token_layerwise,disclosed,k9,response_residual,13,100.0,-0.0010001780461050824,False
final_input_token_layerwise,disclosed,k9,response_residual,14,100.0,-0.002274141270667107,False
final_input_token_layerwise,disclosed,k9,response_residual,15,100.0,-0.0007401299782226478,False
final_input_token_layerwise,disclosed,k9,response_residual,16,100.0,-0.0011245037101146327,False
final_input_token_layerwise,disclosed,k9,response_residual,17,100.0,-0.0010078064167909628,False
final_input_token_layerwise,disclosed,k9,response_residual,18,100.0,-0.001566965097660994,False
final_input_token_layerwise,disclosed,k9,response_residual,19,100.0,-0.0008448921855583047,False
final_input_token_layerwise,disclosed,k9,response_residual,20,100.0,-0.0005970204653546196,False
final_input_token_layerwise,disclosed,k9,response_residual,21,100.0,-0.0005686602896022852,False
final_input_token_layerwise,disclosed,k9,response_residual,22,100.0,0.00029415418350195455,False
final_input_token_layerwise,disclosed,k9,response_residual,23,3.0,0.014417661746571164,False
final_input_token_layerwise,disclosed,k9,response_residual,24,100.0,0.001196930374140981,False
final_input_token_layerwise,disclosed,k9,response_residual,25,3.0,0.015819061269092105,False
final_input_token_layerwise,disclosed,k9,response_residual,26,3.0,0.0076888029933095126,False
final_input_token_layerwise,disclosed,k9,response_residual,27,3.0,0.026175302681254065,False
final_input_token_layerwise,disclosed,k9,response_residual,28,3.0,0.022227502800687193,False
final_input_token_layerwise,disclosed,k9,response_residual,29,3.0,0.020648766252639145,False
final_input_token_layerwise,disclosed,k9,response_residual,30,3.0,0.022831306921502786,False
final_input_token_layerwise,disclosed,k9,response_residual,31,3.0,0.025869447235820825,False
final_input_token_layerwise,disclosed,k9,response_residual,32,3.0,0.027955744204083116,False
final_input_token_layerwise,disclosed,k9,response_residual,33,3.0,0.019213157819855053,False
final_input_token_layerwise,disclosed,k9,response_residual,34,3.0,0.04367321695347898,False
final_input_token_layerwise,disclosed,k9,response_residual,35,3.0,0.05664483268154569,False
final_input_token_layerwise,disclosed,k9,response_residual,36,3.0,0.06027874811592743,True
final_input_token_layerwise,disclosed,k9,last_target_observation,0,0.0001,1.3877787807814457e-16,False
final_input_token_layerwise,disclosed,k9,last_target_observation,1,100.0,-0.005624635592864247,False
final_input_token_layerwise,disclosed,k9,last_target_observation,2,100.0,-0.004943762045367228,False
final_input_token_layerwise,disclosed,k9,last_target_observation,3,100.0,-0.0032060650817293257,False
final_input_token_layerwise,disclosed,k9,last_target_observation,4,100.0,-0.0024237734936058963,False
final_input_token_layerwise,disclosed,k9,last_target_observation,5,100.0,-0.0014188033218254792,False
final_input_token_layerwise,disclosed,k9,last_target_observation,6,100.0,-0.0012916849936858155,False
final_input_token_layerwise,disclosed,k9,last_target_observation,7,100.0,-0.001975973208592774,False
final_input_token_layerwise,disclosed,k9,last_target_observation,8,100.0,-0.0018857733220715156,False
final_input_token_layerwise,disclosed,k9,last_target_observation,9,100.0,-0.001043699910901752,False
final_input_token_layerwise,disclosed,k9,last_target_observation,10,100.0,0.00020437976284956583,False
final_input_token_layerwise,disclosed,k9,last_target_observation,11,100.0,0.0004775883551278448,False
final_input_token_layerwise,disclosed,k9,last_target_observation,12,3.0,0.0021588022051897693,False
final_input_token_layerwise,disclosed,k9,last_target_observation,13,3.0,0.01236400583536365,False
final_input_token_layerwise,disclosed,k9,last_target_observation,14,3.0,0.013597356747570594,False
final_input_token_layerwise,disclosed,k9,last_target_observation,15,3.0,0.0005083376868734168,False
final_input_token_layerwise,disclosed,k9,last_target_observation,16,100.0,0.00044491367695395634,False
final_input_token_layerwise,disclosed,k9,last_target_observation,17,3.0,0.0053531668618756745,False
final_input_token_layerwise,disclosed,k9,last_target_observation,18,3.0,0.002227893698247496,False
final_input_token_layerwise,disclosed,k9,last_target_observation,19,3.0,0.017129092916724042,False
final_input_token_layerwise,disclosed,k9,last_target_observation,20,3.0,0.05678389349548371,True
final_input_token_layerwise,disclosed,k9,last_target_observation,21,3.0,0.03547624278061148,False
final_input_token_layerwise,disclosed,k9,last_target_observation,22,3.0,0.043164487596763806,False
final_input_token_layerwise,disclosed,k9,last_target_observation,23,3.0,0.03604729087314415,False
final_input_token_layerwise,disclosed,k9,last_target_observation,24,3.0,0.014699769309928973,False
final_input_token_layerwise,disclosed,k9,last_target_observation,25,100.0,-0.00044168546289935495,False
final_input_token_layerwise,disclosed,k9,last_target_observation,26,3.0,0.005168801695188074,False
final_input_token_layerwise,disclosed,k9,last_target_observation,27,100.0,-0.000357858168084757,False
final_input_token_layerwise,disclosed,k9,last_target_observation,28,100.0,-0.00012647393814957386,False
final_input_token_layerwise,disclosed,k9,last_target_observation,29,100.0,-0.00010848655437620258,False
final_input_token_layerwise,disclosed,k9,last_target_observation,30,100.0,-0.0006257993536377682,False
final_input_token_layerwise,disclosed,k9,last_target_observation,31,100.0,-0.0007124504306164903,False
final_input_token_layerwise,disclosed,k9,last_target_observation,32,100.0,-0.0007439817659278258,False
final_input_token_layerwise,disclosed,k9,last_target_observation,33,100.0,-0.0008202732329479767,False
final_input_token_layerwise,disclosed,k9,last_target_observation,34,100.0,-0.000138647528016983,False
final_input_token_layerwise,disclosed,k9,last_target_observation,35,3.0,0.0007094855805423739,False
final_input_token_layerwise,disclosed,k9,last_target_observation,36,100.0,-0.00024473115456311034,False
final_input_token_layerwise,disclosed,k9,target_observation_mean,0,0.0001,3.885780586188048e-16,False
final_input_token_layerwise,disclosed,k9,target_observation_mean,1,100.0,0.004572017063642797,False
final_input_token_layerwise,disclosed,k9,target_observation_mean,2,100.0,0.00280462559490513,False
final_input_token_layerwise,disclosed,k9,target_observation_mean,3,3.0,0.00756508847091153,False
final_input_token_layerwise,disclosed,k9,target_observation_mean,4,100.0,0.0006639060202442704,False
final_input_token_layerwise,disclosed,k9,target_observation_mean,5,100.0,0.00035001139114931856,False
final_input_token_layerwise,disclosed,k9,target_observation_mean,6,100.0,0.00040198582046702125,False
final_input_token_layerwise,disclosed,k9,target_observation_mean,7,3.0,0.0020538930030631897,False
final_input_token_layerwise,disclosed,k9,target_observation_mean,8,100.0,7.98882813470847e-05,False
final_input_token_layerwise,disclosed,k9,target_observation_mean,9,100.0,-0.0004197317590965144,False
final_input_token_layerwise,disclosed,k9,target_observation_mean,10,100.0,-9.533912896902974e-05,False
final_input_token_layerwise,disclosed,k9,target_observation_mean,11,100.0,0.00030486706618132464,False
final_input_token_layerwise,disclosed,k9,target_observation_mean,12,100.0,0.0002303343375110456,False
final_input_token_layerwise,disclosed,k9,target_observation_mean,13,100.0,2.5543323266291607e-05,False
final_input_token_layerwise,disclosed,k9,target_observation_mean,14,100.0,0.00014369972249358987,False
final_input_token_layerwise,disclosed,k9,target_observation_mean,15,100.0,-0.00033131221736831806,False
final_input_token_layerwise,disclosed,k9,target_observation_mean,16,100.0,-0.0005620755970299207,False
final_input_token_layerwise,disclosed,k9,target_observation_mean,17,100.0,-0.0012575280700217184,False
final_input_token_layerwise,disclosed,k9,target_observation_mean,18,100.0,-0.0009149470982401653,False
final_input_token_layerwise,disclosed,k9,target_observation_mean,19,100.0,-0.0010522709115411422,False
final_input_token_layerwise,disclosed,k9,target_observation_mean,20,3.0,-3.4763174221241755e-05,False
final_input_token_layerwise,disclosed,k9,target_observation_mean,21,3.0,0.02110743991924463,False
final_input_token_layerwise,disclosed,k9,target_observation_mean,22,3.0,0.037636053575201056,False
final_input_token_layerwise,disclosed,k9,target_observation_mean,23,3.0,0.025355728998812027,False
final_input_token_layerwise,disclosed,k9,target_observation_mean,24,100.0,-0.0003542893400027003,False
final_input_token_layerwise,disclosed,k9,target_observation_mean,25,3.0,0.0021412654303280543,False
final_input_token_layerwise,disclosed,k9,target_observation_mean,26,3.0,0.00012383674130889144,False
final_input_token_layerwise,disclosed,k9,target_observation_mean,27,3.0,0.0238515030807622,False
final_input_token_layerwise,disclosed,k9,target_observation_mean,28,3.0,0.038975357000790745,False
final_input_token_layerwise,disclosed,k9,target_observation_mean,29,3.0,0.013710954531745867,False
final_input_token_layerwise,disclosed,k9,target_observation_mean,30,3.0,0.0006799046214301663,False
final_input_token_layerwise,disclosed,k9,target_observation_mean,31,100.0,-0.0008347494911372932,False
final_input_token_layerwise,disclosed,k9,target_observation_mean,32,3.0,0.00020011837928810006,False
final_input_token_layerwise,disclosed,k9,target_observation_mean,33,3.0,0.0003992313285674509,False
final_input_token_layerwise,disclosed,k9,target_observation_mean,34,3.0,0.023756602696924645,False
final_input_token_layerwise,disclosed,k9,target_observation_mean,35,0.1,0.07274223028367782,True
final_input_token_layerwise,disclosed,k9,target_observation_mean,36,0.1,0.06231931337580052,False
final_input_token_layerwise,disclosed,k9,target_time_slope,0,0.0001,0.0,False
final_input_token_layerwise,disclosed,k9,target_time_slope,1,3.0,0.013991096612850501,False
final_input_token_layerwise,disclosed,k9,target_time_slope,2,100.0,-0.0024290950362136354,False
final_input_token_layerwise,disclosed,k9,target_time_slope,3,100.0,-0.002156930485621572,False
final_input_token_layerwise,disclosed,k9,target_time_slope,4,100.0,-0.0014773293665742149,False
final_input_token_layerwise,disclosed,k9,target_time_slope,5,100.0,-0.0007216970444839654,False
final_input_token_layerwise,disclosed,k9,target_time_slope,6,100.0,-0.0007203718432139683,False
final_input_token_layerwise,disclosed,k9,target_time_slope,7,100.0,-0.0007406809126121738,False
final_input_token_layerwise,disclosed,k9,target_time_slope,8,100.0,-0.0005618786541083942,False
final_input_token_layerwise,disclosed,k9,target_time_slope,9,100.0,-0.0016899022443340184,False
final_input_token_layerwise,disclosed,k9,target_time_slope,10,100.0,-0.0012109936000761767,False
final_input_token_layerwise,disclosed,k9,target_time_slope,11,100.0,-0.0026021462861422484,False
final_input_token_layerwise,disclosed,k9,target_time_slope,12,100.0,-0.0019411757119913164,False
final_input_token_layerwise,disclosed,k9,target_time_slope,13,100.0,-0.0012819461047602898,False
final_input_token_layerwise,disclosed,k9,target_time_slope,14,100.0,-0.002235137901325235,False
final_input_token_layerwise,disclosed,k9,target_time_slope,15,100.0,-0.0016127217756682077,False
final_input_token_layerwise,disclosed,k9,target_time_slope,16,100.0,-0.00043807348530289225,False
final_input_token_layerwise,disclosed,k9,target_time_slope,17,100.0,0.0009297524881006214,False
final_input_token_layerwise,disclosed,k9,target_time_slope,18,3.0,0.030596492197617564,False
final_input_token_layerwise,disclosed,k9,target_time_slope,19,3.0,0.08195408033148435,False
final_input_token_layerwise,disclosed,k9,target_time_slope,20,3.0,0.14247800269773264,False
final_input_token_layerwise,disclosed,k9,target_time_slope,21,0.1,0.1876739077477509,True
final_input_token_layerwise,disclosed,k9,target_time_slope,22,3.0,0.12978465691803523,False
final_input_token_layerwise,disclosed,k9,target_time_slope,23,3.0,0.10604927378860987,False
final_input_token_layerwise,disclosed,k9,target_time_slope,24,3.0,0.06910363711896214,False
final_input_token_layerwise,disclosed,k9,target_time_slope,25,3.0,0.035837536033753836,False
final_input_token_layerwise,disclosed,k9,target_time_slope,26,3.0,0.03836141678334121,False
final_input_token_layerwise,disclosed,k9,target_time_slope,27,3.0,0.030326378039308988,False
final_input_token_layerwise,disclosed,k9,target_time_slope,28,3.0,0.043641415621576723,False
final_input_token_layerwise,disclosed,k9,target_time_slope,29,3.0,0.019918460688900852,False
final_input_token_layerwise,disclosed,k9,target_time_slope,30,3.0,0.01584032707248903,False
final_input_token_layerwise,disclosed,k9,target_time_slope,31,3.0,0.015733299168699144,False
final_input_token_layerwise,disclosed,k9,target_time_slope,32,3.0,0.004576143537027733,False
final_input_token_layerwise,disclosed,k9,target_time_slope,33,3.0,0.009524502398517015,False
final_input_token_layerwise,disclosed,k9,target_time_slope,34,3.0,0.007065685823821832,False
final_input_token_layerwise,disclosed,k9,target_time_slope,35,3.0,0.006819528049613888,False
final_input_token_layerwise,disclosed,k9,target_time_slope,36,3.0,0.012098575738923784,False
final_input_token_layerwise,disclosed,k9,displayed_driver_outcome_slope,0,0.0001,-1.1102230246251565e-16,False
final_input_token_layerwise,disclosed,k9,displayed_driver_outcome_slope,1,100.0,0.00991779993006478,False
final_input_token_layerwise,disclosed,k9,displayed_driver_outcome_slope,2,3.0,0.013278613977521558,False
final_input_token_layerwise,disclosed,k9,displayed_driver_outcome_slope,3,3.0,0.027862792606455966,False
final_input_token_layerwise,disclosed,k9,displayed_driver_outcome_slope,4,3.0,0.015106664864202313,False
final_input_token_layerwise,disclosed,k9,displayed_driver_outcome_slope,5,3.0,0.011585753639041158,False
final_input_token_layerwise,disclosed,k9,displayed_driver_outcome_slope,6,3.0,0.02025980768414365,False
final_input_token_layerwise,disclosed,k9,displayed_driver_outcome_slope,7,3.0,0.020291351767103755,False
final_input_token_layerwise,disclosed,k9,displayed_driver_outcome_slope,8,3.0,0.02029718126896049,False
final_input_token_layerwise,disclosed,k9,displayed_driver_outcome_slope,9,3.0,0.018882137839186075,False
final_input_token_layerwise,disclosed,k9,displayed_driver_outcome_slope,10,3.0,0.01857521938188131,False
final_input_token_layerwise,disclosed,k9,displayed_driver_outcome_slope,11,3.0,0.040180875412346884,False
final_input_token_layerwise,disclosed,k9,displayed_driver_outcome_slope,12,3.0,0.02304378000501603,False
final_input_token_layerwise,disclosed,k9,displayed_driver_outcome_slope,13,3.0,0.02195141756544855,False
final_input_token_layerwise,disclosed,k9,displayed_driver_outcome_slope,14,3.0,0.04609688140601881,False
final_input_token_layerwise,disclosed,k9,displayed_driver_outcome_slope,15,3.0,0.05037100511741813,False
final_input_token_layerwise,disclosed,k9,displayed_driver_outcome_slope,16,3.0,0.06576995898219631,False
final_input_token_layerwise,disclosed,k9,displayed_driver_outcome_slope,17,3.0,0.04779969650484625,False
final_input_token_layerwise,disclosed,k9,displayed_driver_outcome_slope,18,3.0,0.04067510331844573,False
final_input_token_layerwise,disclosed,k9,displayed_driver_outcome_slope,19,3.0,0.07271258649205214,False
final_input_token_layerwise,disclosed,k9,displayed_driver_outcome_slope,20,0.1,0.08951417790734612,True
final_input_token_layerwise,disclosed,k9,displayed_driver_outcome_slope,21,0.1,0.0808435806776763,False
final_input_token_layerwise,disclosed,k9,displayed_driver_outcome_slope,22,0.1,0.07333614780109274,False
final_input_token_layerwise,disclosed,k9,displayed_driver_outcome_slope,23,3.0,0.06588916997842731,False
final_input_token_layerwise,disclosed,k9,displayed_driver_outcome_slope,24,3.0,0.052913610031494085,False
final_input_token_layerwise,disclosed,k9,displayed_driver_outcome_slope,25,3.0,0.06313339255726799,False
final_input_token_layerwise,disclosed,k9,displayed_driver_outcome_slope,26,3.0,0.05747556292684275,False
final_input_token_layerwise,disclosed,k9,displayed_driver_outcome_slope,27,3.0,0.054164746867021885,False
final_input_token_layerwise,disclosed,k9,displayed_driver_outcome_slope,28,3.0,0.05253792611438013,False
final_input_token_layerwise,disclosed,k9,displayed_driver_outcome_slope,29,3.0,0.04077592796082327,False
final_input_token_layerwise,disclosed,k9,displayed_driver_outcome_slope,30,3.0,0.037113735302652134,False
final_input_token_layerwise,disclosed,k9,displayed_driver_outcome_slope,31,3.0,0.04087173121792004,False
final_input_token_layerwise,disclosed,k9,displayed_driver_outcome_slope,32,3.0,0.042817731575707535,False
final_input_token_layerwise,disclosed,k9,displayed_driver_outcome_slope,33,3.0,0.03295822440286794,False
final_input_token_layerwise,disclosed,k9,displayed_driver_outcome_slope,34,3.0,0.029693364197741434,False
final_input_token_layerwise,disclosed,k9,displayed_driver_outcome_slope,35,3.0,0.029340814914022906,False
final_input_token_layerwise,disclosed,k9,displayed_driver_outcome_slope,36,3.0,0.021770514433818028,False
final_input_token_layerwise,disclosed,k9,oracle_posterior_gain,0,0.0001,0.0,False
final_input_token_layerwise,disclosed,k9,oracle_posterior_gain,1,100.0,-0.001471876150035939,False
final_input_token_layerwise,disclosed,k9,oracle_posterior_gain,2,100.0,-0.0017965973312693562,False
final_input_token_layerwise,disclosed,k9,oracle_posterior_gain,3,100.0,-0.001509547863932481,False
final_input_token_layerwise,disclosed,k9,oracle_posterior_gain,4,100.0,-0.0011443177240756386,False
final_input_token_layerwise,disclosed,k9,oracle_posterior_gain,5,100.0,-0.0008082693931601437,False
final_input_token_layerwise,disclosed,k9,oracle_posterior_gain,6,100.0,-0.0007160570768510177,False
final_input_token_layerwise,disclosed,k9,oracle_posterior_gain,7,100.0,-0.0003704151087425833,False
final_input_token_layerwise,disclosed,k9,oracle_posterior_gain,8,100.0,-0.001017279192821463,False
final_input_token_layerwise,disclosed,k9,oracle_posterior_gain,9,100.0,-0.0011017279311270056,False
final_input_token_layerwise,disclosed,k9,oracle_posterior_gain,10,100.0,-0.00106601263563455,False
final_input_token_layerwise,disclosed,k9,oracle_posterior_gain,11,100.0,-0.0012234689211160776,False
final_input_token_layerwise,disclosed,k9,oracle_posterior_gain,12,100.0,-0.001198513987526073,False
final_input_token_layerwise,disclosed,k9,oracle_posterior_gain,13,100.0,-0.0004154869553253393,False
final_input_token_layerwise,disclosed,k9,oracle_posterior_gain,14,100.0,0.00028341246490168337,False
final_input_token_layerwise,disclosed,k9,oracle_posterior_gain,15,3.0,0.017360418433291475,False
final_input_token_layerwise,disclosed,k9,oracle_posterior_gain,16,3.0,0.004559657077889967,False
final_input_token_layerwise,disclosed,k9,oracle_posterior_gain,17,3.0,0.004325262636233784,False
final_input_token_layerwise,disclosed,k9,oracle_posterior_gain,18,100.0,0.0006381995160877618,False
final_input_token_layerwise,disclosed,k9,oracle_posterior_gain,19,3.0,0.028156907781519164,False
final_input_token_layerwise,disclosed,k9,oracle_posterior_gain,20,0.003,0.2354596856227859,False
final_input_token_layerwise,disclosed,k9,oracle_posterior_gain,21,0.1,0.1090349092289968,False
final_input_token_layerwise,disclosed,k9,oracle_posterior_gain,22,0.1,0.1679830900327796,False
final_input_token_layerwise,disclosed,k9,oracle_posterior_gain,23,0.1,0.16454110386947976,False
final_input_token_layerwise,disclosed,k9,oracle_posterior_gain,24,0.1,0.1112646619104625,False
final_input_token_layerwise,disclosed,k9,oracle_posterior_gain,25,0.1,0.13915711639223943,False
final_input_token_layerwise,disclosed,k9,oracle_posterior_gain,26,0.1,0.10848243834857177,False
final_input_token_layerwise,disclosed,k9,oracle_posterior_gain,27,0.1,0.23509759374986183,False
final_input_token_layerwise,disclosed,k9,oracle_posterior_gain,28,0.1,0.25186875254780705,True
final_input_token_layerwise,disclosed,k9,oracle_posterior_gain,29,0.1,0.23321343183386234,False
final_input_token_layerwise,disclosed,k9,oracle_posterior_gain,30,0.1,0.20175574167098928,False
final_input_token_layerwise,disclosed,k9,oracle_posterior_gain,31,0.1,0.24083975717576783,False
final_input_token_layerwise,disclosed,k9,oracle_posterior_gain,32,0.1,0.23820422154355841,False
final_input_token_layerwise,disclosed,k9,oracle_posterior_gain,33,0.1,0.1362235032671594,False
final_input_token_layerwise,disclosed,k9,oracle_posterior_gain,34,0.1,0.20070912923973558,False
final_input_token_layerwise,disclosed,k9,oracle_posterior_gain,35,0.1,0.23112416620788306,False
final_input_token_layerwise,disclosed,k9,oracle_posterior_gain,36,0.1,0.22880070661756088,False
final_input_token_layerwise,disclosed,pooled,gain,0,0.0001,0.0,False
final_input_token_layerwise,disclosed,pooled,gain,1,100.0,0.001675090004913939,False
final_input_token_layerwise,disclosed,pooled,gain,2,100.0,0.0018631880157648124,False
final_input_token_layerwise,disclosed,pooled,gain,3,100.0,0.0011886034103901117,False
final_input_token_layerwise,disclosed,pooled,gain,4,100.0,-0.0009513784660492389,False
final_input_token_layerwise,disclosed,pooled,gain,5,100.0,-0.0011062795997223522,False
final_input_token_layerwise,disclosed,pooled,gain,6,100.0,-0.0026197359106830964,False
final_input_token_layerwise,disclosed,pooled,gain,7,100.0,-0.002394227469920037,False
final_input_token_layerwise,disclosed,pooled,gain,8,100.0,-0.004094939468085433,False
final_input_token_layerwise,disclosed,pooled,gain,9,100.0,-0.0021782153839680816,False
final_input_token_layerwise,disclosed,pooled,gain,10,100.0,-0.0013360753875873617,False
final_input_token_layerwise,disclosed,pooled,gain,11,100.0,-0.002483551099477612,False
final_input_token_layerwise,disclosed,pooled,gain,12,100.0,-0.0023740053282949682,False
final_input_token_layerwise,disclosed,pooled,gain,13,100.0,-0.0030530286720251245,False
final_input_token_layerwise,disclosed,pooled,gain,14,100.0,-0.01305823621515162,False
final_input_token_layerwise,disclosed,pooled,gain,15,100.0,-0.00902766104870173,False
final_input_token_layerwise,disclosed,pooled,gain,16,100.0,-0.004607451319336385,False
final_input_token_layerwise,disclosed,pooled,gain,17,100.0,-0.0017615041442269979,False
final_input_token_layerwise,disclosed,pooled,gain,18,100.0,-0.004276504796300974,False
final_input_token_layerwise,disclosed,pooled,gain,19,100.0,0.0009477635943024957,False
final_input_token_layerwise,disclosed,pooled,gain,20,3.0,0.013651190257068726,False
final_input_token_layerwise,disclosed,pooled,gain,21,100.0,0.009883753915633656,False
final_input_token_layerwise,disclosed,pooled,gain,22,3.0,0.05814074685746357,False
final_input_token_layerwise,disclosed,pooled,gain,23,3.0,0.0539932754763231,False
final_input_token_layerwise,disclosed,pooled,gain,24,3.0,0.06760608720725735,False
final_input_token_layerwise,disclosed,pooled,gain,25,3.0,0.06140553384128255,False
final_input_token_layerwise,disclosed,pooled,gain,26,3.0,0.06338108151995415,False
final_input_token_layerwise,disclosed,pooled,gain,27,3.0,0.09440550279370075,False
final_input_token_layerwise,disclosed,pooled,gain,28,3.0,0.08225218599930868,False
final_input_token_layerwise,disclosed,pooled,gain,29,3.0,0.05547991273881223,False
final_input_token_layerwise,disclosed,pooled,gain,30,3.0,0.045588829098050045,False
final_input_token_layerwise,disclosed,pooled,gain,31,3.0,0.04301110018653184,False
final_input_token_layerwise,disclosed,pooled,gain,32,3.0,0.047003781738725936,False
final_input_token_layerwise,disclosed,pooled,gain,33,3.0,0.04387924659240708,False
final_input_token_layerwise,disclosed,pooled,gain,34,3.0,0.10247526552708701,False
final_input_token_layerwise,disclosed,pooled,gain,35,3.0,0.11595117722991898,False
final_input_token_layerwise,disclosed,pooled,gain,36,3.0,0.12029706452270128,True
final_input_token_layerwise,disclosed,pooled,response_residual,0,0.0001,-2.7755575615628914e-17,False
final_input_token_layerwise,disclosed,pooled,response_residual,1,100.0,-0.0007532238653042053,False
final_input_token_layerwise,disclosed,pooled,response_residual,2,100.0,-0.0007435075490396145,False
final_input_token_layerwise,disclosed,pooled,response_residual,3,100.0,-0.0007963233660257992,False
final_input_token_layerwise,disclosed,pooled,response_residual,4,100.0,-0.0009196846990218351,False
final_input_token_layerwise,disclosed,pooled,response_residual,5,100.0,-0.0013274287647926004,False
final_input_token_layerwise,disclosed,pooled,response_residual,6,100.0,-0.0026040395783725836,False
final_input_token_layerwise,disclosed,pooled,response_residual,7,100.0,-0.002706293358333972,False
final_input_token_layerwise,disclosed,pooled,response_residual,8,100.0,-0.0046028102090437395,False
final_input_token_layerwise,disclosed,pooled,response_residual,9,100.0,-0.003042879782442396,False
final_input_token_layerwise,disclosed,pooled,response_residual,10,100.0,-0.0025170109839247243,False
final_input_token_layerwise,disclosed,pooled,response_residual,11,100.0,-0.0035560084534707603,False
final_input_token_layerwise,disclosed,pooled,response_residual,12,100.0,-0.003762623022245772,False
final_input_token_layerwise,disclosed,pooled,response_residual,13,100.0,-0.005389049558770842,False
final_input_token_layerwise,disclosed,pooled,response_residual,14,100.0,-0.014262008331823154,False
final_input_token_layerwise,disclosed,pooled,response_residual,15,100.0,-0.00959640973372509,False
final_input_token_layerwise,disclosed,pooled,response_residual,16,100.0,-0.007056984879805763,False
final_input_token_layerwise,disclosed,pooled,response_residual,17,100.0,-0.004277505370362589,False
final_input_token_layerwise,disclosed,pooled,response_residual,18,100.0,-0.006696035016549519,False
final_input_token_layerwise,disclosed,pooled,response_residual,19,100.0,-0.002830445208062554,False
final_input_token_layerwise,disclosed,pooled,response_residual,20,100.0,0.000397124320609112,False
final_input_token_layerwise,disclosed,pooled,response_residual,21,100.0,0.003849286082034581,False
final_input_token_layerwise,disclosed,pooled,response_residual,22,100.0,0.007996569048847898,False
final_input_token_layerwise,disclosed,pooled,response_residual,23,100.0,0.006684628060823233,False
final_input_token_layerwise,disclosed,pooled,response_residual,24,100.0,0.0042526415517253335,False
final_input_token_layerwise,disclosed,pooled,response_residual,25,100.0,0.007016502650249917,False
final_input_token_layerwise,disclosed,pooled,response_residual,26,100.0,0.006335245261760593,False
final_input_token_layerwise,disclosed,pooled,response_residual,27,100.0,0.008169190445296645,False
final_input_token_layerwise,disclosed,pooled,response_residual,28,100.0,0.007679169325459072,False
final_input_token_layerwise,disclosed,pooled,response_residual,29,100.0,0.005960457578789445,False
final_input_token_layerwise,disclosed,pooled,response_residual,30,100.0,0.005494668156123761,False
final_input_token_layerwise,disclosed,pooled,response_residual,31,100.0,0.0045941608817877495,False
final_input_token_layerwise,disclosed,pooled,response_residual,32,100.0,0.003154879547915703,False
final_input_token_layerwise,disclosed,pooled,response_residual,33,100.0,0.003913567812068299,False
final_input_token_layerwise,disclosed,pooled,response_residual,34,100.0,0.011766734508616159,False
final_input_token_layerwise,disclosed,pooled,response_residual,35,100.0,0.018066024303117083,False
final_input_token_layerwise,disclosed,pooled,response_residual,36,100.0,0.01920626085182872,True
final_input_token_layerwise,undisclosed,k3,gain,0,0.0001,0.0,False
final_input_token_layerwise,undisclosed,k3,gain,1,100.0,-0.001086886978998114,False
final_input_token_layerwise,undisclosed,k3,gain,2,100.0,-0.0008618475608095921,False
final_input_token_layerwise,undisclosed,k3,gain,3,100.0,-0.0017275293114308865,False
final_input_token_layerwise,undisclosed,k3,gain,4,100.0,-0.0013682326649782084,False
final_input_token_layerwise,undisclosed,k3,gain,5,100.0,-0.0011013920420775425,False
final_input_token_layerwise,undisclosed,k3,gain,6,100.0,-0.0009607142834348326,False
final_input_token_layerwise,undisclosed,k3,gain,7,100.0,-0.000794090427410854,False
final_input_token_layerwise,undisclosed,k3,gain,8,100.0,0.00021695341296851245,False
final_input_token_layerwise,undisclosed,k3,gain,9,100.0,0.0009469189013442403,False
final_input_token_layerwise,undisclosed,k3,gain,10,100.0,0.0002733931476120999,False
final_input_token_layerwise,undisclosed,k3,gain,11,3.0,0.015053543429355665,False
final_input_token_layerwise,undisclosed,k3,gain,12,3.0,0.021202647765210192,True
final_input_token_layerwise,undisclosed,k3,gain,13,100.0,-0.00048429625098372897,False
final_input_token_layerwise,undisclosed,k3,gain,14,100.0,-0.0015102716046333786,False
final_input_token_layerwise,undisclosed,k3,gain,15,100.0,-0.0015346639698940734,False
final_input_token_layerwise,undisclosed,k3,gain,16,100.0,-0.0007855655904583647,False
final_input_token_layerwise,undisclosed,k3,gain,17,100.0,-0.0024369758563851374,False
final_input_token_layerwise,undisclosed,k3,gain,18,100.0,-0.0014270718910577573,False
final_input_token_layerwise,undisclosed,k3,gain,19,100.0,-0.000562860734798637,False
final_input_token_layerwise,undisclosed,k3,gain,20,100.0,-0.001538318933139049,False
final_input_token_layerwise,undisclosed,k3,gain,21,100.0,-0.003352340814979482,False
final_input_token_layerwise,undisclosed,k3,gain,22,100.0,-0.0030467001260101045,False
final_input_token_layerwise,undisclosed,k3,gain,23,100.0,-0.0008257476946204045,False
final_input_token_layerwise,undisclosed,k3,gain,24,100.0,-0.00017841669938373217,False
final_input_token_layerwise,undisclosed,k3,gain,25,100.0,0.0009541648066396513,False
final_input_token_layerwise,undisclosed,k3,gain,26,100.0,0.0011782785186410794,False
final_input_token_layerwise,undisclosed,k3,gain,27,100.0,0.0014503589172691067,False
final_input_token_layerwise,undisclosed,k3,gain,28,100.0,0.0011098261434793755,False
final_input_token_layerwise,undisclosed,k3,gain,29,100.0,0.0009365200711879962,False
final_input_token_layerwise,undisclosed,k3,gain,30,100.0,0.0005896011975043969,False
final_input_token_layerwise,undisclosed,k3,gain,31,100.0,0.00042960985909312743,False
final_input_token_layerwise,undisclosed,k3,gain,32,100.0,0.0002962421569261964,False
final_input_token_layerwise,undisclosed,k3,gain,33,100.0,1.1425628550720823e-05,False
final_input_token_layerwise,undisclosed,k3,gain,34,100.0,0.0004034981682837502,False
final_input_token_layerwise,undisclosed,k3,gain,35,100.0,0.0006004215091973131,False
final_input_token_layerwise,undisclosed,k3,gain,36,100.0,0.0003553693641925315,False
final_input_token_layerwise,undisclosed,k3,response_residual,0,0.0001,-2.7755575615628914e-17,False
final_input_token_layerwise,undisclosed,k3,response_residual,1,100.0,-0.0010274144313094646,False
final_input_token_layerwise,undisclosed,k3,response_residual,2,100.0,-0.0007439076107006171,False
final_input_token_layerwise,undisclosed,k3,response_residual,3,100.0,-0.0009330101888761766,False
final_input_token_layerwise,undisclosed,k3,response_residual,4,100.0,-0.0007011504946365654,False
final_input_token_layerwise,undisclosed,k3,response_residual,5,100.0,-0.000496369200240182,False
final_input_token_layerwise,undisclosed,k3,response_residual,6,100.0,-0.0005158557456006185,False
final_input_token_layerwise,undisclosed,k3,response_residual,7,100.0,-0.00014732856396260097,False
final_input_token_layerwise,undisclosed,k3,response_residual,8,100.0,0.0010841824689493962,False
final_input_token_layerwise,undisclosed,k3,response_residual,9,100.0,0.001599115106547866,False
final_input_token_layerwise,undisclosed,k3,response_residual,10,100.0,0.0011339225986079782,False
final_input_token_layerwise,undisclosed,k3,response_residual,11,3.0,0.006211613161673735,False
final_input_token_layerwise,undisclosed,k3,response_residual,12,3.0,0.017182993005360025,True
final_input_token_layerwise,undisclosed,k3,response_residual,13,100.0,-2.5678950553137403e-05,False
final_input_token_layerwise,undisclosed,k3,response_residual,14,100.0,-0.001098765567753679,False
final_input_token_layerwise,undisclosed,k3,response_residual,15,100.0,-0.002070724362548043,False
final_input_token_layerwise,undisclosed,k3,response_residual,16,100.0,-0.0012056576270045027,False
final_input_token_layerwise,undisclosed,k3,response_residual,17,100.0,-0.002494541840452058,False
final_input_token_layerwise,undisclosed,k3,response_residual,18,100.0,-0.0015504678600011812,False
final_input_token_layerwise,undisclosed,k3,response_residual,19,100.0,-0.0007159388704971736,False
final_input_token_layerwise,undisclosed,k3,response_residual,20,100.0,-0.0014194485669891121,False
final_input_token_layerwise,undisclosed,k3,response_residual,21,100.0,-0.002986881132632735,False
final_input_token_layerwise,undisclosed,k3,response_residual,22,100.0,-0.0027001297240685784,False
final_input_token_layerwise,undisclosed,k3,response_residual,23,100.0,-0.0011490171427753493,False
final_input_token_layerwise,undisclosed,k3,response_residual,24,100.0,-0.0005241654727399236,False
final_input_token_layerwise,undisclosed,k3,response_residual,25,100.0,0.00033094377576778355,False
final_input_token_layerwise,undisclosed,k3,response_residual,26,100.0,0.0005544583271812342,False
final_input_token_layerwise,undisclosed,k3,response_residual,27,100.0,0.0006822830965421411,False
final_input_token_layerwise,undisclosed,k3,response_residual,28,100.0,0.00023362241508254056,False
final_input_token_layerwise,undisclosed,k3,response_residual,29,100.0,0.0001011939299165876,False
final_input_token_layerwise,undisclosed,k3,response_residual,30,100.0,-0.00017227332078212365,False
final_input_token_layerwise,undisclosed,k3,response_residual,31,100.0,-0.0002366428325586145,False
final_input_token_layerwise,undisclosed,k3,response_residual,32,100.0,-0.0004091617862044261,False
final_input_token_layerwise,undisclosed,k3,response_residual,33,100.0,-0.0008513971817757093,False
final_input_token_layerwise,undisclosed,k3,response_residual,34,100.0,-0.00041053217992351176,False
final_input_token_layerwise,undisclosed,k3,response_residual,35,100.0,-5.6678455031905495e-05,False
final_input_token_layerwise,undisclosed,k3,response_residual,36,100.0,-0.00010329952541743292,False
final_input_token_layerwise,undisclosed,k3,last_target_observation,0,0.0001,-8.326672684688674e-17,False
final_input_token_layerwise,undisclosed,k3,last_target_observation,1,0.1,0.11829492176905612,False
final_input_token_layerwise,undisclosed,k3,last_target_observation,2,100.0,-0.0031515427694044917,False
final_input_token_layerwise,undisclosed,k3,last_target_observation,3,100.0,-0.0022750447541046714,False
final_input_token_layerwise,undisclosed,k3,last_target_observation,4,100.0,0.0006975844108516316,False
final_input_token_layerwise,undisclosed,k3,last_target_observation,5,3.0,0.006340460635249123,False
final_input_token_layerwise,undisclosed,k3,last_target_observation,6,3.0,0.006475935467405436,False
final_input_token_layerwise,undisclosed,k3,last_target_observation,7,3.0,0.015440099372028948,False
final_input_token_layerwise,undisclosed,k3,last_target_observation,8,3.0,0.031060418267500917,False
final_input_token_layerwise,undisclosed,k3,last_target_observation,9,3.0,0.03253757799595741,False
final_input_token_layerwise,undisclosed,k3,last_target_observation,10,3.0,0.02330032816526975,False
final_input_token_layerwise,undisclosed,k3,last_target_observation,11,100.0,-0.0002770464483839996,False
final_input_token_layerwise,undisclosed,k3,last_target_observation,12,100.0,-3.0331639977121405e-05,False
final_input_token_layerwise,undisclosed,k3,last_target_observation,13,100.0,4.957932485000205e-05,False
final_input_token_layerwise,undisclosed,k3,last_target_observation,14,3.0,0.0057601690882495005,False
final_input_token_layerwise,undisclosed,k3,last_target_observation,15,100.0,0.0005257544891897892,False
final_input_token_layerwise,undisclosed,k3,last_target_observation,16,3.0,0.00504296983143504,False
final_input_token_layerwise,undisclosed,k3,last_target_observation,17,3.0,0.005134779236367987,False
final_input_token_layerwise,undisclosed,k3,last_target_observation,18,3.0,0.02865752281669398,False
final_input_token_layerwise,undisclosed,k3,last_target_observation,19,3.0,0.050215215439586874,False
final_input_token_layerwise,undisclosed,k3,last_target_observation,20,0.1,0.13960086368853789,True
final_input_token_layerwise,undisclosed,k3,last_target_observation,21,3.0,0.0817216857622135,False
final_input_token_layerwise,undisclosed,k3,last_target_observation,22,3.0,0.07760906604555212,False
final_input_token_layerwise,undisclosed,k3,last_target_observation,23,3.0,0.0679880212932864,False
final_input_token_layerwise,undisclosed,k3,last_target_observation,24,3.0,0.06024001224888639,False
final_input_token_layerwise,undisclosed,k3,last_target_observation,25,3.0,0.0267642329066948,False
final_input_token_layerwise,undisclosed,k3,last_target_observation,26,3.0,0.03111021582240303,False
final_input_token_layerwise,undisclosed,k3,last_target_observation,27,3.0,0.062340874097256554,False
final_input_token_layerwise,undisclosed,k3,last_target_observation,28,3.0,0.07404199089858618,False
final_input_token_layerwise,undisclosed,k3,last_target_observation,29,3.0,0.053200335958478284,False
final_input_token_layerwise,undisclosed,k3,last_target_observation,30,0.1,0.056483092377051236,False
final_input_token_layerwise,undisclosed,k3,last_target_observation,31,3.0,0.04855990957098666,False
final_input_token_layerwise,undisclosed,k3,last_target_observation,32,3.0,0.052281848346442894,False
final_input_token_layerwise,undisclosed,k3,last_target_observation,33,3.0,0.05572105333947433,False
final_input_token_layerwise,undisclosed,k3,last_target_observation,34,3.0,0.056900595572977386,False
final_input_token_layerwise,undisclosed,k3,last_target_observation,35,0.1,0.08053432009261713,False
final_input_token_layerwise,undisclosed,k3,last_target_observation,36,3.0,0.07136213831892127,False
final_input_token_layerwise,undisclosed,k3,target_observation_mean,0,0.0001,5.551115123125783e-17,False
final_input_token_layerwise,undisclosed,k3,target_observation_mean,1,3.0,0.013266372862136,False
final_input_token_layerwise,undisclosed,k3,target_observation_mean,2,3.0,0.01719356120621185,False
final_input_token_layerwise,undisclosed,k3,target_observation_mean,3,3.0,0.010084256608362568,False
final_input_token_layerwise,undisclosed,k3,target_observation_mean,4,100.0,0.0005192481313029962,False
final_input_token_layerwise,undisclosed,k3,target_observation_mean,5,3.0,0.012026152378263155,False
final_input_token_layerwise,undisclosed,k3,target_observation_mean,6,3.0,0.023942622088124477,False
final_input_token_layerwise,undisclosed,k3,target_observation_mean,7,3.0,0.03273831634506022,False
final_input_token_layerwise,undisclosed,k3,target_observation_mean,8,3.0,0.03450618664367147,False
final_input_token_layerwise,undisclosed,k3,target_observation_mean,9,3.0,0.022351055191329933,False
final_input_token_layerwise,undisclosed,k3,target_observation_mean,10,3.0,0.01829501990486007,False
final_input_token_layerwise,undisclosed,k3,target_observation_mean,11,100.0,-0.0012137615598133977,False
final_input_token_layerwise,undisclosed,k3,target_observation_mean,12,100.0,-0.0003785337989770099,False
final_input_token_layerwise,undisclosed,k3,target_observation_mean,13,100.0,0.0003299769902253835,False
final_input_token_layerwise,undisclosed,k3,target_observation_mean,14,3.0,0.01795722154166643,False
final_input_token_layerwise,undisclosed,k3,target_observation_mean,15,100.0,0.00042324847448785285,False
final_input_token_layerwise,undisclosed,k3,target_observation_mean,16,3.0,0.0023566718046502677,False
final_input_token_layerwise,undisclosed,k3,target_observation_mean,17,3.0,0.018727423685282296,False
final_input_token_layerwise,undisclosed,k3,target_observation_mean,18,3.0,0.09947842396044512,False
final_input_token_layerwise,undisclosed,k3,target_observation_mean,19,3.0,0.1403483805372805,False
final_input_token_layerwise,undisclosed,k3,target_observation_mean,20,3.0,0.1987722388491801,False
final_input_token_layerwise,undisclosed,k3,target_observation_mean,21,3.0,0.1796895686658286,False
final_input_token_layerwise,undisclosed,k3,target_observation_mean,22,3.0,0.22206485887326768,True
final_input_token_layerwise,undisclosed,k3,target_observation_mean,23,3.0,0.21668125065515556,False
final_input_token_layerwise,undisclosed,k3,target_observation_mean,24,3.0,0.16540298665715997,False
final_input_token_layerwise,undisclosed,k3,target_observation_mean,25,3.0,0.13548330801827965,False
final_input_token_layerwise,undisclosed,k3,target_observation_mean,26,0.1,0.15468047054295497,False
final_input_token_layerwise,undisclosed,k3,target_observation_mean,27,3.0,0.17574874930492265,False
final_input_token_layerwise,undisclosed,k3,target_observation_mean,28,3.0,0.19694577781524641,False
final_input_token_layerwise,undisclosed,k3,target_observation_mean,29,3.0,0.15218722787803288,False
final_input_token_layerwise,undisclosed,k3,target_observation_mean,30,3.0,0.1427258819289923,False
final_input_token_layerwise,undisclosed,k3,target_observation_mean,31,3.0,0.14266515378725642,False
final_input_token_layerwise,undisclosed,k3,target_observation_mean,32,3.0,0.1535145835811625,False
final_input_token_layerwise,undisclosed,k3,target_observation_mean,33,3.0,0.14703740725137465,False
final_input_token_layerwise,undisclosed,k3,target_observation_mean,34,3.0,0.13448447705327174,False
final_input_token_layerwise,undisclosed,k3,target_observation_mean,35,3.0,0.11911134375510485,False
final_input_token_layerwise,undisclosed,k3,target_observation_mean,36,3.0,0.13334210734299815,False
final_input_token_layerwise,undisclosed,k3,target_time_slope,0,0.0001,0.0,False
final_input_token_layerwise,undisclosed,k3,target_time_slope,1,0.1,0.02363867986905166,False
final_input_token_layerwise,undisclosed,k3,target_time_slope,2,100.0,-0.0034720806485496747,False
final_input_token_layerwise,undisclosed,k3,target_time_slope,3,100.0,-0.003465933076511718,False
final_input_token_layerwise,undisclosed,k3,target_time_slope,4,100.0,0.0001723537787555185,False
final_input_token_layerwise,undisclosed,k3,target_time_slope,5,100.0,0.00013102803952572128,False
final_input_token_layerwise,undisclosed,k3,target_time_slope,6,100.0,-9.469547400922651e-05,False
final_input_token_layerwise,undisclosed,k3,target_time_slope,7,100.0,-0.0004793001633876248,False
final_input_token_layerwise,undisclosed,k3,target_time_slope,8,100.0,0.0008330848160913729,False
final_input_token_layerwise,undisclosed,k3,target_time_slope,9,3.0,0.0065571913128950055,False
final_input_token_layerwise,undisclosed,k3,target_time_slope,10,100.0,0.00017079200204461742,False
final_input_token_layerwise,undisclosed,k3,target_time_slope,11,100.0,-0.0016351605704449934,False
final_input_token_layerwise,undisclosed,k3,target_time_slope,12,100.0,-0.0016126618456861475,False
final_input_token_layerwise,undisclosed,k3,target_time_slope,13,100.0,-0.0008405258063664545,False
final_input_token_layerwise,undisclosed,k3,target_time_slope,14,100.0,-0.0010913039142169123,False
final_input_token_layerwise,undisclosed,k3,target_time_slope,15,100.0,-0.0007314363128702039,False
final_input_token_layerwise,undisclosed,k3,target_time_slope,16,100.0,-4.625124001617076e-05,False
final_input_token_layerwise,undisclosed,k3,target_time_slope,17,100.0,0.0002862113300405589,False
final_input_token_layerwise,undisclosed,k3,target_time_slope,18,3.0,0.0062509226448299315,False
final_input_token_layerwise,undisclosed,k3,target_time_slope,19,0.1,0.08040587557629608,False
final_input_token_layerwise,undisclosed,k3,target_time_slope,20,0.1,0.0907211476074033,True
final_input_token_layerwise,undisclosed,k3,target_time_slope,21,3.0,0.014385084141836257,False
final_input_token_layerwise,undisclosed,k3,target_time_slope,22,3.0,0.015380988047221156,False
final_input_token_layerwise,undisclosed,k3,target_time_slope,23,3.0,0.008798398693115717,False
final_input_token_layerwise,undisclosed,k3,target_time_slope,24,3.0,0.016389083980562963,False
final_input_token_layerwise,undisclosed,k3,target_time_slope,25,3.0,0.010573779217109197,False
final_input_token_layerwise,undisclosed,k3,target_time_slope,26,3.0,0.031581852434642815,False
final_input_token_layerwise,undisclosed,k3,target_time_slope,27,3.0,0.052261043216020736,False
final_input_token_layerwise,undisclosed,k3,target_time_slope,28,3.0,0.04522016727206421,False
final_input_token_layerwise,undisclosed,k3,target_time_slope,29,3.0,0.04520305765471902,False
final_input_token_layerwise,undisclosed,k3,target_time_slope,30,0.1,0.05584560823975976,False
final_input_token_layerwise,undisclosed,k3,target_time_slope,31,3.0,0.03572156185496081,False
final_input_token_layerwise,undisclosed,k3,target_time_slope,32,0.1,0.04810132356142949,False
final_input_token_layerwise,undisclosed,k3,target_time_slope,33,3.0,0.04849693329293067,False
final_input_token_layerwise,undisclosed,k3,target_time_slope,34,3.0,0.05005329980616688,False
final_input_token_layerwise,undisclosed,k3,target_time_slope,35,3.0,0.05235587806591491,False
final_input_token_layerwise,undisclosed,k3,target_time_slope,36,3.0,0.05105418231293696,False
final_input_token_layerwise,undisclosed,k3,displayed_driver_outcome_slope,0,0.0001,5.551115123125783e-17,False
final_input_token_layerwise,undisclosed,k3,displayed_driver_outcome_slope,1,3.0,0.01595518653106598,True
final_input_token_layerwise,undisclosed,k3,displayed_driver_outcome_slope,2,100.0,0.0016206583626212356,False
final_input_token_layerwise,undisclosed,k3,displayed_driver_outcome_slope,3,100.0,0.0009876490182473274,False
final_input_token_layerwise,undisclosed,k3,displayed_driver_outcome_slope,4,3.0,0.008623598650507852,False
final_input_token_layerwise,undisclosed,k3,displayed_driver_outcome_slope,5,100.0,0.000665708803867987,False
final_input_token_layerwise,undisclosed,k3,displayed_driver_outcome_slope,6,100.0,0.000559734145585411,False
final_input_token_layerwise,undisclosed,k3,displayed_driver_outcome_slope,7,100.0,0.0006008031831392369,False
final_input_token_layerwise,undisclosed,k3,displayed_driver_outcome_slope,8,100.0,6.573495009304375e-05,False
final_input_token_layerwise,undisclosed,k3,displayed_driver_outcome_slope,9,100.0,-0.0006638218197447809,False
final_input_token_layerwise,undisclosed,k3,displayed_driver_outcome_slope,10,100.0,0.00013436175887598933,False
final_input_token_layerwise,undisclosed,k3,displayed_driver_outcome_slope,11,100.0,-0.0005463230731623248,False
final_input_token_layerwise,undisclosed,k3,displayed_driver_outcome_slope,12,100.0,-0.0010634479867584201,False
final_input_token_layerwise,undisclosed,k3,displayed_driver_outcome_slope,13,100.0,-0.00022235584954036214,False
final_input_token_layerwise,undisclosed,k3,displayed_driver_outcome_slope,14,100.0,0.0010682707631766986,False
final_input_token_layerwise,undisclosed,k3,displayed_driver_outcome_slope,15,100.0,0.0004463975422872579,False
final_input_token_layerwise,undisclosed,k3,displayed_driver_outcome_slope,16,100.0,0.0013749443443829001,False
final_input_token_layerwise,undisclosed,k3,displayed_driver_outcome_slope,17,100.0,0.0018129396732318726,False
final_input_token_layerwise,undisclosed,k3,displayed_driver_outcome_slope,18,100.0,0.00117379458376482,False
final_input_token_layerwise,undisclosed,k3,displayed_driver_outcome_slope,19,100.0,0.0006561442188696975,False
final_input_token_layerwise,undisclosed,k3,displayed_driver_outcome_slope,20,100.0,0.000592797510163029,False
final_input_token_layerwise,undisclosed,k3,displayed_driver_outcome_slope,21,100.0,0.00020655139542263834,False
final_input_token_layerwise,undisclosed,k3,displayed_driver_outcome_slope,22,100.0,0.0007792139084847882,False
final_input_token_layerwise,undisclosed,k3,displayed_driver_outcome_slope,23,100.0,-0.00013318021512476186,False
final_input_token_layerwise,undisclosed,k3,displayed_driver_outcome_slope,24,100.0,6.242336420850259e-05,False
final_input_token_layerwise,undisclosed,k3,displayed_driver_outcome_slope,25,3.0,0.001503417347892999,False
final_input_token_layerwise,undisclosed,k3,displayed_driver_outcome_slope,26,100.0,-0.0006425218536746102,False
final_input_token_layerwise,undisclosed,k3,displayed_driver_outcome_slope,27,3.0,0.00244890613724294,False
final_input_token_layerwise,undisclosed,k3,displayed_driver_outcome_slope,28,100.0,-0.0003299954575759212,False
final_input_token_layerwise,undisclosed,k3,displayed_driver_outcome_slope,29,100.0,-0.0006370415171621513,False
final_input_token_layerwise,undisclosed,k3,displayed_driver_outcome_slope,30,100.0,-0.0009915804329655997,False
final_input_token_layerwise,undisclosed,k3,displayed_driver_outcome_slope,31,100.0,-0.0013975056988805579,False
final_input_token_layerwise,undisclosed,k3,displayed_driver_outcome_slope,32,100.0,-0.001304791571530961,False
final_input_token_layerwise,undisclosed,k3,displayed_driver_outcome_slope,33,100.0,-0.0016949177647245794,False
final_input_token_layerwise,undisclosed,k3,displayed_driver_outcome_slope,34,100.0,-0.0020258631396981586,False
final_input_token_layerwise,undisclosed,k3,displayed_driver_outcome_slope,35,100.0,-0.0014923273663131065,False
final_input_token_layerwise,undisclosed,k3,displayed_driver_outcome_slope,36,100.0,-0.001163651676316213,False
final_input_token_layerwise,undisclosed,k3,oracle_posterior_gain,0,0.0001,2.7755575615628914e-17,False
final_input_token_layerwise,undisclosed,k3,oracle_posterior_gain,1,100.0,-0.0024053965333962757,False
final_input_token_layerwise,undisclosed,k3,oracle_posterior_gain,2,100.0,-0.0020946043736914666,False
final_input_token_layerwise,undisclosed,k3,oracle_posterior_gain,3,100.0,-0.0024974511804378152,False
final_input_token_layerwise,undisclosed,k3,oracle_posterior_gain,4,100.0,-0.002842887203395872,False
final_input_token_layerwise,undisclosed,k3,oracle_posterior_gain,5,100.0,-0.002249239837952721,False
final_input_token_layerwise,undisclosed,k3,oracle_posterior_gain,6,100.0,-0.0014110166715958217,False
final_input_token_layerwise,undisclosed,k3,oracle_posterior_gain,7,100.0,-0.001491545572898323,False
final_input_token_layerwise,undisclosed,k3,oracle_posterior_gain,8,100.0,-0.0016758512550475169,False
final_input_token_layerwise,undisclosed,k3,oracle_posterior_gain,9,100.0,-0.0009313728253940445,False
final_input_token_layerwise,undisclosed,k3,oracle_posterior_gain,10,100.0,-0.0007703106498110901,False
final_input_token_layerwise,undisclosed,k3,oracle_posterior_gain,11,3.0,-0.0005751783342233252,False
final_input_token_layerwise,undisclosed,k3,oracle_posterior_gain,12,3.0,-0.0004027563545442314,False
final_input_token_layerwise,undisclosed,k3,oracle_posterior_gain,13,3.0,1.7938950671037013e-05,False
final_input_token_layerwise,undisclosed,k3,oracle_posterior_gain,14,100.0,-0.0007934913855263681,False
final_input_token_layerwise,undisclosed,k3,oracle_posterior_gain,15,100.0,-0.0016883151611255531,False
final_input_token_layerwise,undisclosed,k3,oracle_posterior_gain,16,100.0,-0.000952318242325112,False
final_input_token_layerwise,undisclosed,k3,oracle_posterior_gain,17,100.0,-0.0011136249224134587,False
final_input_token_layerwise,undisclosed,k3,oracle_posterior_gain,18,100.0,-0.00032748569287519014,False
final_input_token_layerwise,undisclosed,k3,oracle_posterior_gain,19,3.0,0.01258161327375168,False
final_input_token_layerwise,undisclosed,k3,oracle_posterior_gain,20,3.0,0.0485972821007348,False
final_input_token_layerwise,undisclosed,k3,oracle_posterior_gain,21,3.0,0.04386990946716959,False
final_input_token_layerwise,undisclosed,k3,oracle_posterior_gain,22,3.0,0.059028174839038355,False
final_input_token_layerwise,undisclosed,k3,oracle_posterior_gain,23,3.0,0.15920455200321293,False
final_input_token_layerwise,undisclosed,k3,oracle_posterior_gain,24,3.0,0.17692011614204745,True
final_input_token_layerwise,undisclosed,k3,oracle_posterior_gain,25,3.0,0.16408760583430526,False
final_input_token_layerwise,undisclosed,k3,oracle_posterior_gain,26,3.0,0.14835407668716127,False
final_input_token_layerwise,undisclosed,k3,oracle_posterior_gain,27,3.0,0.16037121667867404,False
final_input_token_layerwise,undisclosed,k3,oracle_posterior_gain,28,3.0,0.16110165549438088,False
final_input_token_layerwise,undisclosed,k3,oracle_posterior_gain,29,3.0,0.14889065760544795,False
final_input_token_layerwise,undisclosed,k3,oracle_posterior_gain,30,3.0,0.1389175483524416,False
final_input_token_layerwise,undisclosed,k3,oracle_posterior_gain,31,3.0,0.13097639044330914,False
final_input_token_layerwise,undisclosed,k3,oracle_posterior_gain,32,3.0,0.12004670696800851,False
final_input_token_layerwise,undisclosed,k3,oracle_posterior_gain,33,3.0,0.10758294700767224,False
final_input_token_layerwise,undisclosed,k3,oracle_posterior_gain,34,3.0,0.0978014585618533,False
final_input_token_layerwise,undisclosed,k3,oracle_posterior_gain,35,3.0,0.09489578751025535,False
final_input_token_layerwise,undisclosed,k3,oracle_posterior_gain,36,3.0,0.09369589136559481,False
final_input_token_layerwise,undisclosed,k6,gain,0,0.0001,0.0,False
final_input_token_layerwise,undisclosed,k6,gain,1,100.0,-0.0006466005732647384,False
final_input_token_layerwise,undisclosed,k6,gain,2,100.0,-0.002045721203774664,False
final_input_token_layerwise,undisclosed,k6,gain,3,100.0,-0.0031483604097641837,False
final_input_token_layerwise,undisclosed,k6,gain,4,100.0,-0.0014079297439677785,False
final_input_token_layerwise,undisclosed,k6,gain,5,100.0,-0.0013222131148533656,False
final_input_token_layerwise,undisclosed,k6,gain,6,100.0,-0.0012633440237872495,False
final_input_token_layerwise,undisclosed,k6,gain,7,100.0,-0.001277577118293849,False
final_input_token_layerwise,undisclosed,k6,gain,8,100.0,-0.0008142965328189478,False
final_input_token_layerwise,undisclosed,k6,gain,9,100.0,0.00016915605665293598,False
final_input_token_layerwise,undisclosed,k6,gain,10,100.0,0.000335451337290793,False
final_input_token_layerwise,undisclosed,k6,gain,11,100.0,0.0009292742868911852,False
final_input_token_layerwise,undisclosed,k6,gain,12,100.0,0.0012278521121968922,False
final_input_token_layerwise,undisclosed,k6,gain,13,100.0,0.000780686264526903,False
final_input_token_layerwise,undisclosed,k6,gain,14,3.0,0.011825894374952323,False
final_input_token_layerwise,undisclosed,k6,gain,15,3.0,0.013421770643473996,False
final_input_token_layerwise,undisclosed,k6,gain,16,3.0,0.010579730250460967,False
final_input_token_layerwise,undisclosed,k6,gain,17,3.0,0.01977525003504818,False
final_input_token_layerwise,undisclosed,k6,gain,18,3.0,0.008223884166883466,False
final_input_token_layerwise,undisclosed,k6,gain,19,3.0,0.011939573462716513,False
final_input_token_layerwise,undisclosed,k6,gain,20,3.0,0.022797793345718464,False
final_input_token_layerwise,undisclosed,k6,gain,21,3.0,0.04140254390726536,False
final_input_token_layerwise,undisclosed,k6,gain,22,3.0,0.039873534713069064,False
final_input_token_layerwise,undisclosed,k6,gain,23,0.1,0.07645069760919632,False
final_input_token_layerwise,undisclosed,k6,gain,24,0.1,0.14334684092651456,False
final_input_token_layerwise,undisclosed,k6,gain,25,0.1,0.12560093553371177,False
final_input_token_layerwise,undisclosed,k6,gain,26,0.1,0.15108124448776297,False
final_input_token_layerwise,undisclosed,k6,gain,27,0.1,0.18126549832237251,False
final_input_token_layerwise,undisclosed,k6,gain,28,0.1,0.18903369310736134,True
final_input_token_layerwise,undisclosed,k6,gain,29,0.1,0.13911438174728621,False
final_input_token_layerwise,undisclosed,k6,gain,30,0.1,0.10277790357965086,False
final_input_token_layerwise,undisclosed,k6,gain,31,0.1,0.13809975921159875,False
final_input_token_layerwise,undisclosed,k6,gain,32,0.1,0.0645990926880888,False
final_input_token_layerwise,undisclosed,k6,gain,33,3.0,0.03710609630103079,False
final_input_token_layerwise,undisclosed,k6,gain,34,3.0,0.02661634193968551,False
final_input_token_layerwise,undisclosed,k6,gain,35,3.0,0.03787292167846762,False
final_input_token_layerwise,undisclosed,k6,gain,36,3.0,0.033698136781645904,False
final_input_token_layerwise,undisclosed,k6,response_residual,0,0.0001,-2.7755575615628914e-17,False
final_input_token_layerwise,undisclosed,k6,response_residual,1,100.0,-0.0023676880947708645,False
final_input_token_layerwise,undisclosed,k6,response_residual,2,100.0,-0.002325817935531327,False
final_input_token_layerwise,undisclosed,k6,response_residual,3,100.0,-0.0031627490099277733,False
final_input_token_layerwise,undisclosed,k6,response_residual,4,100.0,-0.001660504808920854,False
final_input_token_layerwise,undisclosed,k6,response_residual,5,100.0,-0.0014884078051036198,False
final_input_token_layerwise,undisclosed,k6,response_residual,6,100.0,-0.0013494432990976135,False
final_input_token_layerwise,undisclosed,k6,response_residual,7,100.0,-0.0011742113511200025,False
final_input_token_layerwise,undisclosed,k6,response_residual,8,100.0,-0.0008744322058124587,False
final_input_token_layerwise,undisclosed,k6,response_residual,9,100.0,0.00010511611147961952,False
final_input_token_layerwise,undisclosed,k6,response_residual,10,100.0,0.000426438283099434,False
final_input_token_layerwise,undisclosed,k6,response_residual,11,100.0,0.0011201057388628144,False
final_input_token_layerwise,undisclosed,k6,response_residual,12,100.0,0.0013790272133119008,False
final_input_token_layerwise,undisclosed,k6,response_residual,13,100.0,0.0011014077082545926,False
final_input_token_layerwise,undisclosed,k6,response_residual,14,3.0,0.005351339679164097,False
final_input_token_layerwise,undisclosed,k6,response_residual,15,100.0,0.0005025689025905666,False
final_input_token_layerwise,undisclosed,k6,response_residual,16,100.0,0.000489548225429598,False
final_input_token_layerwise,undisclosed,k6,response_residual,17,3.0,0.009588536062710762,False
final_input_token_layerwise,undisclosed,k6,response_residual,18,100.0,0.0003487918316538996,False
final_input_token_layerwise,undisclosed,k6,response_residual,19,100.0,0.0004305920388034401,False
final_input_token_layerwise,undisclosed,k6,response_residual,20,100.0,0.0003483368682761778,False
final_input_token_layerwise,undisclosed,k6,response_residual,21,100.0,0.0004261240966783042,False
final_input_token_layerwise,undisclosed,k6,response_residual,22,100.0,0.0006480988510645658,False
final_input_token_layerwise,undisclosed,k6,response_residual,23,3.0,0.01252451004433755,False
final_input_token_layerwise,undisclosed,k6,response_residual,24,100.0,0.0016579537088673713,False
final_input_token_layerwise,undisclosed,k6,response_residual,25,3.0,0.004661342498764542,False
final_input_token_layerwise,undisclosed,k6,response_residual,26,3.0,0.00740308255877789,False
final_input_token_layerwise,undisclosed,k6,response_residual,27,3.0,0.017668949070131917,True
final_input_token_layerwise,undisclosed,k6,response_residual,28,3.0,0.016373026246609912,False
final_input_token_layerwise,undisclosed,k6,response_residual,29,3.0,0.006823184135990951,False
final_input_token_layerwise,undisclosed,k6,response_residual,30,100.0,0.0023983895835182067,False
final_input_token_layerwise,undisclosed,k6,response_residual,31,100.0,0.0020849000054078692,False
final_input_token_layerwise,undisclosed,k6,response_residual,32,100.0,0.001966453269916596,False
final_input_token_layerwise,undisclosed,k6,response_residual,33,100.0,0.0008802665193374803,False
final_input_token_layerwise,undisclosed,k6,response_residual,34,100.0,0.0009876375294080308,False
final_input_token_layerwise,undisclosed,k6,response_residual,35,100.0,0.0015961586070323275,False
final_input_token_layerwise,undisclosed,k6,response_residual,36,100.0,0.0017798673809739374,False
final_input_token_layerwise,undisclosed,k6,last_target_observation,0,0.0001,-2.7755575615628914e-17,False
final_input_token_layerwise,undisclosed,k6,last_target_observation,1,0.1,0.04082779183144056,False
final_input_token_layerwise,undisclosed,k6,last_target_observation,2,3.0,0.011089404995542784,False
final_input_token_layerwise,undisclosed,k6,last_target_observation,3,3.0,0.0024305348718850484,False
final_input_token_layerwise,undisclosed,k6,last_target_observation,4,3.0,0.00408713883872322,False
final_input_token_layerwise,undisclosed,k6,last_target_observation,5,100.0,0.00039720163300910327,False
final_input_token_layerwise,undisclosed,k6,last_target_observation,6,3.0,0.005661336724058552,False
final_input_token_layerwise,undisclosed,k6,last_target_observation,7,100.0,0.00039646366107565223,False
final_input_token_layerwise,undisclosed,k6,last_target_observation,8,100.0,0.00042981765816366146,False
final_input_token_layerwise,undisclosed,k6,last_target_observation,9,100.0,-0.00030920435597175944,False
final_input_token_layerwise,undisclosed,k6,last_target_observation,10,100.0,-0.0005799166322497107,False
final_input_token_layerwise,undisclosed,k6,last_target_observation,11,100.0,-7.264983005406123e-05,False
final_input_token_layerwise,undisclosed,k6,last_target_observation,12,100.0,1.853301619936243e-05,False
final_input_token_layerwise,undisclosed,k6,last_target_observation,13,3.0,0.005626675335408865,False
final_input_token_layerwise,undisclosed,k6,last_target_observation,14,3.0,0.008929100043528232,False
final_input_token_layerwise,undisclosed,k6,last_target_observation,15,100.0,0.00024407412430055286,False
final_input_token_layerwise,undisclosed,k6,last_target_observation,16,3.0,0.02022426045067166,False
final_input_token_layerwise,undisclosed,k6,last_target_observation,17,3.0,0.041294421838656586,False
final_input_token_layerwise,undisclosed,k6,last_target_observation,18,3.0,0.059128201390467094,False
final_input_token_layerwise,undisclosed,k6,last_target_observation,19,3.0,0.05496896769254056,False
final_input_token_layerwise,undisclosed,k6,last_target_observation,20,3.0,0.07061369979610166,True
final_input_token_layerwise,undisclosed,k6,last_target_observation,21,3.0,0.06478651586351328,False
final_input_token_layerwise,undisclosed,k6,last_target_observation,22,3.0,0.05187416814857965,False
final_input_token_layerwise,undisclosed,k6,last_target_observation,23,3.0,0.049485462429426,False
final_input_token_layerwise,undisclosed,k6,last_target_observation,24,3.0,0.06125335653908495,False
final_input_token_layerwise,undisclosed,k6,last_target_observation,25,3.0,0.06093231282484668,False
final_input_token_layerwise,undisclosed,k6,last_target_observation,26,3.0,0.05231749578095754,False
final_input_token_layerwise,undisclosed,k6,last_target_observation,27,3.0,0.05649706209343344,False
final_input_token_layerwise,undisclosed,k6,last_target_observation,28,3.0,0.054665471395433124,False
final_input_token_layerwise,undisclosed,k6,last_target_observation,29,3.0,0.05210781791121041,False
final_input_token_layerwise,undisclosed,k6,last_target_observation,30,3.0,0.05040428553195628,False
final_input_token_layerwise,undisclosed,k6,last_target_observation,31,3.0,0.05059194002813483,False
final_input_token_layerwise,undisclosed,k6,last_target_observation,32,3.0,0.049630313257660236,False
final_input_token_layerwise,undisclosed,k6,last_target_observation,33,3.0,0.046750379462995956,False
final_input_token_layerwise,undisclosed,k6,last_target_observation,34,3.0,0.041790029867662865,False
final_input_token_layerwise,undisclosed,k6,last_target_observation,35,3.0,0.044419561721376066,False
final_input_token_layerwise,undisclosed,k6,last_target_observation,36,3.0,0.045677170836909586,False
final_input_token_layerwise,undisclosed,k6,target_observation_mean,0,0.0001,2.7755575615628914e-17,False
final_input_token_layerwise,undisclosed,k6,target_observation_mean,1,100.0,-0.010954452103472706,False
final_input_token_layerwise,undisclosed,k6,target_observation_mean,2,100.0,-0.006139055730906673,False
final_input_token_layerwise,undisclosed,k6,target_observation_mean,3,100.0,-0.004128396866833861,False
final_input_token_layerwise,undisclosed,k6,target_observation_mean,4,100.0,-0.003188606781457437,False
final_input_token_layerwise,undisclosed,k6,target_observation_mean,5,100.0,-0.0020784076827649878,False
final_input_token_layerwise,undisclosed,k6,target_observation_mean,6,100.0,-0.0015023293976303143,False
final_input_token_layerwise,undisclosed,k6,target_observation_mean,7,100.0,-0.0009389682245825592,False
final_input_token_layerwise,undisclosed,k6,target_observation_mean,8,100.0,-0.0006841088896732406,False
final_input_token_layerwise,undisclosed,k6,target_observation_mean,9,100.0,-0.00015710818774955504,False
final_input_token_layerwise,undisclosed,k6,target_observation_mean,10,100.0,-0.00040582606647651676,False
final_input_token_layerwise,undisclosed,k6,target_observation_mean,11,100.0,-0.0021863218181485677,False
final_input_token_layerwise,undisclosed,k6,target_observation_mean,12,100.0,-0.00163138112928915,False
final_input_token_layerwise,undisclosed,k6,target_observation_mean,13,100.0,-0.0011295919341594296,False
final_input_token_layerwise,undisclosed,k6,target_observation_mean,14,100.0,0.0006131253736206543,False
final_input_token_layerwise,undisclosed,k6,target_observation_mean,15,3.0,0.020008403755596288,False
final_input_token_layerwise,undisclosed,k6,target_observation_mean,16,3.0,0.02526357652913147,False
final_input_token_layerwise,undisclosed,k6,target_observation_mean,17,3.0,0.025114186781688558,False
final_input_token_layerwise,undisclosed,k6,target_observation_mean,18,3.0,0.062319080295996865,False
final_input_token_layerwise,undisclosed,k6,target_observation_mean,19,3.0,0.07762731870263026,False
final_input_token_layerwise,undisclosed,k6,target_observation_mean,20,0.1,0.2814846122404568,False
final_input_token_layerwise,undisclosed,k6,target_observation_mean,21,0.1,0.351139076175096,False
final_input_token_layerwise,undisclosed,k6,target_observation_mean,22,0.1,0.334752034746602,False
final_input_token_layerwise,undisclosed,k6,target_observation_mean,23,0.1,0.3736686100861773,True
final_input_token_layerwise,undisclosed,k6,target_observation_mean,24,0.1,0.3437699089752176,False
final_input_token_layerwise,undisclosed,k6,target_observation_mean,25,0.1,0.17928478042075674,False
final_input_token_layerwise,undisclosed,k6,target_observation_mean,26,0.1,0.1340540913575296,False
final_input_token_layerwise,undisclosed,k6,target_observation_mean,27,3.0,0.1423877764153699,False
final_input_token_layerwise,undisclosed,k6,target_observation_mean,28,3.0,0.17720177680535917,False
final_input_token_layerwise,undisclosed,k6,target_observation_mean,29,3.0,0.14567091198362156,False
final_input_token_layerwise,undisclosed,k6,target_observation_mean,30,3.0,0.11906251610999247,False
final_input_token_layerwise,undisclosed,k6,target_observation_mean,31,3.0,0.11269200863794429,False
final_input_token_layerwise,undisclosed,k6,target_observation_mean,32,3.0,0.11249324787308376,False
final_input_token_layerwise,undisclosed,k6,target_observation_mean,33,3.0,0.09138378617100484,False
final_input_token_layerwise,undisclosed,k6,target_observation_mean,34,3.0,0.09366440719985475,False
final_input_token_layerwise,undisclosed,k6,target_observation_mean,35,3.0,0.08928379616297327,False
final_input_token_layerwise,undisclosed,k6,target_observation_mean,36,3.0,0.08550695405200887,False
final_input_token_layerwise,undisclosed,k6,target_time_slope,0,0.0001,0.0,False
final_input_token_layerwise,undisclosed,k6,target_time_slope,1,100.0,0.0012226569789592079,False
final_input_token_layerwise,undisclosed,k6,target_time_slope,2,3.0,0.008138352955236072,False
final_input_token_layerwise,undisclosed,k6,target_time_slope,3,3.0,0.017531594048957683,False
final_input_token_layerwise,undisclosed,k6,target_time_slope,4,3.0,0.009256308797359308,False
final_input_token_layerwise,undisclosed,k6,target_time_slope,5,3.0,0.005115763812539281,False
final_input_token_layerwise,undisclosed,k6,target_time_slope,6,3.0,0.008103665537064153,False
final_input_token_layerwise,undisclosed,k6,target_time_slope,7,3.0,0.0032518116417399323,False
final_input_token_layerwise,undisclosed,k6,target_time_slope,8,3.0,0.01877535818809664,False
final_input_token_layerwise,undisclosed,k6,target_time_slope,9,3.0,0.0022707403980453955,False
final_input_token_layerwise,undisclosed,k6,target_time_slope,10,3.0,0.006253358900167871,False
final_input_token_layerwise,undisclosed,k6,target_time_slope,11,3.0,0.0030900828810480896,False
final_input_token_layerwise,undisclosed,k6,target_time_slope,12,3.0,0.005434159204086492,False
final_input_token_layerwise,undisclosed,k6,target_time_slope,13,3.0,0.01585851066221594,False
final_input_token_layerwise,undisclosed,k6,target_time_slope,14,3.0,0.014078354772672969,False
final_input_token_layerwise,undisclosed,k6,target_time_slope,15,100.0,-2.240204526637868e-05,False
final_input_token_layerwise,undisclosed,k6,target_time_slope,16,3.0,0.0069300473208164515,False
final_input_token_layerwise,undisclosed,k6,target_time_slope,17,3.0,0.03253961251012205,False
final_input_token_layerwise,undisclosed,k6,target_time_slope,18,3.0,0.04461671440572934,False
final_input_token_layerwise,undisclosed,k6,target_time_slope,19,3.0,0.0663052033095834,False
final_input_token_layerwise,undisclosed,k6,target_time_slope,20,3.0,0.09475098086227829,False
final_input_token_layerwise,undisclosed,k6,target_time_slope,21,3.0,0.11600548886098105,False
final_input_token_layerwise,undisclosed,k6,target_time_slope,22,3.0,0.09650697394361893,False
final_input_token_layerwise,undisclosed,k6,target_time_slope,23,3.0,0.06976240754184951,False
final_input_token_layerwise,undisclosed,k6,target_time_slope,24,3.0,0.061499163362162684,False
final_input_token_layerwise,undisclosed,k6,target_time_slope,25,3.0,0.09058569883413989,False
final_input_token_layerwise,undisclosed,k6,target_time_slope,26,3.0,0.07110275929405097,False
final_input_token_layerwise,undisclosed,k6,target_time_slope,27,3.0,0.07830186525026148,False
final_input_token_layerwise,undisclosed,k6,target_time_slope,28,3.0,0.07241063172454867,False
final_input_token_layerwise,undisclosed,k6,target_time_slope,29,3.0,0.08616600344495423,False
final_input_token_layerwise,undisclosed,k6,target_time_slope,30,3.0,0.10355158598069514,False
final_input_token_layerwise,undisclosed,k6,target_time_slope,31,0.1,0.1448432865906354,True
final_input_token_layerwise,undisclosed,k6,target_time_slope,32,0.1,0.12585061605157932,False
final_input_token_layerwise,undisclosed,k6,target_time_slope,33,3.0,0.11240620017380892,False
final_input_token_layerwise,undisclosed,k6,target_time_slope,34,0.1,0.13421060339645388,False
final_input_token_layerwise,undisclosed,k6,target_time_slope,35,0.1,0.13504738487007145,False
final_input_token_layerwise,undisclosed,k6,target_time_slope,36,3.0,0.10888978871911531,False
final_input_token_layerwise,undisclosed,k6,displayed_driver_outcome_slope,0,0.0001,-5.551115123125783e-17,False
final_input_token_layerwise,undisclosed,k6,displayed_driver_outcome_slope,1,100.0,-0.001679377479837263,False
final_input_token_layerwise,undisclosed,k6,displayed_driver_outcome_slope,2,100.0,-0.001694435408744227,False
final_input_token_layerwise,undisclosed,k6,displayed_driver_outcome_slope,3,3.0,0.004311738312318958,False
final_input_token_layerwise,undisclosed,k6,displayed_driver_outcome_slope,4,100.0,-0.0010713470616368626,False
final_input_token_layerwise,undisclosed,k6,displayed_driver_outcome_slope,5,100.0,-0.0012575195972023834,False
final_input_token_layerwise,undisclosed,k6,displayed_driver_outcome_slope,6,100.0,-0.0008588557430724009,False
final_input_token_layerwise,undisclosed,k6,displayed_driver_outcome_slope,7,100.0,-0.000250077491238454,False
final_input_token_layerwise,undisclosed,k6,displayed_driver_outcome_slope,8,3.0,0.005163506335251616,False
final_input_token_layerwise,undisclosed,k6,displayed_driver_outcome_slope,9,3.0,0.005559563217119173,False
final_input_token_layerwise,undisclosed,k6,displayed_driver_outcome_slope,10,100.0,0.0007505669479414834,False
final_input_token_layerwise,undisclosed,k6,displayed_driver_outcome_slope,11,100.0,0.00018120766653728637,False
final_input_token_layerwise,undisclosed,k6,displayed_driver_outcome_slope,12,3.0,0.003131772274219319,False
final_input_token_layerwise,undisclosed,k6,displayed_driver_outcome_slope,13,100.0,-0.0005821264085148214,False
final_input_token_layerwise,undisclosed,k6,displayed_driver_outcome_slope,14,100.0,-0.0010933424854598361,False
final_input_token_layerwise,undisclosed,k6,displayed_driver_outcome_slope,15,100.0,0.0004248517678942243,False
final_input_token_layerwise,undisclosed,k6,displayed_driver_outcome_slope,16,100.0,-1.9129990378674577e-05,False
final_input_token_layerwise,undisclosed,k6,displayed_driver_outcome_slope,17,100.0,-0.001166613173887443,False
final_input_token_layerwise,undisclosed,k6,displayed_driver_outcome_slope,18,100.0,-0.0005161027137721985,False
final_input_token_layerwise,undisclosed,k6,displayed_driver_outcome_slope,19,100.0,-0.000257058471362287,False
final_input_token_layerwise,undisclosed,k6,displayed_driver_outcome_slope,20,100.0,7.206865812131591e-05,False
final_input_token_layerwise,undisclosed,k6,displayed_driver_outcome_slope,21,100.0,0.0015311789369827356,False
final_input_token_layerwise,undisclosed,k6,displayed_driver_outcome_slope,22,100.0,0.0011164207740496923,False
final_input_token_layerwise,undisclosed,k6,displayed_driver_outcome_slope,23,100.0,0.0020750298248419508,False
final_input_token_layerwise,undisclosed,k6,displayed_driver_outcome_slope,24,3.0,0.004557462822536162,False
final_input_token_layerwise,undisclosed,k6,displayed_driver_outcome_slope,25,100.0,0.0008524326564208484,False
final_input_token_layerwise,undisclosed,k6,displayed_driver_outcome_slope,26,100.0,0.00019668461725336206,False
final_input_token_layerwise,undisclosed,k6,displayed_driver_outcome_slope,27,100.0,0.000279985276197936,False
final_input_token_layerwise,undisclosed,k6,displayed_driver_outcome_slope,28,100.0,0.00036269412371023324,False
final_input_token_layerwise,undisclosed,k6,displayed_driver_outcome_slope,29,100.0,-2.787947743870811e-05,False
final_input_token_layerwise,undisclosed,k6,displayed_driver_outcome_slope,30,100.0,-5.5357151629575885e-05,False
final_input_token_layerwise,undisclosed,k6,displayed_driver_outcome_slope,31,100.0,0.0001742143192237644,False
final_input_token_layerwise,undisclosed,k6,displayed_driver_outcome_slope,32,100.0,0.00013538420102390814,False
final_input_token_layerwise,undisclosed,k6,displayed_driver_outcome_slope,33,100.0,0.00017891876497680426,False
final_input_token_layerwise,undisclosed,k6,displayed_driver_outcome_slope,34,3.0,0.0033968537192136106,False
final_input_token_layerwise,undisclosed,k6,displayed_driver_outcome_slope,35,3.0,0.020098578153804003,True
final_input_token_layerwise,undisclosed,k6,displayed_driver_outcome_slope,36,3.0,0.011853285785417111,False
final_input_token_layerwise,undisclosed,k6,oracle_posterior_gain,0,0.0001,-5.551115123125783e-17,False
final_input_token_layerwise,undisclosed,k6,oracle_posterior_gain,1,100.0,-0.0020736603209924598,False
final_input_token_layerwise,undisclosed,k6,oracle_posterior_gain,2,100.0,-0.0005811592164571555,False
final_input_token_layerwise,undisclosed,k6,oracle_posterior_gain,3,100.0,-0.00030601364435919876,False
final_input_token_layerwise,undisclosed,k6,oracle_posterior_gain,4,100.0,0.0026684307845207256,False
final_input_token_layerwise,undisclosed,k6,oracle_posterior_gain,5,100.0,0.0020779724769905417,False
final_input_token_layerwise,undisclosed,k6,oracle_posterior_gain,6,100.0,0.0015159402163328617,False
final_input_token_layerwise,undisclosed,k6,oracle_posterior_gain,7,100.0,0.0001636649101780241,False
final_input_token_layerwise,undisclosed,k6,oracle_posterior_gain,8,100.0,-3.186451124556622e-05,False
final_input_token_layerwise,undisclosed,k6,oracle_posterior_gain,9,100.0,0.000552678786949895,False
final_input_token_layerwise,undisclosed,k6,oracle_posterior_gain,10,100.0,0.0002169994604601655,False
final_input_token_layerwise,undisclosed,k6,oracle_posterior_gain,11,100.0,0.0007952226212936953,False
final_input_token_layerwise,undisclosed,k6,oracle_posterior_gain,12,100.0,0.0010285285588546023,False
final_input_token_layerwise,undisclosed,k6,oracle_posterior_gain,13,3.0,0.012962363824549267,False
final_input_token_layerwise,undisclosed,k6,oracle_posterior_gain,14,3.0,0.02307524155778093,False
final_input_token_layerwise,undisclosed,k6,oracle_posterior_gain,15,3.0,0.0013943841627487852,False
final_input_token_layerwise,undisclosed,k6,oracle_posterior_gain,16,3.0,0.012531150330410717,False
final_input_token_layerwise,undisclosed,k6,oracle_posterior_gain,17,3.0,0.024240763267523946,False
final_input_token_layerwise,undisclosed,k6,oracle_posterior_gain,18,3.0,0.022638544150655887,False
final_input_token_layerwise,undisclosed,k6,oracle_posterior_gain,19,3.0,0.033557764910301796,False
final_input_token_layerwise,undisclosed,k6,oracle_posterior_gain,20,3.0,0.0814970556566958,False
final_input_token_layerwise,undisclosed,k6,oracle_posterior_gain,21,3.0,0.07918416064816741,False
final_input_token_layerwise,undisclosed,k6,oracle_posterior_gain,22,3.0,0.11111141799878035,False
final_input_token_layerwise,undisclosed,k6,oracle_posterior_gain,23,3.0,0.10715723189124046,False
final_input_token_layerwise,undisclosed,k6,oracle_posterior_gain,24,3.0,0.11165158931090938,False
final_input_token_layerwise,undisclosed,k6,oracle_posterior_gain,25,3.0,0.12608266029368048,False
final_input_token_layerwise,undisclosed,k6,oracle_posterior_gain,26,3.0,0.11736536697982353,False
final_input_token_layerwise,undisclosed,k6,oracle_posterior_gain,27,3.0,0.14126378386523394,False
final_input_token_layerwise,undisclosed,k6,oracle_posterior_gain,28,3.0,0.13640022158902546,False
final_input_token_layerwise,undisclosed,k6,oracle_posterior_gain,29,3.0,0.141974600697452,True
final_input_token_layerwise,undisclosed,k6,oracle_posterior_gain,30,3.0,0.12564271985063705,False
final_input_token_layerwise,undisclosed,k6,oracle_posterior_gain,31,3.0,0.11244726563322774,False
final_input_token_layerwise,undisclosed,k6,oracle_posterior_gain,32,3.0,0.11311182522238433,False
final_input_token_layerwise,undisclosed,k6,oracle_posterior_gain,33,3.0,0.10116192388740095,False
final_input_token_layerwise,undisclosed,k6,oracle_posterior_gain,34,3.0,0.09090329478453141,False
final_input_token_layerwise,undisclosed,k6,oracle_posterior_gain,35,3.0,0.10602851569287397,False
final_input_token_layerwise,undisclosed,k6,oracle_posterior_gain,36,3.0,0.10868770685792814,False
final_input_token_layerwise,undisclosed,k9,gain,0,0.0001,0.0,False
final_input_token_layerwise,undisclosed,k9,gain,1,100.0,-0.002674760394432707,False
final_input_token_layerwise,undisclosed,k9,gain,2,100.0,-0.0010303595163048407,False
final_input_token_layerwise,undisclosed,k9,gain,3,100.0,-0.0006196503876901294,False
final_input_token_layerwise,undisclosed,k9,gain,4,100.0,-0.0003026777041819084,False
final_input_token_layerwise,undisclosed,k9,gain,5,100.0,-0.0004792367959567112,False
final_input_token_layerwise,undisclosed,k9,gain,6,100.0,-0.00027475325511394644,False
final_input_token_layerwise,undisclosed,k9,gain,7,3.0,0.0034509182126632176,False
final_input_token_layerwise,undisclosed,k9,gain,8,100.0,-0.0011121647397860368,False
final_input_token_layerwise,undisclosed,k9,gain,9,100.0,-0.0010553099303254598,False
final_input_token_layerwise,undisclosed,k9,gain,10,100.0,-0.0005048560741634511,False
final_input_token_layerwise,undisclosed,k9,gain,11,100.0,-0.001043878076452065,False
final_input_token_layerwise,undisclosed,k9,gain,12,100.0,-0.0006773890317320064,False
final_input_token_layerwise,undisclosed,k9,gain,13,100.0,-0.001000892066307213,False
final_input_token_layerwise,undisclosed,k9,gain,14,100.0,-0.0010821984765641557,False
final_input_token_layerwise,undisclosed,k9,gain,15,100.0,-0.0005616284084557499,False
final_input_token_layerwise,undisclosed,k9,gain,16,100.0,-0.0008018951676073693,False
final_input_token_layerwise,undisclosed,k9,gain,17,100.0,-1.163798386963344e-05,False
final_input_token_layerwise,undisclosed,k9,gain,18,100.0,0.00012147866569475751,False
final_input_token_layerwise,undisclosed,k9,gain,19,3.0,0.023239144726394517,False
final_input_token_layerwise,undisclosed,k9,gain,20,0.1,0.11481120608671713,False
final_input_token_layerwise,undisclosed,k9,gain,21,0.1,0.16352312060335744,False
final_input_token_layerwise,undisclosed,k9,gain,22,0.1,0.12181903492538829,False
final_input_token_layerwise,undisclosed,k9,gain,23,3.0,0.11672054765055304,False
final_input_token_layerwise,undisclosed,k9,gain,24,3.0,0.11552954799418222,False
final_input_token_layerwise,undisclosed,k9,gain,25,3.0,0.09393563636113539,False
final_input_token_layerwise,undisclosed,k9,gain,26,3.0,0.08984278745194302,False
final_input_token_layerwise,undisclosed,k9,gain,27,0.1,0.17674378625780543,False
final_input_token_layerwise,undisclosed,k9,gain,28,0.1,0.16461505362959386,False
final_input_token_layerwise,undisclosed,k9,gain,29,0.1,0.1598727270746397,False
final_input_token_layerwise,undisclosed,k9,gain,30,0.1,0.1345161762270266,False
final_input_token_layerwise,undisclosed,k9,gain,31,0.1,0.1267010391685703,False
final_input_token_layerwise,undisclosed,k9,gain,32,0.1,0.12001939956416158,False
final_input_token_layerwise,undisclosed,k9,gain,33,0.1,0.09438952026044964,False
final_input_token_layerwise,undisclosed,k9,gain,34,0.1,0.11640349556954258,False
final_input_token_layerwise,undisclosed,k9,gain,35,0.1,0.20160760200458694,True
final_input_token_layerwise,undisclosed,k9,gain,36,0.1,0.16778565656622088,False
final_input_token_layerwise,undisclosed,k9,response_residual,0,0.0001,-2.7755575615628914e-17,False
final_input_token_layerwise,undisclosed,k9,response_residual,1,100.0,-0.003327312727725462,False
final_input_token_layerwise,undisclosed,k9,response_residual,2,100.0,-0.0012260192874254394,False
final_input_token_layerwise,undisclosed,k9,response_residual,3,100.0,-0.0009183114219023236,False
final_input_token_layerwise,undisclosed,k9,response_residual,4,100.0,-0.0001958373148485959,False
final_input_token_layerwise,undisclosed,k9,response_residual,5,100.0,-0.0003703158381975491,False
final_input_token_layerwise,undisclosed,k9,response_residual,6,100.0,-0.00011579051008756003,False
final_input_token_layerwise,undisclosed,k9,response_residual,7,3.0,0.00016115434891533775,False
final_input_token_layerwise,undisclosed,k9,response_residual,8,100.0,-0.0008435915555353724,False
final_input_token_layerwise,undisclosed,k9,response_residual,9,100.0,-0.0009496495811288086,False
final_input_token_layerwise,undisclosed,k9,response_residual,10,100.0,-0.00047688428291117746,False
final_input_token_layerwise,undisclosed,k9,response_residual,11,100.0,-0.0009603969829855563,False
final_input_token_layerwise,undisclosed,k9,response_residual,12,100.0,-0.0005403878867905054,False
final_input_token_layerwise,undisclosed,k9,response_residual,13,100.0,-0.0009857569280883882,False
final_input_token_layerwise,undisclosed,k9,response_residual,14,100.0,-0.0006887661507777032,False
final_input_token_layerwise,undisclosed,k9,response_residual,15,100.0,-0.0003891379462201694,False
final_input_token_layerwise,undisclosed,k9,response_residual,16,100.0,-0.0007426807481785425,False
final_input_token_layerwise,undisclosed,k9,response_residual,17,100.0,0.00019400529317581405,False
final_input_token_layerwise,undisclosed,k9,response_residual,18,100.0,8.789113542695404e-05,False
final_input_token_layerwise,undisclosed,k9,response_residual,19,100.0,0.0009031024365690199,False
final_input_token_layerwise,undisclosed,k9,response_residual,20,3.0,0.03912480687453235,False
final_input_token_layerwise,undisclosed,k9,response_residual,21,3.0,0.04542908263024237,False
final_input_token_layerwise,undisclosed,k9,response_residual,22,3.0,0.047910539627871035,False
final_input_token_layerwise,undisclosed,k9,response_residual,23,3.0,0.04293525226523642,False
final_input_token_layerwise,undisclosed,k9,response_residual,24,3.0,0.027797764859611107,False
final_input_token_layerwise,undisclosed,k9,response_residual,25,3.0,0.023508764336788335,False
final_input_token_layerwise,undisclosed,k9,response_residual,26,3.0,0.020668620646087793,False
final_input_token_layerwise,undisclosed,k9,response_residual,27,3.0,0.03597125991099015,False
final_input_token_layerwise,undisclosed,k9,response_residual,28,3.0,0.032069733535731254,False
final_input_token_layerwise,undisclosed,k9,response_residual,29,3.0,0.03374163893108936,False
final_input_token_layerwise,undisclosed,k9,response_residual,30,3.0,0.02675587909381244,False
final_input_token_layerwise,undisclosed,k9,response_residual,31,3.0,0.023508299978339614,False
final_input_token_layerwise,undisclosed,k9,response_residual,32,3.0,0.021099979995328727,False
final_input_token_layerwise,undisclosed,k9,response_residual,33,3.0,0.02026024518058331,False
final_input_token_layerwise,undisclosed,k9,response_residual,34,3.0,0.02370797333373198,False
final_input_token_layerwise,undisclosed,k9,response_residual,35,3.0,0.045493612121371985,False
final_input_token_layerwise,undisclosed,k9,response_residual,36,3.0,0.04883303231576225,True
final_input_token_layerwise,undisclosed,k9,last_target_observation,0,0.0001,1.3877787807814457e-16,False
final_input_token_layerwise,undisclosed,k9,last_target_observation,1,100.0,-0.006748945673647644,False
final_input_token_layerwise,undisclosed,k9,last_target_observation,2,100.0,-0.004501719577669039,False
final_input_token_layerwise,undisclosed,k9,last_target_observation,3,100.0,-0.002369954120865797,False
final_input_token_layerwise,undisclosed,k9,last_target_observation,4,100.0,-0.0022021669343599837,False
final_input_token_layerwise,undisclosed,k9,last_target_observation,5,100.0,-0.0009246521358707849,False
final_input_token_layerwise,undisclosed,k9,last_target_observation,6,3.0,0.001380875381282315,False
final_input_token_layerwise,undisclosed,k9,last_target_observation,7,3.0,0.009706912063777023,False
final_input_token_layerwise,undisclosed,k9,last_target_observation,8,3.0,0.00747893224746618,False
final_input_token_layerwise,undisclosed,k9,last_target_observation,9,3.0,0.040067789427986694,False
final_input_token_layerwise,undisclosed,k9,last_target_observation,10,3.0,0.029310063071249892,False
final_input_token_layerwise,undisclosed,k9,last_target_observation,11,3.0,0.017643534616433587,False
final_input_token_layerwise,undisclosed,k9,last_target_observation,12,3.0,0.019218458050617948,False
final_input_token_layerwise,undisclosed,k9,last_target_observation,13,3.0,0.029124128236031888,False
final_input_token_layerwise,undisclosed,k9,last_target_observation,14,3.0,0.051068474624737764,True
final_input_token_layerwise,undisclosed,k9,last_target_observation,15,100.0,0.00036269719164158665,False
final_input_token_layerwise,undisclosed,k9,last_target_observation,16,3.0,0.004281226134533772,False
final_input_token_layerwise,undisclosed,k9,last_target_observation,17,3.0,0.036963748899396215,False
final_input_token_layerwise,undisclosed,k9,last_target_observation,18,3.0,0.0289418821991215,False
final_input_token_layerwise,undisclosed,k9,last_target_observation,19,3.0,0.011217371795912173,False
final_input_token_layerwise,undisclosed,k9,last_target_observation,20,3.0,0.032133665809207734,False
final_input_token_layerwise,undisclosed,k9,last_target_observation,21,3.0,0.03309283386487022,False
final_input_token_layerwise,undisclosed,k9,last_target_observation,22,3.0,0.041411458734655016,False
final_input_token_layerwise,undisclosed,k9,last_target_observation,23,3.0,0.031792283826902856,False
final_input_token_layerwise,undisclosed,k9,last_target_observation,24,3.0,0.018372826079816995,False
final_input_token_layerwise,undisclosed,k9,last_target_observation,25,100.0,0.0011866488775897355,False
final_input_token_layerwise,undisclosed,k9,last_target_observation,26,100.0,0.0012882691245751088,False
final_input_token_layerwise,undisclosed,k9,last_target_observation,27,100.0,0.0013094082239778482,False
final_input_token_layerwise,undisclosed,k9,last_target_observation,28,3.0,0.009462053769114354,False
final_input_token_layerwise,undisclosed,k9,last_target_observation,29,3.0,0.0029900181455981556,False
final_input_token_layerwise,undisclosed,k9,last_target_observation,30,3.0,0.0017939700422906213,False
final_input_token_layerwise,undisclosed,k9,last_target_observation,31,100.0,0.0008016470212454385,False
final_input_token_layerwise,undisclosed,k9,last_target_observation,32,100.0,0.0011742346464186093,False
final_input_token_layerwise,undisclosed,k9,last_target_observation,33,100.0,0.0003976211695345677,False
final_input_token_layerwise,undisclosed,k9,last_target_observation,34,3.0,0.003316759529645996,False
final_input_token_layerwise,undisclosed,k9,last_target_observation,35,3.0,0.010763474353579966,False
final_input_token_layerwise,undisclosed,k9,last_target_observation,36,3.0,0.003862335157688579,False
final_input_token_layerwise,undisclosed,k9,target_observation_mean,0,0.0001,3.885780586188048e-16,False
final_input_token_layerwise,undisclosed,k9,target_observation_mean,1,100.0,0.004733686136336984,False
final_input_token_layerwise,undisclosed,k9,target_observation_mean,2,100.0,0.0015603044728668136,False
final_input_token_layerwise,undisclosed,k9,target_observation_mean,3,100.0,0.0022106283426200357,False
final_input_token_layerwise,undisclosed,k9,target_observation_mean,4,100.0,0.0011189035485405507,False
final_input_token_layerwise,undisclosed,k9,target_observation_mean,5,100.0,0.0005405325532704397,False
final_input_token_layerwise,undisclosed,k9,target_observation_mean,6,100.0,0.0004304499430089481,False
final_input_token_layerwise,undisclosed,k9,target_observation_mean,7,3.0,0.012192896190616198,False
final_input_token_layerwise,undisclosed,k9,target_observation_mean,8,100.0,-0.0001231812296935142,False
final_input_token_layerwise,undisclosed,k9,target_observation_mean,9,100.0,-0.0002172247169297259,False
final_input_token_layerwise,undisclosed,k9,target_observation_mean,10,100.0,-0.0004137502129893389,False
final_input_token_layerwise,undisclosed,k9,target_observation_mean,11,100.0,-0.001382452007303081,False
final_input_token_layerwise,undisclosed,k9,target_observation_mean,12,100.0,-0.0013906782223968017,False
final_input_token_layerwise,undisclosed,k9,target_observation_mean,13,100.0,-0.0006371777784068278,False
final_input_token_layerwise,undisclosed,k9,target_observation_mean,14,100.0,-0.0004674845527652127,False
final_input_token_layerwise,undisclosed,k9,target_observation_mean,15,100.0,-0.00033821307282383417,False
final_input_token_layerwise,undisclosed,k9,target_observation_mean,16,100.0,0.0003709574869149579,False
final_input_token_layerwise,undisclosed,k9,target_observation_mean,17,100.0,-0.00035483073122610786,False
final_input_token_layerwise,undisclosed,k9,target_observation_mean,18,100.0,-0.0003546187180053506,False
final_input_token_layerwise,undisclosed,k9,target_observation_mean,19,3.0,0.004312246811928794,False
final_input_token_layerwise,undisclosed,k9,target_observation_mean,20,3.0,0.07916646849906347,False
final_input_token_layerwise,undisclosed,k9,target_observation_mean,21,3.0,0.09199392943152829,False
final_input_token_layerwise,undisclosed,k9,target_observation_mean,22,3.0,0.10668923876310699,False
final_input_token_layerwise,undisclosed,k9,target_observation_mean,23,3.0,0.09278263490097555,False
final_input_token_layerwise,undisclosed,k9,target_observation_mean,24,3.0,0.0938571149147287,False
final_input_token_layerwise,undisclosed,k9,target_observation_mean,25,3.0,0.05066002194171437,False
final_input_token_layerwise,undisclosed,k9,target_observation_mean,26,3.0,0.06796570797587503,False
final_input_token_layerwise,undisclosed,k9,target_observation_mean,27,3.0,0.0829840830141467,False
final_input_token_layerwise,undisclosed,k9,target_observation_mean,28,3.0,0.1081365233773923,True
final_input_token_layerwise,undisclosed,k9,target_observation_mean,29,3.0,0.08938625080122586,False
final_input_token_layerwise,undisclosed,k9,target_observation_mean,30,3.0,0.07240989842282677,False
final_input_token_layerwise,undisclosed,k9,target_observation_mean,31,3.0,0.07605602170471434,False
final_input_token_layerwise,undisclosed,k9,target_observation_mean,32,3.0,0.0702485217211877,False
final_input_token_layerwise,undisclosed,k9,target_observation_mean,33,3.0,0.051718370410062275,False
final_input_token_layerwise,undisclosed,k9,target_observation_mean,34,3.0,0.054814992342653135,False
final_input_token_layerwise,undisclosed,k9,target_observation_mean,35,3.0,0.07558572315891735,False
final_input_token_layerwise,undisclosed,k9,target_observation_mean,36,3.0,0.07662855245396183,False
final_input_token_layerwise,undisclosed,k9,target_time_slope,0,0.0001,0.0,False
final_input_token_layerwise,undisclosed,k9,target_time_slope,1,3.0,0.010623566387593847,False
final_input_token_layerwise,undisclosed,k9,target_time_slope,2,3.0,0.010162045608686554,False
final_input_token_layerwise,undisclosed,k9,target_time_slope,3,3.0,0.03046992199594417,False
final_input_token_layerwise,undisclosed,k9,target_time_slope,4,100.0,-0.0007946286976011907,False
final_input_token_layerwise,undisclosed,k9,target_time_slope,5,3.0,0.010735661093342286,False
final_input_token_layerwise,undisclosed,k9,target_time_slope,6,3.0,0.01813293863465759,False
final_input_token_layerwise,undisclosed,k9,target_time_slope,7,3.0,0.018593940232913414,False
final_input_token_layerwise,undisclosed,k9,target_time_slope,8,3.0,0.02237171309637287,False
final_input_token_layerwise,undisclosed,k9,target_time_slope,9,3.0,0.030660843083013783,False
final_input_token_layerwise,undisclosed,k9,target_time_slope,10,3.0,0.013341368372581985,False
final_input_token_layerwise,undisclosed,k9,target_time_slope,11,3.0,0.015394152877681866,False
final_input_token_layerwise,undisclosed,k9,target_time_slope,12,100.0,0.00013062209137990055,False
final_input_token_layerwise,undisclosed,k9,target_time_slope,13,3.0,0.026963334961492974,False
final_input_token_layerwise,undisclosed,k9,target_time_slope,14,3.0,0.04255011744624321,False
final_input_token_layerwise,undisclosed,k9,target_time_slope,15,100.0,0.0001480659098324344,False
final_input_token_layerwise,undisclosed,k9,target_time_slope,16,3.0,0.017342464994653584,False
final_input_token_layerwise,undisclosed,k9,target_time_slope,17,3.0,0.06733724666412061,False
final_input_token_layerwise,undisclosed,k9,target_time_slope,18,3.0,0.09978493067017838,False
final_input_token_layerwise,undisclosed,k9,target_time_slope,19,3.0,0.11282737077819086,False
final_input_token_layerwise,undisclosed,k9,target_time_slope,20,3.0,0.1388120900855811,True
final_input_token_layerwise,undisclosed,k9,target_time_slope,21,3.0,0.13851041333357186,False
final_input_token_layerwise,undisclosed,k9,target_time_slope,22,3.0,0.1324075692737901,False
final_input_token_layerwise,undisclosed,k9,target_time_slope,23,3.0,0.11080260383591706,False
final_input_token_layerwise,undisclosed,k9,target_time_slope,24,3.0,0.07193233491679812,False
final_input_token_layerwise,undisclosed,k9,target_time_slope,25,3.0,0.057508441103852864,False
final_input_token_layerwise,undisclosed,k9,target_time_slope,26,3.0,0.0670810897171859,False
final_input_token_layerwise,undisclosed,k9,target_time_slope,27,3.0,0.07499332429159417,False
final_input_token_layerwise,undisclosed,k9,target_time_slope,28,3.0,0.07805248388312758,False
final_input_token_layerwise,undisclosed,k9,target_time_slope,29,3.0,0.06933530944532004,False
final_input_token_layerwise,undisclosed,k9,target_time_slope,30,3.0,0.08152381279879131,False
final_input_token_layerwise,undisclosed,k9,target_time_slope,31,3.0,0.06533231332754053,False
final_input_token_layerwise,undisclosed,k9,target_time_slope,32,3.0,0.05709722918538057,False
final_input_token_layerwise,undisclosed,k9,target_time_slope,33,3.0,0.05604353841858642,False
final_input_token_layerwise,undisclosed,k9,target_time_slope,34,3.0,0.048590883271226376,False
final_input_token_layerwise,undisclosed,k9,target_time_slope,35,3.0,0.04732681303859995,False
final_input_token_layerwise,undisclosed,k9,target_time_slope,36,3.0,0.03978407847177179,False
final_input_token_layerwise,undisclosed,k9,displayed_driver_outcome_slope,0,0.0001,-1.1102230246251565e-16,False
final_input_token_layerwise,undisclosed,k9,displayed_driver_outcome_slope,1,100.0,0.01055261266279181,False
final_input_token_layerwise,undisclosed,k9,displayed_driver_outcome_slope,2,3.0,0.007224829339597838,False
final_input_token_layerwise,undisclosed,k9,displayed_driver_outcome_slope,3,100.0,0.004377343650348697,False
final_input_token_layerwise,undisclosed,k9,displayed_driver_outcome_slope,4,3.0,0.007090311380803349,False
final_input_token_layerwise,undisclosed,k9,displayed_driver_outcome_slope,5,3.0,0.008368730045783507,False
final_input_token_layerwise,undisclosed,k9,displayed_driver_outcome_slope,6,3.0,0.0025108322746308087,False
final_input_token_layerwise,undisclosed,k9,displayed_driver_outcome_slope,7,3.0,0.0015490613425488964,False
final_input_token_layerwise,undisclosed,k9,displayed_driver_outcome_slope,8,100.0,0.0006210815406790526,False
final_input_token_layerwise,undisclosed,k9,displayed_driver_outcome_slope,9,100.0,-0.00012274356221200766,False
final_input_token_layerwise,undisclosed,k9,displayed_driver_outcome_slope,10,100.0,0.0006804178349506251,False
final_input_token_layerwise,undisclosed,k9,displayed_driver_outcome_slope,11,100.0,-0.0006931105083192723,False
final_input_token_layerwise,undisclosed,k9,displayed_driver_outcome_slope,12,100.0,-6.213075366884313e-05,False
final_input_token_layerwise,undisclosed,k9,displayed_driver_outcome_slope,13,100.0,0.00047518287472517184,False
final_input_token_layerwise,undisclosed,k9,displayed_driver_outcome_slope,14,3.0,0.007605145778709493,False
final_input_token_layerwise,undisclosed,k9,displayed_driver_outcome_slope,15,3.0,0.0014253928682208539,False
final_input_token_layerwise,undisclosed,k9,displayed_driver_outcome_slope,16,3.0,0.005544267631438421,False
final_input_token_layerwise,undisclosed,k9,displayed_driver_outcome_slope,17,100.0,0.0012338878559102484,False
final_input_token_layerwise,undisclosed,k9,displayed_driver_outcome_slope,18,100.0,0.0007896927908272455,False
final_input_token_layerwise,undisclosed,k9,displayed_driver_outcome_slope,19,3.0,0.029307649698800814,False
final_input_token_layerwise,undisclosed,k9,displayed_driver_outcome_slope,20,3.0,0.033185093837664076,False
final_input_token_layerwise,undisclosed,k9,displayed_driver_outcome_slope,21,3.0,0.04599665205585987,False
final_input_token_layerwise,undisclosed,k9,displayed_driver_outcome_slope,22,3.0,0.04762291979646521,False
final_input_token_layerwise,undisclosed,k9,displayed_driver_outcome_slope,23,3.0,0.07357053370834193,False
final_input_token_layerwise,undisclosed,k9,displayed_driver_outcome_slope,24,3.0,0.0710296811466273,False
final_input_token_layerwise,undisclosed,k9,displayed_driver_outcome_slope,25,3.0,0.04874775982640431,False
final_input_token_layerwise,undisclosed,k9,displayed_driver_outcome_slope,26,3.0,0.047286529876221006,False
final_input_token_layerwise,undisclosed,k9,displayed_driver_outcome_slope,27,3.0,0.06074055928528388,False
final_input_token_layerwise,undisclosed,k9,displayed_driver_outcome_slope,28,3.0,0.06198963561482393,False
final_input_token_layerwise,undisclosed,k9,displayed_driver_outcome_slope,29,3.0,0.05882459372282742,False
final_input_token_layerwise,undisclosed,k9,displayed_driver_outcome_slope,30,3.0,0.06950715932305551,False
final_input_token_layerwise,undisclosed,k9,displayed_driver_outcome_slope,31,3.0,0.0692747478864606,False
final_input_token_layerwise,undisclosed,k9,displayed_driver_outcome_slope,32,3.0,0.0775242893396986,True
final_input_token_layerwise,undisclosed,k9,displayed_driver_outcome_slope,33,3.0,0.06062491714587376,False
final_input_token_layerwise,undisclosed,k9,displayed_driver_outcome_slope,34,3.0,0.05189407144698724,False
final_input_token_layerwise,undisclosed,k9,displayed_driver_outcome_slope,35,3.0,0.06442659629224112,False
final_input_token_layerwise,undisclosed,k9,displayed_driver_outcome_slope,36,3.0,0.061527990620610484,False
final_input_token_layerwise,undisclosed,k9,oracle_posterior_gain,0,0.0001,0.0,False
final_input_token_layerwise,undisclosed,k9,oracle_posterior_gain,1,100.0,6.15080051835637e-06,False
final_input_token_layerwise,undisclosed,k9,oracle_posterior_gain,2,100.0,-0.0006562149604093792,False
final_input_token_layerwise,undisclosed,k9,oracle_posterior_gain,3,100.0,-0.0004634760141462857,False
final_input_token_layerwise,undisclosed,k9,oracle_posterior_gain,4,100.0,-0.0007481833944880945,False
final_input_token_layerwise,undisclosed,k9,oracle_posterior_gain,5,100.0,-0.0007237631947977774,False
final_input_token_layerwise,undisclosed,k9,oracle_posterior_gain,6,100.0,-0.00030271588698496665,False
final_input_token_layerwise,undisclosed,k9,oracle_posterior_gain,7,100.0,-0.0003853898138972689,False
final_input_token_layerwise,undisclosed,k9,oracle_posterior_gain,8,100.0,-0.0013913711292183883,False
final_input_token_layerwise,undisclosed,k9,oracle_posterior_gain,9,100.0,-0.0006757375109928687,False
final_input_token_layerwise,undisclosed,k9,oracle_posterior_gain,10,100.0,-0.00065485091904538,False
final_input_token_layerwise,undisclosed,k9,oracle_posterior_gain,11,100.0,-0.0009826185847723878,False
final_input_token_layerwise,undisclosed,k9,oracle_posterior_gain,12,100.0,-0.00038151660850407887,False
final_input_token_layerwise,undisclosed,k9,oracle_posterior_gain,13,100.0,-9.90436944108275e-05,False
final_input_token_layerwise,undisclosed,k9,oracle_posterior_gain,14,100.0,-0.001103914919700244,False
final_input_token_layerwise,undisclosed,k9,oracle_posterior_gain,15,3.0,0.0030782930521064955,False
final_input_token_layerwise,undisclosed,k9,oracle_posterior_gain,16,3.0,0.005241249038033802,False
final_input_token_layerwise,undisclosed,k9,oracle_posterior_gain,17,3.0,0.003389706449517138,False
final_input_token_layerwise,undisclosed,k9,oracle_posterior_gain,18,100.0,1.0517627381911865e-05,False
final_input_token_layerwise,undisclosed,k9,oracle_posterior_gain,19,3.0,0.0409983643272446,False
final_input_token_layerwise,undisclosed,k9,oracle_posterior_gain,20,0.1,0.2192036283668223,False
final_input_token_layerwise,undisclosed,k9,oracle_posterior_gain,21,0.1,0.2650736778984495,False
final_input_token_layerwise,undisclosed,k9,oracle_posterior_gain,22,0.1,0.24743075843043708,False
final_input_token_layerwise,undisclosed,k9,oracle_posterior_gain,23,0.1,0.2292336739965753,False
final_input_token_layerwise,undisclosed,k9,oracle_posterior_gain,24,0.1,0.2651070388867718,False
final_input_token_layerwise,undisclosed,k9,oracle_posterior_gain,25,0.1,0.2527801215627652,False
final_input_token_layerwise,undisclosed,k9,oracle_posterior_gain,26,0.1,0.2737154554853114,False
final_input_token_layerwise,undisclosed,k9,oracle_posterior_gain,27,0.1,0.27793599866595187,True
final_input_token_layerwise,undisclosed,k9,oracle_posterior_gain,28,0.1,0.2246767448903341,False
final_input_token_layerwise,undisclosed,k9,oracle_posterior_gain,29,0.1,0.21995410183353997,False
final_input_token_layerwise,undisclosed,k9,oracle_posterior_gain,30,0.1,0.2226985642126486,False
final_input_token_layerwise,undisclosed,k9,oracle_posterior_gain,31,0.1,0.22558848421812228,False
final_input_token_layerwise,undisclosed,k9,oracle_posterior_gain,32,0.1,0.18397234775745663,False
final_input_token_layerwise,undisclosed,k9,oracle_posterior_gain,33,3.0,0.15912487735260336,False
final_input_token_layerwise,undisclosed,k9,oracle_posterior_gain,34,3.0,0.15118473713805958,False
final_input_token_layerwise,undisclosed,k9,oracle_posterior_gain,35,0.1,0.2274914554685405,False
final_input_token_layerwise,undisclosed,k9,oracle_posterior_gain,36,0.1,0.23111523497176473,False
final_input_token_layerwise,undisclosed,pooled,gain,0,0.0001,0.0,False
final_input_token_layerwise,undisclosed,pooled,gain,1,100.0,0.0011977525794499195,False
final_input_token_layerwise,undisclosed,pooled,gain,2,100.0,0.0019443873517731858,False
final_input_token_layerwise,undisclosed,pooled,gain,3,100.0,-0.0010613929664446964,False
final_input_token_layerwise,undisclosed,pooled,gain,4,100.0,0.0017215667381866306,False
final_input_token_layerwise,undisclosed,pooled,gain,5,100.0,0.00021916109782899965,False
final_input_token_layerwise,undisclosed,pooled,gain,6,100.0,-0.0003160144980839108,False
final_input_token_layerwise,undisclosed,pooled,gain,7,100.0,-0.00017524706896443476,False
final_input_token_layerwise,undisclosed,pooled,gain,8,100.0,-0.0021607817788768615,False
final_input_token_layerwise,undisclosed,pooled,gain,9,100.0,0.0015807507195876407,False
final_input_token_layerwise,undisclosed,pooled,gain,10,100.0,0.0006709272677966616,False
final_input_token_layerwise,undisclosed,pooled,gain,11,100.0,0.0028658330350114503,False
final_input_token_layerwise,undisclosed,pooled,gain,12,100.0,0.004380204895631651,False
final_input_token_layerwise,undisclosed,pooled,gain,13,100.0,0.00019880214875171257,False
final_input_token_layerwise,undisclosed,pooled,gain,14,100.0,-0.0006411393392370216,False
final_input_token_layerwise,undisclosed,pooled,gain,15,100.0,0.000637351054126443,False
final_input_token_layerwise,undisclosed,pooled,gain,16,100.0,0.0006035881439813521,False
final_input_token_layerwise,undisclosed,pooled,gain,17,100.0,0.0012167627400860304,False
final_input_token_layerwise,undisclosed,pooled,gain,18,100.0,0.0012921135288983716,False
final_input_token_layerwise,undisclosed,pooled,gain,19,3.0,0.03367884355400957,False
final_input_token_layerwise,undisclosed,pooled,gain,20,3.0,0.05512762400542484,False
final_input_token_layerwise,undisclosed,pooled,gain,21,3.0,0.049657484652606075,False
final_input_token_layerwise,undisclosed,pooled,gain,22,3.0,0.05565080143346287,False
final_input_token_layerwise,undisclosed,pooled,gain,23,3.0,0.07288407670908646,False
final_input_token_layerwise,undisclosed,pooled,gain,24,3.0,0.0869774496122047,False
final_input_token_layerwise,undisclosed,pooled,gain,25,3.0,0.0982753251964577,True
final_input_token_layerwise,undisclosed,pooled,gain,26,3.0,0.0836911761608712,False
final_input_token_layerwise,undisclosed,pooled,gain,27,3.0,0.0923646275419997,False
final_input_token_layerwise,undisclosed,pooled,gain,28,3.0,0.08457430524745707,False
final_input_token_layerwise,undisclosed,pooled,gain,29,3.0,0.0616468654734493,False
final_input_token_layerwise,undisclosed,pooled,gain,30,3.0,0.0491380043070428,False
final_input_token_layerwise,undisclosed,pooled,gain,31,3.0,0.04601763254261571,False
final_input_token_layerwise,undisclosed,pooled,gain,32,3.0,0.03547525234758651,False
final_input_token_layerwise,undisclosed,pooled,gain,33,100.0,0.01798654989268973,False
final_input_token_layerwise,undisclosed,pooled,gain,34,100.0,0.01830035013102903,False
final_input_token_layerwise,undisclosed,pooled,gain,35,3.0,0.034708517749568964,False
final_input_token_layerwise,undisclosed,pooled,gain,36,100.0,0.02469695284921043,False
final_input_token_layerwise,undisclosed,pooled,response_residual,0,0.0001,-2.7755575615628914e-17,False
final_input_token_layerwise,undisclosed,pooled,response_residual,1,100.0,-0.0012449486066399469,False
final_input_token_layerwise,undisclosed,pooled,response_residual,2,100.0,-0.00010318584694111547,False
final_input_token_layerwise,undisclosed,pooled,response_residual,3,100.0,-0.0022047894599354265,False
final_input_token_layerwise,undisclosed,pooled,response_residual,4,100.0,-0.0002678887706009288,False
final_input_token_layerwise,undisclosed,pooled,response_residual,5,100.0,-0.001264064574529424,False
final_input_token_layerwise,undisclosed,pooled,response_residual,6,100.0,-0.0012731986567409703,False
final_input_token_layerwise,undisclosed,pooled,response_residual,7,100.0,-0.0005363283081017042,False
final_input_token_layerwise,undisclosed,pooled,response_residual,8,100.0,-0.0013746292762892482,False
final_input_token_layerwise,undisclosed,pooled,response_residual,9,100.0,0.0025455996138807244,False
final_input_token_layerwise,undisclosed,pooled,response_residual,10,100.0,0.0019442643887996696,False
final_input_token_layerwise,undisclosed,pooled,response_residual,11,100.0,0.002696456036055367,False
final_input_token_layerwise,undisclosed,pooled,response_residual,12,100.0,0.004857947684800394,False
final_input_token_layerwise,undisclosed,pooled,response_residual,13,100.0,-0.0006066707024095416,False
final_input_token_layerwise,undisclosed,pooled,response_residual,14,100.0,0.0006685911963188185,False
final_input_token_layerwise,undisclosed,pooled,response_residual,15,100.0,-0.0007570236989258572,False
final_input_token_layerwise,undisclosed,pooled,response_residual,16,100.0,-0.0004992772595590333,False
final_input_token_layerwise,undisclosed,pooled,response_residual,17,100.0,0.00032915386615365677,False
final_input_token_layerwise,undisclosed,pooled,response_residual,18,100.0,-0.0004005333799578144,False
final_input_token_layerwise,undisclosed,pooled,response_residual,19,100.0,0.0008217706533507249,False
final_input_token_layerwise,undisclosed,pooled,response_residual,20,100.0,0.004572455752963139,False
final_input_token_layerwise,undisclosed,pooled,response_residual,21,100.0,0.0041151855778426005,False
final_input_token_layerwise,undisclosed,pooled,response_residual,22,100.0,0.005269970665516053,False
final_input_token_layerwise,undisclosed,pooled,response_residual,23,100.0,0.011554427845151732,False
final_input_token_layerwise,undisclosed,pooled,response_residual,24,100.0,0.009940242941574631,False
final_input_token_layerwise,undisclosed,pooled,response_residual,25,100.0,0.013465507969581014,False
final_input_token_layerwise,undisclosed,pooled,response_residual,26,100.0,0.012129677208808856,False
final_input_token_layerwise,undisclosed,pooled,response_residual,27,100.0,0.015125638331780536,True
final_input_token_layerwise,undisclosed,pooled,response_residual,28,100.0,0.013080704922261377,False
final_input_token_layerwise,undisclosed,pooled,response_residual,29,100.0,0.012516325413396423,False
final_input_token_layerwise,undisclosed,pooled,response_residual,30,100.0,0.011022066880771684,False
final_input_token_layerwise,undisclosed,pooled,response_residual,31,100.0,0.009892357809792538,False
final_input_token_layerwise,undisclosed,pooled,response_residual,32,100.0,0.008387338919064152,False
final_input_token_layerwise,undisclosed,pooled,response_residual,33,100.0,0.005564499540566037,False
final_input_token_layerwise,undisclosed,pooled,response_residual,34,100.0,0.005740510912438583,False
final_input_token_layerwise,undisclosed,pooled,response_residual,35,100.0,0.00982828520505069,False
final_input_token_layerwise,undisclosed,pooled,response_residual,36,100.0,0.010869441685308465,False
mean_embedding,disclosed,k3,gain,0,100.0,-0.0013393875603101013,True
mean_embedding,disclosed,k3,response_residual,0,100.0,-0.00047630881776636325,True
mean_embedding,disclosed,k6,gain,0,100.0,-0.00017146628251396567,True
mean_embedding,disclosed,k6,response_residual,0,100.0,0.0009699176825104794,True
mean_embedding,disclosed,k9,gain,0,100.0,-0.0007117472640997269,True
mean_embedding,disclosed,k9,response_residual,0,100.0,0.000953518261265135,True
mean_embedding,disclosed,pooled,gain,0,100.0,-0.00911051926355024,True
mean_embedding,disclosed,pooled,response_residual,0,100.0,-0.002252039089797505,True
mean_embedding,undisclosed,k3,gain,0,100.0,-0.0015577820481136873,True
mean_embedding,undisclosed,k3,response_residual,0,100.0,-0.0006124525688177007,True
mean_embedding,undisclosed,k6,gain,0,100.0,-0.00029001209052947896,True
mean_embedding,undisclosed,k6,response_residual,0,100.0,0.0009460246119616933,True
mean_embedding,undisclosed,k9,gain,0,100.0,-0.0008389494439039191,True
mean_embedding,undisclosed,k9,response_residual,0,100.0,0.0009659547891521236,True
mean_embedding,undisclosed,pooled,gain,0,100.0,-0.009139188506194404,True
mean_embedding,undisclosed,pooled,response_residual,0,100.0,-0.0022825781034909085,True
mean_final_layer,disclosed,k3,gain,0,100.0,-0.0002990644484774929,True
mean_final_layer,disclosed,k3,response_residual,0,100.0,-0.000499934105869515,True
mean_final_layer,disclosed,k6,gain,0,3.0,0.008309770854882631,True
mean_final_layer,disclosed,k6,response_residual,0,100.0,-3.301056198956598e-05,True
mean_final_layer,disclosed,k9,gain,0,0.1,0.04404488219942254,True
mean_final_layer,disclosed,k9,response_residual,0,3.0,0.010517111753441888,True
mean_final_layer,disclosed,pooled,gain,0,100.0,0.006469393506861432,True
mean_final_layer,disclosed,pooled,response_residual,0,100.0,-0.00047731015326013537,True
mean_final_layer,undisclosed,k3,gain,0,100.0,-0.000901131939832156,True
mean_final_layer,undisclosed,k3,response_residual,0,100.0,-0.0009694876668676633,True
mean_final_layer,undisclosed,k6,gain,0,3.0,0.002678884830700695,True
mean_final_layer,undisclosed,k6,response_residual,0,100.0,-0.0002779601787587238,True
mean_final_layer,undisclosed,k9,gain,0,0.1,0.06628074472501563,True
mean_final_layer,undisclosed,k9,response_residual,0,3.0,0.009025970720408921,True
mean_final_layer,undisclosed,pooled,gain,0,100.0,0.00232068457246822,True
mean_final_layer,undisclosed,pooled,response_residual,0,100.0,-0.003512717775309019,True
