representation,train_disclosure,evidence,target,layer,alpha,cv_macro_development_baseline_r2,selected
final_input_token_layerwise,disclosed,k3,gain,0,0.0001,0.0,False
final_input_token_layerwise,disclosed,k3,gain,1,100.0,0.0014007010842060907,False
final_input_token_layerwise,disclosed,k3,gain,2,100.0,0.0012272064854483289,False
final_input_token_layerwise,disclosed,k3,gain,3,100.0,0.001202492536305222,False
final_input_token_layerwise,disclosed,k3,gain,4,100.0,0.0011611970701687624,False
final_input_token_layerwise,disclosed,k3,gain,5,100.0,0.0009126204830472995,False
final_input_token_layerwise,disclosed,k3,gain,6,100.0,0.0007791878839398247,False
final_input_token_layerwise,disclosed,k3,gain,7,100.0,0.000786452988031705,False
final_input_token_layerwise,disclosed,k3,gain,8,100.0,0.0008183252280243025,False
final_input_token_layerwise,disclosed,k3,gain,9,100.0,0.0008972232337634556,False
final_input_token_layerwise,disclosed,k3,gain,10,3.0,0.002277106210323704,False
final_input_token_layerwise,disclosed,k3,gain,11,100.0,0.0005523278614831262,False
final_input_token_layerwise,disclosed,k3,gain,12,100.0,0.00046949275068994267,False
final_input_token_layerwise,disclosed,k3,gain,13,100.0,0.0005217392508183039,False
final_input_token_layerwise,disclosed,k3,gain,14,100.0,0.00040866355931007403,False
final_input_token_layerwise,disclosed,k3,gain,15,100.0,0.0004063471351327952,False
final_input_token_layerwise,disclosed,k3,gain,16,100.0,-0.00014087106750040879,False
final_input_token_layerwise,disclosed,k3,gain,17,100.0,-9.230180642041952e-05,False
final_input_token_layerwise,disclosed,k3,gain,18,100.0,0.00015043704492073706,False
final_input_token_layerwise,disclosed,k3,gain,19,100.0,0.00014642152028512823,False
final_input_token_layerwise,disclosed,k3,gain,20,100.0,0.00016448091286080935,False
final_input_token_layerwise,disclosed,k3,gain,21,100.0,0.000883834381161297,False
final_input_token_layerwise,disclosed,k3,gain,22,100.0,0.0007762351091963049,False
final_input_token_layerwise,disclosed,k3,gain,23,100.0,0.0012211838127993146,False
final_input_token_layerwise,disclosed,k3,gain,24,3.0,0.0018783097515613911,False
final_input_token_layerwise,disclosed,k3,gain,25,3.0,0.02117465574694974,False
final_input_token_layerwise,disclosed,k3,gain,26,3.0,0.016781281585775687,False
final_input_token_layerwise,disclosed,k3,gain,27,3.0,0.00818315776162068,False
final_input_token_layerwise,disclosed,k3,gain,28,3.0,0.00937036188030907,False
final_input_token_layerwise,disclosed,k3,gain,29,3.0,0.01030783654704065,False
final_input_token_layerwise,disclosed,k3,gain,30,3.0,0.012942479184160416,False
final_input_token_layerwise,disclosed,k3,gain,31,3.0,0.018740132680168636,False
final_input_token_layerwise,disclosed,k3,gain,32,3.0,0.02254633678411233,False
final_input_token_layerwise,disclosed,k3,gain,33,3.0,0.022838180659057794,False
final_input_token_layerwise,disclosed,k3,gain,34,3.0,0.019453687333449515,False
final_input_token_layerwise,disclosed,k3,gain,35,3.0,0.02372434177907151,False
final_input_token_layerwise,disclosed,k3,gain,36,3.0,0.024750874470545386,True
final_input_token_layerwise,disclosed,k3,response_residual,0,0.0001,-2.7755575615628914e-17,False
final_input_token_layerwise,disclosed,k3,response_residual,1,100.0,0.001135251376395724,False
final_input_token_layerwise,disclosed,k3,response_residual,2,100.0,0.0007340602345579095,False
final_input_token_layerwise,disclosed,k3,response_residual,3,100.0,0.0008514083371465864,False
final_input_token_layerwise,disclosed,k3,response_residual,4,100.0,0.0007888866120683014,False
final_input_token_layerwise,disclosed,k3,response_residual,5,100.0,0.0005442185466678351,False
final_input_token_layerwise,disclosed,k3,response_residual,6,100.0,0.0003593117195070661,False
final_input_token_layerwise,disclosed,k3,response_residual,7,100.0,0.00031018476925392946,False
final_input_token_layerwise,disclosed,k3,response_residual,8,100.0,0.00032886453345232214,False
final_input_token_layerwise,disclosed,k3,response_residual,9,100.0,0.000453433205370779,False
final_input_token_layerwise,disclosed,k3,response_residual,10,100.0,0.0005645597786838041,False
final_input_token_layerwise,disclosed,k3,response_residual,11,100.0,0.000327146306694559,False
final_input_token_layerwise,disclosed,k3,response_residual,12,100.0,0.00028564576622211457,False
final_input_token_layerwise,disclosed,k3,response_residual,13,100.0,0.0002945545236274494,False
final_input_token_layerwise,disclosed,k3,response_residual,14,100.0,0.00032207008202861376,False
final_input_token_layerwise,disclosed,k3,response_residual,15,100.0,0.000273118846511905,False
final_input_token_layerwise,disclosed,k3,response_residual,16,100.0,-0.0003370097482486567,False
final_input_token_layerwise,disclosed,k3,response_residual,17,100.0,-0.00021310831991247503,False
final_input_token_layerwise,disclosed,k3,response_residual,18,100.0,-5.153150526387984e-05,False
final_input_token_layerwise,disclosed,k3,response_residual,19,100.0,-4.3497824174093536e-05,False
final_input_token_layerwise,disclosed,k3,response_residual,20,100.0,6.630221245207402e-05,False
final_input_token_layerwise,disclosed,k3,response_residual,21,100.0,0.0006957705882081056,False
final_input_token_layerwise,disclosed,k3,response_residual,22,100.0,0.0005486869477988043,False
final_input_token_layerwise,disclosed,k3,response_residual,23,100.0,0.000888715303329568,False
final_input_token_layerwise,disclosed,k3,response_residual,24,100.0,0.0013048887450718971,False
final_input_token_layerwise,disclosed,k3,response_residual,25,100.0,0.002624973644396539,False
final_input_token_layerwise,disclosed,k3,response_residual,26,100.0,0.002515255944981837,False
final_input_token_layerwise,disclosed,k3,response_residual,27,100.0,0.0019496010630600247,False
final_input_token_layerwise,disclosed,k3,response_residual,28,100.0,0.0021145716658779456,False
final_input_token_layerwise,disclosed,k3,response_residual,29,100.0,0.0019889248629456346,False
final_input_token_layerwise,disclosed,k3,response_residual,30,100.0,0.001925687612002347,False
final_input_token_layerwise,disclosed,k3,response_residual,31,100.0,0.0020255358222050213,False
final_input_token_layerwise,disclosed,k3,response_residual,32,100.0,0.0019704054613788047,False
final_input_token_layerwise,disclosed,k3,response_residual,33,100.0,0.0018366362716042695,False
final_input_token_layerwise,disclosed,k3,response_residual,34,100.0,0.0015779081887283553,False
final_input_token_layerwise,disclosed,k3,response_residual,35,3.0,0.004811069198521145,False
final_input_token_layerwise,disclosed,k3,response_residual,36,3.0,0.007218268745403794,True
final_input_token_layerwise,disclosed,k3,last_target_observation,0,0.0001,-8.326672684688674e-17,False
final_input_token_layerwise,disclosed,k3,last_target_observation,1,0.1,0.049556371625886386,True
final_input_token_layerwise,disclosed,k3,last_target_observation,2,100.0,0.00023371448557155117,False
final_input_token_layerwise,disclosed,k3,last_target_observation,3,100.0,0.0007277858203818266,False
final_input_token_layerwise,disclosed,k3,last_target_observation,4,100.0,0.0010102581388128085,False
final_input_token_layerwise,disclosed,k3,last_target_observation,5,100.0,0.00043702793319927435,False
final_input_token_layerwise,disclosed,k3,last_target_observation,6,100.0,0.0005648872382609527,False
final_input_token_layerwise,disclosed,k3,last_target_observation,7,100.0,0.0005691599944578907,False
final_input_token_layerwise,disclosed,k3,last_target_observation,8,100.0,0.0007012618158643569,False
final_input_token_layerwise,disclosed,k3,last_target_observation,9,100.0,0.00019929217535527566,False
final_input_token_layerwise,disclosed,k3,last_target_observation,10,100.0,-0.0003178743988000998,False
final_input_token_layerwise,disclosed,k3,last_target_observation,11,100.0,-0.0003184121295932707,False
final_input_token_layerwise,disclosed,k3,last_target_observation,12,100.0,0.00020976271336226038,False
final_input_token_layerwise,disclosed,k3,last_target_observation,13,100.0,5.2055651790311464e-05,False
final_input_token_layerwise,disclosed,k3,last_target_observation,14,100.0,-8.745446663091516e-05,False
final_input_token_layerwise,disclosed,k3,last_target_observation,15,100.0,0.00019686408718563864,False
final_input_token_layerwise,disclosed,k3,last_target_observation,16,100.0,-0.0007462034546903973,False
final_input_token_layerwise,disclosed,k3,last_target_observation,17,100.0,-0.0008350346305826262,False
final_input_token_layerwise,disclosed,k3,last_target_observation,18,100.0,-0.0006441173322093707,False
final_input_token_layerwise,disclosed,k3,last_target_observation,19,100.0,-0.0005391749474115137,False
final_input_token_layerwise,disclosed,k3,last_target_observation,20,100.0,-0.0005407766710997519,False
final_input_token_layerwise,disclosed,k3,last_target_observation,21,100.0,-0.0002664574177028145,False
final_input_token_layerwise,disclosed,k3,last_target_observation,22,100.0,0.00012045684501649223,False
final_input_token_layerwise,disclosed,k3,last_target_observation,23,100.0,0.0002390021947063503,False
final_input_token_layerwise,disclosed,k3,last_target_observation,24,100.0,-0.0007408309678090252,False
final_input_token_layerwise,disclosed,k3,last_target_observation,25,100.0,-0.0010162360568837792,False
final_input_token_layerwise,disclosed,k3,last_target_observation,26,100.0,-0.0006756773934007421,False
final_input_token_layerwise,disclosed,k3,last_target_observation,27,100.0,-0.0012111986097896321,False
final_input_token_layerwise,disclosed,k3,last_target_observation,28,100.0,-0.001163966200601052,False
final_input_token_layerwise,disclosed,k3,last_target_observation,29,100.0,-0.001337828822289222,False
final_input_token_layerwise,disclosed,k3,last_target_observation,30,100.0,-0.0009781114375344568,False
final_input_token_layerwise,disclosed,k3,last_target_observation,31,100.0,-0.0012590676234995324,False
final_input_token_layerwise,disclosed,k3,last_target_observation,32,100.0,-0.0013461335231237936,False
final_input_token_layerwise,disclosed,k3,last_target_observation,33,100.0,-0.0013593672660638934,False
final_input_token_layerwise,disclosed,k3,last_target_observation,34,100.0,-0.001026965007002445,False
final_input_token_layerwise,disclosed,k3,last_target_observation,35,100.0,-0.001047998824898283,False
final_input_token_layerwise,disclosed,k3,last_target_observation,36,100.0,-0.0010210035695018271,False
final_input_token_layerwise,disclosed,k3,target_observation_mean,0,0.0001,5.551115123125783e-17,False
final_input_token_layerwise,disclosed,k3,target_observation_mean,1,3.0,0.01923006530355087,False
final_input_token_layerwise,disclosed,k3,target_observation_mean,2,3.0,0.013511794612910383,False
final_input_token_layerwise,disclosed,k3,target_observation_mean,3,3.0,0.01169247863522907,False
final_input_token_layerwise,disclosed,k3,target_observation_mean,4,3.0,0.006563356883570237,False
final_input_token_layerwise,disclosed,k3,target_observation_mean,5,100.0,0.0004978419038117188,False
final_input_token_layerwise,disclosed,k3,target_observation_mean,6,100.0,0.0005779440201427455,False
final_input_token_layerwise,disclosed,k3,target_observation_mean,7,100.0,0.00045077647864127934,False
final_input_token_layerwise,disclosed,k3,target_observation_mean,8,3.0,0.002564155078151914,False
final_input_token_layerwise,disclosed,k3,target_observation_mean,9,100.0,0.00016018405257428592,False
final_input_token_layerwise,disclosed,k3,target_observation_mean,10,100.0,0.00013027232300633074,False
final_input_token_layerwise,disclosed,k3,target_observation_mean,11,100.0,-0.0002651541497639409,False
final_input_token_layerwise,disclosed,k3,target_observation_mean,12,100.0,0.0002234177298686968,False
final_input_token_layerwise,disclosed,k3,target_observation_mean,13,100.0,-2.5924665654680767e-05,False
final_input_token_layerwise,disclosed,k3,target_observation_mean,14,100.0,-0.00011054326146739402,False
final_input_token_layerwise,disclosed,k3,target_observation_mean,15,100.0,-0.0004735836527775539,False
final_input_token_layerwise,disclosed,k3,target_observation_mean,16,100.0,-0.00028239509071253943,False
final_input_token_layerwise,disclosed,k3,target_observation_mean,17,100.0,-0.00023973865628573732,False
final_input_token_layerwise,disclosed,k3,target_observation_mean,18,100.0,0.0004206483210541512,False
final_input_token_layerwise,disclosed,k3,target_observation_mean,19,100.0,0.00011174301588454116,False
final_input_token_layerwise,disclosed,k3,target_observation_mean,20,100.0,-8.846080997407246e-05,False
final_input_token_layerwise,disclosed,k3,target_observation_mean,21,100.0,0.0006780484675146803,False
final_input_token_layerwise,disclosed,k3,target_observation_mean,22,100.0,0.001061944714889157,False
final_input_token_layerwise,disclosed,k3,target_observation_mean,23,3.0,0.013463535526828302,False
final_input_token_layerwise,disclosed,k3,target_observation_mean,24,100.0,0.00128424232974933,False
final_input_token_layerwise,disclosed,k3,target_observation_mean,25,100.0,0.0008577384282880685,False
final_input_token_layerwise,disclosed,k3,target_observation_mean,26,3.0,0.0022447440191021573,False
final_input_token_layerwise,disclosed,k3,target_observation_mean,27,100.0,0.00044724851671998356,False
final_input_token_layerwise,disclosed,k3,target_observation_mean,28,100.0,-5.733909794297665e-05,False
final_input_token_layerwise,disclosed,k3,target_observation_mean,29,100.0,9.284276407026115e-05,False
final_input_token_layerwise,disclosed,k3,target_observation_mean,30,3.0,0.0024071225266709406,False
final_input_token_layerwise,disclosed,k3,target_observation_mean,31,3.0,0.012327618361242743,False
final_input_token_layerwise,disclosed,k3,target_observation_mean,32,3.0,0.02104811274832094,False
final_input_token_layerwise,disclosed,k3,target_observation_mean,33,3.0,0.02003331189581356,False
final_input_token_layerwise,disclosed,k3,target_observation_mean,34,3.0,0.03886683489462664,True
final_input_token_layerwise,disclosed,k3,target_observation_mean,35,3.0,0.034029595935738705,False
final_input_token_layerwise,disclosed,k3,target_observation_mean,36,3.0,0.028492348028631348,False
final_input_token_layerwise,disclosed,k3,target_time_slope,0,0.0001,0.0,False
final_input_token_layerwise,disclosed,k3,target_time_slope,1,100.0,-0.0008233134560989841,False
final_input_token_layerwise,disclosed,k3,target_time_slope,2,100.0,-0.0035641629148214227,False
final_input_token_layerwise,disclosed,k3,target_time_slope,3,100.0,-0.0019069147817340482,False
final_input_token_layerwise,disclosed,k3,target_time_slope,4,100.0,-0.000782915148293789,False
final_input_token_layerwise,disclosed,k3,target_time_slope,5,100.0,-0.0007231134830884278,False
final_input_token_layerwise,disclosed,k3,target_time_slope,6,100.0,-0.0007477753347344684,False
final_input_token_layerwise,disclosed,k3,target_time_slope,7,100.0,-0.0007556223176520827,False
final_input_token_layerwise,disclosed,k3,target_time_slope,8,100.0,-0.0006169695896810212,False
final_input_token_layerwise,disclosed,k3,target_time_slope,9,100.0,-0.000728563826445594,False
final_input_token_layerwise,disclosed,k3,target_time_slope,10,100.0,-0.0005801248010631754,False
final_input_token_layerwise,disclosed,k3,target_time_slope,11,100.0,-0.000646835849934968,False
final_input_token_layerwise,disclosed,k3,target_time_slope,12,100.0,-0.00019507973711785365,False
final_input_token_layerwise,disclosed,k3,target_time_slope,13,100.0,-5.0948047686460995e-05,False
final_input_token_layerwise,disclosed,k3,target_time_slope,14,100.0,5.5341679851356185e-05,True
final_input_token_layerwise,disclosed,k3,target_time_slope,15,100.0,1.752570763299821e-05,False
final_input_token_layerwise,disclosed,k3,target_time_slope,16,100.0,-0.0009474507145825484,False
final_input_token_layerwise,disclosed,k3,target_time_slope,17,100.0,-0.001277715659756845,False
final_input_token_layerwise,disclosed,k3,target_time_slope,18,100.0,-0.001238928750227436,False
final_input_token_layerwise,disclosed,k3,target_time_slope,19,100.0,-0.0007475138185849828,False
final_input_token_layerwise,disclosed,k3,target_time_slope,20,100.0,-0.000737232226663942,False
final_input_token_layerwise,disclosed,k3,target_time_slope,21,100.0,-0.0006185802433844589,False
final_input_token_layerwise,disclosed,k3,target_time_slope,22,100.0,-0.00025138443681366196,False
final_input_token_layerwise,disclosed,k3,target_time_slope,23,100.0,-0.0004510429204946931,False
final_input_token_layerwise,disclosed,k3,target_time_slope,24,100.0,-0.00032497207948742335,False
final_input_token_layerwise,disclosed,k3,target_time_slope,25,100.0,-0.0004617821921763243,False
final_input_token_layerwise,disclosed,k3,target_time_slope,26,100.0,-9.065421546769481e-05,False
final_input_token_layerwise,disclosed,k3,target_time_slope,27,100.0,-0.00042652416371308233,False
final_input_token_layerwise,disclosed,k3,target_time_slope,28,100.0,-0.00016176970920045441,False
final_input_token_layerwise,disclosed,k3,target_time_slope,29,100.0,-0.0002855620447644869,False
final_input_token_layerwise,disclosed,k3,target_time_slope,30,100.0,-0.00030167449331136575,False
final_input_token_layerwise,disclosed,k3,target_time_slope,31,100.0,-0.0005639080088224724,False
final_input_token_layerwise,disclosed,k3,target_time_slope,32,100.0,-0.0007927874867278972,False
final_input_token_layerwise,disclosed,k3,target_time_slope,33,100.0,-0.0007299338250472132,False
final_input_token_layerwise,disclosed,k3,target_time_slope,34,100.0,-0.0007501654103021504,False
final_input_token_layerwise,disclosed,k3,target_time_slope,35,100.0,-0.0005674941471879857,False
final_input_token_layerwise,disclosed,k3,target_time_slope,36,100.0,-0.0005079210486494123,False
final_input_token_layerwise,disclosed,k3,displayed_driver_outcome_slope,0,0.0001,5.551115123125783e-17,False
final_input_token_layerwise,disclosed,k3,displayed_driver_outcome_slope,1,100.0,-0.0012087255828131527,False
final_input_token_layerwise,disclosed,k3,displayed_driver_outcome_slope,2,3.0,0.03138606130471619,False
final_input_token_layerwise,disclosed,k3,displayed_driver_outcome_slope,3,3.0,0.03477003271652665,False
final_input_token_layerwise,disclosed,k3,displayed_driver_outcome_slope,4,3.0,0.030973901486263333,False
final_input_token_layerwise,disclosed,k3,displayed_driver_outcome_slope,5,3.0,0.03236999299162255,False
final_input_token_layerwise,disclosed,k3,displayed_driver_outcome_slope,6,3.0,0.03594145970444931,True
final_input_token_layerwise,disclosed,k3,displayed_driver_outcome_slope,7,3.0,0.02301264865906963,False
final_input_token_layerwise,disclosed,k3,displayed_driver_outcome_slope,8,3.0,0.011839389677242268,False
final_input_token_layerwise,disclosed,k3,displayed_driver_outcome_slope,9,3.0,0.010091409947122126,False
final_input_token_layerwise,disclosed,k3,displayed_driver_outcome_slope,10,3.0,0.01715010375428966,False
final_input_token_layerwise,disclosed,k3,displayed_driver_outcome_slope,11,3.0,0.01061367543171357,False
final_input_token_layerwise,disclosed,k3,displayed_driver_outcome_slope,12,3.0,0.018320188709882418,False
final_input_token_layerwise,disclosed,k3,displayed_driver_outcome_slope,13,3.0,0.004920251634281614,False
final_input_token_layerwise,disclosed,k3,displayed_driver_outcome_slope,14,100.0,0.0006406762488998241,False
final_input_token_layerwise,disclosed,k3,displayed_driver_outcome_slope,15,100.0,0.0005109101543263328,False
final_input_token_layerwise,disclosed,k3,displayed_driver_outcome_slope,16,100.0,0.00041967111602903007,False
final_input_token_layerwise,disclosed,k3,displayed_driver_outcome_slope,17,100.0,0.000281895587541825,False
final_input_token_layerwise,disclosed,k3,displayed_driver_outcome_slope,18,100.0,0.00017306057940752462,False
final_input_token_layerwise,disclosed,k3,displayed_driver_outcome_slope,19,100.0,0.0005754392465916192,False
final_input_token_layerwise,disclosed,k3,displayed_driver_outcome_slope,20,100.0,0.0007217692283604249,False
final_input_token_layerwise,disclosed,k3,displayed_driver_outcome_slope,21,100.0,0.001018861319533465,False
final_input_token_layerwise,disclosed,k3,displayed_driver_outcome_slope,22,100.0,0.0008190023531011448,False
final_input_token_layerwise,disclosed,k3,displayed_driver_outcome_slope,23,100.0,0.0010855995519135908,False
final_input_token_layerwise,disclosed,k3,displayed_driver_outcome_slope,24,100.0,0.001206503664949704,False
final_input_token_layerwise,disclosed,k3,displayed_driver_outcome_slope,25,100.0,0.0013223646369031616,False
final_input_token_layerwise,disclosed,k3,displayed_driver_outcome_slope,26,100.0,0.0013405371451423453,False
final_input_token_layerwise,disclosed,k3,displayed_driver_outcome_slope,27,100.0,0.0008585563543244967,False
final_input_token_layerwise,disclosed,k3,displayed_driver_outcome_slope,28,100.0,0.000893541643043283,False
final_input_token_layerwise,disclosed,k3,displayed_driver_outcome_slope,29,100.0,0.0011067917480511447,False
final_input_token_layerwise,disclosed,k3,displayed_driver_outcome_slope,30,100.0,0.0007343154645453598,False
final_input_token_layerwise,disclosed,k3,displayed_driver_outcome_slope,31,100.0,0.000549005625536475,False
final_input_token_layerwise,disclosed,k3,displayed_driver_outcome_slope,32,100.0,0.00028953537990919487,False
final_input_token_layerwise,disclosed,k3,displayed_driver_outcome_slope,33,100.0,7.009907469515686e-05,False
final_input_token_layerwise,disclosed,k3,displayed_driver_outcome_slope,34,100.0,0.00041976840455368314,False
final_input_token_layerwise,disclosed,k3,displayed_driver_outcome_slope,35,100.0,0.00025831614694094007,False
final_input_token_layerwise,disclosed,k3,displayed_driver_outcome_slope,36,100.0,-2.8373798845959808e-05,False
final_input_token_layerwise,disclosed,k3,oracle_posterior_gain,0,0.0001,0.0,False
final_input_token_layerwise,disclosed,k3,oracle_posterior_gain,1,100.0,-0.0005848248221492214,False
final_input_token_layerwise,disclosed,k3,oracle_posterior_gain,2,100.0,-0.003247286924585424,False
final_input_token_layerwise,disclosed,k3,oracle_posterior_gain,3,100.0,-0.0021415895728522927,False
final_input_token_layerwise,disclosed,k3,oracle_posterior_gain,4,100.0,-0.0016501040807592737,False
final_input_token_layerwise,disclosed,k3,oracle_posterior_gain,5,100.0,-0.00133542361160649,False
final_input_token_layerwise,disclosed,k3,oracle_posterior_gain,6,100.0,-0.0015949667663878175,False
final_input_token_layerwise,disclosed,k3,oracle_posterior_gain,7,100.0,-0.0015392718732364363,False
final_input_token_layerwise,disclosed,k3,oracle_posterior_gain,8,100.0,-0.001630217923345889,False
final_input_token_layerwise,disclosed,k3,oracle_posterior_gain,9,100.0,-0.0012511920178396585,False
final_input_token_layerwise,disclosed,k3,oracle_posterior_gain,10,100.0,-0.001065406496487592,False
final_input_token_layerwise,disclosed,k3,oracle_posterior_gain,11,100.0,-0.0010100637477374053,False
final_input_token_layerwise,disclosed,k3,oracle_posterior_gain,12,100.0,-0.0011025070692907701,False
final_input_token_layerwise,disclosed,k3,oracle_posterior_gain,13,100.0,-0.0011741825905981218,False
final_input_token_layerwise,disclosed,k3,oracle_posterior_gain,14,100.0,-0.001394081632932781,False
final_input_token_layerwise,disclosed,k3,oracle_posterior_gain,15,100.0,-0.001270516881775402,False
final_input_token_layerwise,disclosed,k3,oracle_posterior_gain,16,100.0,-0.0014852426384803774,False
final_input_token_layerwise,disclosed,k3,oracle_posterior_gain,17,100.0,-0.0017009949562991622,False
final_input_token_layerwise,disclosed,k3,oracle_posterior_gain,18,100.0,-0.001622110580002889,False
final_input_token_layerwise,disclosed,k3,oracle_posterior_gain,19,100.0,-0.0017294913215733232,False
final_input_token_layerwise,disclosed,k3,oracle_posterior_gain,20,100.0,-0.0010056311030070264,False
final_input_token_layerwise,disclosed,k3,oracle_posterior_gain,21,100.0,-0.0008125040938686268,False
final_input_token_layerwise,disclosed,k3,oracle_posterior_gain,22,100.0,-0.0003104631977129402,False
final_input_token_layerwise,disclosed,k3,oracle_posterior_gain,23,100.0,-0.00014742548186269522,False
final_input_token_layerwise,disclosed,k3,oracle_posterior_gain,24,100.0,0.00041684724416124475,False
final_input_token_layerwise,disclosed,k3,oracle_posterior_gain,25,100.0,0.0019759565660346923,False
final_input_token_layerwise,disclosed,k3,oracle_posterior_gain,26,100.0,0.0017447691974152024,False
final_input_token_layerwise,disclosed,k3,oracle_posterior_gain,27,100.0,0.0012889349990788668,False
final_input_token_layerwise,disclosed,k3,oracle_posterior_gain,28,100.0,0.0010350922906357252,False
final_input_token_layerwise,disclosed,k3,oracle_posterior_gain,29,100.0,0.001282228234188415,False
final_input_token_layerwise,disclosed,k3,oracle_posterior_gain,30,100.0,0.000956068369285884,False
final_input_token_layerwise,disclosed,k3,oracle_posterior_gain,31,100.0,0.0011151469570348793,False
final_input_token_layerwise,disclosed,k3,oracle_posterior_gain,32,100.0,0.0012820179208476168,False
final_input_token_layerwise,disclosed,k3,oracle_posterior_gain,33,100.0,0.0009787528928909828,False
final_input_token_layerwise,disclosed,k3,oracle_posterior_gain,34,100.0,0.001144830124423929,False
final_input_token_layerwise,disclosed,k3,oracle_posterior_gain,35,100.0,0.0014259058916125944,False
final_input_token_layerwise,disclosed,k3,oracle_posterior_gain,36,100.0,0.00198317487379826,True
final_input_token_layerwise,disclosed,k6,gain,0,0.0001,0.0,False
final_input_token_layerwise,disclosed,k6,gain,1,3.0,0.006008400486093385,True
final_input_token_layerwise,disclosed,k6,gain,2,100.0,-0.0014169264598312137,False
final_input_token_layerwise,disclosed,k6,gain,3,100.0,-0.0011570220795148467,False
final_input_token_layerwise,disclosed,k6,gain,4,100.0,-0.0011779932422576744,False
final_input_token_layerwise,disclosed,k6,gain,5,100.0,-0.0009559638640271317,False
final_input_token_layerwise,disclosed,k6,gain,6,100.0,-0.000999926226872977,False
final_input_token_layerwise,disclosed,k6,gain,7,100.0,-0.0013314318173971995,False
final_input_token_layerwise,disclosed,k6,gain,8,100.0,-0.0012338939437944174,False
final_input_token_layerwise,disclosed,k6,gain,9,100.0,-0.0010773501001787589,False
final_input_token_layerwise,disclosed,k6,gain,10,100.0,-0.0010294536244029873,False
final_input_token_layerwise,disclosed,k6,gain,11,100.0,-0.000766950920633086,False
final_input_token_layerwise,disclosed,k6,gain,12,100.0,-0.0007718430969175238,False
final_input_token_layerwise,disclosed,k6,gain,13,100.0,-0.0007180384316985977,False
final_input_token_layerwise,disclosed,k6,gain,14,100.0,-0.0009113504783552495,False
final_input_token_layerwise,disclosed,k6,gain,15,100.0,-0.0007743943131838238,False
final_input_token_layerwise,disclosed,k6,gain,16,100.0,-0.00032145709065573014,False
final_input_token_layerwise,disclosed,k6,gain,17,100.0,-0.0003095217360780389,False
final_input_token_layerwise,disclosed,k6,gain,18,100.0,-0.0005132929007586884,False
final_input_token_layerwise,disclosed,k6,gain,19,100.0,-0.0006788745990186085,False
final_input_token_layerwise,disclosed,k6,gain,20,100.0,-0.000956724071105669,False
final_input_token_layerwise,disclosed,k6,gain,21,100.0,-0.0008076097072311217,False
final_input_token_layerwise,disclosed,k6,gain,22,100.0,-0.0008909335180555811,False
final_input_token_layerwise,disclosed,k6,gain,23,100.0,-0.0008130596291406056,False
final_input_token_layerwise,disclosed,k6,gain,24,100.0,-0.0013247288173600102,False
final_input_token_layerwise,disclosed,k6,gain,25,100.0,-0.0011059802552211007,False
final_input_token_layerwise,disclosed,k6,gain,26,100.0,-0.0010331456850692922,False
final_input_token_layerwise,disclosed,k6,gain,27,100.0,-0.0012756316290311875,False
final_input_token_layerwise,disclosed,k6,gain,28,100.0,-0.0012470795550613423,False
final_input_token_layerwise,disclosed,k6,gain,29,100.0,-0.001028890741309657,False
final_input_token_layerwise,disclosed,k6,gain,30,100.0,-0.0006389822283936475,False
final_input_token_layerwise,disclosed,k6,gain,31,100.0,-0.0010989976762148523,False
final_input_token_layerwise,disclosed,k6,gain,32,100.0,-0.0011807296744509588,False
final_input_token_layerwise,disclosed,k6,gain,33,100.0,-0.0010842574307740604,False
final_input_token_layerwise,disclosed,k6,gain,34,100.0,-0.0011049953092742981,False
final_input_token_layerwise,disclosed,k6,gain,35,100.0,-0.0009932092678325288,False
final_input_token_layerwise,disclosed,k6,gain,36,100.0,-0.0008822845006128954,False
final_input_token_layerwise,disclosed,k6,response_residual,0,0.0001,-2.7755575615628914e-17,False
final_input_token_layerwise,disclosed,k6,response_residual,1,3.0,0.0035566468805927898,True
final_input_token_layerwise,disclosed,k6,response_residual,2,100.0,-0.0012574400691481857,False
final_input_token_layerwise,disclosed,k6,response_residual,3,100.0,-0.0011342162258989041,False
final_input_token_layerwise,disclosed,k6,response_residual,4,100.0,-0.0012812985689198975,False
final_input_token_layerwise,disclosed,k6,response_residual,5,100.0,-0.0012526894260610766,False
final_input_token_layerwise,disclosed,k6,response_residual,6,100.0,-0.001275669918901573,False
final_input_token_layerwise,disclosed,k6,response_residual,7,100.0,-0.0014437804639153284,False
final_input_token_layerwise,disclosed,k6,response_residual,8,100.0,-0.0014204506419284724,False
final_input_token_layerwise,disclosed,k6,response_residual,9,100.0,-0.0015282036627751183,False
final_input_token_layerwise,disclosed,k6,response_residual,10,100.0,-0.0014876383524422276,False
final_input_token_layerwise,disclosed,k6,response_residual,11,100.0,-0.0012843720227253552,False
final_input_token_layerwise,disclosed,k6,response_residual,12,100.0,-0.0012593376125777378,False
final_input_token_layerwise,disclosed,k6,response_residual,13,100.0,-0.0011050732258257034,False
final_input_token_layerwise,disclosed,k6,response_residual,14,100.0,-0.0011831246171528642,False
final_input_token_layerwise,disclosed,k6,response_residual,15,100.0,-0.000982198278932811,False
final_input_token_layerwise,disclosed,k6,response_residual,16,100.0,-0.0005827885070297523,False
final_input_token_layerwise,disclosed,k6,response_residual,17,100.0,-0.0007417282296718897,False
final_input_token_layerwise,disclosed,k6,response_residual,18,100.0,-0.0007982028093751758,False
final_input_token_layerwise,disclosed,k6,response_residual,19,100.0,-0.000981346139620698,False
final_input_token_layerwise,disclosed,k6,response_residual,20,100.0,-0.00110145592847255,False
final_input_token_layerwise,disclosed,k6,response_residual,21,100.0,-0.0008978683792326969,False
final_input_token_layerwise,disclosed,k6,response_residual,22,100.0,-0.0010559835321688749,False
final_input_token_layerwise,disclosed,k6,response_residual,23,100.0,-0.001289653180507111,False
final_input_token_layerwise,disclosed,k6,response_residual,24,100.0,-0.0016221368217473608,False
final_input_token_layerwise,disclosed,k6,response_residual,25,100.0,-0.0014266241594954043,False
final_input_token_layerwise,disclosed,k6,response_residual,26,100.0,-0.0013074470627146562,False
final_input_token_layerwise,disclosed,k6,response_residual,27,100.0,-0.0014615405979556129,False
final_input_token_layerwise,disclosed,k6,response_residual,28,100.0,-0.0013520015754288628,False
final_input_token_layerwise,disclosed,k6,response_residual,29,100.0,-0.0012908576930037718,False
final_input_token_layerwise,disclosed,k6,response_residual,30,100.0,-0.0009934024255891238,False
final_input_token_layerwise,disclosed,k6,response_residual,31,100.0,-0.00130760201037472,False
final_input_token_layerwise,disclosed,k6,response_residual,32,100.0,-0.0013871431339331775,False
final_input_token_layerwise,disclosed,k6,response_residual,33,100.0,-0.001308174675396595,False
final_input_token_layerwise,disclosed,k6,response_residual,34,100.0,-0.0014192076028147482,False
final_input_token_layerwise,disclosed,k6,response_residual,35,100.0,-0.001317470482873312,False
final_input_token_layerwise,disclosed,k6,response_residual,36,100.0,-0.0011954015267617302,False
final_input_token_layerwise,disclosed,k6,last_target_observation,0,0.0001,-2.7755575615628914e-17,False
final_input_token_layerwise,disclosed,k6,last_target_observation,1,100.0,-0.000980358149690913,False
final_input_token_layerwise,disclosed,k6,last_target_observation,2,3.0,0.004804497603505431,False
final_input_token_layerwise,disclosed,k6,last_target_observation,3,100.0,0.00018122674988027554,False
final_input_token_layerwise,disclosed,k6,last_target_observation,4,3.0,0.005840247233324852,False
final_input_token_layerwise,disclosed,k6,last_target_observation,5,3.0,0.00837545183649216,False
final_input_token_layerwise,disclosed,k6,last_target_observation,6,3.0,0.0056969870358954955,False
final_input_token_layerwise,disclosed,k6,last_target_observation,7,3.0,0.0005977979128142796,False
final_input_token_layerwise,disclosed,k6,last_target_observation,8,100.0,0.0006347941645050981,False
final_input_token_layerwise,disclosed,k6,last_target_observation,9,100.0,0.0008349214284335826,False
final_input_token_layerwise,disclosed,k6,last_target_observation,10,100.0,0.0008164716412291384,False
final_input_token_layerwise,disclosed,k6,last_target_observation,11,100.0,0.00041927279045830823,False
final_input_token_layerwise,disclosed,k6,last_target_observation,12,100.0,0.0004445577241021792,False
final_input_token_layerwise,disclosed,k6,last_target_observation,13,100.0,0.0008015234964569296,False
final_input_token_layerwise,disclosed,k6,last_target_observation,14,100.0,0.0007750347449070327,False
final_input_token_layerwise,disclosed,k6,last_target_observation,15,3.0,0.01063312460123128,False
final_input_token_layerwise,disclosed,k6,last_target_observation,16,3.0,0.02617818148107892,False
final_input_token_layerwise,disclosed,k6,last_target_observation,17,3.0,0.03193778083084198,False
final_input_token_layerwise,disclosed,k6,last_target_observation,18,3.0,0.027074882876797796,False
final_input_token_layerwise,disclosed,k6,last_target_observation,19,3.0,0.03443846003884071,True
final_input_token_layerwise,disclosed,k6,last_target_observation,20,3.0,0.023732533863078498,False
final_input_token_layerwise,disclosed,k6,last_target_observation,21,3.0,0.019606895359447374,False
final_input_token_layerwise,disclosed,k6,last_target_observation,22,3.0,0.015331856835352459,False
final_input_token_layerwise,disclosed,k6,last_target_observation,23,3.0,0.008823176004097794,False
final_input_token_layerwise,disclosed,k6,last_target_observation,24,3.0,0.005631460233168184,False
final_input_token_layerwise,disclosed,k6,last_target_observation,25,100.0,0.0007445277529798955,False
final_input_token_layerwise,disclosed,k6,last_target_observation,26,100.0,0.000378037588902036,False
final_input_token_layerwise,disclosed,k6,last_target_observation,27,100.0,0.0004556125001850819,False
final_input_token_layerwise,disclosed,k6,last_target_observation,28,100.0,-4.073201893894929e-05,False
final_input_token_layerwise,disclosed,k6,last_target_observation,29,100.0,0.0002560208917166129,False
final_input_token_layerwise,disclosed,k6,last_target_observation,30,100.0,-7.586054178199131e-05,False
final_input_token_layerwise,disclosed,k6,last_target_observation,31,100.0,-0.00012976760720656566,False
final_input_token_layerwise,disclosed,k6,last_target_observation,32,100.0,-0.00016235868820804744,False
final_input_token_layerwise,disclosed,k6,last_target_observation,33,100.0,-4.0260851714130075e-05,False
final_input_token_layerwise,disclosed,k6,last_target_observation,34,3.0,0.0020900616040540054,False
final_input_token_layerwise,disclosed,k6,last_target_observation,35,3.0,0.0010349228210893013,False
final_input_token_layerwise,disclosed,k6,last_target_observation,36,3.0,0.0021920327727499578,False
final_input_token_layerwise,disclosed,k6,target_observation_mean,0,0.0001,2.7755575615628914e-17,False
final_input_token_layerwise,disclosed,k6,target_observation_mean,1,100.0,-0.000676713406064372,False
final_input_token_layerwise,disclosed,k6,target_observation_mean,2,3.0,0.00931147821623829,False
final_input_token_layerwise,disclosed,k6,target_observation_mean,3,3.0,0.007556526642301831,False
final_input_token_layerwise,disclosed,k6,target_observation_mean,4,100.0,0.0006160019911496395,False
final_input_token_layerwise,disclosed,k6,target_observation_mean,5,3.0,0.002965916809077901,False
final_input_token_layerwise,disclosed,k6,target_observation_mean,6,3.0,0.0045680902756913555,False
final_input_token_layerwise,disclosed,k6,target_observation_mean,7,3.0,0.003033141561499142,False
final_input_token_layerwise,disclosed,k6,target_observation_mean,8,3.0,0.003437754986897412,False
final_input_token_layerwise,disclosed,k6,target_observation_mean,9,100.0,0.00021864049203532132,False
final_input_token_layerwise,disclosed,k6,target_observation_mean,10,100.0,-0.000859335795293098,False
final_input_token_layerwise,disclosed,k6,target_observation_mean,11,100.0,-0.0009574715385779753,False
final_input_token_layerwise,disclosed,k6,target_observation_mean,12,100.0,-0.0008248797627783411,False
final_input_token_layerwise,disclosed,k6,target_observation_mean,13,100.0,-0.000928579089974485,False
final_input_token_layerwise,disclosed,k6,target_observation_mean,14,100.0,-0.0009275902712646,False
final_input_token_layerwise,disclosed,k6,target_observation_mean,15,100.0,-0.00044643236081715054,False
final_input_token_layerwise,disclosed,k6,target_observation_mean,16,100.0,-9.857453820663609e-05,False
final_input_token_layerwise,disclosed,k6,target_observation_mean,17,100.0,3.751041714827874e-05,False
final_input_token_layerwise,disclosed,k6,target_observation_mean,18,100.0,0.00034543890085259044,False
final_input_token_layerwise,disclosed,k6,target_observation_mean,19,100.0,0.0002411722471100386,False
final_input_token_layerwise,disclosed,k6,target_observation_mean,20,100.0,0.00020594868203102634,False
final_input_token_layerwise,disclosed,k6,target_observation_mean,21,3.0,0.006336802748492909,False
final_input_token_layerwise,disclosed,k6,target_observation_mean,22,3.0,0.01303658654686865,False
final_input_token_layerwise,disclosed,k6,target_observation_mean,23,3.0,0.017056375279912578,True
final_input_token_layerwise,disclosed,k6,target_observation_mean,24,3.0,0.009564810510776955,False
final_input_token_layerwise,disclosed,k6,target_observation_mean,25,100.0,0.0021046320233428506,False
final_input_token_layerwise,disclosed,k6,target_observation_mean,26,100.0,0.0021535039729370375,False
final_input_token_layerwise,disclosed,k6,target_observation_mean,27,100.0,0.0021736272616333374,False
final_input_token_layerwise,disclosed,k6,target_observation_mean,28,100.0,0.001736028101917697,False
final_input_token_layerwise,disclosed,k6,target_observation_mean,29,100.0,0.0018738473735772365,False
final_input_token_layerwise,disclosed,k6,target_observation_mean,30,100.0,0.0016119479410590665,False
final_input_token_layerwise,disclosed,k6,target_observation_mean,31,100.0,0.0009844543637441139,False
final_input_token_layerwise,disclosed,k6,target_observation_mean,32,100.0,0.0005943936147638773,False
final_input_token_layerwise,disclosed,k6,target_observation_mean,33,100.0,0.0007067618116666508,False
final_input_token_layerwise,disclosed,k6,target_observation_mean,34,100.0,0.0007294560258593874,False
final_input_token_layerwise,disclosed,k6,target_observation_mean,35,100.0,0.0004792091716706859,False
final_input_token_layerwise,disclosed,k6,target_observation_mean,36,100.0,0.00031036266693615366,False
final_input_token_layerwise,disclosed,k6,target_time_slope,0,0.0001,0.0,False
final_input_token_layerwise,disclosed,k6,target_time_slope,1,100.0,-0.000694040786983513,False
final_input_token_layerwise,disclosed,k6,target_time_slope,2,100.0,-0.0011412963157883538,False
final_input_token_layerwise,disclosed,k6,target_time_slope,3,100.0,-0.001212889108018561,False
final_input_token_layerwise,disclosed,k6,target_time_slope,4,100.0,-0.0009711042170928719,False
final_input_token_layerwise,disclosed,k6,target_time_slope,5,100.0,-0.0006423804433683955,False
final_input_token_layerwise,disclosed,k6,target_time_slope,6,100.0,-0.0007882868538232335,False
final_input_token_layerwise,disclosed,k6,target_time_slope,7,100.0,-0.0009711446462454532,False
final_input_token_layerwise,disclosed,k6,target_time_slope,8,100.0,-0.0006087647419033282,False
final_input_token_layerwise,disclosed,k6,target_time_slope,9,100.0,0.0003034861726735061,False
final_input_token_layerwise,disclosed,k6,target_time_slope,10,100.0,0.00031547992716057793,False
final_input_token_layerwise,disclosed,k6,target_time_slope,11,100.0,-0.00016711223782875373,False
final_input_token_layerwise,disclosed,k6,target_time_slope,12,100.0,-0.00026705818046304786,False
final_input_token_layerwise,disclosed,k6,target_time_slope,13,100.0,7.44490722697222e-05,False
final_input_token_layerwise,disclosed,k6,target_time_slope,14,100.0,-0.0001307565373309949,False
final_input_token_layerwise,disclosed,k6,target_time_slope,15,100.0,0.0002781072793834327,False
final_input_token_layerwise,disclosed,k6,target_time_slope,16,3.0,0.006679947236702288,False
final_input_token_layerwise,disclosed,k6,target_time_slope,17,3.0,0.014040866710618494,False
final_input_token_layerwise,disclosed,k6,target_time_slope,18,3.0,0.015565580964263998,False
final_input_token_layerwise,disclosed,k6,target_time_slope,19,3.0,0.024166800422329826,True
final_input_token_layerwise,disclosed,k6,target_time_slope,20,3.0,0.012794954661689756,False
final_input_token_layerwise,disclosed,k6,target_time_slope,21,3.0,0.0019914606025045745,False
final_input_token_layerwise,disclosed,k6,target_time_slope,22,100.0,8.17503696355637e-05,False
final_input_token_layerwise,disclosed,k6,target_time_slope,23,100.0,-8.7694690386525e-05,False
final_input_token_layerwise,disclosed,k6,target_time_slope,24,3.0,4.328950567783485e-05,False
final_input_token_layerwise,disclosed,k6,target_time_slope,25,100.0,-0.0007465108360053263,False
final_input_token_layerwise,disclosed,k6,target_time_slope,26,100.0,-0.0010892047370608116,False
final_input_token_layerwise,disclosed,k6,target_time_slope,27,100.0,-0.000955840034050498,False
final_input_token_layerwise,disclosed,k6,target_time_slope,28,100.0,-0.0015217286972657729,False
final_input_token_layerwise,disclosed,k6,target_time_slope,29,100.0,-0.0013746261782849878,False
final_input_token_layerwise,disclosed,k6,target_time_slope,30,100.0,-0.0016078447812468422,False
final_input_token_layerwise,disclosed,k6,target_time_slope,31,100.0,-0.0012162419680553371,False
final_input_token_layerwise,disclosed,k6,target_time_slope,32,100.0,-0.0011920675675934633,False
final_input_token_layerwise,disclosed,k6,target_time_slope,33,100.0,-0.001136964615309377,False
final_input_token_layerwise,disclosed,k6,target_time_slope,34,100.0,-0.0007728762301421332,False
final_input_token_layerwise,disclosed,k6,target_time_slope,35,100.0,-0.0007700011778690175,False
final_input_token_layerwise,disclosed,k6,target_time_slope,36,100.0,-0.000656652189129886,False
final_input_token_layerwise,disclosed,k6,displayed_driver_outcome_slope,0,0.0001,-5.551115123125783e-17,False
final_input_token_layerwise,disclosed,k6,displayed_driver_outcome_slope,1,100.0,-0.0011834334886237086,False
final_input_token_layerwise,disclosed,k6,displayed_driver_outcome_slope,2,100.0,-0.0007059312653669436,False
final_input_token_layerwise,disclosed,k6,displayed_driver_outcome_slope,3,100.0,-0.000785132584338849,False
final_input_token_layerwise,disclosed,k6,displayed_driver_outcome_slope,4,100.0,-0.0007091265444363615,False
final_input_token_layerwise,disclosed,k6,displayed_driver_outcome_slope,5,3.0,0.0010865094680007348,False
final_input_token_layerwise,disclosed,k6,displayed_driver_outcome_slope,6,100.0,-0.00035679747968264675,False
final_input_token_layerwise,disclosed,k6,displayed_driver_outcome_slope,7,100.0,-0.0003213549566074836,False
final_input_token_layerwise,disclosed,k6,displayed_driver_outcome_slope,8,100.0,-0.0005357337433458675,False
final_input_token_layerwise,disclosed,k6,displayed_driver_outcome_slope,9,100.0,-0.0004210746554743905,False
final_input_token_layerwise,disclosed,k6,displayed_driver_outcome_slope,10,100.0,-0.0003585590841128916,False
final_input_token_layerwise,disclosed,k6,displayed_driver_outcome_slope,11,100.0,-6.897283388296316e-05,False
final_input_token_layerwise,disclosed,k6,displayed_driver_outcome_slope,12,100.0,0.00016122496467069203,False
final_input_token_layerwise,disclosed,k6,displayed_driver_outcome_slope,13,100.0,-0.00020294892650291052,False
final_input_token_layerwise,disclosed,k6,displayed_driver_outcome_slope,14,100.0,-8.11228555775978e-05,False
final_input_token_layerwise,disclosed,k6,displayed_driver_outcome_slope,15,3.0,0.005323277682377475,False
final_input_token_layerwise,disclosed,k6,displayed_driver_outcome_slope,16,3.0,0.009426776822960198,False
final_input_token_layerwise,disclosed,k6,displayed_driver_outcome_slope,17,3.0,0.013189134248365209,False
final_input_token_layerwise,disclosed,k6,displayed_driver_outcome_slope,18,3.0,0.005581198194249959,False
final_input_token_layerwise,disclosed,k6,displayed_driver_outcome_slope,19,3.0,0.00925102487590318,False
final_input_token_layerwise,disclosed,k6,displayed_driver_outcome_slope,20,3.0,0.010730069547143478,False
final_input_token_layerwise,disclosed,k6,displayed_driver_outcome_slope,21,3.0,0.011072985769406352,False
final_input_token_layerwise,disclosed,k6,displayed_driver_outcome_slope,22,3.0,0.008402263619051109,False
final_input_token_layerwise,disclosed,k6,displayed_driver_outcome_slope,23,3.0,0.008517266764086873,False
final_input_token_layerwise,disclosed,k6,displayed_driver_outcome_slope,24,3.0,0.004594022342042592,False
final_input_token_layerwise,disclosed,k6,displayed_driver_outcome_slope,25,3.0,0.01921984770945548,True
final_input_token_layerwise,disclosed,k6,displayed_driver_outcome_slope,26,3.0,0.008042105608157463,False
final_input_token_layerwise,disclosed,k6,displayed_driver_outcome_slope,27,3.0,0.014336839284568303,False
final_input_token_layerwise,disclosed,k6,displayed_driver_outcome_slope,28,3.0,0.012521280587530825,False
final_input_token_layerwise,disclosed,k6,displayed_driver_outcome_slope,29,3.0,0.014063843307096952,False
final_input_token_layerwise,disclosed,k6,displayed_driver_outcome_slope,30,3.0,0.015532913265183246,False
final_input_token_layerwise,disclosed,k6,displayed_driver_outcome_slope,31,3.0,0.0035789714452377774,False
final_input_token_layerwise,disclosed,k6,displayed_driver_outcome_slope,32,3.0,0.005343696386295976,False
final_input_token_layerwise,disclosed,k6,displayed_driver_outcome_slope,33,3.0,0.004925941325132022,False
final_input_token_layerwise,disclosed,k6,displayed_driver_outcome_slope,34,3.0,0.012180299107927117,False
final_input_token_layerwise,disclosed,k6,displayed_driver_outcome_slope,35,3.0,0.004441702634014888,False
final_input_token_layerwise,disclosed,k6,displayed_driver_outcome_slope,36,100.0,0.0006514026790891136,False
final_input_token_layerwise,disclosed,k6,oracle_posterior_gain,0,0.0001,-5.551115123125783e-17,False
final_input_token_layerwise,disclosed,k6,oracle_posterior_gain,1,100.0,4.359515311352924e-05,False
final_input_token_layerwise,disclosed,k6,oracle_posterior_gain,2,100.0,-0.0014662315817003946,False
final_input_token_layerwise,disclosed,k6,oracle_posterior_gain,3,100.0,-0.001203317309653007,False
final_input_token_layerwise,disclosed,k6,oracle_posterior_gain,4,100.0,-0.0012045842339198365,False
final_input_token_layerwise,disclosed,k6,oracle_posterior_gain,5,100.0,-0.0010833838045442301,False
final_input_token_layerwise,disclosed,k6,oracle_posterior_gain,6,100.0,-0.0013639877826335245,False
final_input_token_layerwise,disclosed,k6,oracle_posterior_gain,7,100.0,-0.0015787434952249102,False
final_input_token_layerwise,disclosed,k6,oracle_posterior_gain,8,100.0,-0.0015361630575400909,False
final_input_token_layerwise,disclosed,k6,oracle_posterior_gain,9,100.0,-0.0010732698149934494,False
final_input_token_layerwise,disclosed,k6,oracle_posterior_gain,10,100.0,-0.000975160668593017,False
final_input_token_layerwise,disclosed,k6,oracle_posterior_gain,11,100.0,-0.0011208253993408301,False
final_input_token_layerwise,disclosed,k6,oracle_posterior_gain,12,100.0,-0.0009106182391832585,False
final_input_token_layerwise,disclosed,k6,oracle_posterior_gain,13,100.0,-0.0009558439544524178,False
final_input_token_layerwise,disclosed,k6,oracle_posterior_gain,14,100.0,-0.0007761844174426213,False
final_input_token_layerwise,disclosed,k6,oracle_posterior_gain,15,100.0,-0.0011660771099182565,False
final_input_token_layerwise,disclosed,k6,oracle_posterior_gain,16,100.0,-0.0008598087641363272,False
final_input_token_layerwise,disclosed,k6,oracle_posterior_gain,17,100.0,-0.0010601301442344502,False
final_input_token_layerwise,disclosed,k6,oracle_posterior_gain,18,100.0,-0.001263792278469844,False
final_input_token_layerwise,disclosed,k6,oracle_posterior_gain,19,100.0,-0.0007370679170326244,False
final_input_token_layerwise,disclosed,k6,oracle_posterior_gain,20,100.0,-0.0007967412660342399,False
final_input_token_layerwise,disclosed,k6,oracle_posterior_gain,21,100.0,-0.0005292213848814842,False
final_input_token_layerwise,disclosed,k6,oracle_posterior_gain,22,100.0,-0.0007087686507680768,False
final_input_token_layerwise,disclosed,k6,oracle_posterior_gain,23,100.0,-0.00027855263959716825,False
final_input_token_layerwise,disclosed,k6,oracle_posterior_gain,24,100.0,-0.0004025118296465402,False
final_input_token_layerwise,disclosed,k6,oracle_posterior_gain,25,100.0,0.00042053426933130744,False
final_input_token_layerwise,disclosed,k6,oracle_posterior_gain,26,100.0,0.00043744214413010685,False
final_input_token_layerwise,disclosed,k6,oracle_posterior_gain,27,100.0,0.0002415095762600683,False
final_input_token_layerwise,disclosed,k6,oracle_posterior_gain,28,100.0,0.0005482588127747601,True
final_input_token_layerwise,disclosed,k6,oracle_posterior_gain,29,100.0,0.0005122475999877751,False
final_input_token_layerwise,disclosed,k6,oracle_posterior_gain,30,100.0,0.0003615453723557205,False
final_input_token_layerwise,disclosed,k6,oracle_posterior_gain,31,100.0,-5.714957217184402e-07,False
final_input_token_layerwise,disclosed,k6,oracle_posterior_gain,32,100.0,-4.955819784591142e-05,False
final_input_token_layerwise,disclosed,k6,oracle_posterior_gain,33,100.0,0.00041098736304834294,False
final_input_token_layerwise,disclosed,k6,oracle_posterior_gain,34,100.0,0.00023014050135056197,False
final_input_token_layerwise,disclosed,k6,oracle_posterior_gain,35,100.0,1.3043248733468626e-05,False
final_input_token_layerwise,disclosed,k6,oracle_posterior_gain,36,100.0,0.00010070079097146412,False
final_input_token_layerwise,disclosed,k9,gain,0,0.0001,0.0,False
final_input_token_layerwise,disclosed,k9,gain,1,100.0,-0.00043211753894475957,False
final_input_token_layerwise,disclosed,k9,gain,2,3.0,0.0033661774936872835,False
final_input_token_layerwise,disclosed,k9,gain,3,3.0,0.002741675205957722,False
final_input_token_layerwise,disclosed,k9,gain,4,3.0,0.0015443959965542042,False
final_input_token_layerwise,disclosed,k9,gain,5,3.0,0.004135133788207512,False
final_input_token_layerwise,disclosed,k9,gain,6,3.0,0.010652063063466971,False
final_input_token_layerwise,disclosed,k9,gain,7,3.0,0.009644958847932789,False
final_input_token_layerwise,disclosed,k9,gain,8,3.0,0.006844503004642566,False
final_input_token_layerwise,disclosed,k9,gain,9,3.0,0.003960537607146403,False
final_input_token_layerwise,disclosed,k9,gain,10,100.0,-0.00011611848775600064,False
final_input_token_layerwise,disclosed,k9,gain,11,3.0,0.007439660753110727,False
final_input_token_layerwise,disclosed,k9,gain,12,3.0,0.01266750504676628,False
final_input_token_layerwise,disclosed,k9,gain,13,0.1,0.023024887168703767,True
final_input_token_layerwise,disclosed,k9,gain,14,3.0,0.0025596859502408364,False
final_input_token_layerwise,disclosed,k9,gain,15,3.0,0.00849763158857153,False
final_input_token_layerwise,disclosed,k9,gain,16,3.0,0.0014669564277581537,False
final_input_token_layerwise,disclosed,k9,gain,17,3.0,0.008424038724616945,False
final_input_token_layerwise,disclosed,k9,gain,18,3.0,0.005119577682887011,False
final_input_token_layerwise,disclosed,k9,gain,19,3.0,0.005243818914884707,False
final_input_token_layerwise,disclosed,k9,gain,20,3.0,0.00932875746654624,False
final_input_token_layerwise,disclosed,k9,gain,21,3.0,0.022133713511961833,False
final_input_token_layerwise,disclosed,k9,gain,22,3.0,0.015495628703621395,False
final_input_token_layerwise,disclosed,k9,gain,23,3.0,0.012873297784637111,False
final_input_token_layerwise,disclosed,k9,gain,24,3.0,0.011158046965656226,False
final_input_token_layerwise,disclosed,k9,gain,25,100.0,6.63305820212956e-05,False
final_input_token_layerwise,disclosed,k9,gain,26,3.0,0.005769851942290127,False
final_input_token_layerwise,disclosed,k9,gain,27,3.0,0.002349248645965918,False
final_input_token_layerwise,disclosed,k9,gain,28,3.0,0.0027811165674809235,False
final_input_token_layerwise,disclosed,k9,gain,29,3.0,0.0004778300457841944,False
final_input_token_layerwise,disclosed,k9,gain,30,3.0,-0.0003705807464912114,False
final_input_token_layerwise,disclosed,k9,gain,31,100.0,-0.00095383554078593,False
final_input_token_layerwise,disclosed,k9,gain,32,100.0,-0.00108687862766646,False
final_input_token_layerwise,disclosed,k9,gain,33,100.0,-0.0009159026069380238,False
final_input_token_layerwise,disclosed,k9,gain,34,100.0,-0.0011355082632328872,False
final_input_token_layerwise,disclosed,k9,gain,35,100.0,-0.0008243205196131198,False
final_input_token_layerwise,disclosed,k9,gain,36,100.0,-0.0006790965147170092,False
final_input_token_layerwise,disclosed,k9,response_residual,0,0.0001,-2.7755575615628914e-17,False
final_input_token_layerwise,disclosed,k9,response_residual,1,100.0,-0.00016607489638581496,False
final_input_token_layerwise,disclosed,k9,response_residual,2,100.0,6.53334042781395e-05,False
final_input_token_layerwise,disclosed,k9,response_residual,3,100.0,0.00020320010774327324,False
final_input_token_layerwise,disclosed,k9,response_residual,4,100.0,9.556726375517521e-05,False
final_input_token_layerwise,disclosed,k9,response_residual,5,100.0,-2.147960447307362e-05,False
final_input_token_layerwise,disclosed,k9,response_residual,6,3.0,0.004610921930039619,False
final_input_token_layerwise,disclosed,k9,response_residual,7,3.0,0.004812941975567697,True
final_input_token_layerwise,disclosed,k9,response_residual,8,3.0,0.002221704936501423,False
final_input_token_layerwise,disclosed,k9,response_residual,9,100.0,0.00013405531890581246,False
final_input_token_layerwise,disclosed,k9,response_residual,10,100.0,-0.00017312408094685705,False
final_input_token_layerwise,disclosed,k9,response_residual,11,100.0,9.482004938665689e-06,False
final_input_token_layerwise,disclosed,k9,response_residual,12,3.0,0.0015607148341477417,False
final_input_token_layerwise,disclosed,k9,response_residual,13,100.0,0.0001133973521220688,False
final_input_token_layerwise,disclosed,k9,response_residual,14,100.0,-0.00018232841110810138,False
final_input_token_layerwise,disclosed,k9,response_residual,15,100.0,4.039535525138249e-05,False
final_input_token_layerwise,disclosed,k9,response_residual,16,100.0,-0.00016297971268378064,False
final_input_token_layerwise,disclosed,k9,response_residual,17,100.0,-3.361903202681038e-05,False
final_input_token_layerwise,disclosed,k9,response_residual,18,100.0,-0.00015153909416143474,False
final_input_token_layerwise,disclosed,k9,response_residual,19,100.0,-0.0001064837793900153,False
final_input_token_layerwise,disclosed,k9,response_residual,20,100.0,0.00011487445506258576,False
final_input_token_layerwise,disclosed,k9,response_residual,21,100.0,0.000547033900570898,False
final_input_token_layerwise,disclosed,k9,response_residual,22,100.0,0.00040230746799146955,False
final_input_token_layerwise,disclosed,k9,response_residual,23,100.0,0.00033205240390879465,False
final_input_token_layerwise,disclosed,k9,response_residual,24,100.0,0.00018912734910220275,False
final_input_token_layerwise,disclosed,k9,response_residual,25,100.0,-0.0002749950528267431,False
final_input_token_layerwise,disclosed,k9,response_residual,26,100.0,-0.0002313058184229,False
final_input_token_layerwise,disclosed,k9,response_residual,27,100.0,-0.00037827826625380645,False
final_input_token_layerwise,disclosed,k9,response_residual,28,100.0,-0.00046346670182270677,False
final_input_token_layerwise,disclosed,k9,response_residual,29,100.0,-0.0005339349525806392,False
final_input_token_layerwise,disclosed,k9,response_residual,30,100.0,-0.0005898965316640525,False
final_input_token_layerwise,disclosed,k9,response_residual,31,100.0,-0.001034762689841151,False
final_input_token_layerwise,disclosed,k9,response_residual,32,100.0,-0.00114041152189448,False
final_input_token_layerwise,disclosed,k9,response_residual,33,100.0,-0.0009818626552576815,False
final_input_token_layerwise,disclosed,k9,response_residual,34,100.0,-0.001076690433948424,False
final_input_token_layerwise,disclosed,k9,response_residual,35,100.0,-0.0008046559436611367,False
final_input_token_layerwise,disclosed,k9,response_residual,36,100.0,-0.0007295606659129816,False
final_input_token_layerwise,disclosed,k9,last_target_observation,0,0.0001,1.3877787807814457e-16,False
final_input_token_layerwise,disclosed,k9,last_target_observation,1,100.0,-0.00018989899546964506,False
final_input_token_layerwise,disclosed,k9,last_target_observation,2,100.0,-0.0005026679491924035,False
final_input_token_layerwise,disclosed,k9,last_target_observation,3,100.0,-0.0002022368074851011,False
final_input_token_layerwise,disclosed,k9,last_target_observation,4,100.0,-0.0001802460679947715,False
final_input_token_layerwise,disclosed,k9,last_target_observation,5,3.0,0.0071089386617392,False
final_input_token_layerwise,disclosed,k9,last_target_observation,6,3.0,0.009921792659312395,False
final_input_token_layerwise,disclosed,k9,last_target_observation,7,3.0,0.007659477516189533,False
final_input_token_layerwise,disclosed,k9,last_target_observation,8,3.0,0.01044318659417387,False
final_input_token_layerwise,disclosed,k9,last_target_observation,9,3.0,0.0067836699090172425,False
final_input_token_layerwise,disclosed,k9,last_target_observation,10,3.0,0.01048361657961508,False
final_input_token_layerwise,disclosed,k9,last_target_observation,11,3.0,0.009053703412065683,False
final_input_token_layerwise,disclosed,k9,last_target_observation,12,3.0,0.00901863708358594,False
final_input_token_layerwise,disclosed,k9,last_target_observation,13,3.0,0.015553188128442252,True
final_input_token_layerwise,disclosed,k9,last_target_observation,14,3.0,0.004198813845104982,False
final_input_token_layerwise,disclosed,k9,last_target_observation,15,3.0,0.0018373546614551262,False
final_input_token_layerwise,disclosed,k9,last_target_observation,16,3.0,0.0010796760557599816,False
final_input_token_layerwise,disclosed,k9,last_target_observation,17,100.0,-0.0002661458438926456,False
final_input_token_layerwise,disclosed,k9,last_target_observation,18,100.0,-0.0005830053844711747,False
final_input_token_layerwise,disclosed,k9,last_target_observation,19,100.0,-0.0009558274211394213,False
final_input_token_layerwise,disclosed,k9,last_target_observation,20,100.0,-0.0009018866475284937,False
final_input_token_layerwise,disclosed,k9,last_target_observation,21,100.0,-0.0011994656463983344,False
final_input_token_layerwise,disclosed,k9,last_target_observation,22,100.0,-0.001182779328656569,False
final_input_token_layerwise,disclosed,k9,last_target_observation,23,100.0,-0.0015142597033310778,False
final_input_token_layerwise,disclosed,k9,last_target_observation,24,100.0,-0.0012584335344861808,False
final_input_token_layerwise,disclosed,k9,last_target_observation,25,100.0,-0.0012326669923316547,False
final_input_token_layerwise,disclosed,k9,last_target_observation,26,100.0,-0.0012466559128520571,False
final_input_token_layerwise,disclosed,k9,last_target_observation,27,100.0,-0.000954066006519122,False
final_input_token_layerwise,disclosed,k9,last_target_observation,28,100.0,-0.0009341532907121974,False
final_input_token_layerwise,disclosed,k9,last_target_observation,29,100.0,-0.0007221953101429202,False
final_input_token_layerwise,disclosed,k9,last_target_observation,30,100.0,-0.000639188038552202,False
final_input_token_layerwise,disclosed,k9,last_target_observation,31,100.0,-0.0009111574480299978,False
final_input_token_layerwise,disclosed,k9,last_target_observation,32,100.0,-0.0011156727208897488,False
final_input_token_layerwise,disclosed,k9,last_target_observation,33,100.0,-0.001389703020858002,False
final_input_token_layerwise,disclosed,k9,last_target_observation,34,100.0,-0.0010134417669904194,False
final_input_token_layerwise,disclosed,k9,last_target_observation,35,100.0,-0.0006721564792348811,False
final_input_token_layerwise,disclosed,k9,last_target_observation,36,100.0,-0.0008718056863863954,False
final_input_token_layerwise,disclosed,k9,target_observation_mean,0,0.0001,3.885780586188048e-16,False
final_input_token_layerwise,disclosed,k9,target_observation_mean,1,3.0,0.00316772327203671,False
final_input_token_layerwise,disclosed,k9,target_observation_mean,2,3.0,0.014019147394177534,True
final_input_token_layerwise,disclosed,k9,target_observation_mean,3,3.0,0.006201382081982398,False
final_input_token_layerwise,disclosed,k9,target_observation_mean,4,3.0,0.006156846814114131,False
final_input_token_layerwise,disclosed,k9,target_observation_mean,5,3.0,0.004073977578653937,False
final_input_token_layerwise,disclosed,k9,target_observation_mean,6,100.0,9.517641605108484e-05,False
final_input_token_layerwise,disclosed,k9,target_observation_mean,7,3.0,0.0005112510895873834,False
final_input_token_layerwise,disclosed,k9,target_observation_mean,8,100.0,-0.0003438562780399279,False
final_input_token_layerwise,disclosed,k9,target_observation_mean,9,100.0,-0.00030834143931257607,False
final_input_token_layerwise,disclosed,k9,target_observation_mean,10,100.0,-0.000229310216958184,False
final_input_token_layerwise,disclosed,k9,target_observation_mean,11,100.0,6.59641473668704e-06,False
final_input_token_layerwise,disclosed,k9,target_observation_mean,12,3.0,0.011431360576910632,False
final_input_token_layerwise,disclosed,k9,target_observation_mean,13,3.0,0.010002747160145598,False
final_input_token_layerwise,disclosed,k9,target_observation_mean,14,3.0,0.005950521150488192,False
final_input_token_layerwise,disclosed,k9,target_observation_mean,15,100.0,4.240070250230432e-05,False
final_input_token_layerwise,disclosed,k9,target_observation_mean,16,100.0,-0.0002835283183969528,False
final_input_token_layerwise,disclosed,k9,target_observation_mean,17,100.0,9.098717391567424e-05,False
final_input_token_layerwise,disclosed,k9,target_observation_mean,18,3.0,0.0064629385782409565,False
final_input_token_layerwise,disclosed,k9,target_observation_mean,19,100.0,9.030590705758068e-05,False
final_input_token_layerwise,disclosed,k9,target_observation_mean,20,100.0,-0.000107870425700346,False
final_input_token_layerwise,disclosed,k9,target_observation_mean,21,3.0,0.0038868647305748405,False
final_input_token_layerwise,disclosed,k9,target_observation_mean,22,3.0,0.00875285715871818,False
final_input_token_layerwise,disclosed,k9,target_observation_mean,23,100.0,0.00031738006825651754,False
final_input_token_layerwise,disclosed,k9,target_observation_mean,24,3.0,0.005691531130068428,False
final_input_token_layerwise,disclosed,k9,target_observation_mean,25,100.0,0.00010380883013041964,False
final_input_token_layerwise,disclosed,k9,target_observation_mean,26,100.0,0.00029374901680845333,False
final_input_token_layerwise,disclosed,k9,target_observation_mean,27,100.0,-0.00020696619938528893,False
final_input_token_layerwise,disclosed,k9,target_observation_mean,28,100.0,-0.000500009437758242,False
final_input_token_layerwise,disclosed,k9,target_observation_mean,29,100.0,-0.0005120759160654187,False
final_input_token_layerwise,disclosed,k9,target_observation_mean,30,100.0,-0.00019648978235761727,False
final_input_token_layerwise,disclosed,k9,target_observation_mean,31,100.0,2.9254278794771382e-05,False
final_input_token_layerwise,disclosed,k9,target_observation_mean,32,100.0,-1.310135369100851e-05,False
final_input_token_layerwise,disclosed,k9,target_observation_mean,33,100.0,0.00036847261608344284,False
final_input_token_layerwise,disclosed,k9,target_observation_mean,34,100.0,0.00020902285779950125,False
final_input_token_layerwise,disclosed,k9,target_observation_mean,35,3.0,0.002373620770145052,False
final_input_token_layerwise,disclosed,k9,target_observation_mean,36,3.0,0.0038271069235722432,False
final_input_token_layerwise,disclosed,k9,target_time_slope,0,0.0001,0.0,False
final_input_token_layerwise,disclosed,k9,target_time_slope,1,100.0,-0.00031659317995494374,False
final_input_token_layerwise,disclosed,k9,target_time_slope,2,100.0,-0.0008739960157817805,False
final_input_token_layerwise,disclosed,k9,target_time_slope,3,100.0,-0.0003881713250683261,False
final_input_token_layerwise,disclosed,k9,target_time_slope,4,100.0,-0.0002893033531666256,False
final_input_token_layerwise,disclosed,k9,target_time_slope,5,100.0,-8.571620704089788e-05,False
final_input_token_layerwise,disclosed,k9,target_time_slope,6,100.0,-6.108656318504213e-05,False
final_input_token_layerwise,disclosed,k9,target_time_slope,7,3.0,0.0058787992916568554,False
final_input_token_layerwise,disclosed,k9,target_time_slope,8,100.0,0.00012367764241558166,False
final_input_token_layerwise,disclosed,k9,target_time_slope,9,3.0,0.00540300351998288,False
final_input_token_layerwise,disclosed,k9,target_time_slope,10,3.0,0.0028610668787330262,False
final_input_token_layerwise,disclosed,k9,target_time_slope,11,3.0,0.001486393379951656,False
final_input_token_layerwise,disclosed,k9,target_time_slope,12,3.0,0.0014580765469968393,False
final_input_token_layerwise,disclosed,k9,target_time_slope,13,100.0,-0.0005379509331537302,False
final_input_token_layerwise,disclosed,k9,target_time_slope,14,100.0,-0.00040060693764190636,False
final_input_token_layerwise,disclosed,k9,target_time_slope,15,100.0,-0.0004998849657311122,False
final_input_token_layerwise,disclosed,k9,target_time_slope,16,100.0,-0.0006225140553483,False
final_input_token_layerwise,disclosed,k9,target_time_slope,17,100.0,-0.0007978020360916438,False
final_input_token_layerwise,disclosed,k9,target_time_slope,18,100.0,-0.000548771352566535,False
final_input_token_layerwise,disclosed,k9,target_time_slope,19,100.0,2.460661643249873e-05,False
final_input_token_layerwise,disclosed,k9,target_time_slope,20,100.0,2.913941949336807e-05,False
final_input_token_layerwise,disclosed,k9,target_time_slope,21,100.0,-2.592254121117077e-05,False
final_input_token_layerwise,disclosed,k9,target_time_slope,22,100.0,-0.00013413476589413387,False
final_input_token_layerwise,disclosed,k9,target_time_slope,23,100.0,0.00031529601996974077,False
final_input_token_layerwise,disclosed,k9,target_time_slope,24,100.0,0.0003603473147687497,False
final_input_token_layerwise,disclosed,k9,target_time_slope,25,100.0,0.0006767877386717747,False
final_input_token_layerwise,disclosed,k9,target_time_slope,26,100.0,0.0007368987641871438,False
final_input_token_layerwise,disclosed,k9,target_time_slope,27,100.0,0.0012071828037810706,False
final_input_token_layerwise,disclosed,k9,target_time_slope,28,100.0,0.0014338549181321658,False
final_input_token_layerwise,disclosed,k9,target_time_slope,29,100.0,0.001756799802691611,False
final_input_token_layerwise,disclosed,k9,target_time_slope,30,100.0,0.001619308671335029,False
final_input_token_layerwise,disclosed,k9,target_time_slope,31,100.0,0.0020152752624393033,False
final_input_token_layerwise,disclosed,k9,target_time_slope,32,100.0,0.002158213309812612,False
final_input_token_layerwise,disclosed,k9,target_time_slope,33,100.0,0.0020330872547219547,False
final_input_token_layerwise,disclosed,k9,target_time_slope,34,3.0,0.011340507407144401,False
final_input_token_layerwise,disclosed,k9,target_time_slope,35,3.0,0.022805980489134348,True
final_input_token_layerwise,disclosed,k9,target_time_slope,36,3.0,0.019702864025367278,False
final_input_token_layerwise,disclosed,k9,displayed_driver_outcome_slope,0,0.0001,-1.1102230246251565e-16,False
final_input_token_layerwise,disclosed,k9,displayed_driver_outcome_slope,1,100.0,-0.0003060654331009105,False
final_input_token_layerwise,disclosed,k9,displayed_driver_outcome_slope,2,100.0,0.00020931277531527348,False
final_input_token_layerwise,disclosed,k9,displayed_driver_outcome_slope,3,3.0,0.005454665464262376,False
final_input_token_layerwise,disclosed,k9,displayed_driver_outcome_slope,4,3.0,0.004230777701120764,False
final_input_token_layerwise,disclosed,k9,displayed_driver_outcome_slope,5,3.0,0.001282374009720172,False
final_input_token_layerwise,disclosed,k9,displayed_driver_outcome_slope,6,3.0,0.004033583199084367,False
final_input_token_layerwise,disclosed,k9,displayed_driver_outcome_slope,7,3.0,0.004039622956597211,False
final_input_token_layerwise,disclosed,k9,displayed_driver_outcome_slope,8,100.0,-0.00027060451810795305,False
final_input_token_layerwise,disclosed,k9,displayed_driver_outcome_slope,9,3.0,0.010381297238806042,True
final_input_token_layerwise,disclosed,k9,displayed_driver_outcome_slope,10,3.0,0.008276961261951044,False
final_input_token_layerwise,disclosed,k9,displayed_driver_outcome_slope,11,3.0,0.006467302626175564,False
final_input_token_layerwise,disclosed,k9,displayed_driver_outcome_slope,12,3.0,0.009660828608071631,False
final_input_token_layerwise,disclosed,k9,displayed_driver_outcome_slope,13,3.0,0.004250774185882988,False
final_input_token_layerwise,disclosed,k9,displayed_driver_outcome_slope,14,3.0,0.004163257479997434,False
final_input_token_layerwise,disclosed,k9,displayed_driver_outcome_slope,15,100.0,-0.00018385848439517183,False
final_input_token_layerwise,disclosed,k9,displayed_driver_outcome_slope,16,3.0,0.0024951348330774226,False
final_input_token_layerwise,disclosed,k9,displayed_driver_outcome_slope,17,100.0,-0.0002061820865890407,False
final_input_token_layerwise,disclosed,k9,displayed_driver_outcome_slope,18,100.0,-0.00018765449868310413,False
final_input_token_layerwise,disclosed,k9,displayed_driver_outcome_slope,19,100.0,-0.0002041244914690321,False
final_input_token_layerwise,disclosed,k9,displayed_driver_outcome_slope,20,100.0,-5.922144027944998e-05,False
final_input_token_layerwise,disclosed,k9,displayed_driver_outcome_slope,21,100.0,-0.00011249777577743147,False
final_input_token_layerwise,disclosed,k9,displayed_driver_outcome_slope,22,100.0,-0.00045282679705524465,False
final_input_token_layerwise,disclosed,k9,displayed_driver_outcome_slope,23,100.0,-0.0007583676539379136,False
final_input_token_layerwise,disclosed,k9,displayed_driver_outcome_slope,24,100.0,-0.0007656140641964793,False
final_input_token_layerwise,disclosed,k9,displayed_driver_outcome_slope,25,100.0,-0.0008169482570662412,False
final_input_token_layerwise,disclosed,k9,displayed_driver_outcome_slope,26,100.0,-0.0010230188377284288,False
final_input_token_layerwise,disclosed,k9,displayed_driver_outcome_slope,27,100.0,-0.00129319826395341,False
final_input_token_layerwise,disclosed,k9,displayed_driver_outcome_slope,28,100.0,-0.001442572960869748,False
final_input_token_layerwise,disclosed,k9,displayed_driver_outcome_slope,29,100.0,-0.0020077085735243916,False
final_input_token_layerwise,disclosed,k9,displayed_driver_outcome_slope,30,100.0,-0.0019397550443313594,False
final_input_token_layerwise,disclosed,k9,displayed_driver_outcome_slope,31,100.0,-0.0023304800311710894,False
final_input_token_layerwise,disclosed,k9,displayed_driver_outcome_slope,32,100.0,-0.002781005920914126,False
final_input_token_layerwise,disclosed,k9,displayed_driver_outcome_slope,33,100.0,-0.0027315443112985727,False
final_input_token_layerwise,disclosed,k9,displayed_driver_outcome_slope,34,100.0,-0.0021265772095283575,False
final_input_token_layerwise,disclosed,k9,displayed_driver_outcome_slope,35,100.0,-0.0017978084599243882,False
final_input_token_layerwise,disclosed,k9,displayed_driver_outcome_slope,36,100.0,-0.0017193098955929353,False
final_input_token_layerwise,disclosed,k9,oracle_posterior_gain,0,0.0001,0.0,False
final_input_token_layerwise,disclosed,k9,oracle_posterior_gain,1,3.0,0.01151235661435504,False
final_input_token_layerwise,disclosed,k9,oracle_posterior_gain,2,100.0,-0.0001768045674702956,False
final_input_token_layerwise,disclosed,k9,oracle_posterior_gain,3,3.0,0.000552661115371722,False
final_input_token_layerwise,disclosed,k9,oracle_posterior_gain,4,100.0,-0.00016387356013830567,False
final_input_token_layerwise,disclosed,k9,oracle_posterior_gain,5,100.0,-0.00015016225237579617,False
final_input_token_layerwise,disclosed,k9,oracle_posterior_gain,6,3.0,0.0013251001577523902,False
final_input_token_layerwise,disclosed,k9,oracle_posterior_gain,7,3.0,0.0017663626560482926,False
final_input_token_layerwise,disclosed,k9,oracle_posterior_gain,8,3.0,0.0026168802812094882,False
final_input_token_layerwise,disclosed,k9,oracle_posterior_gain,9,100.0,-0.0003692501712099505,False
final_input_token_layerwise,disclosed,k9,oracle_posterior_gain,10,100.0,-0.0005035219890334452,False
final_input_token_layerwise,disclosed,k9,oracle_posterior_gain,11,100.0,-0.0002355612475872515,False
final_input_token_layerwise,disclosed,k9,oracle_posterior_gain,12,0.1,0.01634900877641071,False
final_input_token_layerwise,disclosed,k9,oracle_posterior_gain,13,3.0,0.008661863916199442,False
final_input_token_layerwise,disclosed,k9,oracle_posterior_gain,14,3.0,-6.856288746531769e-05,False
final_input_token_layerwise,disclosed,k9,oracle_posterior_gain,15,3.0,0.0023046555232963117,False
final_input_token_layerwise,disclosed,k9,oracle_posterior_gain,16,3.0,0.0028386393271858934,False
final_input_token_layerwise,disclosed,k9,oracle_posterior_gain,17,3.0,0.0008197158221016076,False
final_input_token_layerwise,disclosed,k9,oracle_posterior_gain,18,3.0,0.0017831152805855288,False
final_input_token_layerwise,disclosed,k9,oracle_posterior_gain,19,100.0,0.00032473664790200196,False
final_input_token_layerwise,disclosed,k9,oracle_posterior_gain,20,3.0,0.009979689824466259,False
final_input_token_layerwise,disclosed,k9,oracle_posterior_gain,21,3.0,0.01766644885610366,False
final_input_token_layerwise,disclosed,k9,oracle_posterior_gain,22,3.0,0.022240030096885965,False
final_input_token_layerwise,disclosed,k9,oracle_posterior_gain,23,3.0,0.027149608005095804,True
final_input_token_layerwise,disclosed,k9,oracle_posterior_gain,24,3.0,0.020825634407056842,False
final_input_token_layerwise,disclosed,k9,oracle_posterior_gain,25,3.0,0.00569022874073602,False
final_input_token_layerwise,disclosed,k9,oracle_posterior_gain,26,3.0,0.004800396671061635,False
final_input_token_layerwise,disclosed,k9,oracle_posterior_gain,27,100.0,0.0007946547524694536,False
final_input_token_layerwise,disclosed,k9,oracle_posterior_gain,28,100.0,0.00086064037298475,False
final_input_token_layerwise,disclosed,k9,oracle_posterior_gain,29,100.0,0.0006210150613703003,False
final_input_token_layerwise,disclosed,k9,oracle_posterior_gain,30,100.0,0.0006834379553048997,False
final_input_token_layerwise,disclosed,k9,oracle_posterior_gain,31,100.0,0.0003932707587393225,False
final_input_token_layerwise,disclosed,k9,oracle_posterior_gain,32,3.0,0.001727413082783985,False
final_input_token_layerwise,disclosed,k9,oracle_posterior_gain,33,100.0,0.00041956945676224766,False
final_input_token_layerwise,disclosed,k9,oracle_posterior_gain,34,100.0,-0.00011039331706855227,False
final_input_token_layerwise,disclosed,k9,oracle_posterior_gain,35,100.0,-0.0003194356149281985,False
final_input_token_layerwise,disclosed,k9,oracle_posterior_gain,36,100.0,-0.00027971510583188475,False
final_input_token_layerwise,disclosed,pooled,gain,0,0.0001,0.0,False
final_input_token_layerwise,disclosed,pooled,gain,1,100.0,0.0028633703508225603,False
final_input_token_layerwise,disclosed,pooled,gain,2,100.0,-0.001952882260461188,False
final_input_token_layerwise,disclosed,pooled,gain,3,100.0,-0.0023836498149757412,False
final_input_token_layerwise,disclosed,pooled,gain,4,100.0,-0.0011519999593599117,False
final_input_token_layerwise,disclosed,pooled,gain,5,100.0,-0.0011845061032667674,False
final_input_token_layerwise,disclosed,pooled,gain,6,100.0,-0.001073019706394442,False
final_input_token_layerwise,disclosed,pooled,gain,7,100.0,-0.0007709770209991066,False
final_input_token_layerwise,disclosed,pooled,gain,8,100.0,-0.0005363431187776213,False
final_input_token_layerwise,disclosed,pooled,gain,9,100.0,-0.00020439943549675302,False
final_input_token_layerwise,disclosed,pooled,gain,10,100.0,0.00010700474842662937,False
final_input_token_layerwise,disclosed,pooled,gain,11,100.0,0.000531725823433471,False
final_input_token_layerwise,disclosed,pooled,gain,12,100.0,-0.00046302499450827833,False
final_input_token_layerwise,disclosed,pooled,gain,13,100.0,0.0006971129967267009,False
final_input_token_layerwise,disclosed,pooled,gain,14,100.0,0.00033004665297209357,False
final_input_token_layerwise,disclosed,pooled,gain,15,100.0,0.0012494114110223238,False
final_input_token_layerwise,disclosed,pooled,gain,16,100.0,0.00037827339338183014,False
final_input_token_layerwise,disclosed,pooled,gain,17,100.0,0.0012247823344640103,False
final_input_token_layerwise,disclosed,pooled,gain,18,100.0,0.0021140477732234653,False
final_input_token_layerwise,disclosed,pooled,gain,19,3.0,0.018551999273041343,True
final_input_token_layerwise,disclosed,pooled,gain,20,3.0,0.0034758803983648,False
final_input_token_layerwise,disclosed,pooled,gain,21,3.0,0.0069358050040727315,False
final_input_token_layerwise,disclosed,pooled,gain,22,100.0,0.0022652194023425054,False
final_input_token_layerwise,disclosed,pooled,gain,23,100.0,0.0019377949340568523,False
final_input_token_layerwise,disclosed,pooled,gain,24,100.0,0.0016245507569526234,False
final_input_token_layerwise,disclosed,pooled,gain,25,100.0,0.0022385343742550947,False
final_input_token_layerwise,disclosed,pooled,gain,26,100.0,0.0027032270067061104,False
final_input_token_layerwise,disclosed,pooled,gain,27,100.0,0.0009364659569988387,False
final_input_token_layerwise,disclosed,pooled,gain,28,100.0,0.0004685624763326827,False
final_input_token_layerwise,disclosed,pooled,gain,29,100.0,0.0004321749358163947,False
final_input_token_layerwise,disclosed,pooled,gain,30,100.0,0.001305297737652487,False
final_input_token_layerwise,disclosed,pooled,gain,31,100.0,0.0002768162183850083,False
final_input_token_layerwise,disclosed,pooled,gain,32,100.0,0.0008217510385353788,False
final_input_token_layerwise,disclosed,pooled,gain,33,100.0,0.001021825196674107,False
final_input_token_layerwise,disclosed,pooled,gain,34,100.0,0.0002525781145546006,False
final_input_token_layerwise,disclosed,pooled,gain,35,100.0,0.0004862747356479402,False
final_input_token_layerwise,disclosed,pooled,gain,36,100.0,0.0008951901027745846,False
final_input_token_layerwise,disclosed,pooled,response_residual,0,0.0001,-2.7755575615628914e-17,False
final_input_token_layerwise,disclosed,pooled,response_residual,1,100.0,0.003282782633689483,True
final_input_token_layerwise,disclosed,pooled,response_residual,2,100.0,-0.0032008707967301577,False
final_input_token_layerwise,disclosed,pooled,response_residual,3,100.0,-0.0030507000267023057,False
final_input_token_layerwise,disclosed,pooled,response_residual,4,100.0,-0.002182769788172445,False
final_input_token_layerwise,disclosed,pooled,response_residual,5,100.0,-0.004273325298866537,False
final_input_token_layerwise,disclosed,pooled,response_residual,6,100.0,-0.003591343054577941,False
final_input_token_layerwise,disclosed,pooled,response_residual,7,100.0,-0.0033173306052065124,False
final_input_token_layerwise,disclosed,pooled,response_residual,8,100.0,-0.0033370771660038525,False
final_input_token_layerwise,disclosed,pooled,response_residual,9,100.0,-0.0033539102455355054,False
final_input_token_layerwise,disclosed,pooled,response_residual,10,100.0,-0.0033315079250998783,False
final_input_token_layerwise,disclosed,pooled,response_residual,11,100.0,-0.002601161707362113,False
final_input_token_layerwise,disclosed,pooled,response_residual,12,100.0,-0.003331366922555201,False
final_input_token_layerwise,disclosed,pooled,response_residual,13,100.0,-0.0027054252030641692,False
final_input_token_layerwise,disclosed,pooled,response_residual,14,100.0,-0.0026651987355156372,False
final_input_token_layerwise,disclosed,pooled,response_residual,15,100.0,-0.0018662251100255989,False
final_input_token_layerwise,disclosed,pooled,response_residual,16,100.0,-0.0028404800859233117,False
final_input_token_layerwise,disclosed,pooled,response_residual,17,100.0,-0.0020623809447693118,False
final_input_token_layerwise,disclosed,pooled,response_residual,18,100.0,-0.0008516280699366422,False
final_input_token_layerwise,disclosed,pooled,response_residual,19,100.0,-0.00010205735823139624,False
final_input_token_layerwise,disclosed,pooled,response_residual,20,100.0,-0.0014271615731541176,False
final_input_token_layerwise,disclosed,pooled,response_residual,21,100.0,-0.0002893399936463037,False
final_input_token_layerwise,disclosed,pooled,response_residual,22,100.0,-0.0011138086776786942,False
final_input_token_layerwise,disclosed,pooled,response_residual,23,100.0,-0.001903088321298994,False
final_input_token_layerwise,disclosed,pooled,response_residual,24,100.0,-0.0020743024244757047,False
final_input_token_layerwise,disclosed,pooled,response_residual,25,100.0,-0.0018925492700439066,False
final_input_token_layerwise,disclosed,pooled,response_residual,26,100.0,-0.001591009467652495,False
final_input_token_layerwise,disclosed,pooled,response_residual,27,100.0,-0.003195173936664797,False
final_input_token_layerwise,disclosed,pooled,response_residual,28,100.0,-0.0035345472455035423,False
final_input_token_layerwise,disclosed,pooled,response_residual,29,100.0,-0.0036745126966479615,False
final_input_token_layerwise,disclosed,pooled,response_residual,30,100.0,-0.003044439475171884,False
final_input_token_layerwise,disclosed,pooled,response_residual,31,100.0,-0.0037070049625716195,False
final_input_token_layerwise,disclosed,pooled,response_residual,32,100.0,-0.003036249328064705,False
final_input_token_layerwise,disclosed,pooled,response_residual,33,100.0,-0.0030116315849895068,False
final_input_token_layerwise,disclosed,pooled,response_residual,34,100.0,-0.003045857690464874,False
final_input_token_layerwise,disclosed,pooled,response_residual,35,100.0,-0.002703723384716463,False
final_input_token_layerwise,disclosed,pooled,response_residual,36,100.0,-0.0020170142957836126,False
final_input_token_layerwise,undisclosed,k3,gain,0,0.0001,0.0,False
final_input_token_layerwise,undisclosed,k3,gain,1,100.0,-0.0005039078929504337,False
final_input_token_layerwise,undisclosed,k3,gain,2,100.0,0.0013747898293005045,False
final_input_token_layerwise,undisclosed,k3,gain,3,100.0,0.0010316186456485188,False
final_input_token_layerwise,undisclosed,k3,gain,4,100.0,0.0007841755452090982,False
final_input_token_layerwise,undisclosed,k3,gain,5,100.0,0.0007224166645329322,False
final_input_token_layerwise,undisclosed,k3,gain,6,100.0,0.0004572346773575875,False
final_input_token_layerwise,undisclosed,k3,gain,7,100.0,0.00014909683860600542,False
final_input_token_layerwise,undisclosed,k3,gain,8,100.0,0.00021140714351122747,False
final_input_token_layerwise,undisclosed,k3,gain,9,100.0,0.00010168201902624463,False
final_input_token_layerwise,undisclosed,k3,gain,10,100.0,0.0002793624126449512,False
final_input_token_layerwise,undisclosed,k3,gain,11,100.0,0.0005086042664407819,False
final_input_token_layerwise,undisclosed,k3,gain,12,100.0,0.0006499516202954636,False
final_input_token_layerwise,undisclosed,k3,gain,13,100.0,0.0006896981699337501,False
final_input_token_layerwise,undisclosed,k3,gain,14,100.0,0.0008299116426822295,False
final_input_token_layerwise,undisclosed,k3,gain,15,100.0,0.0006211695389679306,False
final_input_token_layerwise,undisclosed,k3,gain,16,3.0,0.007594345599054503,False
final_input_token_layerwise,undisclosed,k3,gain,17,3.0,0.0010794022978715956,False
final_input_token_layerwise,undisclosed,k3,gain,18,100.0,0.0006999638897728089,False
final_input_token_layerwise,undisclosed,k3,gain,19,100.0,0.0003301615818142867,False
final_input_token_layerwise,undisclosed,k3,gain,20,100.0,0.0007950834841904675,False
final_input_token_layerwise,undisclosed,k3,gain,21,100.0,0.0005892626973624249,False
final_input_token_layerwise,undisclosed,k3,gain,22,100.0,0.0005651586947529319,False
final_input_token_layerwise,undisclosed,k3,gain,23,100.0,0.0007245679313607756,False
final_input_token_layerwise,undisclosed,k3,gain,24,3.0,0.026347841508585934,False
final_input_token_layerwise,undisclosed,k3,gain,25,3.0,0.03442641157868043,True
final_input_token_layerwise,undisclosed,k3,gain,26,3.0,0.024257845967913333,False
final_input_token_layerwise,undisclosed,k3,gain,27,3.0,0.019210929136062316,False
final_input_token_layerwise,undisclosed,k3,gain,28,3.0,0.023464964324280135,False
final_input_token_layerwise,undisclosed,k3,gain,29,3.0,0.023479716667791167,False
final_input_token_layerwise,undisclosed,k3,gain,30,3.0,0.022312914594536742,False
final_input_token_layerwise,undisclosed,k3,gain,31,3.0,0.015960467793669414,False
final_input_token_layerwise,undisclosed,k3,gain,32,3.0,0.01730012534480191,False
final_input_token_layerwise,undisclosed,k3,gain,33,3.0,0.01589349577487703,False
final_input_token_layerwise,undisclosed,k3,gain,34,3.0,0.012388452172491765,False
final_input_token_layerwise,undisclosed,k3,gain,35,3.0,0.018051867318236797,False
final_input_token_layerwise,undisclosed,k3,gain,36,3.0,0.01976620263343659,False
final_input_token_layerwise,undisclosed,k3,response_residual,0,0.0001,-2.7755575615628914e-17,False
final_input_token_layerwise,undisclosed,k3,response_residual,1,100.0,-0.000341958961865535,False
final_input_token_layerwise,undisclosed,k3,response_residual,2,100.0,0.0012373887199027545,False
final_input_token_layerwise,undisclosed,k3,response_residual,3,100.0,0.0012164307132538354,False
final_input_token_layerwise,undisclosed,k3,response_residual,4,100.0,0.0008921491988476693,False
final_input_token_layerwise,undisclosed,k3,response_residual,5,100.0,0.0007528056231065339,False
final_input_token_layerwise,undisclosed,k3,response_residual,6,100.0,0.0005159464640180078,False
final_input_token_layerwise,undisclosed,k3,response_residual,7,100.0,0.0002151084319294283,False
final_input_token_layerwise,undisclosed,k3,response_residual,8,100.0,0.00022641712499615885,False
final_input_token_layerwise,undisclosed,k3,response_residual,9,100.0,0.00021039431515174067,False
final_input_token_layerwise,undisclosed,k3,response_residual,10,100.0,0.0003948901709497077,False
final_input_token_layerwise,undisclosed,k3,response_residual,11,100.0,0.0005794627153100917,False
final_input_token_layerwise,undisclosed,k3,response_residual,12,100.0,0.0005487472710730412,False
final_input_token_layerwise,undisclosed,k3,response_residual,13,100.0,0.0005224925223653032,False
final_input_token_layerwise,undisclosed,k3,response_residual,14,100.0,0.0005118599515315791,False
final_input_token_layerwise,undisclosed,k3,response_residual,15,100.0,0.0002499384781591285,False
final_input_token_layerwise,undisclosed,k3,response_residual,16,100.0,0.0004893259045705978,False
final_input_token_layerwise,undisclosed,k3,response_residual,17,100.0,0.0001993278176506963,False
final_input_token_layerwise,undisclosed,k3,response_residual,18,100.0,-3.277359114420286e-05,False
final_input_token_layerwise,undisclosed,k3,response_residual,19,100.0,-0.00028659586692891814,False
final_input_token_layerwise,undisclosed,k3,response_residual,20,100.0,0.000272080278841319,False
final_input_token_layerwise,undisclosed,k3,response_residual,21,100.0,0.00026550077783346615,False
final_input_token_layerwise,undisclosed,k3,response_residual,22,100.0,0.00024760092287073876,False
final_input_token_layerwise,undisclosed,k3,response_residual,23,100.0,0.00035319339293984897,False
final_input_token_layerwise,undisclosed,k3,response_residual,24,100.0,0.002246765465069911,False
final_input_token_layerwise,undisclosed,k3,response_residual,25,100.0,0.004003695147548086,False
final_input_token_layerwise,undisclosed,k3,response_residual,26,100.0,0.003568799695401914,False
final_input_token_layerwise,undisclosed,k3,response_residual,27,100.0,0.0037575205708458292,False
final_input_token_layerwise,undisclosed,k3,response_residual,28,100.0,0.004196337603963901,False
final_input_token_layerwise,undisclosed,k3,response_residual,29,100.0,0.004289852450455739,True
final_input_token_layerwise,undisclosed,k3,response_residual,30,100.0,0.003927867044261318,False
final_input_token_layerwise,undisclosed,k3,response_residual,31,100.0,0.002974671614994956,False
final_input_token_layerwise,undisclosed,k3,response_residual,32,100.0,0.0028921998832892593,False
final_input_token_layerwise,undisclosed,k3,response_residual,33,100.0,0.0027733327358291926,False
final_input_token_layerwise,undisclosed,k3,response_residual,34,100.0,0.002496406131719947,False
final_input_token_layerwise,undisclosed,k3,response_residual,35,100.0,0.0022737509549677903,False
final_input_token_layerwise,undisclosed,k3,response_residual,36,100.0,0.0023730517472087542,False
final_input_token_layerwise,undisclosed,k3,last_target_observation,0,0.0001,-8.326672684688674e-17,False
final_input_token_layerwise,undisclosed,k3,last_target_observation,1,0.1,0.06423886393231676,True
final_input_token_layerwise,undisclosed,k3,last_target_observation,2,100.0,3.983561667292301e-05,False
final_input_token_layerwise,undisclosed,k3,last_target_observation,3,0.1,0.04626121920509732,False
final_input_token_layerwise,undisclosed,k3,last_target_observation,4,3.0,0.01058318509408207,False
final_input_token_layerwise,undisclosed,k3,last_target_observation,5,3.0,0.011342649935755483,False
final_input_token_layerwise,undisclosed,k3,last_target_observation,6,3.0,0.004661375738584189,False
final_input_token_layerwise,undisclosed,k3,last_target_observation,7,100.0,0.0005979400683267244,False
final_input_token_layerwise,undisclosed,k3,last_target_observation,8,3.0,0.0016809668576054648,False
final_input_token_layerwise,undisclosed,k3,last_target_observation,9,3.0,0.0023410143938666084,False
final_input_token_layerwise,undisclosed,k3,last_target_observation,10,3.0,0.0024829727138005186,False
final_input_token_layerwise,undisclosed,k3,last_target_observation,11,3.0,0.007833194360541862,False
final_input_token_layerwise,undisclosed,k3,last_target_observation,12,3.0,0.011335088828485163,False
final_input_token_layerwise,undisclosed,k3,last_target_observation,13,3.0,0.016141484355680524,False
final_input_token_layerwise,undisclosed,k3,last_target_observation,14,3.0,0.0028229687633185008,False
final_input_token_layerwise,undisclosed,k3,last_target_observation,15,3.0,0.0029199704159605377,False
final_input_token_layerwise,undisclosed,k3,last_target_observation,16,3.0,0.0009064837580218532,False
final_input_token_layerwise,undisclosed,k3,last_target_observation,17,100.0,0.0008136497351789451,False
final_input_token_layerwise,undisclosed,k3,last_target_observation,18,100.0,0.0012978227855922897,False
final_input_token_layerwise,undisclosed,k3,last_target_observation,19,100.0,0.0011892594408435542,False
final_input_token_layerwise,undisclosed,k3,last_target_observation,20,100.0,0.0011427481514185434,False
final_input_token_layerwise,undisclosed,k3,last_target_observation,21,100.0,0.001634730219801428,False
final_input_token_layerwise,undisclosed,k3,last_target_observation,22,3.0,0.010629939153177115,False
final_input_token_layerwise,undisclosed,k3,last_target_observation,23,100.0,0.0005634081451705297,False
final_input_token_layerwise,undisclosed,k3,last_target_observation,24,100.0,-0.0003593770519246253,False
final_input_token_layerwise,undisclosed,k3,last_target_observation,25,100.0,-0.0003378942775179028,False
final_input_token_layerwise,undisclosed,k3,last_target_observation,26,100.0,-0.00076384906838739,False
final_input_token_layerwise,undisclosed,k3,last_target_observation,27,100.0,-0.0007980621117706921,False
final_input_token_layerwise,undisclosed,k3,last_target_observation,28,100.0,-0.0012275096532172458,False
final_input_token_layerwise,undisclosed,k3,last_target_observation,29,100.0,-0.0013655268368596152,False
final_input_token_layerwise,undisclosed,k3,last_target_observation,30,100.0,-0.0008461550118838979,False
final_input_token_layerwise,undisclosed,k3,last_target_observation,31,100.0,-0.0007782395376895179,False
final_input_token_layerwise,undisclosed,k3,last_target_observation,32,100.0,-0.0007573778880232696,False
final_input_token_layerwise,undisclosed,k3,last_target_observation,33,100.0,-0.0009634611454247821,False
final_input_token_layerwise,undisclosed,k3,last_target_observation,34,100.0,-0.001304390630192248,False
final_input_token_layerwise,undisclosed,k3,last_target_observation,35,100.0,-0.001330444407157294,False
final_input_token_layerwise,undisclosed,k3,last_target_observation,36,100.0,-0.001093332449158324,False
final_input_token_layerwise,undisclosed,k3,target_observation_mean,0,0.0001,5.551115123125783e-17,False
final_input_token_layerwise,undisclosed,k3,target_observation_mean,1,3.0,0.03955172346501579,True
final_input_token_layerwise,undisclosed,k3,target_observation_mean,2,100.0,-0.00044577998550648923,False
final_input_token_layerwise,undisclosed,k3,target_observation_mean,3,100.0,-0.0004642729617446162,False
final_input_token_layerwise,undisclosed,k3,target_observation_mean,4,100.0,-1.6777724232780455e-05,False
final_input_token_layerwise,undisclosed,k3,target_observation_mean,5,100.0,0.00039410105037757104,False
final_input_token_layerwise,undisclosed,k3,target_observation_mean,6,3.0,0.004699209374707247,False
final_input_token_layerwise,undisclosed,k3,target_observation_mean,7,3.0,0.006688354035543603,False
final_input_token_layerwise,undisclosed,k3,target_observation_mean,8,3.0,0.010150933228139064,False
final_input_token_layerwise,undisclosed,k3,target_observation_mean,9,3.0,0.0104925244097413,False
final_input_token_layerwise,undisclosed,k3,target_observation_mean,10,3.0,0.0051561882437464734,False
final_input_token_layerwise,undisclosed,k3,target_observation_mean,11,100.0,0.0015941516982291848,False
final_input_token_layerwise,undisclosed,k3,target_observation_mean,12,100.0,0.001476093697594355,False
final_input_token_layerwise,undisclosed,k3,target_observation_mean,13,100.0,0.0020325538130815946,False
final_input_token_layerwise,undisclosed,k3,target_observation_mean,14,100.0,0.001795170288460407,False
final_input_token_layerwise,undisclosed,k3,target_observation_mean,15,100.0,0.0012482236682464787,False
final_input_token_layerwise,undisclosed,k3,target_observation_mean,16,100.0,0.0013326362959145688,False
final_input_token_layerwise,undisclosed,k3,target_observation_mean,17,100.0,0.0007058367254508813,False
final_input_token_layerwise,undisclosed,k3,target_observation_mean,18,100.0,0.0005582806708337162,False
final_input_token_layerwise,undisclosed,k3,target_observation_mean,19,100.0,0.00018615762209919784,False
final_input_token_layerwise,undisclosed,k3,target_observation_mean,20,100.0,0.000326859769380794,False
final_input_token_layerwise,undisclosed,k3,target_observation_mean,21,100.0,0.0006568682030330675,False
final_input_token_layerwise,undisclosed,k3,target_observation_mean,22,100.0,0.0005772277622649313,False
final_input_token_layerwise,undisclosed,k3,target_observation_mean,23,100.0,-0.0006891551495481762,False
final_input_token_layerwise,undisclosed,k3,target_observation_mean,24,100.0,-0.0012798837299589083,False
final_input_token_layerwise,undisclosed,k3,target_observation_mean,25,100.0,-0.0007229138596181184,False
final_input_token_layerwise,undisclosed,k3,target_observation_mean,26,100.0,-0.0012742477953684994,False
final_input_token_layerwise,undisclosed,k3,target_observation_mean,27,100.0,-0.001635430880300548,False
final_input_token_layerwise,undisclosed,k3,target_observation_mean,28,100.0,-0.0020175648019540027,False
final_input_token_layerwise,undisclosed,k3,target_observation_mean,29,100.0,-0.00211818726010346,False
final_input_token_layerwise,undisclosed,k3,target_observation_mean,30,100.0,-0.001306632349634712,False
final_input_token_layerwise,undisclosed,k3,target_observation_mean,31,100.0,-0.0014611384210923561,False
final_input_token_layerwise,undisclosed,k3,target_observation_mean,32,100.0,-0.0017676629107642172,False
final_input_token_layerwise,undisclosed,k3,target_observation_mean,33,100.0,-0.0018244495262985105,False
final_input_token_layerwise,undisclosed,k3,target_observation_mean,34,100.0,-0.0018546363394760512,False
final_input_token_layerwise,undisclosed,k3,target_observation_mean,35,100.0,-0.0020423543316001602,False
final_input_token_layerwise,undisclosed,k3,target_observation_mean,36,100.0,-0.0015037584265350235,False
final_input_token_layerwise,undisclosed,k3,target_time_slope,0,0.0001,0.0,False
final_input_token_layerwise,undisclosed,k3,target_time_slope,1,100.0,-0.001539528290390474,False
final_input_token_layerwise,undisclosed,k3,target_time_slope,2,100.0,-0.0027448584096714246,False
final_input_token_layerwise,undisclosed,k3,target_time_slope,3,100.0,-0.0013981561206102555,False
final_input_token_layerwise,undisclosed,k3,target_time_slope,4,100.0,-0.0005460063153001626,False
final_input_token_layerwise,undisclosed,k3,target_time_slope,5,100.0,-9.94614373774072e-05,False
final_input_token_layerwise,undisclosed,k3,target_time_slope,6,100.0,-0.0007253238874726231,False
final_input_token_layerwise,undisclosed,k3,target_time_slope,7,100.0,-0.0005832935995109811,False
final_input_token_layerwise,undisclosed,k3,target_time_slope,8,100.0,-0.0005206113901363441,False
final_input_token_layerwise,undisclosed,k3,target_time_slope,9,100.0,-0.00020372214774927455,False
final_input_token_layerwise,undisclosed,k3,target_time_slope,10,100.0,-0.00013194255459872406,False
final_input_token_layerwise,undisclosed,k3,target_time_slope,11,100.0,0.00026044814312073394,False
final_input_token_layerwise,undisclosed,k3,target_time_slope,12,100.0,0.00033074112996123173,False
final_input_token_layerwise,undisclosed,k3,target_time_slope,13,3.0,0.006314408145890016,True
final_input_token_layerwise,undisclosed,k3,target_time_slope,14,100.0,0.00044900568833941557,False
final_input_token_layerwise,undisclosed,k3,target_time_slope,15,100.0,-0.0001892046071685638,False
final_input_token_layerwise,undisclosed,k3,target_time_slope,16,100.0,-0.00037616384179192663,False
final_input_token_layerwise,undisclosed,k3,target_time_slope,17,100.0,-0.00021524473051257043,False
final_input_token_layerwise,undisclosed,k3,target_time_slope,18,100.0,-1.1119750772531356e-05,False
final_input_token_layerwise,undisclosed,k3,target_time_slope,19,100.0,-7.232441778268206e-05,False
final_input_token_layerwise,undisclosed,k3,target_time_slope,20,100.0,0.00011487360643908096,False
final_input_token_layerwise,undisclosed,k3,target_time_slope,21,100.0,0.0004435082636515264,False
final_input_token_layerwise,undisclosed,k3,target_time_slope,22,100.0,0.0003254705221980847,False
final_input_token_layerwise,undisclosed,k3,target_time_slope,23,100.0,-0.0001551572368595766,False
final_input_token_layerwise,undisclosed,k3,target_time_slope,24,100.0,6.797440484013206e-06,False
final_input_token_layerwise,undisclosed,k3,target_time_slope,25,100.0,0.0010009485002496765,False
final_input_token_layerwise,undisclosed,k3,target_time_slope,26,100.0,0.0007724064168934397,False
final_input_token_layerwise,undisclosed,k3,target_time_slope,27,100.0,0.0010622447119257028,False
final_input_token_layerwise,undisclosed,k3,target_time_slope,28,100.0,0.0008779217204029355,False
final_input_token_layerwise,undisclosed,k3,target_time_slope,29,100.0,0.0007708856185395241,False
final_input_token_layerwise,undisclosed,k3,target_time_slope,30,100.0,0.0004848114932281822,False
final_input_token_layerwise,undisclosed,k3,target_time_slope,31,100.0,0.0004836876932669265,False
final_input_token_layerwise,undisclosed,k3,target_time_slope,32,100.0,0.0003752649979480993,False
final_input_token_layerwise,undisclosed,k3,target_time_slope,33,100.0,0.0004948755812533012,False
final_input_token_layerwise,undisclosed,k3,target_time_slope,34,100.0,0.00021682151035121167,False
final_input_token_layerwise,undisclosed,k3,target_time_slope,35,100.0,-0.00024487563686004243,False
final_input_token_layerwise,undisclosed,k3,target_time_slope,36,100.0,-0.0003576474542368868,False
final_input_token_layerwise,undisclosed,k3,displayed_driver_outcome_slope,0,0.0001,5.551115123125783e-17,False
final_input_token_layerwise,undisclosed,k3,displayed_driver_outcome_slope,1,100.0,0.0012158061453524105,False
final_input_token_layerwise,undisclosed,k3,displayed_driver_outcome_slope,2,3.0,0.0425394009633249,True
final_input_token_layerwise,undisclosed,k3,displayed_driver_outcome_slope,3,3.0,0.03303096105643066,False
final_input_token_layerwise,undisclosed,k3,displayed_driver_outcome_slope,4,3.0,0.02058520495598512,False
final_input_token_layerwise,undisclosed,k3,displayed_driver_outcome_slope,5,3.0,0.023899086766158706,False
final_input_token_layerwise,undisclosed,k3,displayed_driver_outcome_slope,6,3.0,0.019471461568529552,False
final_input_token_layerwise,undisclosed,k3,displayed_driver_outcome_slope,7,3.0,0.01708313781175161,False
final_input_token_layerwise,undisclosed,k3,displayed_driver_outcome_slope,8,3.0,0.01804317810806469,False
final_input_token_layerwise,undisclosed,k3,displayed_driver_outcome_slope,9,3.0,0.028665324111673662,False
final_input_token_layerwise,undisclosed,k3,displayed_driver_outcome_slope,10,3.0,0.03301663525539558,False
final_input_token_layerwise,undisclosed,k3,displayed_driver_outcome_slope,11,3.0,0.024663150751504798,False
final_input_token_layerwise,undisclosed,k3,displayed_driver_outcome_slope,12,3.0,0.026185467000620105,False
final_input_token_layerwise,undisclosed,k3,displayed_driver_outcome_slope,13,3.0,0.025635044050576067,False
final_input_token_layerwise,undisclosed,k3,displayed_driver_outcome_slope,14,3.0,0.024248435547317065,False
final_input_token_layerwise,undisclosed,k3,displayed_driver_outcome_slope,15,3.0,0.03512698099957223,False
final_input_token_layerwise,undisclosed,k3,displayed_driver_outcome_slope,16,3.0,0.028551725433833747,False
final_input_token_layerwise,undisclosed,k3,displayed_driver_outcome_slope,17,3.0,0.03596533435783711,False
final_input_token_layerwise,undisclosed,k3,displayed_driver_outcome_slope,18,3.0,0.03067299249048161,False
final_input_token_layerwise,undisclosed,k3,displayed_driver_outcome_slope,19,3.0,0.027711402942737162,False
final_input_token_layerwise,undisclosed,k3,displayed_driver_outcome_slope,20,3.0,0.02007288432739332,False
final_input_token_layerwise,undisclosed,k3,displayed_driver_outcome_slope,21,3.0,0.02014367502193737,False
final_input_token_layerwise,undisclosed,k3,displayed_driver_outcome_slope,22,3.0,0.02641138817297009,False
final_input_token_layerwise,undisclosed,k3,displayed_driver_outcome_slope,23,3.0,0.027532782177658144,False
final_input_token_layerwise,undisclosed,k3,displayed_driver_outcome_slope,24,3.0,0.023704964550841284,False
final_input_token_layerwise,undisclosed,k3,displayed_driver_outcome_slope,25,3.0,0.010472955864577776,False
final_input_token_layerwise,undisclosed,k3,displayed_driver_outcome_slope,26,3.0,0.008333702797740233,False
final_input_token_layerwise,undisclosed,k3,displayed_driver_outcome_slope,27,3.0,0.004465799159845574,False
final_input_token_layerwise,undisclosed,k3,displayed_driver_outcome_slope,28,100.0,0.0011681616289045127,False
final_input_token_layerwise,undisclosed,k3,displayed_driver_outcome_slope,29,100.0,0.0005666933770655802,False
final_input_token_layerwise,undisclosed,k3,displayed_driver_outcome_slope,30,100.0,0.00018276292714475284,False
final_input_token_layerwise,undisclosed,k3,displayed_driver_outcome_slope,31,100.0,0.0002758074042942815,False
final_input_token_layerwise,undisclosed,k3,displayed_driver_outcome_slope,32,100.0,0.0002450066670052209,False
final_input_token_layerwise,undisclosed,k3,displayed_driver_outcome_slope,33,100.0,0.0005399952741826364,False
final_input_token_layerwise,undisclosed,k3,displayed_driver_outcome_slope,34,100.0,0.00043701653585151434,False
final_input_token_layerwise,undisclosed,k3,displayed_driver_outcome_slope,35,100.0,0.00023058260158434485,False
final_input_token_layerwise,undisclosed,k3,displayed_driver_outcome_slope,36,100.0,0.0006350883623865988,False
final_input_token_layerwise,undisclosed,k3,oracle_posterior_gain,0,0.0001,2.7755575615628914e-17,False
final_input_token_layerwise,undisclosed,k3,oracle_posterior_gain,1,100.0,-0.002253414237488316,False
final_input_token_layerwise,undisclosed,k3,oracle_posterior_gain,2,100.0,-0.002688098331354749,False
final_input_token_layerwise,undisclosed,k3,oracle_posterior_gain,3,100.0,-0.001955486960303371,False
final_input_token_layerwise,undisclosed,k3,oracle_posterior_gain,4,100.0,-0.001658285298222817,False
final_input_token_layerwise,undisclosed,k3,oracle_posterior_gain,5,100.0,-0.0016998181770517817,False
final_input_token_layerwise,undisclosed,k3,oracle_posterior_gain,6,100.0,-0.0017978367385015903,False
final_input_token_layerwise,undisclosed,k3,oracle_posterior_gain,7,100.0,-0.0017283579424375861,False
final_input_token_layerwise,undisclosed,k3,oracle_posterior_gain,8,100.0,-0.001728656346286106,False
final_input_token_layerwise,undisclosed,k3,oracle_posterior_gain,9,100.0,-0.0015485162405211306,False
final_input_token_layerwise,undisclosed,k3,oracle_posterior_gain,10,100.0,-0.0012858265775452793,False
final_input_token_layerwise,undisclosed,k3,oracle_posterior_gain,11,100.0,-0.0014802662863742377,False
final_input_token_layerwise,undisclosed,k3,oracle_posterior_gain,12,100.0,-0.0014783423142522012,False
final_input_token_layerwise,undisclosed,k3,oracle_posterior_gain,13,100.0,-0.0011849097562573185,False
final_input_token_layerwise,undisclosed,k3,oracle_posterior_gain,14,100.0,-0.0008897245124855346,False
final_input_token_layerwise,undisclosed,k3,oracle_posterior_gain,15,100.0,-0.0015482637163987956,False
final_input_token_layerwise,undisclosed,k3,oracle_posterior_gain,16,100.0,-0.0009445322261995848,False
final_input_token_layerwise,undisclosed,k3,oracle_posterior_gain,17,100.0,-0.0010767889353358873,False
final_input_token_layerwise,undisclosed,k3,oracle_posterior_gain,18,100.0,-0.0009679330050470503,False
final_input_token_layerwise,undisclosed,k3,oracle_posterior_gain,19,100.0,-0.0008520487314465919,False
final_input_token_layerwise,undisclosed,k3,oracle_posterior_gain,20,100.0,-0.0006118352810961791,False
final_input_token_layerwise,undisclosed,k3,oracle_posterior_gain,21,100.0,-0.0005101254234778363,False
final_input_token_layerwise,undisclosed,k3,oracle_posterior_gain,22,100.0,-0.0004448003887540797,False
final_input_token_layerwise,undisclosed,k3,oracle_posterior_gain,23,100.0,0.0001885353712450799,False
final_input_token_layerwise,undisclosed,k3,oracle_posterior_gain,24,3.0,0.03066050384723401,False
final_input_token_layerwise,undisclosed,k3,oracle_posterior_gain,25,3.0,0.04795410323923038,False
final_input_token_layerwise,undisclosed,k3,oracle_posterior_gain,26,3.0,0.05212216991459703,True
final_input_token_layerwise,undisclosed,k3,oracle_posterior_gain,27,3.0,0.046101154881139084,False
final_input_token_layerwise,undisclosed,k3,oracle_posterior_gain,28,3.0,0.04577678345707878,False
final_input_token_layerwise,undisclosed,k3,oracle_posterior_gain,29,3.0,0.042875511033723473,False
final_input_token_layerwise,undisclosed,k3,oracle_posterior_gain,30,3.0,0.05066173959527209,False
final_input_token_layerwise,undisclosed,k3,oracle_posterior_gain,31,3.0,0.04422234857810675,False
final_input_token_layerwise,undisclosed,k3,oracle_posterior_gain,32,3.0,0.046263533405947244,False
final_input_token_layerwise,undisclosed,k3,oracle_posterior_gain,33,3.0,0.04626793434181464,False
final_input_token_layerwise,undisclosed,k3,oracle_posterior_gain,34,3.0,0.04776792782797107,False
final_input_token_layerwise,undisclosed,k3,oracle_posterior_gain,35,3.0,0.04910338165589792,False
final_input_token_layerwise,undisclosed,k3,oracle_posterior_gain,36,3.0,0.04582739165211169,False
final_input_token_layerwise,undisclosed,k6,gain,0,0.0001,0.0,False
final_input_token_layerwise,undisclosed,k6,gain,1,100.0,-0.0001701768036121709,False
final_input_token_layerwise,undisclosed,k6,gain,2,100.0,-0.0008865962958193863,False
final_input_token_layerwise,undisclosed,k6,gain,3,100.0,-0.001182129388394737,False
final_input_token_layerwise,undisclosed,k6,gain,4,100.0,-0.0005032999446327735,False
final_input_token_layerwise,undisclosed,k6,gain,5,100.0,-0.00035210255650619526,False
final_input_token_layerwise,undisclosed,k6,gain,6,100.0,-0.0004276104725929597,False
final_input_token_layerwise,undisclosed,k6,gain,7,100.0,-0.00043935926200677766,False
final_input_token_layerwise,undisclosed,k6,gain,8,100.0,-0.0004632330100258486,False
final_input_token_layerwise,undisclosed,k6,gain,9,100.0,-0.00023809792352605386,False
final_input_token_layerwise,undisclosed,k6,gain,10,100.0,-0.00011109465808803454,False
final_input_token_layerwise,undisclosed,k6,gain,11,100.0,-0.00032783508935838035,False
final_input_token_layerwise,undisclosed,k6,gain,12,100.0,0.00019646627761688018,False
final_input_token_layerwise,undisclosed,k6,gain,13,100.0,-0.00013434991463345813,False
final_input_token_layerwise,undisclosed,k6,gain,14,100.0,2.9794593465221064e-05,False
final_input_token_layerwise,undisclosed,k6,gain,15,100.0,-7.448609597837663e-05,False
final_input_token_layerwise,undisclosed,k6,gain,16,100.0,-1.5877864356639293e-06,False
final_input_token_layerwise,undisclosed,k6,gain,17,100.0,0.00015640514485229517,False
final_input_token_layerwise,undisclosed,k6,gain,18,100.0,-0.00028706934160296904,False
final_input_token_layerwise,undisclosed,k6,gain,19,100.0,-0.00034482976067806703,False
final_input_token_layerwise,undisclosed,k6,gain,20,100.0,-0.000356096116975374,False
final_input_token_layerwise,undisclosed,k6,gain,21,100.0,-0.0005317785245703144,False
final_input_token_layerwise,undisclosed,k6,gain,22,100.0,-0.0002597900410077625,False
final_input_token_layerwise,undisclosed,k6,gain,23,100.0,5.04537002520844e-05,False
final_input_token_layerwise,undisclosed,k6,gain,24,100.0,-1.5919108104972546e-05,False
final_input_token_layerwise,undisclosed,k6,gain,25,100.0,-0.00022001571822877208,False
final_input_token_layerwise,undisclosed,k6,gain,26,100.0,-0.0005141313911445067,False
final_input_token_layerwise,undisclosed,k6,gain,27,100.0,-0.0008669879898964561,False
final_input_token_layerwise,undisclosed,k6,gain,28,100.0,-0.0011239960059873932,False
final_input_token_layerwise,undisclosed,k6,gain,29,100.0,-0.000915114533925343,False
final_input_token_layerwise,undisclosed,k6,gain,30,100.0,-0.0007477909435197883,False
final_input_token_layerwise,undisclosed,k6,gain,31,100.0,-0.00047097437084472893,False
final_input_token_layerwise,undisclosed,k6,gain,32,100.0,-0.0006149556550361368,False
final_input_token_layerwise,undisclosed,k6,gain,33,3.0,0.0015057348988795904,False
final_input_token_layerwise,undisclosed,k6,gain,34,100.0,-0.00032673094937396563,False
final_input_token_layerwise,undisclosed,k6,gain,35,100.0,-9.346048678893215e-05,False
final_input_token_layerwise,undisclosed,k6,gain,36,3.0,0.002490543810864443,True
final_input_token_layerwise,undisclosed,k6,response_residual,0,0.0001,-2.7755575615628914e-17,False
final_input_token_layerwise,undisclosed,k6,response_residual,1,100.0,-9.566663184809587e-05,False
final_input_token_layerwise,undisclosed,k6,response_residual,2,100.0,-0.0008841228138491142,False
final_input_token_layerwise,undisclosed,k6,response_residual,3,100.0,-0.0011361342924849915,False
final_input_token_layerwise,undisclosed,k6,response_residual,4,100.0,-0.0007667424616107643,False
final_input_token_layerwise,undisclosed,k6,response_residual,5,100.0,-0.0008562080624751611,False
final_input_token_layerwise,undisclosed,k6,response_residual,6,100.0,-0.0008576316973569476,False
final_input_token_layerwise,undisclosed,k6,response_residual,7,100.0,-0.0009077406470077709,False
final_input_token_layerwise,undisclosed,k6,response_residual,8,100.0,-0.0009892578387006579,False
final_input_token_layerwise,undisclosed,k6,response_residual,9,100.0,-0.0008043330957807626,False
final_input_token_layerwise,undisclosed,k6,response_residual,10,100.0,-0.0007312903984544872,False
final_input_token_layerwise,undisclosed,k6,response_residual,11,100.0,-0.0007841005031211934,False
final_input_token_layerwise,undisclosed,k6,response_residual,12,100.0,-0.00045874434561765653,False
final_input_token_layerwise,undisclosed,k6,response_residual,13,100.0,-0.0006718735636087325,False
final_input_token_layerwise,undisclosed,k6,response_residual,14,100.0,-0.0005155072713177999,False
final_input_token_layerwise,undisclosed,k6,response_residual,15,100.0,-0.0004934060011801689,False
final_input_token_layerwise,undisclosed,k6,response_residual,16,100.0,-0.0003877849561563784,False
final_input_token_layerwise,undisclosed,k6,response_residual,17,100.0,-0.00027053761331444215,False
final_input_token_layerwise,undisclosed,k6,response_residual,18,100.0,-0.0006638210295078772,False
final_input_token_layerwise,undisclosed,k6,response_residual,19,100.0,-0.0004093521344907536,False
final_input_token_layerwise,undisclosed,k6,response_residual,20,100.0,-0.00028867787621442154,False
final_input_token_layerwise,undisclosed,k6,response_residual,21,100.0,-0.00020869503294951297,False
final_input_token_layerwise,undisclosed,k6,response_residual,22,100.0,4.531925763473499e-05,False
final_input_token_layerwise,undisclosed,k6,response_residual,23,100.0,0.00046691575172852495,False
final_input_token_layerwise,undisclosed,k6,response_residual,24,100.0,0.0004936227909959623,False
final_input_token_layerwise,undisclosed,k6,response_residual,25,100.0,0.0003141006717781447,False
final_input_token_layerwise,undisclosed,k6,response_residual,26,100.0,4.375867932332467e-05,False
final_input_token_layerwise,undisclosed,k6,response_residual,27,100.0,-0.00017189262365524538,False
final_input_token_layerwise,undisclosed,k6,response_residual,28,100.0,-0.00031887970015692657,False
final_input_token_layerwise,undisclosed,k6,response_residual,29,100.0,-0.0001271277517022329,False
final_input_token_layerwise,undisclosed,k6,response_residual,30,100.0,8.800747650805629e-05,False
final_input_token_layerwise,undisclosed,k6,response_residual,31,100.0,0.00022565790167139443,False
final_input_token_layerwise,undisclosed,k6,response_residual,32,100.0,0.00010771500024919778,False
final_input_token_layerwise,undisclosed,k6,response_residual,33,100.0,0.0005081637625327096,False
final_input_token_layerwise,undisclosed,k6,response_residual,34,100.0,0.000516454574195635,False
final_input_token_layerwise,undisclosed,k6,response_residual,35,100.0,0.0005508701488448065,True
final_input_token_layerwise,undisclosed,k6,response_residual,36,100.0,0.000516622544044637,False
final_input_token_layerwise,undisclosed,k6,last_target_observation,0,0.0001,-2.7755575615628914e-17,False
final_input_token_layerwise,undisclosed,k6,last_target_observation,1,100.0,-0.002164556071115098,False
final_input_token_layerwise,undisclosed,k6,last_target_observation,2,100.0,0.00038990359354154625,False
final_input_token_layerwise,undisclosed,k6,last_target_observation,3,100.0,-0.0003365929133538337,False
final_input_token_layerwise,undisclosed,k6,last_target_observation,4,100.0,-0.0003889962544452452,False
final_input_token_layerwise,undisclosed,k6,last_target_observation,5,100.0,-0.0004556897523572412,False
final_input_token_layerwise,undisclosed,k6,last_target_observation,6,100.0,-0.0005531765680219514,False
final_input_token_layerwise,undisclosed,k6,last_target_observation,7,100.0,-0.0007099664894024138,False
final_input_token_layerwise,undisclosed,k6,last_target_observation,8,100.0,-0.0005480536432034555,False
final_input_token_layerwise,undisclosed,k6,last_target_observation,9,100.0,-0.00016860852174538365,False
final_input_token_layerwise,undisclosed,k6,last_target_observation,10,100.0,-0.00030515305765010936,False
final_input_token_layerwise,undisclosed,k6,last_target_observation,11,100.0,-0.0004390712676902442,False
final_input_token_layerwise,undisclosed,k6,last_target_observation,12,100.0,-0.0002325888176203661,False
final_input_token_layerwise,undisclosed,k6,last_target_observation,13,100.0,-0.00017571093204435395,False
final_input_token_layerwise,undisclosed,k6,last_target_observation,14,100.0,6.59872849524401e-05,False
final_input_token_layerwise,undisclosed,k6,last_target_observation,15,3.0,0.0012251918210394452,False
final_input_token_layerwise,undisclosed,k6,last_target_observation,16,3.0,0.004620244926848427,True
final_input_token_layerwise,undisclosed,k6,last_target_observation,17,100.0,0.0007687646231920864,False
final_input_token_layerwise,undisclosed,k6,last_target_observation,18,100.0,0.0003758523363895372,False
final_input_token_layerwise,undisclosed,k6,last_target_observation,19,100.0,0.0007351025374148779,False
final_input_token_layerwise,undisclosed,k6,last_target_observation,20,100.0,0.000658955450186044,False
final_input_token_layerwise,undisclosed,k6,last_target_observation,21,100.0,0.00039818253987380925,False
final_input_token_layerwise,undisclosed,k6,last_target_observation,22,100.0,0.00043958453335846137,False
final_input_token_layerwise,undisclosed,k6,last_target_observation,23,100.0,-2.0714992268550114e-05,False
final_input_token_layerwise,undisclosed,k6,last_target_observation,24,100.0,-0.00016612355031062065,False
final_input_token_layerwise,undisclosed,k6,last_target_observation,25,100.0,-0.00047482042135330027,False
final_input_token_layerwise,undisclosed,k6,last_target_observation,26,100.0,-0.0003558307615884049,False
final_input_token_layerwise,undisclosed,k6,last_target_observation,27,100.0,-0.00046096987309826587,False
final_input_token_layerwise,undisclosed,k6,last_target_observation,28,100.0,-0.0008656621880295534,False
final_input_token_layerwise,undisclosed,k6,last_target_observation,29,100.0,-0.0008883522798709409,False
final_input_token_layerwise,undisclosed,k6,last_target_observation,30,100.0,-0.0008540206622580371,False
final_input_token_layerwise,undisclosed,k6,last_target_observation,31,100.0,-0.0005784123721410128,False
final_input_token_layerwise,undisclosed,k6,last_target_observation,32,100.0,-0.0007997950907362439,False
final_input_token_layerwise,undisclosed,k6,last_target_observation,33,100.0,-0.000616209462455497,False
final_input_token_layerwise,undisclosed,k6,last_target_observation,34,100.0,-0.0005486823361891269,False
final_input_token_layerwise,undisclosed,k6,last_target_observation,35,100.0,-0.0008823404774118138,False
final_input_token_layerwise,undisclosed,k6,last_target_observation,36,100.0,-0.0008427993164091818,False
final_input_token_layerwise,undisclosed,k6,target_observation_mean,0,0.0001,2.7755575615628914e-17,False
final_input_token_layerwise,undisclosed,k6,target_observation_mean,1,100.0,0.001143601740906025,False
final_input_token_layerwise,undisclosed,k6,target_observation_mean,2,3.0,0.006361016281385162,False
final_input_token_layerwise,undisclosed,k6,target_observation_mean,3,3.0,0.0034671223355253467,False
final_input_token_layerwise,undisclosed,k6,target_observation_mean,4,3.0,0.0028699668782729837,False
final_input_token_layerwise,undisclosed,k6,target_observation_mean,5,3.0,0.011378697855696812,False
final_input_token_layerwise,undisclosed,k6,target_observation_mean,6,3.0,0.017214880440883207,False
final_input_token_layerwise,undisclosed,k6,target_observation_mean,7,3.0,0.013552541377296223,False
final_input_token_layerwise,undisclosed,k6,target_observation_mean,8,3.0,0.011882507102356915,False
final_input_token_layerwise,undisclosed,k6,target_observation_mean,9,3.0,0.0069196932143661405,False
final_input_token_layerwise,undisclosed,k6,target_observation_mean,10,3.0,0.01678020518725029,False
final_input_token_layerwise,undisclosed,k6,target_observation_mean,11,3.0,0.02037478414787175,False
final_input_token_layerwise,undisclosed,k6,target_observation_mean,12,3.0,0.023830484884254516,False
final_input_token_layerwise,undisclosed,k6,target_observation_mean,13,3.0,0.026835010192853587,False
final_input_token_layerwise,undisclosed,k6,target_observation_mean,14,3.0,0.016262379739758942,False
final_input_token_layerwise,undisclosed,k6,target_observation_mean,15,3.0,0.014102075475554088,False
final_input_token_layerwise,undisclosed,k6,target_observation_mean,16,3.0,0.00913483456519576,False
final_input_token_layerwise,undisclosed,k6,target_observation_mean,17,3.0,0.010885193963640988,False
final_input_token_layerwise,undisclosed,k6,target_observation_mean,18,3.0,0.006979874419623555,False
final_input_token_layerwise,undisclosed,k6,target_observation_mean,19,100.0,0.0003519223331950039,False
final_input_token_layerwise,undisclosed,k6,target_observation_mean,20,100.0,0.00039313207224422886,False
final_input_token_layerwise,undisclosed,k6,target_observation_mean,21,3.0,0.006298626464817769,False
final_input_token_layerwise,undisclosed,k6,target_observation_mean,22,3.0,0.01787391350556647,False
final_input_token_layerwise,undisclosed,k6,target_observation_mean,23,3.0,0.02814782054492712,False
final_input_token_layerwise,undisclosed,k6,target_observation_mean,24,3.0,0.025191240898722295,False
final_input_token_layerwise,undisclosed,k6,target_observation_mean,25,3.0,0.009914925750952708,False
final_input_token_layerwise,undisclosed,k6,target_observation_mean,26,100.0,0.001884862136984744,False
final_input_token_layerwise,undisclosed,k6,target_observation_mean,27,3.0,0.004011037334127526,False
final_input_token_layerwise,undisclosed,k6,target_observation_mean,28,100.0,0.0019354824397401216,False
final_input_token_layerwise,undisclosed,k6,target_observation_mean,29,3.0,0.01310944160856145,False
final_input_token_layerwise,undisclosed,k6,target_observation_mean,30,3.0,0.020467238227001888,False
final_input_token_layerwise,undisclosed,k6,target_observation_mean,31,3.0,0.021977012871396057,False
final_input_token_layerwise,undisclosed,k6,target_observation_mean,32,3.0,0.024494101520907446,False
final_input_token_layerwise,undisclosed,k6,target_observation_mean,33,3.0,0.02109334294904694,False
final_input_token_layerwise,undisclosed,k6,target_observation_mean,34,3.0,0.03257613421403713,True
final_input_token_layerwise,undisclosed,k6,target_observation_mean,35,3.0,0.027705006106129082,False
final_input_token_layerwise,undisclosed,k6,target_observation_mean,36,3.0,0.02257114727136872,False
final_input_token_layerwise,undisclosed,k6,target_time_slope,0,0.0001,0.0,False
final_input_token_layerwise,undisclosed,k6,target_time_slope,1,100.0,-0.00221655731257675,False
final_input_token_layerwise,undisclosed,k6,target_time_slope,2,100.0,-0.002301822423941946,False
final_input_token_layerwise,undisclosed,k6,target_time_slope,3,100.0,-0.0026023577407588427,False
final_input_token_layerwise,undisclosed,k6,target_time_slope,4,100.0,-0.0022240545733462347,False
final_input_token_layerwise,undisclosed,k6,target_time_slope,5,100.0,-0.0012506415523822478,False
final_input_token_layerwise,undisclosed,k6,target_time_slope,6,100.0,-0.0014443860897906668,False
final_input_token_layerwise,undisclosed,k6,target_time_slope,7,100.0,-0.0015023429290798862,False
final_input_token_layerwise,undisclosed,k6,target_time_slope,8,100.0,-0.0013370971563666234,False
final_input_token_layerwise,undisclosed,k6,target_time_slope,9,100.0,-0.0014512881245009601,False
final_input_token_layerwise,undisclosed,k6,target_time_slope,10,100.0,-0.0012562767546481224,False
final_input_token_layerwise,undisclosed,k6,target_time_slope,11,100.0,-0.0016437482216952182,False
final_input_token_layerwise,undisclosed,k6,target_time_slope,12,100.0,-0.0012974092136499582,False
final_input_token_layerwise,undisclosed,k6,target_time_slope,13,100.0,-0.0013063528964099846,False
final_input_token_layerwise,undisclosed,k6,target_time_slope,14,100.0,-0.0010464137680992192,False
final_input_token_layerwise,undisclosed,k6,target_time_slope,15,100.0,-0.0003556258545946156,False
final_input_token_layerwise,undisclosed,k6,target_time_slope,16,100.0,0.00013057619574763368,False
final_input_token_layerwise,undisclosed,k6,target_time_slope,17,100.0,2.688243670398438e-05,False
final_input_token_layerwise,undisclosed,k6,target_time_slope,18,100.0,-0.0004695013971144635,False
final_input_token_layerwise,undisclosed,k6,target_time_slope,19,100.0,-0.000555373885023025,False
final_input_token_layerwise,undisclosed,k6,target_time_slope,20,100.0,-0.00012081225604237966,False
final_input_token_layerwise,undisclosed,k6,target_time_slope,21,100.0,-0.00044484243844208904,False
final_input_token_layerwise,undisclosed,k6,target_time_slope,22,100.0,-0.0004703671985001323,False
final_input_token_layerwise,undisclosed,k6,target_time_slope,23,100.0,-0.0007830967583290216,False
final_input_token_layerwise,undisclosed,k6,target_time_slope,24,100.0,-0.0006058220781573476,False
final_input_token_layerwise,undisclosed,k6,target_time_slope,25,100.0,-0.0005961757931593481,False
final_input_token_layerwise,undisclosed,k6,target_time_slope,26,100.0,3.775765225416672e-05,False
final_input_token_layerwise,undisclosed,k6,target_time_slope,27,100.0,-0.00014248860378307526,False
final_input_token_layerwise,undisclosed,k6,target_time_slope,28,100.0,-0.00039408358535558685,False
final_input_token_layerwise,undisclosed,k6,target_time_slope,29,100.0,-0.0004235783314888164,False
final_input_token_layerwise,undisclosed,k6,target_time_slope,30,100.0,-0.0005156906951207796,False
final_input_token_layerwise,undisclosed,k6,target_time_slope,31,100.0,-0.0005650093134706713,False
final_input_token_layerwise,undisclosed,k6,target_time_slope,32,100.0,-0.00042578097285703165,False
final_input_token_layerwise,undisclosed,k6,target_time_slope,33,100.0,-0.00011561846028787515,False
final_input_token_layerwise,undisclosed,k6,target_time_slope,34,3.0,0.002828139869070073,True
final_input_token_layerwise,undisclosed,k6,target_time_slope,35,100.0,0.00023694187358405672,False
final_input_token_layerwise,undisclosed,k6,target_time_slope,36,100.0,5.827135701433339e-05,False
final_input_token_layerwise,undisclosed,k6,displayed_driver_outcome_slope,0,0.0001,-5.551115123125783e-17,False
final_input_token_layerwise,undisclosed,k6,displayed_driver_outcome_slope,1,100.0,-0.0013287791284664896,False
final_input_token_layerwise,undisclosed,k6,displayed_driver_outcome_slope,2,100.0,-0.0002536149817340405,False
final_input_token_layerwise,undisclosed,k6,displayed_driver_outcome_slope,3,100.0,-0.00020250420103148925,False
final_input_token_layerwise,undisclosed,k6,displayed_driver_outcome_slope,4,100.0,3.444830933091447e-05,False
final_input_token_layerwise,undisclosed,k6,displayed_driver_outcome_slope,5,3.0,0.011794493642924425,False
final_input_token_layerwise,undisclosed,k6,displayed_driver_outcome_slope,6,3.0,0.006904503199126971,False
final_input_token_layerwise,undisclosed,k6,displayed_driver_outcome_slope,7,3.0,0.004541257375555746,False
final_input_token_layerwise,undisclosed,k6,displayed_driver_outcome_slope,8,3.0,0.001012790188602647,False
final_input_token_layerwise,undisclosed,k6,displayed_driver_outcome_slope,9,100.0,-0.00019582059140785257,False
final_input_token_layerwise,undisclosed,k6,displayed_driver_outcome_slope,10,100.0,-0.0002527183871992855,False
final_input_token_layerwise,undisclosed,k6,displayed_driver_outcome_slope,11,100.0,-0.0002339797749751904,False
final_input_token_layerwise,undisclosed,k6,displayed_driver_outcome_slope,12,100.0,-0.00045319096502588474,False
final_input_token_layerwise,undisclosed,k6,displayed_driver_outcome_slope,13,100.0,-0.000448803857884178,False
final_input_token_layerwise,undisclosed,k6,displayed_driver_outcome_slope,14,100.0,-1.884334608462379e-05,False
final_input_token_layerwise,undisclosed,k6,displayed_driver_outcome_slope,15,100.0,-4.110367860488129e-05,False
final_input_token_layerwise,undisclosed,k6,displayed_driver_outcome_slope,16,100.0,8.674727954646744e-05,False
final_input_token_layerwise,undisclosed,k6,displayed_driver_outcome_slope,17,3.0,0.0028947381974253616,False
final_input_token_layerwise,undisclosed,k6,displayed_driver_outcome_slope,18,3.0,0.008898903509398343,False
final_input_token_layerwise,undisclosed,k6,displayed_driver_outcome_slope,19,3.0,0.014358308802793818,False
final_input_token_layerwise,undisclosed,k6,displayed_driver_outcome_slope,20,3.0,0.01861381845770685,True
final_input_token_layerwise,undisclosed,k6,displayed_driver_outcome_slope,21,3.0,0.006623908191796424,False
final_input_token_layerwise,undisclosed,k6,displayed_driver_outcome_slope,22,100.0,0.00035969972628951963,False
final_input_token_layerwise,undisclosed,k6,displayed_driver_outcome_slope,23,100.0,0.0002859879025996215,False
final_input_token_layerwise,undisclosed,k6,displayed_driver_outcome_slope,24,100.0,0.0002085453933335646,False
final_input_token_layerwise,undisclosed,k6,displayed_driver_outcome_slope,25,100.0,0.0005302307007380436,False
final_input_token_layerwise,undisclosed,k6,displayed_driver_outcome_slope,26,100.0,0.0007945268452516085,False
final_input_token_layerwise,undisclosed,k6,displayed_driver_outcome_slope,27,100.0,0.00046378107132566404,False
final_input_token_layerwise,undisclosed,k6,displayed_driver_outcome_slope,28,100.0,0.0005547278493302499,False
final_input_token_layerwise,undisclosed,k6,displayed_driver_outcome_slope,29,100.0,0.0003483234554205461,False
final_input_token_layerwise,undisclosed,k6,displayed_driver_outcome_slope,30,100.0,0.0005335445112101267,False
final_input_token_layerwise,undisclosed,k6,displayed_driver_outcome_slope,31,100.0,-0.00046772621386495516,False
final_input_token_layerwise,undisclosed,k6,displayed_driver_outcome_slope,32,100.0,-0.0004648541535035855,False
final_input_token_layerwise,undisclosed,k6,displayed_driver_outcome_slope,33,100.0,-0.0005322293356311569,False
final_input_token_layerwise,undisclosed,k6,displayed_driver_outcome_slope,34,100.0,-0.0003833415904921367,False
final_input_token_layerwise,undisclosed,k6,displayed_driver_outcome_slope,35,100.0,-0.0005349548881198318,False
final_input_token_layerwise,undisclosed,k6,displayed_driver_outcome_slope,36,100.0,-0.00036507328235310665,False
final_input_token_layerwise,undisclosed,k6,oracle_posterior_gain,0,0.0001,-5.551115123125783e-17,False
final_input_token_layerwise,undisclosed,k6,oracle_posterior_gain,1,100.0,-0.0005958307410593444,False
final_input_token_layerwise,undisclosed,k6,oracle_posterior_gain,2,100.0,-0.0002662114595438081,False
final_input_token_layerwise,undisclosed,k6,oracle_posterior_gain,3,100.0,-0.00011537607849601561,False
final_input_token_layerwise,undisclosed,k6,oracle_posterior_gain,4,3.0,0.00216011921216408,False
final_input_token_layerwise,undisclosed,k6,oracle_posterior_gain,5,100.0,0.00017048048442513952,False
final_input_token_layerwise,undisclosed,k6,oracle_posterior_gain,6,3.0,0.0022359655283058777,False
final_input_token_layerwise,undisclosed,k6,oracle_posterior_gain,7,3.0,0.0007417032223278053,False
final_input_token_layerwise,undisclosed,k6,oracle_posterior_gain,8,100.0,0.00016773710047932044,False
final_input_token_layerwise,undisclosed,k6,oracle_posterior_gain,9,100.0,-1.7783296880929944e-05,False
final_input_token_layerwise,undisclosed,k6,oracle_posterior_gain,10,3.0,0.003093640189988478,False
final_input_token_layerwise,undisclosed,k6,oracle_posterior_gain,11,100.0,0.0001561766403601339,False
final_input_token_layerwise,undisclosed,k6,oracle_posterior_gain,12,3.0,0.005231758747644311,False
final_input_token_layerwise,undisclosed,k6,oracle_posterior_gain,13,3.0,0.003488212122197354,False
final_input_token_layerwise,undisclosed,k6,oracle_posterior_gain,14,3.0,0.005915621461412168,True
final_input_token_layerwise,undisclosed,k6,oracle_posterior_gain,15,3.0,0.003881538930480266,False
final_input_token_layerwise,undisclosed,k6,oracle_posterior_gain,16,3.0,0.002547581952478617,False
final_input_token_layerwise,undisclosed,k6,oracle_posterior_gain,17,3.0,0.0005246300947992777,False
final_input_token_layerwise,undisclosed,k6,oracle_posterior_gain,18,3.0,0.002564835067333432,False
final_input_token_layerwise,undisclosed,k6,oracle_posterior_gain,19,100.0,0.00013742138743919052,False
final_input_token_layerwise,undisclosed,k6,oracle_posterior_gain,20,100.0,-5.889900951033811e-05,False
final_input_token_layerwise,undisclosed,k6,oracle_posterior_gain,21,100.0,-5.8592633732701405e-05,False
final_input_token_layerwise,undisclosed,k6,oracle_posterior_gain,22,100.0,3.615159983430538e-05,False
final_input_token_layerwise,undisclosed,k6,oracle_posterior_gain,23,100.0,0.00010783450865159416,False
final_input_token_layerwise,undisclosed,k6,oracle_posterior_gain,24,100.0,0.0002450403003344259,False
final_input_token_layerwise,undisclosed,k6,oracle_posterior_gain,25,100.0,9.640736301072539e-05,False
final_input_token_layerwise,undisclosed,k6,oracle_posterior_gain,26,100.0,-7.060104288600377e-05,False
final_input_token_layerwise,undisclosed,k6,oracle_posterior_gain,27,100.0,-0.0001852334105854614,False
final_input_token_layerwise,undisclosed,k6,oracle_posterior_gain,28,100.0,-0.0004262396407624658,False
final_input_token_layerwise,undisclosed,k6,oracle_posterior_gain,29,100.0,-0.00033434340307814114,False
final_input_token_layerwise,undisclosed,k6,oracle_posterior_gain,30,100.0,-0.00023739654938512156,False
final_input_token_layerwise,undisclosed,k6,oracle_posterior_gain,31,100.0,-7.676822042584908e-05,False
final_input_token_layerwise,undisclosed,k6,oracle_posterior_gain,32,100.0,-9.88580251270188e-05,False
final_input_token_layerwise,undisclosed,k6,oracle_posterior_gain,33,100.0,-2.1674531074183934e-05,False
final_input_token_layerwise,undisclosed,k6,oracle_posterior_gain,34,100.0,-0.0003260048150119932,False
final_input_token_layerwise,undisclosed,k6,oracle_posterior_gain,35,100.0,-0.0003488861405892829,False
final_input_token_layerwise,undisclosed,k6,oracle_posterior_gain,36,100.0,-0.0001403374634627308,False
final_input_token_layerwise,undisclosed,k9,gain,0,0.0001,0.0,False
final_input_token_layerwise,undisclosed,k9,gain,1,3.0,0.003699526638720696,False
final_input_token_layerwise,undisclosed,k9,gain,2,3.0,0.007873731089544006,False
final_input_token_layerwise,undisclosed,k9,gain,3,3.0,0.004340018384537292,False
final_input_token_layerwise,undisclosed,k9,gain,4,3.0,0.009563625094731298,False
final_input_token_layerwise,undisclosed,k9,gain,5,3.0,0.003865557682932813,False
final_input_token_layerwise,undisclosed,k9,gain,6,3.0,0.006473085758681996,False
final_input_token_layerwise,undisclosed,k9,gain,7,3.0,0.01418801050909363,False
final_input_token_layerwise,undisclosed,k9,gain,8,3.0,0.010660724430789081,False
final_input_token_layerwise,undisclosed,k9,gain,9,3.0,0.005972430528062761,False
final_input_token_layerwise,undisclosed,k9,gain,10,0.1,0.016951601207459754,False
final_input_token_layerwise,undisclosed,k9,gain,11,3.0,0.004387267919704424,False
final_input_token_layerwise,undisclosed,k9,gain,12,3.0,0.0032932985636855427,False
final_input_token_layerwise,undisclosed,k9,gain,13,3.0,0.008262538896325083,False
final_input_token_layerwise,undisclosed,k9,gain,14,100.0,0.00023719631060206692,False
final_input_token_layerwise,undisclosed,k9,gain,15,100.0,0.0001380252904640833,False
final_input_token_layerwise,undisclosed,k9,gain,16,100.0,9.917390560182371e-05,False
final_input_token_layerwise,undisclosed,k9,gain,17,100.0,-8.676749961300523e-06,False
final_input_token_layerwise,undisclosed,k9,gain,18,3.0,0.005790948438938015,False
final_input_token_layerwise,undisclosed,k9,gain,19,3.0,0.012923634713277676,False
final_input_token_layerwise,undisclosed,k9,gain,20,3.0,0.009676796851434993,False
final_input_token_layerwise,undisclosed,k9,gain,21,3.0,0.01233728657856431,False
final_input_token_layerwise,undisclosed,k9,gain,22,3.0,0.01935296865127334,True
final_input_token_layerwise,undisclosed,k9,gain,23,3.0,0.0009494118548270536,False
final_input_token_layerwise,undisclosed,k9,gain,24,0.1,0.0041602658172411044,False
final_input_token_layerwise,undisclosed,k9,gain,25,0.1,0.0005824168536006924,False
final_input_token_layerwise,undisclosed,k9,gain,26,3.0,0.0015379459762339953,False
final_input_token_layerwise,undisclosed,k9,gain,27,100.0,-0.0002511381120451073,False
final_input_token_layerwise,undisclosed,k9,gain,28,3.0,0.0014367801595561724,False
final_input_token_layerwise,undisclosed,k9,gain,29,3.0,0.006082438531769402,False
final_input_token_layerwise,undisclosed,k9,gain,30,3.0,0.009109358780403282,False
final_input_token_layerwise,undisclosed,k9,gain,31,3.0,0.006091999189167391,False
final_input_token_layerwise,undisclosed,k9,gain,32,3.0,0.0037271569911420943,False
final_input_token_layerwise,undisclosed,k9,gain,33,3.0,0.005688920245751461,False
final_input_token_layerwise,undisclosed,k9,gain,34,3.0,0.00648809988183166,False
final_input_token_layerwise,undisclosed,k9,gain,35,3.0,0.011295623332585353,False
final_input_token_layerwise,undisclosed,k9,gain,36,3.0,0.009564776428546584,False
final_input_token_layerwise,undisclosed,k9,response_residual,0,0.0001,-2.7755575615628914e-17,False
final_input_token_layerwise,undisclosed,k9,response_residual,1,3.0,0.00786069638655204,True
final_input_token_layerwise,undisclosed,k9,response_residual,2,3.0,0.003160438198715032,False
final_input_token_layerwise,undisclosed,k9,response_residual,3,3.0,0.0006117131337509685,False
final_input_token_layerwise,undisclosed,k9,response_residual,4,3.0,0.005360468706106347,False
final_input_token_layerwise,undisclosed,k9,response_residual,5,100.0,0.00013497502492598734,False
final_input_token_layerwise,undisclosed,k9,response_residual,6,100.0,0.0003353301693885813,False
final_input_token_layerwise,undisclosed,k9,response_residual,7,3.0,0.006053187701970886,False
final_input_token_layerwise,undisclosed,k9,response_residual,8,3.0,0.001701009719017016,False
final_input_token_layerwise,undisclosed,k9,response_residual,9,3.0,0.00045206002003908563,False
final_input_token_layerwise,undisclosed,k9,response_residual,10,3.0,0.000780294611147897,False
final_input_token_layerwise,undisclosed,k9,response_residual,11,100.0,0.000170145504460123,False
final_input_token_layerwise,undisclosed,k9,response_residual,12,100.0,2.622264791918294e-06,False
final_input_token_layerwise,undisclosed,k9,response_residual,13,100.0,6.350978736735513e-05,False
final_input_token_layerwise,undisclosed,k9,response_residual,14,100.0,-0.0002135246852128514,False
final_input_token_layerwise,undisclosed,k9,response_residual,15,100.0,-0.00010111357424555378,False
final_input_token_layerwise,undisclosed,k9,response_residual,16,100.0,-3.397745357966442e-05,False
final_input_token_layerwise,undisclosed,k9,response_residual,17,100.0,-0.0002838704089627164,False
final_input_token_layerwise,undisclosed,k9,response_residual,18,100.0,7.618959177371765e-05,False
final_input_token_layerwise,undisclosed,k9,response_residual,19,100.0,0.00021338214322433324,False
final_input_token_layerwise,undisclosed,k9,response_residual,20,100.0,0.00021303077936235537,False
final_input_token_layerwise,undisclosed,k9,response_residual,21,100.0,0.00018666094067879002,False
final_input_token_layerwise,undisclosed,k9,response_residual,22,100.0,0.00030629329246339987,False
final_input_token_layerwise,undisclosed,k9,response_residual,23,100.0,-0.0003768250190877287,False
final_input_token_layerwise,undisclosed,k9,response_residual,24,100.0,-0.0005490252760141923,False
final_input_token_layerwise,undisclosed,k9,response_residual,25,100.0,-0.000572736118972017,False
final_input_token_layerwise,undisclosed,k9,response_residual,26,100.0,-0.00041787561537226514,False
final_input_token_layerwise,undisclosed,k9,response_residual,27,100.0,-0.00046622571109672384,False
final_input_token_layerwise,undisclosed,k9,response_residual,28,100.0,-0.0004288308348223413,False
final_input_token_layerwise,undisclosed,k9,response_residual,29,100.0,-0.00015230475589370074,False
final_input_token_layerwise,undisclosed,k9,response_residual,30,100.0,3.796900078678611e-05,False
final_input_token_layerwise,undisclosed,k9,response_residual,31,100.0,0.00010759750067265705,False
final_input_token_layerwise,undisclosed,k9,response_residual,32,100.0,3.413571701341156e-05,False
final_input_token_layerwise,undisclosed,k9,response_residual,33,100.0,-5.591888494332897e-06,False
final_input_token_layerwise,undisclosed,k9,response_residual,34,100.0,0.00016408776779658352,False
final_input_token_layerwise,undisclosed,k9,response_residual,35,100.0,0.0003834184674426644,False
final_input_token_layerwise,undisclosed,k9,response_residual,36,100.0,0.00033307063020951433,False
final_input_token_layerwise,undisclosed,k9,last_target_observation,0,0.0001,1.3877787807814457e-16,False
final_input_token_layerwise,undisclosed,k9,last_target_observation,1,100.0,-0.00025409962018460575,False
final_input_token_layerwise,undisclosed,k9,last_target_observation,2,100.0,0.00016378671586128601,False
final_input_token_layerwise,undisclosed,k9,last_target_observation,3,100.0,6.940163503280083e-05,False
final_input_token_layerwise,undisclosed,k9,last_target_observation,4,100.0,0.000121155037440146,False
final_input_token_layerwise,undisclosed,k9,last_target_observation,5,100.0,0.00018569568724144392,False
final_input_token_layerwise,undisclosed,k9,last_target_observation,6,100.0,0.0003543101520656622,False
final_input_token_layerwise,undisclosed,k9,last_target_observation,7,3.0,0.00830453035588663,False
final_input_token_layerwise,undisclosed,k9,last_target_observation,8,3.0,0.008322808276525512,True
final_input_token_layerwise,undisclosed,k9,last_target_observation,9,100.0,0.0006023546438616023,False
final_input_token_layerwise,undisclosed,k9,last_target_observation,10,3.0,0.006636182863796025,False
final_input_token_layerwise,undisclosed,k9,last_target_observation,11,3.0,0.0011798220324426845,False
final_input_token_layerwise,undisclosed,k9,last_target_observation,12,100.0,0.000602057807418177,False
final_input_token_layerwise,undisclosed,k9,last_target_observation,13,100.0,0.00033947020109337256,False
final_input_token_layerwise,undisclosed,k9,last_target_observation,14,100.0,0.00022393481616211908,False
final_input_token_layerwise,undisclosed,k9,last_target_observation,15,100.0,9.253367127703971e-06,False
final_input_token_layerwise,undisclosed,k9,last_target_observation,16,100.0,-0.0003149025717892606,False
final_input_token_layerwise,undisclosed,k9,last_target_observation,17,100.0,-0.0005782430089613932,False
final_input_token_layerwise,undisclosed,k9,last_target_observation,18,100.0,-0.000498081149258589,False
final_input_token_layerwise,undisclosed,k9,last_target_observation,19,100.0,-0.0004090208554835828,False
final_input_token_layerwise,undisclosed,k9,last_target_observation,20,100.0,-0.0008829515898267914,False
final_input_token_layerwise,undisclosed,k9,last_target_observation,21,100.0,-0.0006821778346599583,False
final_input_token_layerwise,undisclosed,k9,last_target_observation,22,100.0,-0.0012420368969531526,False
final_input_token_layerwise,undisclosed,k9,last_target_observation,23,100.0,-0.0011803670630577134,False
final_input_token_layerwise,undisclosed,k9,last_target_observation,24,100.0,-0.0003460093762915617,False
final_input_token_layerwise,undisclosed,k9,last_target_observation,25,100.0,0.0009999380850227446,False
final_input_token_layerwise,undisclosed,k9,last_target_observation,26,100.0,0.0012604365018569208,False
final_input_token_layerwise,undisclosed,k9,last_target_observation,27,100.0,0.0010326221206883313,False
final_input_token_layerwise,undisclosed,k9,last_target_observation,28,100.0,0.0011276643091311656,False
final_input_token_layerwise,undisclosed,k9,last_target_observation,29,100.0,0.0015572576962935847,False
final_input_token_layerwise,undisclosed,k9,last_target_observation,30,100.0,0.0011852458551556144,False
final_input_token_layerwise,undisclosed,k9,last_target_observation,31,100.0,0.0011967166778001637,False
final_input_token_layerwise,undisclosed,k9,last_target_observation,32,100.0,0.0011037699861453643,False
final_input_token_layerwise,undisclosed,k9,last_target_observation,33,100.0,0.0007585892805430094,False
final_input_token_layerwise,undisclosed,k9,last_target_observation,34,100.0,0.0007352156531804654,False
final_input_token_layerwise,undisclosed,k9,last_target_observation,35,100.0,0.0005153168679760678,False
final_input_token_layerwise,undisclosed,k9,last_target_observation,36,100.0,0.00032873613700590276,False
final_input_token_layerwise,undisclosed,k9,target_observation_mean,0,0.0001,3.885780586188048e-16,False
final_input_token_layerwise,undisclosed,k9,target_observation_mean,1,100.0,-0.00019791160599239022,False
final_input_token_layerwise,undisclosed,k9,target_observation_mean,2,3.0,0.005435741696872387,False
final_input_token_layerwise,undisclosed,k9,target_observation_mean,3,100.0,-0.00011056162740866182,False
final_input_token_layerwise,undisclosed,k9,target_observation_mean,4,100.0,-0.00010292122013857985,False
final_input_token_layerwise,undisclosed,k9,target_observation_mean,5,3.0,0.004289337659568765,False
final_input_token_layerwise,undisclosed,k9,target_observation_mean,6,3.0,0.009847339280483675,False
final_input_token_layerwise,undisclosed,k9,target_observation_mean,7,3.0,0.012341100762670976,False
final_input_token_layerwise,undisclosed,k9,target_observation_mean,8,3.0,0.0028415709461819816,False
final_input_token_layerwise,undisclosed,k9,target_observation_mean,9,3.0,0.007128955177460566,False
final_input_token_layerwise,undisclosed,k9,target_observation_mean,10,3.0,0.016609712042182978,False
final_input_token_layerwise,undisclosed,k9,target_observation_mean,11,3.0,0.015125737094042052,False
final_input_token_layerwise,undisclosed,k9,target_observation_mean,12,3.0,0.013848813331168636,False
final_input_token_layerwise,undisclosed,k9,target_observation_mean,13,3.0,0.01311593299210817,False
final_input_token_layerwise,undisclosed,k9,target_observation_mean,14,3.0,0.016904675724193574,True
final_input_token_layerwise,undisclosed,k9,target_observation_mean,15,3.0,0.013913802799318142,False
final_input_token_layerwise,undisclosed,k9,target_observation_mean,16,3.0,0.006687642235502778,False
final_input_token_layerwise,undisclosed,k9,target_observation_mean,17,100.0,0.0004716635892743348,False
final_input_token_layerwise,undisclosed,k9,target_observation_mean,18,100.0,0.00037701104394088913,False
final_input_token_layerwise,undisclosed,k9,target_observation_mean,19,100.0,0.00027620143649917384,False
final_input_token_layerwise,undisclosed,k9,target_observation_mean,20,100.0,0.0001890229859289605,False
final_input_token_layerwise,undisclosed,k9,target_observation_mean,21,100.0,7.872078656212533e-06,False
final_input_token_layerwise,undisclosed,k9,target_observation_mean,22,100.0,0.0001411303542094844,False
final_input_token_layerwise,undisclosed,k9,target_observation_mean,23,100.0,0.00018215407429528208,False
final_input_token_layerwise,undisclosed,k9,target_observation_mean,24,100.0,0.00023233616335663343,False
final_input_token_layerwise,undisclosed,k9,target_observation_mean,25,100.0,0.0005602045907219522,False
final_input_token_layerwise,undisclosed,k9,target_observation_mean,26,100.0,0.0007588712850254697,False
final_input_token_layerwise,undisclosed,k9,target_observation_mean,27,100.0,0.0007251576604934973,False
final_input_token_layerwise,undisclosed,k9,target_observation_mean,28,100.0,0.0007014570513645957,False
final_input_token_layerwise,undisclosed,k9,target_observation_mean,29,3.0,0.005504565197898215,False
final_input_token_layerwise,undisclosed,k9,target_observation_mean,30,3.0,0.011740218621738213,False
final_input_token_layerwise,undisclosed,k9,target_observation_mean,31,3.0,0.013106665568183767,False
final_input_token_layerwise,undisclosed,k9,target_observation_mean,32,3.0,0.01680629115034285,False
final_input_token_layerwise,undisclosed,k9,target_observation_mean,33,3.0,0.012149453660491139,False
final_input_token_layerwise,undisclosed,k9,target_observation_mean,34,3.0,0.015696563273041336,False
final_input_token_layerwise,undisclosed,k9,target_observation_mean,35,3.0,0.014378318383745314,False
final_input_token_layerwise,undisclosed,k9,target_observation_mean,36,3.0,0.004086345164862254,False
final_input_token_layerwise,undisclosed,k9,target_time_slope,0,0.0001,0.0,False
final_input_token_layerwise,undisclosed,k9,target_time_slope,1,3.0,0.009816460232946106,False
final_input_token_layerwise,undisclosed,k9,target_time_slope,2,100.0,-7.606859901229668e-05,False
final_input_token_layerwise,undisclosed,k9,target_time_slope,3,100.0,-0.00026467366727239705,False
final_input_token_layerwise,undisclosed,k9,target_time_slope,4,100.0,-0.00028578910277857195,False
final_input_token_layerwise,undisclosed,k9,target_time_slope,5,100.0,-0.00021519221444232794,False
final_input_token_layerwise,undisclosed,k9,target_time_slope,6,100.0,-0.00021997135336940254,False
final_input_token_layerwise,undisclosed,k9,target_time_slope,7,3.0,0.0029793872147953204,False
final_input_token_layerwise,undisclosed,k9,target_time_slope,8,100.0,4.858324077480769e-05,False
final_input_token_layerwise,undisclosed,k9,target_time_slope,9,100.0,-0.00010613531155134748,False
final_input_token_layerwise,undisclosed,k9,target_time_slope,10,100.0,0.00018452008227490269,False
final_input_token_layerwise,undisclosed,k9,target_time_slope,11,100.0,-0.0001114635596410618,False
final_input_token_layerwise,undisclosed,k9,target_time_slope,12,100.0,-0.00034141222884365163,False
final_input_token_layerwise,undisclosed,k9,target_time_slope,13,100.0,-0.0003072326831024541,False
final_input_token_layerwise,undisclosed,k9,target_time_slope,14,100.0,-4.325136257379847e-05,False
final_input_token_layerwise,undisclosed,k9,target_time_slope,15,100.0,-2.0838958515206896e-05,False
final_input_token_layerwise,undisclosed,k9,target_time_slope,16,100.0,-3.7081285961942934e-05,False
final_input_token_layerwise,undisclosed,k9,target_time_slope,17,100.0,0.00024659317306657824,False
final_input_token_layerwise,undisclosed,k9,target_time_slope,18,100.0,-3.596801515812209e-05,False
final_input_token_layerwise,undisclosed,k9,target_time_slope,19,100.0,0.0003329831045498777,False
final_input_token_layerwise,undisclosed,k9,target_time_slope,20,100.0,0.0004597344681032123,False
final_input_token_layerwise,undisclosed,k9,target_time_slope,21,3.0,0.004813714965519578,False
final_input_token_layerwise,undisclosed,k9,target_time_slope,22,3.0,0.005959152734797496,False
final_input_token_layerwise,undisclosed,k9,target_time_slope,23,3.0,0.003544397502200647,False
final_input_token_layerwise,undisclosed,k9,target_time_slope,24,3.0,0.010946072660114714,False
final_input_token_layerwise,undisclosed,k9,target_time_slope,25,3.0,0.02585896252707323,False
final_input_token_layerwise,undisclosed,k9,target_time_slope,26,3.0,0.033974388649174625,False
final_input_token_layerwise,undisclosed,k9,target_time_slope,27,3.0,0.036678288471933246,False
final_input_token_layerwise,undisclosed,k9,target_time_slope,28,3.0,0.04398547477540857,True
final_input_token_layerwise,undisclosed,k9,target_time_slope,29,3.0,0.040596218358824404,False
final_input_token_layerwise,undisclosed,k9,target_time_slope,30,3.0,0.03247161433657714,False
final_input_token_layerwise,undisclosed,k9,target_time_slope,31,3.0,0.04240687477740676,False
final_input_token_layerwise,undisclosed,k9,target_time_slope,32,3.0,0.043928360733933414,False
final_input_token_layerwise,undisclosed,k9,target_time_slope,33,3.0,0.030091570293762138,False
final_input_token_layerwise,undisclosed,k9,target_time_slope,34,3.0,0.022343769287454768,False
final_input_token_layerwise,undisclosed,k9,target_time_slope,35,3.0,0.020261163127985427,False
final_input_token_layerwise,undisclosed,k9,target_time_slope,36,3.0,0.016087214723514764,False
final_input_token_layerwise,undisclosed,k9,displayed_driver_outcome_slope,0,0.0001,-1.1102230246251565e-16,False
final_input_token_layerwise,undisclosed,k9,displayed_driver_outcome_slope,1,100.0,-0.0002671222978995469,False
final_input_token_layerwise,undisclosed,k9,displayed_driver_outcome_slope,2,3.0,0.009423273519129444,False
final_input_token_layerwise,undisclosed,k9,displayed_driver_outcome_slope,3,3.0,0.0066515143764299955,False
final_input_token_layerwise,undisclosed,k9,displayed_driver_outcome_slope,4,0.1,0.028780301510242662,True
final_input_token_layerwise,undisclosed,k9,displayed_driver_outcome_slope,5,3.0,0.004903965992875847,False
final_input_token_layerwise,undisclosed,k9,displayed_driver_outcome_slope,6,3.0,0.005720979311539115,False
final_input_token_layerwise,undisclosed,k9,displayed_driver_outcome_slope,7,3.0,0.005093094284307653,False
final_input_token_layerwise,undisclosed,k9,displayed_driver_outcome_slope,8,100.0,-0.0003467857066662139,False
final_input_token_layerwise,undisclosed,k9,displayed_driver_outcome_slope,9,100.0,-0.00040444220090854466,False
final_input_token_layerwise,undisclosed,k9,displayed_driver_outcome_slope,10,100.0,-0.0007654670602780245,False
final_input_token_layerwise,undisclosed,k9,displayed_driver_outcome_slope,11,100.0,-0.0007339606199927018,False
final_input_token_layerwise,undisclosed,k9,displayed_driver_outcome_slope,12,100.0,-0.000758866306690309,False
final_input_token_layerwise,undisclosed,k9,displayed_driver_outcome_slope,13,100.0,-0.0004994798110281584,False
final_input_token_layerwise,undisclosed,k9,displayed_driver_outcome_slope,14,100.0,-0.0007746884033252854,False
final_input_token_layerwise,undisclosed,k9,displayed_driver_outcome_slope,15,100.0,-0.0006231428367528824,False
final_input_token_layerwise,undisclosed,k9,displayed_driver_outcome_slope,16,100.0,-0.0007940868836307513,False
final_input_token_layerwise,undisclosed,k9,displayed_driver_outcome_slope,17,100.0,-0.0008712991608452181,False
final_input_token_layerwise,undisclosed,k9,displayed_driver_outcome_slope,18,100.0,-0.0009018048890873653,False
final_input_token_layerwise,undisclosed,k9,displayed_driver_outcome_slope,19,100.0,-0.000551891780563557,False
final_input_token_layerwise,undisclosed,k9,displayed_driver_outcome_slope,20,100.0,-0.0005886881731431981,False
final_input_token_layerwise,undisclosed,k9,displayed_driver_outcome_slope,21,100.0,-0.00031855283561738057,False
final_input_token_layerwise,undisclosed,k9,displayed_driver_outcome_slope,22,100.0,-0.0004793738953282056,False
final_input_token_layerwise,undisclosed,k9,displayed_driver_outcome_slope,23,100.0,-0.0006126806181543099,False
final_input_token_layerwise,undisclosed,k9,displayed_driver_outcome_slope,24,100.0,-0.000763326116371893,False
final_input_token_layerwise,undisclosed,k9,displayed_driver_outcome_slope,25,100.0,-0.0011360937353033784,False
final_input_token_layerwise,undisclosed,k9,displayed_driver_outcome_slope,26,100.0,-0.0012878707383675025,False
final_input_token_layerwise,undisclosed,k9,displayed_driver_outcome_slope,27,100.0,-0.001113551764770876,False
final_input_token_layerwise,undisclosed,k9,displayed_driver_outcome_slope,28,100.0,-0.0010435260095889298,False
final_input_token_layerwise,undisclosed,k9,displayed_driver_outcome_slope,29,100.0,-0.0012335900805224842,False
final_input_token_layerwise,undisclosed,k9,displayed_driver_outcome_slope,30,100.0,-0.0011833300632198562,False
final_input_token_layerwise,undisclosed,k9,displayed_driver_outcome_slope,31,100.0,-0.0009216162001640105,False
final_input_token_layerwise,undisclosed,k9,displayed_driver_outcome_slope,32,100.0,-0.0009431851462582408,False
final_input_token_layerwise,undisclosed,k9,displayed_driver_outcome_slope,33,100.0,-0.0008251411123959829,False
final_input_token_layerwise,undisclosed,k9,displayed_driver_outcome_slope,34,100.0,-0.0007103543558090175,False
final_input_token_layerwise,undisclosed,k9,displayed_driver_outcome_slope,35,100.0,-0.0007128301112525048,False
final_input_token_layerwise,undisclosed,k9,displayed_driver_outcome_slope,36,100.0,-0.0005965549137116888,False
final_input_token_layerwise,undisclosed,k9,oracle_posterior_gain,0,0.0001,0.0,False
final_input_token_layerwise,undisclosed,k9,oracle_posterior_gain,1,3.0,0.0032404585837016164,False
final_input_token_layerwise,undisclosed,k9,oracle_posterior_gain,2,100.0,-6.0495272582450355e-05,False
final_input_token_layerwise,undisclosed,k9,oracle_posterior_gain,3,100.0,-0.0002502769046938136,False
final_input_token_layerwise,undisclosed,k9,oracle_posterior_gain,4,3.0,0.0011091531034750357,False
final_input_token_layerwise,undisclosed,k9,oracle_posterior_gain,5,3.0,0.005021380725485913,False
final_input_token_layerwise,undisclosed,k9,oracle_posterior_gain,6,3.0,0.00823729831323683,False
final_input_token_layerwise,undisclosed,k9,oracle_posterior_gain,7,3.0,0.015698752128113974,True
final_input_token_layerwise,undisclosed,k9,oracle_posterior_gain,8,3.0,0.008964109963635447,False
final_input_token_layerwise,undisclosed,k9,oracle_posterior_gain,9,3.0,0.0009322703947825806,False
final_input_token_layerwise,undisclosed,k9,oracle_posterior_gain,10,3.0,0.00033308271440124493,False
final_input_token_layerwise,undisclosed,k9,oracle_posterior_gain,11,3.0,0.003167183353281089,False
final_input_token_layerwise,undisclosed,k9,oracle_posterior_gain,12,3.0,0.00021809733706801282,False
final_input_token_layerwise,undisclosed,k9,oracle_posterior_gain,13,100.0,-0.00013337946623462327,False
final_input_token_layerwise,undisclosed,k9,oracle_posterior_gain,14,100.0,-0.00010106998786568733,False
final_input_token_layerwise,undisclosed,k9,oracle_posterior_gain,15,100.0,-0.00014163129683664177,False
final_input_token_layerwise,undisclosed,k9,oracle_posterior_gain,16,100.0,-0.00037594807697644006,False
final_input_token_layerwise,undisclosed,k9,oracle_posterior_gain,17,100.0,-0.0003761344927267207,False
final_input_token_layerwise,undisclosed,k9,oracle_posterior_gain,18,100.0,-0.00011979296975822562,False
final_input_token_layerwise,undisclosed,k9,oracle_posterior_gain,19,3.0,0.001974674012624744,False
final_input_token_layerwise,undisclosed,k9,oracle_posterior_gain,20,100.0,5.7657233499902594e-05,False
final_input_token_layerwise,undisclosed,k9,oracle_posterior_gain,21,100.0,-0.0001335847036005866,False
final_input_token_layerwise,undisclosed,k9,oracle_posterior_gain,22,100.0,-0.0005014082062354264,False
final_input_token_layerwise,undisclosed,k9,oracle_posterior_gain,23,100.0,-0.0006323282939288966,False
final_input_token_layerwise,undisclosed,k9,oracle_posterior_gain,24,100.0,-0.001012507115609379,False
final_input_token_layerwise,undisclosed,k9,oracle_posterior_gain,25,100.0,-0.0009785066550867805,False
final_input_token_layerwise,undisclosed,k9,oracle_posterior_gain,26,100.0,-0.0007589960706165244,False
final_input_token_layerwise,undisclosed,k9,oracle_posterior_gain,27,100.0,-0.0009094946432590678,False
final_input_token_layerwise,undisclosed,k9,oracle_posterior_gain,28,100.0,-0.0011391594235392322,False
final_input_token_layerwise,undisclosed,k9,oracle_posterior_gain,29,100.0,-0.0012305966694125814,False
final_input_token_layerwise,undisclosed,k9,oracle_posterior_gain,30,100.0,-0.0010073056577841188,False
final_input_token_layerwise,undisclosed,k9,oracle_posterior_gain,31,100.0,-0.0012935248417204614,False
final_input_token_layerwise,undisclosed,k9,oracle_posterior_gain,32,100.0,-0.0013920128912309204,False
final_input_token_layerwise,undisclosed,k9,oracle_posterior_gain,33,100.0,-0.0013326395986261175,False
final_input_token_layerwise,undisclosed,k9,oracle_posterior_gain,34,100.0,-0.0009995277092453292,False
final_input_token_layerwise,undisclosed,k9,oracle_posterior_gain,35,100.0,-0.0007779122717929132,False
final_input_token_layerwise,undisclosed,k9,oracle_posterior_gain,36,100.0,-0.0008581718575859654,False
final_input_token_layerwise,undisclosed,pooled,gain,0,0.0001,0.0,False
final_input_token_layerwise,undisclosed,pooled,gain,1,100.0,-0.0016141667091436052,False
final_input_token_layerwise,undisclosed,pooled,gain,2,100.0,-0.00017265351361252698,False
final_input_token_layerwise,undisclosed,pooled,gain,3,100.0,-0.0023389399813915266,False
final_input_token_layerwise,undisclosed,pooled,gain,4,100.0,-0.003293705550428877,False
final_input_token_layerwise,undisclosed,pooled,gain,5,100.0,-0.0019879346540561484,False
final_input_token_layerwise,undisclosed,pooled,gain,6,100.0,-0.0008704573647806227,False
final_input_token_layerwise,undisclosed,pooled,gain,7,100.0,-0.000544397436810821,False
final_input_token_layerwise,undisclosed,pooled,gain,8,100.0,-0.0009702530456819347,False
final_input_token_layerwise,undisclosed,pooled,gain,9,100.0,-0.000374730851535036,False
final_input_token_layerwise,undisclosed,pooled,gain,10,100.0,-0.00019708194576740593,False
final_input_token_layerwise,undisclosed,pooled,gain,11,100.0,-0.0002452331929915508,False
final_input_token_layerwise,undisclosed,pooled,gain,12,100.0,0.00045775554983146227,False
final_input_token_layerwise,undisclosed,pooled,gain,13,100.0,0.0006818030801515884,False
final_input_token_layerwise,undisclosed,pooled,gain,14,100.0,0.001607152788516993,True
final_input_token_layerwise,undisclosed,pooled,gain,15,100.0,-0.0011487223000485047,False
final_input_token_layerwise,undisclosed,pooled,gain,16,100.0,-0.0002819931587876949,False
final_input_token_layerwise,undisclosed,pooled,gain,17,100.0,-0.00055746647184395,False
final_input_token_layerwise,undisclosed,pooled,gain,18,100.0,-0.0005015608090956081,False
final_input_token_layerwise,undisclosed,pooled,gain,19,100.0,-0.0012583133086361369,False
final_input_token_layerwise,undisclosed,pooled,gain,20,100.0,-0.000717077112904437,False
final_input_token_layerwise,undisclosed,pooled,gain,21,100.0,-0.0020125907446339,False
final_input_token_layerwise,undisclosed,pooled,gain,22,100.0,-0.0016028658303772296,False
final_input_token_layerwise,undisclosed,pooled,gain,23,100.0,-0.002038685254367021,False
final_input_token_layerwise,undisclosed,pooled,gain,24,100.0,-0.0006587992813787136,False
final_input_token_layerwise,undisclosed,pooled,gain,25,100.0,0.0011145753580519464,False
final_input_token_layerwise,undisclosed,pooled,gain,26,100.0,-0.0007749647413597035,False
final_input_token_layerwise,undisclosed,pooled,gain,27,100.0,-0.0021656137462324754,False
final_input_token_layerwise,undisclosed,pooled,gain,28,100.0,-0.002695758067326285,False
final_input_token_layerwise,undisclosed,pooled,gain,29,100.0,-0.002827652696433647,False
final_input_token_layerwise,undisclosed,pooled,gain,30,100.0,-0.0023306797818191207,False
final_input_token_layerwise,undisclosed,pooled,gain,31,100.0,-0.0022848149585247926,False
final_input_token_layerwise,undisclosed,pooled,gain,32,100.0,-0.0021388121788972294,False
final_input_token_layerwise,undisclosed,pooled,gain,33,100.0,-0.0011928726753568837,False
final_input_token_layerwise,undisclosed,pooled,gain,34,100.0,-0.001994998939597139,False
final_input_token_layerwise,undisclosed,pooled,gain,35,100.0,-0.0015074865709437946,False
final_input_token_layerwise,undisclosed,pooled,gain,36,100.0,-0.0008412729386591359,False
final_input_token_layerwise,undisclosed,pooled,response_residual,0,0.0001,-2.7755575615628914e-17,False
final_input_token_layerwise,undisclosed,pooled,response_residual,1,100.0,0.0006263545632876807,True
final_input_token_layerwise,undisclosed,pooled,response_residual,2,100.0,-0.001278775904537538,False
final_input_token_layerwise,undisclosed,pooled,response_residual,3,100.0,-0.002498384565112357,False
final_input_token_layerwise,undisclosed,pooled,response_residual,4,100.0,-0.0031150196770277547,False
final_input_token_layerwise,undisclosed,pooled,response_residual,5,100.0,-0.004600213805381624,False
final_input_token_layerwise,undisclosed,pooled,response_residual,6,100.0,-0.0030249505671351242,False
final_input_token_layerwise,undisclosed,pooled,response_residual,7,100.0,-0.0029807941836538974,False
final_input_token_layerwise,undisclosed,pooled,response_residual,8,100.0,-0.0031856333283640146,False
final_input_token_layerwise,undisclosed,pooled,response_residual,9,100.0,-0.0016901840211240582,False
final_input_token_layerwise,undisclosed,pooled,response_residual,10,100.0,-0.0013005617904533473,False
final_input_token_layerwise,undisclosed,pooled,response_residual,11,100.0,-0.001035420534880871,False
final_input_token_layerwise,undisclosed,pooled,response_residual,12,100.0,-0.0008935150499728428,False
final_input_token_layerwise,undisclosed,pooled,response_residual,13,100.0,-0.0011355378078876839,False
final_input_token_layerwise,undisclosed,pooled,response_residual,14,100.0,-0.00025806235696981816,False
final_input_token_layerwise,undisclosed,pooled,response_residual,15,100.0,-0.0027322043861957115,False
final_input_token_layerwise,undisclosed,pooled,response_residual,16,100.0,-0.002429902840188005,False
final_input_token_layerwise,undisclosed,pooled,response_residual,17,100.0,-0.0028049775506004495,False
final_input_token_layerwise,undisclosed,pooled,response_residual,18,100.0,-0.002378891116884376,False
final_input_token_layerwise,undisclosed,pooled,response_residual,19,100.0,-0.002726181137049144,False
final_input_token_layerwise,undisclosed,pooled,response_residual,20,100.0,-0.0018041372337804784,False
final_input_token_layerwise,undisclosed,pooled,response_residual,21,100.0,-0.0025372849964438358,False
final_input_token_layerwise,undisclosed,pooled,response_residual,22,100.0,-0.0026304482004311605,False
final_input_token_layerwise,undisclosed,pooled,response_residual,23,100.0,-0.0029211299407831035,False
final_input_token_layerwise,undisclosed,pooled,response_residual,24,100.0,-0.0015224248856155753,False
final_input_token_layerwise,undisclosed,pooled,response_residual,25,100.0,-0.00015297915594753944,False
final_input_token_layerwise,undisclosed,pooled,response_residual,26,100.0,-0.0017047890163223352,False
final_input_token_layerwise,undisclosed,pooled,response_residual,27,100.0,-0.002413401351405923,False
final_input_token_layerwise,undisclosed,pooled,response_residual,28,100.0,-0.002824339281835314,False
final_input_token_layerwise,undisclosed,pooled,response_residual,29,100.0,-0.0026687565789253465,False
final_input_token_layerwise,undisclosed,pooled,response_residual,30,100.0,-0.0022119888706233215,False
final_input_token_layerwise,undisclosed,pooled,response_residual,31,100.0,-0.0026636139183426333,False
final_input_token_layerwise,undisclosed,pooled,response_residual,32,100.0,-0.0025412157058377813,False
final_input_token_layerwise,undisclosed,pooled,response_residual,33,100.0,-0.001572564803313516,False
final_input_token_layerwise,undisclosed,pooled,response_residual,34,100.0,-0.00197814058405583,False
final_input_token_layerwise,undisclosed,pooled,response_residual,35,100.0,-0.0016058332290660633,False
final_input_token_layerwise,undisclosed,pooled,response_residual,36,100.0,-0.0009007936255312488,False
mean_embedding,disclosed,k3,gain,0,100.0,-0.0013913271561688534,True
mean_embedding,disclosed,k3,response_residual,0,100.0,-0.0005631617832929925,True
mean_embedding,disclosed,k6,gain,0,100.0,2.3182192100679178e-06,True
mean_embedding,disclosed,k6,response_residual,0,100.0,0.0010143403741074974,True
mean_embedding,disclosed,k9,gain,0,100.0,-0.0006136962012960323,True
mean_embedding,disclosed,k9,response_residual,0,100.0,0.0008360829194849484,True
mean_embedding,disclosed,pooled,gain,0,100.0,-0.009344447098619257,True
mean_embedding,disclosed,pooled,response_residual,0,100.0,-0.0014316584357801736,True
mean_embedding,undisclosed,k3,gain,0,100.0,-0.0016139994741432573,True
mean_embedding,undisclosed,k3,response_residual,0,100.0,-0.0007117376714019241,True
mean_embedding,undisclosed,k6,gain,0,100.0,-0.00015518928574054236,True
mean_embedding,undisclosed,k6,response_residual,0,100.0,0.0009546359781867353,True
mean_embedding,undisclosed,k9,gain,0,100.0,-0.0007582375823377285,True
mean_embedding,undisclosed,k9,response_residual,0,100.0,0.0008050741362203295,True
mean_embedding,undisclosed,pooled,gain,0,100.0,-0.009360224143886467,True
mean_embedding,undisclosed,pooled,response_residual,0,100.0,-0.001452643521669415,True
mean_final_layer,disclosed,k3,gain,0,100.0,-8.686974381533208e-05,True
mean_final_layer,disclosed,k3,response_residual,0,100.0,-0.00025224820145686166,True
mean_final_layer,disclosed,k6,gain,0,3.0,0.0036566293423906104,True
mean_final_layer,disclosed,k6,response_residual,0,100.0,8.659761671053756e-05,True
mean_final_layer,disclosed,k9,gain,0,3.0,0.01343067452481142,True
mean_final_layer,disclosed,k9,response_residual,0,3.0,0.0038709037285367953,True
mean_final_layer,disclosed,pooled,gain,0,100.0,0.002529898038698778,True
mean_final_layer,disclosed,pooled,response_residual,0,100.0,-0.0020150962069515888,True
mean_final_layer,undisclosed,k3,gain,0,100.0,-4.9135677388234544e-06,True
mean_final_layer,undisclosed,k3,response_residual,0,100.0,-0.00020525730820916688,True
mean_final_layer,undisclosed,k6,gain,0,3.0,0.005884603445310693,True
mean_final_layer,undisclosed,k6,response_residual,0,100.0,6.984895897721444e-05,True
mean_final_layer,undisclosed,k9,gain,0,3.0,0.019206572592202986,True
mean_final_layer,undisclosed,k9,response_residual,0,3.0,0.005749491425100173,True
mean_final_layer,undisclosed,pooled,gain,0,100.0,0.0038044599019927037,True
mean_final_layer,undisclosed,pooled,response_residual,0,100.0,-0.001824655643982089,True
