representation,train_disclosure,evidence,target,layer,alpha,cv_macro_development_baseline_r2,selected
final_input_token_layerwise,disclosed,k3,gain,0,0.0001,0.0,False
final_input_token_layerwise,disclosed,k3,gain,1,100.0,0.0006925742790405143,False
final_input_token_layerwise,disclosed,k3,gain,2,100.0,0.0012289260521206047,False
final_input_token_layerwise,disclosed,k3,gain,3,100.0,0.001120581674024318,False
final_input_token_layerwise,disclosed,k3,gain,4,100.0,0.0006705413468297283,False
final_input_token_layerwise,disclosed,k3,gain,5,100.0,0.0004506845571043694,False
final_input_token_layerwise,disclosed,k3,gain,6,100.0,0.000541117073276115,False
final_input_token_layerwise,disclosed,k3,gain,7,3.0,0.002960039662967928,False
final_input_token_layerwise,disclosed,k3,gain,8,3.0,0.013015329332469988,True
final_input_token_layerwise,disclosed,k3,gain,9,3.0,0.011862464157458313,False
final_input_token_layerwise,disclosed,k3,gain,10,3.0,0.011922476191250891,False
final_input_token_layerwise,disclosed,k3,gain,11,3.0,0.00876958398959346,False
final_input_token_layerwise,disclosed,k3,gain,12,3.0,0.005206711406188003,False
final_input_token_layerwise,disclosed,k3,gain,13,3.0,0.0017040058166963301,False
final_input_token_layerwise,disclosed,k3,gain,14,3.0,0.004183165022653562,False
final_input_token_layerwise,disclosed,k3,gain,15,3.0,0.0022312434502399225,False
final_input_token_layerwise,disclosed,k3,gain,16,100.0,0.00035212462755615515,False
final_input_token_layerwise,disclosed,k3,gain,17,100.0,0.0005179926126270273,False
final_input_token_layerwise,disclosed,k3,gain,18,100.0,0.000578320060649673,False
final_input_token_layerwise,disclosed,k3,gain,19,100.0,6.872514227942994e-05,False
final_input_token_layerwise,disclosed,k3,gain,20,100.0,0.0002388827452381448,False
final_input_token_layerwise,disclosed,k3,gain,21,100.0,-0.00019250276967311408,False
final_input_token_layerwise,disclosed,k3,gain,22,100.0,4.397856634824615e-05,False
final_input_token_layerwise,disclosed,k3,gain,23,100.0,-7.233349575189174e-05,False
final_input_token_layerwise,disclosed,k3,gain,24,100.0,2.213586274535384e-05,False
final_input_token_layerwise,disclosed,k3,gain,25,100.0,-0.00013467408818840232,False
final_input_token_layerwise,disclosed,k3,gain,26,100.0,-2.6505199764992327e-06,False
final_input_token_layerwise,disclosed,k3,gain,27,100.0,-0.00025500499329647597,False
final_input_token_layerwise,disclosed,k3,gain,28,100.0,0.00024800837782265606,False
final_input_token_layerwise,disclosed,k3,gain,29,100.0,0.00018057721526212878,False
final_input_token_layerwise,disclosed,k3,gain,30,100.0,-0.0003284936423899043,False
final_input_token_layerwise,disclosed,k3,gain,31,100.0,-0.00038331079561038095,False
final_input_token_layerwise,disclosed,k3,gain,32,100.0,-0.0005889288185845221,False
final_input_token_layerwise,disclosed,k3,gain,33,100.0,-0.000682860112339867,False
final_input_token_layerwise,disclosed,k3,gain,34,100.0,-0.000794498159016277,False
final_input_token_layerwise,disclosed,k3,gain,35,100.0,-0.000866764964665534,False
final_input_token_layerwise,disclosed,k3,gain,36,100.0,-0.0009057423047296731,False
final_input_token_layerwise,disclosed,k3,response_residual,0,0.0001,-2.7755575615628914e-17,False
final_input_token_layerwise,disclosed,k3,response_residual,1,100.0,0.000282786946803143,False
final_input_token_layerwise,disclosed,k3,response_residual,2,100.0,0.0007890252074716775,False
final_input_token_layerwise,disclosed,k3,response_residual,3,100.0,0.0008623829468319688,False
final_input_token_layerwise,disclosed,k3,response_residual,4,100.0,0.0006406745979557205,False
final_input_token_layerwise,disclosed,k3,response_residual,5,100.0,0.0003823527644967184,False
final_input_token_layerwise,disclosed,k3,response_residual,6,100.0,0.000443719653603597,False
final_input_token_layerwise,disclosed,k3,response_residual,7,100.0,0.00038254193249015467,False
final_input_token_layerwise,disclosed,k3,response_residual,8,3.0,0.003571795713146253,True
final_input_token_layerwise,disclosed,k3,response_residual,9,100.0,0.0010925428091801415,False
final_input_token_layerwise,disclosed,k3,response_residual,10,3.0,0.0034863685561543345,False
final_input_token_layerwise,disclosed,k3,response_residual,11,100.0,0.0008171841610195574,False
final_input_token_layerwise,disclosed,k3,response_residual,12,100.0,0.0006302573382052368,False
final_input_token_layerwise,disclosed,k3,response_residual,13,100.0,0.0005619353171112951,False
final_input_token_layerwise,disclosed,k3,response_residual,14,100.0,0.0004855703934394384,False
final_input_token_layerwise,disclosed,k3,response_residual,15,100.0,0.0003444457094523845,False
final_input_token_layerwise,disclosed,k3,response_residual,16,100.0,0.0001461023584399812,False
final_input_token_layerwise,disclosed,k3,response_residual,17,100.0,0.0001753351251138624,False
final_input_token_layerwise,disclosed,k3,response_residual,18,100.0,0.0001963968848656128,False
final_input_token_layerwise,disclosed,k3,response_residual,19,100.0,-0.00020286935282329277,False
final_input_token_layerwise,disclosed,k3,response_residual,20,100.0,0.00010034507437428619,False
final_input_token_layerwise,disclosed,k3,response_residual,21,100.0,-5.473696640184711e-05,False
final_input_token_layerwise,disclosed,k3,response_residual,22,100.0,0.0001939202515459093,False
final_input_token_layerwise,disclosed,k3,response_residual,23,100.0,0.00032512035684470475,False
final_input_token_layerwise,disclosed,k3,response_residual,24,100.0,0.0004610212598927521,False
final_input_token_layerwise,disclosed,k3,response_residual,25,100.0,0.00039942251352839686,False
final_input_token_layerwise,disclosed,k3,response_residual,26,100.0,0.00047918939858040965,False
final_input_token_layerwise,disclosed,k3,response_residual,27,100.0,0.00031110635332076697,False
final_input_token_layerwise,disclosed,k3,response_residual,28,100.0,0.0007026895195733629,False
final_input_token_layerwise,disclosed,k3,response_residual,29,100.0,0.0008057838853071653,False
final_input_token_layerwise,disclosed,k3,response_residual,30,100.0,0.0003450160474997299,False
final_input_token_layerwise,disclosed,k3,response_residual,31,100.0,0.0005103686633974869,False
final_input_token_layerwise,disclosed,k3,response_residual,32,100.0,0.0002645452685921257,False
final_input_token_layerwise,disclosed,k3,response_residual,33,100.0,0.00022702707752156326,False
final_input_token_layerwise,disclosed,k3,response_residual,34,100.0,0.00030822489798812414,False
final_input_token_layerwise,disclosed,k3,response_residual,35,100.0,0.000259501651240418,False
final_input_token_layerwise,disclosed,k3,response_residual,36,100.0,0.0002701041653202507,False
final_input_token_layerwise,disclosed,k3,last_target_observation,0,0.0001,-8.326672684688674e-17,False
final_input_token_layerwise,disclosed,k3,last_target_observation,1,0.1,0.059179410231406465,False
final_input_token_layerwise,disclosed,k3,last_target_observation,2,100.0,0.00018618404979234282,False
final_input_token_layerwise,disclosed,k3,last_target_observation,3,3.0,0.0078758847259707,False
final_input_token_layerwise,disclosed,k3,last_target_observation,4,100.0,0.00069697921241757,False
final_input_token_layerwise,disclosed,k3,last_target_observation,5,100.0,0.0006535792750380909,False
final_input_token_layerwise,disclosed,k3,last_target_observation,6,3.0,0.0025194336640096404,False
final_input_token_layerwise,disclosed,k3,last_target_observation,7,100.0,0.0007470101669466989,False
final_input_token_layerwise,disclosed,k3,last_target_observation,8,100.0,0.0008784825594920498,False
final_input_token_layerwise,disclosed,k3,last_target_observation,9,100.0,0.0011082765337737943,False
final_input_token_layerwise,disclosed,k3,last_target_observation,10,3.0,0.0018167443737058808,False
final_input_token_layerwise,disclosed,k3,last_target_observation,11,3.0,0.0016103246697971862,False
final_input_token_layerwise,disclosed,k3,last_target_observation,12,100.0,0.0005123327823625956,False
final_input_token_layerwise,disclosed,k3,last_target_observation,13,100.0,0.00017773885815816626,False
final_input_token_layerwise,disclosed,k3,last_target_observation,14,100.0,0.00015960798707484458,False
final_input_token_layerwise,disclosed,k3,last_target_observation,15,100.0,0.0002479332291933367,False
final_input_token_layerwise,disclosed,k3,last_target_observation,16,100.0,-2.9282350229226095e-05,False
final_input_token_layerwise,disclosed,k3,last_target_observation,17,100.0,-7.510502256466434e-05,False
final_input_token_layerwise,disclosed,k3,last_target_observation,18,100.0,0.0005195141089953947,False
final_input_token_layerwise,disclosed,k3,last_target_observation,19,100.0,0.0005065034686923542,False
final_input_token_layerwise,disclosed,k3,last_target_observation,20,100.0,-8.393056785352404e-05,False
final_input_token_layerwise,disclosed,k3,last_target_observation,21,3.0,0.2057020303772299,True
final_input_token_layerwise,disclosed,k3,last_target_observation,22,3.0,0.19444668155162428,False
final_input_token_layerwise,disclosed,k3,last_target_observation,23,3.0,0.18577560217221067,False
final_input_token_layerwise,disclosed,k3,last_target_observation,24,3.0,0.1957758007213284,False
final_input_token_layerwise,disclosed,k3,last_target_observation,25,3.0,0.187965058365688,False
final_input_token_layerwise,disclosed,k3,last_target_observation,26,3.0,0.17648661241834712,False
final_input_token_layerwise,disclosed,k3,last_target_observation,27,3.0,0.1674352139525352,False
final_input_token_layerwise,disclosed,k3,last_target_observation,28,3.0,0.1699174633103426,False
final_input_token_layerwise,disclosed,k3,last_target_observation,29,3.0,0.16440132051816733,False
final_input_token_layerwise,disclosed,k3,last_target_observation,30,3.0,0.15025212665830523,False
final_input_token_layerwise,disclosed,k3,last_target_observation,31,3.0,0.14292166434150363,False
final_input_token_layerwise,disclosed,k3,last_target_observation,32,3.0,0.13146554747774522,False
final_input_token_layerwise,disclosed,k3,last_target_observation,33,3.0,0.12446177413853973,False
final_input_token_layerwise,disclosed,k3,last_target_observation,34,3.0,0.1174703174332794,False
final_input_token_layerwise,disclosed,k3,last_target_observation,35,3.0,0.10218481249028885,False
final_input_token_layerwise,disclosed,k3,last_target_observation,36,3.0,0.09749789859399627,False
final_input_token_layerwise,disclosed,k3,target_observation_mean,0,0.0001,5.551115123125783e-17,False
final_input_token_layerwise,disclosed,k3,target_observation_mean,1,3.0,0.05109442601866146,False
final_input_token_layerwise,disclosed,k3,target_observation_mean,2,3.0,0.014090253643066764,False
final_input_token_layerwise,disclosed,k3,target_observation_mean,3,3.0,0.020371377221498982,False
final_input_token_layerwise,disclosed,k3,target_observation_mean,4,3.0,0.010104654360614113,False
final_input_token_layerwise,disclosed,k3,target_observation_mean,5,3.0,0.008646126875671595,False
final_input_token_layerwise,disclosed,k3,target_observation_mean,6,3.0,0.003530547070646206,False
final_input_token_layerwise,disclosed,k3,target_observation_mean,7,100.0,0.0005362575334603159,False
final_input_token_layerwise,disclosed,k3,target_observation_mean,8,100.0,0.0009888961434886823,False
final_input_token_layerwise,disclosed,k3,target_observation_mean,9,3.0,0.0037081029404955057,False
final_input_token_layerwise,disclosed,k3,target_observation_mean,10,3.0,0.013503808880212076,False
final_input_token_layerwise,disclosed,k3,target_observation_mean,11,3.0,0.01674897952677873,False
final_input_token_layerwise,disclosed,k3,target_observation_mean,12,3.0,0.012493952308535228,False
final_input_token_layerwise,disclosed,k3,target_observation_mean,13,3.0,0.015833558449115298,False
final_input_token_layerwise,disclosed,k3,target_observation_mean,14,3.0,0.011907678323451187,False
final_input_token_layerwise,disclosed,k3,target_observation_mean,15,100.0,0.0013038487402900478,False
final_input_token_layerwise,disclosed,k3,target_observation_mean,16,100.0,0.001330038696831376,False
final_input_token_layerwise,disclosed,k3,target_observation_mean,17,3.0,0.018762821996360757,False
final_input_token_layerwise,disclosed,k3,target_observation_mean,18,3.0,0.035641366624629606,False
final_input_token_layerwise,disclosed,k3,target_observation_mean,19,3.0,0.046595503508457925,False
final_input_token_layerwise,disclosed,k3,target_observation_mean,20,3.0,0.05312042229643005,False
final_input_token_layerwise,disclosed,k3,target_observation_mean,21,3.0,0.20448834808780839,True
final_input_token_layerwise,disclosed,k3,target_observation_mean,22,3.0,0.20092886824767983,False
final_input_token_layerwise,disclosed,k3,target_observation_mean,23,3.0,0.1875529952373189,False
final_input_token_layerwise,disclosed,k3,target_observation_mean,24,3.0,0.19287828954632358,False
final_input_token_layerwise,disclosed,k3,target_observation_mean,25,3.0,0.17444365139594825,False
final_input_token_layerwise,disclosed,k3,target_observation_mean,26,3.0,0.17447535096112834,False
final_input_token_layerwise,disclosed,k3,target_observation_mean,27,3.0,0.16019370438647382,False
final_input_token_layerwise,disclosed,k3,target_observation_mean,28,3.0,0.15016258562906717,False
final_input_token_layerwise,disclosed,k3,target_observation_mean,29,3.0,0.14293617438149522,False
final_input_token_layerwise,disclosed,k3,target_observation_mean,30,3.0,0.1364675292654842,False
final_input_token_layerwise,disclosed,k3,target_observation_mean,31,3.0,0.1351368733856976,False
final_input_token_layerwise,disclosed,k3,target_observation_mean,32,3.0,0.13335899952539557,False
final_input_token_layerwise,disclosed,k3,target_observation_mean,33,3.0,0.1272739576836387,False
final_input_token_layerwise,disclosed,k3,target_observation_mean,34,3.0,0.1337736485197525,False
final_input_token_layerwise,disclosed,k3,target_observation_mean,35,3.0,0.12756567717666245,False
final_input_token_layerwise,disclosed,k3,target_observation_mean,36,3.0,0.13095012526168615,False
final_input_token_layerwise,disclosed,k3,target_time_slope,0,0.0001,0.0,False
final_input_token_layerwise,disclosed,k3,target_time_slope,1,100.0,-0.0006471968710233256,False
final_input_token_layerwise,disclosed,k3,target_time_slope,2,100.0,-0.003944672348261236,False
final_input_token_layerwise,disclosed,k3,target_time_slope,3,100.0,-0.002431956499850063,False
final_input_token_layerwise,disclosed,k3,target_time_slope,4,100.0,-0.0013223765813905608,False
final_input_token_layerwise,disclosed,k3,target_time_slope,5,100.0,-0.0008877393302192393,False
final_input_token_layerwise,disclosed,k3,target_time_slope,6,100.0,-0.0007435379639947892,False
final_input_token_layerwise,disclosed,k3,target_time_slope,7,100.0,-0.0007011642948820673,False
final_input_token_layerwise,disclosed,k3,target_time_slope,8,100.0,-0.0007075297526664692,False
final_input_token_layerwise,disclosed,k3,target_time_slope,9,100.0,-0.0006857875493112287,False
final_input_token_layerwise,disclosed,k3,target_time_slope,10,100.0,-0.00019747267941724878,False
final_input_token_layerwise,disclosed,k3,target_time_slope,11,100.0,-2.8662970147225186e-05,False
final_input_token_layerwise,disclosed,k3,target_time_slope,12,100.0,-0.00027892951313260306,False
final_input_token_layerwise,disclosed,k3,target_time_slope,13,100.0,-0.0007769069740981016,False
final_input_token_layerwise,disclosed,k3,target_time_slope,14,100.0,-0.0006259385836152598,False
final_input_token_layerwise,disclosed,k3,target_time_slope,15,100.0,-0.0006410111545788189,False
final_input_token_layerwise,disclosed,k3,target_time_slope,16,100.0,-0.0010698445134916246,False
final_input_token_layerwise,disclosed,k3,target_time_slope,17,100.0,-0.0012838467312532853,False
final_input_token_layerwise,disclosed,k3,target_time_slope,18,100.0,-0.0005999575545265756,False
final_input_token_layerwise,disclosed,k3,target_time_slope,19,100.0,-0.001025172811986108,False
final_input_token_layerwise,disclosed,k3,target_time_slope,20,100.0,-0.0013930046094612347,False
final_input_token_layerwise,disclosed,k3,target_time_slope,21,3.0,0.06255532222257423,True
final_input_token_layerwise,disclosed,k3,target_time_slope,22,3.0,0.05641103359752031,False
final_input_token_layerwise,disclosed,k3,target_time_slope,23,3.0,0.05088801948681082,False
final_input_token_layerwise,disclosed,k3,target_time_slope,24,3.0,0.052193038909576994,False
final_input_token_layerwise,disclosed,k3,target_time_slope,25,3.0,0.0484325871613126,False
final_input_token_layerwise,disclosed,k3,target_time_slope,26,3.0,0.0399332902975954,False
final_input_token_layerwise,disclosed,k3,target_time_slope,27,3.0,0.035392947287923165,False
final_input_token_layerwise,disclosed,k3,target_time_slope,28,3.0,0.039765374091931316,False
final_input_token_layerwise,disclosed,k3,target_time_slope,29,3.0,0.04034261323038815,False
final_input_token_layerwise,disclosed,k3,target_time_slope,30,3.0,0.02137776044710385,False
final_input_token_layerwise,disclosed,k3,target_time_slope,31,3.0,0.018486428120161547,False
final_input_token_layerwise,disclosed,k3,target_time_slope,32,3.0,0.012804607155212283,False
final_input_token_layerwise,disclosed,k3,target_time_slope,33,3.0,0.008729307905338768,False
final_input_token_layerwise,disclosed,k3,target_time_slope,34,3.0,0.0022384458387501305,False
final_input_token_layerwise,disclosed,k3,target_time_slope,35,100.0,-0.0006379805385363924,False
final_input_token_layerwise,disclosed,k3,target_time_slope,36,100.0,-0.0005794349523101927,False
final_input_token_layerwise,disclosed,k3,displayed_driver_outcome_slope,0,0.0001,5.551115123125783e-17,False
final_input_token_layerwise,disclosed,k3,displayed_driver_outcome_slope,1,100.0,-0.0012473442845991334,False
final_input_token_layerwise,disclosed,k3,displayed_driver_outcome_slope,2,3.0,0.03448916114663622,False
final_input_token_layerwise,disclosed,k3,displayed_driver_outcome_slope,3,3.0,0.0335353632208909,False
final_input_token_layerwise,disclosed,k3,displayed_driver_outcome_slope,4,3.0,0.03196550920168545,False
final_input_token_layerwise,disclosed,k3,displayed_driver_outcome_slope,5,3.0,0.04325073903605195,False
final_input_token_layerwise,disclosed,k3,displayed_driver_outcome_slope,6,3.0,0.03970198320096979,False
final_input_token_layerwise,disclosed,k3,displayed_driver_outcome_slope,7,3.0,0.031934176945868864,False
final_input_token_layerwise,disclosed,k3,displayed_driver_outcome_slope,8,3.0,0.027019662839970204,False
final_input_token_layerwise,disclosed,k3,displayed_driver_outcome_slope,9,3.0,0.04426812536647695,False
final_input_token_layerwise,disclosed,k3,displayed_driver_outcome_slope,10,3.0,0.0409502267290327,False
final_input_token_layerwise,disclosed,k3,displayed_driver_outcome_slope,11,3.0,0.047131901061733816,False
final_input_token_layerwise,disclosed,k3,displayed_driver_outcome_slope,12,3.0,0.04530152682806604,False
final_input_token_layerwise,disclosed,k3,displayed_driver_outcome_slope,13,3.0,0.04575684544664746,False
final_input_token_layerwise,disclosed,k3,displayed_driver_outcome_slope,14,3.0,0.04202115176360871,False
final_input_token_layerwise,disclosed,k3,displayed_driver_outcome_slope,15,3.0,0.041480169360843894,False
final_input_token_layerwise,disclosed,k3,displayed_driver_outcome_slope,16,3.0,0.03920558340992991,False
final_input_token_layerwise,disclosed,k3,displayed_driver_outcome_slope,17,3.0,0.03188037215500117,False
final_input_token_layerwise,disclosed,k3,displayed_driver_outcome_slope,18,3.0,0.04268588617040936,False
final_input_token_layerwise,disclosed,k3,displayed_driver_outcome_slope,19,3.0,0.054803602693720394,True
final_input_token_layerwise,disclosed,k3,displayed_driver_outcome_slope,20,3.0,0.05140644566422459,False
final_input_token_layerwise,disclosed,k3,displayed_driver_outcome_slope,21,3.0,0.04947753507282865,False
final_input_token_layerwise,disclosed,k3,displayed_driver_outcome_slope,22,3.0,0.04260552988614014,False
final_input_token_layerwise,disclosed,k3,displayed_driver_outcome_slope,23,3.0,0.0421713472240437,False
final_input_token_layerwise,disclosed,k3,displayed_driver_outcome_slope,24,3.0,0.04203485673308338,False
final_input_token_layerwise,disclosed,k3,displayed_driver_outcome_slope,25,3.0,0.04728419209187368,False
final_input_token_layerwise,disclosed,k3,displayed_driver_outcome_slope,26,3.0,0.03839664906763321,False
final_input_token_layerwise,disclosed,k3,displayed_driver_outcome_slope,27,3.0,0.04414400917507999,False
final_input_token_layerwise,disclosed,k3,displayed_driver_outcome_slope,28,3.0,0.03946086023555945,False
final_input_token_layerwise,disclosed,k3,displayed_driver_outcome_slope,29,3.0,0.03367698852518092,False
final_input_token_layerwise,disclosed,k3,displayed_driver_outcome_slope,30,3.0,0.02907592583914198,False
final_input_token_layerwise,disclosed,k3,displayed_driver_outcome_slope,31,3.0,0.023517341555250093,False
final_input_token_layerwise,disclosed,k3,displayed_driver_outcome_slope,32,3.0,0.030922318394149245,False
final_input_token_layerwise,disclosed,k3,displayed_driver_outcome_slope,33,3.0,0.033453031863584615,False
final_input_token_layerwise,disclosed,k3,displayed_driver_outcome_slope,34,3.0,0.035575562336107536,False
final_input_token_layerwise,disclosed,k3,displayed_driver_outcome_slope,35,3.0,0.032873527493969656,False
final_input_token_layerwise,disclosed,k3,displayed_driver_outcome_slope,36,3.0,0.035024907336552946,False
final_input_token_layerwise,disclosed,k3,oracle_posterior_gain,0,0.0001,0.0,False
final_input_token_layerwise,disclosed,k3,oracle_posterior_gain,1,100.0,-0.00011797871548488437,False
final_input_token_layerwise,disclosed,k3,oracle_posterior_gain,2,100.0,-0.0031656790604540908,False
final_input_token_layerwise,disclosed,k3,oracle_posterior_gain,3,100.0,-0.0024279514712921,False
final_input_token_layerwise,disclosed,k3,oracle_posterior_gain,4,100.0,-0.001561762593985827,False
final_input_token_layerwise,disclosed,k3,oracle_posterior_gain,5,100.0,-0.0013451528361828335,False
final_input_token_layerwise,disclosed,k3,oracle_posterior_gain,6,100.0,-0.0009548576000908415,False
final_input_token_layerwise,disclosed,k3,oracle_posterior_gain,7,100.0,-0.0009287407752802679,False
final_input_token_layerwise,disclosed,k3,oracle_posterior_gain,8,100.0,-7.958925986120691e-05,False
final_input_token_layerwise,disclosed,k3,oracle_posterior_gain,9,3.0,0.005510335711300163,False
final_input_token_layerwise,disclosed,k3,oracle_posterior_gain,10,3.0,0.0036902856420175656,False
final_input_token_layerwise,disclosed,k3,oracle_posterior_gain,11,3.0,0.00925523485127322,False
final_input_token_layerwise,disclosed,k3,oracle_posterior_gain,12,3.0,0.006778365016958221,False
final_input_token_layerwise,disclosed,k3,oracle_posterior_gain,13,3.0,0.016011781536459546,False
final_input_token_layerwise,disclosed,k3,oracle_posterior_gain,14,3.0,0.016912369226191354,True
final_input_token_layerwise,disclosed,k3,oracle_posterior_gain,15,3.0,0.005209652360846556,False
final_input_token_layerwise,disclosed,k3,oracle_posterior_gain,16,100.0,0.00021783087699889236,False
final_input_token_layerwise,disclosed,k3,oracle_posterior_gain,17,100.0,-9.758492751790748e-05,False
final_input_token_layerwise,disclosed,k3,oracle_posterior_gain,18,100.0,-0.00014183064824246916,False
final_input_token_layerwise,disclosed,k3,oracle_posterior_gain,19,100.0,-0.0007259051399532701,False
final_input_token_layerwise,disclosed,k3,oracle_posterior_gain,20,100.0,-0.00048701070526216417,False
final_input_token_layerwise,disclosed,k3,oracle_posterior_gain,21,100.0,-0.0007917833113129658,False
final_input_token_layerwise,disclosed,k3,oracle_posterior_gain,22,100.0,-0.0010200353587937472,False
final_input_token_layerwise,disclosed,k3,oracle_posterior_gain,23,100.0,-0.0007762650637350155,False
final_input_token_layerwise,disclosed,k3,oracle_posterior_gain,24,100.0,-0.0003789621194821846,False
final_input_token_layerwise,disclosed,k3,oracle_posterior_gain,25,100.0,-0.00030716882537210055,False
final_input_token_layerwise,disclosed,k3,oracle_posterior_gain,26,100.0,-0.00047453648570766616,False
final_input_token_layerwise,disclosed,k3,oracle_posterior_gain,27,100.0,-0.00042784774865758934,False
final_input_token_layerwise,disclosed,k3,oracle_posterior_gain,28,100.0,-0.0004242224749391177,False
final_input_token_layerwise,disclosed,k3,oracle_posterior_gain,29,3.0,0.00020014041140928307,False
final_input_token_layerwise,disclosed,k3,oracle_posterior_gain,30,100.0,-0.0008947084219768087,False
final_input_token_layerwise,disclosed,k3,oracle_posterior_gain,31,100.0,-0.0005752174091588624,False
final_input_token_layerwise,disclosed,k3,oracle_posterior_gain,32,100.0,-0.0007559688602269687,False
final_input_token_layerwise,disclosed,k3,oracle_posterior_gain,33,100.0,-0.0007985297651265655,False
final_input_token_layerwise,disclosed,k3,oracle_posterior_gain,34,100.0,-0.0004835948359711295,False
final_input_token_layerwise,disclosed,k3,oracle_posterior_gain,35,100.0,-0.0003905425585501443,False
final_input_token_layerwise,disclosed,k3,oracle_posterior_gain,36,100.0,-0.0005673969455449457,False
final_input_token_layerwise,disclosed,k6,gain,0,0.0001,0.0,False
final_input_token_layerwise,disclosed,k6,gain,1,3.0,0.016777391409113662,False
final_input_token_layerwise,disclosed,k6,gain,2,100.0,-0.0010925638891441103,False
final_input_token_layerwise,disclosed,k6,gain,3,100.0,-0.0009700612701335487,False
final_input_token_layerwise,disclosed,k6,gain,4,100.0,-0.001049063073706502,False
final_input_token_layerwise,disclosed,k6,gain,5,100.0,-0.0009083336208128567,False
final_input_token_layerwise,disclosed,k6,gain,6,100.0,-0.0008747823760988094,False
final_input_token_layerwise,disclosed,k6,gain,7,100.0,-0.0007415717157691903,False
final_input_token_layerwise,disclosed,k6,gain,8,100.0,-0.0007301795119447063,False
final_input_token_layerwise,disclosed,k6,gain,9,100.0,-0.0007401799016257815,False
final_input_token_layerwise,disclosed,k6,gain,10,100.0,-0.0009140649799970202,False
final_input_token_layerwise,disclosed,k6,gain,11,100.0,-0.0008798245713176056,False
final_input_token_layerwise,disclosed,k6,gain,12,100.0,-0.000678934143815979,False
final_input_token_layerwise,disclosed,k6,gain,13,100.0,-0.0002916938337289565,False
final_input_token_layerwise,disclosed,k6,gain,14,100.0,-0.0007547526874055466,False
final_input_token_layerwise,disclosed,k6,gain,15,100.0,-0.00040495368824566835,False
final_input_token_layerwise,disclosed,k6,gain,16,100.0,-0.0004534072711771253,False
final_input_token_layerwise,disclosed,k6,gain,17,100.0,-0.0005693347841607133,False
final_input_token_layerwise,disclosed,k6,gain,18,100.0,-0.0006957847495223657,False
final_input_token_layerwise,disclosed,k6,gain,19,100.0,-0.0006257691452933034,False
final_input_token_layerwise,disclosed,k6,gain,20,100.0,-0.0006391277487094171,False
final_input_token_layerwise,disclosed,k6,gain,21,100.0,-0.00036628476281622135,False
final_input_token_layerwise,disclosed,k6,gain,22,100.0,-0.00022818809941738127,False
final_input_token_layerwise,disclosed,k6,gain,23,100.0,-0.0002320864183514848,False
final_input_token_layerwise,disclosed,k6,gain,24,3.0,0.0025733916961219183,False
final_input_token_layerwise,disclosed,k6,gain,25,3.0,0.00617376456685112,False
final_input_token_layerwise,disclosed,k6,gain,26,3.0,0.0072807257982059614,False
final_input_token_layerwise,disclosed,k6,gain,27,3.0,0.015211319384157485,False
final_input_token_layerwise,disclosed,k6,gain,28,3.0,0.014170470340838848,False
final_input_token_layerwise,disclosed,k6,gain,29,3.0,0.01922508448430349,False
final_input_token_layerwise,disclosed,k6,gain,30,3.0,0.013297651750064532,False
final_input_token_layerwise,disclosed,k6,gain,31,3.0,0.01163183943959245,False
final_input_token_layerwise,disclosed,k6,gain,32,3.0,0.015441967778852095,False
final_input_token_layerwise,disclosed,k6,gain,33,3.0,0.02000021363061527,True
final_input_token_layerwise,disclosed,k6,gain,34,3.0,0.018234334081571324,False
final_input_token_layerwise,disclosed,k6,gain,35,3.0,0.018694940759060058,False
final_input_token_layerwise,disclosed,k6,gain,36,3.0,0.016538734365234037,False
final_input_token_layerwise,disclosed,k6,response_residual,0,0.0001,-2.7755575615628914e-17,False
final_input_token_layerwise,disclosed,k6,response_residual,1,3.0,0.00825486865824665,True
final_input_token_layerwise,disclosed,k6,response_residual,2,100.0,-0.001181198509263126,False
final_input_token_layerwise,disclosed,k6,response_residual,3,100.0,-0.0011055005087501901,False
final_input_token_layerwise,disclosed,k6,response_residual,4,100.0,-0.0012421767089988989,False
final_input_token_layerwise,disclosed,k6,response_residual,5,100.0,-0.001199955317857715,False
final_input_token_layerwise,disclosed,k6,response_residual,6,100.0,-0.0010834285997730897,False
final_input_token_layerwise,disclosed,k6,response_residual,7,100.0,-0.0007751576209326649,False
final_input_token_layerwise,disclosed,k6,response_residual,8,100.0,-0.0008205253963133319,False
final_input_token_layerwise,disclosed,k6,response_residual,9,100.0,-0.0008059281178214028,False
final_input_token_layerwise,disclosed,k6,response_residual,10,100.0,-0.0011251944812048498,False
final_input_token_layerwise,disclosed,k6,response_residual,11,100.0,-0.0011135135600062462,False
final_input_token_layerwise,disclosed,k6,response_residual,12,100.0,-0.0009211247962045144,False
final_input_token_layerwise,disclosed,k6,response_residual,13,100.0,-0.0005868830500481148,False
final_input_token_layerwise,disclosed,k6,response_residual,14,100.0,-0.0009765838114031977,False
final_input_token_layerwise,disclosed,k6,response_residual,15,100.0,-0.0005345572190350034,False
final_input_token_layerwise,disclosed,k6,response_residual,16,100.0,-0.0006324494419508164,False
final_input_token_layerwise,disclosed,k6,response_residual,17,100.0,-0.0006270724026281593,False
final_input_token_layerwise,disclosed,k6,response_residual,18,100.0,-0.0008009882706317972,False
final_input_token_layerwise,disclosed,k6,response_residual,19,100.0,-0.0006373054350441165,False
final_input_token_layerwise,disclosed,k6,response_residual,20,100.0,-0.0006510149221513328,False
final_input_token_layerwise,disclosed,k6,response_residual,21,100.0,-0.0003197078028924494,False
final_input_token_layerwise,disclosed,k6,response_residual,22,100.0,-0.00033303373651066837,False
final_input_token_layerwise,disclosed,k6,response_residual,23,100.0,-0.0003025223923130427,False
final_input_token_layerwise,disclosed,k6,response_residual,24,100.0,-0.00010246711426215027,False
final_input_token_layerwise,disclosed,k6,response_residual,25,100.0,-0.00011942411943027809,False
final_input_token_layerwise,disclosed,k6,response_residual,26,100.0,-0.0002945987066240996,False
final_input_token_layerwise,disclosed,k6,response_residual,27,100.0,0.00011319386633118489,False
final_input_token_layerwise,disclosed,k6,response_residual,28,100.0,9.159592159060925e-05,False
final_input_token_layerwise,disclosed,k6,response_residual,29,100.0,0.00031795321913236085,False
final_input_token_layerwise,disclosed,k6,response_residual,30,100.0,0.00017685584097554274,False
final_input_token_layerwise,disclosed,k6,response_residual,31,100.0,-8.303637399870167e-06,False
final_input_token_layerwise,disclosed,k6,response_residual,32,100.0,1.051031443285999e-05,False
final_input_token_layerwise,disclosed,k6,response_residual,33,3.0,0.002546321728736034,False
final_input_token_layerwise,disclosed,k6,response_residual,34,3.0,0.0013293389917372334,False
final_input_token_layerwise,disclosed,k6,response_residual,35,3.0,0.0040475564970874345,False
final_input_token_layerwise,disclosed,k6,response_residual,36,3.0,0.0029669669028337675,False
final_input_token_layerwise,disclosed,k6,last_target_observation,0,0.0001,-2.7755575615628914e-17,False
final_input_token_layerwise,disclosed,k6,last_target_observation,1,100.0,-0.001918596822636065,False
final_input_token_layerwise,disclosed,k6,last_target_observation,2,100.0,0.00020614268892474308,False
final_input_token_layerwise,disclosed,k6,last_target_observation,3,100.0,-7.847476005112819e-05,False
final_input_token_layerwise,disclosed,k6,last_target_observation,4,100.0,-6.092353098230419e-06,False
final_input_token_layerwise,disclosed,k6,last_target_observation,5,100.0,1.4361921017697066e-05,False
final_input_token_layerwise,disclosed,k6,last_target_observation,6,100.0,0.00011184449340001512,False
final_input_token_layerwise,disclosed,k6,last_target_observation,7,100.0,4.973792306872671e-05,False
final_input_token_layerwise,disclosed,k6,last_target_observation,8,100.0,-0.00017844886121370918,False
final_input_token_layerwise,disclosed,k6,last_target_observation,9,100.0,0.00017977529937104886,False
final_input_token_layerwise,disclosed,k6,last_target_observation,10,100.0,4.249847768500459e-05,False
final_input_token_layerwise,disclosed,k6,last_target_observation,11,100.0,-4.508915474443764e-05,False
final_input_token_layerwise,disclosed,k6,last_target_observation,12,100.0,-1.0294906194835418e-05,False
final_input_token_layerwise,disclosed,k6,last_target_observation,13,100.0,-0.00025135912866100507,False
final_input_token_layerwise,disclosed,k6,last_target_observation,14,100.0,-0.0003262693619316692,False
final_input_token_layerwise,disclosed,k6,last_target_observation,15,100.0,0.0002989308826339132,False
final_input_token_layerwise,disclosed,k6,last_target_observation,16,100.0,-0.00015183531672544048,False
final_input_token_layerwise,disclosed,k6,last_target_observation,17,100.0,-1.0533799512352227e-05,False
final_input_token_layerwise,disclosed,k6,last_target_observation,18,100.0,0.00037130415898989355,True
final_input_token_layerwise,disclosed,k6,last_target_observation,19,100.0,0.000176377035482983,False
final_input_token_layerwise,disclosed,k6,last_target_observation,20,100.0,-0.0001084796169198432,False
final_input_token_layerwise,disclosed,k6,last_target_observation,21,100.0,-7.390121372299885e-05,False
final_input_token_layerwise,disclosed,k6,last_target_observation,22,100.0,-0.0003814737305733451,False
final_input_token_layerwise,disclosed,k6,last_target_observation,23,100.0,9.444232823099807e-05,False
final_input_token_layerwise,disclosed,k6,last_target_observation,24,100.0,-0.0007510433433868535,False
final_input_token_layerwise,disclosed,k6,last_target_observation,25,100.0,-0.0005838598784445592,False
final_input_token_layerwise,disclosed,k6,last_target_observation,26,100.0,-0.0008166974365803881,False
final_input_token_layerwise,disclosed,k6,last_target_observation,27,100.0,-0.0009039303250977515,False
final_input_token_layerwise,disclosed,k6,last_target_observation,28,100.0,-0.0007461397322214014,False
final_input_token_layerwise,disclosed,k6,last_target_observation,29,100.0,-0.0008540503624892004,False
final_input_token_layerwise,disclosed,k6,last_target_observation,30,100.0,-0.0008057380963478467,False
final_input_token_layerwise,disclosed,k6,last_target_observation,31,100.0,-0.0006511358721685845,False
final_input_token_layerwise,disclosed,k6,last_target_observation,32,100.0,-0.0008447775050478556,False
final_input_token_layerwise,disclosed,k6,last_target_observation,33,100.0,-0.000969540580705891,False
final_input_token_layerwise,disclosed,k6,last_target_observation,34,100.0,-0.0005324999007748632,False
final_input_token_layerwise,disclosed,k6,last_target_observation,35,100.0,-8.001986679551099e-05,False
final_input_token_layerwise,disclosed,k6,last_target_observation,36,100.0,-0.0002124383831504928,False
final_input_token_layerwise,disclosed,k6,target_observation_mean,0,0.0001,2.7755575615628914e-17,False
final_input_token_layerwise,disclosed,k6,target_observation_mean,1,100.0,-0.0004491358050253691,False
final_input_token_layerwise,disclosed,k6,target_observation_mean,2,3.0,0.008445957962607858,False
final_input_token_layerwise,disclosed,k6,target_observation_mean,3,3.0,0.011207359633488734,False
final_input_token_layerwise,disclosed,k6,target_observation_mean,4,3.0,0.0046945018573282815,False
final_input_token_layerwise,disclosed,k6,target_observation_mean,5,3.0,0.0024505494134934303,False
final_input_token_layerwise,disclosed,k6,target_observation_mean,6,3.0,0.0027314112797247603,False
final_input_token_layerwise,disclosed,k6,target_observation_mean,7,3.0,0.004707324371728827,False
final_input_token_layerwise,disclosed,k6,target_observation_mean,8,3.0,0.005832379880170879,False
final_input_token_layerwise,disclosed,k6,target_observation_mean,9,3.0,0.01604122787878337,False
final_input_token_layerwise,disclosed,k6,target_observation_mean,10,3.0,0.012850410310027954,False
final_input_token_layerwise,disclosed,k6,target_observation_mean,11,3.0,0.018032267681874464,False
final_input_token_layerwise,disclosed,k6,target_observation_mean,12,3.0,0.0204319930107342,False
final_input_token_layerwise,disclosed,k6,target_observation_mean,13,3.0,0.01543733268996661,False
final_input_token_layerwise,disclosed,k6,target_observation_mean,14,3.0,0.007213803068639002,False
final_input_token_layerwise,disclosed,k6,target_observation_mean,15,100.0,-1.7506510450376878e-05,False
final_input_token_layerwise,disclosed,k6,target_observation_mean,16,100.0,-0.0003574695876762679,False
final_input_token_layerwise,disclosed,k6,target_observation_mean,17,100.0,-0.00014293600441853127,False
final_input_token_layerwise,disclosed,k6,target_observation_mean,18,3.0,0.007835891072096396,False
final_input_token_layerwise,disclosed,k6,target_observation_mean,19,3.0,0.013095926879625935,False
final_input_token_layerwise,disclosed,k6,target_observation_mean,20,3.0,0.01843175219977289,False
final_input_token_layerwise,disclosed,k6,target_observation_mean,21,3.0,0.08176058918066181,True
final_input_token_layerwise,disclosed,k6,target_observation_mean,22,3.0,0.07279043599305904,False
final_input_token_layerwise,disclosed,k6,target_observation_mean,23,3.0,0.06738758080492327,False
final_input_token_layerwise,disclosed,k6,target_observation_mean,24,3.0,0.060597255769013425,False
final_input_token_layerwise,disclosed,k6,target_observation_mean,25,3.0,0.054443781873450614,False
final_input_token_layerwise,disclosed,k6,target_observation_mean,26,3.0,0.045344539574507736,False
final_input_token_layerwise,disclosed,k6,target_observation_mean,27,3.0,0.04596214844798577,False
final_input_token_layerwise,disclosed,k6,target_observation_mean,28,3.0,0.037280300751459966,False
final_input_token_layerwise,disclosed,k6,target_observation_mean,29,3.0,0.03961453339376833,False
final_input_token_layerwise,disclosed,k6,target_observation_mean,30,3.0,0.024718341646479014,False
final_input_token_layerwise,disclosed,k6,target_observation_mean,31,3.0,0.018082989459610732,False
final_input_token_layerwise,disclosed,k6,target_observation_mean,32,3.0,0.01695944259750584,False
final_input_token_layerwise,disclosed,k6,target_observation_mean,33,3.0,0.019044924941745672,False
final_input_token_layerwise,disclosed,k6,target_observation_mean,34,3.0,0.024087530263062873,False
final_input_token_layerwise,disclosed,k6,target_observation_mean,35,3.0,0.01988022515606419,False
final_input_token_layerwise,disclosed,k6,target_observation_mean,36,3.0,0.02262929471541958,False
final_input_token_layerwise,disclosed,k6,target_time_slope,0,0.0001,0.0,False
final_input_token_layerwise,disclosed,k6,target_time_slope,1,100.0,-0.0014533430698216998,False
final_input_token_layerwise,disclosed,k6,target_time_slope,2,100.0,-0.001586610088627427,False
final_input_token_layerwise,disclosed,k6,target_time_slope,3,100.0,-0.0012711955752239268,False
final_input_token_layerwise,disclosed,k6,target_time_slope,4,100.0,-0.0008030618865681183,False
final_input_token_layerwise,disclosed,k6,target_time_slope,5,100.0,-0.0006750144900150301,False
final_input_token_layerwise,disclosed,k6,target_time_slope,6,100.0,-0.0008476393982481678,False
final_input_token_layerwise,disclosed,k6,target_time_slope,7,100.0,-0.0009317977127713817,False
final_input_token_layerwise,disclosed,k6,target_time_slope,8,100.0,-0.0012665330167390687,False
final_input_token_layerwise,disclosed,k6,target_time_slope,9,100.0,-0.0011196070849496254,False
final_input_token_layerwise,disclosed,k6,target_time_slope,10,100.0,-0.0009295610467957016,False
final_input_token_layerwise,disclosed,k6,target_time_slope,11,100.0,-0.0011812834664073901,False
final_input_token_layerwise,disclosed,k6,target_time_slope,12,100.0,-0.0013470709364772349,False
final_input_token_layerwise,disclosed,k6,target_time_slope,13,100.0,-0.0013358763671668106,False
final_input_token_layerwise,disclosed,k6,target_time_slope,14,100.0,-0.0009622238900427738,False
final_input_token_layerwise,disclosed,k6,target_time_slope,15,100.0,-0.0008401963529378054,False
final_input_token_layerwise,disclosed,k6,target_time_slope,16,100.0,-0.0013924618658117671,False
final_input_token_layerwise,disclosed,k6,target_time_slope,17,100.0,-0.001283099372135943,False
final_input_token_layerwise,disclosed,k6,target_time_slope,18,100.0,-0.0008113710894001591,False
final_input_token_layerwise,disclosed,k6,target_time_slope,19,100.0,-0.0008181700493514743,False
final_input_token_layerwise,disclosed,k6,target_time_slope,20,100.0,-0.0007596278881050189,False
final_input_token_layerwise,disclosed,k6,target_time_slope,21,100.0,-0.0005593531495485249,False
final_input_token_layerwise,disclosed,k6,target_time_slope,22,100.0,-0.0005913255273063966,False
final_input_token_layerwise,disclosed,k6,target_time_slope,23,100.0,4.853105667282365e-05,True
final_input_token_layerwise,disclosed,k6,target_time_slope,24,100.0,-0.0003503298445790559,False
final_input_token_layerwise,disclosed,k6,target_time_slope,25,100.0,-0.0003207345523373317,False
final_input_token_layerwise,disclosed,k6,target_time_slope,26,100.0,-0.00030218179321794825,False
final_input_token_layerwise,disclosed,k6,target_time_slope,27,100.0,-0.0006735488573939019,False
final_input_token_layerwise,disclosed,k6,target_time_slope,28,100.0,-0.0004924833831611852,False
final_input_token_layerwise,disclosed,k6,target_time_slope,29,100.0,-0.0004159215412508077,False
final_input_token_layerwise,disclosed,k6,target_time_slope,30,100.0,-0.0002958396867661084,False
final_input_token_layerwise,disclosed,k6,target_time_slope,31,100.0,-0.00025794394057562786,False
final_input_token_layerwise,disclosed,k6,target_time_slope,32,100.0,-0.0003471934318115544,False
final_input_token_layerwise,disclosed,k6,target_time_slope,33,100.0,-0.0004672581830082456,False
final_input_token_layerwise,disclosed,k6,target_time_slope,34,100.0,-0.000282402370827578,False
final_input_token_layerwise,disclosed,k6,target_time_slope,35,100.0,-0.00023011928261434944,False
final_input_token_layerwise,disclosed,k6,target_time_slope,36,100.0,-0.00016188199322389463,False
final_input_token_layerwise,disclosed,k6,displayed_driver_outcome_slope,0,0.0001,-5.551115123125783e-17,False
final_input_token_layerwise,disclosed,k6,displayed_driver_outcome_slope,1,100.0,-0.0013253299838174026,False
final_input_token_layerwise,disclosed,k6,displayed_driver_outcome_slope,2,100.0,-0.0005259798254240167,False
final_input_token_layerwise,disclosed,k6,displayed_driver_outcome_slope,3,100.0,-0.000602060489583417,False
final_input_token_layerwise,disclosed,k6,displayed_driver_outcome_slope,4,100.0,-0.00017872592293344258,False
final_input_token_layerwise,disclosed,k6,displayed_driver_outcome_slope,5,3.0,0.030540843737935613,True
final_input_token_layerwise,disclosed,k6,displayed_driver_outcome_slope,6,3.0,0.025063358118018908,False
final_input_token_layerwise,disclosed,k6,displayed_driver_outcome_slope,7,3.0,0.016062345554942264,False
final_input_token_layerwise,disclosed,k6,displayed_driver_outcome_slope,8,3.0,0.012582163777518973,False
final_input_token_layerwise,disclosed,k6,displayed_driver_outcome_slope,9,3.0,0.014495690516164839,False
final_input_token_layerwise,disclosed,k6,displayed_driver_outcome_slope,10,3.0,0.0020847855852917374,False
final_input_token_layerwise,disclosed,k6,displayed_driver_outcome_slope,11,3.0,0.0003913716213483076,False
final_input_token_layerwise,disclosed,k6,displayed_driver_outcome_slope,12,100.0,-0.00030121093607407556,False
final_input_token_layerwise,disclosed,k6,displayed_driver_outcome_slope,13,100.0,-0.0004702934013017801,False
final_input_token_layerwise,disclosed,k6,displayed_driver_outcome_slope,14,100.0,-0.00033972489651704074,False
final_input_token_layerwise,disclosed,k6,displayed_driver_outcome_slope,15,100.0,-0.000819054770215516,False
final_input_token_layerwise,disclosed,k6,displayed_driver_outcome_slope,16,100.0,-0.0004343092847320651,False
final_input_token_layerwise,disclosed,k6,displayed_driver_outcome_slope,17,100.0,-0.0009016913896503775,False
final_input_token_layerwise,disclosed,k6,displayed_driver_outcome_slope,18,100.0,-0.0013211529664171051,False
final_input_token_layerwise,disclosed,k6,displayed_driver_outcome_slope,19,100.0,-0.0012709859456805361,False
final_input_token_layerwise,disclosed,k6,displayed_driver_outcome_slope,20,100.0,-0.0014457934540156314,False
final_input_token_layerwise,disclosed,k6,displayed_driver_outcome_slope,21,100.0,-0.0003485790207452544,False
final_input_token_layerwise,disclosed,k6,displayed_driver_outcome_slope,22,100.0,-0.0002488807051878872,False
final_input_token_layerwise,disclosed,k6,displayed_driver_outcome_slope,23,100.0,-0.0002717927171242418,False
final_input_token_layerwise,disclosed,k6,displayed_driver_outcome_slope,24,100.0,-0.0003742670988616248,False
final_input_token_layerwise,disclosed,k6,displayed_driver_outcome_slope,25,100.0,-0.0005876030495013951,False
final_input_token_layerwise,disclosed,k6,displayed_driver_outcome_slope,26,100.0,-0.0009215847720405734,False
final_input_token_layerwise,disclosed,k6,displayed_driver_outcome_slope,27,100.0,-0.0005986547622020832,False
final_input_token_layerwise,disclosed,k6,displayed_driver_outcome_slope,28,100.0,-0.0007743134699979282,False
final_input_token_layerwise,disclosed,k6,displayed_driver_outcome_slope,29,100.0,-0.0005609078909958598,False
final_input_token_layerwise,disclosed,k6,displayed_driver_outcome_slope,30,100.0,-0.0007670556930454431,False
final_input_token_layerwise,disclosed,k6,displayed_driver_outcome_slope,31,100.0,-0.0011261511933151336,False
final_input_token_layerwise,disclosed,k6,displayed_driver_outcome_slope,32,100.0,-0.0007310934115804524,False
final_input_token_layerwise,disclosed,k6,displayed_driver_outcome_slope,33,100.0,-0.0007341712983629789,False
final_input_token_layerwise,disclosed,k6,displayed_driver_outcome_slope,34,100.0,-0.0007386284209765226,False
final_input_token_layerwise,disclosed,k6,displayed_driver_outcome_slope,35,100.0,-0.000499137850049014,False
final_input_token_layerwise,disclosed,k6,displayed_driver_outcome_slope,36,100.0,-0.0006066466636766299,False
final_input_token_layerwise,disclosed,k6,oracle_posterior_gain,0,0.0001,-5.551115123125783e-17,False
final_input_token_layerwise,disclosed,k6,oracle_posterior_gain,1,100.0,-0.0004467438913392241,False
final_input_token_layerwise,disclosed,k6,oracle_posterior_gain,2,100.0,-0.0015282376249409202,False
final_input_token_layerwise,disclosed,k6,oracle_posterior_gain,3,100.0,-0.001264136569482821,False
final_input_token_layerwise,disclosed,k6,oracle_posterior_gain,4,100.0,-0.0013908669580377508,False
final_input_token_layerwise,disclosed,k6,oracle_posterior_gain,5,100.0,-0.000756324703254041,False
final_input_token_layerwise,disclosed,k6,oracle_posterior_gain,6,100.0,-0.0010675846261731237,False
final_input_token_layerwise,disclosed,k6,oracle_posterior_gain,7,100.0,-0.0006818922427441754,False
final_input_token_layerwise,disclosed,k6,oracle_posterior_gain,8,100.0,-0.0006920699249245155,False
final_input_token_layerwise,disclosed,k6,oracle_posterior_gain,9,100.0,-0.0009004789628903609,False
final_input_token_layerwise,disclosed,k6,oracle_posterior_gain,10,100.0,-0.0009233705721683472,False
final_input_token_layerwise,disclosed,k6,oracle_posterior_gain,11,100.0,-0.0010421206998824095,False
final_input_token_layerwise,disclosed,k6,oracle_posterior_gain,12,100.0,-0.0008202599472235395,False
final_input_token_layerwise,disclosed,k6,oracle_posterior_gain,13,100.0,-0.0004173398848029697,False
final_input_token_layerwise,disclosed,k6,oracle_posterior_gain,14,100.0,-0.0006166647815674664,False
final_input_token_layerwise,disclosed,k6,oracle_posterior_gain,15,100.0,-0.0007019015438535781,False
final_input_token_layerwise,disclosed,k6,oracle_posterior_gain,16,100.0,-0.0009735889267916131,False
final_input_token_layerwise,disclosed,k6,oracle_posterior_gain,17,100.0,-0.0011952595872744554,False
final_input_token_layerwise,disclosed,k6,oracle_posterior_gain,18,100.0,-0.0014306309144281049,False
final_input_token_layerwise,disclosed,k6,oracle_posterior_gain,19,100.0,-0.0012848058844861232,False
final_input_token_layerwise,disclosed,k6,oracle_posterior_gain,20,100.0,-0.0015312751880090236,False
final_input_token_layerwise,disclosed,k6,oracle_posterior_gain,21,100.0,-0.000924812527097918,False
final_input_token_layerwise,disclosed,k6,oracle_posterior_gain,22,100.0,-0.0008105580584881478,False
final_input_token_layerwise,disclosed,k6,oracle_posterior_gain,23,100.0,-0.0006391084138542835,False
final_input_token_layerwise,disclosed,k6,oracle_posterior_gain,24,100.0,-0.0002571908247503696,False
final_input_token_layerwise,disclosed,k6,oracle_posterior_gain,25,100.0,5.612322682505e-05,False
final_input_token_layerwise,disclosed,k6,oracle_posterior_gain,26,100.0,0.00024556769081848784,False
final_input_token_layerwise,disclosed,k6,oracle_posterior_gain,27,3.0,0.0017043186683410316,False
final_input_token_layerwise,disclosed,k6,oracle_posterior_gain,28,3.0,0.004653848102488228,False
final_input_token_layerwise,disclosed,k6,oracle_posterior_gain,29,3.0,0.019716303687416947,True
final_input_token_layerwise,disclosed,k6,oracle_posterior_gain,30,3.0,0.014171986573041945,False
final_input_token_layerwise,disclosed,k6,oracle_posterior_gain,31,3.0,0.010639837108050082,False
final_input_token_layerwise,disclosed,k6,oracle_posterior_gain,32,3.0,0.008591220999845162,False
final_input_token_layerwise,disclosed,k6,oracle_posterior_gain,33,3.0,0.007293869598287428,False
final_input_token_layerwise,disclosed,k6,oracle_posterior_gain,34,3.0,0.008322167870755653,False
final_input_token_layerwise,disclosed,k6,oracle_posterior_gain,35,3.0,0.01046942443997051,False
final_input_token_layerwise,disclosed,k6,oracle_posterior_gain,36,3.0,0.007885791907184414,False
final_input_token_layerwise,disclosed,k9,gain,0,0.0001,0.0,False
final_input_token_layerwise,disclosed,k9,gain,1,3.0,0.003119085843543118,False
final_input_token_layerwise,disclosed,k9,gain,2,3.0,0.005512595268329562,False
final_input_token_layerwise,disclosed,k9,gain,3,3.0,0.0034949280117698434,False
final_input_token_layerwise,disclosed,k9,gain,4,3.0,0.009050335122929187,False
final_input_token_layerwise,disclosed,k9,gain,5,3.0,0.009829557776922904,False
final_input_token_layerwise,disclosed,k9,gain,6,3.0,0.012305683335479017,False
final_input_token_layerwise,disclosed,k9,gain,7,0.1,0.031822659643739815,False
final_input_token_layerwise,disclosed,k9,gain,8,3.0,0.01222142306222393,False
final_input_token_layerwise,disclosed,k9,gain,9,3.0,0.019199020878705564,False
final_input_token_layerwise,disclosed,k9,gain,10,0.1,0.021101189112118307,False
final_input_token_layerwise,disclosed,k9,gain,11,0.1,0.04256593065100012,True
final_input_token_layerwise,disclosed,k9,gain,12,3.0,0.008392794173060658,False
final_input_token_layerwise,disclosed,k9,gain,13,3.0,0.00331766715242765,False
final_input_token_layerwise,disclosed,k9,gain,14,100.0,-0.00024175235918116877,False
final_input_token_layerwise,disclosed,k9,gain,15,3.0,-0.00021584076444747247,False
final_input_token_layerwise,disclosed,k9,gain,16,3.0,0.007851301119266352,False
final_input_token_layerwise,disclosed,k9,gain,17,3.0,0.004103689029377827,False
final_input_token_layerwise,disclosed,k9,gain,18,100.0,-0.00042664517082871556,False
final_input_token_layerwise,disclosed,k9,gain,19,100.0,-0.00021084191583992107,False
final_input_token_layerwise,disclosed,k9,gain,20,100.0,-0.0002613214022511856,False
final_input_token_layerwise,disclosed,k9,gain,21,3.0,0.0049027798605282835,False
final_input_token_layerwise,disclosed,k9,gain,22,3.0,0.0016068812384650577,False
final_input_token_layerwise,disclosed,k9,gain,23,100.0,-0.0001498640656298622,False
final_input_token_layerwise,disclosed,k9,gain,24,100.0,-0.000519090402311434,False
final_input_token_layerwise,disclosed,k9,gain,25,100.0,-0.00040367360721427215,False
final_input_token_layerwise,disclosed,k9,gain,26,100.0,-0.0006038340632696371,False
final_input_token_layerwise,disclosed,k9,gain,27,100.0,-0.0006578859523248548,False
final_input_token_layerwise,disclosed,k9,gain,28,100.0,-0.0005709411065305259,False
final_input_token_layerwise,disclosed,k9,gain,29,100.0,-0.0006360412184793773,False
final_input_token_layerwise,disclosed,k9,gain,30,100.0,-0.0007269719957893328,False
final_input_token_layerwise,disclosed,k9,gain,31,100.0,-0.00091362378779139,False
final_input_token_layerwise,disclosed,k9,gain,32,100.0,-0.0010519148746502838,False
final_input_token_layerwise,disclosed,k9,gain,33,100.0,-0.0009876066948138473,False
final_input_token_layerwise,disclosed,k9,gain,34,100.0,-0.0008720559222460678,False
final_input_token_layerwise,disclosed,k9,gain,35,100.0,-0.0007561269021265637,False
final_input_token_layerwise,disclosed,k9,gain,36,100.0,-0.0008206444507194433,False
final_input_token_layerwise,disclosed,k9,response_residual,0,0.0001,-2.7755575615628914e-17,False
final_input_token_layerwise,disclosed,k9,response_residual,1,3.0,0.0033621139150669943,False
final_input_token_layerwise,disclosed,k9,response_residual,2,100.0,0.00018948050947187323,False
final_input_token_layerwise,disclosed,k9,response_residual,3,3.0,0.000422094557266689,False
final_input_token_layerwise,disclosed,k9,response_residual,4,3.0,0.006332606179545841,False
final_input_token_layerwise,disclosed,k9,response_residual,5,3.0,0.006403073103803419,False
final_input_token_layerwise,disclosed,k9,response_residual,6,3.0,0.00834736221968968,False
final_input_token_layerwise,disclosed,k9,response_residual,7,3.0,0.011077139703617095,False
final_input_token_layerwise,disclosed,k9,response_residual,8,3.0,0.005982739197394588,False
final_input_token_layerwise,disclosed,k9,response_residual,9,3.0,0.01028383891096804,False
final_input_token_layerwise,disclosed,k9,response_residual,10,3.0,0.008041727776391006,False
final_input_token_layerwise,disclosed,k9,response_residual,11,3.0,0.009551155156898167,False
final_input_token_layerwise,disclosed,k9,response_residual,12,3.0,0.000644069883218662,False
final_input_token_layerwise,disclosed,k9,response_residual,13,100.0,-0.00012090315453661127,False
final_input_token_layerwise,disclosed,k9,response_residual,14,100.0,-0.0003115266458574295,False
final_input_token_layerwise,disclosed,k9,response_residual,15,100.0,-0.00010253467117968262,False
final_input_token_layerwise,disclosed,k9,response_residual,16,3.0,0.0074246248750044486,False
final_input_token_layerwise,disclosed,k9,response_residual,17,3.0,0.00823169603205312,False
final_input_token_layerwise,disclosed,k9,response_residual,18,3.0,0.00025787473526722726,False
final_input_token_layerwise,disclosed,k9,response_residual,19,3.0,0.002250750915704397,False
final_input_token_layerwise,disclosed,k9,response_residual,20,3.0,0.001218119622948849,False
final_input_token_layerwise,disclosed,k9,response_residual,21,3.0,0.013371219284916136,True
final_input_token_layerwise,disclosed,k9,response_residual,22,3.0,0.011115957849809371,False
final_input_token_layerwise,disclosed,k9,response_residual,23,3.0,0.00144282947320723,False
final_input_token_layerwise,disclosed,k9,response_residual,24,100.0,-9.805357437303597e-06,False
final_input_token_layerwise,disclosed,k9,response_residual,25,100.0,7.569112785479892e-05,False
final_input_token_layerwise,disclosed,k9,response_residual,26,100.0,-0.00019841419394503457,False
final_input_token_layerwise,disclosed,k9,response_residual,27,100.0,-0.00023276450945022842,False
final_input_token_layerwise,disclosed,k9,response_residual,28,100.0,-0.00020381650450387867,False
final_input_token_layerwise,disclosed,k9,response_residual,29,100.0,-0.00021049973168513203,False
final_input_token_layerwise,disclosed,k9,response_residual,30,100.0,-0.0003058610322059785,False
final_input_token_layerwise,disclosed,k9,response_residual,31,100.0,-0.00046449510362109314,False
final_input_token_layerwise,disclosed,k9,response_residual,32,100.0,-0.0006844616328037234,False
final_input_token_layerwise,disclosed,k9,response_residual,33,100.0,-0.0007811663704022642,False
final_input_token_layerwise,disclosed,k9,response_residual,34,100.0,-0.0006399949591853749,False
final_input_token_layerwise,disclosed,k9,response_residual,35,100.0,-0.0006467872215163428,False
final_input_token_layerwise,disclosed,k9,response_residual,36,100.0,-0.0007201992234530663,False
final_input_token_layerwise,disclosed,k9,last_target_observation,0,0.0001,1.3877787807814457e-16,False
final_input_token_layerwise,disclosed,k9,last_target_observation,1,100.0,0.00010899256481661235,False
final_input_token_layerwise,disclosed,k9,last_target_observation,2,100.0,-0.0005671014502348359,False
final_input_token_layerwise,disclosed,k9,last_target_observation,3,100.0,-0.0004367460795255962,False
final_input_token_layerwise,disclosed,k9,last_target_observation,4,100.0,-0.0002937515870521934,False
final_input_token_layerwise,disclosed,k9,last_target_observation,5,100.0,-0.00017438593153301651,False
final_input_token_layerwise,disclosed,k9,last_target_observation,6,100.0,-0.00016334986641575178,False
final_input_token_layerwise,disclosed,k9,last_target_observation,7,100.0,-0.0003622738784018198,False
final_input_token_layerwise,disclosed,k9,last_target_observation,8,100.0,-0.0006009784128764573,False
final_input_token_layerwise,disclosed,k9,last_target_observation,9,100.0,-6.133052988324672e-05,False
final_input_token_layerwise,disclosed,k9,last_target_observation,10,100.0,9.976363481395412e-05,False
final_input_token_layerwise,disclosed,k9,last_target_observation,11,100.0,5.845714701124827e-05,False
final_input_token_layerwise,disclosed,k9,last_target_observation,12,100.0,-0.0002331258234025968,False
final_input_token_layerwise,disclosed,k9,last_target_observation,13,100.0,0.0001306936802994707,True
final_input_token_layerwise,disclosed,k9,last_target_observation,14,100.0,-0.0003421373360640301,False
final_input_token_layerwise,disclosed,k9,last_target_observation,15,100.0,-0.0003623148116726205,False
final_input_token_layerwise,disclosed,k9,last_target_observation,16,100.0,-0.00033341661622873775,False
final_input_token_layerwise,disclosed,k9,last_target_observation,17,100.0,-0.0009211424097284038,False
final_input_token_layerwise,disclosed,k9,last_target_observation,18,100.0,-0.001352911649848909,False
final_input_token_layerwise,disclosed,k9,last_target_observation,19,100.0,-0.0019746874643012946,False
final_input_token_layerwise,disclosed,k9,last_target_observation,20,100.0,-0.0017816542339091912,False
final_input_token_layerwise,disclosed,k9,last_target_observation,21,100.0,-0.001655910971088942,False
final_input_token_layerwise,disclosed,k9,last_target_observation,22,100.0,-0.0014883059838142199,False
final_input_token_layerwise,disclosed,k9,last_target_observation,23,100.0,-0.0014400711359068008,False
final_input_token_layerwise,disclosed,k9,last_target_observation,24,100.0,-0.0012408107666433965,False
final_input_token_layerwise,disclosed,k9,last_target_observation,25,100.0,-0.0007410555393213836,False
final_input_token_layerwise,disclosed,k9,last_target_observation,26,100.0,-0.0012719938638356132,False
final_input_token_layerwise,disclosed,k9,last_target_observation,27,100.0,-0.0012492074516520513,False
final_input_token_layerwise,disclosed,k9,last_target_observation,28,100.0,-0.0011251935169748761,False
final_input_token_layerwise,disclosed,k9,last_target_observation,29,100.0,-0.0008689378866475472,False
final_input_token_layerwise,disclosed,k9,last_target_observation,30,100.0,-0.00070948456118472,False
final_input_token_layerwise,disclosed,k9,last_target_observation,31,100.0,-0.0006041812270202451,False
final_input_token_layerwise,disclosed,k9,last_target_observation,32,100.0,-0.000319036427157221,False
final_input_token_layerwise,disclosed,k9,last_target_observation,33,100.0,-0.00045885254239830253,False
final_input_token_layerwise,disclosed,k9,last_target_observation,34,100.0,-0.00018341782160913311,False
final_input_token_layerwise,disclosed,k9,last_target_observation,35,100.0,-0.000423537919914202,False
final_input_token_layerwise,disclosed,k9,last_target_observation,36,100.0,-0.0006380378535683628,False
final_input_token_layerwise,disclosed,k9,target_observation_mean,0,0.0001,3.885780586188048e-16,False
final_input_token_layerwise,disclosed,k9,target_observation_mean,1,3.0,0.00530990568269038,False
final_input_token_layerwise,disclosed,k9,target_observation_mean,2,3.0,0.006758512932732469,False
final_input_token_layerwise,disclosed,k9,target_observation_mean,3,3.0,0.004766760915539764,False
final_input_token_layerwise,disclosed,k9,target_observation_mean,4,3.0,0.004994011080999755,False
final_input_token_layerwise,disclosed,k9,target_observation_mean,5,3.0,0.007446618324501331,True
final_input_token_layerwise,disclosed,k9,target_observation_mean,6,3.0,0.0028462584728495555,False
final_input_token_layerwise,disclosed,k9,target_observation_mean,7,3.0,0.005137725018420275,False
final_input_token_layerwise,disclosed,k9,target_observation_mean,8,3.0,0.005812543367072764,False
final_input_token_layerwise,disclosed,k9,target_observation_mean,9,3.0,0.007177069525273694,False
final_input_token_layerwise,disclosed,k9,target_observation_mean,10,100.0,-0.00027501704877092026,False
final_input_token_layerwise,disclosed,k9,target_observation_mean,11,3.0,-4.76032605198351e-06,False
final_input_token_layerwise,disclosed,k9,target_observation_mean,12,100.0,-0.00042657164978657236,False
final_input_token_layerwise,disclosed,k9,target_observation_mean,13,100.0,-5.796525744583558e-05,False
final_input_token_layerwise,disclosed,k9,target_observation_mean,14,3.0,0.0002060900340314087,False
final_input_token_layerwise,disclosed,k9,target_observation_mean,15,100.0,0.0002802810559458524,False
final_input_token_layerwise,disclosed,k9,target_observation_mean,16,100.0,1.399110309913132e-06,False
final_input_token_layerwise,disclosed,k9,target_observation_mean,17,100.0,0.00013789717798107226,False
final_input_token_layerwise,disclosed,k9,target_observation_mean,18,100.0,0.0003159038163930705,False
final_input_token_layerwise,disclosed,k9,target_observation_mean,19,100.0,-0.00020452785224917003,False
final_input_token_layerwise,disclosed,k9,target_observation_mean,20,100.0,-0.0002717499164093251,False
final_input_token_layerwise,disclosed,k9,target_observation_mean,21,100.0,-0.00023325956573180817,False
final_input_token_layerwise,disclosed,k9,target_observation_mean,22,100.0,0.0001362313573364804,False
final_input_token_layerwise,disclosed,k9,target_observation_mean,23,100.0,-2.7061645431342152e-05,False
final_input_token_layerwise,disclosed,k9,target_observation_mean,24,100.0,-0.00013648251239706255,False
final_input_token_layerwise,disclosed,k9,target_observation_mean,25,100.0,-0.0006932132110306632,False
final_input_token_layerwise,disclosed,k9,target_observation_mean,26,100.0,-0.0008747683378420301,False
final_input_token_layerwise,disclosed,k9,target_observation_mean,27,100.0,-0.0008846588296174684,False
final_input_token_layerwise,disclosed,k9,target_observation_mean,28,100.0,-0.0009374671329137052,False
final_input_token_layerwise,disclosed,k9,target_observation_mean,29,100.0,-0.0009662674011864936,False
final_input_token_layerwise,disclosed,k9,target_observation_mean,30,100.0,-0.0007906841477809956,False
final_input_token_layerwise,disclosed,k9,target_observation_mean,31,100.0,-0.0012191788237728707,False
final_input_token_layerwise,disclosed,k9,target_observation_mean,32,100.0,-0.0012750779307273141,False
final_input_token_layerwise,disclosed,k9,target_observation_mean,33,100.0,-0.001278300731403198,False
final_input_token_layerwise,disclosed,k9,target_observation_mean,34,100.0,-0.001132643211455564,False
final_input_token_layerwise,disclosed,k9,target_observation_mean,35,100.0,-0.0007322840981541234,False
final_input_token_layerwise,disclosed,k9,target_observation_mean,36,100.0,-0.0009195842878434446,False
final_input_token_layerwise,disclosed,k9,target_time_slope,0,0.0001,0.0,False
final_input_token_layerwise,disclosed,k9,target_time_slope,1,3.0,0.010007000282799355,False
final_input_token_layerwise,disclosed,k9,target_time_slope,2,100.0,-0.00022424009442095771,False
final_input_token_layerwise,disclosed,k9,target_time_slope,3,100.0,-1.4963097333703379e-05,False
final_input_token_layerwise,disclosed,k9,target_time_slope,4,100.0,-0.00037944750475593647,False
final_input_token_layerwise,disclosed,k9,target_time_slope,5,100.0,-0.00038463344533484767,False
final_input_token_layerwise,disclosed,k9,target_time_slope,6,100.0,-3.2941740579855994e-05,False
final_input_token_layerwise,disclosed,k9,target_time_slope,7,100.0,-7.597719238600087e-05,False
final_input_token_layerwise,disclosed,k9,target_time_slope,8,100.0,-0.0002186825342593568,False
final_input_token_layerwise,disclosed,k9,target_time_slope,9,100.0,7.460764918115759e-05,False
final_input_token_layerwise,disclosed,k9,target_time_slope,10,100.0,-9.226091832295613e-05,False
final_input_token_layerwise,disclosed,k9,target_time_slope,11,3.0,0.00801332559749457,False
final_input_token_layerwise,disclosed,k9,target_time_slope,12,100.0,4.303108654410415e-05,False
final_input_token_layerwise,disclosed,k9,target_time_slope,13,3.0,0.0030678805128104836,False
final_input_token_layerwise,disclosed,k9,target_time_slope,14,3.0,0.006181203390896839,False
final_input_token_layerwise,disclosed,k9,target_time_slope,15,100.0,-7.28763887397621e-06,False
final_input_token_layerwise,disclosed,k9,target_time_slope,16,3.0,0.00027652092471724954,False
final_input_token_layerwise,disclosed,k9,target_time_slope,17,100.0,-0.00015454798830649707,False
final_input_token_layerwise,disclosed,k9,target_time_slope,18,100.0,0.00034445884434111673,False
final_input_token_layerwise,disclosed,k9,target_time_slope,19,100.0,0.0007017491658593833,False
final_input_token_layerwise,disclosed,k9,target_time_slope,20,100.0,0.0007054004054986018,False
final_input_token_layerwise,disclosed,k9,target_time_slope,21,100.0,0.0011131999409672855,False
final_input_token_layerwise,disclosed,k9,target_time_slope,22,100.0,0.0014658203664304759,False
final_input_token_layerwise,disclosed,k9,target_time_slope,23,100.0,0.0014793276073098993,False
final_input_token_layerwise,disclosed,k9,target_time_slope,24,100.0,0.0018029956340651632,False
final_input_token_layerwise,disclosed,k9,target_time_slope,25,100.0,0.002227990964152604,False
final_input_token_layerwise,disclosed,k9,target_time_slope,26,100.0,0.00219325425982117,False
final_input_token_layerwise,disclosed,k9,target_time_slope,27,100.0,0.002029377119268455,False
final_input_token_layerwise,disclosed,k9,target_time_slope,28,100.0,0.0020760620453385004,False
final_input_token_layerwise,disclosed,k9,target_time_slope,29,100.0,0.0022663446446566926,False
final_input_token_layerwise,disclosed,k9,target_time_slope,30,3.0,0.007752949979100282,False
final_input_token_layerwise,disclosed,k9,target_time_slope,31,3.0,0.006802295579457579,False
final_input_token_layerwise,disclosed,k9,target_time_slope,32,3.0,0.01640551736187179,True
final_input_token_layerwise,disclosed,k9,target_time_slope,33,3.0,0.012155476553900951,False
final_input_token_layerwise,disclosed,k9,target_time_slope,34,3.0,0.01599245265925353,False
final_input_token_layerwise,disclosed,k9,target_time_slope,35,3.0,0.008389418731317294,False
final_input_token_layerwise,disclosed,k9,target_time_slope,36,3.0,0.004876514536738097,False
final_input_token_layerwise,disclosed,k9,displayed_driver_outcome_slope,0,0.0001,-1.1102230246251565e-16,False
final_input_token_layerwise,disclosed,k9,displayed_driver_outcome_slope,1,100.0,-0.0006042522221617885,False
final_input_token_layerwise,disclosed,k9,displayed_driver_outcome_slope,2,100.0,-0.0002446095253794134,False
final_input_token_layerwise,disclosed,k9,displayed_driver_outcome_slope,3,100.0,-0.000153268043457222,False
final_input_token_layerwise,disclosed,k9,displayed_driver_outcome_slope,4,100.0,-5.688711838436333e-05,False
final_input_token_layerwise,disclosed,k9,displayed_driver_outcome_slope,5,3.0,0.004800482768522574,False
final_input_token_layerwise,disclosed,k9,displayed_driver_outcome_slope,6,3.0,0.0041837825177681864,False
final_input_token_layerwise,disclosed,k9,displayed_driver_outcome_slope,7,100.0,-0.0002450404248914295,False
final_input_token_layerwise,disclosed,k9,displayed_driver_outcome_slope,8,100.0,-0.000267145041346728,False
final_input_token_layerwise,disclosed,k9,displayed_driver_outcome_slope,9,3.0,0.00460271314886973,False
final_input_token_layerwise,disclosed,k9,displayed_driver_outcome_slope,10,3.0,0.0033379907518508167,False
final_input_token_layerwise,disclosed,k9,displayed_driver_outcome_slope,11,3.0,0.01049614785338035,True
final_input_token_layerwise,disclosed,k9,displayed_driver_outcome_slope,12,100.0,2.0696042703022277e-05,False
final_input_token_layerwise,disclosed,k9,displayed_driver_outcome_slope,13,3.0,0.005077487230145894,False
final_input_token_layerwise,disclosed,k9,displayed_driver_outcome_slope,14,100.0,2.1160228187211416e-05,False
final_input_token_layerwise,disclosed,k9,displayed_driver_outcome_slope,15,100.0,6.169789054422115e-05,False
final_input_token_layerwise,disclosed,k9,displayed_driver_outcome_slope,16,3.0,0.004268651566716297,False
final_input_token_layerwise,disclosed,k9,displayed_driver_outcome_slope,17,3.0,0.006626008612045431,False
final_input_token_layerwise,disclosed,k9,displayed_driver_outcome_slope,18,100.0,3.5685705827293024e-05,False
final_input_token_layerwise,disclosed,k9,displayed_driver_outcome_slope,19,100.0,-3.7383096463061705e-05,False
final_input_token_layerwise,disclosed,k9,displayed_driver_outcome_slope,20,100.0,-0.0001269091162615088,False
final_input_token_layerwise,disclosed,k9,displayed_driver_outcome_slope,21,100.0,-0.0003103911676164417,False
final_input_token_layerwise,disclosed,k9,displayed_driver_outcome_slope,22,100.0,-0.000280034637878096,False
final_input_token_layerwise,disclosed,k9,displayed_driver_outcome_slope,23,100.0,3.781838733762921e-05,False
final_input_token_layerwise,disclosed,k9,displayed_driver_outcome_slope,24,100.0,-0.0001423198619744659,False
final_input_token_layerwise,disclosed,k9,displayed_driver_outcome_slope,25,100.0,-0.0009143496958077535,False
final_input_token_layerwise,disclosed,k9,displayed_driver_outcome_slope,26,100.0,-0.0010364545843760675,False
final_input_token_layerwise,disclosed,k9,displayed_driver_outcome_slope,27,100.0,-0.0010507250129906387,False
final_input_token_layerwise,disclosed,k9,displayed_driver_outcome_slope,28,100.0,-0.0010968862221974462,False
final_input_token_layerwise,disclosed,k9,displayed_driver_outcome_slope,29,100.0,-0.0008728102443587848,False
final_input_token_layerwise,disclosed,k9,displayed_driver_outcome_slope,30,100.0,-0.0007178993562330371,False
final_input_token_layerwise,disclosed,k9,displayed_driver_outcome_slope,31,100.0,-0.0007065083579137765,False
final_input_token_layerwise,disclosed,k9,displayed_driver_outcome_slope,32,100.0,-0.0004128873095416985,False
final_input_token_layerwise,disclosed,k9,displayed_driver_outcome_slope,33,100.0,-0.0005177414808062997,False
final_input_token_layerwise,disclosed,k9,displayed_driver_outcome_slope,34,100.0,-0.0004782942154231973,False
final_input_token_layerwise,disclosed,k9,displayed_driver_outcome_slope,35,100.0,-0.0006383538523935528,False
final_input_token_layerwise,disclosed,k9,displayed_driver_outcome_slope,36,100.0,-0.0005761852632570064,False
final_input_token_layerwise,disclosed,k9,oracle_posterior_gain,0,0.0001,0.0,False
final_input_token_layerwise,disclosed,k9,oracle_posterior_gain,1,100.0,-0.000171158962138096,False
final_input_token_layerwise,disclosed,k9,oracle_posterior_gain,2,100.0,-0.00015684119569150945,False
final_input_token_layerwise,disclosed,k9,oracle_posterior_gain,3,100.0,-0.0004750393873944325,False
final_input_token_layerwise,disclosed,k9,oracle_posterior_gain,4,100.0,-0.00015855438528356025,False
final_input_token_layerwise,disclosed,k9,oracle_posterior_gain,5,3.0,0.0025751116365079763,False
final_input_token_layerwise,disclosed,k9,oracle_posterior_gain,6,100.0,-0.00021012919930540885,False
final_input_token_layerwise,disclosed,k9,oracle_posterior_gain,7,100.0,-0.00030100577332412004,False
final_input_token_layerwise,disclosed,k9,oracle_posterior_gain,8,3.0,0.0018014663428482791,False
final_input_token_layerwise,disclosed,k9,oracle_posterior_gain,9,3.0,0.004897885918154515,True
final_input_token_layerwise,disclosed,k9,oracle_posterior_gain,10,100.0,-0.0004801893054747486,False
final_input_token_layerwise,disclosed,k9,oracle_posterior_gain,11,100.0,-0.000583528208674855,False
final_input_token_layerwise,disclosed,k9,oracle_posterior_gain,12,100.0,-0.000712819821513111,False
final_input_token_layerwise,disclosed,k9,oracle_posterior_gain,13,100.0,-0.00048217524681548607,False
final_input_token_layerwise,disclosed,k9,oracle_posterior_gain,14,100.0,-0.0006321079505322014,False
final_input_token_layerwise,disclosed,k9,oracle_posterior_gain,15,100.0,-0.0004305544329606392,False
final_input_token_layerwise,disclosed,k9,oracle_posterior_gain,16,100.0,-0.0003813005975864814,False
final_input_token_layerwise,disclosed,k9,oracle_posterior_gain,17,100.0,-0.00043249942456879964,False
final_input_token_layerwise,disclosed,k9,oracle_posterior_gain,18,100.0,-0.0002991376314852301,False
final_input_token_layerwise,disclosed,k9,oracle_posterior_gain,19,100.0,-0.00013020033981842039,False
final_input_token_layerwise,disclosed,k9,oracle_posterior_gain,20,100.0,-0.00016027492299752755,False
final_input_token_layerwise,disclosed,k9,oracle_posterior_gain,21,100.0,0.000398440484533108,False
final_input_token_layerwise,disclosed,k9,oracle_posterior_gain,22,100.0,0.00025033319338249593,False
final_input_token_layerwise,disclosed,k9,oracle_posterior_gain,23,100.0,-0.0002802062511022274,False
final_input_token_layerwise,disclosed,k9,oracle_posterior_gain,24,100.0,-0.0009936272823857506,False
final_input_token_layerwise,disclosed,k9,oracle_posterior_gain,25,100.0,-0.0009187089934147852,False
final_input_token_layerwise,disclosed,k9,oracle_posterior_gain,26,100.0,-0.0012981768598639698,False
final_input_token_layerwise,disclosed,k9,oracle_posterior_gain,27,100.0,-0.0014960428376173118,False
final_input_token_layerwise,disclosed,k9,oracle_posterior_gain,28,100.0,-0.0015289664504324063,False
final_input_token_layerwise,disclosed,k9,oracle_posterior_gain,29,100.0,-0.0017161085692474765,False
final_input_token_layerwise,disclosed,k9,oracle_posterior_gain,30,100.0,-0.001256249510722507,False
final_input_token_layerwise,disclosed,k9,oracle_posterior_gain,31,100.0,-0.001615150958549444,False
final_input_token_layerwise,disclosed,k9,oracle_posterior_gain,32,100.0,-0.0016851359095227947,False
final_input_token_layerwise,disclosed,k9,oracle_posterior_gain,33,100.0,-0.0017227398409457584,False
final_input_token_layerwise,disclosed,k9,oracle_posterior_gain,34,100.0,-0.0016166129023162668,False
final_input_token_layerwise,disclosed,k9,oracle_posterior_gain,35,100.0,-0.0016252379697320185,False
final_input_token_layerwise,disclosed,k9,oracle_posterior_gain,36,100.0,-0.0016346461478795316,False
final_input_token_layerwise,disclosed,pooled,gain,0,0.0001,0.0,False
final_input_token_layerwise,disclosed,pooled,gain,1,100.0,0.004102900415917367,True
final_input_token_layerwise,disclosed,pooled,gain,2,100.0,-0.0007341061273579974,False
final_input_token_layerwise,disclosed,pooled,gain,3,100.0,-0.0008687758249583214,False
final_input_token_layerwise,disclosed,pooled,gain,4,100.0,-0.001406255797249345,False
final_input_token_layerwise,disclosed,pooled,gain,5,100.0,-0.0015743054573285065,False
final_input_token_layerwise,disclosed,pooled,gain,6,100.0,-0.0007951302131405565,False
final_input_token_layerwise,disclosed,pooled,gain,7,100.0,0.0009416804300367473,False
final_input_token_layerwise,disclosed,pooled,gain,8,100.0,0.0005843952434828511,False
final_input_token_layerwise,disclosed,pooled,gain,9,100.0,0.001041622649851202,False
final_input_token_layerwise,disclosed,pooled,gain,10,100.0,-0.0002981618008711569,False
final_input_token_layerwise,disclosed,pooled,gain,11,100.0,-0.0007677623981110401,False
final_input_token_layerwise,disclosed,pooled,gain,12,100.0,-0.0009888948251451553,False
final_input_token_layerwise,disclosed,pooled,gain,13,100.0,-0.0005701642133640328,False
final_input_token_layerwise,disclosed,pooled,gain,14,100.0,-0.0020593861686016477,False
final_input_token_layerwise,disclosed,pooled,gain,15,100.0,-0.0011771852719763183,False
final_input_token_layerwise,disclosed,pooled,gain,16,100.0,-0.002453892057772985,False
final_input_token_layerwise,disclosed,pooled,gain,17,100.0,-0.0010338545259265715,False
final_input_token_layerwise,disclosed,pooled,gain,18,100.0,-0.0014019059207746876,False
final_input_token_layerwise,disclosed,pooled,gain,19,100.0,-0.001719071633313335,False
final_input_token_layerwise,disclosed,pooled,gain,20,100.0,-0.00264802716967912,False
final_input_token_layerwise,disclosed,pooled,gain,21,100.0,-0.002020367192720122,False
final_input_token_layerwise,disclosed,pooled,gain,22,100.0,-0.0023982030472379143,False
final_input_token_layerwise,disclosed,pooled,gain,23,100.0,-0.0023998177909700194,False
final_input_token_layerwise,disclosed,pooled,gain,24,100.0,-0.003242043855155955,False
final_input_token_layerwise,disclosed,pooled,gain,25,100.0,-0.0019191846575218885,False
final_input_token_layerwise,disclosed,pooled,gain,26,100.0,-0.0014362108324484923,False
final_input_token_layerwise,disclosed,pooled,gain,27,100.0,-0.0011785198907686607,False
final_input_token_layerwise,disclosed,pooled,gain,28,100.0,-0.00026748883831106035,False
final_input_token_layerwise,disclosed,pooled,gain,29,100.0,0.0003365384602771933,False
final_input_token_layerwise,disclosed,pooled,gain,30,100.0,-0.0005797420906944554,False
final_input_token_layerwise,disclosed,pooled,gain,31,100.0,-0.001277357179995257,False
final_input_token_layerwise,disclosed,pooled,gain,32,100.0,-0.0017629870521487327,False
final_input_token_layerwise,disclosed,pooled,gain,33,100.0,-0.0009546011049395564,False
final_input_token_layerwise,disclosed,pooled,gain,34,100.0,-0.0016055524158410845,False
final_input_token_layerwise,disclosed,pooled,gain,35,100.0,-0.0011542465537388396,False
final_input_token_layerwise,disclosed,pooled,gain,36,100.0,-0.0009831919578009347,False
final_input_token_layerwise,disclosed,pooled,response_residual,0,0.0001,-2.7755575615628914e-17,False
final_input_token_layerwise,disclosed,pooled,response_residual,1,100.0,0.0037504804658144617,True
final_input_token_layerwise,disclosed,pooled,response_residual,2,100.0,-0.0023066400198402857,False
final_input_token_layerwise,disclosed,pooled,response_residual,3,100.0,-0.0015054641163939526,False
final_input_token_layerwise,disclosed,pooled,response_residual,4,100.0,-0.001771110952570561,False
final_input_token_layerwise,disclosed,pooled,response_residual,5,100.0,-0.0024353610571328697,False
final_input_token_layerwise,disclosed,pooled,response_residual,6,100.0,-0.0013426066153611471,False
final_input_token_layerwise,disclosed,pooled,response_residual,7,100.0,-0.00020123657021832905,False
final_input_token_layerwise,disclosed,pooled,response_residual,8,100.0,-0.0003220566003726555,False
final_input_token_layerwise,disclosed,pooled,response_residual,9,100.0,0.0006458941230470064,False
final_input_token_layerwise,disclosed,pooled,response_residual,10,100.0,-0.0004658519843881899,False
final_input_token_layerwise,disclosed,pooled,response_residual,11,100.0,-0.0005465363095510564,False
final_input_token_layerwise,disclosed,pooled,response_residual,12,100.0,-0.0005006599249268348,False
final_input_token_layerwise,disclosed,pooled,response_residual,13,100.0,-0.0006556753984516642,False
final_input_token_layerwise,disclosed,pooled,response_residual,14,100.0,-0.002123274021074086,False
final_input_token_layerwise,disclosed,pooled,response_residual,15,100.0,-0.0017066173157801272,False
final_input_token_layerwise,disclosed,pooled,response_residual,16,100.0,-0.0024484469324342153,False
final_input_token_layerwise,disclosed,pooled,response_residual,17,100.0,-0.0009197061654939535,False
final_input_token_layerwise,disclosed,pooled,response_residual,18,100.0,-0.0009618491624430922,False
final_input_token_layerwise,disclosed,pooled,response_residual,19,100.0,-0.0011760146936836875,False
final_input_token_layerwise,disclosed,pooled,response_residual,20,100.0,-0.0015881512663163122,False
final_input_token_layerwise,disclosed,pooled,response_residual,21,100.0,-0.0007536700928164886,False
final_input_token_layerwise,disclosed,pooled,response_residual,22,100.0,-0.0007718365744891209,False
final_input_token_layerwise,disclosed,pooled,response_residual,23,100.0,-0.00035356101077850993,False
final_input_token_layerwise,disclosed,pooled,response_residual,24,100.0,-0.001300738180021262,False
final_input_token_layerwise,disclosed,pooled,response_residual,25,100.0,-0.0004900534477328966,False
final_input_token_layerwise,disclosed,pooled,response_residual,26,100.0,-0.0006012370488546933,False
final_input_token_layerwise,disclosed,pooled,response_residual,27,100.0,-0.00022280222574941333,False
final_input_token_layerwise,disclosed,pooled,response_residual,28,100.0,0.00013052773526948483,False
final_input_token_layerwise,disclosed,pooled,response_residual,29,100.0,0.0010098816150393615,False
final_input_token_layerwise,disclosed,pooled,response_residual,30,100.0,0.00015563658187094562,False
final_input_token_layerwise,disclosed,pooled,response_residual,31,100.0,-2.5357049261330127e-05,False
final_input_token_layerwise,disclosed,pooled,response_residual,32,100.0,-0.0006541270833713605,False
final_input_token_layerwise,disclosed,pooled,response_residual,33,100.0,2.70205238861639e-05,False
final_input_token_layerwise,disclosed,pooled,response_residual,34,100.0,-0.00023708959045381137,False
final_input_token_layerwise,disclosed,pooled,response_residual,35,100.0,0.0001938357557317305,False
final_input_token_layerwise,disclosed,pooled,response_residual,36,100.0,0.0004817621252783677,False
final_input_token_layerwise,undisclosed,k3,gain,0,0.0001,0.0,False
final_input_token_layerwise,undisclosed,k3,gain,1,100.0,-0.0013803321725584516,False
final_input_token_layerwise,undisclosed,k3,gain,2,100.0,0.0011320629530493787,False
final_input_token_layerwise,undisclosed,k3,gain,3,100.0,0.0007407420810802978,False
final_input_token_layerwise,undisclosed,k3,gain,4,100.0,0.0007322801665907153,False
final_input_token_layerwise,undisclosed,k3,gain,5,100.0,0.0007593026112552581,False
final_input_token_layerwise,undisclosed,k3,gain,6,100.0,0.0006238362753811788,False
final_input_token_layerwise,undisclosed,k3,gain,7,100.0,0.00028874172688594935,False
final_input_token_layerwise,undisclosed,k3,gain,8,100.0,0.00013717062058726803,False
final_input_token_layerwise,undisclosed,k3,gain,9,100.0,0.0003316995144026502,False
final_input_token_layerwise,undisclosed,k3,gain,10,100.0,0.00044096827642134406,False
final_input_token_layerwise,undisclosed,k3,gain,11,100.0,0.000561979253129119,False
final_input_token_layerwise,undisclosed,k3,gain,12,100.0,0.0007459244518270569,False
final_input_token_layerwise,undisclosed,k3,gain,13,100.0,0.0007175868662708529,False
final_input_token_layerwise,undisclosed,k3,gain,14,100.0,0.0007565319697252493,False
final_input_token_layerwise,undisclosed,k3,gain,15,100.0,0.0005336749075291747,False
final_input_token_layerwise,undisclosed,k3,gain,16,100.0,0.0005329028831584648,False
final_input_token_layerwise,undisclosed,k3,gain,17,100.0,0.0005035257071015486,False
final_input_token_layerwise,undisclosed,k3,gain,18,100.0,0.000510829215660008,False
final_input_token_layerwise,undisclosed,k3,gain,19,100.0,0.0008488164205134596,False
final_input_token_layerwise,undisclosed,k3,gain,20,100.0,0.0010909819531204346,False
final_input_token_layerwise,undisclosed,k3,gain,21,100.0,0.0009946398880797958,False
final_input_token_layerwise,undisclosed,k3,gain,22,100.0,0.000770084456247655,False
final_input_token_layerwise,undisclosed,k3,gain,23,100.0,0.0009036145603872892,False
final_input_token_layerwise,undisclosed,k3,gain,24,100.0,0.00052105268869726,False
final_input_token_layerwise,undisclosed,k3,gain,25,100.0,0.0007498242517982312,False
final_input_token_layerwise,undisclosed,k3,gain,26,100.0,0.0006930486951127468,False
final_input_token_layerwise,undisclosed,k3,gain,27,100.0,0.0008754149539537404,False
final_input_token_layerwise,undisclosed,k3,gain,28,100.0,0.00043016641737703143,False
final_input_token_layerwise,undisclosed,k3,gain,29,100.0,0.0004493619208231492,False
final_input_token_layerwise,undisclosed,k3,gain,30,100.0,0.0008652512870425677,False
final_input_token_layerwise,undisclosed,k3,gain,31,100.0,0.0006011814081356148,False
final_input_token_layerwise,undisclosed,k3,gain,32,100.0,0.0005654573063138824,False
final_input_token_layerwise,undisclosed,k3,gain,33,100.0,0.0008830436936059782,False
final_input_token_layerwise,undisclosed,k3,gain,34,3.0,0.0020005892722568808,False
final_input_token_layerwise,undisclosed,k3,gain,35,3.0,0.005465374743459622,False
final_input_token_layerwise,undisclosed,k3,gain,36,3.0,0.00585224854979699,True
final_input_token_layerwise,undisclosed,k3,response_residual,0,0.0001,-2.7755575615628914e-17,False
final_input_token_layerwise,undisclosed,k3,response_residual,1,100.0,-0.0011063001210114276,False
final_input_token_layerwise,undisclosed,k3,response_residual,2,100.0,0.0009793028207168708,False
final_input_token_layerwise,undisclosed,k3,response_residual,3,100.0,0.0009503688836483559,False
final_input_token_layerwise,undisclosed,k3,response_residual,4,100.0,0.0009343424251263832,False
final_input_token_layerwise,undisclosed,k3,response_residual,5,100.0,0.0009340481172597503,False
final_input_token_layerwise,undisclosed,k3,response_residual,6,100.0,0.0010112676816005084,False
final_input_token_layerwise,undisclosed,k3,response_residual,7,100.0,0.0005788355184630223,False
final_input_token_layerwise,undisclosed,k3,response_residual,8,100.0,0.0004137761064708645,False
final_input_token_layerwise,undisclosed,k3,response_residual,9,100.0,0.0008616829620534672,False
final_input_token_layerwise,undisclosed,k3,response_residual,10,100.0,0.0008586361490353356,False
final_input_token_layerwise,undisclosed,k3,response_residual,11,100.0,0.0009281704265992063,False
final_input_token_layerwise,undisclosed,k3,response_residual,12,100.0,0.0008343701329172892,False
final_input_token_layerwise,undisclosed,k3,response_residual,13,100.0,0.0008145310258219074,False
final_input_token_layerwise,undisclosed,k3,response_residual,14,100.0,0.000759971580963581,False
final_input_token_layerwise,undisclosed,k3,response_residual,15,100.0,0.0004541041823256098,False
final_input_token_layerwise,undisclosed,k3,response_residual,16,100.0,0.0002931265910924019,False
final_input_token_layerwise,undisclosed,k3,response_residual,17,100.0,0.00040402644089113093,False
final_input_token_layerwise,undisclosed,k3,response_residual,18,100.0,0.00039671123644335893,False
final_input_token_layerwise,undisclosed,k3,response_residual,19,100.0,0.0006699594724179081,False
final_input_token_layerwise,undisclosed,k3,response_residual,20,100.0,0.0009746591254060077,False
final_input_token_layerwise,undisclosed,k3,response_residual,21,100.0,0.0009733153310251264,False
final_input_token_layerwise,undisclosed,k3,response_residual,22,100.0,0.0009722974290451714,False
final_input_token_layerwise,undisclosed,k3,response_residual,23,100.0,0.0013469964964597236,False
final_input_token_layerwise,undisclosed,k3,response_residual,24,100.0,0.0014080079202455076,False
final_input_token_layerwise,undisclosed,k3,response_residual,25,100.0,0.0015788302675883992,False
final_input_token_layerwise,undisclosed,k3,response_residual,26,100.0,0.0015452756626485598,False
final_input_token_layerwise,undisclosed,k3,response_residual,27,100.0,0.0017470670349517547,False
final_input_token_layerwise,undisclosed,k3,response_residual,28,100.0,0.0013673747760951649,False
final_input_token_layerwise,undisclosed,k3,response_residual,29,100.0,0.0015047022890012085,False
final_input_token_layerwise,undisclosed,k3,response_residual,30,100.0,0.0018911590275240697,False
final_input_token_layerwise,undisclosed,k3,response_residual,31,100.0,0.001543419407991714,False
final_input_token_layerwise,undisclosed,k3,response_residual,32,100.0,0.0015128600374402779,False
final_input_token_layerwise,undisclosed,k3,response_residual,33,100.0,0.0018612705124902151,False
final_input_token_layerwise,undisclosed,k3,response_residual,34,100.0,0.002350584033740305,True
final_input_token_layerwise,undisclosed,k3,response_residual,35,100.0,0.002307525943205685,False
final_input_token_layerwise,undisclosed,k3,response_residual,36,100.0,0.0023099663619069177,False
final_input_token_layerwise,undisclosed,k3,last_target_observation,0,0.0001,-8.326672684688674e-17,False
final_input_token_layerwise,undisclosed,k3,last_target_observation,1,0.1,0.03508037151193574,False
final_input_token_layerwise,undisclosed,k3,last_target_observation,2,100.0,0.00048060874238958773,False
final_input_token_layerwise,undisclosed,k3,last_target_observation,3,0.1,0.028134952398723517,False
final_input_token_layerwise,undisclosed,k3,last_target_observation,4,3.0,0.004214257794697529,False
final_input_token_layerwise,undisclosed,k3,last_target_observation,5,0.1,0.016501883990138272,False
final_input_token_layerwise,undisclosed,k3,last_target_observation,6,3.0,0.006300234346952177,False
final_input_token_layerwise,undisclosed,k3,last_target_observation,7,3.0,0.006076414778063671,False
final_input_token_layerwise,undisclosed,k3,last_target_observation,8,3.0,0.00822016355214597,False
final_input_token_layerwise,undisclosed,k3,last_target_observation,9,3.0,0.0062341597551563155,False
final_input_token_layerwise,undisclosed,k3,last_target_observation,10,3.0,0.006011504753678454,False
final_input_token_layerwise,undisclosed,k3,last_target_observation,11,3.0,0.011777263949325684,False
final_input_token_layerwise,undisclosed,k3,last_target_observation,12,3.0,0.009356561868153812,False
final_input_token_layerwise,undisclosed,k3,last_target_observation,13,3.0,0.005404588761411672,False
final_input_token_layerwise,undisclosed,k3,last_target_observation,14,3.0,0.014972373915285137,False
final_input_token_layerwise,undisclosed,k3,last_target_observation,15,3.0,0.025590509074557177,False
final_input_token_layerwise,undisclosed,k3,last_target_observation,16,3.0,0.024768305416825065,False
final_input_token_layerwise,undisclosed,k3,last_target_observation,17,3.0,0.025771261019137875,False
final_input_token_layerwise,undisclosed,k3,last_target_observation,18,3.0,0.024872250953434177,False
final_input_token_layerwise,undisclosed,k3,last_target_observation,19,3.0,0.032766616270161336,False
final_input_token_layerwise,undisclosed,k3,last_target_observation,20,3.0,0.034635749605242905,False
final_input_token_layerwise,undisclosed,k3,last_target_observation,21,3.0,0.07009629719842722,False
final_input_token_layerwise,undisclosed,k3,last_target_observation,22,3.0,0.07355137610098428,True
final_input_token_layerwise,undisclosed,k3,last_target_observation,23,3.0,0.0552323277345943,False
final_input_token_layerwise,undisclosed,k3,last_target_observation,24,3.0,0.04236226589447284,False
final_input_token_layerwise,undisclosed,k3,last_target_observation,25,3.0,0.044690756397492315,False
final_input_token_layerwise,undisclosed,k3,last_target_observation,26,3.0,0.046692932164398876,False
final_input_token_layerwise,undisclosed,k3,last_target_observation,27,3.0,0.05322670511766084,False
final_input_token_layerwise,undisclosed,k3,last_target_observation,28,3.0,0.05092815823906191,False
final_input_token_layerwise,undisclosed,k3,last_target_observation,29,3.0,0.051337725066903345,False
final_input_token_layerwise,undisclosed,k3,last_target_observation,30,3.0,0.05480057135115535,False
final_input_token_layerwise,undisclosed,k3,last_target_observation,31,3.0,0.06387577407558559,False
final_input_token_layerwise,undisclosed,k3,last_target_observation,32,3.0,0.06210816706550937,False
final_input_token_layerwise,undisclosed,k3,last_target_observation,33,3.0,0.0501978071675859,False
final_input_token_layerwise,undisclosed,k3,last_target_observation,34,3.0,0.04349772972842167,False
final_input_token_layerwise,undisclosed,k3,last_target_observation,35,3.0,0.03412119716333753,False
final_input_token_layerwise,undisclosed,k3,last_target_observation,36,3.0,0.030345577218450104,False
final_input_token_layerwise,undisclosed,k3,target_observation_mean,0,0.0001,5.551115123125783e-17,False
final_input_token_layerwise,undisclosed,k3,target_observation_mean,1,3.0,0.02025955272269353,False
final_input_token_layerwise,undisclosed,k3,target_observation_mean,2,100.0,8.026162562141392e-05,False
final_input_token_layerwise,undisclosed,k3,target_observation_mean,3,3.0,0.005517112182474526,False
final_input_token_layerwise,undisclosed,k3,target_observation_mean,4,100.0,0.00046664105340385453,False
final_input_token_layerwise,undisclosed,k3,target_observation_mean,5,3.0,0.002647344033635479,False
final_input_token_layerwise,undisclosed,k3,target_observation_mean,6,3.0,0.003271976751439448,False
final_input_token_layerwise,undisclosed,k3,target_observation_mean,7,3.0,0.008798494180623284,False
final_input_token_layerwise,undisclosed,k3,target_observation_mean,8,3.0,0.008573425932309892,False
final_input_token_layerwise,undisclosed,k3,target_observation_mean,9,100.0,0.0012858398450834863,False
final_input_token_layerwise,undisclosed,k3,target_observation_mean,10,100.0,0.0011420788673746074,False
final_input_token_layerwise,undisclosed,k3,target_observation_mean,11,100.0,0.0015646616634276966,False
final_input_token_layerwise,undisclosed,k3,target_observation_mean,12,3.0,0.007845884386808138,False
final_input_token_layerwise,undisclosed,k3,target_observation_mean,13,3.0,0.018227848943740715,False
final_input_token_layerwise,undisclosed,k3,target_observation_mean,14,3.0,0.03119402800669327,False
final_input_token_layerwise,undisclosed,k3,target_observation_mean,15,3.0,0.033319912348444614,False
final_input_token_layerwise,undisclosed,k3,target_observation_mean,16,3.0,0.035517219753741974,False
final_input_token_layerwise,undisclosed,k3,target_observation_mean,17,3.0,0.03686798989295911,False
final_input_token_layerwise,undisclosed,k3,target_observation_mean,18,3.0,0.03150543713599291,False
final_input_token_layerwise,undisclosed,k3,target_observation_mean,19,3.0,0.03827144233375887,False
final_input_token_layerwise,undisclosed,k3,target_observation_mean,20,3.0,0.05144633407907445,False
final_input_token_layerwise,undisclosed,k3,target_observation_mean,21,3.0,0.08473448855851579,False
final_input_token_layerwise,undisclosed,k3,target_observation_mean,22,3.0,0.08606792161147905,False
final_input_token_layerwise,undisclosed,k3,target_observation_mean,23,3.0,0.07990892595344781,False
final_input_token_layerwise,undisclosed,k3,target_observation_mean,24,3.0,0.0666537605921316,False
final_input_token_layerwise,undisclosed,k3,target_observation_mean,25,3.0,0.08028691767108831,False
final_input_token_layerwise,undisclosed,k3,target_observation_mean,26,3.0,0.07119887583064868,False
final_input_token_layerwise,undisclosed,k3,target_observation_mean,27,3.0,0.07130407087573512,False
final_input_token_layerwise,undisclosed,k3,target_observation_mean,28,3.0,0.07185313743294525,False
final_input_token_layerwise,undisclosed,k3,target_observation_mean,29,3.0,0.06740870862132187,False
final_input_token_layerwise,undisclosed,k3,target_observation_mean,30,3.0,0.08060833911943799,False
final_input_token_layerwise,undisclosed,k3,target_observation_mean,31,3.0,0.08598786925341645,False
final_input_token_layerwise,undisclosed,k3,target_observation_mean,32,3.0,0.08922171517024774,True
final_input_token_layerwise,undisclosed,k3,target_observation_mean,33,3.0,0.08777256844022502,False
final_input_token_layerwise,undisclosed,k3,target_observation_mean,34,3.0,0.07905207726270397,False
final_input_token_layerwise,undisclosed,k3,target_observation_mean,35,3.0,0.07966990413454184,False
final_input_token_layerwise,undisclosed,k3,target_observation_mean,36,3.0,0.07884344073449515,False
final_input_token_layerwise,undisclosed,k3,target_time_slope,0,0.0001,0.0,False
final_input_token_layerwise,undisclosed,k3,target_time_slope,1,100.0,-0.0006949032432392033,False
final_input_token_layerwise,undisclosed,k3,target_time_slope,2,100.0,-0.0028695200784731867,False
final_input_token_layerwise,undisclosed,k3,target_time_slope,3,100.0,-0.0014216795316356057,False
final_input_token_layerwise,undisclosed,k3,target_time_slope,4,100.0,-0.00047923960418147504,False
final_input_token_layerwise,undisclosed,k3,target_time_slope,5,0.1,0.0029022923877310702,False
final_input_token_layerwise,undisclosed,k3,target_time_slope,6,100.0,-0.00017280308632017238,False
final_input_token_layerwise,undisclosed,k3,target_time_slope,7,100.0,0.0004182723859085802,False
final_input_token_layerwise,undisclosed,k3,target_time_slope,8,100.0,0.0005374469979404217,False
final_input_token_layerwise,undisclosed,k3,target_time_slope,9,100.0,0.00046885235870025577,False
final_input_token_layerwise,undisclosed,k3,target_time_slope,10,0.1,0.011955273768568225,False
final_input_token_layerwise,undisclosed,k3,target_time_slope,11,3.0,0.007991465357439831,False
final_input_token_layerwise,undisclosed,k3,target_time_slope,12,3.0,0.0007206138592472378,False
final_input_token_layerwise,undisclosed,k3,target_time_slope,13,100.0,0.000460919898268769,False
final_input_token_layerwise,undisclosed,k3,target_time_slope,14,100.0,0.0005111392079676369,False
final_input_token_layerwise,undisclosed,k3,target_time_slope,15,100.0,0.0004619138961923508,False
final_input_token_layerwise,undisclosed,k3,target_time_slope,16,100.0,0.00026605785632480283,False
final_input_token_layerwise,undisclosed,k3,target_time_slope,17,3.0,0.0067490089659613395,False
final_input_token_layerwise,undisclosed,k3,target_time_slope,18,3.0,0.008109956119719486,False
final_input_token_layerwise,undisclosed,k3,target_time_slope,19,3.0,0.0208521174097972,False
final_input_token_layerwise,undisclosed,k3,target_time_slope,20,3.0,0.014915728809257206,False
final_input_token_layerwise,undisclosed,k3,target_time_slope,21,3.0,0.030555560061065856,True
final_input_token_layerwise,undisclosed,k3,target_time_slope,22,3.0,0.030357510431077095,False
final_input_token_layerwise,undisclosed,k3,target_time_slope,23,3.0,0.01569642119949269,False
final_input_token_layerwise,undisclosed,k3,target_time_slope,24,3.0,0.009040014688055653,False
final_input_token_layerwise,undisclosed,k3,target_time_slope,25,3.0,0.011552703547571763,False
final_input_token_layerwise,undisclosed,k3,target_time_slope,26,3.0,0.015155654178279881,False
final_input_token_layerwise,undisclosed,k3,target_time_slope,27,3.0,0.01839050385263677,False
final_input_token_layerwise,undisclosed,k3,target_time_slope,28,3.0,0.015664178813207752,False
final_input_token_layerwise,undisclosed,k3,target_time_slope,29,3.0,0.016835052445652587,False
final_input_token_layerwise,undisclosed,k3,target_time_slope,30,3.0,0.01093779036720724,False
final_input_token_layerwise,undisclosed,k3,target_time_slope,31,3.0,0.016848546748848642,False
final_input_token_layerwise,undisclosed,k3,target_time_slope,32,3.0,0.019774393212630303,False
final_input_token_layerwise,undisclosed,k3,target_time_slope,33,3.0,0.012496677361716307,False
final_input_token_layerwise,undisclosed,k3,target_time_slope,34,3.0,0.007590710047250121,False
final_input_token_layerwise,undisclosed,k3,target_time_slope,35,3.0,-0.00015152668983872686,False
final_input_token_layerwise,undisclosed,k3,target_time_slope,36,100.0,-0.0004184795938007302,False
final_input_token_layerwise,undisclosed,k3,displayed_driver_outcome_slope,0,0.0001,5.551115123125783e-17,False
final_input_token_layerwise,undisclosed,k3,displayed_driver_outcome_slope,1,3.0,0.00411215846751653,False
final_input_token_layerwise,undisclosed,k3,displayed_driver_outcome_slope,2,3.0,0.03674700766542752,False
final_input_token_layerwise,undisclosed,k3,displayed_driver_outcome_slope,3,3.0,0.03381453636811016,False
final_input_token_layerwise,undisclosed,k3,displayed_driver_outcome_slope,4,3.0,0.03460503609302559,False
final_input_token_layerwise,undisclosed,k3,displayed_driver_outcome_slope,5,3.0,0.03497203284976713,False
final_input_token_layerwise,undisclosed,k3,displayed_driver_outcome_slope,6,3.0,0.03278882824482501,False
final_input_token_layerwise,undisclosed,k3,displayed_driver_outcome_slope,7,3.0,0.035895798744172536,False
final_input_token_layerwise,undisclosed,k3,displayed_driver_outcome_slope,8,3.0,0.03822843198293421,True
final_input_token_layerwise,undisclosed,k3,displayed_driver_outcome_slope,9,3.0,0.029876037507975572,False
final_input_token_layerwise,undisclosed,k3,displayed_driver_outcome_slope,10,3.0,0.0300072910481112,False
final_input_token_layerwise,undisclosed,k3,displayed_driver_outcome_slope,11,3.0,0.02411371197274323,False
final_input_token_layerwise,undisclosed,k3,displayed_driver_outcome_slope,12,3.0,0.03119677594231013,False
final_input_token_layerwise,undisclosed,k3,displayed_driver_outcome_slope,13,3.0,0.02647733801233798,False
final_input_token_layerwise,undisclosed,k3,displayed_driver_outcome_slope,14,3.0,0.03149579518252829,False
final_input_token_layerwise,undisclosed,k3,displayed_driver_outcome_slope,15,3.0,0.029405625753964132,False
final_input_token_layerwise,undisclosed,k3,displayed_driver_outcome_slope,16,3.0,0.024740546048989287,False
final_input_token_layerwise,undisclosed,k3,displayed_driver_outcome_slope,17,3.0,0.01902842029325441,False
final_input_token_layerwise,undisclosed,k3,displayed_driver_outcome_slope,18,3.0,0.03387036754641751,False
final_input_token_layerwise,undisclosed,k3,displayed_driver_outcome_slope,19,3.0,0.031859844323632175,False
final_input_token_layerwise,undisclosed,k3,displayed_driver_outcome_slope,20,3.0,0.023346000576915493,False
final_input_token_layerwise,undisclosed,k3,displayed_driver_outcome_slope,21,3.0,0.02933915897163067,False
final_input_token_layerwise,undisclosed,k3,displayed_driver_outcome_slope,22,3.0,0.022012551535286057,False
final_input_token_layerwise,undisclosed,k3,displayed_driver_outcome_slope,23,3.0,0.01591534592112842,False
final_input_token_layerwise,undisclosed,k3,displayed_driver_outcome_slope,24,3.0,0.013100178050606093,False
final_input_token_layerwise,undisclosed,k3,displayed_driver_outcome_slope,25,3.0,0.004513915285295295,False
final_input_token_layerwise,undisclosed,k3,displayed_driver_outcome_slope,26,100.0,0.0010589880675027086,False
final_input_token_layerwise,undisclosed,k3,displayed_driver_outcome_slope,27,3.0,0.0025772631548852676,False
final_input_token_layerwise,undisclosed,k3,displayed_driver_outcome_slope,28,100.0,0.0008950371815564517,False
final_input_token_layerwise,undisclosed,k3,displayed_driver_outcome_slope,29,100.0,0.0005042187595930281,False
final_input_token_layerwise,undisclosed,k3,displayed_driver_outcome_slope,30,100.0,0.0007259441660053545,False
final_input_token_layerwise,undisclosed,k3,displayed_driver_outcome_slope,31,100.0,0.0004987645214582781,False
final_input_token_layerwise,undisclosed,k3,displayed_driver_outcome_slope,32,100.0,0.0002754739447590471,False
final_input_token_layerwise,undisclosed,k3,displayed_driver_outcome_slope,33,3.0,0.004668577904781951,False
final_input_token_layerwise,undisclosed,k3,displayed_driver_outcome_slope,34,100.0,0.0003634098916146522,False
final_input_token_layerwise,undisclosed,k3,displayed_driver_outcome_slope,35,100.0,0.0002518607152483532,False
final_input_token_layerwise,undisclosed,k3,displayed_driver_outcome_slope,36,100.0,0.0004239617692931019,False
final_input_token_layerwise,undisclosed,k3,oracle_posterior_gain,0,0.0001,2.7755575615628914e-17,False
final_input_token_layerwise,undisclosed,k3,oracle_posterior_gain,1,100.0,-0.0020826355666438423,False
final_input_token_layerwise,undisclosed,k3,oracle_posterior_gain,2,100.0,-0.0027952729998373116,False
final_input_token_layerwise,undisclosed,k3,oracle_posterior_gain,3,100.0,-0.002290757528082832,False
final_input_token_layerwise,undisclosed,k3,oracle_posterior_gain,4,100.0,-0.001726880044281176,False
final_input_token_layerwise,undisclosed,k3,oracle_posterior_gain,5,100.0,-0.0015347450091360293,False
final_input_token_layerwise,undisclosed,k3,oracle_posterior_gain,6,100.0,-0.001298004230148031,False
final_input_token_layerwise,undisclosed,k3,oracle_posterior_gain,7,100.0,-0.001503992879576782,False
final_input_token_layerwise,undisclosed,k3,oracle_posterior_gain,8,100.0,-0.0013700033603919193,False
final_input_token_layerwise,undisclosed,k3,oracle_posterior_gain,9,100.0,-0.0015287109155047163,False
final_input_token_layerwise,undisclosed,k3,oracle_posterior_gain,10,100.0,-0.001435847224655895,False
final_input_token_layerwise,undisclosed,k3,oracle_posterior_gain,11,100.0,-0.0014994394946086786,False
final_input_token_layerwise,undisclosed,k3,oracle_posterior_gain,12,100.0,-0.0017006219647870413,False
final_input_token_layerwise,undisclosed,k3,oracle_posterior_gain,13,100.0,-0.0018866985845684692,False
final_input_token_layerwise,undisclosed,k3,oracle_posterior_gain,14,100.0,-0.001762618514867309,False
final_input_token_layerwise,undisclosed,k3,oracle_posterior_gain,15,100.0,-0.002063244813970133,False
final_input_token_layerwise,undisclosed,k3,oracle_posterior_gain,16,100.0,-0.001760467735895499,False
final_input_token_layerwise,undisclosed,k3,oracle_posterior_gain,17,100.0,-0.0014716207479929522,False
final_input_token_layerwise,undisclosed,k3,oracle_posterior_gain,18,100.0,-0.0016226286820555103,False
final_input_token_layerwise,undisclosed,k3,oracle_posterior_gain,19,100.0,-0.0012360080473736157,False
final_input_token_layerwise,undisclosed,k3,oracle_posterior_gain,20,100.0,-0.0008758928942660948,False
final_input_token_layerwise,undisclosed,k3,oracle_posterior_gain,21,100.0,-0.00017143911670000622,False
final_input_token_layerwise,undisclosed,k3,oracle_posterior_gain,22,100.0,-0.00018263632276963038,False
final_input_token_layerwise,undisclosed,k3,oracle_posterior_gain,23,100.0,0.0005971388217370088,False
final_input_token_layerwise,undisclosed,k3,oracle_posterior_gain,24,100.0,0.000984452854637552,False
final_input_token_layerwise,undisclosed,k3,oracle_posterior_gain,25,100.0,0.0009609962490670643,False
final_input_token_layerwise,undisclosed,k3,oracle_posterior_gain,26,100.0,0.0010162163423394488,False
final_input_token_layerwise,undisclosed,k3,oracle_posterior_gain,27,100.0,0.00113499038521514,True
final_input_token_layerwise,undisclosed,k3,oracle_posterior_gain,28,100.0,0.0007491057974602366,False
final_input_token_layerwise,undisclosed,k3,oracle_posterior_gain,29,100.0,0.000809696054525022,False
final_input_token_layerwise,undisclosed,k3,oracle_posterior_gain,30,100.0,0.0004719378732725432,False
final_input_token_layerwise,undisclosed,k3,oracle_posterior_gain,31,100.0,-3.003914329613444e-06,False
final_input_token_layerwise,undisclosed,k3,oracle_posterior_gain,32,100.0,-0.00024997919821351244,False
final_input_token_layerwise,undisclosed,k3,oracle_posterior_gain,33,100.0,-0.0002153803409516708,False
final_input_token_layerwise,undisclosed,k3,oracle_posterior_gain,34,100.0,-0.00015166413384656852,False
final_input_token_layerwise,undisclosed,k3,oracle_posterior_gain,35,100.0,-0.0001703050888987867,False
final_input_token_layerwise,undisclosed,k3,oracle_posterior_gain,36,100.0,0.0002994792035346805,False
final_input_token_layerwise,undisclosed,k6,gain,0,0.0001,0.0,False
final_input_token_layerwise,undisclosed,k6,gain,1,100.0,-0.0001536370385537278,False
final_input_token_layerwise,undisclosed,k6,gain,2,100.0,-0.0007238098444475038,False
final_input_token_layerwise,undisclosed,k6,gain,3,100.0,-0.0007574478549377539,False
final_input_token_layerwise,undisclosed,k6,gain,4,100.0,-0.0007613525893224726,False
final_input_token_layerwise,undisclosed,k6,gain,5,100.0,-0.0002199807457995695,False
final_input_token_layerwise,undisclosed,k6,gain,6,100.0,-8.256555802277354e-05,False
final_input_token_layerwise,undisclosed,k6,gain,7,100.0,-0.0002950736396546694,False
final_input_token_layerwise,undisclosed,k6,gain,8,100.0,-0.0004264088157808765,False
final_input_token_layerwise,undisclosed,k6,gain,9,100.0,-0.0005598870535702127,False
final_input_token_layerwise,undisclosed,k6,gain,10,100.0,-0.0005723710240300994,False
final_input_token_layerwise,undisclosed,k6,gain,11,100.0,-0.0005043246700122961,False
final_input_token_layerwise,undisclosed,k6,gain,12,100.0,-0.0003008624461525722,False
final_input_token_layerwise,undisclosed,k6,gain,13,100.0,-0.00021571691792413028,False
final_input_token_layerwise,undisclosed,k6,gain,14,3.0,0.0018119812422332238,False
final_input_token_layerwise,undisclosed,k6,gain,15,100.0,3.66241121939892e-05,False
final_input_token_layerwise,undisclosed,k6,gain,16,100.0,0.0001638012288419921,False
final_input_token_layerwise,undisclosed,k6,gain,17,100.0,-0.00040910095755047893,False
final_input_token_layerwise,undisclosed,k6,gain,18,100.0,-0.0005018146803272838,False
final_input_token_layerwise,undisclosed,k6,gain,19,100.0,-0.0007176300510731426,False
final_input_token_layerwise,undisclosed,k6,gain,20,100.0,-0.00033290766587679155,False
final_input_token_layerwise,undisclosed,k6,gain,21,100.0,-0.0003866017814518341,False
final_input_token_layerwise,undisclosed,k6,gain,22,100.0,-0.00035510774702696146,False
final_input_token_layerwise,undisclosed,k6,gain,23,100.0,-0.0004344545923879173,False
final_input_token_layerwise,undisclosed,k6,gain,24,100.0,-0.000132031385415593,False
final_input_token_layerwise,undisclosed,k6,gain,25,3.0,0.004554484870386705,False
final_input_token_layerwise,undisclosed,k6,gain,26,3.0,0.007895965163556895,False
final_input_token_layerwise,undisclosed,k6,gain,27,3.0,0.00955289991108041,False
final_input_token_layerwise,undisclosed,k6,gain,28,3.0,0.011666523969557557,False
final_input_token_layerwise,undisclosed,k6,gain,29,3.0,0.012297393000475554,False
final_input_token_layerwise,undisclosed,k6,gain,30,3.0,0.014455806871090382,False
final_input_token_layerwise,undisclosed,k6,gain,31,3.0,0.020439415206927103,True
final_input_token_layerwise,undisclosed,k6,gain,32,3.0,0.01567669530486443,False
final_input_token_layerwise,undisclosed,k6,gain,33,3.0,0.010411931347679843,False
final_input_token_layerwise,undisclosed,k6,gain,34,3.0,0.010031731880240341,False
final_input_token_layerwise,undisclosed,k6,gain,35,3.0,0.01219647760805953,False
final_input_token_layerwise,undisclosed,k6,gain,36,3.0,0.011705301405297991,False
final_input_token_layerwise,undisclosed,k6,response_residual,0,0.0001,-2.7755575615628914e-17,False
final_input_token_layerwise,undisclosed,k6,response_residual,1,100.0,0.00023235790924097666,False
final_input_token_layerwise,undisclosed,k6,response_residual,2,100.0,-0.0006225995214535207,False
final_input_token_layerwise,undisclosed,k6,response_residual,3,100.0,-0.0007140887491901837,False
final_input_token_layerwise,undisclosed,k6,response_residual,4,100.0,-0.000784315616062764,False
final_input_token_layerwise,undisclosed,k6,response_residual,5,100.0,-0.0005723704628097237,False
final_input_token_layerwise,undisclosed,k6,response_residual,6,100.0,-0.0004969867805917905,False
final_input_token_layerwise,undisclosed,k6,response_residual,7,100.0,-0.0006130678810135071,False
final_input_token_layerwise,undisclosed,k6,response_residual,8,100.0,-0.0007117379560612758,False
final_input_token_layerwise,undisclosed,k6,response_residual,9,100.0,-0.0006032588647699455,False
final_input_token_layerwise,undisclosed,k6,response_residual,10,100.0,-0.0006789057723769476,False
final_input_token_layerwise,undisclosed,k6,response_residual,11,100.0,-0.0007450343350637045,False
final_input_token_layerwise,undisclosed,k6,response_residual,12,100.0,-0.0006234119153046003,False
final_input_token_layerwise,undisclosed,k6,response_residual,13,100.0,-0.0007223243244455779,False
final_input_token_layerwise,undisclosed,k6,response_residual,14,100.0,-0.0004062705811522793,False
final_input_token_layerwise,undisclosed,k6,response_residual,15,100.0,-0.00020992548695697444,False
final_input_token_layerwise,undisclosed,k6,response_residual,16,100.0,-3.6877273032143165e-05,False
final_input_token_layerwise,undisclosed,k6,response_residual,17,100.0,-0.000317204475650118,False
final_input_token_layerwise,undisclosed,k6,response_residual,18,100.0,-0.000645687340089407,False
final_input_token_layerwise,undisclosed,k6,response_residual,19,100.0,-0.0008497081846079724,False
final_input_token_layerwise,undisclosed,k6,response_residual,20,100.0,-0.0005573100146138155,False
final_input_token_layerwise,undisclosed,k6,response_residual,21,100.0,-0.0007037739308633495,False
final_input_token_layerwise,undisclosed,k6,response_residual,22,100.0,-0.0006678423061867722,False
final_input_token_layerwise,undisclosed,k6,response_residual,23,100.0,-0.00038228567304504635,False
final_input_token_layerwise,undisclosed,k6,response_residual,24,100.0,7.328312171248075e-05,False
final_input_token_layerwise,undisclosed,k6,response_residual,25,100.0,0.0006737871242807891,False
final_input_token_layerwise,undisclosed,k6,response_residual,26,3.0,0.0015570075385329396,False
final_input_token_layerwise,undisclosed,k6,response_residual,27,3.0,0.005340017460902402,False
final_input_token_layerwise,undisclosed,k6,response_residual,28,3.0,0.004750003429831812,False
final_input_token_layerwise,undisclosed,k6,response_residual,29,3.0,0.006848121794529094,False
final_input_token_layerwise,undisclosed,k6,response_residual,30,3.0,0.006941158085246202,False
final_input_token_layerwise,undisclosed,k6,response_residual,31,3.0,0.011710240955124546,True
final_input_token_layerwise,undisclosed,k6,response_residual,32,3.0,0.008698313373844663,False
final_input_token_layerwise,undisclosed,k6,response_residual,33,3.0,0.005539956490448555,False
final_input_token_layerwise,undisclosed,k6,response_residual,34,3.0,0.0045899976280341925,False
final_input_token_layerwise,undisclosed,k6,response_residual,35,3.0,0.006627320015337362,False
final_input_token_layerwise,undisclosed,k6,response_residual,36,3.0,0.0035984273818473467,False
final_input_token_layerwise,undisclosed,k6,last_target_observation,0,0.0001,-2.7755575615628914e-17,False
final_input_token_layerwise,undisclosed,k6,last_target_observation,1,100.0,-0.0018017710627009076,False
final_input_token_layerwise,undisclosed,k6,last_target_observation,2,100.0,-5.6911623766059405e-05,False
final_input_token_layerwise,undisclosed,k6,last_target_observation,3,100.0,-0.0006649350445890045,False
final_input_token_layerwise,undisclosed,k6,last_target_observation,4,100.0,-0.00040702483507795706,False
final_input_token_layerwise,undisclosed,k6,last_target_observation,5,100.0,-0.0004938479515047833,False
final_input_token_layerwise,undisclosed,k6,last_target_observation,6,100.0,-0.0001439399991755852,False
final_input_token_layerwise,undisclosed,k6,last_target_observation,7,100.0,-1.201682898105405e-05,False
final_input_token_layerwise,undisclosed,k6,last_target_observation,8,3.0,0.0055138045803860836,False
final_input_token_layerwise,undisclosed,k6,last_target_observation,9,3.0,0.0031010213873081116,False
final_input_token_layerwise,undisclosed,k6,last_target_observation,10,3.0,0.006584318286114249,False
final_input_token_layerwise,undisclosed,k6,last_target_observation,11,3.0,0.00933800932417525,False
final_input_token_layerwise,undisclosed,k6,last_target_observation,12,3.0,0.007917134712386559,False
final_input_token_layerwise,undisclosed,k6,last_target_observation,13,3.0,0.009720275598500139,False
final_input_token_layerwise,undisclosed,k6,last_target_observation,14,3.0,0.00633253654803087,False
final_input_token_layerwise,undisclosed,k6,last_target_observation,15,3.0,0.012581725527717663,False
final_input_token_layerwise,undisclosed,k6,last_target_observation,16,3.0,0.009132156813352527,False
final_input_token_layerwise,undisclosed,k6,last_target_observation,17,3.0,0.00522600140856197,False
final_input_token_layerwise,undisclosed,k6,last_target_observation,18,3.0,0.021361070402532212,False
final_input_token_layerwise,undisclosed,k6,last_target_observation,19,3.0,0.01740703596616111,False
final_input_token_layerwise,undisclosed,k6,last_target_observation,20,3.0,0.016052188684531815,False
final_input_token_layerwise,undisclosed,k6,last_target_observation,21,3.0,0.006494459587531198,False
final_input_token_layerwise,undisclosed,k6,last_target_observation,22,3.0,0.0022019700201796055,False
final_input_token_layerwise,undisclosed,k6,last_target_observation,23,100.0,0.0003953931632318941,False
final_input_token_layerwise,undisclosed,k6,last_target_observation,24,100.0,0.00017674950984603033,False
final_input_token_layerwise,undisclosed,k6,last_target_observation,25,100.0,0.000929877713147842,False
final_input_token_layerwise,undisclosed,k6,last_target_observation,26,3.0,0.006590756658747865,False
final_input_token_layerwise,undisclosed,k6,last_target_observation,27,3.0,0.001736113238237913,False
final_input_token_layerwise,undisclosed,k6,last_target_observation,28,3.0,0.005311479893238907,False
final_input_token_layerwise,undisclosed,k6,last_target_observation,29,100.0,0.0011460054425787292,False
final_input_token_layerwise,undisclosed,k6,last_target_observation,30,3.0,0.013366230706179177,False
final_input_token_layerwise,undisclosed,k6,last_target_observation,31,3.0,0.011959139412382136,False
final_input_token_layerwise,undisclosed,k6,last_target_observation,32,3.0,0.012429679661401238,False
final_input_token_layerwise,undisclosed,k6,last_target_observation,33,3.0,0.013862019484591037,False
final_input_token_layerwise,undisclosed,k6,last_target_observation,34,3.0,0.021095794034882154,False
final_input_token_layerwise,undisclosed,k6,last_target_observation,35,3.0,0.023802977767026168,True
final_input_token_layerwise,undisclosed,k6,last_target_observation,36,3.0,0.02355785164824495,False
final_input_token_layerwise,undisclosed,k6,target_observation_mean,0,0.0001,2.7755575615628914e-17,False
final_input_token_layerwise,undisclosed,k6,target_observation_mean,1,3.0,0.0008420403955430311,False
final_input_token_layerwise,undisclosed,k6,target_observation_mean,2,100.0,0.000499746912590443,False
final_input_token_layerwise,undisclosed,k6,target_observation_mean,3,100.0,3.508450162800769e-05,False
final_input_token_layerwise,undisclosed,k6,target_observation_mean,4,3.0,0.00201571444407736,False
final_input_token_layerwise,undisclosed,k6,target_observation_mean,5,3.0,0.007296841029929058,False
final_input_token_layerwise,undisclosed,k6,target_observation_mean,6,3.0,0.008721257684521838,False
final_input_token_layerwise,undisclosed,k6,target_observation_mean,7,3.0,0.012652894402989417,False
final_input_token_layerwise,undisclosed,k6,target_observation_mean,8,3.0,0.011810741286258392,False
final_input_token_layerwise,undisclosed,k6,target_observation_mean,9,3.0,0.015053439998395313,False
final_input_token_layerwise,undisclosed,k6,target_observation_mean,10,3.0,0.006004228136355677,False
final_input_token_layerwise,undisclosed,k6,target_observation_mean,11,100.0,0.0005998821014428224,False
final_input_token_layerwise,undisclosed,k6,target_observation_mean,12,3.0,0.006546128822178171,False
final_input_token_layerwise,undisclosed,k6,target_observation_mean,13,3.0,0.00280825008772434,False
final_input_token_layerwise,undisclosed,k6,target_observation_mean,14,3.0,0.009481160305498587,False
final_input_token_layerwise,undisclosed,k6,target_observation_mean,15,3.0,0.008144020079742742,False
final_input_token_layerwise,undisclosed,k6,target_observation_mean,16,3.0,0.012506106463798489,False
final_input_token_layerwise,undisclosed,k6,target_observation_mean,17,3.0,0.018254234574614142,False
final_input_token_layerwise,undisclosed,k6,target_observation_mean,18,3.0,0.016085850791761808,False
final_input_token_layerwise,undisclosed,k6,target_observation_mean,19,3.0,0.010575299493182228,False
final_input_token_layerwise,undisclosed,k6,target_observation_mean,20,3.0,0.014158225696455834,False
final_input_token_layerwise,undisclosed,k6,target_observation_mean,21,3.0,0.029244660108526832,False
final_input_token_layerwise,undisclosed,k6,target_observation_mean,22,3.0,0.031221289198249957,False
final_input_token_layerwise,undisclosed,k6,target_observation_mean,23,3.0,0.030697346787922908,False
final_input_token_layerwise,undisclosed,k6,target_observation_mean,24,3.0,0.03694895720345104,False
final_input_token_layerwise,undisclosed,k6,target_observation_mean,25,3.0,0.03714720610924227,False
final_input_token_layerwise,undisclosed,k6,target_observation_mean,26,3.0,0.03133624357171527,False
final_input_token_layerwise,undisclosed,k6,target_observation_mean,27,3.0,0.03411736557060868,False
final_input_token_layerwise,undisclosed,k6,target_observation_mean,28,3.0,0.03503492773086572,False
final_input_token_layerwise,undisclosed,k6,target_observation_mean,29,3.0,0.031082172191515406,False
final_input_token_layerwise,undisclosed,k6,target_observation_mean,30,3.0,0.0411389023927837,False
final_input_token_layerwise,undisclosed,k6,target_observation_mean,31,3.0,0.0399952068940706,False
final_input_token_layerwise,undisclosed,k6,target_observation_mean,32,3.0,0.04281615394294405,False
final_input_token_layerwise,undisclosed,k6,target_observation_mean,33,3.0,0.04810437089012462,True
final_input_token_layerwise,undisclosed,k6,target_observation_mean,34,3.0,0.038275982341718445,False
final_input_token_layerwise,undisclosed,k6,target_observation_mean,35,3.0,0.033527563047365594,False
final_input_token_layerwise,undisclosed,k6,target_observation_mean,36,3.0,0.03013189559436602,False
final_input_token_layerwise,undisclosed,k6,target_time_slope,0,0.0001,0.0,False
final_input_token_layerwise,undisclosed,k6,target_time_slope,1,100.0,-0.001422154177600582,False
final_input_token_layerwise,undisclosed,k6,target_time_slope,2,100.0,-0.0022511793594833795,False
final_input_token_layerwise,undisclosed,k6,target_time_slope,3,100.0,-0.0023949490454243105,False
final_input_token_layerwise,undisclosed,k6,target_time_slope,4,100.0,-0.0019675246583144568,False
final_input_token_layerwise,undisclosed,k6,target_time_slope,5,100.0,-0.0014948390340181195,False
final_input_token_layerwise,undisclosed,k6,target_time_slope,6,100.0,-0.0015791155835651605,False
final_input_token_layerwise,undisclosed,k6,target_time_slope,7,100.0,-0.0014788259984471475,False
final_input_token_layerwise,undisclosed,k6,target_time_slope,8,100.0,-0.0006024393996074406,False
final_input_token_layerwise,undisclosed,k6,target_time_slope,9,100.0,-0.0006526031769087393,False
final_input_token_layerwise,undisclosed,k6,target_time_slope,10,100.0,-0.00030645034736451193,False
final_input_token_layerwise,undisclosed,k6,target_time_slope,11,100.0,-0.0002773435528718171,False
final_input_token_layerwise,undisclosed,k6,target_time_slope,12,100.0,-0.0005311531983711038,False
final_input_token_layerwise,undisclosed,k6,target_time_slope,13,100.0,-0.00019779144972414953,False
final_input_token_layerwise,undisclosed,k6,target_time_slope,14,100.0,-0.00016619130637329782,False
final_input_token_layerwise,undisclosed,k6,target_time_slope,15,3.0,0.012139432620034252,True
final_input_token_layerwise,undisclosed,k6,target_time_slope,16,3.0,0.00734401959326908,False
final_input_token_layerwise,undisclosed,k6,target_time_slope,17,3.0,0.004596049612311304,False
final_input_token_layerwise,undisclosed,k6,target_time_slope,18,3.0,0.010515991975724531,False
final_input_token_layerwise,undisclosed,k6,target_time_slope,19,100.0,7.69878321714157e-05,False
final_input_token_layerwise,undisclosed,k6,target_time_slope,20,100.0,0.00016681037143584376,False
final_input_token_layerwise,undisclosed,k6,target_time_slope,21,100.0,-0.00022434147706984486,False
final_input_token_layerwise,undisclosed,k6,target_time_slope,22,100.0,-0.0004234764737038599,False
final_input_token_layerwise,undisclosed,k6,target_time_slope,23,100.0,-0.0009426244530998107,False
final_input_token_layerwise,undisclosed,k6,target_time_slope,24,100.0,-0.0012890363263358684,False
final_input_token_layerwise,undisclosed,k6,target_time_slope,25,100.0,-0.0007882601406218326,False
final_input_token_layerwise,undisclosed,k6,target_time_slope,26,100.0,-0.0005200955148078057,False
final_input_token_layerwise,undisclosed,k6,target_time_slope,27,100.0,-0.0006558163234876846,False
final_input_token_layerwise,undisclosed,k6,target_time_slope,28,100.0,-0.00037884814237118536,False
final_input_token_layerwise,undisclosed,k6,target_time_slope,29,100.0,-0.00019531100331590667,False
final_input_token_layerwise,undisclosed,k6,target_time_slope,30,100.0,0.00045227741136680266,False
final_input_token_layerwise,undisclosed,k6,target_time_slope,31,100.0,0.0005131941689651698,False
final_input_token_layerwise,undisclosed,k6,target_time_slope,32,100.0,0.0004940277098925971,False
final_input_token_layerwise,undisclosed,k6,target_time_slope,33,100.0,0.0009613089546092191,False
final_input_token_layerwise,undisclosed,k6,target_time_slope,34,100.0,0.001367349654059824,False
final_input_token_layerwise,undisclosed,k6,target_time_slope,35,100.0,0.0012318029743844106,False
final_input_token_layerwise,undisclosed,k6,target_time_slope,36,100.0,0.001137706369743724,False
final_input_token_layerwise,undisclosed,k6,displayed_driver_outcome_slope,0,0.0001,-5.551115123125783e-17,False
final_input_token_layerwise,undisclosed,k6,displayed_driver_outcome_slope,1,100.0,-0.0015678320689694325,False
final_input_token_layerwise,undisclosed,k6,displayed_driver_outcome_slope,2,100.0,-0.000506246847429781,False
final_input_token_layerwise,undisclosed,k6,displayed_driver_outcome_slope,3,100.0,-0.0002946187414829826,False
final_input_token_layerwise,undisclosed,k6,displayed_driver_outcome_slope,4,100.0,-0.00025168803435945963,False
final_input_token_layerwise,undisclosed,k6,displayed_driver_outcome_slope,5,3.0,0.0038731956062810213,False
final_input_token_layerwise,undisclosed,k6,displayed_driver_outcome_slope,6,3.0,0.0019545341244979753,False
final_input_token_layerwise,undisclosed,k6,displayed_driver_outcome_slope,7,3.0,0.0030509960125605085,False
final_input_token_layerwise,undisclosed,k6,displayed_driver_outcome_slope,8,3.0,0.011972097740946402,False
final_input_token_layerwise,undisclosed,k6,displayed_driver_outcome_slope,9,3.0,0.012907124456766866,False
final_input_token_layerwise,undisclosed,k6,displayed_driver_outcome_slope,10,3.0,0.012744549722206844,False
final_input_token_layerwise,undisclosed,k6,displayed_driver_outcome_slope,11,3.0,0.012993830918683752,True
final_input_token_layerwise,undisclosed,k6,displayed_driver_outcome_slope,12,3.0,0.0020483333081759425,False
final_input_token_layerwise,undisclosed,k6,displayed_driver_outcome_slope,13,100.0,0.00013890002466260265,False
final_input_token_layerwise,undisclosed,k6,displayed_driver_outcome_slope,14,3.0,0.001784927990185925,False
final_input_token_layerwise,undisclosed,k6,displayed_driver_outcome_slope,15,100.0,9.280814938866788e-06,False
final_input_token_layerwise,undisclosed,k6,displayed_driver_outcome_slope,16,100.0,0.0002140611174407947,False
final_input_token_layerwise,undisclosed,k6,displayed_driver_outcome_slope,17,100.0,6.364398387570525e-05,False
final_input_token_layerwise,undisclosed,k6,displayed_driver_outcome_slope,18,3.0,0.0033306397869469484,False
final_input_token_layerwise,undisclosed,k6,displayed_driver_outcome_slope,19,3.0,0.006010208680766571,False
final_input_token_layerwise,undisclosed,k6,displayed_driver_outcome_slope,20,100.0,0.0005985029180600177,False
final_input_token_layerwise,undisclosed,k6,displayed_driver_outcome_slope,21,100.0,0.0007006840992826446,False
final_input_token_layerwise,undisclosed,k6,displayed_driver_outcome_slope,22,3.0,0.005237299628767428,False
final_input_token_layerwise,undisclosed,k6,displayed_driver_outcome_slope,23,3.0,0.011637704795650322,False
final_input_token_layerwise,undisclosed,k6,displayed_driver_outcome_slope,24,3.0,0.002943586129010939,False
final_input_token_layerwise,undisclosed,k6,displayed_driver_outcome_slope,25,3.0,0.008808904086335972,False
final_input_token_layerwise,undisclosed,k6,displayed_driver_outcome_slope,26,3.0,0.005548406289772989,False
final_input_token_layerwise,undisclosed,k6,displayed_driver_outcome_slope,27,3.0,0.006622213066232979,False
final_input_token_layerwise,undisclosed,k6,displayed_driver_outcome_slope,28,3.0,0.0033532469037041435,False
final_input_token_layerwise,undisclosed,k6,displayed_driver_outcome_slope,29,3.0,0.00998577579504284,False
final_input_token_layerwise,undisclosed,k6,displayed_driver_outcome_slope,30,3.0,0.004252648637581513,False
final_input_token_layerwise,undisclosed,k6,displayed_driver_outcome_slope,31,3.0,0.001700190959676856,False
final_input_token_layerwise,undisclosed,k6,displayed_driver_outcome_slope,32,3.0,0.004908407894879896,False
final_input_token_layerwise,undisclosed,k6,displayed_driver_outcome_slope,33,3.0,0.001867844930689283,False
final_input_token_layerwise,undisclosed,k6,displayed_driver_outcome_slope,34,3.0,0.0032488096665240773,False
final_input_token_layerwise,undisclosed,k6,displayed_driver_outcome_slope,35,3.0,0.0007244366630808075,False
final_input_token_layerwise,undisclosed,k6,displayed_driver_outcome_slope,36,3.0,0.0013377302763472876,False
final_input_token_layerwise,undisclosed,k6,oracle_posterior_gain,0,0.0001,-5.551115123125783e-17,False
final_input_token_layerwise,undisclosed,k6,oracle_posterior_gain,1,100.0,-0.0006347038005864447,False
final_input_token_layerwise,undisclosed,k6,oracle_posterior_gain,2,100.0,6.904097138094034e-05,False
final_input_token_layerwise,undisclosed,k6,oracle_posterior_gain,3,3.0,0.001555838502942275,False
final_input_token_layerwise,undisclosed,k6,oracle_posterior_gain,4,3.0,0.0038722442200206375,False
final_input_token_layerwise,undisclosed,k6,oracle_posterior_gain,5,3.0,0.00746018102608928,False
final_input_token_layerwise,undisclosed,k6,oracle_posterior_gain,6,3.0,0.00855774945948809,False
final_input_token_layerwise,undisclosed,k6,oracle_posterior_gain,7,3.0,0.003365446398232247,False
final_input_token_layerwise,undisclosed,k6,oracle_posterior_gain,8,3.0,0.011018564310414342,False
final_input_token_layerwise,undisclosed,k6,oracle_posterior_gain,9,3.0,0.0022574085119502763,False
final_input_token_layerwise,undisclosed,k6,oracle_posterior_gain,10,3.0,0.006919937456685954,False
final_input_token_layerwise,undisclosed,k6,oracle_posterior_gain,11,3.0,0.00105792370514865,False
final_input_token_layerwise,undisclosed,k6,oracle_posterior_gain,12,3.0,0.005918764832979095,False
final_input_token_layerwise,undisclosed,k6,oracle_posterior_gain,13,3.0,0.012723931051973947,False
final_input_token_layerwise,undisclosed,k6,oracle_posterior_gain,14,3.0,0.02061803474475299,True
final_input_token_layerwise,undisclosed,k6,oracle_posterior_gain,15,3.0,0.015064660223218035,False
final_input_token_layerwise,undisclosed,k6,oracle_posterior_gain,16,3.0,0.017156560618944272,False
final_input_token_layerwise,undisclosed,k6,oracle_posterior_gain,17,3.0,0.009043670801706899,False
final_input_token_layerwise,undisclosed,k6,oracle_posterior_gain,18,3.0,0.00937629012470223,False
final_input_token_layerwise,undisclosed,k6,oracle_posterior_gain,19,100.0,-0.0001490455229329335,False
final_input_token_layerwise,undisclosed,k6,oracle_posterior_gain,20,100.0,0.00028940315935499505,False
final_input_token_layerwise,undisclosed,k6,oracle_posterior_gain,21,3.0,0.006574176023845357,False
final_input_token_layerwise,undisclosed,k6,oracle_posterior_gain,22,3.0,0.0005582723079674834,False
final_input_token_layerwise,undisclosed,k6,oracle_posterior_gain,23,100.0,8.288936677477987e-05,False
final_input_token_layerwise,undisclosed,k6,oracle_posterior_gain,24,100.0,-3.892553171394586e-05,False
final_input_token_layerwise,undisclosed,k6,oracle_posterior_gain,25,100.0,0.00034644539223058213,False
final_input_token_layerwise,undisclosed,k6,oracle_posterior_gain,26,3.0,0.003713884111499588,False
final_input_token_layerwise,undisclosed,k6,oracle_posterior_gain,27,3.0,0.003982958675101067,False
final_input_token_layerwise,undisclosed,k6,oracle_posterior_gain,28,3.0,0.0013771394302795614,False
final_input_token_layerwise,undisclosed,k6,oracle_posterior_gain,29,100.0,8.989558570451917e-05,False
final_input_token_layerwise,undisclosed,k6,oracle_posterior_gain,30,3.0,0.0006755886787657706,False
final_input_token_layerwise,undisclosed,k6,oracle_posterior_gain,31,3.0,0.0048228073837894014,False
final_input_token_layerwise,undisclosed,k6,oracle_posterior_gain,32,3.0,0.0006863572130254292,False
final_input_token_layerwise,undisclosed,k6,oracle_posterior_gain,33,100.0,0.00023624117490514407,False
final_input_token_layerwise,undisclosed,k6,oracle_posterior_gain,34,100.0,0.0002598957309174199,False
final_input_token_layerwise,undisclosed,k6,oracle_posterior_gain,35,100.0,0.0007495420736716163,False
final_input_token_layerwise,undisclosed,k6,oracle_posterior_gain,36,100.0,0.000733516452746219,False
final_input_token_layerwise,undisclosed,k9,gain,0,0.0001,0.0,False
final_input_token_layerwise,undisclosed,k9,gain,1,100.0,-2.3789235634286143e-05,False
final_input_token_layerwise,undisclosed,k9,gain,2,3.0,0.00994551466995372,False
final_input_token_layerwise,undisclosed,k9,gain,3,3.0,0.008769578048312576,False
final_input_token_layerwise,undisclosed,k9,gain,4,3.0,0.006096328357078684,False
final_input_token_layerwise,undisclosed,k9,gain,5,3.0,0.005250601661107107,False
final_input_token_layerwise,undisclosed,k9,gain,6,3.0,0.013467209136604597,False
final_input_token_layerwise,undisclosed,k9,gain,7,3.0,0.010370064987759858,False
final_input_token_layerwise,undisclosed,k9,gain,8,3.0,0.0030110858897030024,False
final_input_token_layerwise,undisclosed,k9,gain,9,3.0,0.004820288136055201,False
final_input_token_layerwise,undisclosed,k9,gain,10,3.0,0.005051701408621739,False
final_input_token_layerwise,undisclosed,k9,gain,11,3.0,0.005137135449994945,False
final_input_token_layerwise,undisclosed,k9,gain,12,3.0,0.004314395863747211,False
final_input_token_layerwise,undisclosed,k9,gain,13,3.0,0.004018621557501878,False
final_input_token_layerwise,undisclosed,k9,gain,14,100.0,0.0002485479960711301,False
final_input_token_layerwise,undisclosed,k9,gain,15,100.0,6.951244635458598e-05,False
final_input_token_layerwise,undisclosed,k9,gain,16,100.0,-0.00023604954264799805,False
final_input_token_layerwise,undisclosed,k9,gain,17,100.0,4.168990676076123e-05,False
final_input_token_layerwise,undisclosed,k9,gain,18,100.0,0.00030250920667918013,False
final_input_token_layerwise,undisclosed,k9,gain,19,3.0,0.0013323770974392746,False
final_input_token_layerwise,undisclosed,k9,gain,20,3.0,0.005924731495044688,False
final_input_token_layerwise,undisclosed,k9,gain,21,3.0,0.008802720151221799,False
final_input_token_layerwise,undisclosed,k9,gain,22,3.0,0.005023085290992879,False
final_input_token_layerwise,undisclosed,k9,gain,23,0.1,0.018404239516850773,False
final_input_token_layerwise,undisclosed,k9,gain,24,0.1,0.02926608835056299,True
final_input_token_layerwise,undisclosed,k9,gain,25,3.0,0.01577774567681406,False
final_input_token_layerwise,undisclosed,k9,gain,26,3.0,0.008018863193447051,False
final_input_token_layerwise,undisclosed,k9,gain,27,3.0,0.007509361260943592,False
final_input_token_layerwise,undisclosed,k9,gain,28,3.0,0.0042950560738719,False
final_input_token_layerwise,undisclosed,k9,gain,29,3.0,0.0012977191043215819,False
final_input_token_layerwise,undisclosed,k9,gain,30,3.0,0.0025818373431906183,False
final_input_token_layerwise,undisclosed,k9,gain,31,3.0,0.001252829052692278,False
final_input_token_layerwise,undisclosed,k9,gain,32,100.0,0.0010074319552165478,False
final_input_token_layerwise,undisclosed,k9,gain,33,100.0,0.0007786205217600872,False
final_input_token_layerwise,undisclosed,k9,gain,34,100.0,0.0007091084366831757,False
final_input_token_layerwise,undisclosed,k9,gain,35,100.0,0.0007313735648133979,False
final_input_token_layerwise,undisclosed,k9,gain,36,100.0,0.0006656548899253711,False
final_input_token_layerwise,undisclosed,k9,response_residual,0,0.0001,-2.7755575615628914e-17,False
final_input_token_layerwise,undisclosed,k9,response_residual,1,100.0,0.0001691383284396497,False
final_input_token_layerwise,undisclosed,k9,response_residual,2,3.0,0.004777949412170024,False
final_input_token_layerwise,undisclosed,k9,response_residual,3,3.0,0.0042375114710743456,False
final_input_token_layerwise,undisclosed,k9,response_residual,4,3.0,0.0027738975830099988,False
final_input_token_layerwise,undisclosed,k9,response_residual,5,3.0,0.0018179214962849854,False
final_input_token_layerwise,undisclosed,k9,response_residual,6,3.0,0.008160842209092939,True
final_input_token_layerwise,undisclosed,k9,response_residual,7,3.0,0.0034287195073681997,False
final_input_token_layerwise,undisclosed,k9,response_residual,8,100.0,0.00014042317120438463,False
final_input_token_layerwise,undisclosed,k9,response_residual,9,100.0,0.00032370656306163204,False
final_input_token_layerwise,undisclosed,k9,response_residual,10,100.0,0.00013179182058886685,False
final_input_token_layerwise,undisclosed,k9,response_residual,11,100.0,0.00025825707706722545,False
final_input_token_layerwise,undisclosed,k9,response_residual,12,100.0,0.00011586407335559268,False
final_input_token_layerwise,undisclosed,k9,response_residual,13,100.0,5.2495000893770793e-05,False
final_input_token_layerwise,undisclosed,k9,response_residual,14,100.0,3.158806110936663e-05,False
final_input_token_layerwise,undisclosed,k9,response_residual,15,100.0,-0.00011459427396665056,False
final_input_token_layerwise,undisclosed,k9,response_residual,16,100.0,-0.0002672987020948536,False
final_input_token_layerwise,undisclosed,k9,response_residual,17,100.0,-0.00014958417426028103,False
final_input_token_layerwise,undisclosed,k9,response_residual,18,100.0,-4.82259338120683e-05,False
final_input_token_layerwise,undisclosed,k9,response_residual,19,100.0,0.00015973387903139846,False
final_input_token_layerwise,undisclosed,k9,response_residual,20,100.0,0.0003357108088285765,False
final_input_token_layerwise,undisclosed,k9,response_residual,21,100.0,0.0004717057119139889,False
final_input_token_layerwise,undisclosed,k9,response_residual,22,100.0,0.00025363908046774353,False
final_input_token_layerwise,undisclosed,k9,response_residual,23,3.0,0.00256712811089721,False
final_input_token_layerwise,undisclosed,k9,response_residual,24,3.0,0.0023180639605857034,False
final_input_token_layerwise,undisclosed,k9,response_residual,25,3.0,0.0021797263785195142,False
final_input_token_layerwise,undisclosed,k9,response_residual,26,100.0,0.0003126831025340726,False
final_input_token_layerwise,undisclosed,k9,response_residual,27,100.0,0.0003271189880066361,False
final_input_token_layerwise,undisclosed,k9,response_residual,28,100.0,0.00027818886281893995,False
final_input_token_layerwise,undisclosed,k9,response_residual,29,100.0,0.0001545905055987673,False
final_input_token_layerwise,undisclosed,k9,response_residual,30,100.0,0.0005542018064029763,False
final_input_token_layerwise,undisclosed,k9,response_residual,31,100.0,0.0004853423184452976,False
final_input_token_layerwise,undisclosed,k9,response_residual,32,100.0,0.0005351436281731403,False
final_input_token_layerwise,undisclosed,k9,response_residual,33,100.0,0.00028448724488797095,False
final_input_token_layerwise,undisclosed,k9,response_residual,34,100.0,0.0001652681117049748,False
final_input_token_layerwise,undisclosed,k9,response_residual,35,100.0,0.00011363906284275749,False
final_input_token_layerwise,undisclosed,k9,response_residual,36,100.0,3.188213820518038e-05,False
final_input_token_layerwise,undisclosed,k9,last_target_observation,0,0.0001,1.3877787807814457e-16,False
final_input_token_layerwise,undisclosed,k9,last_target_observation,1,100.0,1.990424546088887e-05,False
final_input_token_layerwise,undisclosed,k9,last_target_observation,2,100.0,0.00017315868748238317,False
final_input_token_layerwise,undisclosed,k9,last_target_observation,3,3.0,0.009511663209157556,False
final_input_token_layerwise,undisclosed,k9,last_target_observation,4,0.1,0.013872723634014206,True
final_input_token_layerwise,undisclosed,k9,last_target_observation,5,3.0,0.00015856638497854791,False
final_input_token_layerwise,undisclosed,k9,last_target_observation,6,100.0,-2.8897758145601804e-05,False
final_input_token_layerwise,undisclosed,k9,last_target_observation,7,100.0,1.3681568873463723e-05,False
final_input_token_layerwise,undisclosed,k9,last_target_observation,8,100.0,-1.255755492807209e-05,False
final_input_token_layerwise,undisclosed,k9,last_target_observation,9,3.0,0.0006722950573543052,False
final_input_token_layerwise,undisclosed,k9,last_target_observation,10,3.0,0.006985440698269285,False
final_input_token_layerwise,undisclosed,k9,last_target_observation,11,3.0,0.013220061504046116,False
final_input_token_layerwise,undisclosed,k9,last_target_observation,12,3.0,0.01219046496069301,False
final_input_token_layerwise,undisclosed,k9,last_target_observation,13,3.0,0.01223919457323977,False
final_input_token_layerwise,undisclosed,k9,last_target_observation,14,3.0,0.005320245337612606,False
final_input_token_layerwise,undisclosed,k9,last_target_observation,15,3.0,0.0036996249917155555,False
final_input_token_layerwise,undisclosed,k9,last_target_observation,16,3.0,-3.1628158021212993e-06,False
final_input_token_layerwise,undisclosed,k9,last_target_observation,17,3.0,0.0019420024931718904,False
final_input_token_layerwise,undisclosed,k9,last_target_observation,18,100.0,-0.0009665793570226011,False
final_input_token_layerwise,undisclosed,k9,last_target_observation,19,100.0,-0.0010718777726714812,False
final_input_token_layerwise,undisclosed,k9,last_target_observation,20,100.0,-0.0014736928041674813,False
final_input_token_layerwise,undisclosed,k9,last_target_observation,21,100.0,-0.0014115273907845949,False
final_input_token_layerwise,undisclosed,k9,last_target_observation,22,100.0,-0.0013348972558612504,False
final_input_token_layerwise,undisclosed,k9,last_target_observation,23,100.0,-0.0013769612589368263,False
final_input_token_layerwise,undisclosed,k9,last_target_observation,24,100.0,-0.0018314165191223308,False
final_input_token_layerwise,undisclosed,k9,last_target_observation,25,100.0,-0.0014685772117640217,False
final_input_token_layerwise,undisclosed,k9,last_target_observation,26,100.0,-0.001165450454036987,False
final_input_token_layerwise,undisclosed,k9,last_target_observation,27,100.0,-0.001441610424336326,False
final_input_token_layerwise,undisclosed,k9,last_target_observation,28,100.0,-0.0014747512927154038,False
final_input_token_layerwise,undisclosed,k9,last_target_observation,29,100.0,-0.001263927978332413,False
final_input_token_layerwise,undisclosed,k9,last_target_observation,30,100.0,-0.0015512996108981159,False
final_input_token_layerwise,undisclosed,k9,last_target_observation,31,100.0,-0.0015895162912215044,False
final_input_token_layerwise,undisclosed,k9,last_target_observation,32,100.0,-0.0010359435728342081,False
final_input_token_layerwise,undisclosed,k9,last_target_observation,33,100.0,-0.0014530917731415682,False
final_input_token_layerwise,undisclosed,k9,last_target_observation,34,100.0,-0.0013724095171364636,False
final_input_token_layerwise,undisclosed,k9,last_target_observation,35,100.0,-0.0012957410121074708,False
final_input_token_layerwise,undisclosed,k9,last_target_observation,36,100.0,-0.0012600925980043587,False
final_input_token_layerwise,undisclosed,k9,target_observation_mean,0,0.0001,3.885780586188048e-16,False
final_input_token_layerwise,undisclosed,k9,target_observation_mean,1,100.0,9.789332510132254e-05,False
final_input_token_layerwise,undisclosed,k9,target_observation_mean,2,3.0,0.014049838090444328,False
final_input_token_layerwise,undisclosed,k9,target_observation_mean,3,3.0,0.007155249252502133,False
final_input_token_layerwise,undisclosed,k9,target_observation_mean,4,3.0,0.006410625317593149,False
final_input_token_layerwise,undisclosed,k9,target_observation_mean,5,3.0,0.006377609746744922,False
final_input_token_layerwise,undisclosed,k9,target_observation_mean,6,3.0,0.010916833561367578,False
final_input_token_layerwise,undisclosed,k9,target_observation_mean,7,3.0,0.010894108232191196,False
final_input_token_layerwise,undisclosed,k9,target_observation_mean,8,3.0,0.004662627216293319,False
final_input_token_layerwise,undisclosed,k9,target_observation_mean,9,3.0,0.005502953596277088,False
final_input_token_layerwise,undisclosed,k9,target_observation_mean,10,100.0,0.00013038815575583396,False
final_input_token_layerwise,undisclosed,k9,target_observation_mean,11,3.0,0.004440312233852883,False
final_input_token_layerwise,undisclosed,k9,target_observation_mean,12,3.0,0.007748507043001257,False
final_input_token_layerwise,undisclosed,k9,target_observation_mean,13,3.0,0.009898509978386372,False
final_input_token_layerwise,undisclosed,k9,target_observation_mean,14,3.0,0.013144070665577323,False
final_input_token_layerwise,undisclosed,k9,target_observation_mean,15,100.0,0.00020427332546660293,False
final_input_token_layerwise,undisclosed,k9,target_observation_mean,16,100.0,-3.304820566774058e-05,False
final_input_token_layerwise,undisclosed,k9,target_observation_mean,17,100.0,0.00029505547688130074,False
final_input_token_layerwise,undisclosed,k9,target_observation_mean,18,3.0,0.005849981883124827,False
final_input_token_layerwise,undisclosed,k9,target_observation_mean,19,3.0,0.006425848203721801,False
final_input_token_layerwise,undisclosed,k9,target_observation_mean,20,3.0,0.011235286591042198,False
final_input_token_layerwise,undisclosed,k9,target_observation_mean,21,3.0,0.003659439852726376,False
final_input_token_layerwise,undisclosed,k9,target_observation_mean,22,3.0,0.010221446364586773,False
final_input_token_layerwise,undisclosed,k9,target_observation_mean,23,3.0,0.01647487692843788,False
final_input_token_layerwise,undisclosed,k9,target_observation_mean,24,3.0,0.028656690014307318,False
final_input_token_layerwise,undisclosed,k9,target_observation_mean,25,3.0,0.03170787658231897,False
final_input_token_layerwise,undisclosed,k9,target_observation_mean,26,3.0,0.026454775285423282,False
final_input_token_layerwise,undisclosed,k9,target_observation_mean,27,3.0,0.027897220186056393,False
final_input_token_layerwise,undisclosed,k9,target_observation_mean,28,3.0,0.03641044737139959,True
final_input_token_layerwise,undisclosed,k9,target_observation_mean,29,3.0,0.030013292447659184,False
final_input_token_layerwise,undisclosed,k9,target_observation_mean,30,3.0,0.01966166673454664,False
final_input_token_layerwise,undisclosed,k9,target_observation_mean,31,3.0,0.017968069360883715,False
final_input_token_layerwise,undisclosed,k9,target_observation_mean,32,3.0,0.017777589656098297,False
final_input_token_layerwise,undisclosed,k9,target_observation_mean,33,3.0,0.013938199387619948,False
final_input_token_layerwise,undisclosed,k9,target_observation_mean,34,3.0,0.0052679875543804044,False
final_input_token_layerwise,undisclosed,k9,target_observation_mean,35,3.0,0.00970703836791914,False
final_input_token_layerwise,undisclosed,k9,target_observation_mean,36,3.0,0.013065707172907698,False
final_input_token_layerwise,undisclosed,k9,target_time_slope,0,0.0001,0.0,False
final_input_token_layerwise,undisclosed,k9,target_time_slope,1,3.0,0.002420528647357839,False
final_input_token_layerwise,undisclosed,k9,target_time_slope,2,3.0,0.0015109217669064812,False
final_input_token_layerwise,undisclosed,k9,target_time_slope,3,3.0,0.0031091366649023122,False
final_input_token_layerwise,undisclosed,k9,target_time_slope,4,100.0,-0.00018762294515028977,False
final_input_token_layerwise,undisclosed,k9,target_time_slope,5,100.0,0.0001103222357889122,False
final_input_token_layerwise,undisclosed,k9,target_time_slope,6,100.0,-0.00010564834878268314,False
final_input_token_layerwise,undisclosed,k9,target_time_slope,7,100.0,-8.011111931680026e-05,False
final_input_token_layerwise,undisclosed,k9,target_time_slope,8,100.0,-1.3361728394917227e-05,False
final_input_token_layerwise,undisclosed,k9,target_time_slope,9,100.0,9.801658665767321e-05,False
final_input_token_layerwise,undisclosed,k9,target_time_slope,10,100.0,0.00017115077847149052,False
final_input_token_layerwise,undisclosed,k9,target_time_slope,11,3.0,0.003850147811966159,True
final_input_token_layerwise,undisclosed,k9,target_time_slope,12,3.0,0.0029668721919302032,False
final_input_token_layerwise,undisclosed,k9,target_time_slope,13,100.0,0.0006312130578995101,False
final_input_token_layerwise,undisclosed,k9,target_time_slope,14,100.0,0.00043608207717790726,False
final_input_token_layerwise,undisclosed,k9,target_time_slope,15,100.0,0.00012241242427996069,False
final_input_token_layerwise,undisclosed,k9,target_time_slope,16,100.0,-0.0003637545178663826,False
final_input_token_layerwise,undisclosed,k9,target_time_slope,17,100.0,-2.5695905457007173e-05,False
final_input_token_layerwise,undisclosed,k9,target_time_slope,18,100.0,-0.00011362748941715073,False
final_input_token_layerwise,undisclosed,k9,target_time_slope,19,100.0,0.00026948668247392393,False
final_input_token_layerwise,undisclosed,k9,target_time_slope,20,100.0,0.0002932787939858572,False
final_input_token_layerwise,undisclosed,k9,target_time_slope,21,100.0,0.00024948141574654414,False
final_input_token_layerwise,undisclosed,k9,target_time_slope,22,100.0,0.0006043639347606544,False
final_input_token_layerwise,undisclosed,k9,target_time_slope,23,100.0,0.00023875731496442176,False
final_input_token_layerwise,undisclosed,k9,target_time_slope,24,100.0,-0.0001628034782451271,False
final_input_token_layerwise,undisclosed,k9,target_time_slope,25,100.0,0.0001888626174167407,False
final_input_token_layerwise,undisclosed,k9,target_time_slope,26,100.0,0.00042502181515896575,False
final_input_token_layerwise,undisclosed,k9,target_time_slope,27,100.0,0.00013904482108179073,False
final_input_token_layerwise,undisclosed,k9,target_time_slope,28,100.0,0.0001773981992997109,False
final_input_token_layerwise,undisclosed,k9,target_time_slope,29,100.0,0.00033398049385308104,False
final_input_token_layerwise,undisclosed,k9,target_time_slope,30,100.0,-0.00011887502425991792,False
final_input_token_layerwise,undisclosed,k9,target_time_slope,31,100.0,-0.0005358356235387884,False
final_input_token_layerwise,undisclosed,k9,target_time_slope,32,100.0,-4.7085955688364045e-06,False
final_input_token_layerwise,undisclosed,k9,target_time_slope,33,100.0,-0.00018240339973135677,False
final_input_token_layerwise,undisclosed,k9,target_time_slope,34,100.0,-0.00078779901953141,False
final_input_token_layerwise,undisclosed,k9,target_time_slope,35,100.0,-0.0007361726769948562,False
final_input_token_layerwise,undisclosed,k9,target_time_slope,36,100.0,-0.0009334423866747821,False
final_input_token_layerwise,undisclosed,k9,displayed_driver_outcome_slope,0,0.0001,-1.1102230246251565e-16,False
final_input_token_layerwise,undisclosed,k9,displayed_driver_outcome_slope,1,100.0,-0.0005473607708858519,False
final_input_token_layerwise,undisclosed,k9,displayed_driver_outcome_slope,2,100.0,3.710054130195983e-05,False
final_input_token_layerwise,undisclosed,k9,displayed_driver_outcome_slope,3,100.0,0.0001632946976537486,False
final_input_token_layerwise,undisclosed,k9,displayed_driver_outcome_slope,4,3.0,0.005006944543349989,False
final_input_token_layerwise,undisclosed,k9,displayed_driver_outcome_slope,5,3.0,0.005688633201513138,False
final_input_token_layerwise,undisclosed,k9,displayed_driver_outcome_slope,6,3.0,0.000966147095128822,False
final_input_token_layerwise,undisclosed,k9,displayed_driver_outcome_slope,7,100.0,-0.0005736794201695039,False
final_input_token_layerwise,undisclosed,k9,displayed_driver_outcome_slope,8,100.0,-0.000567050489775095,False
final_input_token_layerwise,undisclosed,k9,displayed_driver_outcome_slope,9,100.0,-0.000659286066214404,False
final_input_token_layerwise,undisclosed,k9,displayed_driver_outcome_slope,10,100.0,-0.0005264064982649641,False
final_input_token_layerwise,undisclosed,k9,displayed_driver_outcome_slope,11,100.0,-0.0007822016949477206,False
final_input_token_layerwise,undisclosed,k9,displayed_driver_outcome_slope,12,100.0,-0.0006843139299541612,False
final_input_token_layerwise,undisclosed,k9,displayed_driver_outcome_slope,13,100.0,-0.000573883688603366,False
final_input_token_layerwise,undisclosed,k9,displayed_driver_outcome_slope,14,3.0,0.0063327468435596945,False
final_input_token_layerwise,undisclosed,k9,displayed_driver_outcome_slope,15,3.0,0.006220045042280131,False
final_input_token_layerwise,undisclosed,k9,displayed_driver_outcome_slope,16,3.0,0.00821637580817075,True
final_input_token_layerwise,undisclosed,k9,displayed_driver_outcome_slope,17,3.0,0.0039690090007088175,False
final_input_token_layerwise,undisclosed,k9,displayed_driver_outcome_slope,18,100.0,-0.0005688514770142983,False
final_input_token_layerwise,undisclosed,k9,displayed_driver_outcome_slope,19,3.0,0.005165886566863481,False
final_input_token_layerwise,undisclosed,k9,displayed_driver_outcome_slope,20,3.0,0.00558890257517633,False
final_input_token_layerwise,undisclosed,k9,displayed_driver_outcome_slope,21,3.0,0.0007908777960278501,False
final_input_token_layerwise,undisclosed,k9,displayed_driver_outcome_slope,22,3.0,0.0012318869196372706,False
final_input_token_layerwise,undisclosed,k9,displayed_driver_outcome_slope,23,100.0,-0.0005564770773211769,False
final_input_token_layerwise,undisclosed,k9,displayed_driver_outcome_slope,24,3.0,0.0044118474147915865,False
final_input_token_layerwise,undisclosed,k9,displayed_driver_outcome_slope,25,3.0,0.005424370114075344,False
final_input_token_layerwise,undisclosed,k9,displayed_driver_outcome_slope,26,3.0,0.003997974830186851,False
final_input_token_layerwise,undisclosed,k9,displayed_driver_outcome_slope,27,3.0,0.0032828057421106227,False
final_input_token_layerwise,undisclosed,k9,displayed_driver_outcome_slope,28,100.0,-0.0003380892757668952,False
final_input_token_layerwise,undisclosed,k9,displayed_driver_outcome_slope,29,100.0,-0.0006119751235316162,False
final_input_token_layerwise,undisclosed,k9,displayed_driver_outcome_slope,30,100.0,-0.0006652475319717799,False
final_input_token_layerwise,undisclosed,k9,displayed_driver_outcome_slope,31,100.0,-0.0006099381488701705,False
final_input_token_layerwise,undisclosed,k9,displayed_driver_outcome_slope,32,100.0,-0.0007300100636317697,False
final_input_token_layerwise,undisclosed,k9,displayed_driver_outcome_slope,33,100.0,-0.000525054891090837,False
final_input_token_layerwise,undisclosed,k9,displayed_driver_outcome_slope,34,100.0,-0.0006517810865216134,False
final_input_token_layerwise,undisclosed,k9,displayed_driver_outcome_slope,35,100.0,-0.0006479631228277216,False
final_input_token_layerwise,undisclosed,k9,displayed_driver_outcome_slope,36,100.0,-0.0005371038877971246,False
final_input_token_layerwise,undisclosed,k9,oracle_posterior_gain,0,0.0001,0.0,False
final_input_token_layerwise,undisclosed,k9,oracle_posterior_gain,1,100.0,-0.00023809069078917222,False
final_input_token_layerwise,undisclosed,k9,oracle_posterior_gain,2,100.0,-4.477649788767191e-05,False
final_input_token_layerwise,undisclosed,k9,oracle_posterior_gain,3,100.0,-0.000293739123358977,False
final_input_token_layerwise,undisclosed,k9,oracle_posterior_gain,4,100.0,8.024758991642678e-05,False
final_input_token_layerwise,undisclosed,k9,oracle_posterior_gain,5,3.0,0.00011861439445537414,False
final_input_token_layerwise,undisclosed,k9,oracle_posterior_gain,6,3.0,0.008124963413055714,False
final_input_token_layerwise,undisclosed,k9,oracle_posterior_gain,7,0.1,0.017115661133635163,True
final_input_token_layerwise,undisclosed,k9,oracle_posterior_gain,8,3.0,0.007982798706753141,False
final_input_token_layerwise,undisclosed,k9,oracle_posterior_gain,9,100.0,5.808979726568131e-05,False
final_input_token_layerwise,undisclosed,k9,oracle_posterior_gain,10,100.0,0.00017822798705710574,False
final_input_token_layerwise,undisclosed,k9,oracle_posterior_gain,11,3.0,0.0008014755008227958,False
final_input_token_layerwise,undisclosed,k9,oracle_posterior_gain,12,100.0,6.16614342424937e-05,False
final_input_token_layerwise,undisclosed,k9,oracle_posterior_gain,13,100.0,-8.10454971445218e-05,False
final_input_token_layerwise,undisclosed,k9,oracle_posterior_gain,14,100.0,-0.00023607770369904468,False
final_input_token_layerwise,undisclosed,k9,oracle_posterior_gain,15,100.0,-0.00024018470063386088,False
final_input_token_layerwise,undisclosed,k9,oracle_posterior_gain,16,100.0,-0.0002427325139630343,False
final_input_token_layerwise,undisclosed,k9,oracle_posterior_gain,17,100.0,-0.00015646374185374068,False
final_input_token_layerwise,undisclosed,k9,oracle_posterior_gain,18,3.0,0.001493837676713905,False
final_input_token_layerwise,undisclosed,k9,oracle_posterior_gain,19,3.0,0.0014733236407818706,False
final_input_token_layerwise,undisclosed,k9,oracle_posterior_gain,20,100.0,0.0003026748458484496,False
final_input_token_layerwise,undisclosed,k9,oracle_posterior_gain,21,100.0,0.00024197023998034917,False
final_input_token_layerwise,undisclosed,k9,oracle_posterior_gain,22,100.0,0.00010077418410045502,False
final_input_token_layerwise,undisclosed,k9,oracle_posterior_gain,23,100.0,0.0001730583773392469,False
final_input_token_layerwise,undisclosed,k9,oracle_posterior_gain,24,100.0,-5.238242738853094e-05,False
final_input_token_layerwise,undisclosed,k9,oracle_posterior_gain,25,100.0,-0.00019045317875565626,False
final_input_token_layerwise,undisclosed,k9,oracle_posterior_gain,26,100.0,-0.00029200348517166574,False
final_input_token_layerwise,undisclosed,k9,oracle_posterior_gain,27,100.0,-0.00029634619029339504,False
final_input_token_layerwise,undisclosed,k9,oracle_posterior_gain,28,100.0,-0.00034681916940887403,False
final_input_token_layerwise,undisclosed,k9,oracle_posterior_gain,29,100.0,-0.0007324899471505275,False
final_input_token_layerwise,undisclosed,k9,oracle_posterior_gain,30,100.0,-0.0008276452287950542,False
final_input_token_layerwise,undisclosed,k9,oracle_posterior_gain,31,100.0,-0.0009476531646416264,False
final_input_token_layerwise,undisclosed,k9,oracle_posterior_gain,32,100.0,-0.0009936161647562947,False
final_input_token_layerwise,undisclosed,k9,oracle_posterior_gain,33,100.0,-0.0008941234304444545,False
final_input_token_layerwise,undisclosed,k9,oracle_posterior_gain,34,100.0,-0.0011285325435305416,False
final_input_token_layerwise,undisclosed,k9,oracle_posterior_gain,35,100.0,-0.0009760320311277826,False
final_input_token_layerwise,undisclosed,k9,oracle_posterior_gain,36,100.0,-0.000953718470562942,False
final_input_token_layerwise,undisclosed,pooled,gain,0,0.0001,0.0,False
final_input_token_layerwise,undisclosed,pooled,gain,1,100.0,-0.000390193067686756,False
final_input_token_layerwise,undisclosed,pooled,gain,2,100.0,0.0003950357020932234,False
final_input_token_layerwise,undisclosed,pooled,gain,3,100.0,-0.0007414458173775803,False
final_input_token_layerwise,undisclosed,pooled,gain,4,100.0,-0.0017080682544495147,False
final_input_token_layerwise,undisclosed,pooled,gain,5,100.0,-0.0008906059183193168,False
final_input_token_layerwise,undisclosed,pooled,gain,6,100.0,0.00048680955179545665,False
final_input_token_layerwise,undisclosed,pooled,gain,7,100.0,-0.0006906487053775409,False
final_input_token_layerwise,undisclosed,pooled,gain,8,100.0,-0.0010983351406163948,False
final_input_token_layerwise,undisclosed,pooled,gain,9,100.0,0.00017442670537987093,False
final_input_token_layerwise,undisclosed,pooled,gain,10,100.0,-0.00034150748735363906,False
final_input_token_layerwise,undisclosed,pooled,gain,11,100.0,-0.00026569195980074195,False
final_input_token_layerwise,undisclosed,pooled,gain,12,100.0,0.0011434302314581684,False
final_input_token_layerwise,undisclosed,pooled,gain,13,100.0,0.0008521144153876189,False
final_input_token_layerwise,undisclosed,pooled,gain,14,100.0,0.001973767415062333,False
final_input_token_layerwise,undisclosed,pooled,gain,15,100.0,0.00010655347911355435,False
final_input_token_layerwise,undisclosed,pooled,gain,16,100.0,-0.0007566033606989653,False
final_input_token_layerwise,undisclosed,pooled,gain,17,100.0,-0.0009335611118149734,False
final_input_token_layerwise,undisclosed,pooled,gain,18,100.0,-0.0013287140225026288,False
final_input_token_layerwise,undisclosed,pooled,gain,19,100.0,-0.00043984923327394787,False
final_input_token_layerwise,undisclosed,pooled,gain,20,100.0,0.0013974745264400772,False
final_input_token_layerwise,undisclosed,pooled,gain,21,100.0,0.0024011150058619126,False
final_input_token_layerwise,undisclosed,pooled,gain,22,100.0,0.0008551859610308743,False
final_input_token_layerwise,undisclosed,pooled,gain,23,100.0,0.0026885629130660358,False
final_input_token_layerwise,undisclosed,pooled,gain,24,100.0,0.0018817697203358148,False
final_input_token_layerwise,undisclosed,pooled,gain,25,100.0,0.0035472754810965588,False
final_input_token_layerwise,undisclosed,pooled,gain,26,100.0,0.003093996043686098,False
final_input_token_layerwise,undisclosed,pooled,gain,27,100.0,0.0038148864785708856,False
final_input_token_layerwise,undisclosed,pooled,gain,28,100.0,0.0035171245832590534,False
final_input_token_layerwise,undisclosed,pooled,gain,29,100.0,0.002662667961798972,False
final_input_token_layerwise,undisclosed,pooled,gain,30,100.0,0.005339884681265626,False
final_input_token_layerwise,undisclosed,pooled,gain,31,100.0,0.006039079167499277,False
final_input_token_layerwise,undisclosed,pooled,gain,32,100.0,0.0056820090407231905,False
final_input_token_layerwise,undisclosed,pooled,gain,33,100.0,0.004574477632941054,False
final_input_token_layerwise,undisclosed,pooled,gain,34,100.0,0.00604615715598561,False
final_input_token_layerwise,undisclosed,pooled,gain,35,100.0,0.0067099944724094696,True
final_input_token_layerwise,undisclosed,pooled,gain,36,100.0,0.005787584416437924,False
final_input_token_layerwise,undisclosed,pooled,response_residual,0,0.0001,-2.7755575615628914e-17,False
final_input_token_layerwise,undisclosed,pooled,response_residual,1,100.0,0.0011880772698687943,False
final_input_token_layerwise,undisclosed,pooled,response_residual,2,100.0,-0.00033480521949288966,False
final_input_token_layerwise,undisclosed,pooled,response_residual,3,100.0,-0.000877970436238773,False
final_input_token_layerwise,undisclosed,pooled,response_residual,4,100.0,-0.0014831537591864785,False
final_input_token_layerwise,undisclosed,pooled,response_residual,5,100.0,-0.0028070161110841005,False
final_input_token_layerwise,undisclosed,pooled,response_residual,6,100.0,-0.0008278740827450393,False
final_input_token_layerwise,undisclosed,pooled,response_residual,7,100.0,-0.0027051721916146187,False
final_input_token_layerwise,undisclosed,pooled,response_residual,8,100.0,-0.00252510943562582,False
final_input_token_layerwise,undisclosed,pooled,response_residual,9,100.0,-0.00033590072348572514,False
final_input_token_layerwise,undisclosed,pooled,response_residual,10,100.0,-0.0008858094459231006,False
final_input_token_layerwise,undisclosed,pooled,response_residual,11,100.0,-0.0005112394936005275,False
final_input_token_layerwise,undisclosed,pooled,response_residual,12,100.0,0.0005712589483649055,False
final_input_token_layerwise,undisclosed,pooled,response_residual,13,100.0,-0.00030087341123926265,False
final_input_token_layerwise,undisclosed,pooled,response_residual,14,100.0,-0.00010472157415352308,False
final_input_token_layerwise,undisclosed,pooled,response_residual,15,100.0,-0.001661062178638012,False
final_input_token_layerwise,undisclosed,pooled,response_residual,16,100.0,-0.0020633241246648484,False
final_input_token_layerwise,undisclosed,pooled,response_residual,17,100.0,-0.0021436780049304085,False
final_input_token_layerwise,undisclosed,pooled,response_residual,18,100.0,-0.0027848565855374727,False
final_input_token_layerwise,undisclosed,pooled,response_residual,19,100.0,-0.0016356900728443462,False
final_input_token_layerwise,undisclosed,pooled,response_residual,20,100.0,-8.782628125754884e-05,False
final_input_token_layerwise,undisclosed,pooled,response_residual,21,100.0,0.000634211396444373,False
final_input_token_layerwise,undisclosed,pooled,response_residual,22,100.0,-0.00021952303844760546,False
final_input_token_layerwise,undisclosed,pooled,response_residual,23,100.0,0.0018796897750134784,False
final_input_token_layerwise,undisclosed,pooled,response_residual,24,100.0,0.0019015173907558913,False
final_input_token_layerwise,undisclosed,pooled,response_residual,25,100.0,0.003736757586606835,False
final_input_token_layerwise,undisclosed,pooled,response_residual,26,100.0,0.003598685599970277,False
final_input_token_layerwise,undisclosed,pooled,response_residual,27,100.0,0.0042308700788582605,False
final_input_token_layerwise,undisclosed,pooled,response_residual,28,100.0,0.003886426114446303,False
final_input_token_layerwise,undisclosed,pooled,response_residual,29,100.0,0.0033888832628097,False
final_input_token_layerwise,undisclosed,pooled,response_residual,30,100.0,0.0055717678421057515,False
final_input_token_layerwise,undisclosed,pooled,response_residual,31,100.0,0.005716575468744628,True
final_input_token_layerwise,undisclosed,pooled,response_residual,32,100.0,0.005572143279431692,False
final_input_token_layerwise,undisclosed,pooled,response_residual,33,100.0,0.004295368314084243,False
final_input_token_layerwise,undisclosed,pooled,response_residual,34,100.0,0.005224711056546215,False
final_input_token_layerwise,undisclosed,pooled,response_residual,35,100.0,0.005495863100188171,False
final_input_token_layerwise,undisclosed,pooled,response_residual,36,100.0,0.004613683934232347,False
mean_embedding,disclosed,k3,gain,0,100.0,-0.001391327191043512,True
mean_embedding,disclosed,k3,response_residual,0,100.0,-0.0005631618135266692,True
mean_embedding,disclosed,k6,gain,0,100.0,2.3248449297075258e-06,True
mean_embedding,disclosed,k6,response_residual,0,100.0,0.0010143472627784367,True
mean_embedding,disclosed,k9,gain,0,100.0,-0.0006136966716942527,True
mean_embedding,disclosed,k9,response_residual,0,100.0,0.000836083005017918,True
mean_embedding,disclosed,pooled,gain,0,100.0,-0.00934444335362448,True
mean_embedding,disclosed,pooled,response_residual,0,100.0,-0.0014316542386622333,True
mean_embedding,undisclosed,k3,gain,0,100.0,-0.0016139994741432573,True
mean_embedding,undisclosed,k3,response_residual,0,100.0,-0.0007117376714019241,True
mean_embedding,undisclosed,k6,gain,0,100.0,-0.00015518359163588236,True
mean_embedding,undisclosed,k6,response_residual,0,100.0,0.0009546409976857462,True
mean_embedding,undisclosed,k9,gain,0,100.0,-0.0007582575926914636,True
mean_embedding,undisclosed,k9,response_residual,0,100.0,0.00080506034128347,True
mean_embedding,undisclosed,pooled,gain,0,100.0,-0.00936023457682337,True
mean_embedding,undisclosed,pooled,response_residual,0,100.0,-0.0014526475708017128,True
mean_final_layer,disclosed,k3,gain,0,100.0,-0.0002575894578054072,True
mean_final_layer,disclosed,k3,response_residual,0,100.0,-0.000497049055556753,True
mean_final_layer,disclosed,k6,gain,0,3.0,0.0027523768820877093,True
mean_final_layer,disclosed,k6,response_residual,0,100.0,-0.00011120517562127064,True
mean_final_layer,disclosed,k9,gain,0,0.1,0.018811977244778927,True
mean_final_layer,disclosed,k9,response_residual,0,3.0,0.0025302032803009578,True
mean_final_layer,disclosed,pooled,gain,0,100.0,0.0007265248743870504,True
mean_final_layer,disclosed,pooled,response_residual,0,100.0,-0.004652389742542738,True
mean_final_layer,undisclosed,k3,gain,0,100.0,-0.00010863912556241528,True
mean_final_layer,undisclosed,k3,response_residual,0,100.0,-0.00031618633642274685,True
mean_final_layer,undisclosed,k6,gain,0,3.0,0.004377483298340701,True
mean_final_layer,undisclosed,k6,response_residual,0,100.0,3.238165497884693e-05,True
mean_final_layer,undisclosed,k9,gain,0,3.0,0.01910759594922304,True
mean_final_layer,undisclosed,k9,response_residual,0,3.0,0.0061031038184173325,True
mean_final_layer,undisclosed,pooled,gain,0,100.0,0.002573745461092449,True
mean_final_layer,undisclosed,pooled,response_residual,0,100.0,-0.002615192159413147,True
