representation,train_disclosure,evidence,target,layer,alpha,cv_macro_development_baseline_r2,selected
final_input_token_layerwise,disclosed,k3,gain,0,0.0001,0.0,False
final_input_token_layerwise,disclosed,k3,gain,1,100.0,0.0004390992887546574,False
final_input_token_layerwise,disclosed,k3,gain,2,100.0,0.00099952346327975,False
final_input_token_layerwise,disclosed,k3,gain,3,100.0,0.0005619725962368871,False
final_input_token_layerwise,disclosed,k3,gain,4,100.0,0.0007780998933899497,False
final_input_token_layerwise,disclosed,k3,gain,5,100.0,0.00046625780725848,False
final_input_token_layerwise,disclosed,k3,gain,6,100.0,0.00021033332175030006,False
final_input_token_layerwise,disclosed,k3,gain,7,100.0,8.450910847371262e-05,False
final_input_token_layerwise,disclosed,k3,gain,8,100.0,0.00013128241231186166,False
final_input_token_layerwise,disclosed,k3,gain,9,100.0,-0.00011037297630991927,False
final_input_token_layerwise,disclosed,k3,gain,10,100.0,4.804194675697704e-05,False
final_input_token_layerwise,disclosed,k3,gain,11,100.0,9.162236440274363e-05,False
final_input_token_layerwise,disclosed,k3,gain,12,100.0,5.614110711665843e-05,False
final_input_token_layerwise,disclosed,k3,gain,13,100.0,0.0002715048755528582,False
final_input_token_layerwise,disclosed,k3,gain,14,100.0,0.0002465782292877805,False
final_input_token_layerwise,disclosed,k3,gain,15,100.0,0.000728082339824826,False
final_input_token_layerwise,disclosed,k3,gain,16,3.0,0.002056194043900811,False
final_input_token_layerwise,disclosed,k3,gain,17,3.0,0.008622044171887527,True
final_input_token_layerwise,disclosed,k3,gain,18,3.0,0.005337428729051269,False
final_input_token_layerwise,disclosed,k3,gain,19,3.0,0.004984844145782347,False
final_input_token_layerwise,disclosed,k3,gain,20,100.0,0.0009063272674120215,False
final_input_token_layerwise,disclosed,k3,gain,21,100.0,0.0010599257664644923,False
final_input_token_layerwise,disclosed,k3,gain,22,3.0,0.005901803113537052,False
final_input_token_layerwise,disclosed,k3,gain,23,100.0,0.0007816622163503151,False
final_input_token_layerwise,disclosed,k3,gain,24,100.0,0.000697583172887678,False
final_input_token_layerwise,disclosed,k3,gain,25,3.0,0.0029664167910769257,False
final_input_token_layerwise,disclosed,k3,gain,26,100.0,0.0004389589764212387,False
final_input_token_layerwise,disclosed,k3,gain,27,3.0,0.005914496974390282,False
final_input_token_layerwise,disclosed,k3,gain,28,3.0,0.0080379610982802,False
final_input_token_layerwise,disclosed,k3,gain,29,3.0,0.008084215221490137,False
final_input_token_layerwise,disclosed,k3,gain,30,3.0,0.0041238923170912045,False
final_input_token_layerwise,disclosed,k3,gain,31,100.0,0.0005277790928491788,False
final_input_token_layerwise,disclosed,k3,gain,32,100.0,0.0003675362323329878,False
final_input_token_layerwise,disclosed,k3,gain,33,100.0,0.0003749998454518899,False
final_input_token_layerwise,disclosed,k3,gain,34,100.0,0.0004861116865517434,False
final_input_token_layerwise,disclosed,k3,gain,35,100.0,0.00034261984941141854,False
final_input_token_layerwise,disclosed,k3,gain,36,100.0,0.00027581595576448015,False
final_input_token_layerwise,disclosed,k3,response_residual,0,0.0001,-2.7755575615628914e-17,False
final_input_token_layerwise,disclosed,k3,response_residual,1,100.0,0.00026927856534086914,False
final_input_token_layerwise,disclosed,k3,response_residual,2,100.0,0.00041001267253976126,False
final_input_token_layerwise,disclosed,k3,response_residual,3,100.0,0.0001100461087132909,False
final_input_token_layerwise,disclosed,k3,response_residual,4,100.0,0.0002831185275072867,False
final_input_token_layerwise,disclosed,k3,response_residual,5,100.0,-2.9658719811725964e-05,False
final_input_token_layerwise,disclosed,k3,response_residual,6,100.0,-5.563620298631999e-06,False
final_input_token_layerwise,disclosed,k3,response_residual,7,100.0,-0.00019148045286818127,False
final_input_token_layerwise,disclosed,k3,response_residual,8,100.0,-0.0001162101217437872,False
final_input_token_layerwise,disclosed,k3,response_residual,9,100.0,-0.00024347746585684504,False
final_input_token_layerwise,disclosed,k3,response_residual,10,100.0,1.2958894686471156e-05,False
final_input_token_layerwise,disclosed,k3,response_residual,11,100.0,0.00016362883926343552,False
final_input_token_layerwise,disclosed,k3,response_residual,12,100.0,-5.8471684265593016e-05,False
final_input_token_layerwise,disclosed,k3,response_residual,13,100.0,0.00017583166625653734,False
final_input_token_layerwise,disclosed,k3,response_residual,14,100.0,6.765387553192559e-05,False
final_input_token_layerwise,disclosed,k3,response_residual,15,100.0,0.00046862504733211074,False
final_input_token_layerwise,disclosed,k3,response_residual,16,100.0,0.0008447905901560748,False
final_input_token_layerwise,disclosed,k3,response_residual,17,100.0,0.0010624108530259968,False
final_input_token_layerwise,disclosed,k3,response_residual,18,100.0,0.0010539744889999647,False
final_input_token_layerwise,disclosed,k3,response_residual,19,100.0,0.001037180256641207,False
final_input_token_layerwise,disclosed,k3,response_residual,20,100.0,0.0006646965251211889,False
final_input_token_layerwise,disclosed,k3,response_residual,21,100.0,0.0009481254036400322,False
final_input_token_layerwise,disclosed,k3,response_residual,22,100.0,0.0011094045169009747,True
final_input_token_layerwise,disclosed,k3,response_residual,23,100.0,0.0005961143195500618,False
final_input_token_layerwise,disclosed,k3,response_residual,24,100.0,0.0004255845113891321,False
final_input_token_layerwise,disclosed,k3,response_residual,25,100.0,0.0005539450710404792,False
final_input_token_layerwise,disclosed,k3,response_residual,26,100.0,0.00016186403876275457,False
final_input_token_layerwise,disclosed,k3,response_residual,27,100.0,0.0004216720717346023,False
final_input_token_layerwise,disclosed,k3,response_residual,28,100.0,0.000675537070414095,False
final_input_token_layerwise,disclosed,k3,response_residual,29,100.0,0.0007994898460484123,False
final_input_token_layerwise,disclosed,k3,response_residual,30,100.0,0.0002627296551490077,False
final_input_token_layerwise,disclosed,k3,response_residual,31,100.0,0.00011212432086329938,False
final_input_token_layerwise,disclosed,k3,response_residual,32,100.0,-0.0001572964385508635,False
final_input_token_layerwise,disclosed,k3,response_residual,33,100.0,-0.00011830285201860913,False
final_input_token_layerwise,disclosed,k3,response_residual,34,100.0,-4.879772905191926e-05,False
final_input_token_layerwise,disclosed,k3,response_residual,35,100.0,-0.00018228864401315104,False
final_input_token_layerwise,disclosed,k3,response_residual,36,100.0,-0.0002402936560400859,False
final_input_token_layerwise,disclosed,k3,last_target_observation,0,0.0001,-8.326672684688674e-17,False
final_input_token_layerwise,disclosed,k3,last_target_observation,1,0.1,0.06733228722472354,False
final_input_token_layerwise,disclosed,k3,last_target_observation,2,0.1,0.020480250039369763,False
final_input_token_layerwise,disclosed,k3,last_target_observation,3,100.0,0.00046249818522117736,False
final_input_token_layerwise,disclosed,k3,last_target_observation,4,3.0,0.002710956941938375,False
final_input_token_layerwise,disclosed,k3,last_target_observation,5,100.0,0.00032796954430835967,False
final_input_token_layerwise,disclosed,k3,last_target_observation,6,100.0,0.00020385296902833416,False
final_input_token_layerwise,disclosed,k3,last_target_observation,7,100.0,0.0003421916830045335,False
final_input_token_layerwise,disclosed,k3,last_target_observation,8,100.0,0.0003386906407857049,False
final_input_token_layerwise,disclosed,k3,last_target_observation,9,100.0,0.000168176670393122,False
final_input_token_layerwise,disclosed,k3,last_target_observation,10,100.0,-0.00011690113896520304,False
final_input_token_layerwise,disclosed,k3,last_target_observation,11,100.0,-4.610447428121667e-05,False
final_input_token_layerwise,disclosed,k3,last_target_observation,12,100.0,5.857586103658052e-05,False
final_input_token_layerwise,disclosed,k3,last_target_observation,13,100.0,-0.00016790684947445844,False
final_input_token_layerwise,disclosed,k3,last_target_observation,14,100.0,-0.0006516242482999257,False
final_input_token_layerwise,disclosed,k3,last_target_observation,15,100.0,-0.000693259983467559,False
final_input_token_layerwise,disclosed,k3,last_target_observation,16,100.0,-0.000612209098200478,False
final_input_token_layerwise,disclosed,k3,last_target_observation,17,100.0,-0.0004528507780162394,False
final_input_token_layerwise,disclosed,k3,last_target_observation,18,3.0,0.0023342625722771737,False
final_input_token_layerwise,disclosed,k3,last_target_observation,19,3.0,0.00972653052407485,False
final_input_token_layerwise,disclosed,k3,last_target_observation,20,3.0,0.006957478842596149,False
final_input_token_layerwise,disclosed,k3,last_target_observation,21,0.1,0.07753106571510246,True
final_input_token_layerwise,disclosed,k3,last_target_observation,22,3.0,0.05205526819135134,False
final_input_token_layerwise,disclosed,k3,last_target_observation,23,3.0,0.04185837763125458,False
final_input_token_layerwise,disclosed,k3,last_target_observation,24,3.0,0.035937610887781274,False
final_input_token_layerwise,disclosed,k3,last_target_observation,25,3.0,0.03590217064109116,False
final_input_token_layerwise,disclosed,k3,last_target_observation,26,0.1,0.03352129235436638,False
final_input_token_layerwise,disclosed,k3,last_target_observation,27,0.1,0.0468410757192147,False
final_input_token_layerwise,disclosed,k3,last_target_observation,28,3.0,0.030140544978426442,False
final_input_token_layerwise,disclosed,k3,last_target_observation,29,3.0,0.02823776906809569,False
final_input_token_layerwise,disclosed,k3,last_target_observation,30,3.0,0.030451634491716173,False
final_input_token_layerwise,disclosed,k3,last_target_observation,31,3.0,0.029204886130221597,False
final_input_token_layerwise,disclosed,k3,last_target_observation,32,3.0,0.0327479303876341,False
final_input_token_layerwise,disclosed,k3,last_target_observation,33,3.0,0.02226680590754146,False
final_input_token_layerwise,disclosed,k3,last_target_observation,34,3.0,0.026296022851232642,False
final_input_token_layerwise,disclosed,k3,last_target_observation,35,3.0,0.026349461590340822,False
final_input_token_layerwise,disclosed,k3,last_target_observation,36,3.0,0.024278542689070814,False
final_input_token_layerwise,disclosed,k3,target_observation_mean,0,0.0001,5.551115123125783e-17,False
final_input_token_layerwise,disclosed,k3,target_observation_mean,1,3.0,0.05194356146265852,True
final_input_token_layerwise,disclosed,k3,target_observation_mean,2,3.0,0.016301692859093414,False
final_input_token_layerwise,disclosed,k3,target_observation_mean,3,3.0,0.006883953314708674,False
final_input_token_layerwise,disclosed,k3,target_observation_mean,4,3.0,0.014125370025241668,False
final_input_token_layerwise,disclosed,k3,target_observation_mean,5,3.0,0.006598034825708199,False
final_input_token_layerwise,disclosed,k3,target_observation_mean,6,3.0,0.004544235765181814,False
final_input_token_layerwise,disclosed,k3,target_observation_mean,7,3.0,0.0019982316516114207,False
final_input_token_layerwise,disclosed,k3,target_observation_mean,8,3.0,0.007113064096956556,False
final_input_token_layerwise,disclosed,k3,target_observation_mean,9,100.0,0.0006696025177720111,False
final_input_token_layerwise,disclosed,k3,target_observation_mean,10,100.0,0.0003218709422152244,False
final_input_token_layerwise,disclosed,k3,target_observation_mean,11,100.0,0.00017022645719777518,False
final_input_token_layerwise,disclosed,k3,target_observation_mean,12,100.0,0.00018238062175446323,False
final_input_token_layerwise,disclosed,k3,target_observation_mean,13,100.0,0.0002785084618288358,False
final_input_token_layerwise,disclosed,k3,target_observation_mean,14,100.0,0.00020296783683804165,False
final_input_token_layerwise,disclosed,k3,target_observation_mean,15,100.0,9.439949261169645e-05,False
final_input_token_layerwise,disclosed,k3,target_observation_mean,16,100.0,0.000603184234824139,False
final_input_token_layerwise,disclosed,k3,target_observation_mean,17,3.0,0.0036631911956952756,False
final_input_token_layerwise,disclosed,k3,target_observation_mean,18,3.0,0.006884224868327876,False
final_input_token_layerwise,disclosed,k3,target_observation_mean,19,3.0,0.0022031349317326587,False
final_input_token_layerwise,disclosed,k3,target_observation_mean,20,3.0,0.00589074872437198,False
final_input_token_layerwise,disclosed,k3,target_observation_mean,21,3.0,0.0418765576298451,False
final_input_token_layerwise,disclosed,k3,target_observation_mean,22,3.0,0.03516172301229478,False
final_input_token_layerwise,disclosed,k3,target_observation_mean,23,3.0,0.024400929344840505,False
final_input_token_layerwise,disclosed,k3,target_observation_mean,24,3.0,0.022409053210242613,False
final_input_token_layerwise,disclosed,k3,target_observation_mean,25,3.0,0.025438526870092848,False
final_input_token_layerwise,disclosed,k3,target_observation_mean,26,3.0,0.024650133850807887,False
final_input_token_layerwise,disclosed,k3,target_observation_mean,27,3.0,0.02823873889334591,False
final_input_token_layerwise,disclosed,k3,target_observation_mean,28,3.0,0.035418567051513083,False
final_input_token_layerwise,disclosed,k3,target_observation_mean,29,3.0,0.03601374957849038,False
final_input_token_layerwise,disclosed,k3,target_observation_mean,30,3.0,0.029431451161151118,False
final_input_token_layerwise,disclosed,k3,target_observation_mean,31,3.0,0.026984669355295726,False
final_input_token_layerwise,disclosed,k3,target_observation_mean,32,3.0,0.03367898019790047,False
final_input_token_layerwise,disclosed,k3,target_observation_mean,33,3.0,0.03140069266493725,False
final_input_token_layerwise,disclosed,k3,target_observation_mean,34,3.0,0.028248085336561785,False
final_input_token_layerwise,disclosed,k3,target_observation_mean,35,3.0,0.017526396381623316,False
final_input_token_layerwise,disclosed,k3,target_observation_mean,36,3.0,0.0188403548619408,False
final_input_token_layerwise,disclosed,k3,target_time_slope,0,0.0001,0.0,False
final_input_token_layerwise,disclosed,k3,target_time_slope,1,100.0,-0.0002864193194896114,False
final_input_token_layerwise,disclosed,k3,target_time_slope,2,100.0,-0.004216410556442091,False
final_input_token_layerwise,disclosed,k3,target_time_slope,3,100.0,-0.0026907109747447144,False
final_input_token_layerwise,disclosed,k3,target_time_slope,4,100.0,-0.001555468502900309,False
final_input_token_layerwise,disclosed,k3,target_time_slope,5,100.0,-0.001392846350442123,False
final_input_token_layerwise,disclosed,k3,target_time_slope,6,100.0,-0.001454933534781655,False
final_input_token_layerwise,disclosed,k3,target_time_slope,7,100.0,-0.001137557956789298,False
final_input_token_layerwise,disclosed,k3,target_time_slope,8,100.0,-0.0011204235325496248,False
final_input_token_layerwise,disclosed,k3,target_time_slope,9,100.0,-0.0008491209969497815,False
final_input_token_layerwise,disclosed,k3,target_time_slope,10,100.0,-0.0006018784776070929,False
final_input_token_layerwise,disclosed,k3,target_time_slope,11,100.0,-0.00031715330722240087,False
final_input_token_layerwise,disclosed,k3,target_time_slope,12,100.0,-0.00023803944262493215,False
final_input_token_layerwise,disclosed,k3,target_time_slope,13,100.0,-0.0003386153365913802,False
final_input_token_layerwise,disclosed,k3,target_time_slope,14,100.0,-0.0007158807495109831,False
final_input_token_layerwise,disclosed,k3,target_time_slope,15,100.0,-0.0009931760004658063,False
final_input_token_layerwise,disclosed,k3,target_time_slope,16,100.0,-0.0013119305455691621,False
final_input_token_layerwise,disclosed,k3,target_time_slope,17,100.0,-0.001428248284201572,False
final_input_token_layerwise,disclosed,k3,target_time_slope,18,100.0,-0.0008776127701670966,False
final_input_token_layerwise,disclosed,k3,target_time_slope,19,100.0,-0.0001728862789654173,False
final_input_token_layerwise,disclosed,k3,target_time_slope,20,100.0,-0.00042417304023614766,False
final_input_token_layerwise,disclosed,k3,target_time_slope,21,3.0,0.0077051246106118465,True
final_input_token_layerwise,disclosed,k3,target_time_slope,22,3.0,0.001248258082822279,False
final_input_token_layerwise,disclosed,k3,target_time_slope,23,100.0,-0.0005926948406507204,False
final_input_token_layerwise,disclosed,k3,target_time_slope,24,100.0,-0.0013802035854913464,False
final_input_token_layerwise,disclosed,k3,target_time_slope,25,100.0,-0.0014463449856174093,False
final_input_token_layerwise,disclosed,k3,target_time_slope,26,100.0,-0.0022036494696489606,False
final_input_token_layerwise,disclosed,k3,target_time_slope,27,100.0,-0.0021049341401927213,False
final_input_token_layerwise,disclosed,k3,target_time_slope,28,100.0,-0.00203636365315249,False
final_input_token_layerwise,disclosed,k3,target_time_slope,29,100.0,-0.0023497846275021828,False
final_input_token_layerwise,disclosed,k3,target_time_slope,30,100.0,-0.0023945740617872524,False
final_input_token_layerwise,disclosed,k3,target_time_slope,31,100.0,-0.0025524139392885115,False
final_input_token_layerwise,disclosed,k3,target_time_slope,32,100.0,-0.002552587466662315,False
final_input_token_layerwise,disclosed,k3,target_time_slope,33,100.0,-0.002860358785512329,False
final_input_token_layerwise,disclosed,k3,target_time_slope,34,100.0,-0.002614361534714782,False
final_input_token_layerwise,disclosed,k3,target_time_slope,35,100.0,-0.002324482457780608,False
final_input_token_layerwise,disclosed,k3,target_time_slope,36,100.0,-0.0020491451425814766,False
final_input_token_layerwise,disclosed,k3,displayed_driver_outcome_slope,0,0.0001,5.551115123125783e-17,False
final_input_token_layerwise,disclosed,k3,displayed_driver_outcome_slope,1,100.0,-0.0015117157286539395,False
final_input_token_layerwise,disclosed,k3,displayed_driver_outcome_slope,2,3.0,0.032005193437585344,False
final_input_token_layerwise,disclosed,k3,displayed_driver_outcome_slope,3,3.0,0.03960236073534221,True
final_input_token_layerwise,disclosed,k3,displayed_driver_outcome_slope,4,3.0,0.029969468475874145,False
final_input_token_layerwise,disclosed,k3,displayed_driver_outcome_slope,5,3.0,0.03483417609512504,False
final_input_token_layerwise,disclosed,k3,displayed_driver_outcome_slope,6,3.0,0.03277921331008199,False
final_input_token_layerwise,disclosed,k3,displayed_driver_outcome_slope,7,3.0,0.02669581442828714,False
final_input_token_layerwise,disclosed,k3,displayed_driver_outcome_slope,8,3.0,0.03028630811104885,False
final_input_token_layerwise,disclosed,k3,displayed_driver_outcome_slope,9,3.0,0.030524049769464517,False
final_input_token_layerwise,disclosed,k3,displayed_driver_outcome_slope,10,3.0,0.026897426288063075,False
final_input_token_layerwise,disclosed,k3,displayed_driver_outcome_slope,11,3.0,0.024218501951650928,False
final_input_token_layerwise,disclosed,k3,displayed_driver_outcome_slope,12,3.0,0.03157060117125951,False
final_input_token_layerwise,disclosed,k3,displayed_driver_outcome_slope,13,3.0,0.026189146881116038,False
final_input_token_layerwise,disclosed,k3,displayed_driver_outcome_slope,14,3.0,0.01595169278353553,False
final_input_token_layerwise,disclosed,k3,displayed_driver_outcome_slope,15,3.0,0.002395381594842483,False
final_input_token_layerwise,disclosed,k3,displayed_driver_outcome_slope,16,100.0,0.0006949784796741465,False
final_input_token_layerwise,disclosed,k3,displayed_driver_outcome_slope,17,100.0,0.0005001232703118752,False
final_input_token_layerwise,disclosed,k3,displayed_driver_outcome_slope,18,100.0,-5.4900978591704286e-05,False
final_input_token_layerwise,disclosed,k3,displayed_driver_outcome_slope,19,100.0,-0.00017024095611026246,False
final_input_token_layerwise,disclosed,k3,displayed_driver_outcome_slope,20,100.0,-0.00031196753216192197,False
final_input_token_layerwise,disclosed,k3,displayed_driver_outcome_slope,21,100.0,-0.0005372384370646854,False
final_input_token_layerwise,disclosed,k3,displayed_driver_outcome_slope,22,100.0,-0.00042982245050901535,False
final_input_token_layerwise,disclosed,k3,displayed_driver_outcome_slope,23,100.0,-0.0008055182959805507,False
final_input_token_layerwise,disclosed,k3,displayed_driver_outcome_slope,24,100.0,-0.0010713240534478696,False
final_input_token_layerwise,disclosed,k3,displayed_driver_outcome_slope,25,100.0,-0.001091938560411121,False
final_input_token_layerwise,disclosed,k3,displayed_driver_outcome_slope,26,100.0,-0.0011983389916379594,False
final_input_token_layerwise,disclosed,k3,displayed_driver_outcome_slope,27,100.0,-0.0011554566705485048,False
final_input_token_layerwise,disclosed,k3,displayed_driver_outcome_slope,28,100.0,-0.0007921678441101254,False
final_input_token_layerwise,disclosed,k3,displayed_driver_outcome_slope,29,100.0,-0.0003930082733105411,False
final_input_token_layerwise,disclosed,k3,displayed_driver_outcome_slope,30,100.0,-0.0002961973369776938,False
final_input_token_layerwise,disclosed,k3,displayed_driver_outcome_slope,31,100.0,-3.196375769010107e-05,False
final_input_token_layerwise,disclosed,k3,displayed_driver_outcome_slope,32,100.0,0.00022976548795525242,False
final_input_token_layerwise,disclosed,k3,displayed_driver_outcome_slope,33,3.0,0.0011020322380590197,False
final_input_token_layerwise,disclosed,k3,displayed_driver_outcome_slope,34,3.0,0.0035733425732905333,False
final_input_token_layerwise,disclosed,k3,displayed_driver_outcome_slope,35,3.0,0.0020747569397834287,False
final_input_token_layerwise,disclosed,k3,displayed_driver_outcome_slope,36,3.0,0.004123720234904066,False
final_input_token_layerwise,disclosed,k3,oracle_posterior_gain,0,0.0001,0.0,False
final_input_token_layerwise,disclosed,k3,oracle_posterior_gain,1,100.0,-0.0001376834247426295,False
final_input_token_layerwise,disclosed,k3,oracle_posterior_gain,2,100.0,-0.003336311310175505,False
final_input_token_layerwise,disclosed,k3,oracle_posterior_gain,3,100.0,-0.002629784190497697,False
final_input_token_layerwise,disclosed,k3,oracle_posterior_gain,4,100.0,-0.0016095296488552735,False
final_input_token_layerwise,disclosed,k3,oracle_posterior_gain,5,100.0,-0.0013145787821851884,False
final_input_token_layerwise,disclosed,k3,oracle_posterior_gain,6,100.0,-0.0008997014872205722,False
final_input_token_layerwise,disclosed,k3,oracle_posterior_gain,7,100.0,-0.00027444445269037,False
final_input_token_layerwise,disclosed,k3,oracle_posterior_gain,8,100.0,0.0004132590813830661,False
final_input_token_layerwise,disclosed,k3,oracle_posterior_gain,9,100.0,0.0005512784601101328,False
final_input_token_layerwise,disclosed,k3,oracle_posterior_gain,10,100.0,0.000994218857842677,False
final_input_token_layerwise,disclosed,k3,oracle_posterior_gain,11,100.0,0.0009390211317218955,False
final_input_token_layerwise,disclosed,k3,oracle_posterior_gain,12,100.0,0.00033684322279667334,False
final_input_token_layerwise,disclosed,k3,oracle_posterior_gain,13,100.0,0.0004889131655983481,False
final_input_token_layerwise,disclosed,k3,oracle_posterior_gain,14,100.0,0.00039509632047041165,False
final_input_token_layerwise,disclosed,k3,oracle_posterior_gain,15,100.0,0.0002648172661232351,False
final_input_token_layerwise,disclosed,k3,oracle_posterior_gain,16,100.0,-0.0004857456656260639,False
final_input_token_layerwise,disclosed,k3,oracle_posterior_gain,17,100.0,-0.0007709494021060359,False
final_input_token_layerwise,disclosed,k3,oracle_posterior_gain,18,100.0,-0.000915693699118314,False
final_input_token_layerwise,disclosed,k3,oracle_posterior_gain,19,100.0,-0.0010526394921450688,False
final_input_token_layerwise,disclosed,k3,oracle_posterior_gain,20,100.0,-0.0006671357499274388,False
final_input_token_layerwise,disclosed,k3,oracle_posterior_gain,21,100.0,-0.00042564752771809267,False
final_input_token_layerwise,disclosed,k3,oracle_posterior_gain,22,100.0,-6.293954159508619e-05,False
final_input_token_layerwise,disclosed,k3,oracle_posterior_gain,23,100.0,-0.00016067667242600225,False
final_input_token_layerwise,disclosed,k3,oracle_posterior_gain,24,100.0,0.00016843345061237636,False
final_input_token_layerwise,disclosed,k3,oracle_posterior_gain,25,100.0,0.0011840115288647424,False
final_input_token_layerwise,disclosed,k3,oracle_posterior_gain,26,100.0,0.0010691049976868094,False
final_input_token_layerwise,disclosed,k3,oracle_posterior_gain,27,100.0,0.001554952290632683,False
final_input_token_layerwise,disclosed,k3,oracle_posterior_gain,28,100.0,0.0016606768876814004,False
final_input_token_layerwise,disclosed,k3,oracle_posterior_gain,29,100.0,0.0021444822251840967,False
final_input_token_layerwise,disclosed,k3,oracle_posterior_gain,30,100.0,0.0017473690777549955,False
final_input_token_layerwise,disclosed,k3,oracle_posterior_gain,31,100.0,0.0027818653982358277,False
final_input_token_layerwise,disclosed,k3,oracle_posterior_gain,32,100.0,0.0027120907506853753,False
final_input_token_layerwise,disclosed,k3,oracle_posterior_gain,33,100.0,0.002892196900972338,False
final_input_token_layerwise,disclosed,k3,oracle_posterior_gain,34,100.0,0.0032967294227052024,True
final_input_token_layerwise,disclosed,k3,oracle_posterior_gain,35,100.0,0.003275387606640673,False
final_input_token_layerwise,disclosed,k3,oracle_posterior_gain,36,100.0,0.003275233342849765,False
final_input_token_layerwise,disclosed,k6,gain,0,0.0001,0.0,False
final_input_token_layerwise,disclosed,k6,gain,1,3.0,0.010903771061249623,True
final_input_token_layerwise,disclosed,k6,gain,2,100.0,-0.0013064173434176318,False
final_input_token_layerwise,disclosed,k6,gain,3,100.0,-0.0010637384488839385,False
final_input_token_layerwise,disclosed,k6,gain,4,100.0,-0.001063318162190241,False
final_input_token_layerwise,disclosed,k6,gain,5,100.0,-0.0009695259523400945,False
final_input_token_layerwise,disclosed,k6,gain,6,100.0,-0.001045324260931374,False
final_input_token_layerwise,disclosed,k6,gain,7,100.0,-0.0010078546007962486,False
final_input_token_layerwise,disclosed,k6,gain,8,100.0,-0.0008838788007930753,False
final_input_token_layerwise,disclosed,k6,gain,9,100.0,-0.0007269481887001716,False
final_input_token_layerwise,disclosed,k6,gain,10,100.0,-0.0007570743958453252,False
final_input_token_layerwise,disclosed,k6,gain,11,100.0,-0.0005882412946092708,False
final_input_token_layerwise,disclosed,k6,gain,12,100.0,-0.0007666131906600426,False
final_input_token_layerwise,disclosed,k6,gain,13,100.0,-0.0007382103250563321,False
final_input_token_layerwise,disclosed,k6,gain,14,100.0,-0.0007400414315024695,False
final_input_token_layerwise,disclosed,k6,gain,15,100.0,-0.0009681929057973604,False
final_input_token_layerwise,disclosed,k6,gain,16,100.0,-0.0010582003082138525,False
final_input_token_layerwise,disclosed,k6,gain,17,100.0,-0.0008764343690540188,False
final_input_token_layerwise,disclosed,k6,gain,18,100.0,-0.0007293827484398385,False
final_input_token_layerwise,disclosed,k6,gain,19,100.0,-0.0008400404449879773,False
final_input_token_layerwise,disclosed,k6,gain,20,100.0,-0.000936176402415001,False
final_input_token_layerwise,disclosed,k6,gain,21,100.0,-0.0008581713124538592,False
final_input_token_layerwise,disclosed,k6,gain,22,100.0,-0.0008652378787872839,False
final_input_token_layerwise,disclosed,k6,gain,23,100.0,-0.000656666942781492,False
final_input_token_layerwise,disclosed,k6,gain,24,100.0,-0.0004068158477453232,False
final_input_token_layerwise,disclosed,k6,gain,25,100.0,-0.0005093524130229399,False
final_input_token_layerwise,disclosed,k6,gain,26,100.0,-0.0006540539116118849,False
final_input_token_layerwise,disclosed,k6,gain,27,100.0,-0.0005992915297994561,False
final_input_token_layerwise,disclosed,k6,gain,28,100.0,-0.0005674885490763171,False
final_input_token_layerwise,disclosed,k6,gain,29,100.0,-0.0002496101947670748,False
final_input_token_layerwise,disclosed,k6,gain,30,100.0,-0.000515679745103359,False
final_input_token_layerwise,disclosed,k6,gain,31,100.0,-0.0002769172706899581,False
final_input_token_layerwise,disclosed,k6,gain,32,100.0,-0.00019153437266172801,False
final_input_token_layerwise,disclosed,k6,gain,33,100.0,-0.00035055360925029255,False
final_input_token_layerwise,disclosed,k6,gain,34,100.0,-0.0003445413291803534,False
final_input_token_layerwise,disclosed,k6,gain,35,100.0,-0.00046446932603402824,False
final_input_token_layerwise,disclosed,k6,gain,36,100.0,-0.0005397897080905156,False
final_input_token_layerwise,disclosed,k6,response_residual,0,0.0001,-2.7755575615628914e-17,False
final_input_token_layerwise,disclosed,k6,response_residual,1,3.0,0.008078152124929266,True
final_input_token_layerwise,disclosed,k6,response_residual,2,100.0,-0.001274393795675094,False
final_input_token_layerwise,disclosed,k6,response_residual,3,100.0,-0.0011132073847075485,False
final_input_token_layerwise,disclosed,k6,response_residual,4,100.0,-0.0012823196802889403,False
final_input_token_layerwise,disclosed,k6,response_residual,5,100.0,-0.0014212597732006227,False
final_input_token_layerwise,disclosed,k6,response_residual,6,100.0,-0.0013904808218631326,False
final_input_token_layerwise,disclosed,k6,response_residual,7,100.0,-0.0012622750893621082,False
final_input_token_layerwise,disclosed,k6,response_residual,8,100.0,-0.0012275826817502722,False
final_input_token_layerwise,disclosed,k6,response_residual,9,100.0,-0.0012041165435403567,False
final_input_token_layerwise,disclosed,k6,response_residual,10,100.0,-0.0011344935981648097,False
final_input_token_layerwise,disclosed,k6,response_residual,11,100.0,-0.0010755815850658768,False
final_input_token_layerwise,disclosed,k6,response_residual,12,100.0,-0.0010529153596888496,False
final_input_token_layerwise,disclosed,k6,response_residual,13,100.0,-0.0011690997388192903,False
final_input_token_layerwise,disclosed,k6,response_residual,14,100.0,-0.0011004483556703026,False
final_input_token_layerwise,disclosed,k6,response_residual,15,100.0,-0.0011273728374676106,False
final_input_token_layerwise,disclosed,k6,response_residual,16,100.0,-0.0013041961169509286,False
final_input_token_layerwise,disclosed,k6,response_residual,17,100.0,-0.0009947033656716453,False
final_input_token_layerwise,disclosed,k6,response_residual,18,100.0,-0.0009166786645110614,False
final_input_token_layerwise,disclosed,k6,response_residual,19,100.0,-0.0008480444347711003,False
final_input_token_layerwise,disclosed,k6,response_residual,20,100.0,-0.0009780465163622964,False
final_input_token_layerwise,disclosed,k6,response_residual,21,100.0,-0.0008690527055006392,False
final_input_token_layerwise,disclosed,k6,response_residual,22,100.0,-0.0006893922831975874,False
final_input_token_layerwise,disclosed,k6,response_residual,23,100.0,-0.0004616634368958539,False
final_input_token_layerwise,disclosed,k6,response_residual,24,100.0,-0.00040063420759101076,False
final_input_token_layerwise,disclosed,k6,response_residual,25,100.0,-0.0006307091036117374,False
final_input_token_layerwise,disclosed,k6,response_residual,26,100.0,-0.0008146822517648422,False
final_input_token_layerwise,disclosed,k6,response_residual,27,100.0,-0.000733298936696547,False
final_input_token_layerwise,disclosed,k6,response_residual,28,100.0,-0.0006679739333731727,False
final_input_token_layerwise,disclosed,k6,response_residual,29,100.0,-0.00038122264666487493,False
final_input_token_layerwise,disclosed,k6,response_residual,30,100.0,-0.0006843862364299125,False
final_input_token_layerwise,disclosed,k6,response_residual,31,100.0,-0.00044148925244372195,False
final_input_token_layerwise,disclosed,k6,response_residual,32,100.0,-0.0003663240915072752,False
final_input_token_layerwise,disclosed,k6,response_residual,33,100.0,-0.0005279049885188458,False
final_input_token_layerwise,disclosed,k6,response_residual,34,100.0,-0.0005731258971699849,False
final_input_token_layerwise,disclosed,k6,response_residual,35,100.0,-0.0006976089967831722,False
final_input_token_layerwise,disclosed,k6,response_residual,36,100.0,-0.0007275833262360976,False
final_input_token_layerwise,disclosed,k6,last_target_observation,0,0.0001,-2.7755575615628914e-17,False
final_input_token_layerwise,disclosed,k6,last_target_observation,1,100.0,-0.001964928448769998,False
final_input_token_layerwise,disclosed,k6,last_target_observation,2,100.0,0.0001295031423319548,False
final_input_token_layerwise,disclosed,k6,last_target_observation,3,100.0,-0.0002465623269892747,False
final_input_token_layerwise,disclosed,k6,last_target_observation,4,100.0,-0.00020487942596056352,False
final_input_token_layerwise,disclosed,k6,last_target_observation,5,100.0,-0.0004548228097911444,False
final_input_token_layerwise,disclosed,k6,last_target_observation,6,100.0,-0.0003788825768159809,False
final_input_token_layerwise,disclosed,k6,last_target_observation,7,100.0,-0.0006252902882012412,False
final_input_token_layerwise,disclosed,k6,last_target_observation,8,100.0,-0.000650322844161888,False
final_input_token_layerwise,disclosed,k6,last_target_observation,9,100.0,-0.000512441087668597,False
final_input_token_layerwise,disclosed,k6,last_target_observation,10,100.0,-0.0003935884202237727,False
final_input_token_layerwise,disclosed,k6,last_target_observation,11,100.0,-0.0001374844727771718,False
final_input_token_layerwise,disclosed,k6,last_target_observation,12,100.0,4.867046048240287e-06,False
final_input_token_layerwise,disclosed,k6,last_target_observation,13,100.0,6.791019186572211e-05,False
final_input_token_layerwise,disclosed,k6,last_target_observation,14,3.0,0.0018343474127857085,False
final_input_token_layerwise,disclosed,k6,last_target_observation,15,3.0,0.005281484957892824,False
final_input_token_layerwise,disclosed,k6,last_target_observation,16,3.0,0.007613308529193952,False
final_input_token_layerwise,disclosed,k6,last_target_observation,17,3.0,0.0038536834662895314,False
final_input_token_layerwise,disclosed,k6,last_target_observation,18,3.0,0.018802321171886127,False
final_input_token_layerwise,disclosed,k6,last_target_observation,19,3.0,0.02653486099538699,True
final_input_token_layerwise,disclosed,k6,last_target_observation,20,3.0,0.021349608774230117,False
final_input_token_layerwise,disclosed,k6,last_target_observation,21,3.0,0.01846364207578874,False
final_input_token_layerwise,disclosed,k6,last_target_observation,22,3.0,0.018170790369936046,False
final_input_token_layerwise,disclosed,k6,last_target_observation,23,3.0,0.0104829123448959,False
final_input_token_layerwise,disclosed,k6,last_target_observation,24,3.0,0.004607024866873893,False
final_input_token_layerwise,disclosed,k6,last_target_observation,25,3.0,0.0059621563707153435,False
final_input_token_layerwise,disclosed,k6,last_target_observation,26,100.0,0.0015400570586826812,False
final_input_token_layerwise,disclosed,k6,last_target_observation,27,3.0,0.0033611292307512697,False
final_input_token_layerwise,disclosed,k6,last_target_observation,28,3.0,0.0016378173557340947,False
final_input_token_layerwise,disclosed,k6,last_target_observation,29,100.0,0.0012123339387878074,False
final_input_token_layerwise,disclosed,k6,last_target_observation,30,100.0,0.0013917419949177334,False
final_input_token_layerwise,disclosed,k6,last_target_observation,31,100.0,0.001157138776930411,False
final_input_token_layerwise,disclosed,k6,last_target_observation,32,100.0,0.0013400319640594627,False
final_input_token_layerwise,disclosed,k6,last_target_observation,33,100.0,0.0012262507383704047,False
final_input_token_layerwise,disclosed,k6,last_target_observation,34,3.0,0.003204488857027399,False
final_input_token_layerwise,disclosed,k6,last_target_observation,35,3.0,0.007630161124209556,False
final_input_token_layerwise,disclosed,k6,last_target_observation,36,3.0,0.011459639773582858,False
final_input_token_layerwise,disclosed,k6,target_observation_mean,0,0.0001,2.7755575615628914e-17,False
final_input_token_layerwise,disclosed,k6,target_observation_mean,1,100.0,-0.0008687574129748188,False
final_input_token_layerwise,disclosed,k6,target_observation_mean,2,3.0,0.005522578994605065,False
final_input_token_layerwise,disclosed,k6,target_observation_mean,3,3.0,0.0018913214294979663,False
final_input_token_layerwise,disclosed,k6,target_observation_mean,4,3.0,0.0008651449968157532,False
final_input_token_layerwise,disclosed,k6,target_observation_mean,5,100.0,5.696980805849905e-05,False
final_input_token_layerwise,disclosed,k6,target_observation_mean,6,100.0,0.000281033340268827,False
final_input_token_layerwise,disclosed,k6,target_observation_mean,7,100.0,2.6157782702651566e-06,False
final_input_token_layerwise,disclosed,k6,target_observation_mean,8,100.0,0.00037920516822187444,False
final_input_token_layerwise,disclosed,k6,target_observation_mean,9,100.0,0.0003118063416782946,False
final_input_token_layerwise,disclosed,k6,target_observation_mean,10,100.0,0.000572566601293012,False
final_input_token_layerwise,disclosed,k6,target_observation_mean,11,100.0,0.0005167489859285168,False
final_input_token_layerwise,disclosed,k6,target_observation_mean,12,100.0,0.0005010297865278568,False
final_input_token_layerwise,disclosed,k6,target_observation_mean,13,3.0,0.007920229262944306,False
final_input_token_layerwise,disclosed,k6,target_observation_mean,14,3.0,0.003406459085986635,False
final_input_token_layerwise,disclosed,k6,target_observation_mean,15,3.0,0.012302183846309711,False
final_input_token_layerwise,disclosed,k6,target_observation_mean,16,3.0,0.015061119414948226,False
final_input_token_layerwise,disclosed,k6,target_observation_mean,17,3.0,0.016750050826571522,False
final_input_token_layerwise,disclosed,k6,target_observation_mean,18,3.0,0.00836907621636665,False
final_input_token_layerwise,disclosed,k6,target_observation_mean,19,3.0,0.013070002744919706,False
final_input_token_layerwise,disclosed,k6,target_observation_mean,20,3.0,0.01322097013751225,False
final_input_token_layerwise,disclosed,k6,target_observation_mean,21,3.0,0.030634622937684153,False
final_input_token_layerwise,disclosed,k6,target_observation_mean,22,3.0,0.03746073272905545,False
final_input_token_layerwise,disclosed,k6,target_observation_mean,23,3.0,0.03834820575879039,False
final_input_token_layerwise,disclosed,k6,target_observation_mean,24,3.0,0.032512387508003115,False
final_input_token_layerwise,disclosed,k6,target_observation_mean,25,3.0,0.030820962129657348,False
final_input_token_layerwise,disclosed,k6,target_observation_mean,26,3.0,0.030529142638445472,False
final_input_token_layerwise,disclosed,k6,target_observation_mean,27,3.0,0.041125654133345374,True
final_input_token_layerwise,disclosed,k6,target_observation_mean,28,3.0,0.040784931248573436,False
final_input_token_layerwise,disclosed,k6,target_observation_mean,29,3.0,0.03179377477245174,False
final_input_token_layerwise,disclosed,k6,target_observation_mean,30,3.0,0.03018131814234734,False
final_input_token_layerwise,disclosed,k6,target_observation_mean,31,3.0,0.02691995165827113,False
final_input_token_layerwise,disclosed,k6,target_observation_mean,32,3.0,0.018641587500740242,False
final_input_token_layerwise,disclosed,k6,target_observation_mean,33,3.0,0.012790405686881584,False
final_input_token_layerwise,disclosed,k6,target_observation_mean,34,3.0,0.016236502471761532,False
final_input_token_layerwise,disclosed,k6,target_observation_mean,35,3.0,0.015194847057383637,False
final_input_token_layerwise,disclosed,k6,target_observation_mean,36,3.0,0.016981500520889398,False
final_input_token_layerwise,disclosed,k6,target_time_slope,0,0.0001,0.0,False
final_input_token_layerwise,disclosed,k6,target_time_slope,1,100.0,-0.001450912982393332,False
final_input_token_layerwise,disclosed,k6,target_time_slope,2,100.0,-0.0011793506175637458,False
final_input_token_layerwise,disclosed,k6,target_time_slope,3,100.0,-0.001277058330104608,False
final_input_token_layerwise,disclosed,k6,target_time_slope,4,100.0,-0.0010542982894604924,False
final_input_token_layerwise,disclosed,k6,target_time_slope,5,100.0,-0.0009666307002024477,False
final_input_token_layerwise,disclosed,k6,target_time_slope,6,100.0,-0.0008488784363988311,False
final_input_token_layerwise,disclosed,k6,target_time_slope,7,100.0,-0.0011743025084881842,False
final_input_token_layerwise,disclosed,k6,target_time_slope,8,100.0,-0.0012770125018387868,False
final_input_token_layerwise,disclosed,k6,target_time_slope,9,100.0,-0.0014703423483952982,False
final_input_token_layerwise,disclosed,k6,target_time_slope,10,100.0,-0.0013558110817009639,False
final_input_token_layerwise,disclosed,k6,target_time_slope,11,100.0,-0.0009732498089425057,False
final_input_token_layerwise,disclosed,k6,target_time_slope,12,100.0,-0.0006594855076139383,False
final_input_token_layerwise,disclosed,k6,target_time_slope,13,100.0,-0.0007427290357965854,False
final_input_token_layerwise,disclosed,k6,target_time_slope,14,100.0,-0.0002674571823039762,False
final_input_token_layerwise,disclosed,k6,target_time_slope,15,3.0,0.0009437084862032874,False
final_input_token_layerwise,disclosed,k6,target_time_slope,16,100.0,0.0002749567871649927,False
final_input_token_layerwise,disclosed,k6,target_time_slope,17,100.0,-0.00030106222044071207,False
final_input_token_layerwise,disclosed,k6,target_time_slope,18,100.0,0.0006272309536899112,False
final_input_token_layerwise,disclosed,k6,target_time_slope,19,100.0,0.00047224325895398045,False
final_input_token_layerwise,disclosed,k6,target_time_slope,20,100.0,0.000555812021946489,False
final_input_token_layerwise,disclosed,k6,target_time_slope,21,100.0,0.0007909264572218411,False
final_input_token_layerwise,disclosed,k6,target_time_slope,22,100.0,0.0006560336822366564,False
final_input_token_layerwise,disclosed,k6,target_time_slope,23,100.0,0.0008051766440504982,False
final_input_token_layerwise,disclosed,k6,target_time_slope,24,100.0,0.0012075176651663577,False
final_input_token_layerwise,disclosed,k6,target_time_slope,25,100.0,0.0015910279071364997,False
final_input_token_layerwise,disclosed,k6,target_time_slope,26,100.0,0.0016410330262196515,False
final_input_token_layerwise,disclosed,k6,target_time_slope,27,100.0,0.0020127479501735046,False
final_input_token_layerwise,disclosed,k6,target_time_slope,28,100.0,0.0018123002421771839,False
final_input_token_layerwise,disclosed,k6,target_time_slope,29,100.0,0.0018915732994036205,False
final_input_token_layerwise,disclosed,k6,target_time_slope,30,100.0,0.002256439851602704,False
final_input_token_layerwise,disclosed,k6,target_time_slope,31,100.0,0.002112801476660181,False
final_input_token_layerwise,disclosed,k6,target_time_slope,32,100.0,0.002392792385611381,False
final_input_token_layerwise,disclosed,k6,target_time_slope,33,100.0,0.002186796602855229,False
final_input_token_layerwise,disclosed,k6,target_time_slope,34,3.0,0.011680850927560549,False
final_input_token_layerwise,disclosed,k6,target_time_slope,35,3.0,0.013402471802631516,False
final_input_token_layerwise,disclosed,k6,target_time_slope,36,3.0,0.017941538594992923,True
final_input_token_layerwise,disclosed,k6,displayed_driver_outcome_slope,0,0.0001,-5.551115123125783e-17,False
final_input_token_layerwise,disclosed,k6,displayed_driver_outcome_slope,1,100.0,-0.0014620823622997214,False
final_input_token_layerwise,disclosed,k6,displayed_driver_outcome_slope,2,100.0,-0.00016842087222346258,False
final_input_token_layerwise,disclosed,k6,displayed_driver_outcome_slope,3,100.0,-0.00038723355246336744,False
final_input_token_layerwise,disclosed,k6,displayed_driver_outcome_slope,4,100.0,-0.0003728432754767086,False
final_input_token_layerwise,disclosed,k6,displayed_driver_outcome_slope,5,3.0,0.010756262198421157,False
final_input_token_layerwise,disclosed,k6,displayed_driver_outcome_slope,6,3.0,0.0056085895796520735,False
final_input_token_layerwise,disclosed,k6,displayed_driver_outcome_slope,7,3.0,0.00498707663691858,False
final_input_token_layerwise,disclosed,k6,displayed_driver_outcome_slope,8,3.0,0.00695254552655683,False
final_input_token_layerwise,disclosed,k6,displayed_driver_outcome_slope,9,3.0,0.00985550536057414,False
final_input_token_layerwise,disclosed,k6,displayed_driver_outcome_slope,10,3.0,0.018444648439504246,False
final_input_token_layerwise,disclosed,k6,displayed_driver_outcome_slope,11,3.0,0.013505137828671077,False
final_input_token_layerwise,disclosed,k6,displayed_driver_outcome_slope,12,3.0,0.021520422143216256,False
final_input_token_layerwise,disclosed,k6,displayed_driver_outcome_slope,13,3.0,0.015692671200089325,False
final_input_token_layerwise,disclosed,k6,displayed_driver_outcome_slope,14,3.0,0.027378057638802855,False
final_input_token_layerwise,disclosed,k6,displayed_driver_outcome_slope,15,3.0,0.023599072435110502,False
final_input_token_layerwise,disclosed,k6,displayed_driver_outcome_slope,16,3.0,0.033169689426631066,False
final_input_token_layerwise,disclosed,k6,displayed_driver_outcome_slope,17,3.0,0.037885517192108725,True
final_input_token_layerwise,disclosed,k6,displayed_driver_outcome_slope,18,3.0,0.0276018302277046,False
final_input_token_layerwise,disclosed,k6,displayed_driver_outcome_slope,19,3.0,0.02587814946599562,False
final_input_token_layerwise,disclosed,k6,displayed_driver_outcome_slope,20,3.0,0.02501494708561469,False
final_input_token_layerwise,disclosed,k6,displayed_driver_outcome_slope,21,3.0,0.021433354883335975,False
final_input_token_layerwise,disclosed,k6,displayed_driver_outcome_slope,22,3.0,0.02457074167189255,False
final_input_token_layerwise,disclosed,k6,displayed_driver_outcome_slope,23,3.0,0.017824153868453152,False
final_input_token_layerwise,disclosed,k6,displayed_driver_outcome_slope,24,3.0,0.011154737709505508,False
final_input_token_layerwise,disclosed,k6,displayed_driver_outcome_slope,25,3.0,0.008042613937999321,False
final_input_token_layerwise,disclosed,k6,displayed_driver_outcome_slope,26,3.0,0.0040719011816015005,False
final_input_token_layerwise,disclosed,k6,displayed_driver_outcome_slope,27,3.0,0.006875827280860697,False
final_input_token_layerwise,disclosed,k6,displayed_driver_outcome_slope,28,3.0,0.00862498687144661,False
final_input_token_layerwise,disclosed,k6,displayed_driver_outcome_slope,29,100.0,0.0007923565565143842,False
final_input_token_layerwise,disclosed,k6,displayed_driver_outcome_slope,30,100.0,0.00039518042416855637,False
final_input_token_layerwise,disclosed,k6,displayed_driver_outcome_slope,31,100.0,0.000597874489814576,False
final_input_token_layerwise,disclosed,k6,displayed_driver_outcome_slope,32,100.0,0.0004606326303515096,False
final_input_token_layerwise,disclosed,k6,displayed_driver_outcome_slope,33,100.0,0.0005829556462786378,False
final_input_token_layerwise,disclosed,k6,displayed_driver_outcome_slope,34,100.0,0.0004302432144888957,False
final_input_token_layerwise,disclosed,k6,displayed_driver_outcome_slope,35,100.0,0.0002788410382430495,False
final_input_token_layerwise,disclosed,k6,displayed_driver_outcome_slope,36,100.0,0.0004252588440233629,False
final_input_token_layerwise,disclosed,k6,oracle_posterior_gain,0,0.0001,-5.551115123125783e-17,False
final_input_token_layerwise,disclosed,k6,oracle_posterior_gain,1,100.0,-0.00038144760436689684,False
final_input_token_layerwise,disclosed,k6,oracle_posterior_gain,2,100.0,-0.001670068662637969,False
final_input_token_layerwise,disclosed,k6,oracle_posterior_gain,3,100.0,-0.0013322159912279585,False
final_input_token_layerwise,disclosed,k6,oracle_posterior_gain,4,100.0,-0.0010904096448804412,False
final_input_token_layerwise,disclosed,k6,oracle_posterior_gain,5,100.0,-0.0008766067486127571,False
final_input_token_layerwise,disclosed,k6,oracle_posterior_gain,6,100.0,-0.0011200488702503009,False
final_input_token_layerwise,disclosed,k6,oracle_posterior_gain,7,100.0,-0.0008612684573075791,False
final_input_token_layerwise,disclosed,k6,oracle_posterior_gain,8,100.0,-0.0010181456871078964,False
final_input_token_layerwise,disclosed,k6,oracle_posterior_gain,9,100.0,-0.0005327621434443042,False
final_input_token_layerwise,disclosed,k6,oracle_posterior_gain,10,100.0,-0.0005392028941623439,False
final_input_token_layerwise,disclosed,k6,oracle_posterior_gain,11,100.0,-0.00019635840225706858,False
final_input_token_layerwise,disclosed,k6,oracle_posterior_gain,12,100.0,-0.0003327106293217197,False
final_input_token_layerwise,disclosed,k6,oracle_posterior_gain,13,100.0,-0.00011544717008468708,False
final_input_token_layerwise,disclosed,k6,oracle_posterior_gain,14,100.0,-0.0003962464307024349,False
final_input_token_layerwise,disclosed,k6,oracle_posterior_gain,15,100.0,-0.0009773790627496393,False
final_input_token_layerwise,disclosed,k6,oracle_posterior_gain,16,100.0,-0.001145056415801149,False
final_input_token_layerwise,disclosed,k6,oracle_posterior_gain,17,100.0,-0.0011013530379417324,False
final_input_token_layerwise,disclosed,k6,oracle_posterior_gain,18,100.0,-0.0010603712186116887,False
final_input_token_layerwise,disclosed,k6,oracle_posterior_gain,19,100.0,-0.0009752674589662003,False
final_input_token_layerwise,disclosed,k6,oracle_posterior_gain,20,100.0,-0.0006889183087610551,False
final_input_token_layerwise,disclosed,k6,oracle_posterior_gain,21,100.0,-0.0006288080111979399,False
final_input_token_layerwise,disclosed,k6,oracle_posterior_gain,22,100.0,-0.000585727640638134,False
final_input_token_layerwise,disclosed,k6,oracle_posterior_gain,23,100.0,0.00020932319235963948,False
final_input_token_layerwise,disclosed,k6,oracle_posterior_gain,24,100.0,0.00031086025588469846,False
final_input_token_layerwise,disclosed,k6,oracle_posterior_gain,25,100.0,0.00020390749683246723,False
final_input_token_layerwise,disclosed,k6,oracle_posterior_gain,26,100.0,0.00019367882214380017,False
final_input_token_layerwise,disclosed,k6,oracle_posterior_gain,27,100.0,0.0002839411466169506,False
final_input_token_layerwise,disclosed,k6,oracle_posterior_gain,28,100.0,-0.00013679345223896466,False
final_input_token_layerwise,disclosed,k6,oracle_posterior_gain,29,100.0,-3.884361361256028e-05,False
final_input_token_layerwise,disclosed,k6,oracle_posterior_gain,30,3.0,0.00039893532109769314,False
final_input_token_layerwise,disclosed,k6,oracle_posterior_gain,31,100.0,0.00010372467481084557,False
final_input_token_layerwise,disclosed,k6,oracle_posterior_gain,32,100.0,6.191605114910792e-05,False
final_input_token_layerwise,disclosed,k6,oracle_posterior_gain,33,3.0,0.00030343515614802974,False
final_input_token_layerwise,disclosed,k6,oracle_posterior_gain,34,3.0,0.0050877451571783305,True
final_input_token_layerwise,disclosed,k6,oracle_posterior_gain,35,3.0,0.0016080132282532134,False
final_input_token_layerwise,disclosed,k6,oracle_posterior_gain,36,100.0,-0.00018618043642310012,False
final_input_token_layerwise,disclosed,k9,gain,0,0.0001,0.0,False
final_input_token_layerwise,disclosed,k9,gain,1,100.0,-0.0004547643767646159,False
final_input_token_layerwise,disclosed,k9,gain,2,3.0,0.007275728009714516,False
final_input_token_layerwise,disclosed,k9,gain,3,100.0,-5.4508959123178435e-05,False
final_input_token_layerwise,disclosed,k9,gain,4,3.0,0.010153324120190238,False
final_input_token_layerwise,disclosed,k9,gain,5,3.0,0.014106116401739838,False
final_input_token_layerwise,disclosed,k9,gain,6,3.0,0.01356375556652567,False
final_input_token_layerwise,disclosed,k9,gain,7,3.0,0.013639528886562585,False
final_input_token_layerwise,disclosed,k9,gain,8,3.0,0.011424300427946815,False
final_input_token_layerwise,disclosed,k9,gain,9,3.0,0.01972395978851932,True
final_input_token_layerwise,disclosed,k9,gain,10,3.0,0.012911776019520566,False
final_input_token_layerwise,disclosed,k9,gain,11,3.0,0.010705396817864032,False
final_input_token_layerwise,disclosed,k9,gain,12,3.0,0.0075372646398470244,False
final_input_token_layerwise,disclosed,k9,gain,13,3.0,0.0021530527485836837,False
final_input_token_layerwise,disclosed,k9,gain,14,3.0,0.0056068143325757325,False
final_input_token_layerwise,disclosed,k9,gain,15,100.0,-8.969391871577193e-05,False
final_input_token_layerwise,disclosed,k9,gain,16,100.0,-0.00034097315752198987,False
final_input_token_layerwise,disclosed,k9,gain,17,100.0,-9.7314137218113e-05,False
final_input_token_layerwise,disclosed,k9,gain,18,3.0,6.946291174952934e-05,False
final_input_token_layerwise,disclosed,k9,gain,19,3.0,0.00455669328300512,False
final_input_token_layerwise,disclosed,k9,gain,20,3.0,0.006842316452215502,False
final_input_token_layerwise,disclosed,k9,gain,21,3.0,0.009371034507074827,False
final_input_token_layerwise,disclosed,k9,gain,22,3.0,0.01651923593142432,False
final_input_token_layerwise,disclosed,k9,gain,23,3.0,0.0071653064634023544,False
final_input_token_layerwise,disclosed,k9,gain,24,3.0,0.0009830781236741803,False
final_input_token_layerwise,disclosed,k9,gain,25,3.0,0.0037519010008330855,False
final_input_token_layerwise,disclosed,k9,gain,26,100.0,5.6949026115804546e-05,False
final_input_token_layerwise,disclosed,k9,gain,27,100.0,-0.00019018102066281628,False
final_input_token_layerwise,disclosed,k9,gain,28,100.0,4.5759713141330094e-05,False
final_input_token_layerwise,disclosed,k9,gain,29,100.0,-0.00013467722749677113,False
final_input_token_layerwise,disclosed,k9,gain,30,100.0,-0.00023594657680212072,False
final_input_token_layerwise,disclosed,k9,gain,31,100.0,-0.0002564591010197903,False
final_input_token_layerwise,disclosed,k9,gain,32,100.0,-0.00046826998987764545,False
final_input_token_layerwise,disclosed,k9,gain,33,100.0,-0.00039760265854996146,False
final_input_token_layerwise,disclosed,k9,gain,34,100.0,-0.00039002829371900805,False
final_input_token_layerwise,disclosed,k9,gain,35,100.0,-0.00013680447286168462,False
final_input_token_layerwise,disclosed,k9,gain,36,100.0,-0.00010036511591762776,False
final_input_token_layerwise,disclosed,k9,response_residual,0,0.0001,-2.7755575615628914e-17,False
final_input_token_layerwise,disclosed,k9,response_residual,1,100.0,-0.00018005579083049672,False
final_input_token_layerwise,disclosed,k9,response_residual,2,3.0,0.0016945866331333492,False
final_input_token_layerwise,disclosed,k9,response_residual,3,100.0,-5.753384281695362e-05,False
final_input_token_layerwise,disclosed,k9,response_residual,4,3.0,0.003321744417559308,False
final_input_token_layerwise,disclosed,k9,response_residual,5,3.0,0.0053853810517457135,False
final_input_token_layerwise,disclosed,k9,response_residual,6,3.0,0.00892285656295802,False
final_input_token_layerwise,disclosed,k9,response_residual,7,3.0,0.008203420448418125,False
final_input_token_layerwise,disclosed,k9,response_residual,8,3.0,0.00788828308842296,False
final_input_token_layerwise,disclosed,k9,response_residual,9,3.0,0.015711458083501606,True
final_input_token_layerwise,disclosed,k9,response_residual,10,3.0,0.008223144874215216,False
final_input_token_layerwise,disclosed,k9,response_residual,11,3.0,0.006159996442615667,False
final_input_token_layerwise,disclosed,k9,response_residual,12,3.0,0.005216483210555484,False
final_input_token_layerwise,disclosed,k9,response_residual,13,3.0,0.001230760605782949,False
final_input_token_layerwise,disclosed,k9,response_residual,14,3.0,0.004212486441962288,False
final_input_token_layerwise,disclosed,k9,response_residual,15,100.0,0.00032459348925975573,False
final_input_token_layerwise,disclosed,k9,response_residual,16,100.0,0.00010213820702761889,False
final_input_token_layerwise,disclosed,k9,response_residual,17,100.0,9.793124213655635e-05,False
final_input_token_layerwise,disclosed,k9,response_residual,18,100.0,9.444033157621212e-05,False
final_input_token_layerwise,disclosed,k9,response_residual,19,100.0,3.544605984537319e-05,False
final_input_token_layerwise,disclosed,k9,response_residual,20,100.0,9.197766118554385e-05,False
final_input_token_layerwise,disclosed,k9,response_residual,21,100.0,0.0002198623125729826,False
final_input_token_layerwise,disclosed,k9,response_residual,22,100.0,0.0003081908444593773,False
final_input_token_layerwise,disclosed,k9,response_residual,23,100.0,2.0562715641686546e-05,False
final_input_token_layerwise,disclosed,k9,response_residual,24,100.0,-0.00017355388871453936,False
final_input_token_layerwise,disclosed,k9,response_residual,25,100.0,-0.00012724503028233025,False
final_input_token_layerwise,disclosed,k9,response_residual,26,100.0,-0.0005083886197322918,False
final_input_token_layerwise,disclosed,k9,response_residual,27,100.0,-0.000755772659017967,False
final_input_token_layerwise,disclosed,k9,response_residual,28,100.0,-0.0006482456910942291,False
final_input_token_layerwise,disclosed,k9,response_residual,29,100.0,-0.0007764850987268257,False
final_input_token_layerwise,disclosed,k9,response_residual,30,100.0,-0.0009045123048112003,False
final_input_token_layerwise,disclosed,k9,response_residual,31,100.0,-0.0007290933444397962,False
final_input_token_layerwise,disclosed,k9,response_residual,32,100.0,-0.0009201360026331595,False
final_input_token_layerwise,disclosed,k9,response_residual,33,100.0,-0.0008809895674036505,False
final_input_token_layerwise,disclosed,k9,response_residual,34,100.0,-0.0008153723407879343,False
final_input_token_layerwise,disclosed,k9,response_residual,35,100.0,-0.0005909449784041731,False
final_input_token_layerwise,disclosed,k9,response_residual,36,100.0,-0.0006524607331020449,False
final_input_token_layerwise,disclosed,k9,last_target_observation,0,0.0001,1.3877787807814457e-16,False
final_input_token_layerwise,disclosed,k9,last_target_observation,1,100.0,-3.5056365523117305e-05,False
final_input_token_layerwise,disclosed,k9,last_target_observation,2,100.0,-0.00037445730841431657,False
final_input_token_layerwise,disclosed,k9,last_target_observation,3,3.0,0.001191859182449323,False
final_input_token_layerwise,disclosed,k9,last_target_observation,4,100.0,-4.570890354732571e-05,False
final_input_token_layerwise,disclosed,k9,last_target_observation,5,100.0,0.00013100496216794655,False
final_input_token_layerwise,disclosed,k9,last_target_observation,6,3.0,0.004552240852716327,False
final_input_token_layerwise,disclosed,k9,last_target_observation,7,3.0,0.0080209436864771,False
final_input_token_layerwise,disclosed,k9,last_target_observation,8,3.0,0.014004859286231519,False
final_input_token_layerwise,disclosed,k9,last_target_observation,9,3.0,0.007056710563718316,False
final_input_token_layerwise,disclosed,k9,last_target_observation,10,3.0,0.01552849924333663,False
final_input_token_layerwise,disclosed,k9,last_target_observation,11,3.0,0.012458064367127819,False
final_input_token_layerwise,disclosed,k9,last_target_observation,12,3.0,0.010295667213983895,False
final_input_token_layerwise,disclosed,k9,last_target_observation,13,3.0,0.0046481459372844924,False
final_input_token_layerwise,disclosed,k9,last_target_observation,14,3.0,0.008623523748717915,False
final_input_token_layerwise,disclosed,k9,last_target_observation,15,3.0,0.014078995452198234,False
final_input_token_layerwise,disclosed,k9,last_target_observation,16,3.0,0.011152285902703979,False
final_input_token_layerwise,disclosed,k9,last_target_observation,17,3.0,0.017177874855796194,False
final_input_token_layerwise,disclosed,k9,last_target_observation,18,3.0,0.01765401936934033,True
final_input_token_layerwise,disclosed,k9,last_target_observation,19,3.0,0.013999905882416425,False
final_input_token_layerwise,disclosed,k9,last_target_observation,20,3.0,0.007370833200334687,False
final_input_token_layerwise,disclosed,k9,last_target_observation,21,100.0,-0.00048199399770038065,False
final_input_token_layerwise,disclosed,k9,last_target_observation,22,100.0,-0.00040780125231185127,False
final_input_token_layerwise,disclosed,k9,last_target_observation,23,100.0,-0.00021747207423608583,False
final_input_token_layerwise,disclosed,k9,last_target_observation,24,100.0,-2.1701568236109914e-05,False
final_input_token_layerwise,disclosed,k9,last_target_observation,25,3.0,0.006334396351290461,False
final_input_token_layerwise,disclosed,k9,last_target_observation,26,3.0,0.008017215228713626,False
final_input_token_layerwise,disclosed,k9,last_target_observation,27,3.0,0.0005826115352431382,False
final_input_token_layerwise,disclosed,k9,last_target_observation,28,100.0,0.0004118812848029063,False
final_input_token_layerwise,disclosed,k9,last_target_observation,29,3.0,0.0037961129398162707,False
final_input_token_layerwise,disclosed,k9,last_target_observation,30,3.0,0.0005230083890126747,False
final_input_token_layerwise,disclosed,k9,last_target_observation,31,100.0,0.00035325599031266197,False
final_input_token_layerwise,disclosed,k9,last_target_observation,32,3.0,0.0016391508557057066,False
final_input_token_layerwise,disclosed,k9,last_target_observation,33,3.0,0.0030891657316436394,False
final_input_token_layerwise,disclosed,k9,last_target_observation,34,3.0,0.006398570805719539,False
final_input_token_layerwise,disclosed,k9,last_target_observation,35,3.0,0.009324145370285003,False
final_input_token_layerwise,disclosed,k9,last_target_observation,36,3.0,0.007062677954735974,False
final_input_token_layerwise,disclosed,k9,target_observation_mean,0,0.0001,3.885780586188048e-16,False
final_input_token_layerwise,disclosed,k9,target_observation_mean,1,3.0,0.0059075390005638995,False
final_input_token_layerwise,disclosed,k9,target_observation_mean,2,3.0,0.014145784364468977,False
final_input_token_layerwise,disclosed,k9,target_observation_mean,3,3.0,0.015316025422310087,False
final_input_token_layerwise,disclosed,k9,target_observation_mean,4,3.0,0.015223885629111505,False
final_input_token_layerwise,disclosed,k9,target_observation_mean,5,3.0,0.005918393409791584,False
final_input_token_layerwise,disclosed,k9,target_observation_mean,6,3.0,0.005196116030572712,False
final_input_token_layerwise,disclosed,k9,target_observation_mean,7,3.0,0.00358294273362475,False
final_input_token_layerwise,disclosed,k9,target_observation_mean,8,100.0,-0.00010105591774431377,False
final_input_token_layerwise,disclosed,k9,target_observation_mean,9,100.0,-0.00019933655026535546,False
final_input_token_layerwise,disclosed,k9,target_observation_mean,10,100.0,-0.0002444714114202551,False
final_input_token_layerwise,disclosed,k9,target_observation_mean,11,3.0,0.004287109726020866,False
final_input_token_layerwise,disclosed,k9,target_observation_mean,12,100.0,-0.000173213538995326,False
final_input_token_layerwise,disclosed,k9,target_observation_mean,13,100.0,2.8057265752390315e-07,False
final_input_token_layerwise,disclosed,k9,target_observation_mean,14,100.0,-8.321855722370763e-05,False
final_input_token_layerwise,disclosed,k9,target_observation_mean,15,100.0,0.00036716921608562214,False
final_input_token_layerwise,disclosed,k9,target_observation_mean,16,100.0,0.0002527482747153309,False
final_input_token_layerwise,disclosed,k9,target_observation_mean,17,100.0,0.0003326227917248292,False
final_input_token_layerwise,disclosed,k9,target_observation_mean,18,100.0,0.00022228136361043815,False
final_input_token_layerwise,disclosed,k9,target_observation_mean,19,100.0,9.851611240527247e-05,False
final_input_token_layerwise,disclosed,k9,target_observation_mean,20,100.0,0.0004025323726609964,False
final_input_token_layerwise,disclosed,k9,target_observation_mean,21,3.0,0.01247345644049025,False
final_input_token_layerwise,disclosed,k9,target_observation_mean,22,3.0,0.019686784083117886,False
final_input_token_layerwise,disclosed,k9,target_observation_mean,23,3.0,0.027916593056173722,False
final_input_token_layerwise,disclosed,k9,target_observation_mean,24,3.0,0.03588990568345296,False
final_input_token_layerwise,disclosed,k9,target_observation_mean,25,3.0,0.040692168860227335,False
final_input_token_layerwise,disclosed,k9,target_observation_mean,26,3.0,0.036064624437308096,False
final_input_token_layerwise,disclosed,k9,target_observation_mean,27,3.0,0.033216291661516156,False
final_input_token_layerwise,disclosed,k9,target_observation_mean,28,3.0,0.04009325962597837,False
final_input_token_layerwise,disclosed,k9,target_observation_mean,29,3.0,0.041804986334040006,True
final_input_token_layerwise,disclosed,k9,target_observation_mean,30,3.0,0.031103113321029385,False
final_input_token_layerwise,disclosed,k9,target_observation_mean,31,3.0,0.018963308706964027,False
final_input_token_layerwise,disclosed,k9,target_observation_mean,32,3.0,0.0181209588550858,False
final_input_token_layerwise,disclosed,k9,target_observation_mean,33,3.0,0.01795953576850509,False
final_input_token_layerwise,disclosed,k9,target_observation_mean,34,3.0,0.016100265171358402,False
final_input_token_layerwise,disclosed,k9,target_observation_mean,35,3.0,0.02352826360991281,False
final_input_token_layerwise,disclosed,k9,target_observation_mean,36,3.0,0.019321316487216328,False
final_input_token_layerwise,disclosed,k9,target_time_slope,0,0.0001,0.0,False
final_input_token_layerwise,disclosed,k9,target_time_slope,1,3.0,0.009772006452983734,False
final_input_token_layerwise,disclosed,k9,target_time_slope,2,100.0,-0.0005504210090871153,False
final_input_token_layerwise,disclosed,k9,target_time_slope,3,3.0,0.011152659540697885,True
final_input_token_layerwise,disclosed,k9,target_time_slope,4,3.0,0.0008377558701440357,False
final_input_token_layerwise,disclosed,k9,target_time_slope,5,100.0,-3.660708706609839e-05,False
final_input_token_layerwise,disclosed,k9,target_time_slope,6,100.0,-0.00020004596534128893,False
final_input_token_layerwise,disclosed,k9,target_time_slope,7,100.0,2.9561550674739312e-05,False
final_input_token_layerwise,disclosed,k9,target_time_slope,8,100.0,-0.00011648489976096021,False
final_input_token_layerwise,disclosed,k9,target_time_slope,9,100.0,-0.0009242905247679456,False
final_input_token_layerwise,disclosed,k9,target_time_slope,10,100.0,-0.0005884538347496193,False
final_input_token_layerwise,disclosed,k9,target_time_slope,11,100.0,-0.0006082590935756471,False
final_input_token_layerwise,disclosed,k9,target_time_slope,12,100.0,-0.00025166942072879506,False
final_input_token_layerwise,disclosed,k9,target_time_slope,13,100.0,-0.0004904565131267358,False
final_input_token_layerwise,disclosed,k9,target_time_slope,14,100.0,-0.0008335734881491919,False
final_input_token_layerwise,disclosed,k9,target_time_slope,15,100.0,-0.000840779296285038,False
final_input_token_layerwise,disclosed,k9,target_time_slope,16,100.0,-0.0008411438180781494,False
final_input_token_layerwise,disclosed,k9,target_time_slope,17,100.0,-0.001031217457185235,False
final_input_token_layerwise,disclosed,k9,target_time_slope,18,100.0,-0.0010323955900484183,False
final_input_token_layerwise,disclosed,k9,target_time_slope,19,100.0,-0.0009536891756132815,False
final_input_token_layerwise,disclosed,k9,target_time_slope,20,100.0,-0.0008165714507751554,False
final_input_token_layerwise,disclosed,k9,target_time_slope,21,100.0,-0.0005599299022185644,False
final_input_token_layerwise,disclosed,k9,target_time_slope,22,100.0,-0.0006528482674193758,False
final_input_token_layerwise,disclosed,k9,target_time_slope,23,100.0,-0.00025057887795321143,False
final_input_token_layerwise,disclosed,k9,target_time_slope,24,100.0,-0.0002826670558939426,False
final_input_token_layerwise,disclosed,k9,target_time_slope,25,100.0,-4.768793213177913e-06,False
final_input_token_layerwise,disclosed,k9,target_time_slope,26,100.0,0.0002651041823298894,False
final_input_token_layerwise,disclosed,k9,target_time_slope,27,100.0,0.00045669972803225045,False
final_input_token_layerwise,disclosed,k9,target_time_slope,28,100.0,0.00033036372574588024,False
final_input_token_layerwise,disclosed,k9,target_time_slope,29,100.0,0.00011560722673556456,False
final_input_token_layerwise,disclosed,k9,target_time_slope,30,100.0,0.0003666181036389715,False
final_input_token_layerwise,disclosed,k9,target_time_slope,31,100.0,7.263980883789878e-05,False
final_input_token_layerwise,disclosed,k9,target_time_slope,32,100.0,-0.0003095847884155012,False
final_input_token_layerwise,disclosed,k9,target_time_slope,33,100.0,-0.0003658334288294818,False
final_input_token_layerwise,disclosed,k9,target_time_slope,34,100.0,0.00037633093844391396,False
final_input_token_layerwise,disclosed,k9,target_time_slope,35,100.0,0.0005537109272289176,False
final_input_token_layerwise,disclosed,k9,target_time_slope,36,100.0,0.00031134745725661106,False
final_input_token_layerwise,disclosed,k9,displayed_driver_outcome_slope,0,0.0001,-1.1102230246251565e-16,False
final_input_token_layerwise,disclosed,k9,displayed_driver_outcome_slope,1,100.0,-0.00048506787418794994,False
final_input_token_layerwise,disclosed,k9,displayed_driver_outcome_slope,2,100.0,0.0002468594709922889,False
final_input_token_layerwise,disclosed,k9,displayed_driver_outcome_slope,3,100.0,0.00017892067638325404,False
final_input_token_layerwise,disclosed,k9,displayed_driver_outcome_slope,4,3.0,0.001343368109726406,False
final_input_token_layerwise,disclosed,k9,displayed_driver_outcome_slope,5,100.0,6.071983574484907e-05,False
final_input_token_layerwise,disclosed,k9,displayed_driver_outcome_slope,6,3.0,0.011027616524629358,False
final_input_token_layerwise,disclosed,k9,displayed_driver_outcome_slope,7,3.0,0.015497864829415176,False
final_input_token_layerwise,disclosed,k9,displayed_driver_outcome_slope,8,3.0,0.01694660240917248,False
final_input_token_layerwise,disclosed,k9,displayed_driver_outcome_slope,9,3.0,0.03635830235960699,True
final_input_token_layerwise,disclosed,k9,displayed_driver_outcome_slope,10,3.0,0.029718993921764136,False
final_input_token_layerwise,disclosed,k9,displayed_driver_outcome_slope,11,3.0,0.024820684906996987,False
final_input_token_layerwise,disclosed,k9,displayed_driver_outcome_slope,12,3.0,0.0124117506696306,False
final_input_token_layerwise,disclosed,k9,displayed_driver_outcome_slope,13,3.0,0.00848622420559847,False
final_input_token_layerwise,disclosed,k9,displayed_driver_outcome_slope,14,3.0,0.00046330107462166925,False
final_input_token_layerwise,disclosed,k9,displayed_driver_outcome_slope,15,100.0,1.6683393108285482e-05,False
final_input_token_layerwise,disclosed,k9,displayed_driver_outcome_slope,16,100.0,-0.00012600615490385159,False
final_input_token_layerwise,disclosed,k9,displayed_driver_outcome_slope,17,100.0,-0.00016824582703650615,False
final_input_token_layerwise,disclosed,k9,displayed_driver_outcome_slope,18,100.0,-0.0004520111012714656,False
final_input_token_layerwise,disclosed,k9,displayed_driver_outcome_slope,19,100.0,-0.0009765983055493588,False
final_input_token_layerwise,disclosed,k9,displayed_driver_outcome_slope,20,100.0,-0.001096094010113402,False
final_input_token_layerwise,disclosed,k9,displayed_driver_outcome_slope,21,100.0,-0.0007906484997326491,False
final_input_token_layerwise,disclosed,k9,displayed_driver_outcome_slope,22,100.0,-0.0007251239040423907,False
final_input_token_layerwise,disclosed,k9,displayed_driver_outcome_slope,23,100.0,-0.001048813550490968,False
final_input_token_layerwise,disclosed,k9,displayed_driver_outcome_slope,24,100.0,-0.0014889650658344022,False
final_input_token_layerwise,disclosed,k9,displayed_driver_outcome_slope,25,100.0,-0.0012794151167020429,False
final_input_token_layerwise,disclosed,k9,displayed_driver_outcome_slope,26,100.0,-0.0013504197459633382,False
final_input_token_layerwise,disclosed,k9,displayed_driver_outcome_slope,27,100.0,-0.0016084177109242925,False
final_input_token_layerwise,disclosed,k9,displayed_driver_outcome_slope,28,100.0,-0.001589170608747692,False
final_input_token_layerwise,disclosed,k9,displayed_driver_outcome_slope,29,100.0,-0.0017051392025957401,False
final_input_token_layerwise,disclosed,k9,displayed_driver_outcome_slope,30,100.0,-0.0014305001161133146,False
final_input_token_layerwise,disclosed,k9,displayed_driver_outcome_slope,31,100.0,-0.0014017134576936874,False
final_input_token_layerwise,disclosed,k9,displayed_driver_outcome_slope,32,100.0,-0.0012167352539321774,False
final_input_token_layerwise,disclosed,k9,displayed_driver_outcome_slope,33,100.0,-0.0011804782924632606,False
final_input_token_layerwise,disclosed,k9,displayed_driver_outcome_slope,34,100.0,-0.000907338564568344,False
final_input_token_layerwise,disclosed,k9,displayed_driver_outcome_slope,35,100.0,-0.0008014744152188835,False
final_input_token_layerwise,disclosed,k9,displayed_driver_outcome_slope,36,100.0,-0.0009167826198877571,False
final_input_token_layerwise,disclosed,k9,oracle_posterior_gain,0,0.0001,0.0,False
final_input_token_layerwise,disclosed,k9,oracle_posterior_gain,1,100.0,-0.0003897436207628002,False
final_input_token_layerwise,disclosed,k9,oracle_posterior_gain,2,100.0,0.0001537191182345854,False
final_input_token_layerwise,disclosed,k9,oracle_posterior_gain,3,100.0,-0.00020273137875181924,False
final_input_token_layerwise,disclosed,k9,oracle_posterior_gain,4,3.0,9.878782377029105e-05,False
final_input_token_layerwise,disclosed,k9,oracle_posterior_gain,5,100.0,0.00011603458633249741,False
final_input_token_layerwise,disclosed,k9,oracle_posterior_gain,6,3.0,0.0024059980523745694,True
final_input_token_layerwise,disclosed,k9,oracle_posterior_gain,7,3.0,0.001248419115629229,False
final_input_token_layerwise,disclosed,k9,oracle_posterior_gain,8,3.0,0.0003987103440945272,False
final_input_token_layerwise,disclosed,k9,oracle_posterior_gain,9,100.0,9.50399684154779e-05,False
final_input_token_layerwise,disclosed,k9,oracle_posterior_gain,10,100.0,-0.00016020833478172514,False
final_input_token_layerwise,disclosed,k9,oracle_posterior_gain,11,100.0,-0.00016842507149070207,False
final_input_token_layerwise,disclosed,k9,oracle_posterior_gain,12,100.0,-0.00025733335026267845,False
final_input_token_layerwise,disclosed,k9,oracle_posterior_gain,13,100.0,-0.00013767588289603783,False
final_input_token_layerwise,disclosed,k9,oracle_posterior_gain,14,100.0,4.287238800151916e-05,False
final_input_token_layerwise,disclosed,k9,oracle_posterior_gain,15,100.0,-0.00015873729391874258,False
final_input_token_layerwise,disclosed,k9,oracle_posterior_gain,16,100.0,-6.717751513146686e-05,False
final_input_token_layerwise,disclosed,k9,oracle_posterior_gain,17,100.0,0.00015234561875848707,False
final_input_token_layerwise,disclosed,k9,oracle_posterior_gain,18,100.0,4.839917878549094e-05,False
final_input_token_layerwise,disclosed,k9,oracle_posterior_gain,19,100.0,-0.0002720829131820368,False
final_input_token_layerwise,disclosed,k9,oracle_posterior_gain,20,100.0,-7.74831991813274e-05,False
final_input_token_layerwise,disclosed,k9,oracle_posterior_gain,21,100.0,0.00018653067489582398,False
final_input_token_layerwise,disclosed,k9,oracle_posterior_gain,22,100.0,0.0004328600508482494,False
final_input_token_layerwise,disclosed,k9,oracle_posterior_gain,23,100.0,0.0006670808964012176,False
final_input_token_layerwise,disclosed,k9,oracle_posterior_gain,24,100.0,0.0009978670357870811,False
final_input_token_layerwise,disclosed,k9,oracle_posterior_gain,25,100.0,0.0006166941753570632,False
final_input_token_layerwise,disclosed,k9,oracle_posterior_gain,26,100.0,0.0003045698786078854,False
final_input_token_layerwise,disclosed,k9,oracle_posterior_gain,27,100.0,0.0002901831611011041,False
final_input_token_layerwise,disclosed,k9,oracle_posterior_gain,28,100.0,0.0002770086985329212,False
final_input_token_layerwise,disclosed,k9,oracle_posterior_gain,29,100.0,-0.00042434524419251995,False
final_input_token_layerwise,disclosed,k9,oracle_posterior_gain,30,100.0,-0.0005652461802592434,False
final_input_token_layerwise,disclosed,k9,oracle_posterior_gain,31,100.0,-0.0007072183282915145,False
final_input_token_layerwise,disclosed,k9,oracle_posterior_gain,32,100.0,-0.000742374759660408,False
final_input_token_layerwise,disclosed,k9,oracle_posterior_gain,33,100.0,-0.0006683756185804912,False
final_input_token_layerwise,disclosed,k9,oracle_posterior_gain,34,100.0,-0.0007671901808986303,False
final_input_token_layerwise,disclosed,k9,oracle_posterior_gain,35,100.0,-0.0004906943094958038,False
final_input_token_layerwise,disclosed,k9,oracle_posterior_gain,36,100.0,-0.0005436579718480772,False
final_input_token_layerwise,disclosed,pooled,gain,0,0.0001,0.0,False
final_input_token_layerwise,disclosed,pooled,gain,1,100.0,0.00045885718421735205,False
final_input_token_layerwise,disclosed,pooled,gain,2,100.0,-0.0011649473097194256,False
final_input_token_layerwise,disclosed,pooled,gain,3,100.0,-0.0024432020684448754,False
final_input_token_layerwise,disclosed,pooled,gain,4,100.0,-0.0016315508177205857,False
final_input_token_layerwise,disclosed,pooled,gain,5,100.0,-0.0025066536387090646,False
final_input_token_layerwise,disclosed,pooled,gain,6,100.0,-0.002708723232009399,False
final_input_token_layerwise,disclosed,pooled,gain,7,100.0,-0.001945015260637654,False
final_input_token_layerwise,disclosed,pooled,gain,8,100.0,-0.0030097484488643598,False
final_input_token_layerwise,disclosed,pooled,gain,9,100.0,-0.0028782857036665313,False
final_input_token_layerwise,disclosed,pooled,gain,10,100.0,-0.0025877638768659617,False
final_input_token_layerwise,disclosed,pooled,gain,11,100.0,-0.0015097634544109229,False
final_input_token_layerwise,disclosed,pooled,gain,12,100.0,-0.002091157418357146,False
final_input_token_layerwise,disclosed,pooled,gain,13,100.0,-0.001953820024858962,False
final_input_token_layerwise,disclosed,pooled,gain,14,100.0,-0.0016771619577151213,False
final_input_token_layerwise,disclosed,pooled,gain,15,100.0,-0.0022742764109467497,False
final_input_token_layerwise,disclosed,pooled,gain,16,100.0,-0.0015968194615413878,False
final_input_token_layerwise,disclosed,pooled,gain,17,100.0,-0.0003288402691533354,False
final_input_token_layerwise,disclosed,pooled,gain,18,100.0,6.793067087738451e-05,False
final_input_token_layerwise,disclosed,pooled,gain,19,100.0,0.0010572122850582195,False
final_input_token_layerwise,disclosed,pooled,gain,20,100.0,0.0002597400055673142,False
final_input_token_layerwise,disclosed,pooled,gain,21,100.0,0.0014359176437595267,False
final_input_token_layerwise,disclosed,pooled,gain,22,100.0,0.002390796349407448,False
final_input_token_layerwise,disclosed,pooled,gain,23,100.0,0.002414733920899396,False
final_input_token_layerwise,disclosed,pooled,gain,24,100.0,0.0021541967510863014,False
final_input_token_layerwise,disclosed,pooled,gain,25,100.0,0.0030620712809006356,True
final_input_token_layerwise,disclosed,pooled,gain,26,100.0,0.0015019519896286766,False
final_input_token_layerwise,disclosed,pooled,gain,27,100.0,0.00107662694216983,False
final_input_token_layerwise,disclosed,pooled,gain,28,100.0,0.002238375621392665,False
final_input_token_layerwise,disclosed,pooled,gain,29,100.0,0.002306291204848099,False
final_input_token_layerwise,disclosed,pooled,gain,30,100.0,0.0011929611928089556,False
final_input_token_layerwise,disclosed,pooled,gain,31,100.0,0.000848042873808306,False
final_input_token_layerwise,disclosed,pooled,gain,32,100.0,0.0013209696983020232,False
final_input_token_layerwise,disclosed,pooled,gain,33,100.0,0.0008365289163092352,False
final_input_token_layerwise,disclosed,pooled,gain,34,100.0,0.0009019557643317929,False
final_input_token_layerwise,disclosed,pooled,gain,35,100.0,0.0008516824672489912,False
final_input_token_layerwise,disclosed,pooled,gain,36,100.0,0.0004683471685621628,False
final_input_token_layerwise,disclosed,pooled,response_residual,0,0.0001,-2.7755575615628914e-17,False
final_input_token_layerwise,disclosed,pooled,response_residual,1,100.0,0.001832045798020293,True
final_input_token_layerwise,disclosed,pooled,response_residual,2,100.0,-0.00285411354435904,False
final_input_token_layerwise,disclosed,pooled,response_residual,3,100.0,-0.003943567940386315,False
final_input_token_layerwise,disclosed,pooled,response_residual,4,100.0,-0.0030138011029165745,False
final_input_token_layerwise,disclosed,pooled,response_residual,5,100.0,-0.00565506884429411,False
final_input_token_layerwise,disclosed,pooled,response_residual,6,100.0,-0.0043866359243692294,False
final_input_token_layerwise,disclosed,pooled,response_residual,7,100.0,-0.0037087954252363053,False
final_input_token_layerwise,disclosed,pooled,response_residual,8,100.0,-0.004529613788627281,False
final_input_token_layerwise,disclosed,pooled,response_residual,9,100.0,-0.004115997955382672,False
final_input_token_layerwise,disclosed,pooled,response_residual,10,100.0,-0.003616998940934831,False
final_input_token_layerwise,disclosed,pooled,response_residual,11,100.0,-0.002495068685667401,False
final_input_token_layerwise,disclosed,pooled,response_residual,12,100.0,-0.002753405183570562,False
final_input_token_layerwise,disclosed,pooled,response_residual,13,100.0,-0.0027488633104438553,False
final_input_token_layerwise,disclosed,pooled,response_residual,14,100.0,-0.002813798720686933,False
final_input_token_layerwise,disclosed,pooled,response_residual,15,100.0,-0.002401948227938905,False
final_input_token_layerwise,disclosed,pooled,response_residual,16,100.0,-0.0020090696506692616,False
final_input_token_layerwise,disclosed,pooled,response_residual,17,100.0,-0.0011451160317348015,False
final_input_token_layerwise,disclosed,pooled,response_residual,18,100.0,-0.0008786755098901996,False
final_input_token_layerwise,disclosed,pooled,response_residual,19,100.0,-5.304586784140216e-05,False
final_input_token_layerwise,disclosed,pooled,response_residual,20,100.0,-0.0011005250694163156,False
final_input_token_layerwise,disclosed,pooled,response_residual,21,100.0,0.0003274519488973282,False
final_input_token_layerwise,disclosed,pooled,response_residual,22,100.0,0.000632736174518774,False
final_input_token_layerwise,disclosed,pooled,response_residual,23,100.0,0.000669253584533791,False
final_input_token_layerwise,disclosed,pooled,response_residual,24,100.0,0.00010464888756001971,False
final_input_token_layerwise,disclosed,pooled,response_residual,25,100.0,0.00018096378008693645,False
final_input_token_layerwise,disclosed,pooled,response_residual,26,100.0,-0.0014289146562126431,False
final_input_token_layerwise,disclosed,pooled,response_residual,27,100.0,-0.001751520362363738,False
final_input_token_layerwise,disclosed,pooled,response_residual,28,100.0,-0.001123179469761389,False
final_input_token_layerwise,disclosed,pooled,response_residual,29,100.0,-0.001126938017139247,False
final_input_token_layerwise,disclosed,pooled,response_residual,30,100.0,-0.0023743594705093554,False
final_input_token_layerwise,disclosed,pooled,response_residual,31,100.0,-0.0026520885342787015,False
final_input_token_layerwise,disclosed,pooled,response_residual,32,100.0,-0.002428534303175467,False
final_input_token_layerwise,disclosed,pooled,response_residual,33,100.0,-0.0029961304214656446,False
final_input_token_layerwise,disclosed,pooled,response_residual,34,100.0,-0.002841339149039964,False
final_input_token_layerwise,disclosed,pooled,response_residual,35,100.0,-0.002680616481381598,False
final_input_token_layerwise,disclosed,pooled,response_residual,36,100.0,-0.002899159216243554,False
final_input_token_layerwise,undisclosed,k3,gain,0,0.0001,0.0,False
final_input_token_layerwise,undisclosed,k3,gain,1,100.0,-0.0011721975131173124,False
final_input_token_layerwise,undisclosed,k3,gain,2,100.0,0.001333657420690304,True
final_input_token_layerwise,undisclosed,k3,gain,3,100.0,0.0012437273909082225,False
final_input_token_layerwise,undisclosed,k3,gain,4,100.0,0.0008939892018647033,False
final_input_token_layerwise,undisclosed,k3,gain,5,100.0,0.00047238821132936093,False
final_input_token_layerwise,undisclosed,k3,gain,6,100.0,0.00025096475484057135,False
final_input_token_layerwise,undisclosed,k3,gain,7,100.0,0.00016079707218447092,False
final_input_token_layerwise,undisclosed,k3,gain,8,100.0,0.00019543016766063181,False
final_input_token_layerwise,undisclosed,k3,gain,9,100.0,-6.303121150241786e-06,False
final_input_token_layerwise,undisclosed,k3,gain,10,100.0,0.00035018857048779717,False
final_input_token_layerwise,undisclosed,k3,gain,11,100.0,0.0004286495334255569,False
final_input_token_layerwise,undisclosed,k3,gain,12,100.0,-2.17924544959891e-05,False
final_input_token_layerwise,undisclosed,k3,gain,13,100.0,7.973004279115958e-05,False
final_input_token_layerwise,undisclosed,k3,gain,14,100.0,0.0005053528222259129,False
final_input_token_layerwise,undisclosed,k3,gain,15,100.0,0.0005461823001366162,False
final_input_token_layerwise,undisclosed,k3,gain,16,100.0,0.00018390492851275142,False
final_input_token_layerwise,undisclosed,k3,gain,17,100.0,0.00039970590146196083,False
final_input_token_layerwise,undisclosed,k3,gain,18,100.0,0.00010433660931596922,False
final_input_token_layerwise,undisclosed,k3,gain,19,100.0,0.00011371037914528759,False
final_input_token_layerwise,undisclosed,k3,gain,20,100.0,0.0004158879886048128,False
final_input_token_layerwise,undisclosed,k3,gain,21,100.0,0.00042177814586114026,False
final_input_token_layerwise,undisclosed,k3,gain,22,100.0,0.00025396184328871363,False
final_input_token_layerwise,undisclosed,k3,gain,23,100.0,0.0005670802451986923,False
final_input_token_layerwise,undisclosed,k3,gain,24,100.0,0.0004809926423486044,False
final_input_token_layerwise,undisclosed,k3,gain,25,100.0,0.0008058533850669458,False
final_input_token_layerwise,undisclosed,k3,gain,26,100.0,0.0008264693610313678,False
final_input_token_layerwise,undisclosed,k3,gain,27,100.0,0.0010077440098171797,False
final_input_token_layerwise,undisclosed,k3,gain,28,100.0,0.0011487151770111226,False
final_input_token_layerwise,undisclosed,k3,gain,29,100.0,0.0009724658289811394,False
final_input_token_layerwise,undisclosed,k3,gain,30,100.0,0.0008648671614188697,False
final_input_token_layerwise,undisclosed,k3,gain,31,100.0,0.0007458000695604317,False
final_input_token_layerwise,undisclosed,k3,gain,32,100.0,0.0007943044132448784,False
final_input_token_layerwise,undisclosed,k3,gain,33,100.0,0.000575162045054034,False
final_input_token_layerwise,undisclosed,k3,gain,34,100.0,0.000594415924977415,False
final_input_token_layerwise,undisclosed,k3,gain,35,100.0,0.0006239308325465265,False
final_input_token_layerwise,undisclosed,k3,gain,36,100.0,0.000606753606291921,False
final_input_token_layerwise,undisclosed,k3,response_residual,0,0.0001,-2.7755575615628914e-17,False
final_input_token_layerwise,undisclosed,k3,response_residual,1,100.0,-0.0010655510542206537,False
final_input_token_layerwise,undisclosed,k3,response_residual,2,100.0,0.001060930144169886,False
final_input_token_layerwise,undisclosed,k3,response_residual,3,100.0,0.0013565275993165649,False
final_input_token_layerwise,undisclosed,k3,response_residual,4,100.0,0.0010222629393865368,False
final_input_token_layerwise,undisclosed,k3,response_residual,5,100.0,0.0006354395493146092,False
final_input_token_layerwise,undisclosed,k3,response_residual,6,100.0,0.0005314540253421318,False
final_input_token_layerwise,undisclosed,k3,response_residual,7,100.0,0.000417370261518335,False
final_input_token_layerwise,undisclosed,k3,response_residual,8,100.0,0.0005267656284103361,False
final_input_token_layerwise,undisclosed,k3,response_residual,9,100.0,0.0005529773094350987,False
final_input_token_layerwise,undisclosed,k3,response_residual,10,100.0,0.0008435125833207158,False
final_input_token_layerwise,undisclosed,k3,response_residual,11,100.0,0.0008940942880149017,False
final_input_token_layerwise,undisclosed,k3,response_residual,12,100.0,0.00041287428882491595,False
final_input_token_layerwise,undisclosed,k3,response_residual,13,100.0,0.0003569082619329089,False
final_input_token_layerwise,undisclosed,k3,response_residual,14,100.0,0.000700248769465589,False
final_input_token_layerwise,undisclosed,k3,response_residual,15,100.0,0.0007393338281348749,False
final_input_token_layerwise,undisclosed,k3,response_residual,16,100.0,0.0002939010991563351,False
final_input_token_layerwise,undisclosed,k3,response_residual,17,100.0,0.00046490516004871196,False
final_input_token_layerwise,undisclosed,k3,response_residual,18,100.0,0.00032147173055480094,False
final_input_token_layerwise,undisclosed,k3,response_residual,19,100.0,0.0004139102414046636,False
final_input_token_layerwise,undisclosed,k3,response_residual,20,100.0,0.000839593474872502,False
final_input_token_layerwise,undisclosed,k3,response_residual,21,100.0,0.000947487827430038,False
final_input_token_layerwise,undisclosed,k3,response_residual,22,100.0,0.0009371415476390754,False
final_input_token_layerwise,undisclosed,k3,response_residual,23,100.0,0.00104090721296482,False
final_input_token_layerwise,undisclosed,k3,response_residual,24,100.0,0.0008351865005367665,False
final_input_token_layerwise,undisclosed,k3,response_residual,25,100.0,0.0011115929310889783,False
final_input_token_layerwise,undisclosed,k3,response_residual,26,100.0,0.0010602691996022817,False
final_input_token_layerwise,undisclosed,k3,response_residual,27,100.0,0.0012435391536853024,False
final_input_token_layerwise,undisclosed,k3,response_residual,28,100.0,0.0013793159664566845,False
final_input_token_layerwise,undisclosed,k3,response_residual,29,100.0,0.0012807287759783181,False
final_input_token_layerwise,undisclosed,k3,response_residual,30,100.0,0.0012577304655960464,False
final_input_token_layerwise,undisclosed,k3,response_residual,31,100.0,0.0011064710126162114,False
final_input_token_layerwise,undisclosed,k3,response_residual,32,100.0,0.0013081440163253133,False
final_input_token_layerwise,undisclosed,k3,response_residual,33,100.0,0.0011406470135982283,False
final_input_token_layerwise,undisclosed,k3,response_residual,34,100.0,0.001380377210092848,False
final_input_token_layerwise,undisclosed,k3,response_residual,35,100.0,0.0015266845038622578,True
final_input_token_layerwise,undisclosed,k3,response_residual,36,100.0,0.0015098900578380259,False
final_input_token_layerwise,undisclosed,k3,last_target_observation,0,0.0001,-8.326672684688674e-17,False
final_input_token_layerwise,undisclosed,k3,last_target_observation,1,0.1,0.07949653683838118,True
final_input_token_layerwise,undisclosed,k3,last_target_observation,2,100.0,0.00032910962065396676,False
final_input_token_layerwise,undisclosed,k3,last_target_observation,3,0.1,0.05636243934561075,False
final_input_token_layerwise,undisclosed,k3,last_target_observation,4,0.1,0.0415318611618698,False
final_input_token_layerwise,undisclosed,k3,last_target_observation,5,0.1,0.03954577938657436,False
final_input_token_layerwise,undisclosed,k3,last_target_observation,6,3.0,0.011504787327558996,False
final_input_token_layerwise,undisclosed,k3,last_target_observation,7,3.0,0.0118552952664992,False
final_input_token_layerwise,undisclosed,k3,last_target_observation,8,3.0,0.013681117623173727,False
final_input_token_layerwise,undisclosed,k3,last_target_observation,9,3.0,0.012103491789409088,False
final_input_token_layerwise,undisclosed,k3,last_target_observation,10,100.0,0.00022723399666318977,False
final_input_token_layerwise,undisclosed,k3,last_target_observation,11,100.0,0.00020710121276595883,False
final_input_token_layerwise,undisclosed,k3,last_target_observation,12,100.0,0.0003532259885201672,False
final_input_token_layerwise,undisclosed,k3,last_target_observation,13,100.0,0.0003217383259943585,False
final_input_token_layerwise,undisclosed,k3,last_target_observation,14,100.0,0.00017050107406496595,False
final_input_token_layerwise,undisclosed,k3,last_target_observation,15,100.0,-2.8001977542629897e-05,False
final_input_token_layerwise,undisclosed,k3,last_target_observation,16,100.0,-0.0002522116568156596,False
final_input_token_layerwise,undisclosed,k3,last_target_observation,17,100.0,-0.00020251325332257264,False
final_input_token_layerwise,undisclosed,k3,last_target_observation,18,100.0,-0.0005262187830178955,False
final_input_token_layerwise,undisclosed,k3,last_target_observation,19,100.0,-0.0009810534444297525,False
final_input_token_layerwise,undisclosed,k3,last_target_observation,20,100.0,-0.00037476938483285704,False
final_input_token_layerwise,undisclosed,k3,last_target_observation,21,3.0,0.0017950851841551652,False
final_input_token_layerwise,undisclosed,k3,last_target_observation,22,100.0,-0.00010749736213738759,False
final_input_token_layerwise,undisclosed,k3,last_target_observation,23,100.0,-0.0004441397343105946,False
final_input_token_layerwise,undisclosed,k3,last_target_observation,24,100.0,-0.001026687323100045,False
final_input_token_layerwise,undisclosed,k3,last_target_observation,25,100.0,-0.0012747547604740894,False
final_input_token_layerwise,undisclosed,k3,last_target_observation,26,100.0,-0.0012388222157220796,False
final_input_token_layerwise,undisclosed,k3,last_target_observation,27,100.0,-0.0013295553195921128,False
final_input_token_layerwise,undisclosed,k3,last_target_observation,28,100.0,-0.001613279261859113,False
final_input_token_layerwise,undisclosed,k3,last_target_observation,29,100.0,-0.0019259034630060012,False
final_input_token_layerwise,undisclosed,k3,last_target_observation,30,100.0,-0.001918861811729844,False
final_input_token_layerwise,undisclosed,k3,last_target_observation,31,100.0,-0.0014874472019227036,False
final_input_token_layerwise,undisclosed,k3,last_target_observation,32,100.0,-0.0018451337173998605,False
final_input_token_layerwise,undisclosed,k3,last_target_observation,33,100.0,-0.0019121090892887105,False
final_input_token_layerwise,undisclosed,k3,last_target_observation,34,100.0,-0.002148128481284206,False
final_input_token_layerwise,undisclosed,k3,last_target_observation,35,100.0,-0.002123417310015807,False
final_input_token_layerwise,undisclosed,k3,last_target_observation,36,100.0,-0.0020114357661773496,False
final_input_token_layerwise,undisclosed,k3,target_observation_mean,0,0.0001,5.551115123125783e-17,False
final_input_token_layerwise,undisclosed,k3,target_observation_mean,1,3.0,0.036131646198124034,True
final_input_token_layerwise,undisclosed,k3,target_observation_mean,2,3.0,0.0013380175754674761,False
final_input_token_layerwise,undisclosed,k3,target_observation_mean,3,3.0,0.006731615445067701,False
final_input_token_layerwise,undisclosed,k3,target_observation_mean,4,100.0,0.00022662475794815728,False
final_input_token_layerwise,undisclosed,k3,target_observation_mean,5,100.0,-9.876561975763476e-07,False
final_input_token_layerwise,undisclosed,k3,target_observation_mean,6,3.0,0.0008796856158664046,False
final_input_token_layerwise,undisclosed,k3,target_observation_mean,7,3.0,0.000994862307207467,False
final_input_token_layerwise,undisclosed,k3,target_observation_mean,8,100.0,-0.0001265056299641909,False
final_input_token_layerwise,undisclosed,k3,target_observation_mean,9,100.0,-9.805014292502134e-05,False
final_input_token_layerwise,undisclosed,k3,target_observation_mean,10,100.0,-0.0005364930999753048,False
final_input_token_layerwise,undisclosed,k3,target_observation_mean,11,100.0,-0.0004507118026996493,False
final_input_token_layerwise,undisclosed,k3,target_observation_mean,12,100.0,-5.362825890162237e-05,False
final_input_token_layerwise,undisclosed,k3,target_observation_mean,13,100.0,-0.00029809640037137264,False
final_input_token_layerwise,undisclosed,k3,target_observation_mean,14,100.0,-0.001312039179742458,False
final_input_token_layerwise,undisclosed,k3,target_observation_mean,15,100.0,-0.0012775318368095645,False
final_input_token_layerwise,undisclosed,k3,target_observation_mean,16,100.0,-0.001529130532685774,False
final_input_token_layerwise,undisclosed,k3,target_observation_mean,17,100.0,-0.0011261960948987237,False
final_input_token_layerwise,undisclosed,k3,target_observation_mean,18,100.0,-0.0010119727024854308,False
final_input_token_layerwise,undisclosed,k3,target_observation_mean,19,100.0,-0.0004423121918884776,False
final_input_token_layerwise,undisclosed,k3,target_observation_mean,20,100.0,0.0008364119881311138,False
final_input_token_layerwise,undisclosed,k3,target_observation_mean,21,100.0,0.0017169757366669591,False
final_input_token_layerwise,undisclosed,k3,target_observation_mean,22,100.0,0.0020991785828455845,False
final_input_token_layerwise,undisclosed,k3,target_observation_mean,23,100.0,0.0016782310673975898,False
final_input_token_layerwise,undisclosed,k3,target_observation_mean,24,100.0,0.0011912765564381922,False
final_input_token_layerwise,undisclosed,k3,target_observation_mean,25,100.0,0.001046424641624466,False
final_input_token_layerwise,undisclosed,k3,target_observation_mean,26,100.0,0.0010734546988996896,False
final_input_token_layerwise,undisclosed,k3,target_observation_mean,27,100.0,0.0014325332448345274,False
final_input_token_layerwise,undisclosed,k3,target_observation_mean,28,100.0,0.0007666165743979991,False
final_input_token_layerwise,undisclosed,k3,target_observation_mean,29,100.0,0.0009426984908376679,False
final_input_token_layerwise,undisclosed,k3,target_observation_mean,30,100.0,0.0007124918854303774,False
final_input_token_layerwise,undisclosed,k3,target_observation_mean,31,100.0,0.00027173684374931506,False
final_input_token_layerwise,undisclosed,k3,target_observation_mean,32,100.0,0.0004738891395461575,False
final_input_token_layerwise,undisclosed,k3,target_observation_mean,33,100.0,0.00030775830462859144,False
final_input_token_layerwise,undisclosed,k3,target_observation_mean,34,100.0,0.00026710047676548054,False
final_input_token_layerwise,undisclosed,k3,target_observation_mean,35,100.0,0.0006192784689745823,False
final_input_token_layerwise,undisclosed,k3,target_observation_mean,36,100.0,0.001081220335272165,False
final_input_token_layerwise,undisclosed,k3,target_time_slope,0,0.0001,0.0,False
final_input_token_layerwise,undisclosed,k3,target_time_slope,1,100.0,-0.0008714063239432801,False
final_input_token_layerwise,undisclosed,k3,target_time_slope,2,100.0,-0.0026944565370546902,False
final_input_token_layerwise,undisclosed,k3,target_time_slope,3,100.0,-0.0012974263495727778,False
final_input_token_layerwise,undisclosed,k3,target_time_slope,4,100.0,-0.000913376096250279,False
final_input_token_layerwise,undisclosed,k3,target_time_slope,5,100.0,-0.0004239778515954806,False
final_input_token_layerwise,undisclosed,k3,target_time_slope,6,100.0,-0.0005677371435697243,False
final_input_token_layerwise,undisclosed,k3,target_time_slope,7,100.0,-0.00040344046103649167,False
final_input_token_layerwise,undisclosed,k3,target_time_slope,8,100.0,-0.00014825907598653432,False
final_input_token_layerwise,undisclosed,k3,target_time_slope,9,100.0,2.8504162147835466e-05,False
final_input_token_layerwise,undisclosed,k3,target_time_slope,10,100.0,-0.0003084179493783312,False
final_input_token_layerwise,undisclosed,k3,target_time_slope,11,100.0,-0.00013358967609455874,False
final_input_token_layerwise,undisclosed,k3,target_time_slope,12,100.0,-0.00022614408932003505,False
final_input_token_layerwise,undisclosed,k3,target_time_slope,13,100.0,5.246653328266904e-06,False
final_input_token_layerwise,undisclosed,k3,target_time_slope,14,100.0,0.00010616533925264515,False
final_input_token_layerwise,undisclosed,k3,target_time_slope,15,100.0,-0.0002860715568008265,False
final_input_token_layerwise,undisclosed,k3,target_time_slope,16,100.0,-0.0003838664031323158,False
final_input_token_layerwise,undisclosed,k3,target_time_slope,17,100.0,-0.0002630519418622135,False
final_input_token_layerwise,undisclosed,k3,target_time_slope,18,100.0,-0.0005679036286507788,False
final_input_token_layerwise,undisclosed,k3,target_time_slope,19,100.0,-0.0011700909022792083,False
final_input_token_layerwise,undisclosed,k3,target_time_slope,20,100.0,-0.0006123901237900242,False
final_input_token_layerwise,undisclosed,k3,target_time_slope,21,100.0,-0.0006059965131709755,False
final_input_token_layerwise,undisclosed,k3,target_time_slope,22,100.0,-0.0006359959023493067,False
final_input_token_layerwise,undisclosed,k3,target_time_slope,23,100.0,-0.00040821018037134893,False
final_input_token_layerwise,undisclosed,k3,target_time_slope,24,100.0,-0.0008644729517686689,False
final_input_token_layerwise,undisclosed,k3,target_time_slope,25,100.0,-0.0010331996486208361,False
final_input_token_layerwise,undisclosed,k3,target_time_slope,26,100.0,-0.0008087994340028881,False
final_input_token_layerwise,undisclosed,k3,target_time_slope,27,100.0,-0.0008020292464744061,False
final_input_token_layerwise,undisclosed,k3,target_time_slope,28,100.0,-0.0006488587509802524,False
final_input_token_layerwise,undisclosed,k3,target_time_slope,29,100.0,-0.0009230403400999065,False
final_input_token_layerwise,undisclosed,k3,target_time_slope,30,100.0,-0.0006620533136780515,False
final_input_token_layerwise,undisclosed,k3,target_time_slope,31,3.0,0.008349357477138608,False
final_input_token_layerwise,undisclosed,k3,target_time_slope,32,3.0,0.0028666367616418387,False
final_input_token_layerwise,undisclosed,k3,target_time_slope,33,3.0,0.008758306463351656,True
final_input_token_layerwise,undisclosed,k3,target_time_slope,34,3.0,0.005855583972280309,False
final_input_token_layerwise,undisclosed,k3,target_time_slope,35,3.0,0.004388389070484555,False
final_input_token_layerwise,undisclosed,k3,target_time_slope,36,3.0,0.0018477089709492966,False
final_input_token_layerwise,undisclosed,k3,displayed_driver_outcome_slope,0,0.0001,5.551115123125783e-17,False
final_input_token_layerwise,undisclosed,k3,displayed_driver_outcome_slope,1,100.0,8.08462143622457e-05,False
final_input_token_layerwise,undisclosed,k3,displayed_driver_outcome_slope,2,3.0,0.04278371182689111,True
final_input_token_layerwise,undisclosed,k3,displayed_driver_outcome_slope,3,3.0,0.036965623070873116,False
final_input_token_layerwise,undisclosed,k3,displayed_driver_outcome_slope,4,3.0,0.03249432171409172,False
final_input_token_layerwise,undisclosed,k3,displayed_driver_outcome_slope,5,3.0,0.036479681050745755,False
final_input_token_layerwise,undisclosed,k3,displayed_driver_outcome_slope,6,3.0,0.03816064244101161,False
final_input_token_layerwise,undisclosed,k3,displayed_driver_outcome_slope,7,3.0,0.029074298190827186,False
final_input_token_layerwise,undisclosed,k3,displayed_driver_outcome_slope,8,3.0,0.0152253440444855,False
final_input_token_layerwise,undisclosed,k3,displayed_driver_outcome_slope,9,3.0,0.013839143770185303,False
final_input_token_layerwise,undisclosed,k3,displayed_driver_outcome_slope,10,3.0,0.018814477947392688,False
final_input_token_layerwise,undisclosed,k3,displayed_driver_outcome_slope,11,3.0,0.017905700244147782,False
final_input_token_layerwise,undisclosed,k3,displayed_driver_outcome_slope,12,3.0,0.016081847964929008,False
final_input_token_layerwise,undisclosed,k3,displayed_driver_outcome_slope,13,3.0,0.020332132103329653,False
final_input_token_layerwise,undisclosed,k3,displayed_driver_outcome_slope,14,3.0,0.014491532218521591,False
final_input_token_layerwise,undisclosed,k3,displayed_driver_outcome_slope,15,100.0,0.001783854836072768,False
final_input_token_layerwise,undisclosed,k3,displayed_driver_outcome_slope,16,3.0,0.00442717162747866,False
final_input_token_layerwise,undisclosed,k3,displayed_driver_outcome_slope,17,100.0,0.001740822285094229,False
final_input_token_layerwise,undisclosed,k3,displayed_driver_outcome_slope,18,100.0,0.001419925110362319,False
final_input_token_layerwise,undisclosed,k3,displayed_driver_outcome_slope,19,100.0,0.0012292317231170635,False
final_input_token_layerwise,undisclosed,k3,displayed_driver_outcome_slope,20,100.0,0.0012126726292276957,False
final_input_token_layerwise,undisclosed,k3,displayed_driver_outcome_slope,21,100.0,0.0001320901460866719,False
final_input_token_layerwise,undisclosed,k3,displayed_driver_outcome_slope,22,100.0,-0.00027035039979214637,False
final_input_token_layerwise,undisclosed,k3,displayed_driver_outcome_slope,23,100.0,-0.0007366853168474796,False
final_input_token_layerwise,undisclosed,k3,displayed_driver_outcome_slope,24,100.0,-0.0012641836138636842,False
final_input_token_layerwise,undisclosed,k3,displayed_driver_outcome_slope,25,100.0,-0.0012851421737923585,False
final_input_token_layerwise,undisclosed,k3,displayed_driver_outcome_slope,26,100.0,-0.0013632142170910966,False
final_input_token_layerwise,undisclosed,k3,displayed_driver_outcome_slope,27,100.0,-0.001071856498871343,False
final_input_token_layerwise,undisclosed,k3,displayed_driver_outcome_slope,28,100.0,-0.0010797371507104692,False
final_input_token_layerwise,undisclosed,k3,displayed_driver_outcome_slope,29,100.0,-0.0011758307722332662,False
final_input_token_layerwise,undisclosed,k3,displayed_driver_outcome_slope,30,100.0,-0.0011300303301403636,False
final_input_token_layerwise,undisclosed,k3,displayed_driver_outcome_slope,31,100.0,-0.0005553627765678693,False
final_input_token_layerwise,undisclosed,k3,displayed_driver_outcome_slope,32,100.0,-0.00045677917089065323,False
final_input_token_layerwise,undisclosed,k3,displayed_driver_outcome_slope,33,100.0,-0.0004695239354224334,False
final_input_token_layerwise,undisclosed,k3,displayed_driver_outcome_slope,34,100.0,-0.00022320786141610816,False
final_input_token_layerwise,undisclosed,k3,displayed_driver_outcome_slope,35,100.0,-7.918157316602614e-05,False
final_input_token_layerwise,undisclosed,k3,displayed_driver_outcome_slope,36,100.0,-0.000296154885373906,False
final_input_token_layerwise,undisclosed,k3,oracle_posterior_gain,0,0.0001,2.7755575615628914e-17,False
final_input_token_layerwise,undisclosed,k3,oracle_posterior_gain,1,100.0,-0.002456590608957032,False
final_input_token_layerwise,undisclosed,k3,oracle_posterior_gain,2,100.0,-0.002673250851066622,False
final_input_token_layerwise,undisclosed,k3,oracle_posterior_gain,3,100.0,-0.0025042104550653532,False
final_input_token_layerwise,undisclosed,k3,oracle_posterior_gain,4,100.0,-0.002088809835029487,False
final_input_token_layerwise,undisclosed,k3,oracle_posterior_gain,5,100.0,-0.0015451495397369452,False
final_input_token_layerwise,undisclosed,k3,oracle_posterior_gain,6,100.0,-0.0015231835568658425,False
final_input_token_layerwise,undisclosed,k3,oracle_posterior_gain,7,100.0,-0.0014167118627143038,False
final_input_token_layerwise,undisclosed,k3,oracle_posterior_gain,8,100.0,-0.0011807082792308077,False
final_input_token_layerwise,undisclosed,k3,oracle_posterior_gain,9,100.0,-0.0009083806923179671,False
final_input_token_layerwise,undisclosed,k3,oracle_posterior_gain,10,100.0,-0.0006381673046486069,False
final_input_token_layerwise,undisclosed,k3,oracle_posterior_gain,11,100.0,-0.0007280316450246072,False
final_input_token_layerwise,undisclosed,k3,oracle_posterior_gain,12,100.0,-0.0011487549330576885,False
final_input_token_layerwise,undisclosed,k3,oracle_posterior_gain,13,100.0,-0.0010934580526197057,False
final_input_token_layerwise,undisclosed,k3,oracle_posterior_gain,14,100.0,-0.0008580232016074663,False
final_input_token_layerwise,undisclosed,k3,oracle_posterior_gain,15,100.0,-0.0008599235017987261,False
final_input_token_layerwise,undisclosed,k3,oracle_posterior_gain,16,100.0,-0.0007522878648071885,False
final_input_token_layerwise,undisclosed,k3,oracle_posterior_gain,17,100.0,-0.0010876125073723264,False
final_input_token_layerwise,undisclosed,k3,oracle_posterior_gain,18,100.0,-0.0012559076480773979,False
final_input_token_layerwise,undisclosed,k3,oracle_posterior_gain,19,100.0,-0.0016256353030770776,False
final_input_token_layerwise,undisclosed,k3,oracle_posterior_gain,20,100.0,-0.0013187574851535877,False
final_input_token_layerwise,undisclosed,k3,oracle_posterior_gain,21,100.0,-0.0012915877561564537,False
final_input_token_layerwise,undisclosed,k3,oracle_posterior_gain,22,100.0,-0.0014035285315519008,False
final_input_token_layerwise,undisclosed,k3,oracle_posterior_gain,23,100.0,-0.0014293175477394504,False
final_input_token_layerwise,undisclosed,k3,oracle_posterior_gain,24,100.0,-0.0009787036762527734,False
final_input_token_layerwise,undisclosed,k3,oracle_posterior_gain,25,100.0,-0.0007579836987601507,False
final_input_token_layerwise,undisclosed,k3,oracle_posterior_gain,26,100.0,-0.0005236839583628583,False
final_input_token_layerwise,undisclosed,k3,oracle_posterior_gain,27,100.0,-0.0002963423628920825,False
final_input_token_layerwise,undisclosed,k3,oracle_posterior_gain,28,100.0,-1.40561708107112e-05,False
final_input_token_layerwise,undisclosed,k3,oracle_posterior_gain,29,100.0,-0.00019946139728049816,False
final_input_token_layerwise,undisclosed,k3,oracle_posterior_gain,30,100.0,-0.00020091398473259803,False
final_input_token_layerwise,undisclosed,k3,oracle_posterior_gain,31,100.0,-0.00018931470807220796,False
final_input_token_layerwise,undisclosed,k3,oracle_posterior_gain,32,100.0,2.3195275272586136e-05,False
final_input_token_layerwise,undisclosed,k3,oracle_posterior_gain,33,100.0,-0.000152673447709889,False
final_input_token_layerwise,undisclosed,k3,oracle_posterior_gain,34,100.0,3.755381909825717e-05,False
final_input_token_layerwise,undisclosed,k3,oracle_posterior_gain,35,100.0,0.00011590865831503927,False
final_input_token_layerwise,undisclosed,k3,oracle_posterior_gain,36,100.0,0.0001964005548081571,True
final_input_token_layerwise,undisclosed,k6,gain,0,0.0001,0.0,False
final_input_token_layerwise,undisclosed,k6,gain,1,100.0,-0.0003677909486749509,False
final_input_token_layerwise,undisclosed,k6,gain,2,100.0,-0.0009168106659250552,False
final_input_token_layerwise,undisclosed,k6,gain,3,100.0,-0.0011004334598573584,False
final_input_token_layerwise,undisclosed,k6,gain,4,100.0,-0.0005251830769322785,False
final_input_token_layerwise,undisclosed,k6,gain,5,100.0,-0.00012856927333848578,False
final_input_token_layerwise,undisclosed,k6,gain,6,100.0,5.937778097225843e-05,False
final_input_token_layerwise,undisclosed,k6,gain,7,100.0,-8.752012875290482e-05,False
final_input_token_layerwise,undisclosed,k6,gain,8,100.0,-0.00035198297456454086,False
final_input_token_layerwise,undisclosed,k6,gain,9,100.0,-0.00026821944064148173,False
final_input_token_layerwise,undisclosed,k6,gain,10,100.0,-0.00034827418624877593,False
final_input_token_layerwise,undisclosed,k6,gain,11,100.0,-8.429033891724225e-05,False
final_input_token_layerwise,undisclosed,k6,gain,12,100.0,-4.488805541538743e-05,False
final_input_token_layerwise,undisclosed,k6,gain,13,100.0,-0.00015351016905595927,False
final_input_token_layerwise,undisclosed,k6,gain,14,100.0,5.999740046408464e-05,False
final_input_token_layerwise,undisclosed,k6,gain,15,100.0,-9.279644004278609e-05,False
final_input_token_layerwise,undisclosed,k6,gain,16,100.0,0.00015489627654866056,False
final_input_token_layerwise,undisclosed,k6,gain,17,100.0,-5.93487931570269e-05,False
final_input_token_layerwise,undisclosed,k6,gain,18,100.0,-0.00025422015708728707,False
final_input_token_layerwise,undisclosed,k6,gain,19,100.0,0.0002037385435152972,False
final_input_token_layerwise,undisclosed,k6,gain,20,100.0,-6.581881299430603e-05,False
final_input_token_layerwise,undisclosed,k6,gain,21,100.0,-5.496267808866029e-05,False
final_input_token_layerwise,undisclosed,k6,gain,22,100.0,-7.929726307678853e-05,False
final_input_token_layerwise,undisclosed,k6,gain,23,100.0,-5.1679519658343054e-05,False
final_input_token_layerwise,undisclosed,k6,gain,24,100.0,0.0002625832360225733,False
final_input_token_layerwise,undisclosed,k6,gain,25,100.0,0.000391337313713519,False
final_input_token_layerwise,undisclosed,k6,gain,26,100.0,0.000481680269778878,True
final_input_token_layerwise,undisclosed,k6,gain,27,100.0,0.00040752790683648565,False
final_input_token_layerwise,undisclosed,k6,gain,28,100.0,0.0003681405897977552,False
final_input_token_layerwise,undisclosed,k6,gain,29,100.0,0.00012052510672647121,False
final_input_token_layerwise,undisclosed,k6,gain,30,100.0,6.0109914655076535e-05,False
final_input_token_layerwise,undisclosed,k6,gain,31,100.0,8.10130119510144e-05,False
final_input_token_layerwise,undisclosed,k6,gain,32,100.0,-0.0001009400212001188,False
final_input_token_layerwise,undisclosed,k6,gain,33,100.0,-7.53213739034253e-05,False
final_input_token_layerwise,undisclosed,k6,gain,34,100.0,-9.383984462460471e-05,False
final_input_token_layerwise,undisclosed,k6,gain,35,100.0,0.0002355720816115403,False
final_input_token_layerwise,undisclosed,k6,gain,36,100.0,0.0002864247783314622,False
final_input_token_layerwise,undisclosed,k6,response_residual,0,0.0001,-2.7755575615628914e-17,False
final_input_token_layerwise,undisclosed,k6,response_residual,1,100.0,-3.683895324504971e-05,False
final_input_token_layerwise,undisclosed,k6,response_residual,2,100.0,-0.0009265400844692961,False
final_input_token_layerwise,undisclosed,k6,response_residual,3,100.0,-0.0011504378704072227,False
final_input_token_layerwise,undisclosed,k6,response_residual,4,100.0,-0.0007444969730007467,False
final_input_token_layerwise,undisclosed,k6,response_residual,5,100.0,-0.0008329217963735647,False
final_input_token_layerwise,undisclosed,k6,response_residual,6,100.0,-0.0007452016269604289,False
final_input_token_layerwise,undisclosed,k6,response_residual,7,100.0,-0.0007360574141690168,False
final_input_token_layerwise,undisclosed,k6,response_residual,8,100.0,-0.00099112741439214,False
final_input_token_layerwise,undisclosed,k6,response_residual,9,100.0,-0.0010573921570438127,False
final_input_token_layerwise,undisclosed,k6,response_residual,10,100.0,-0.0011410687468965952,False
final_input_token_layerwise,undisclosed,k6,response_residual,11,100.0,-0.0010109254056619166,False
final_input_token_layerwise,undisclosed,k6,response_residual,12,100.0,-0.000975267860583301,False
final_input_token_layerwise,undisclosed,k6,response_residual,13,100.0,-0.0009252745590235811,False
final_input_token_layerwise,undisclosed,k6,response_residual,14,100.0,-0.0008019344656547411,False
final_input_token_layerwise,undisclosed,k6,response_residual,15,100.0,-0.0008182302748873105,False
final_input_token_layerwise,undisclosed,k6,response_residual,16,100.0,-0.0006717682505066325,False
final_input_token_layerwise,undisclosed,k6,response_residual,17,100.0,-0.0007936386557779729,False
final_input_token_layerwise,undisclosed,k6,response_residual,18,100.0,-0.0009395109789842593,False
final_input_token_layerwise,undisclosed,k6,response_residual,19,100.0,-0.00051902696274847,False
final_input_token_layerwise,undisclosed,k6,response_residual,20,100.0,-0.0007609314566444092,False
final_input_token_layerwise,undisclosed,k6,response_residual,21,100.0,-0.000663828285567325,False
final_input_token_layerwise,undisclosed,k6,response_residual,22,100.0,-0.0006517892581011098,False
final_input_token_layerwise,undisclosed,k6,response_residual,23,100.0,-0.0003267710245061506,False
final_input_token_layerwise,undisclosed,k6,response_residual,24,100.0,-0.0001259113704080994,False
final_input_token_layerwise,undisclosed,k6,response_residual,25,100.0,1.0878120467988639e-05,True
final_input_token_layerwise,undisclosed,k6,response_residual,26,100.0,4.507307747148026e-06,False
final_input_token_layerwise,undisclosed,k6,response_residual,27,100.0,1.3440944758580375e-06,False
final_input_token_layerwise,undisclosed,k6,response_residual,28,100.0,-1.2845980609466068e-05,False
final_input_token_layerwise,undisclosed,k6,response_residual,29,100.0,-0.0002258611874554617,False
final_input_token_layerwise,undisclosed,k6,response_residual,30,100.0,-0.0002671564722715736,False
final_input_token_layerwise,undisclosed,k6,response_residual,31,100.0,-0.000257077445991849,False
final_input_token_layerwise,undisclosed,k6,response_residual,32,100.0,-0.00037494841474264295,False
final_input_token_layerwise,undisclosed,k6,response_residual,33,100.0,-0.0004886005052119891,False
final_input_token_layerwise,undisclosed,k6,response_residual,34,100.0,-0.000456838145145938,False
final_input_token_layerwise,undisclosed,k6,response_residual,35,100.0,-0.00022836543677853816,False
final_input_token_layerwise,undisclosed,k6,response_residual,36,100.0,-0.00010863839125102581,False
final_input_token_layerwise,undisclosed,k6,last_target_observation,0,0.0001,-2.7755575615628914e-17,True
final_input_token_layerwise,undisclosed,k6,last_target_observation,1,100.0,-0.0020228544749343325,False
final_input_token_layerwise,undisclosed,k6,last_target_observation,2,100.0,-0.000310886428587398,False
final_input_token_layerwise,undisclosed,k6,last_target_observation,3,100.0,-0.0004283614676444669,False
final_input_token_layerwise,undisclosed,k6,last_target_observation,4,100.0,-0.0007906437986604231,False
final_input_token_layerwise,undisclosed,k6,last_target_observation,5,100.0,-0.0004495170665596848,False
final_input_token_layerwise,undisclosed,k6,last_target_observation,6,100.0,-7.213216022788904e-05,False
final_input_token_layerwise,undisclosed,k6,last_target_observation,7,100.0,-0.00017761801659318954,False
final_input_token_layerwise,undisclosed,k6,last_target_observation,8,100.0,-0.0001838468987391817,False
final_input_token_layerwise,undisclosed,k6,last_target_observation,9,100.0,-0.00042602990087112214,False
final_input_token_layerwise,undisclosed,k6,last_target_observation,10,100.0,-0.0003247759958233676,False
final_input_token_layerwise,undisclosed,k6,last_target_observation,11,100.0,-0.00022948650405038573,False
final_input_token_layerwise,undisclosed,k6,last_target_observation,12,100.0,-0.0003837378578645245,False
final_input_token_layerwise,undisclosed,k6,last_target_observation,13,100.0,-0.00040383943286359525,False
final_input_token_layerwise,undisclosed,k6,last_target_observation,14,100.0,-0.0004429716557351193,False
final_input_token_layerwise,undisclosed,k6,last_target_observation,15,100.0,-0.0009485267980422485,False
final_input_token_layerwise,undisclosed,k6,last_target_observation,16,100.0,-0.0007774953080508518,False
final_input_token_layerwise,undisclosed,k6,last_target_observation,17,100.0,-0.0009980536117533967,False
final_input_token_layerwise,undisclosed,k6,last_target_observation,18,100.0,-0.0010632850444418085,False
final_input_token_layerwise,undisclosed,k6,last_target_observation,19,100.0,-0.0008554715650380407,False
final_input_token_layerwise,undisclosed,k6,last_target_observation,20,100.0,-0.0008060311979263823,False
final_input_token_layerwise,undisclosed,k6,last_target_observation,21,100.0,-0.0006738433079089001,False
final_input_token_layerwise,undisclosed,k6,last_target_observation,22,100.0,-0.0007421738564509783,False
final_input_token_layerwise,undisclosed,k6,last_target_observation,23,100.0,-0.0010884792533250587,False
final_input_token_layerwise,undisclosed,k6,last_target_observation,24,100.0,-0.0015617392965487087,False
final_input_token_layerwise,undisclosed,k6,last_target_observation,25,100.0,-0.0017153064364218984,False
final_input_token_layerwise,undisclosed,k6,last_target_observation,26,100.0,-0.00133198270577764,False
final_input_token_layerwise,undisclosed,k6,last_target_observation,27,100.0,-0.0011458862627403976,False
final_input_token_layerwise,undisclosed,k6,last_target_observation,28,100.0,-0.0010035363314243873,False
final_input_token_layerwise,undisclosed,k6,last_target_observation,29,100.0,-0.0010748117451099826,False
final_input_token_layerwise,undisclosed,k6,last_target_observation,30,100.0,-0.0006493966185729672,False
final_input_token_layerwise,undisclosed,k6,last_target_observation,31,100.0,-0.0006809543988231248,False
final_input_token_layerwise,undisclosed,k6,last_target_observation,32,100.0,-0.0007994208438415473,False
final_input_token_layerwise,undisclosed,k6,last_target_observation,33,100.0,-0.0006617174029407702,False
final_input_token_layerwise,undisclosed,k6,last_target_observation,34,100.0,-0.0006555145057267064,False
final_input_token_layerwise,undisclosed,k6,last_target_observation,35,100.0,-0.0006981089333291668,False
final_input_token_layerwise,undisclosed,k6,last_target_observation,36,100.0,-0.001046924909425151,False
final_input_token_layerwise,undisclosed,k6,target_observation_mean,0,0.0001,2.7755575615628914e-17,False
final_input_token_layerwise,undisclosed,k6,target_observation_mean,1,100.0,0.00032087069337408125,False
final_input_token_layerwise,undisclosed,k6,target_observation_mean,2,3.0,0.010816900405570484,True
final_input_token_layerwise,undisclosed,k6,target_observation_mean,3,3.0,0.004800630910516274,False
final_input_token_layerwise,undisclosed,k6,target_observation_mean,4,3.0,0.0015547282004370055,False
final_input_token_layerwise,undisclosed,k6,target_observation_mean,5,100.0,0.0005190003849774028,False
final_input_token_layerwise,undisclosed,k6,target_observation_mean,6,100.0,0.0003807378503945247,False
final_input_token_layerwise,undisclosed,k6,target_observation_mean,7,100.0,0.00023562251196476702,False
final_input_token_layerwise,undisclosed,k6,target_observation_mean,8,100.0,6.901404772238773e-05,False
final_input_token_layerwise,undisclosed,k6,target_observation_mean,9,100.0,4.366141621134356e-05,False
final_input_token_layerwise,undisclosed,k6,target_observation_mean,10,100.0,-3.5211903798515465e-05,False
final_input_token_layerwise,undisclosed,k6,target_observation_mean,11,100.0,-0.0002841528537358695,False
final_input_token_layerwise,undisclosed,k6,target_observation_mean,12,100.0,-0.0002562984298604687,False
final_input_token_layerwise,undisclosed,k6,target_observation_mean,13,100.0,-0.0003394348113889001,False
final_input_token_layerwise,undisclosed,k6,target_observation_mean,14,100.0,-0.00039621106445042464,False
final_input_token_layerwise,undisclosed,k6,target_observation_mean,15,100.0,-0.0005900490305339179,False
final_input_token_layerwise,undisclosed,k6,target_observation_mean,16,100.0,-0.000776395401250296,False
final_input_token_layerwise,undisclosed,k6,target_observation_mean,17,100.0,-0.0010634399351561186,False
final_input_token_layerwise,undisclosed,k6,target_observation_mean,18,100.0,-0.0011891335690623617,False
final_input_token_layerwise,undisclosed,k6,target_observation_mean,19,100.0,-0.0010410935892560258,False
final_input_token_layerwise,undisclosed,k6,target_observation_mean,20,100.0,-0.001075005216819358,False
final_input_token_layerwise,undisclosed,k6,target_observation_mean,21,100.0,-0.0011501081634293642,False
final_input_token_layerwise,undisclosed,k6,target_observation_mean,22,100.0,-0.0009769593919816688,False
final_input_token_layerwise,undisclosed,k6,target_observation_mean,23,100.0,-0.0009579938296931934,False
final_input_token_layerwise,undisclosed,k6,target_observation_mean,24,100.0,-0.000995054429190595,False
final_input_token_layerwise,undisclosed,k6,target_observation_mean,25,100.0,-0.0005733767218082664,False
final_input_token_layerwise,undisclosed,k6,target_observation_mean,26,100.0,-0.0005590078348649274,False
final_input_token_layerwise,undisclosed,k6,target_observation_mean,27,100.0,-0.0008319585317191069,False
final_input_token_layerwise,undisclosed,k6,target_observation_mean,28,100.0,-0.0007400708613049811,False
final_input_token_layerwise,undisclosed,k6,target_observation_mean,29,100.0,-0.0008628703889043687,False
final_input_token_layerwise,undisclosed,k6,target_observation_mean,30,100.0,-0.0011648475712323358,False
final_input_token_layerwise,undisclosed,k6,target_observation_mean,31,100.0,-0.001681290143536296,False
final_input_token_layerwise,undisclosed,k6,target_observation_mean,32,100.0,-0.0015891240231707404,False
final_input_token_layerwise,undisclosed,k6,target_observation_mean,33,100.0,-0.0018710123398298362,False
final_input_token_layerwise,undisclosed,k6,target_observation_mean,34,100.0,-0.0015894480608787953,False
final_input_token_layerwise,undisclosed,k6,target_observation_mean,35,100.0,-0.0016031658805791826,False
final_input_token_layerwise,undisclosed,k6,target_observation_mean,36,100.0,-0.0015446397990735439,False
final_input_token_layerwise,undisclosed,k6,target_time_slope,0,0.0001,0.0,True
final_input_token_layerwise,undisclosed,k6,target_time_slope,1,100.0,-0.0016134544429160513,False
final_input_token_layerwise,undisclosed,k6,target_time_slope,2,100.0,-0.0025954783550243277,False
final_input_token_layerwise,undisclosed,k6,target_time_slope,3,100.0,-0.002246547919143971,False
final_input_token_layerwise,undisclosed,k6,target_time_slope,4,100.0,-0.0021485809848319493,False
final_input_token_layerwise,undisclosed,k6,target_time_slope,5,100.0,-0.0015641719474982774,False
final_input_token_layerwise,undisclosed,k6,target_time_slope,6,100.0,-0.0012505828711358302,False
final_input_token_layerwise,undisclosed,k6,target_time_slope,7,100.0,-0.0009060863525457707,False
final_input_token_layerwise,undisclosed,k6,target_time_slope,8,100.0,-0.0005854367018169881,False
final_input_token_layerwise,undisclosed,k6,target_time_slope,9,100.0,-0.0005196465996344102,False
final_input_token_layerwise,undisclosed,k6,target_time_slope,10,100.0,-0.0004530878970475105,False
final_input_token_layerwise,undisclosed,k6,target_time_slope,11,100.0,-0.0004723135002167034,False
final_input_token_layerwise,undisclosed,k6,target_time_slope,12,100.0,-0.0007045862916187362,False
final_input_token_layerwise,undisclosed,k6,target_time_slope,13,100.0,-0.0005425566964499529,False
final_input_token_layerwise,undisclosed,k6,target_time_slope,14,100.0,-0.0005705142482125836,False
final_input_token_layerwise,undisclosed,k6,target_time_slope,15,100.0,-0.0007929783242889843,False
final_input_token_layerwise,undisclosed,k6,target_time_slope,16,100.0,-0.0009962977609611623,False
final_input_token_layerwise,undisclosed,k6,target_time_slope,17,100.0,-0.0013916262511874389,False
final_input_token_layerwise,undisclosed,k6,target_time_slope,18,100.0,-0.0017983729432844986,False
final_input_token_layerwise,undisclosed,k6,target_time_slope,19,100.0,-0.0016324102399510876,False
final_input_token_layerwise,undisclosed,k6,target_time_slope,20,100.0,-0.0016215558993402102,False
final_input_token_layerwise,undisclosed,k6,target_time_slope,21,100.0,-0.001498167691793284,False
final_input_token_layerwise,undisclosed,k6,target_time_slope,22,100.0,-0.0018267264908415348,False
final_input_token_layerwise,undisclosed,k6,target_time_slope,23,100.0,-0.0020951413037783584,False
final_input_token_layerwise,undisclosed,k6,target_time_slope,24,100.0,-0.0023251789286747315,False
final_input_token_layerwise,undisclosed,k6,target_time_slope,25,100.0,-0.0024889386291399584,False
final_input_token_layerwise,undisclosed,k6,target_time_slope,26,100.0,-0.001872973121902266,False
final_input_token_layerwise,undisclosed,k6,target_time_slope,27,100.0,-0.0014903166573347615,False
final_input_token_layerwise,undisclosed,k6,target_time_slope,28,100.0,-0.0014092481190773887,False
final_input_token_layerwise,undisclosed,k6,target_time_slope,29,100.0,-0.0012782688975254974,False
final_input_token_layerwise,undisclosed,k6,target_time_slope,30,100.0,-0.001440859108150977,False
final_input_token_layerwise,undisclosed,k6,target_time_slope,31,100.0,-0.0015229554793823041,False
final_input_token_layerwise,undisclosed,k6,target_time_slope,32,100.0,-0.0015936194487856659,False
final_input_token_layerwise,undisclosed,k6,target_time_slope,33,100.0,-0.0014971810890338777,False
final_input_token_layerwise,undisclosed,k6,target_time_slope,34,100.0,-0.0014925829315282912,False
final_input_token_layerwise,undisclosed,k6,target_time_slope,35,100.0,-0.001211486556196656,False
final_input_token_layerwise,undisclosed,k6,target_time_slope,36,100.0,-0.0015923687472568782,False
final_input_token_layerwise,undisclosed,k6,displayed_driver_outcome_slope,0,0.0001,-5.551115123125783e-17,False
final_input_token_layerwise,undisclosed,k6,displayed_driver_outcome_slope,1,100.0,-0.0015263021313476344,False
final_input_token_layerwise,undisclosed,k6,displayed_driver_outcome_slope,2,100.0,-0.0003145421414648131,False
final_input_token_layerwise,undisclosed,k6,displayed_driver_outcome_slope,3,100.0,-0.00023025581984420507,False
final_input_token_layerwise,undisclosed,k6,displayed_driver_outcome_slope,4,100.0,-4.5537922249927476e-05,False
final_input_token_layerwise,undisclosed,k6,displayed_driver_outcome_slope,5,3.0,0.004819883842057809,False
final_input_token_layerwise,undisclosed,k6,displayed_driver_outcome_slope,6,100.0,0.00014058373352898723,False
final_input_token_layerwise,undisclosed,k6,displayed_driver_outcome_slope,7,3.0,0.00822445797136706,False
final_input_token_layerwise,undisclosed,k6,displayed_driver_outcome_slope,8,3.0,0.015291434271791221,False
final_input_token_layerwise,undisclosed,k6,displayed_driver_outcome_slope,9,3.0,0.012526775003088603,False
final_input_token_layerwise,undisclosed,k6,displayed_driver_outcome_slope,10,3.0,0.020771080089602573,False
final_input_token_layerwise,undisclosed,k6,displayed_driver_outcome_slope,11,3.0,0.008714751118839181,False
final_input_token_layerwise,undisclosed,k6,displayed_driver_outcome_slope,12,3.0,0.01830866769881795,False
final_input_token_layerwise,undisclosed,k6,displayed_driver_outcome_slope,13,3.0,0.016857762237654283,False
final_input_token_layerwise,undisclosed,k6,displayed_driver_outcome_slope,14,3.0,0.01876853919720789,False
final_input_token_layerwise,undisclosed,k6,displayed_driver_outcome_slope,15,3.0,0.04034654634529486,True
final_input_token_layerwise,undisclosed,k6,displayed_driver_outcome_slope,16,3.0,0.036619716695601184,False
final_input_token_layerwise,undisclosed,k6,displayed_driver_outcome_slope,17,3.0,0.0350157445090879,False
final_input_token_layerwise,undisclosed,k6,displayed_driver_outcome_slope,18,3.0,0.02262814984734418,False
final_input_token_layerwise,undisclosed,k6,displayed_driver_outcome_slope,19,3.0,0.014288227609908388,False
final_input_token_layerwise,undisclosed,k6,displayed_driver_outcome_slope,20,3.0,0.00558614144882591,False
final_input_token_layerwise,undisclosed,k6,displayed_driver_outcome_slope,21,3.0,0.006844161937903992,False
final_input_token_layerwise,undisclosed,k6,displayed_driver_outcome_slope,22,100.0,1.5887735601877173e-05,False
final_input_token_layerwise,undisclosed,k6,displayed_driver_outcome_slope,23,100.0,7.712336693918576e-05,False
final_input_token_layerwise,undisclosed,k6,displayed_driver_outcome_slope,24,100.0,-1.4390689197896211e-05,False
final_input_token_layerwise,undisclosed,k6,displayed_driver_outcome_slope,25,3.0,0.002796647825748011,False
final_input_token_layerwise,undisclosed,k6,displayed_driver_outcome_slope,26,100.0,0.00026326675528598464,False
final_input_token_layerwise,undisclosed,k6,displayed_driver_outcome_slope,27,100.0,0.00025802292330573406,False
final_input_token_layerwise,undisclosed,k6,displayed_driver_outcome_slope,28,100.0,0.00018891866904824361,False
final_input_token_layerwise,undisclosed,k6,displayed_driver_outcome_slope,29,100.0,0.00023498722284825968,False
final_input_token_layerwise,undisclosed,k6,displayed_driver_outcome_slope,30,100.0,0.0005010037347024099,False
final_input_token_layerwise,undisclosed,k6,displayed_driver_outcome_slope,31,100.0,0.0005765749013917909,False
final_input_token_layerwise,undisclosed,k6,displayed_driver_outcome_slope,32,100.0,0.000692073293761114,False
final_input_token_layerwise,undisclosed,k6,displayed_driver_outcome_slope,33,100.0,0.0007931467756277788,False
final_input_token_layerwise,undisclosed,k6,displayed_driver_outcome_slope,34,100.0,0.0007945592317922523,False
final_input_token_layerwise,undisclosed,k6,displayed_driver_outcome_slope,35,100.0,0.0008453885883757117,False
final_input_token_layerwise,undisclosed,k6,displayed_driver_outcome_slope,36,100.0,0.0008165532776629181,False
final_input_token_layerwise,undisclosed,k6,oracle_posterior_gain,0,0.0001,-5.551115123125783e-17,False
final_input_token_layerwise,undisclosed,k6,oracle_posterior_gain,1,100.0,-0.0008277891294620199,False
final_input_token_layerwise,undisclosed,k6,oracle_posterior_gain,2,100.0,-0.0002517664490853111,False
final_input_token_layerwise,undisclosed,k6,oracle_posterior_gain,3,100.0,-7.425148916864743e-05,False
final_input_token_layerwise,undisclosed,k6,oracle_posterior_gain,4,100.0,0.00025494207802767566,False
final_input_token_layerwise,undisclosed,k6,oracle_posterior_gain,5,100.0,0.00011541997812980487,False
final_input_token_layerwise,undisclosed,k6,oracle_posterior_gain,6,3.0,0.002164758871924355,True
final_input_token_layerwise,undisclosed,k6,oracle_posterior_gain,7,100.0,-8.69727679969623e-05,False
final_input_token_layerwise,undisclosed,k6,oracle_posterior_gain,8,100.0,-0.0002521489677475286,False
final_input_token_layerwise,undisclosed,k6,oracle_posterior_gain,9,100.0,-0.0005822589958653646,False
final_input_token_layerwise,undisclosed,k6,oracle_posterior_gain,10,100.0,-0.0009208384980922413,False
final_input_token_layerwise,undisclosed,k6,oracle_posterior_gain,11,100.0,-0.0008982391463907002,False
final_input_token_layerwise,undisclosed,k6,oracle_posterior_gain,12,100.0,-0.000658316905516293,False
final_input_token_layerwise,undisclosed,k6,oracle_posterior_gain,13,100.0,-0.0009476528522712468,False
final_input_token_layerwise,undisclosed,k6,oracle_posterior_gain,14,100.0,-0.0009027121743017674,False
final_input_token_layerwise,undisclosed,k6,oracle_posterior_gain,15,100.0,-0.0013201178220643706,False
final_input_token_layerwise,undisclosed,k6,oracle_posterior_gain,16,100.0,-0.0010569904694537613,False
final_input_token_layerwise,undisclosed,k6,oracle_posterior_gain,17,100.0,-0.001234269046174824,False
final_input_token_layerwise,undisclosed,k6,oracle_posterior_gain,18,100.0,-0.0014358037610670005,False
final_input_token_layerwise,undisclosed,k6,oracle_posterior_gain,19,100.0,-0.0011747153566845359,False
final_input_token_layerwise,undisclosed,k6,oracle_posterior_gain,20,100.0,-0.0012464725772454166,False
final_input_token_layerwise,undisclosed,k6,oracle_posterior_gain,21,100.0,-0.0012393220529350601,False
final_input_token_layerwise,undisclosed,k6,oracle_posterior_gain,22,100.0,-0.0011961769756604623,False
final_input_token_layerwise,undisclosed,k6,oracle_posterior_gain,23,100.0,-0.0010222551377842004,False
final_input_token_layerwise,undisclosed,k6,oracle_posterior_gain,24,100.0,-0.001170086332136444,False
final_input_token_layerwise,undisclosed,k6,oracle_posterior_gain,25,100.0,-0.0009680029077073493,False
final_input_token_layerwise,undisclosed,k6,oracle_posterior_gain,26,100.0,-0.0008086699871789338,False
final_input_token_layerwise,undisclosed,k6,oracle_posterior_gain,27,100.0,-0.0008313114613725803,False
final_input_token_layerwise,undisclosed,k6,oracle_posterior_gain,28,100.0,-0.0007433679632689316,False
final_input_token_layerwise,undisclosed,k6,oracle_posterior_gain,29,100.0,-0.0007226323779841726,False
final_input_token_layerwise,undisclosed,k6,oracle_posterior_gain,30,100.0,-0.0008999913820669225,False
final_input_token_layerwise,undisclosed,k6,oracle_posterior_gain,31,100.0,-0.0010744732859310213,False
final_input_token_layerwise,undisclosed,k6,oracle_posterior_gain,32,100.0,-0.0011028025446506717,False
final_input_token_layerwise,undisclosed,k6,oracle_posterior_gain,33,100.0,-0.0010417466190435765,False
final_input_token_layerwise,undisclosed,k6,oracle_posterior_gain,34,100.0,-0.001005941205687172,False
final_input_token_layerwise,undisclosed,k6,oracle_posterior_gain,35,100.0,-0.0010978596568916588,False
final_input_token_layerwise,undisclosed,k6,oracle_posterior_gain,36,100.0,-0.0003478394713441746,False
final_input_token_layerwise,undisclosed,k9,gain,0,0.0001,0.0,False
final_input_token_layerwise,undisclosed,k9,gain,1,100.0,-0.00017995089256170327,False
final_input_token_layerwise,undisclosed,k9,gain,2,3.0,0.013046316960112131,False
final_input_token_layerwise,undisclosed,k9,gain,3,3.0,0.011097428910950224,False
final_input_token_layerwise,undisclosed,k9,gain,4,0.1,0.029044637954156294,False
final_input_token_layerwise,undisclosed,k9,gain,5,0.1,0.07454211521388876,False
final_input_token_layerwise,undisclosed,k9,gain,6,0.1,0.0753891524250718,True
final_input_token_layerwise,undisclosed,k9,gain,7,0.1,0.07380911894016676,False
final_input_token_layerwise,undisclosed,k9,gain,8,0.1,0.04029093251471441,False
final_input_token_layerwise,undisclosed,k9,gain,9,0.1,0.072502564231928,False
final_input_token_layerwise,undisclosed,k9,gain,10,3.0,0.019976059960646747,False
final_input_token_layerwise,undisclosed,k9,gain,11,0.1,0.04708827981165989,False
final_input_token_layerwise,undisclosed,k9,gain,12,3.0,0.01884812541283748,False
final_input_token_layerwise,undisclosed,k9,gain,13,3.0,0.017433240139193923,False
final_input_token_layerwise,undisclosed,k9,gain,14,3.0,0.012531068372210602,False
final_input_token_layerwise,undisclosed,k9,gain,15,3.0,0.00993119755650368,False
final_input_token_layerwise,undisclosed,k9,gain,16,3.0,0.004918055285208195,False
final_input_token_layerwise,undisclosed,k9,gain,17,3.0,0.007295988548413096,False
final_input_token_layerwise,undisclosed,k9,gain,18,3.0,0.0136468625274907,False
final_input_token_layerwise,undisclosed,k9,gain,19,3.0,0.014076442928372623,False
final_input_token_layerwise,undisclosed,k9,gain,20,3.0,0.021806517330743153,False
final_input_token_layerwise,undisclosed,k9,gain,21,3.0,0.015029268208180374,False
final_input_token_layerwise,undisclosed,k9,gain,22,3.0,0.018720098267733465,False
final_input_token_layerwise,undisclosed,k9,gain,23,3.0,0.03155934361044327,False
final_input_token_layerwise,undisclosed,k9,gain,24,3.0,0.03407243947688984,False
final_input_token_layerwise,undisclosed,k9,gain,25,3.0,0.03943287134593307,False
final_input_token_layerwise,undisclosed,k9,gain,26,3.0,0.03747295637969031,False
final_input_token_layerwise,undisclosed,k9,gain,27,3.0,0.03805638264422939,False
final_input_token_layerwise,undisclosed,k9,gain,28,3.0,0.0357267338597467,False
final_input_token_layerwise,undisclosed,k9,gain,29,3.0,0.029062739529173987,False
final_input_token_layerwise,undisclosed,k9,gain,30,3.0,0.027359287161689866,False
final_input_token_layerwise,undisclosed,k9,gain,31,3.0,0.02281894288718858,False
final_input_token_layerwise,undisclosed,k9,gain,32,3.0,0.02424540593901034,False
final_input_token_layerwise,undisclosed,k9,gain,33,3.0,0.01709408738019033,False
final_input_token_layerwise,undisclosed,k9,gain,34,3.0,0.013800129446231907,False
final_input_token_layerwise,undisclosed,k9,gain,35,3.0,0.02002431495425952,False
final_input_token_layerwise,undisclosed,k9,gain,36,3.0,0.01584258501972835,False
final_input_token_layerwise,undisclosed,k9,response_residual,0,0.0001,-2.7755575615628914e-17,False
final_input_token_layerwise,undisclosed,k9,response_residual,1,100.0,3.277858799224931e-05,False
final_input_token_layerwise,undisclosed,k9,response_residual,2,3.0,0.008161469012557848,False
final_input_token_layerwise,undisclosed,k9,response_residual,3,3.0,0.005816875538940336,False
final_input_token_layerwise,undisclosed,k9,response_residual,4,3.0,0.01230498631538765,False
final_input_token_layerwise,undisclosed,k9,response_residual,5,3.0,0.013283578358962184,False
final_input_token_layerwise,undisclosed,k9,response_residual,6,3.0,0.0203365359634943,False
final_input_token_layerwise,undisclosed,k9,response_residual,7,3.0,0.023536979659923185,True
final_input_token_layerwise,undisclosed,k9,response_residual,8,3.0,0.020293409315153804,False
final_input_token_layerwise,undisclosed,k9,response_residual,9,3.0,0.021363368012020434,False
final_input_token_layerwise,undisclosed,k9,response_residual,10,3.0,0.009955888957575654,False
final_input_token_layerwise,undisclosed,k9,response_residual,11,3.0,0.011144770106990831,False
final_input_token_layerwise,undisclosed,k9,response_residual,12,3.0,0.009436335046627359,False
final_input_token_layerwise,undisclosed,k9,response_residual,13,3.0,0.007471092686307024,False
final_input_token_layerwise,undisclosed,k9,response_residual,14,3.0,0.0005193061763673901,False
final_input_token_layerwise,undisclosed,k9,response_residual,15,100.0,0.00031720295614831584,False
final_input_token_layerwise,undisclosed,k9,response_residual,16,100.0,0.00023905594892062454,False
final_input_token_layerwise,undisclosed,k9,response_residual,17,100.0,0.0002874170685893962,False
final_input_token_layerwise,undisclosed,k9,response_residual,18,100.0,0.00028297560813719813,False
final_input_token_layerwise,undisclosed,k9,response_residual,19,100.0,0.0004135709049030989,False
final_input_token_layerwise,undisclosed,k9,response_residual,20,3.0,0.004270766884462235,False
final_input_token_layerwise,undisclosed,k9,response_residual,21,100.0,0.0006142980837543222,False
final_input_token_layerwise,undisclosed,k9,response_residual,22,100.0,0.0008319592889057537,False
final_input_token_layerwise,undisclosed,k9,response_residual,23,3.0,0.009705139344806935,False
final_input_token_layerwise,undisclosed,k9,response_residual,24,3.0,0.00710002383628755,False
final_input_token_layerwise,undisclosed,k9,response_residual,25,3.0,0.013464493441628755,False
final_input_token_layerwise,undisclosed,k9,response_residual,26,3.0,0.013331600028379853,False
final_input_token_layerwise,undisclosed,k9,response_residual,27,3.0,0.012981431487114281,False
final_input_token_layerwise,undisclosed,k9,response_residual,28,3.0,0.010169889080082317,False
final_input_token_layerwise,undisclosed,k9,response_residual,29,3.0,0.0075292038153060015,False
final_input_token_layerwise,undisclosed,k9,response_residual,30,3.0,0.010379499727204367,False
final_input_token_layerwise,undisclosed,k9,response_residual,31,3.0,0.007092045917476308,False
final_input_token_layerwise,undisclosed,k9,response_residual,32,3.0,0.009322096005840552,False
final_input_token_layerwise,undisclosed,k9,response_residual,33,3.0,0.0007664966685415608,False
final_input_token_layerwise,undisclosed,k9,response_residual,34,100.0,0.0006006428446010126,False
final_input_token_layerwise,undisclosed,k9,response_residual,35,3.0,0.004063059032537064,False
final_input_token_layerwise,undisclosed,k9,response_residual,36,3.0,0.0023231385012346395,False
final_input_token_layerwise,undisclosed,k9,last_target_observation,0,0.0001,1.3877787807814457e-16,False
final_input_token_layerwise,undisclosed,k9,last_target_observation,1,0.1,0.04988041320448888,True
final_input_token_layerwise,undisclosed,k9,last_target_observation,2,100.0,2.454000193768957e-05,False
final_input_token_layerwise,undisclosed,k9,last_target_observation,3,3.0,0.007267308014070467,False
final_input_token_layerwise,undisclosed,k9,last_target_observation,4,3.0,0.004144978990038378,False
final_input_token_layerwise,undisclosed,k9,last_target_observation,5,100.0,0.00011506070501068888,False
final_input_token_layerwise,undisclosed,k9,last_target_observation,6,100.0,0.00021294391054210715,False
final_input_token_layerwise,undisclosed,k9,last_target_observation,7,100.0,0.0002999238273385385,False
final_input_token_layerwise,undisclosed,k9,last_target_observation,8,100.0,0.0004912815569443063,False
final_input_token_layerwise,undisclosed,k9,last_target_observation,9,3.0,0.0016418401814324857,False
final_input_token_layerwise,undisclosed,k9,last_target_observation,10,3.0,0.0048335237738173775,False
final_input_token_layerwise,undisclosed,k9,last_target_observation,11,3.0,0.005373654096202163,False
final_input_token_layerwise,undisclosed,k9,last_target_observation,12,3.0,0.010094787876489458,False
final_input_token_layerwise,undisclosed,k9,last_target_observation,13,3.0,0.0009723890132797564,False
final_input_token_layerwise,undisclosed,k9,last_target_observation,14,3.0,0.002941155422088171,False
final_input_token_layerwise,undisclosed,k9,last_target_observation,15,3.0,0.0061091824613313805,False
final_input_token_layerwise,undisclosed,k9,last_target_observation,16,100.0,-0.0004144228423970664,False
final_input_token_layerwise,undisclosed,k9,last_target_observation,17,3.0,0.011192730906785214,False
final_input_token_layerwise,undisclosed,k9,last_target_observation,18,3.0,0.017910719676446613,False
final_input_token_layerwise,undisclosed,k9,last_target_observation,19,3.0,0.013763929999196761,False
final_input_token_layerwise,undisclosed,k9,last_target_observation,20,3.0,0.010847516571555,False
final_input_token_layerwise,undisclosed,k9,last_target_observation,21,3.0,0.0038575914894543872,False
final_input_token_layerwise,undisclosed,k9,last_target_observation,22,3.0,0.0006279015045449754,False
final_input_token_layerwise,undisclosed,k9,last_target_observation,23,3.0,0.0016671617523204008,False
final_input_token_layerwise,undisclosed,k9,last_target_observation,24,100.0,0.0003744524641724756,False
final_input_token_layerwise,undisclosed,k9,last_target_observation,25,100.0,0.00020894462949178072,False
final_input_token_layerwise,undisclosed,k9,last_target_observation,26,100.0,0.00033607435713378653,False
final_input_token_layerwise,undisclosed,k9,last_target_observation,27,3.0,0.0032931087498377642,False
final_input_token_layerwise,undisclosed,k9,last_target_observation,28,100.0,0.00018369840610241162,False
final_input_token_layerwise,undisclosed,k9,last_target_observation,29,100.0,0.0002684211904651068,False
final_input_token_layerwise,undisclosed,k9,last_target_observation,30,3.0,0.004678593334432435,False
final_input_token_layerwise,undisclosed,k9,last_target_observation,31,3.0,0.006995805214464301,False
final_input_token_layerwise,undisclosed,k9,last_target_observation,32,3.0,0.011443961126644864,False
final_input_token_layerwise,undisclosed,k9,last_target_observation,33,3.0,0.009316592008419056,False
final_input_token_layerwise,undisclosed,k9,last_target_observation,34,3.0,0.004369634544470535,False
final_input_token_layerwise,undisclosed,k9,last_target_observation,35,3.0,0.008020172661548058,False
final_input_token_layerwise,undisclosed,k9,last_target_observation,36,3.0,0.010249844796902247,False
final_input_token_layerwise,undisclosed,k9,target_observation_mean,0,0.0001,3.885780586188048e-16,False
final_input_token_layerwise,undisclosed,k9,target_observation_mean,1,100.0,-4.47776685111867e-05,False
final_input_token_layerwise,undisclosed,k9,target_observation_mean,2,3.0,0.014918227290132396,True
final_input_token_layerwise,undisclosed,k9,target_observation_mean,3,3.0,0.009693497865701117,False
final_input_token_layerwise,undisclosed,k9,target_observation_mean,4,3.0,0.010887487571524995,False
final_input_token_layerwise,undisclosed,k9,target_observation_mean,5,3.0,0.005860170828828365,False
final_input_token_layerwise,undisclosed,k9,target_observation_mean,6,3.0,0.007283064670844136,False
final_input_token_layerwise,undisclosed,k9,target_observation_mean,7,3.0,0.004965182828023967,False
final_input_token_layerwise,undisclosed,k9,target_observation_mean,8,100.0,-0.00029770532917480774,False
final_input_token_layerwise,undisclosed,k9,target_observation_mean,9,100.0,-0.00016053002399346594,False
final_input_token_layerwise,undisclosed,k9,target_observation_mean,10,3.0,0.0012339095947738743,False
final_input_token_layerwise,undisclosed,k9,target_observation_mean,11,100.0,-0.0002801871681661905,False
final_input_token_layerwise,undisclosed,k9,target_observation_mean,12,100.0,8.957527781727759e-05,False
final_input_token_layerwise,undisclosed,k9,target_observation_mean,13,100.0,-1.8496182740745937e-05,False
final_input_token_layerwise,undisclosed,k9,target_observation_mean,14,100.0,-0.00021003680736358943,False
final_input_token_layerwise,undisclosed,k9,target_observation_mean,15,100.0,-2.0039725302511968e-05,False
final_input_token_layerwise,undisclosed,k9,target_observation_mean,16,100.0,-0.0005421047421037828,False
final_input_token_layerwise,undisclosed,k9,target_observation_mean,17,100.0,-0.0008862316411830662,False
final_input_token_layerwise,undisclosed,k9,target_observation_mean,18,100.0,-0.0013738029817287334,False
final_input_token_layerwise,undisclosed,k9,target_observation_mean,19,100.0,-0.0017386892880431604,False
final_input_token_layerwise,undisclosed,k9,target_observation_mean,20,100.0,-0.001470034369565859,False
final_input_token_layerwise,undisclosed,k9,target_observation_mean,21,100.0,-0.0013725933225853526,False
final_input_token_layerwise,undisclosed,k9,target_observation_mean,22,100.0,-0.0016486957641400068,False
final_input_token_layerwise,undisclosed,k9,target_observation_mean,23,100.0,-0.0008182593358065093,False
final_input_token_layerwise,undisclosed,k9,target_observation_mean,24,100.0,-0.000214172290807918,False
final_input_token_layerwise,undisclosed,k9,target_observation_mean,25,100.0,0.0004604119086842051,False
final_input_token_layerwise,undisclosed,k9,target_observation_mean,26,100.0,0.0005485299739563798,False
final_input_token_layerwise,undisclosed,k9,target_observation_mean,27,3.0,0.0058878655244473665,False
final_input_token_layerwise,undisclosed,k9,target_observation_mean,28,3.0,0.01309787360148515,False
final_input_token_layerwise,undisclosed,k9,target_observation_mean,29,3.0,0.004412271356703801,False
final_input_token_layerwise,undisclosed,k9,target_observation_mean,30,100.0,0.0013737405802518587,False
final_input_token_layerwise,undisclosed,k9,target_observation_mean,31,3.0,0.002609192762782264,False
final_input_token_layerwise,undisclosed,k9,target_observation_mean,32,3.0,0.0031210181914212987,False
final_input_token_layerwise,undisclosed,k9,target_observation_mean,33,3.0,0.0012868715482875215,False
final_input_token_layerwise,undisclosed,k9,target_observation_mean,34,100.0,0.0008619716183546622,False
final_input_token_layerwise,undisclosed,k9,target_observation_mean,35,100.0,0.0007489405259135662,False
final_input_token_layerwise,undisclosed,k9,target_observation_mean,36,100.0,0.0006200664488226204,False
final_input_token_layerwise,undisclosed,k9,target_time_slope,0,0.0001,0.0,False
final_input_token_layerwise,undisclosed,k9,target_time_slope,1,3.0,0.021241128565119255,False
final_input_token_layerwise,undisclosed,k9,target_time_slope,2,100.0,-0.0003866078502838266,False
final_input_token_layerwise,undisclosed,k9,target_time_slope,3,100.0,-0.00020000621071233904,False
final_input_token_layerwise,undisclosed,k9,target_time_slope,4,100.0,-6.214799887535594e-05,False
final_input_token_layerwise,undisclosed,k9,target_time_slope,5,100.0,-5.319122525959674e-05,False
final_input_token_layerwise,undisclosed,k9,target_time_slope,6,100.0,-0.00012067242547750268,False
final_input_token_layerwise,undisclosed,k9,target_time_slope,7,100.0,0.0001746153257854155,False
final_input_token_layerwise,undisclosed,k9,target_time_slope,8,100.0,0.00033008839919307364,False
final_input_token_layerwise,undisclosed,k9,target_time_slope,9,100.0,0.00048373881698662857,False
final_input_token_layerwise,undisclosed,k9,target_time_slope,10,100.0,0.000825316621655886,False
final_input_token_layerwise,undisclosed,k9,target_time_slope,11,100.0,0.0003708482398761537,False
final_input_token_layerwise,undisclosed,k9,target_time_slope,12,100.0,0.0005814026462092337,False
final_input_token_layerwise,undisclosed,k9,target_time_slope,13,100.0,0.0002647341385294266,False
final_input_token_layerwise,undisclosed,k9,target_time_slope,14,100.0,0.00047201417190750883,False
final_input_token_layerwise,undisclosed,k9,target_time_slope,15,3.0,0.004361834015119304,False
final_input_token_layerwise,undisclosed,k9,target_time_slope,16,100.0,-8.785618795820183e-05,False
final_input_token_layerwise,undisclosed,k9,target_time_slope,17,3.0,0.008598425583373787,False
final_input_token_layerwise,undisclosed,k9,target_time_slope,18,3.0,0.020403935001004847,False
final_input_token_layerwise,undisclosed,k9,target_time_slope,19,3.0,0.02223660873940042,False
final_input_token_layerwise,undisclosed,k9,target_time_slope,20,3.0,0.01632558751256133,False
final_input_token_layerwise,undisclosed,k9,target_time_slope,21,3.0,0.024182379226571432,False
final_input_token_layerwise,undisclosed,k9,target_time_slope,22,3.0,0.027123750311421863,False
final_input_token_layerwise,undisclosed,k9,target_time_slope,23,3.0,0.02898130181766803,False
final_input_token_layerwise,undisclosed,k9,target_time_slope,24,3.0,0.026839358717079764,False
final_input_token_layerwise,undisclosed,k9,target_time_slope,25,3.0,0.026066980535886436,False
final_input_token_layerwise,undisclosed,k9,target_time_slope,26,3.0,0.029263452149274255,False
final_input_token_layerwise,undisclosed,k9,target_time_slope,27,3.0,0.03522494933780004,True
final_input_token_layerwise,undisclosed,k9,target_time_slope,28,3.0,0.0277785049370029,False
final_input_token_layerwise,undisclosed,k9,target_time_slope,29,3.0,0.03174252908748412,False
final_input_token_layerwise,undisclosed,k9,target_time_slope,30,3.0,0.027702230220621293,False
final_input_token_layerwise,undisclosed,k9,target_time_slope,31,3.0,0.024114106038963856,False
final_input_token_layerwise,undisclosed,k9,target_time_slope,32,3.0,0.030815096018908972,False
final_input_token_layerwise,undisclosed,k9,target_time_slope,33,3.0,0.03213566257599329,False
final_input_token_layerwise,undisclosed,k9,target_time_slope,34,3.0,0.02280630955323293,False
final_input_token_layerwise,undisclosed,k9,target_time_slope,35,3.0,0.019398226283071612,False
final_input_token_layerwise,undisclosed,k9,target_time_slope,36,3.0,0.018866769984740045,False
final_input_token_layerwise,undisclosed,k9,displayed_driver_outcome_slope,0,0.0001,-1.1102230246251565e-16,False
final_input_token_layerwise,undisclosed,k9,displayed_driver_outcome_slope,1,100.0,-0.0005496926375061495,False
final_input_token_layerwise,undisclosed,k9,displayed_driver_outcome_slope,2,100.0,2.7364726749273816e-05,True
final_input_token_layerwise,undisclosed,k9,displayed_driver_outcome_slope,3,100.0,-0.00029926232531998775,False
final_input_token_layerwise,undisclosed,k9,displayed_driver_outcome_slope,4,100.0,-0.0004364461664004282,False
final_input_token_layerwise,undisclosed,k9,displayed_driver_outcome_slope,5,100.0,-0.00040693623837612103,False
final_input_token_layerwise,undisclosed,k9,displayed_driver_outcome_slope,6,100.0,-0.0005330211950319019,False
final_input_token_layerwise,undisclosed,k9,displayed_driver_outcome_slope,7,100.0,-0.000852036984768989,False
final_input_token_layerwise,undisclosed,k9,displayed_driver_outcome_slope,8,100.0,-0.0007323247798394772,False
final_input_token_layerwise,undisclosed,k9,displayed_driver_outcome_slope,9,100.0,-0.0007958553824325421,False
final_input_token_layerwise,undisclosed,k9,displayed_driver_outcome_slope,10,100.0,-0.0010004518132454288,False
final_input_token_layerwise,undisclosed,k9,displayed_driver_outcome_slope,11,100.0,-0.0009810780008258635,False
final_input_token_layerwise,undisclosed,k9,displayed_driver_outcome_slope,12,100.0,-0.0007702245606680536,False
final_input_token_layerwise,undisclosed,k9,displayed_driver_outcome_slope,13,100.0,-0.0010174262521206456,False
final_input_token_layerwise,undisclosed,k9,displayed_driver_outcome_slope,14,100.0,-0.0010871668014591496,False
final_input_token_layerwise,undisclosed,k9,displayed_driver_outcome_slope,15,100.0,-0.0014559777691140474,False
final_input_token_layerwise,undisclosed,k9,displayed_driver_outcome_slope,16,100.0,-0.001188384170445561,False
final_input_token_layerwise,undisclosed,k9,displayed_driver_outcome_slope,17,100.0,-0.001218442874878517,False
final_input_token_layerwise,undisclosed,k9,displayed_driver_outcome_slope,18,100.0,-0.0016478291718211024,False
final_input_token_layerwise,undisclosed,k9,displayed_driver_outcome_slope,19,100.0,-0.001973177891481742,False
final_input_token_layerwise,undisclosed,k9,displayed_driver_outcome_slope,20,100.0,-0.00209917529619541,False
final_input_token_layerwise,undisclosed,k9,displayed_driver_outcome_slope,21,100.0,-0.0020922538648129596,False
final_input_token_layerwise,undisclosed,k9,displayed_driver_outcome_slope,22,100.0,-0.002240109054177014,False
final_input_token_layerwise,undisclosed,k9,displayed_driver_outcome_slope,23,100.0,-0.0018924407318463565,False
final_input_token_layerwise,undisclosed,k9,displayed_driver_outcome_slope,24,100.0,-0.0019122209386517042,False
final_input_token_layerwise,undisclosed,k9,displayed_driver_outcome_slope,25,100.0,-0.0018082297870444797,False
final_input_token_layerwise,undisclosed,k9,displayed_driver_outcome_slope,26,100.0,-0.001690718354228321,False
final_input_token_layerwise,undisclosed,k9,displayed_driver_outcome_slope,27,100.0,-0.0017447006326366254,False
final_input_token_layerwise,undisclosed,k9,displayed_driver_outcome_slope,28,100.0,-0.0013952056433720883,False
final_input_token_layerwise,undisclosed,k9,displayed_driver_outcome_slope,29,100.0,-0.0014205993724805688,False
final_input_token_layerwise,undisclosed,k9,displayed_driver_outcome_slope,30,100.0,-0.0011836980815378706,False
final_input_token_layerwise,undisclosed,k9,displayed_driver_outcome_slope,31,100.0,-0.0011354819436293628,False
final_input_token_layerwise,undisclosed,k9,displayed_driver_outcome_slope,32,100.0,-0.001118279704562214,False
final_input_token_layerwise,undisclosed,k9,displayed_driver_outcome_slope,33,100.0,-0.001169907815443072,False
final_input_token_layerwise,undisclosed,k9,displayed_driver_outcome_slope,34,100.0,-0.0008523090731040461,False
final_input_token_layerwise,undisclosed,k9,displayed_driver_outcome_slope,35,100.0,-0.0007848514407398088,False
final_input_token_layerwise,undisclosed,k9,displayed_driver_outcome_slope,36,100.0,-0.000877431546526114,False
final_input_token_layerwise,undisclosed,k9,oracle_posterior_gain,0,0.0001,0.0,False
final_input_token_layerwise,undisclosed,k9,oracle_posterior_gain,1,100.0,-0.000391748435108058,False
final_input_token_layerwise,undisclosed,k9,oracle_posterior_gain,2,3.0,0.004763199131906898,False
final_input_token_layerwise,undisclosed,k9,oracle_posterior_gain,3,100.0,-0.0003123263497586126,False
final_input_token_layerwise,undisclosed,k9,oracle_posterior_gain,4,3.0,0.0011282077101402443,False
final_input_token_layerwise,undisclosed,k9,oracle_posterior_gain,5,3.0,0.007496302053492887,False
final_input_token_layerwise,undisclosed,k9,oracle_posterior_gain,6,3.0,0.014340995354533814,False
final_input_token_layerwise,undisclosed,k9,oracle_posterior_gain,7,0.1,0.059555438077773803,True
final_input_token_layerwise,undisclosed,k9,oracle_posterior_gain,8,3.0,0.013011998242481171,False
final_input_token_layerwise,undisclosed,k9,oracle_posterior_gain,9,3.0,0.007225349962481198,False
final_input_token_layerwise,undisclosed,k9,oracle_posterior_gain,10,3.0,0.005138107066442771,False
final_input_token_layerwise,undisclosed,k9,oracle_posterior_gain,11,3.0,0.008008373117339568,False
final_input_token_layerwise,undisclosed,k9,oracle_posterior_gain,12,100.0,0.00019073341507061525,False
final_input_token_layerwise,undisclosed,k9,oracle_posterior_gain,13,100.0,0.0001657677112003597,False
final_input_token_layerwise,undisclosed,k9,oracle_posterior_gain,14,3.0,0.006674957596758624,False
final_input_token_layerwise,undisclosed,k9,oracle_posterior_gain,15,100.0,0.00010922707882354832,False
final_input_token_layerwise,undisclosed,k9,oracle_posterior_gain,16,100.0,0.00012408336815011856,False
final_input_token_layerwise,undisclosed,k9,oracle_posterior_gain,17,100.0,0.0001288748685940866,False
final_input_token_layerwise,undisclosed,k9,oracle_posterior_gain,18,3.0,0.0019343059101986637,False
final_input_token_layerwise,undisclosed,k9,oracle_posterior_gain,19,100.0,5.156808491479925e-05,False
final_input_token_layerwise,undisclosed,k9,oracle_posterior_gain,20,100.0,0.00015819312996370738,False
final_input_token_layerwise,undisclosed,k9,oracle_posterior_gain,21,100.0,-0.00018456730398846988,False
final_input_token_layerwise,undisclosed,k9,oracle_posterior_gain,22,100.0,-0.0002582578631444288,False
final_input_token_layerwise,undisclosed,k9,oracle_posterior_gain,23,3.0,0.003429235239586964,False
final_input_token_layerwise,undisclosed,k9,oracle_posterior_gain,24,3.0,0.0021346524231881103,False
final_input_token_layerwise,undisclosed,k9,oracle_posterior_gain,25,3.0,0.009990525502839437,False
final_input_token_layerwise,undisclosed,k9,oracle_posterior_gain,26,3.0,0.004031495171148786,False
final_input_token_layerwise,undisclosed,k9,oracle_posterior_gain,27,3.0,0.0067405274900796674,False
final_input_token_layerwise,undisclosed,k9,oracle_posterior_gain,28,3.0,0.01025164601234635,False
final_input_token_layerwise,undisclosed,k9,oracle_posterior_gain,29,3.0,0.008238212483356017,False
final_input_token_layerwise,undisclosed,k9,oracle_posterior_gain,30,3.0,0.004957877249322978,False
final_input_token_layerwise,undisclosed,k9,oracle_posterior_gain,31,3.0,0.00507101807406754,False
final_input_token_layerwise,undisclosed,k9,oracle_posterior_gain,32,3.0,0.006364582703961924,False
final_input_token_layerwise,undisclosed,k9,oracle_posterior_gain,33,3.0,0.0022797185866966496,False
final_input_token_layerwise,undisclosed,k9,oracle_posterior_gain,34,3.0,0.008374281597212624,False
final_input_token_layerwise,undisclosed,k9,oracle_posterior_gain,35,3.0,0.01009139353778743,False
final_input_token_layerwise,undisclosed,k9,oracle_posterior_gain,36,3.0,0.0073961082153553015,False
final_input_token_layerwise,undisclosed,pooled,gain,0,0.0001,0.0,False
final_input_token_layerwise,undisclosed,pooled,gain,1,100.0,-0.00120604769000703,False
final_input_token_layerwise,undisclosed,pooled,gain,2,100.0,0.0015755520792190003,False
final_input_token_layerwise,undisclosed,pooled,gain,3,100.0,-0.0005636321453535709,False
final_input_token_layerwise,undisclosed,pooled,gain,4,100.0,-0.000629770387912972,False
final_input_token_layerwise,undisclosed,pooled,gain,5,100.0,0.00020550422995494846,False
final_input_token_layerwise,undisclosed,pooled,gain,6,100.0,0.0011282440304631232,False
final_input_token_layerwise,undisclosed,pooled,gain,7,100.0,0.0004157580532976694,False
final_input_token_layerwise,undisclosed,pooled,gain,8,100.0,6.50250156402447e-05,False
final_input_token_layerwise,undisclosed,pooled,gain,9,100.0,0.0016753728387541023,False
final_input_token_layerwise,undisclosed,pooled,gain,10,100.0,0.001933883239527719,False
final_input_token_layerwise,undisclosed,pooled,gain,11,100.0,0.002466932961222514,False
final_input_token_layerwise,undisclosed,pooled,gain,12,100.0,0.0010637174147394661,False
final_input_token_layerwise,undisclosed,pooled,gain,13,100.0,0.0006697268386079239,False
final_input_token_layerwise,undisclosed,pooled,gain,14,100.0,0.002805259106146355,False
final_input_token_layerwise,undisclosed,pooled,gain,15,100.0,0.0017482482993839792,False
final_input_token_layerwise,undisclosed,pooled,gain,16,100.0,0.0015731036202918935,False
final_input_token_layerwise,undisclosed,pooled,gain,17,100.0,0.0017259098497317549,False
final_input_token_layerwise,undisclosed,pooled,gain,18,100.0,0.0014890978243126685,False
final_input_token_layerwise,undisclosed,pooled,gain,19,100.0,0.0026607758228313814,False
final_input_token_layerwise,undisclosed,pooled,gain,20,100.0,0.0019364190728178947,False
final_input_token_layerwise,undisclosed,pooled,gain,21,100.0,0.00018654310252299208,False
final_input_token_layerwise,undisclosed,pooled,gain,22,100.0,0.0001595239806452912,False
final_input_token_layerwise,undisclosed,pooled,gain,23,100.0,0.0014777036764348217,False
final_input_token_layerwise,undisclosed,pooled,gain,24,100.0,0.0027404970223924483,False
final_input_token_layerwise,undisclosed,pooled,gain,25,100.0,0.003263938979867339,True
final_input_token_layerwise,undisclosed,pooled,gain,26,100.0,0.0017608853532754727,False
final_input_token_layerwise,undisclosed,pooled,gain,27,100.0,0.0021511344878351415,False
final_input_token_layerwise,undisclosed,pooled,gain,28,100.0,0.0025671705547127,False
final_input_token_layerwise,undisclosed,pooled,gain,29,100.0,0.001392928189872078,False
final_input_token_layerwise,undisclosed,pooled,gain,30,100.0,0.0009543794950408376,False
final_input_token_layerwise,undisclosed,pooled,gain,31,100.0,0.0005395134089852446,False
final_input_token_layerwise,undisclosed,pooled,gain,32,100.0,0.0003673778652172425,False
final_input_token_layerwise,undisclosed,pooled,gain,33,100.0,0.00027311008872174525,False
final_input_token_layerwise,undisclosed,pooled,gain,34,100.0,0.0003375145491968101,False
final_input_token_layerwise,undisclosed,pooled,gain,35,100.0,0.0011735561830644077,False
final_input_token_layerwise,undisclosed,pooled,gain,36,100.0,0.0006580047342652495,False
final_input_token_layerwise,undisclosed,pooled,response_residual,0,0.0001,-2.7755575615628914e-17,False
final_input_token_layerwise,undisclosed,pooled,response_residual,1,100.0,0.00010483019035148478,False
final_input_token_layerwise,undisclosed,pooled,response_residual,2,100.0,4.95575531813767e-05,False
final_input_token_layerwise,undisclosed,pooled,response_residual,3,100.0,-0.00117779792055193,False
final_input_token_layerwise,undisclosed,pooled,response_residual,4,100.0,-0.0008572567712350395,False
final_input_token_layerwise,undisclosed,pooled,response_residual,5,100.0,-0.0021817482861260598,False
final_input_token_layerwise,undisclosed,pooled,response_residual,6,100.0,-0.0010096923709243903,False
final_input_token_layerwise,undisclosed,pooled,response_residual,7,100.0,-0.0014943367964291021,False
final_input_token_layerwise,undisclosed,pooled,response_residual,8,100.0,-0.0008846374355175601,False
final_input_token_layerwise,undisclosed,pooled,response_residual,9,100.0,0.00042848866540935265,False
final_input_token_layerwise,undisclosed,pooled,response_residual,10,100.0,8.757320997928215e-05,False
final_input_token_layerwise,undisclosed,pooled,response_residual,11,100.0,0.0003172510647311462,False
final_input_token_layerwise,undisclosed,pooled,response_residual,12,100.0,-0.0008186105725684253,False
final_input_token_layerwise,undisclosed,pooled,response_residual,13,100.0,-0.0012371007414602269,False
final_input_token_layerwise,undisclosed,pooled,response_residual,14,100.0,0.00020665511533022687,False
final_input_token_layerwise,undisclosed,pooled,response_residual,15,100.0,-0.0007341067300550655,False
final_input_token_layerwise,undisclosed,pooled,response_residual,16,100.0,-0.0004967983135499843,False
final_input_token_layerwise,undisclosed,pooled,response_residual,17,100.0,-0.0007256004590222206,False
final_input_token_layerwise,undisclosed,pooled,response_residual,18,100.0,-0.0004136177066097017,False
final_input_token_layerwise,undisclosed,pooled,response_residual,19,100.0,0.0009514250331806954,False
final_input_token_layerwise,undisclosed,pooled,response_residual,20,100.0,0.0005423478818058122,False
final_input_token_layerwise,undisclosed,pooled,response_residual,21,100.0,-0.0004216688918729043,False
final_input_token_layerwise,undisclosed,pooled,response_residual,22,100.0,-0.0001637182692450223,False
final_input_token_layerwise,undisclosed,pooled,response_residual,23,100.0,0.0013936707003860405,False
final_input_token_layerwise,undisclosed,pooled,response_residual,24,100.0,0.0018762705624386273,False
final_input_token_layerwise,undisclosed,pooled,response_residual,25,100.0,0.0022815629549583958,False
final_input_token_layerwise,undisclosed,pooled,response_residual,26,100.0,0.0012878202394719744,False
final_input_token_layerwise,undisclosed,pooled,response_residual,27,100.0,0.001911504441003677,False
final_input_token_layerwise,undisclosed,pooled,response_residual,28,100.0,0.0025010135227690653,False
final_input_token_layerwise,undisclosed,pooled,response_residual,29,100.0,0.0019078259544167513,False
final_input_token_layerwise,undisclosed,pooled,response_residual,30,100.0,0.0016115012690898118,False
final_input_token_layerwise,undisclosed,pooled,response_residual,31,100.0,0.0012269465664838848,False
final_input_token_layerwise,undisclosed,pooled,response_residual,32,100.0,0.001512083788038206,False
final_input_token_layerwise,undisclosed,pooled,response_residual,33,100.0,0.0010973591507107232,False
final_input_token_layerwise,undisclosed,pooled,response_residual,34,100.0,0.0019496329331208557,False
final_input_token_layerwise,undisclosed,pooled,response_residual,35,100.0,0.0026655518819776736,True
final_input_token_layerwise,undisclosed,pooled,response_residual,36,100.0,0.0023484410106649014,False
mean_embedding,disclosed,k3,gain,0,100.0,-0.0013913271910436231,True
mean_embedding,disclosed,k3,response_residual,0,100.0,-0.0005631618135266692,True
mean_embedding,disclosed,k6,gain,0,100.0,2.324844929763037e-06,True
mean_embedding,disclosed,k6,response_residual,0,100.0,0.0010143472627783812,True
mean_embedding,disclosed,k9,gain,0,100.0,-0.0006136966716941972,True
mean_embedding,disclosed,k9,response_residual,0,100.0,0.000836083005017918,True
mean_embedding,disclosed,pooled,gain,0,100.0,-0.00934444335362448,True
mean_embedding,disclosed,pooled,response_residual,0,100.0,-0.0014316542386622149,True
mean_embedding,undisclosed,k3,gain,0,100.0,-0.0016139994741432573,True
mean_embedding,undisclosed,k3,response_residual,0,100.0,-0.0007117376714019241,True
mean_embedding,undisclosed,k6,gain,0,100.0,-0.00015518359163588236,True
mean_embedding,undisclosed,k6,response_residual,0,100.0,0.0009546409976856907,True
mean_embedding,undisclosed,k9,gain,0,100.0,-0.0007582575926914636,True
mean_embedding,undisclosed,k9,response_residual,0,100.0,0.00080506034128347,True
mean_embedding,undisclosed,pooled,gain,0,100.0,-0.00936023457682339,True
mean_embedding,undisclosed,pooled,response_residual,0,100.0,-0.0014526475708016944,True
mean_final_layer,disclosed,k3,gain,0,100.0,-0.0002288714272173087,True
mean_final_layer,disclosed,k3,response_residual,0,100.0,-0.0004524853367578463,True
mean_final_layer,disclosed,k6,gain,0,3.0,0.0022333311815700696,True
mean_final_layer,disclosed,k6,response_residual,0,100.0,-9.819761618354295e-05,True
mean_final_layer,disclosed,k9,gain,0,3.0,0.01140266279092883,True
mean_final_layer,disclosed,k9,response_residual,0,3.0,0.00041305048812234624,True
mean_final_layer,disclosed,pooled,gain,0,100.0,0.0005819962259355679,True
mean_final_layer,disclosed,pooled,response_residual,0,100.0,-0.004813802310069819,True
mean_final_layer,undisclosed,k3,gain,0,100.0,-0.00022067824806637493,True
mean_final_layer,undisclosed,k3,response_residual,0,100.0,-0.00042357718279784073,True
mean_final_layer,undisclosed,k6,gain,0,3.0,0.0027016862072943293,True
mean_final_layer,undisclosed,k6,response_residual,0,100.0,-9.378206885293783e-05,True
mean_final_layer,undisclosed,k9,gain,0,3.0,0.01834150405974605,True
mean_final_layer,undisclosed,k9,response_residual,0,3.0,0.005622229968906656,True
mean_final_layer,undisclosed,pooled,gain,0,100.0,0.0019337851512942112,True
mean_final_layer,undisclosed,pooled,response_residual,0,100.0,-0.003336179736496081,True
