representation,train_disclosure,evidence,target,layer,alpha,cv_macro_development_baseline_r2,selected
final_input_token_layerwise,disclosed,k3,gain,0,0.0001,0.0,False
final_input_token_layerwise,disclosed,k3,gain,1,100.0,0.000501571913121529,False
final_input_token_layerwise,disclosed,k3,gain,2,100.0,0.0012972258014137816,True
final_input_token_layerwise,disclosed,k3,gain,3,100.0,0.0008393506031401932,False
final_input_token_layerwise,disclosed,k3,gain,4,100.0,0.0007227080773870576,False
final_input_token_layerwise,disclosed,k3,gain,5,100.0,0.0003088491695671103,False
final_input_token_layerwise,disclosed,k3,gain,6,100.0,0.00016740317968400031,False
final_input_token_layerwise,disclosed,k3,gain,7,100.0,-6.810058515571704e-05,False
final_input_token_layerwise,disclosed,k3,gain,8,100.0,-3.8666702032452704e-06,False
final_input_token_layerwise,disclosed,k3,gain,9,100.0,-0.00014338007706482525,False
final_input_token_layerwise,disclosed,k3,gain,10,100.0,3.753728103128573e-05,False
final_input_token_layerwise,disclosed,k3,gain,11,100.0,0.00040712158851705094,False
final_input_token_layerwise,disclosed,k3,gain,12,100.0,0.0003992041324719642,False
final_input_token_layerwise,disclosed,k3,gain,13,100.0,0.0005088201823370275,False
final_input_token_layerwise,disclosed,k3,gain,14,100.0,0.0005855923565561971,False
final_input_token_layerwise,disclosed,k3,gain,15,100.0,0.0005024070032116912,False
final_input_token_layerwise,disclosed,k3,gain,16,100.0,0.0003478240305777036,False
final_input_token_layerwise,disclosed,k3,gain,17,100.0,0.00035328016229602133,False
final_input_token_layerwise,disclosed,k3,gain,18,100.0,0.00025010779415202133,False
final_input_token_layerwise,disclosed,k3,gain,19,100.0,-9.60957272407581e-05,False
final_input_token_layerwise,disclosed,k3,gain,20,100.0,-0.0003678868115859213,False
final_input_token_layerwise,disclosed,k3,gain,21,100.0,-0.0005223442632930064,False
final_input_token_layerwise,disclosed,k3,gain,22,100.0,-0.0003223488329816837,False
final_input_token_layerwise,disclosed,k3,gain,23,100.0,-0.0003637538755153491,False
final_input_token_layerwise,disclosed,k3,gain,24,100.0,-3.24208043878671e-05,False
final_input_token_layerwise,disclosed,k3,gain,25,100.0,0.00016801409181982363,False
final_input_token_layerwise,disclosed,k3,gain,26,100.0,-5.63064133391189e-05,False
final_input_token_layerwise,disclosed,k3,gain,27,100.0,0.00011464316001355557,False
final_input_token_layerwise,disclosed,k3,gain,28,100.0,0.00041271137328796614,False
final_input_token_layerwise,disclosed,k3,gain,29,100.0,0.00041836661134075914,False
final_input_token_layerwise,disclosed,k3,gain,30,100.0,0.00017202652157108367,False
final_input_token_layerwise,disclosed,k3,gain,31,100.0,0.00020909266325525033,False
final_input_token_layerwise,disclosed,k3,gain,32,100.0,-7.247402518986701e-05,False
final_input_token_layerwise,disclosed,k3,gain,33,100.0,-0.00021739395373146508,False
final_input_token_layerwise,disclosed,k3,gain,34,100.0,0.00019022555305234223,False
final_input_token_layerwise,disclosed,k3,gain,35,100.0,0.0003476565488471639,False
final_input_token_layerwise,disclosed,k3,gain,36,100.0,0.0004873774841821221,False
final_input_token_layerwise,disclosed,k3,response_residual,0,0.0001,-2.7755575615628914e-17,False
final_input_token_layerwise,disclosed,k3,response_residual,1,100.0,0.0001684764003074546,False
final_input_token_layerwise,disclosed,k3,response_residual,2,100.0,0.0008033741583748366,True
final_input_token_layerwise,disclosed,k3,response_residual,3,100.0,0.000518725026410205,False
final_input_token_layerwise,disclosed,k3,response_residual,4,100.0,0.0004693166239491675,False
final_input_token_layerwise,disclosed,k3,response_residual,5,100.0,3.365804668523098e-05,False
final_input_token_layerwise,disclosed,k3,response_residual,6,100.0,3.1091777090652695e-05,False
final_input_token_layerwise,disclosed,k3,response_residual,7,100.0,-0.00017614324006920423,False
final_input_token_layerwise,disclosed,k3,response_residual,8,100.0,-5.708980675869779e-05,False
final_input_token_layerwise,disclosed,k3,response_residual,9,100.0,-0.00024926060021998597,False
final_input_token_layerwise,disclosed,k3,response_residual,10,100.0,-3.529177707481401e-05,False
final_input_token_layerwise,disclosed,k3,response_residual,11,100.0,0.00021961306844187067,False
final_input_token_layerwise,disclosed,k3,response_residual,12,100.0,0.00020393575844571132,False
final_input_token_layerwise,disclosed,k3,response_residual,13,100.0,0.00044012638091614487,False
final_input_token_layerwise,disclosed,k3,response_residual,14,100.0,0.00036501158874560624,False
final_input_token_layerwise,disclosed,k3,response_residual,15,100.0,0.00032413135971781637,False
final_input_token_layerwise,disclosed,k3,response_residual,16,100.0,-4.0621121575323826e-05,False
final_input_token_layerwise,disclosed,k3,response_residual,17,100.0,-2.199009416947728e-06,False
final_input_token_layerwise,disclosed,k3,response_residual,18,100.0,-0.00014456139664228984,False
final_input_token_layerwise,disclosed,k3,response_residual,19,100.0,-0.00043117726233793396,False
final_input_token_layerwise,disclosed,k3,response_residual,20,100.0,-0.0006601571378835325,False
final_input_token_layerwise,disclosed,k3,response_residual,21,100.0,-0.0006480062027440503,False
final_input_token_layerwise,disclosed,k3,response_residual,22,100.0,-0.00026483378694580617,False
final_input_token_layerwise,disclosed,k3,response_residual,23,100.0,-0.00026457588463793535,False
final_input_token_layerwise,disclosed,k3,response_residual,24,100.0,2.4440590500357517e-05,False
final_input_token_layerwise,disclosed,k3,response_residual,25,100.0,0.00018043760554872779,False
final_input_token_layerwise,disclosed,k3,response_residual,26,100.0,7.099333171028954e-05,False
final_input_token_layerwise,disclosed,k3,response_residual,27,100.0,0.0002002620492257967,False
final_input_token_layerwise,disclosed,k3,response_residual,28,100.0,0.000507483721613522,False
final_input_token_layerwise,disclosed,k3,response_residual,29,100.0,0.00044035138630862947,False
final_input_token_layerwise,disclosed,k3,response_residual,30,100.0,0.0004639375025233261,False
final_input_token_layerwise,disclosed,k3,response_residual,31,100.0,0.0004710614979688277,False
final_input_token_layerwise,disclosed,k3,response_residual,32,100.0,0.00024596577543642417,False
final_input_token_layerwise,disclosed,k3,response_residual,33,100.0,5.0951753771205643e-05,False
final_input_token_layerwise,disclosed,k3,response_residual,34,100.0,0.00035655178726753944,False
final_input_token_layerwise,disclosed,k3,response_residual,35,100.0,0.000409315851892883,False
final_input_token_layerwise,disclosed,k3,response_residual,36,100.0,0.0006042033502840494,False
final_input_token_layerwise,disclosed,k3,last_target_observation,0,0.0001,-8.326672684688674e-17,False
final_input_token_layerwise,disclosed,k3,last_target_observation,1,0.1,0.11468570315898594,True
final_input_token_layerwise,disclosed,k3,last_target_observation,2,100.0,0.00020229539130209306,False
final_input_token_layerwise,disclosed,k3,last_target_observation,3,100.0,0.0006878504862195822,False
final_input_token_layerwise,disclosed,k3,last_target_observation,4,3.0,0.001237446968387429,False
final_input_token_layerwise,disclosed,k3,last_target_observation,5,3.0,0.0008209940218588951,False
final_input_token_layerwise,disclosed,k3,last_target_observation,6,3.0,0.0014925702366122284,False
final_input_token_layerwise,disclosed,k3,last_target_observation,7,3.0,0.002156593864016898,False
final_input_token_layerwise,disclosed,k3,last_target_observation,8,3.0,0.003897977967491917,False
final_input_token_layerwise,disclosed,k3,last_target_observation,9,100.0,0.0008497705252158705,False
final_input_token_layerwise,disclosed,k3,last_target_observation,10,100.0,0.0003422136695266642,False
final_input_token_layerwise,disclosed,k3,last_target_observation,11,100.0,0.0004251625027573702,False
final_input_token_layerwise,disclosed,k3,last_target_observation,12,100.0,0.0005038566844011994,False
final_input_token_layerwise,disclosed,k3,last_target_observation,13,100.0,0.0006456109762560946,False
final_input_token_layerwise,disclosed,k3,last_target_observation,14,100.0,0.0007316864209862273,False
final_input_token_layerwise,disclosed,k3,last_target_observation,15,3.0,0.00355339932150181,False
final_input_token_layerwise,disclosed,k3,last_target_observation,16,100.0,0.0010534137463901194,False
final_input_token_layerwise,disclosed,k3,last_target_observation,17,3.0,0.022964848578283653,False
final_input_token_layerwise,disclosed,k3,last_target_observation,18,3.0,0.02794519282953753,False
final_input_token_layerwise,disclosed,k3,last_target_observation,19,3.0,0.021000270207510163,False
final_input_token_layerwise,disclosed,k3,last_target_observation,20,3.0,0.02965118606720238,False
final_input_token_layerwise,disclosed,k3,last_target_observation,21,3.0,0.05819324394543626,False
final_input_token_layerwise,disclosed,k3,last_target_observation,22,3.0,0.050129612452810196,False
final_input_token_layerwise,disclosed,k3,last_target_observation,23,3.0,0.0446162125503263,False
final_input_token_layerwise,disclosed,k3,last_target_observation,24,3.0,0.03718738468520191,False
final_input_token_layerwise,disclosed,k3,last_target_observation,25,3.0,0.03890878604173087,False
final_input_token_layerwise,disclosed,k3,last_target_observation,26,3.0,0.03212566204283285,False
final_input_token_layerwise,disclosed,k3,last_target_observation,27,3.0,0.02917838007397547,False
final_input_token_layerwise,disclosed,k3,last_target_observation,28,3.0,0.030347528092977694,False
final_input_token_layerwise,disclosed,k3,last_target_observation,29,3.0,0.021883239660705905,False
final_input_token_layerwise,disclosed,k3,last_target_observation,30,3.0,0.02437325669231838,False
final_input_token_layerwise,disclosed,k3,last_target_observation,31,3.0,0.02115928821133875,False
final_input_token_layerwise,disclosed,k3,last_target_observation,32,3.0,0.016792254311590843,False
final_input_token_layerwise,disclosed,k3,last_target_observation,33,3.0,0.021956753739572288,False
final_input_token_layerwise,disclosed,k3,last_target_observation,34,3.0,0.016294170232873106,False
final_input_token_layerwise,disclosed,k3,last_target_observation,35,3.0,0.019626306372351243,False
final_input_token_layerwise,disclosed,k3,last_target_observation,36,3.0,0.01780077704056668,False
final_input_token_layerwise,disclosed,k3,target_observation_mean,0,0.0001,5.551115123125783e-17,False
final_input_token_layerwise,disclosed,k3,target_observation_mean,1,3.0,0.051126104867478206,False
final_input_token_layerwise,disclosed,k3,target_observation_mean,2,3.0,0.016597300496035583,False
final_input_token_layerwise,disclosed,k3,target_observation_mean,3,3.0,0.017692163070495176,False
final_input_token_layerwise,disclosed,k3,target_observation_mean,4,3.0,0.012465033707823509,False
final_input_token_layerwise,disclosed,k3,target_observation_mean,5,3.0,0.006857301437292518,False
final_input_token_layerwise,disclosed,k3,target_observation_mean,6,100.0,0.0006273679475602978,False
final_input_token_layerwise,disclosed,k3,target_observation_mean,7,100.0,0.0006322377901724074,False
final_input_token_layerwise,disclosed,k3,target_observation_mean,8,100.0,0.0006775008879293665,False
final_input_token_layerwise,disclosed,k3,target_observation_mean,9,100.0,0.0007143134296397347,False
final_input_token_layerwise,disclosed,k3,target_observation_mean,10,100.0,9.528069822345442e-05,False
final_input_token_layerwise,disclosed,k3,target_observation_mean,11,100.0,5.6029703342730386e-05,False
final_input_token_layerwise,disclosed,k3,target_observation_mean,12,100.0,-8.429690490199815e-05,False
final_input_token_layerwise,disclosed,k3,target_observation_mean,13,100.0,0.00044254113522759764,False
final_input_token_layerwise,disclosed,k3,target_observation_mean,14,100.0,0.0005822703644426663,False
final_input_token_layerwise,disclosed,k3,target_observation_mean,15,100.0,0.0006811619117642054,False
final_input_token_layerwise,disclosed,k3,target_observation_mean,16,100.0,0.0009054367771707539,False
final_input_token_layerwise,disclosed,k3,target_observation_mean,17,3.0,0.0021192537315968263,False
final_input_token_layerwise,disclosed,k3,target_observation_mean,18,3.0,0.009494453743360942,False
final_input_token_layerwise,disclosed,k3,target_observation_mean,19,3.0,0.021398047448519197,False
final_input_token_layerwise,disclosed,k3,target_observation_mean,20,3.0,0.03678722538527843,False
final_input_token_layerwise,disclosed,k3,target_observation_mean,21,3.0,0.06681914143653894,True
final_input_token_layerwise,disclosed,k3,target_observation_mean,22,3.0,0.060957378988349714,False
final_input_token_layerwise,disclosed,k3,target_observation_mean,23,3.0,0.05046381047157336,False
final_input_token_layerwise,disclosed,k3,target_observation_mean,24,3.0,0.04648659467702698,False
final_input_token_layerwise,disclosed,k3,target_observation_mean,25,3.0,0.04334649951602265,False
final_input_token_layerwise,disclosed,k3,target_observation_mean,26,3.0,0.0290279947445366,False
final_input_token_layerwise,disclosed,k3,target_observation_mean,27,3.0,0.02324990799090801,False
final_input_token_layerwise,disclosed,k3,target_observation_mean,28,3.0,0.01215164073897504,False
final_input_token_layerwise,disclosed,k3,target_observation_mean,29,3.0,0.0056394366789858374,False
final_input_token_layerwise,disclosed,k3,target_observation_mean,30,3.0,0.008310314123191415,False
final_input_token_layerwise,disclosed,k3,target_observation_mean,31,100.0,0.0012360227642018162,False
final_input_token_layerwise,disclosed,k3,target_observation_mean,32,100.0,0.0013135768377909585,False
final_input_token_layerwise,disclosed,k3,target_observation_mean,33,3.0,0.012101367853517175,False
final_input_token_layerwise,disclosed,k3,target_observation_mean,34,3.0,0.007889989596507246,False
final_input_token_layerwise,disclosed,k3,target_observation_mean,35,3.0,0.0032723393230613407,False
final_input_token_layerwise,disclosed,k3,target_observation_mean,36,100.0,0.0006471737800599342,False
final_input_token_layerwise,disclosed,k3,target_time_slope,0,0.0001,0.0,False
final_input_token_layerwise,disclosed,k3,target_time_slope,1,100.0,-0.00011203145180491147,False
final_input_token_layerwise,disclosed,k3,target_time_slope,2,100.0,-0.003964423579077836,False
final_input_token_layerwise,disclosed,k3,target_time_slope,3,100.0,-0.0023243031217011767,False
final_input_token_layerwise,disclosed,k3,target_time_slope,4,100.0,-0.0015920100485986022,False
final_input_token_layerwise,disclosed,k3,target_time_slope,5,100.0,-0.0010161671370340353,False
final_input_token_layerwise,disclosed,k3,target_time_slope,6,100.0,-0.0007653053024581635,False
final_input_token_layerwise,disclosed,k3,target_time_slope,7,100.0,-0.0005440550586342519,False
final_input_token_layerwise,disclosed,k3,target_time_slope,8,100.0,-0.0003415262841546529,False
final_input_token_layerwise,disclosed,k3,target_time_slope,9,100.0,-0.00040422755132807353,False
final_input_token_layerwise,disclosed,k3,target_time_slope,10,100.0,-0.00059638876731824,False
final_input_token_layerwise,disclosed,k3,target_time_slope,11,100.0,-0.0005190317387170906,False
final_input_token_layerwise,disclosed,k3,target_time_slope,12,100.0,-0.00010285399148821095,False
final_input_token_layerwise,disclosed,k3,target_time_slope,13,100.0,-0.00030220156966181966,False
final_input_token_layerwise,disclosed,k3,target_time_slope,14,100.0,4.973948756936686e-05,False
final_input_token_layerwise,disclosed,k3,target_time_slope,15,100.0,6.096204481575995e-05,False
final_input_token_layerwise,disclosed,k3,target_time_slope,16,100.0,8.389400533487246e-05,False
final_input_token_layerwise,disclosed,k3,target_time_slope,17,3.0,0.012631819059834098,False
final_input_token_layerwise,disclosed,k3,target_time_slope,18,3.0,0.02053975967253341,False
final_input_token_layerwise,disclosed,k3,target_time_slope,19,3.0,0.005884596621816368,False
final_input_token_layerwise,disclosed,k3,target_time_slope,20,3.0,0.0051888027400619485,False
final_input_token_layerwise,disclosed,k3,target_time_slope,21,0.1,0.07016773034917917,False
final_input_token_layerwise,disclosed,k3,target_time_slope,22,0.1,0.05573436727200659,False
final_input_token_layerwise,disclosed,k3,target_time_slope,23,0.1,0.07615038802956153,True
final_input_token_layerwise,disclosed,k3,target_time_slope,24,3.0,0.019199380331833604,False
final_input_token_layerwise,disclosed,k3,target_time_slope,25,3.0,0.019920587237950205,False
final_input_token_layerwise,disclosed,k3,target_time_slope,26,3.0,0.029340454784243325,False
final_input_token_layerwise,disclosed,k3,target_time_slope,27,3.0,0.02485454359739475,False
final_input_token_layerwise,disclosed,k3,target_time_slope,28,3.0,0.03241039084031175,False
final_input_token_layerwise,disclosed,k3,target_time_slope,29,3.0,0.02656547016359445,False
final_input_token_layerwise,disclosed,k3,target_time_slope,30,3.0,0.03020209033500848,False
final_input_token_layerwise,disclosed,k3,target_time_slope,31,3.0,0.025725390774607004,False
final_input_token_layerwise,disclosed,k3,target_time_slope,32,3.0,0.02013580372994639,False
final_input_token_layerwise,disclosed,k3,target_time_slope,33,3.0,0.02191878364306063,False
final_input_token_layerwise,disclosed,k3,target_time_slope,34,3.0,0.019169651240571545,False
final_input_token_layerwise,disclosed,k3,target_time_slope,35,3.0,0.02476636320202616,False
final_input_token_layerwise,disclosed,k3,target_time_slope,36,3.0,0.02816853925662216,False
final_input_token_layerwise,disclosed,k3,displayed_driver_outcome_slope,0,0.0001,5.551115123125783e-17,False
final_input_token_layerwise,disclosed,k3,displayed_driver_outcome_slope,1,100.0,-0.0012259301463808936,False
final_input_token_layerwise,disclosed,k3,displayed_driver_outcome_slope,2,3.0,0.038085281775207896,True
final_input_token_layerwise,disclosed,k3,displayed_driver_outcome_slope,3,3.0,0.03378948385373215,False
final_input_token_layerwise,disclosed,k3,displayed_driver_outcome_slope,4,3.0,0.021933622346752918,False
final_input_token_layerwise,disclosed,k3,displayed_driver_outcome_slope,5,3.0,0.017696418336298425,False
final_input_token_layerwise,disclosed,k3,displayed_driver_outcome_slope,6,3.0,0.019346080470837412,False
final_input_token_layerwise,disclosed,k3,displayed_driver_outcome_slope,7,3.0,0.016124081888524017,False
final_input_token_layerwise,disclosed,k3,displayed_driver_outcome_slope,8,3.0,0.012913145519789865,False
final_input_token_layerwise,disclosed,k3,displayed_driver_outcome_slope,9,3.0,0.008889653337926962,False
final_input_token_layerwise,disclosed,k3,displayed_driver_outcome_slope,10,3.0,0.01150640908784864,False
final_input_token_layerwise,disclosed,k3,displayed_driver_outcome_slope,11,3.0,0.0043908376602844745,False
final_input_token_layerwise,disclosed,k3,displayed_driver_outcome_slope,12,3.0,0.0030539338256577175,False
final_input_token_layerwise,disclosed,k3,displayed_driver_outcome_slope,13,3.0,0.0103615616627947,False
final_input_token_layerwise,disclosed,k3,displayed_driver_outcome_slope,14,3.0,0.015051510212921226,False
final_input_token_layerwise,disclosed,k3,displayed_driver_outcome_slope,15,3.0,0.002608225428588601,False
final_input_token_layerwise,disclosed,k3,displayed_driver_outcome_slope,16,3.0,0.007380135466212412,False
final_input_token_layerwise,disclosed,k3,displayed_driver_outcome_slope,17,3.0,0.013694334048108325,False
final_input_token_layerwise,disclosed,k3,displayed_driver_outcome_slope,18,100.0,0.0001893318952855827,False
final_input_token_layerwise,disclosed,k3,displayed_driver_outcome_slope,19,100.0,0.00016898837050396964,False
final_input_token_layerwise,disclosed,k3,displayed_driver_outcome_slope,20,100.0,0.0005767567039812738,False
final_input_token_layerwise,disclosed,k3,displayed_driver_outcome_slope,21,100.0,0.00076305317264308,False
final_input_token_layerwise,disclosed,k3,displayed_driver_outcome_slope,22,100.0,0.00044786987819844803,False
final_input_token_layerwise,disclosed,k3,displayed_driver_outcome_slope,23,100.0,0.0005265757089200629,False
final_input_token_layerwise,disclosed,k3,displayed_driver_outcome_slope,24,100.0,-1.9156854331459083e-05,False
final_input_token_layerwise,disclosed,k3,displayed_driver_outcome_slope,25,100.0,0.00030813124461870345,False
final_input_token_layerwise,disclosed,k3,displayed_driver_outcome_slope,26,100.0,-0.00025692355491757635,False
final_input_token_layerwise,disclosed,k3,displayed_driver_outcome_slope,27,100.0,-0.0005853655512572942,False
final_input_token_layerwise,disclosed,k3,displayed_driver_outcome_slope,28,100.0,-0.0005768999525540552,False
final_input_token_layerwise,disclosed,k3,displayed_driver_outcome_slope,29,100.0,-0.00029211930757266913,False
final_input_token_layerwise,disclosed,k3,displayed_driver_outcome_slope,30,100.0,-0.00010224692585381057,False
final_input_token_layerwise,disclosed,k3,displayed_driver_outcome_slope,31,100.0,0.0005021564603406858,False
final_input_token_layerwise,disclosed,k3,displayed_driver_outcome_slope,32,100.0,0.0006174262591503721,False
final_input_token_layerwise,disclosed,k3,displayed_driver_outcome_slope,33,3.0,0.004483387974382774,False
final_input_token_layerwise,disclosed,k3,displayed_driver_outcome_slope,34,3.0,0.0022484409477737666,False
final_input_token_layerwise,disclosed,k3,displayed_driver_outcome_slope,35,100.0,0.0012419080098957647,False
final_input_token_layerwise,disclosed,k3,displayed_driver_outcome_slope,36,100.0,0.0012531804672986924,False
final_input_token_layerwise,disclosed,k3,oracle_posterior_gain,0,0.0001,0.0,True
final_input_token_layerwise,disclosed,k3,oracle_posterior_gain,1,100.0,-0.0005918505152075482,False
final_input_token_layerwise,disclosed,k3,oracle_posterior_gain,2,100.0,-0.0028395781594655334,False
final_input_token_layerwise,disclosed,k3,oracle_posterior_gain,3,100.0,-0.0023114301161643036,False
final_input_token_layerwise,disclosed,k3,oracle_posterior_gain,4,100.0,-0.0013719206653144966,False
final_input_token_layerwise,disclosed,k3,oracle_posterior_gain,5,100.0,-0.0012088838505836252,False
final_input_token_layerwise,disclosed,k3,oracle_posterior_gain,6,100.0,-0.0011494942272531894,False
final_input_token_layerwise,disclosed,k3,oracle_posterior_gain,7,100.0,-0.0012947330919362843,False
final_input_token_layerwise,disclosed,k3,oracle_posterior_gain,8,100.0,-0.0012592890426771086,False
final_input_token_layerwise,disclosed,k3,oracle_posterior_gain,9,100.0,-0.001393816114030333,False
final_input_token_layerwise,disclosed,k3,oracle_posterior_gain,10,100.0,-0.0014318253435262052,False
final_input_token_layerwise,disclosed,k3,oracle_posterior_gain,11,100.0,-0.0009627927554679838,False
final_input_token_layerwise,disclosed,k3,oracle_posterior_gain,12,100.0,-0.0009657762371705902,False
final_input_token_layerwise,disclosed,k3,oracle_posterior_gain,13,100.0,-0.0014072093418440734,False
final_input_token_layerwise,disclosed,k3,oracle_posterior_gain,14,100.0,-0.001209573080820675,False
final_input_token_layerwise,disclosed,k3,oracle_posterior_gain,15,100.0,-0.0011167833362633883,False
final_input_token_layerwise,disclosed,k3,oracle_posterior_gain,16,100.0,-0.0008078211321374262,False
final_input_token_layerwise,disclosed,k3,oracle_posterior_gain,17,100.0,-0.0006703605642697508,False
final_input_token_layerwise,disclosed,k3,oracle_posterior_gain,18,100.0,-0.0009780584788016966,False
final_input_token_layerwise,disclosed,k3,oracle_posterior_gain,19,100.0,-0.0011022884747109163,False
final_input_token_layerwise,disclosed,k3,oracle_posterior_gain,20,100.0,-0.0011903972860781153,False
final_input_token_layerwise,disclosed,k3,oracle_posterior_gain,21,100.0,-0.0010772964840642385,False
final_input_token_layerwise,disclosed,k3,oracle_posterior_gain,22,100.0,-0.0005746884756245019,False
final_input_token_layerwise,disclosed,k3,oracle_posterior_gain,23,100.0,-0.0008299144888468946,False
final_input_token_layerwise,disclosed,k3,oracle_posterior_gain,24,100.0,-0.0009768500174016093,False
final_input_token_layerwise,disclosed,k3,oracle_posterior_gain,25,100.0,-0.0008962274475112775,False
final_input_token_layerwise,disclosed,k3,oracle_posterior_gain,26,100.0,-0.0010645157269314476,False
final_input_token_layerwise,disclosed,k3,oracle_posterior_gain,27,100.0,-0.0014085078448903277,False
final_input_token_layerwise,disclosed,k3,oracle_posterior_gain,28,100.0,-0.0014844707386139078,False
final_input_token_layerwise,disclosed,k3,oracle_posterior_gain,29,100.0,-0.0011652326838382243,False
final_input_token_layerwise,disclosed,k3,oracle_posterior_gain,30,100.0,-0.00153317335948977,False
final_input_token_layerwise,disclosed,k3,oracle_posterior_gain,31,100.0,-0.0013023927434923643,False
final_input_token_layerwise,disclosed,k3,oracle_posterior_gain,32,100.0,-0.0012968000274204972,False
final_input_token_layerwise,disclosed,k3,oracle_posterior_gain,33,100.0,-0.001644062348871822,False
final_input_token_layerwise,disclosed,k3,oracle_posterior_gain,34,100.0,-0.001878667247627419,False
final_input_token_layerwise,disclosed,k3,oracle_posterior_gain,35,100.0,-0.001611368708125227,False
final_input_token_layerwise,disclosed,k3,oracle_posterior_gain,36,100.0,-0.0015253913222081361,False
final_input_token_layerwise,disclosed,k6,gain,0,0.0001,0.0,False
final_input_token_layerwise,disclosed,k6,gain,1,3.0,0.005752174101943952,True
final_input_token_layerwise,disclosed,k6,gain,2,100.0,-0.0011546212910917841,False
final_input_token_layerwise,disclosed,k6,gain,3,100.0,-0.0009903008996873242,False
final_input_token_layerwise,disclosed,k6,gain,4,100.0,-0.0009129624217197041,False
final_input_token_layerwise,disclosed,k6,gain,5,100.0,-0.000987868760211702,False
final_input_token_layerwise,disclosed,k6,gain,6,100.0,-0.0012176872502880076,False
final_input_token_layerwise,disclosed,k6,gain,7,100.0,-0.0013836789243704128,False
final_input_token_layerwise,disclosed,k6,gain,8,100.0,-0.0014574974258484974,False
final_input_token_layerwise,disclosed,k6,gain,9,100.0,-0.0013069223842350763,False
final_input_token_layerwise,disclosed,k6,gain,10,100.0,-0.0012777290929692486,False
final_input_token_layerwise,disclosed,k6,gain,11,100.0,-0.0009975417931866182,False
final_input_token_layerwise,disclosed,k6,gain,12,100.0,-0.0007825123901856468,False
final_input_token_layerwise,disclosed,k6,gain,13,100.0,-0.0006965473415459777,False
final_input_token_layerwise,disclosed,k6,gain,14,100.0,-0.0007270494048649823,False
final_input_token_layerwise,disclosed,k6,gain,15,100.0,-0.000466879325634606,False
final_input_token_layerwise,disclosed,k6,gain,16,100.0,-0.0004277985263439754,False
final_input_token_layerwise,disclosed,k6,gain,17,100.0,-0.00044235337000064767,False
final_input_token_layerwise,disclosed,k6,gain,18,100.0,-0.000682860181938888,False
final_input_token_layerwise,disclosed,k6,gain,19,100.0,-0.0005261137798280024,False
final_input_token_layerwise,disclosed,k6,gain,20,100.0,-0.0006902450426941042,False
final_input_token_layerwise,disclosed,k6,gain,21,100.0,-0.0001728082444152068,False
final_input_token_layerwise,disclosed,k6,gain,22,100.0,-0.00023993991286047622,False
final_input_token_layerwise,disclosed,k6,gain,23,100.0,-0.00045103729638973356,False
final_input_token_layerwise,disclosed,k6,gain,24,100.0,-0.0005119972480024382,False
final_input_token_layerwise,disclosed,k6,gain,25,100.0,-0.0007609179202964778,False
final_input_token_layerwise,disclosed,k6,gain,26,100.0,-0.0009440268692884612,False
final_input_token_layerwise,disclosed,k6,gain,27,100.0,-0.0012370357400655618,False
final_input_token_layerwise,disclosed,k6,gain,28,100.0,-0.000960998457509854,False
final_input_token_layerwise,disclosed,k6,gain,29,100.0,-0.0009326240953263509,False
final_input_token_layerwise,disclosed,k6,gain,30,100.0,-0.0008061516161105842,False
final_input_token_layerwise,disclosed,k6,gain,31,100.0,-0.0006769188788444958,False
final_input_token_layerwise,disclosed,k6,gain,32,100.0,-0.0007558703785879584,False
final_input_token_layerwise,disclosed,k6,gain,33,100.0,-0.0007570018665692402,False
final_input_token_layerwise,disclosed,k6,gain,34,100.0,-0.0006407065130590306,False
final_input_token_layerwise,disclosed,k6,gain,35,100.0,-0.000564774304075838,False
final_input_token_layerwise,disclosed,k6,gain,36,100.0,-0.0005818709184313708,False
final_input_token_layerwise,disclosed,k6,response_residual,0,0.0001,-2.7755575615628914e-17,False
final_input_token_layerwise,disclosed,k6,response_residual,1,3.0,0.004334606964579851,True
final_input_token_layerwise,disclosed,k6,response_residual,2,100.0,-0.0011219075557206415,False
final_input_token_layerwise,disclosed,k6,response_residual,3,100.0,-0.0010569900905947338,False
final_input_token_layerwise,disclosed,k6,response_residual,4,100.0,-0.0011320958019618854,False
final_input_token_layerwise,disclosed,k6,response_residual,5,100.0,-0.0012789987349983711,False
final_input_token_layerwise,disclosed,k6,response_residual,6,100.0,-0.001402056011113706,False
final_input_token_layerwise,disclosed,k6,response_residual,7,100.0,-0.0014463256198646857,False
final_input_token_layerwise,disclosed,k6,response_residual,8,100.0,-0.0015264033781583752,False
final_input_token_layerwise,disclosed,k6,response_residual,9,100.0,-0.0015132197766708488,False
final_input_token_layerwise,disclosed,k6,response_residual,10,100.0,-0.0015324966155727537,False
final_input_token_layerwise,disclosed,k6,response_residual,11,100.0,-0.0012929426766913887,False
final_input_token_layerwise,disclosed,k6,response_residual,12,100.0,-0.0011438823780818008,False
final_input_token_layerwise,disclosed,k6,response_residual,13,100.0,-0.0010256650534585798,False
final_input_token_layerwise,disclosed,k6,response_residual,14,100.0,-0.0009999905487982352,False
final_input_token_layerwise,disclosed,k6,response_residual,15,100.0,-0.0006105939036458174,False
final_input_token_layerwise,disclosed,k6,response_residual,16,100.0,-0.0005937266585006873,False
final_input_token_layerwise,disclosed,k6,response_residual,17,100.0,-0.0006410269518719036,False
final_input_token_layerwise,disclosed,k6,response_residual,18,100.0,-0.000612831540952985,False
final_input_token_layerwise,disclosed,k6,response_residual,19,100.0,-0.0005342120443591059,False
final_input_token_layerwise,disclosed,k6,response_residual,20,100.0,-0.0006425811688231531,False
final_input_token_layerwise,disclosed,k6,response_residual,21,100.0,-0.00011669287221632851,False
final_input_token_layerwise,disclosed,k6,response_residual,22,100.0,-0.00010135857027165907,False
final_input_token_layerwise,disclosed,k6,response_residual,23,100.0,-0.0002540977154684432,False
final_input_token_layerwise,disclosed,k6,response_residual,24,100.0,-0.00029436152175535413,False
final_input_token_layerwise,disclosed,k6,response_residual,25,100.0,-0.000381913722781152,False
final_input_token_layerwise,disclosed,k6,response_residual,26,100.0,-0.0004728794436444361,False
final_input_token_layerwise,disclosed,k6,response_residual,27,100.0,-0.0007223794435878561,False
final_input_token_layerwise,disclosed,k6,response_residual,28,100.0,-0.0003730901124253394,False
final_input_token_layerwise,disclosed,k6,response_residual,29,100.0,-0.000321052585540188,False
final_input_token_layerwise,disclosed,k6,response_residual,30,100.0,-0.0001808490762469639,False
final_input_token_layerwise,disclosed,k6,response_residual,31,100.0,-2.1326111344976972e-05,False
final_input_token_layerwise,disclosed,k6,response_residual,32,100.0,-8.141278099449423e-06,False
final_input_token_layerwise,disclosed,k6,response_residual,33,100.0,-0.00020600007045729063,False
final_input_token_layerwise,disclosed,k6,response_residual,34,100.0,-0.00018431571922156165,False
final_input_token_layerwise,disclosed,k6,response_residual,35,100.0,-0.0001979092683751793,False
final_input_token_layerwise,disclosed,k6,response_residual,36,100.0,-0.0002182566928055074,False
final_input_token_layerwise,disclosed,k6,last_target_observation,0,0.0001,-2.7755575615628914e-17,False
final_input_token_layerwise,disclosed,k6,last_target_observation,1,100.0,-0.0019232123903260012,False
final_input_token_layerwise,disclosed,k6,last_target_observation,2,100.0,-6.762352809300265e-05,False
final_input_token_layerwise,disclosed,k6,last_target_observation,3,100.0,-0.0003911708332406949,False
final_input_token_layerwise,disclosed,k6,last_target_observation,4,100.0,-0.0005118150938135391,False
final_input_token_layerwise,disclosed,k6,last_target_observation,5,100.0,-0.0005336100907344932,False
final_input_token_layerwise,disclosed,k6,last_target_observation,6,100.0,-0.0001080331868372475,False
final_input_token_layerwise,disclosed,k6,last_target_observation,7,100.0,-0.00012806541184059994,False
final_input_token_layerwise,disclosed,k6,last_target_observation,8,100.0,-0.00015355291456872755,False
final_input_token_layerwise,disclosed,k6,last_target_observation,9,100.0,-0.0005258909698598324,False
final_input_token_layerwise,disclosed,k6,last_target_observation,10,100.0,-0.0006806307252005539,False
final_input_token_layerwise,disclosed,k6,last_target_observation,11,100.0,-0.0006117874906571563,False
final_input_token_layerwise,disclosed,k6,last_target_observation,12,100.0,-0.000537845902344708,False
final_input_token_layerwise,disclosed,k6,last_target_observation,13,100.0,-0.0007077229005684471,False
final_input_token_layerwise,disclosed,k6,last_target_observation,14,100.0,-0.000751659935249005,False
final_input_token_layerwise,disclosed,k6,last_target_observation,15,100.0,-0.0004793248640162784,False
final_input_token_layerwise,disclosed,k6,last_target_observation,16,100.0,-0.0006538550605392768,False
final_input_token_layerwise,disclosed,k6,last_target_observation,17,100.0,-0.0011599355634500652,False
final_input_token_layerwise,disclosed,k6,last_target_observation,18,100.0,-0.0012866169968940855,False
final_input_token_layerwise,disclosed,k6,last_target_observation,19,100.0,-0.0007100357290661941,False
final_input_token_layerwise,disclosed,k6,last_target_observation,20,100.0,-0.0003298703360059829,False
final_input_token_layerwise,disclosed,k6,last_target_observation,21,100.0,7.568397323498566e-05,False
final_input_token_layerwise,disclosed,k6,last_target_observation,22,100.0,0.00046471772019698876,False
final_input_token_layerwise,disclosed,k6,last_target_observation,23,3.0,0.003323607300940945,False
final_input_token_layerwise,disclosed,k6,last_target_observation,24,3.0,0.009382408687132138,False
final_input_token_layerwise,disclosed,k6,last_target_observation,25,3.0,0.01257188021719377,False
final_input_token_layerwise,disclosed,k6,last_target_observation,26,3.0,0.008223125942024928,False
final_input_token_layerwise,disclosed,k6,last_target_observation,27,3.0,0.012529882267545034,False
final_input_token_layerwise,disclosed,k6,last_target_observation,28,3.0,0.01290459412902431,True
final_input_token_layerwise,disclosed,k6,last_target_observation,29,3.0,0.009333780604572156,False
final_input_token_layerwise,disclosed,k6,last_target_observation,30,3.0,0.002541877323822217,False
final_input_token_layerwise,disclosed,k6,last_target_observation,31,100.0,0.0014060319237066132,False
final_input_token_layerwise,disclosed,k6,last_target_observation,32,100.0,0.0014816103654938795,False
final_input_token_layerwise,disclosed,k6,last_target_observation,33,100.0,0.001481802270508481,False
final_input_token_layerwise,disclosed,k6,last_target_observation,34,100.0,0.0011463896137639817,False
final_input_token_layerwise,disclosed,k6,last_target_observation,35,100.0,0.0010800980245586067,False
final_input_token_layerwise,disclosed,k6,last_target_observation,36,100.0,0.0010528114996000704,False
final_input_token_layerwise,disclosed,k6,target_observation_mean,0,0.0001,2.7755575615628914e-17,False
final_input_token_layerwise,disclosed,k6,target_observation_mean,1,100.0,-0.000745657641051084,False
final_input_token_layerwise,disclosed,k6,target_observation_mean,2,3.0,0.0047202327881123995,False
final_input_token_layerwise,disclosed,k6,target_observation_mean,3,3.0,0.010512085275729888,False
final_input_token_layerwise,disclosed,k6,target_observation_mean,4,100.0,0.0004678466441406792,False
final_input_token_layerwise,disclosed,k6,target_observation_mean,5,100.0,0.0002576532694761602,False
final_input_token_layerwise,disclosed,k6,target_observation_mean,6,100.0,0.0006240915859657137,False
final_input_token_layerwise,disclosed,k6,target_observation_mean,7,100.0,0.0002971225538546396,False
final_input_token_layerwise,disclosed,k6,target_observation_mean,8,3.0,0.0012616390428080715,False
final_input_token_layerwise,disclosed,k6,target_observation_mean,9,100.0,0.0003532538556816345,False
final_input_token_layerwise,disclosed,k6,target_observation_mean,10,100.0,0.00013960705494406311,False
final_input_token_layerwise,disclosed,k6,target_observation_mean,11,100.0,1.8724765343092198e-05,False
final_input_token_layerwise,disclosed,k6,target_observation_mean,12,3.0,0.005549025597600149,False
final_input_token_layerwise,disclosed,k6,target_observation_mean,13,100.0,0.00022632878295220094,False
final_input_token_layerwise,disclosed,k6,target_observation_mean,14,100.0,0.00011147277810713563,False
final_input_token_layerwise,disclosed,k6,target_observation_mean,15,3.0,0.009535058065463592,False
final_input_token_layerwise,disclosed,k6,target_observation_mean,16,3.0,0.003085117336854626,False
final_input_token_layerwise,disclosed,k6,target_observation_mean,17,3.0,0.0024366347804002098,False
final_input_token_layerwise,disclosed,k6,target_observation_mean,18,3.0,0.013076555303700554,False
final_input_token_layerwise,disclosed,k6,target_observation_mean,19,3.0,0.014178063785394296,False
final_input_token_layerwise,disclosed,k6,target_observation_mean,20,3.0,0.013125890788083433,False
final_input_token_layerwise,disclosed,k6,target_observation_mean,21,3.0,0.02953107898852786,False
final_input_token_layerwise,disclosed,k6,target_observation_mean,22,3.0,0.027613453088539158,False
final_input_token_layerwise,disclosed,k6,target_observation_mean,23,3.0,0.023401047030808336,False
final_input_token_layerwise,disclosed,k6,target_observation_mean,24,3.0,0.03644614471996657,False
final_input_token_layerwise,disclosed,k6,target_observation_mean,25,3.0,0.04389540451049348,False
final_input_token_layerwise,disclosed,k6,target_observation_mean,26,3.0,0.047961612376235224,False
final_input_token_layerwise,disclosed,k6,target_observation_mean,27,3.0,0.04922283395849544,False
final_input_token_layerwise,disclosed,k6,target_observation_mean,28,3.0,0.0497160881908901,False
final_input_token_layerwise,disclosed,k6,target_observation_mean,29,3.0,0.053355367901180395,True
final_input_token_layerwise,disclosed,k6,target_observation_mean,30,3.0,0.05079420110264757,False
final_input_token_layerwise,disclosed,k6,target_observation_mean,31,3.0,0.04566984234201804,False
final_input_token_layerwise,disclosed,k6,target_observation_mean,32,3.0,0.045724317280828236,False
final_input_token_layerwise,disclosed,k6,target_observation_mean,33,3.0,0.042116406905709,False
final_input_token_layerwise,disclosed,k6,target_observation_mean,34,3.0,0.04719544226800482,False
final_input_token_layerwise,disclosed,k6,target_observation_mean,35,3.0,0.04915060164634655,False
final_input_token_layerwise,disclosed,k6,target_observation_mean,36,3.0,0.05056441591871724,False
final_input_token_layerwise,disclosed,k6,target_time_slope,0,0.0001,0.0,False
final_input_token_layerwise,disclosed,k6,target_time_slope,1,100.0,-0.0012838549856641346,False
final_input_token_layerwise,disclosed,k6,target_time_slope,2,100.0,-0.0014920899382680763,False
final_input_token_layerwise,disclosed,k6,target_time_slope,3,100.0,-0.0014765648602873271,False
final_input_token_layerwise,disclosed,k6,target_time_slope,4,100.0,-0.001454999673896451,False
final_input_token_layerwise,disclosed,k6,target_time_slope,5,100.0,-0.0011468052011901486,False
final_input_token_layerwise,disclosed,k6,target_time_slope,6,100.0,-0.0009201439001692013,False
final_input_token_layerwise,disclosed,k6,target_time_slope,7,100.0,-0.0009347569262272981,False
final_input_token_layerwise,disclosed,k6,target_time_slope,8,100.0,-0.00122939047679127,False
final_input_token_layerwise,disclosed,k6,target_time_slope,9,100.0,-0.001151456336648593,False
final_input_token_layerwise,disclosed,k6,target_time_slope,10,100.0,-0.001493866582216452,False
final_input_token_layerwise,disclosed,k6,target_time_slope,11,100.0,-0.0013494620746605235,False
final_input_token_layerwise,disclosed,k6,target_time_slope,12,100.0,-0.001110852371240978,False
final_input_token_layerwise,disclosed,k6,target_time_slope,13,100.0,-0.0011478365992711181,False
final_input_token_layerwise,disclosed,k6,target_time_slope,14,100.0,-0.0010473913543126157,False
final_input_token_layerwise,disclosed,k6,target_time_slope,15,100.0,-0.0006849256924397473,False
final_input_token_layerwise,disclosed,k6,target_time_slope,16,100.0,-0.0010092543638027807,False
final_input_token_layerwise,disclosed,k6,target_time_slope,17,100.0,-0.0013742063406830263,False
final_input_token_layerwise,disclosed,k6,target_time_slope,18,100.0,-0.0015519990132460415,False
final_input_token_layerwise,disclosed,k6,target_time_slope,19,100.0,-0.0012921684834190095,False
final_input_token_layerwise,disclosed,k6,target_time_slope,20,100.0,-0.0009565190412854085,False
final_input_token_layerwise,disclosed,k6,target_time_slope,21,100.0,-0.0009378580355643429,False
final_input_token_layerwise,disclosed,k6,target_time_slope,22,100.0,-0.00040277198471572184,False
final_input_token_layerwise,disclosed,k6,target_time_slope,23,100.0,5.24819097829643e-05,True
final_input_token_layerwise,disclosed,k6,target_time_slope,24,100.0,-0.00011504476037699218,False
final_input_token_layerwise,disclosed,k6,target_time_slope,25,100.0,-0.0005709600434063711,False
final_input_token_layerwise,disclosed,k6,target_time_slope,26,100.0,-0.0007947454540422338,False
final_input_token_layerwise,disclosed,k6,target_time_slope,27,100.0,-0.0005978621060993561,False
final_input_token_layerwise,disclosed,k6,target_time_slope,28,100.0,-0.0007691685443492191,False
final_input_token_layerwise,disclosed,k6,target_time_slope,29,100.0,-0.0008323023778130934,False
final_input_token_layerwise,disclosed,k6,target_time_slope,30,100.0,-0.0007852444220918242,False
final_input_token_layerwise,disclosed,k6,target_time_slope,31,100.0,-0.0013502261350087919,False
final_input_token_layerwise,disclosed,k6,target_time_slope,32,100.0,-0.0013738791914030546,False
final_input_token_layerwise,disclosed,k6,target_time_slope,33,100.0,-0.0011414236737510852,False
final_input_token_layerwise,disclosed,k6,target_time_slope,34,100.0,-0.0012877277168734935,False
final_input_token_layerwise,disclosed,k6,target_time_slope,35,100.0,-0.0012963017782443575,False
final_input_token_layerwise,disclosed,k6,target_time_slope,36,100.0,-0.0012721477300455808,False
final_input_token_layerwise,disclosed,k6,displayed_driver_outcome_slope,0,0.0001,-5.551115123125783e-17,False
final_input_token_layerwise,disclosed,k6,displayed_driver_outcome_slope,1,100.0,-0.001338146229153625,False
final_input_token_layerwise,disclosed,k6,displayed_driver_outcome_slope,2,100.0,-0.00012419514720551916,False
final_input_token_layerwise,disclosed,k6,displayed_driver_outcome_slope,3,100.0,-0.000153325641827462,False
final_input_token_layerwise,disclosed,k6,displayed_driver_outcome_slope,4,100.0,-0.0001834231987215551,False
final_input_token_layerwise,disclosed,k6,displayed_driver_outcome_slope,5,3.0,0.012128617844200607,False
final_input_token_layerwise,disclosed,k6,displayed_driver_outcome_slope,6,3.0,0.0063903233662830905,False
final_input_token_layerwise,disclosed,k6,displayed_driver_outcome_slope,7,3.0,0.005006662385250743,False
final_input_token_layerwise,disclosed,k6,displayed_driver_outcome_slope,8,3.0,0.0038474125697271766,False
final_input_token_layerwise,disclosed,k6,displayed_driver_outcome_slope,9,3.0,0.0020833163058097404,False
final_input_token_layerwise,disclosed,k6,displayed_driver_outcome_slope,10,3.0,0.004141116840086695,False
final_input_token_layerwise,disclosed,k6,displayed_driver_outcome_slope,11,3.0,0.010501671683188413,False
final_input_token_layerwise,disclosed,k6,displayed_driver_outcome_slope,12,3.0,0.004298920214742485,False
final_input_token_layerwise,disclosed,k6,displayed_driver_outcome_slope,13,100.0,-0.00013826816631665184,False
final_input_token_layerwise,disclosed,k6,displayed_driver_outcome_slope,14,3.0,0.008071675832700798,False
final_input_token_layerwise,disclosed,k6,displayed_driver_outcome_slope,15,3.0,0.019905170886804296,True
final_input_token_layerwise,disclosed,k6,displayed_driver_outcome_slope,16,3.0,0.01813496201688211,False
final_input_token_layerwise,disclosed,k6,displayed_driver_outcome_slope,17,3.0,0.014534519797514994,False
final_input_token_layerwise,disclosed,k6,displayed_driver_outcome_slope,18,3.0,0.003958247567304868,False
final_input_token_layerwise,disclosed,k6,displayed_driver_outcome_slope,19,3.0,0.0019474890927024535,False
final_input_token_layerwise,disclosed,k6,displayed_driver_outcome_slope,20,3.0,0.0013792048383905464,False
final_input_token_layerwise,disclosed,k6,displayed_driver_outcome_slope,21,100.0,0.00014367918534316515,False
final_input_token_layerwise,disclosed,k6,displayed_driver_outcome_slope,22,100.0,0.00018163672772011918,False
final_input_token_layerwise,disclosed,k6,displayed_driver_outcome_slope,23,100.0,0.00012258352533794925,False
final_input_token_layerwise,disclosed,k6,displayed_driver_outcome_slope,24,100.0,4.2058712926978936e-05,False
final_input_token_layerwise,disclosed,k6,displayed_driver_outcome_slope,25,100.0,0.00010740735956896175,False
final_input_token_layerwise,disclosed,k6,displayed_driver_outcome_slope,26,100.0,0.0003099601375590455,False
final_input_token_layerwise,disclosed,k6,displayed_driver_outcome_slope,27,100.0,4.610004658328615e-05,False
final_input_token_layerwise,disclosed,k6,displayed_driver_outcome_slope,28,100.0,3.684370646753199e-05,False
final_input_token_layerwise,disclosed,k6,displayed_driver_outcome_slope,29,100.0,-9.408306257968624e-05,False
final_input_token_layerwise,disclosed,k6,displayed_driver_outcome_slope,30,100.0,-0.0004777355272163608,False
final_input_token_layerwise,disclosed,k6,displayed_driver_outcome_slope,31,100.0,-0.0008904624634210878,False
final_input_token_layerwise,disclosed,k6,displayed_driver_outcome_slope,32,100.0,-0.0008829396165656589,False
final_input_token_layerwise,disclosed,k6,displayed_driver_outcome_slope,33,100.0,-0.0007880331182202049,False
final_input_token_layerwise,disclosed,k6,displayed_driver_outcome_slope,34,100.0,-0.0009818232280019434,False
final_input_token_layerwise,disclosed,k6,displayed_driver_outcome_slope,35,100.0,-0.0009085955302718107,False
final_input_token_layerwise,disclosed,k6,displayed_driver_outcome_slope,36,100.0,-0.0007937662505408671,False
final_input_token_layerwise,disclosed,k6,oracle_posterior_gain,0,0.0001,-5.551115123125783e-17,True
final_input_token_layerwise,disclosed,k6,oracle_posterior_gain,1,100.0,-0.0001435193642112531,False
final_input_token_layerwise,disclosed,k6,oracle_posterior_gain,2,100.0,-0.0012753331284317548,False
final_input_token_layerwise,disclosed,k6,oracle_posterior_gain,3,100.0,-0.0009448930166593983,False
final_input_token_layerwise,disclosed,k6,oracle_posterior_gain,4,100.0,-0.0009896768751118112,False
final_input_token_layerwise,disclosed,k6,oracle_posterior_gain,5,100.0,-0.0010240074894576068,False
final_input_token_layerwise,disclosed,k6,oracle_posterior_gain,6,100.0,-0.0013549413778608521,False
final_input_token_layerwise,disclosed,k6,oracle_posterior_gain,7,100.0,-0.0013624913999954469,False
final_input_token_layerwise,disclosed,k6,oracle_posterior_gain,8,100.0,-0.0013359915078084428,False
final_input_token_layerwise,disclosed,k6,oracle_posterior_gain,9,100.0,-0.0016269818973793648,False
final_input_token_layerwise,disclosed,k6,oracle_posterior_gain,10,100.0,-0.00175461887926609,False
final_input_token_layerwise,disclosed,k6,oracle_posterior_gain,11,100.0,-0.0014745638391334137,False
final_input_token_layerwise,disclosed,k6,oracle_posterior_gain,12,100.0,-0.00124740026372952,False
final_input_token_layerwise,disclosed,k6,oracle_posterior_gain,13,100.0,-0.0012739034554404005,False
final_input_token_layerwise,disclosed,k6,oracle_posterior_gain,14,100.0,-0.001325682757943203,False
final_input_token_layerwise,disclosed,k6,oracle_posterior_gain,15,100.0,-0.0012657872895380229,False
final_input_token_layerwise,disclosed,k6,oracle_posterior_gain,16,100.0,-0.0017775168636001704,False
final_input_token_layerwise,disclosed,k6,oracle_posterior_gain,17,100.0,-0.0018552540507786874,False
final_input_token_layerwise,disclosed,k6,oracle_posterior_gain,18,100.0,-0.001935212174186851,False
final_input_token_layerwise,disclosed,k6,oracle_posterior_gain,19,100.0,-0.0016928206061332385,False
final_input_token_layerwise,disclosed,k6,oracle_posterior_gain,20,100.0,-0.0015753808422602489,False
final_input_token_layerwise,disclosed,k6,oracle_posterior_gain,21,100.0,-0.0012251997919388025,False
final_input_token_layerwise,disclosed,k6,oracle_posterior_gain,22,100.0,-0.0014633400121411844,False
final_input_token_layerwise,disclosed,k6,oracle_posterior_gain,23,100.0,-0.0015190218885648143,False
final_input_token_layerwise,disclosed,k6,oracle_posterior_gain,24,100.0,-0.0020041620997217624,False
final_input_token_layerwise,disclosed,k6,oracle_posterior_gain,25,100.0,-0.0019449001590891024,False
final_input_token_layerwise,disclosed,k6,oracle_posterior_gain,26,100.0,-0.0017870555385040565,False
final_input_token_layerwise,disclosed,k6,oracle_posterior_gain,27,100.0,-0.00186125801895895,False
final_input_token_layerwise,disclosed,k6,oracle_posterior_gain,28,100.0,-0.0018447368197345437,False
final_input_token_layerwise,disclosed,k6,oracle_posterior_gain,29,100.0,-0.001586516179439057,False
final_input_token_layerwise,disclosed,k6,oracle_posterior_gain,30,100.0,-0.001288372399990273,False
final_input_token_layerwise,disclosed,k6,oracle_posterior_gain,31,100.0,-0.0011055759663914366,False
final_input_token_layerwise,disclosed,k6,oracle_posterior_gain,32,100.0,-0.0010292924383112911,False
final_input_token_layerwise,disclosed,k6,oracle_posterior_gain,33,100.0,-0.0007308796180186816,False
final_input_token_layerwise,disclosed,k6,oracle_posterior_gain,34,100.0,-0.0005843053034599865,False
final_input_token_layerwise,disclosed,k6,oracle_posterior_gain,35,100.0,-0.0007235939232931587,False
final_input_token_layerwise,disclosed,k6,oracle_posterior_gain,36,100.0,-0.0007390696106869821,False
final_input_token_layerwise,disclosed,k9,gain,0,0.0001,0.0,False
final_input_token_layerwise,disclosed,k9,gain,1,100.0,-0.0004190192189331421,False
final_input_token_layerwise,disclosed,k9,gain,2,3.0,0.01069353425738831,False
final_input_token_layerwise,disclosed,k9,gain,3,3.0,0.005616533437013405,False
final_input_token_layerwise,disclosed,k9,gain,4,3.0,0.007076232943004274,False
final_input_token_layerwise,disclosed,k9,gain,5,3.0,0.005034982114251407,False
final_input_token_layerwise,disclosed,k9,gain,6,3.0,0.009947484500297366,False
final_input_token_layerwise,disclosed,k9,gain,7,3.0,0.00920143687501776,False
final_input_token_layerwise,disclosed,k9,gain,8,3.0,0.008487574965773265,False
final_input_token_layerwise,disclosed,k9,gain,9,3.0,0.007686095511119623,False
final_input_token_layerwise,disclosed,k9,gain,10,3.0,0.001556524630370676,False
final_input_token_layerwise,disclosed,k9,gain,11,3.0,0.014050155012952231,True
final_input_token_layerwise,disclosed,k9,gain,12,3.0,0.007580767045902687,False
final_input_token_layerwise,disclosed,k9,gain,13,100.0,6.23322817891181e-05,False
final_input_token_layerwise,disclosed,k9,gain,14,100.0,8.795583826082254e-05,False
final_input_token_layerwise,disclosed,k9,gain,15,100.0,3.996101575307054e-05,False
final_input_token_layerwise,disclosed,k9,gain,16,3.0,0.002355353600882265,False
final_input_token_layerwise,disclosed,k9,gain,17,3.0,0.007021470177769135,False
final_input_token_layerwise,disclosed,k9,gain,18,3.0,0.002895233727122082,False
final_input_token_layerwise,disclosed,k9,gain,19,3.0,0.01208514415834322,False
final_input_token_layerwise,disclosed,k9,gain,20,3.0,0.006267258870231801,False
final_input_token_layerwise,disclosed,k9,gain,21,3.0,0.007533413857078619,False
final_input_token_layerwise,disclosed,k9,gain,22,3.0,0.005333381945622662,False
final_input_token_layerwise,disclosed,k9,gain,23,3.0,0.001173549536262447,False
final_input_token_layerwise,disclosed,k9,gain,24,100.0,-5.282082038224334e-05,False
final_input_token_layerwise,disclosed,k9,gain,25,100.0,-0.00012965027608369262,False
final_input_token_layerwise,disclosed,k9,gain,26,100.0,-0.00034819341679043214,False
final_input_token_layerwise,disclosed,k9,gain,27,100.0,-0.00033000547735401176,False
final_input_token_layerwise,disclosed,k9,gain,28,100.0,-0.00014724957269723893,False
final_input_token_layerwise,disclosed,k9,gain,29,100.0,-0.0002450816877367368,False
final_input_token_layerwise,disclosed,k9,gain,30,100.0,-0.00022843396236452151,False
final_input_token_layerwise,disclosed,k9,gain,31,100.0,-3.6196361552609524e-05,False
final_input_token_layerwise,disclosed,k9,gain,32,100.0,-0.00021561752597651362,False
final_input_token_layerwise,disclosed,k9,gain,33,100.0,-0.0001167370840592652,False
final_input_token_layerwise,disclosed,k9,gain,34,3.0,0.001963153505259524,False
final_input_token_layerwise,disclosed,k9,gain,35,3.0,0.005708259932373894,False
final_input_token_layerwise,disclosed,k9,gain,36,3.0,0.001638075220037838,False
final_input_token_layerwise,disclosed,k9,response_residual,0,0.0001,-2.7755575615628914e-17,False
final_input_token_layerwise,disclosed,k9,response_residual,1,100.0,-0.00015879838620261322,False
final_input_token_layerwise,disclosed,k9,response_residual,2,3.0,0.003520652973369315,False
final_input_token_layerwise,disclosed,k9,response_residual,3,3.0,0.0002955863240685641,False
final_input_token_layerwise,disclosed,k9,response_residual,4,3.0,0.002110961119926452,False
final_input_token_layerwise,disclosed,k9,response_residual,5,100.0,3.557363640427358e-05,False
final_input_token_layerwise,disclosed,k9,response_residual,6,3.0,0.0029464726095732585,False
final_input_token_layerwise,disclosed,k9,response_residual,7,3.0,0.0018438463385739012,False
final_input_token_layerwise,disclosed,k9,response_residual,8,3.0,0.0019433881987234447,False
final_input_token_layerwise,disclosed,k9,response_residual,9,3.0,0.0015762058098484355,False
final_input_token_layerwise,disclosed,k9,response_residual,10,100.0,0.0001210010869379663,False
final_input_token_layerwise,disclosed,k9,response_residual,11,3.0,0.005761749832260382,True
final_input_token_layerwise,disclosed,k9,response_residual,12,3.0,0.004159960503074461,False
final_input_token_layerwise,disclosed,k9,response_residual,13,100.0,6.784295711784183e-05,False
final_input_token_layerwise,disclosed,k9,response_residual,14,100.0,1.5994994334633805e-05,False
final_input_token_layerwise,disclosed,k9,response_residual,15,100.0,6.474746728632463e-05,False
final_input_token_layerwise,disclosed,k9,response_residual,16,100.0,0.00010613355780197953,False
final_input_token_layerwise,disclosed,k9,response_residual,17,100.0,3.194809773088281e-05,False
final_input_token_layerwise,disclosed,k9,response_residual,18,100.0,-3.530367014747959e-05,False
final_input_token_layerwise,disclosed,k9,response_residual,19,100.0,0.000293290489082193,False
final_input_token_layerwise,disclosed,k9,response_residual,20,100.0,9.852640611890395e-05,False
final_input_token_layerwise,disclosed,k9,response_residual,21,100.0,8.875919216486117e-05,False
final_input_token_layerwise,disclosed,k9,response_residual,22,100.0,8.842550638155089e-05,False
final_input_token_layerwise,disclosed,k9,response_residual,23,100.0,-5.83089305757345e-05,False
final_input_token_layerwise,disclosed,k9,response_residual,24,100.0,-0.00035778438664277323,False
final_input_token_layerwise,disclosed,k9,response_residual,25,100.0,-0.00033957731853434536,False
final_input_token_layerwise,disclosed,k9,response_residual,26,100.0,-0.0005734363777737672,False
final_input_token_layerwise,disclosed,k9,response_residual,27,100.0,-0.0007334903834992079,False
final_input_token_layerwise,disclosed,k9,response_residual,28,100.0,-0.000549806524469898,False
final_input_token_layerwise,disclosed,k9,response_residual,29,100.0,-0.0006548986145122893,False
final_input_token_layerwise,disclosed,k9,response_residual,30,100.0,-0.0008485464934339937,False
final_input_token_layerwise,disclosed,k9,response_residual,31,100.0,-0.0006648360296563072,False
final_input_token_layerwise,disclosed,k9,response_residual,32,100.0,-0.0008358318325088487,False
final_input_token_layerwise,disclosed,k9,response_residual,33,100.0,-0.0007768614182469269,False
final_input_token_layerwise,disclosed,k9,response_residual,34,100.0,-0.0006152210422121773,False
final_input_token_layerwise,disclosed,k9,response_residual,35,100.0,-0.0005096125966566334,False
final_input_token_layerwise,disclosed,k9,response_residual,36,100.0,-0.0006384755588488833,False
final_input_token_layerwise,disclosed,k9,last_target_observation,0,0.0001,1.3877787807814457e-16,False
final_input_token_layerwise,disclosed,k9,last_target_observation,1,100.0,-0.0002662002234933847,False
final_input_token_layerwise,disclosed,k9,last_target_observation,2,100.0,-0.0004272935870432981,False
final_input_token_layerwise,disclosed,k9,last_target_observation,3,100.0,-0.0002853701561978672,False
final_input_token_layerwise,disclosed,k9,last_target_observation,4,100.0,-0.0001656481139289956,False
final_input_token_layerwise,disclosed,k9,last_target_observation,5,100.0,-6.0679253329920524e-05,False
final_input_token_layerwise,disclosed,k9,last_target_observation,6,100.0,-0.0003040908590986602,False
final_input_token_layerwise,disclosed,k9,last_target_observation,7,100.0,-4.247711269628196e-05,False
final_input_token_layerwise,disclosed,k9,last_target_observation,8,3.0,0.015493500005795857,False
final_input_token_layerwise,disclosed,k9,last_target_observation,9,3.0,0.013741143265087907,False
final_input_token_layerwise,disclosed,k9,last_target_observation,10,3.0,0.01492263401527566,False
final_input_token_layerwise,disclosed,k9,last_target_observation,11,3.0,0.023271290152569207,True
final_input_token_layerwise,disclosed,k9,last_target_observation,12,3.0,0.014554583722504344,False
final_input_token_layerwise,disclosed,k9,last_target_observation,13,3.0,0.010792765464180343,False
final_input_token_layerwise,disclosed,k9,last_target_observation,14,3.0,0.002710231965371235,False
final_input_token_layerwise,disclosed,k9,last_target_observation,15,100.0,-1.9942299445324663e-05,False
final_input_token_layerwise,disclosed,k9,last_target_observation,16,100.0,-0.00021552287980936002,False
final_input_token_layerwise,disclosed,k9,last_target_observation,17,100.0,-0.00029376011772375143,False
final_input_token_layerwise,disclosed,k9,last_target_observation,18,100.0,-0.000443410084891932,False
final_input_token_layerwise,disclosed,k9,last_target_observation,19,100.0,-0.0001327152635392792,False
final_input_token_layerwise,disclosed,k9,last_target_observation,20,100.0,-7.221518198882726e-05,False
final_input_token_layerwise,disclosed,k9,last_target_observation,21,100.0,-0.00017032791282267645,False
final_input_token_layerwise,disclosed,k9,last_target_observation,22,100.0,0.00015251112858696847,False
final_input_token_layerwise,disclosed,k9,last_target_observation,23,100.0,1.5958558376105714e-05,False
final_input_token_layerwise,disclosed,k9,last_target_observation,24,100.0,0.0004375443970743853,False
final_input_token_layerwise,disclosed,k9,last_target_observation,25,100.0,8.036446788500795e-05,False
final_input_token_layerwise,disclosed,k9,last_target_observation,26,100.0,4.9386747375340656e-05,False
final_input_token_layerwise,disclosed,k9,last_target_observation,27,100.0,2.0329049525091847e-05,False
final_input_token_layerwise,disclosed,k9,last_target_observation,28,100.0,5.7661855433849274e-05,False
final_input_token_layerwise,disclosed,k9,last_target_observation,29,100.0,-4.215708802107754e-05,False
final_input_token_layerwise,disclosed,k9,last_target_observation,30,100.0,0.0001669764777062488,False
final_input_token_layerwise,disclosed,k9,last_target_observation,31,100.0,-1.1946173462062948e-05,False
final_input_token_layerwise,disclosed,k9,last_target_observation,32,100.0,-7.475912856305666e-05,False
final_input_token_layerwise,disclosed,k9,last_target_observation,33,100.0,-0.00025592990826425743,False
final_input_token_layerwise,disclosed,k9,last_target_observation,34,100.0,1.8360126021632617e-05,False
final_input_token_layerwise,disclosed,k9,last_target_observation,35,100.0,0.0001980547597373039,False
final_input_token_layerwise,disclosed,k9,last_target_observation,36,100.0,-5.757057718436265e-06,False
final_input_token_layerwise,disclosed,k9,target_observation_mean,0,0.0001,3.885780586188048e-16,False
final_input_token_layerwise,disclosed,k9,target_observation_mean,1,3.0,0.000804117106721014,False
final_input_token_layerwise,disclosed,k9,target_observation_mean,2,3.0,0.011024248952225868,False
final_input_token_layerwise,disclosed,k9,target_observation_mean,3,3.0,0.00920051690280757,False
final_input_token_layerwise,disclosed,k9,target_observation_mean,4,3.0,0.01070203847376236,False
final_input_token_layerwise,disclosed,k9,target_observation_mean,5,3.0,0.0037482109012119402,False
final_input_token_layerwise,disclosed,k9,target_observation_mean,6,3.0,0.00825250416535811,False
final_input_token_layerwise,disclosed,k9,target_observation_mean,7,3.0,0.008550708672203894,False
final_input_token_layerwise,disclosed,k9,target_observation_mean,8,100.0,-2.5142413831225063e-05,False
final_input_token_layerwise,disclosed,k9,target_observation_mean,9,3.0,0.013307146884333348,False
final_input_token_layerwise,disclosed,k9,target_observation_mean,10,3.0,0.00792032768026063,False
final_input_token_layerwise,disclosed,k9,target_observation_mean,11,3.0,0.010253621005183233,False
final_input_token_layerwise,disclosed,k9,target_observation_mean,12,3.0,0.0043817734485055715,False
final_input_token_layerwise,disclosed,k9,target_observation_mean,13,3.0,0.007867228076457011,False
final_input_token_layerwise,disclosed,k9,target_observation_mean,14,3.0,0.007431909346180932,False
final_input_token_layerwise,disclosed,k9,target_observation_mean,15,100.0,0.00034144916002179504,False
final_input_token_layerwise,disclosed,k9,target_observation_mean,16,3.0,0.0012583437001819076,False
final_input_token_layerwise,disclosed,k9,target_observation_mean,17,3.0,0.01461703653050675,False
final_input_token_layerwise,disclosed,k9,target_observation_mean,18,3.0,0.012079073701699083,False
final_input_token_layerwise,disclosed,k9,target_observation_mean,19,3.0,0.022222436696570147,True
final_input_token_layerwise,disclosed,k9,target_observation_mean,20,3.0,0.02084860091726687,False
final_input_token_layerwise,disclosed,k9,target_observation_mean,21,3.0,0.016921339954253517,False
final_input_token_layerwise,disclosed,k9,target_observation_mean,22,3.0,0.009542052923324357,False
final_input_token_layerwise,disclosed,k9,target_observation_mean,23,3.0,0.0021980982840639207,False
final_input_token_layerwise,disclosed,k9,target_observation_mean,24,100.0,0.00048129190265558397,False
final_input_token_layerwise,disclosed,k9,target_observation_mean,25,100.0,0.0004399187258080639,False
final_input_token_layerwise,disclosed,k9,target_observation_mean,26,100.0,0.0002705581752211472,False
final_input_token_layerwise,disclosed,k9,target_observation_mean,27,100.0,0.0003790805982372969,False
final_input_token_layerwise,disclosed,k9,target_observation_mean,28,100.0,0.00037771421263488314,False
final_input_token_layerwise,disclosed,k9,target_observation_mean,29,3.0,0.0028669083095034242,False
final_input_token_layerwise,disclosed,k9,target_observation_mean,30,3.0,0.004423747955263402,False
final_input_token_layerwise,disclosed,k9,target_observation_mean,31,3.0,0.006792795290820441,False
final_input_token_layerwise,disclosed,k9,target_observation_mean,32,3.0,0.004098154690055783,False
final_input_token_layerwise,disclosed,k9,target_observation_mean,33,3.0,0.005202835989978144,False
final_input_token_layerwise,disclosed,k9,target_observation_mean,34,3.0,0.007106917995198581,False
final_input_token_layerwise,disclosed,k9,target_observation_mean,35,0.1,0.015210458329125237,False
final_input_token_layerwise,disclosed,k9,target_observation_mean,36,3.0,0.011345095443230924,False
final_input_token_layerwise,disclosed,k9,target_time_slope,0,0.0001,0.0,False
final_input_token_layerwise,disclosed,k9,target_time_slope,1,3.0,0.0035202562442658014,False
final_input_token_layerwise,disclosed,k9,target_time_slope,2,100.0,-0.0005161339361190731,False
final_input_token_layerwise,disclosed,k9,target_time_slope,3,100.0,-0.00029835898710603437,False
final_input_token_layerwise,disclosed,k9,target_time_slope,4,3.0,9.12629423970579e-05,False
final_input_token_layerwise,disclosed,k9,target_time_slope,5,100.0,-0.00012223794042609537,False
final_input_token_layerwise,disclosed,k9,target_time_slope,6,100.0,-0.00028549524854082353,False
final_input_token_layerwise,disclosed,k9,target_time_slope,7,100.0,-0.00023262149419994715,False
final_input_token_layerwise,disclosed,k9,target_time_slope,8,3.0,1.492966822688735e-05,False
final_input_token_layerwise,disclosed,k9,target_time_slope,9,100.0,-0.00023988167467986488,False
final_input_token_layerwise,disclosed,k9,target_time_slope,10,100.0,-0.00035336251981174516,False
final_input_token_layerwise,disclosed,k9,target_time_slope,11,100.0,0.00012443198646511222,False
final_input_token_layerwise,disclosed,k9,target_time_slope,12,100.0,-0.0002962879424674436,False
final_input_token_layerwise,disclosed,k9,target_time_slope,13,100.0,-0.0009188713002714621,False
final_input_token_layerwise,disclosed,k9,target_time_slope,14,100.0,-0.0010158262313278432,False
final_input_token_layerwise,disclosed,k9,target_time_slope,15,100.0,-0.0010070187544252707,False
final_input_token_layerwise,disclosed,k9,target_time_slope,16,100.0,-0.0013897485306857138,False
final_input_token_layerwise,disclosed,k9,target_time_slope,17,100.0,-0.0009285535329624506,False
final_input_token_layerwise,disclosed,k9,target_time_slope,18,100.0,-0.0010380192289731194,False
final_input_token_layerwise,disclosed,k9,target_time_slope,19,100.0,-0.0010563939537637235,False
final_input_token_layerwise,disclosed,k9,target_time_slope,20,100.0,-0.0011802865387668116,False
final_input_token_layerwise,disclosed,k9,target_time_slope,21,100.0,-0.0012676398120730903,False
final_input_token_layerwise,disclosed,k9,target_time_slope,22,100.0,-0.0006071599182249365,False
final_input_token_layerwise,disclosed,k9,target_time_slope,23,3.0,0.008037792552445078,False
final_input_token_layerwise,disclosed,k9,target_time_slope,24,3.0,0.018127776270569745,False
final_input_token_layerwise,disclosed,k9,target_time_slope,25,3.0,0.01569103919433848,False
final_input_token_layerwise,disclosed,k9,target_time_slope,26,3.0,0.018631169343940823,True
final_input_token_layerwise,disclosed,k9,target_time_slope,27,3.0,0.014778302945904764,False
final_input_token_layerwise,disclosed,k9,target_time_slope,28,3.0,0.007947991929629528,False
final_input_token_layerwise,disclosed,k9,target_time_slope,29,3.0,0.000964591908670126,False
final_input_token_layerwise,disclosed,k9,target_time_slope,30,3.0,0.0013731423577249546,False
final_input_token_layerwise,disclosed,k9,target_time_slope,31,100.0,0.00011393566492590157,False
final_input_token_layerwise,disclosed,k9,target_time_slope,32,100.0,0.0002599410484151188,False
final_input_token_layerwise,disclosed,k9,target_time_slope,33,100.0,0.00012759571323794905,False
final_input_token_layerwise,disclosed,k9,target_time_slope,34,100.0,0.00022808937201199142,False
final_input_token_layerwise,disclosed,k9,target_time_slope,35,3.0,0.0013435874374781998,False
final_input_token_layerwise,disclosed,k9,target_time_slope,36,3.0,0.0007508432863880254,False
final_input_token_layerwise,disclosed,k9,displayed_driver_outcome_slope,0,0.0001,-1.1102230246251565e-16,False
final_input_token_layerwise,disclosed,k9,displayed_driver_outcome_slope,1,100.0,-0.0007257937074820753,False
final_input_token_layerwise,disclosed,k9,displayed_driver_outcome_slope,2,100.0,2.4469310707209146e-05,False
final_input_token_layerwise,disclosed,k9,displayed_driver_outcome_slope,3,3.0,0.00010959355627404577,False
final_input_token_layerwise,disclosed,k9,displayed_driver_outcome_slope,4,100.0,-1.1423669043136853e-05,False
final_input_token_layerwise,disclosed,k9,displayed_driver_outcome_slope,5,3.0,0.0025191328176667194,False
final_input_token_layerwise,disclosed,k9,displayed_driver_outcome_slope,6,100.0,-7.931643042075054e-05,False
final_input_token_layerwise,disclosed,k9,displayed_driver_outcome_slope,7,3.0,0.0009022155302376988,False
final_input_token_layerwise,disclosed,k9,displayed_driver_outcome_slope,8,100.0,3.0175663750658943e-05,False
final_input_token_layerwise,disclosed,k9,displayed_driver_outcome_slope,9,100.0,-5.7462512659561815e-05,False
final_input_token_layerwise,disclosed,k9,displayed_driver_outcome_slope,10,3.0,0.0050205869494043265,False
final_input_token_layerwise,disclosed,k9,displayed_driver_outcome_slope,11,3.0,0.0030602585766734414,False
final_input_token_layerwise,disclosed,k9,displayed_driver_outcome_slope,12,3.0,0.007124598163679247,False
final_input_token_layerwise,disclosed,k9,displayed_driver_outcome_slope,13,3.0,0.0033453304378692206,False
final_input_token_layerwise,disclosed,k9,displayed_driver_outcome_slope,14,100.0,-0.00012736682875397198,False
final_input_token_layerwise,disclosed,k9,displayed_driver_outcome_slope,15,3.0,0.0057655943253411834,False
final_input_token_layerwise,disclosed,k9,displayed_driver_outcome_slope,16,3.0,0.014649898725895227,True
final_input_token_layerwise,disclosed,k9,displayed_driver_outcome_slope,17,3.0,0.003175811962214614,False
final_input_token_layerwise,disclosed,k9,displayed_driver_outcome_slope,18,3.0,0.007414892759031205,False
final_input_token_layerwise,disclosed,k9,displayed_driver_outcome_slope,19,100.0,1.1186722053191378e-05,False
final_input_token_layerwise,disclosed,k9,displayed_driver_outcome_slope,20,100.0,-9.919723119966584e-05,False
final_input_token_layerwise,disclosed,k9,displayed_driver_outcome_slope,21,100.0,-0.0002089565491063261,False
final_input_token_layerwise,disclosed,k9,displayed_driver_outcome_slope,22,100.0,-6.472613431671159e-05,False
final_input_token_layerwise,disclosed,k9,displayed_driver_outcome_slope,23,100.0,-0.00030866078210572967,False
final_input_token_layerwise,disclosed,k9,displayed_driver_outcome_slope,24,100.0,-0.0006431225617767322,False
final_input_token_layerwise,disclosed,k9,displayed_driver_outcome_slope,25,100.0,-0.0007351736263411235,False
final_input_token_layerwise,disclosed,k9,displayed_driver_outcome_slope,26,100.0,-0.0002387038967654187,False
final_input_token_layerwise,disclosed,k9,displayed_driver_outcome_slope,27,100.0,-0.00046933667722801053,False
final_input_token_layerwise,disclosed,k9,displayed_driver_outcome_slope,28,100.0,-0.0005064381066590962,False
final_input_token_layerwise,disclosed,k9,displayed_driver_outcome_slope,29,100.0,-0.0005872571497760326,False
final_input_token_layerwise,disclosed,k9,displayed_driver_outcome_slope,30,100.0,-0.00016839073773008972,False
final_input_token_layerwise,disclosed,k9,displayed_driver_outcome_slope,31,100.0,-0.000373219774976008,False
final_input_token_layerwise,disclosed,k9,displayed_driver_outcome_slope,32,100.0,-0.000635448930718846,False
final_input_token_layerwise,disclosed,k9,displayed_driver_outcome_slope,33,100.0,-0.0007757439825066548,False
final_input_token_layerwise,disclosed,k9,displayed_driver_outcome_slope,34,100.0,-0.0007158778939189703,False
final_input_token_layerwise,disclosed,k9,displayed_driver_outcome_slope,35,100.0,-0.0006050603859965864,False
final_input_token_layerwise,disclosed,k9,displayed_driver_outcome_slope,36,100.0,-0.000559359329363518,False
final_input_token_layerwise,disclosed,k9,oracle_posterior_gain,0,0.0001,0.0,False
final_input_token_layerwise,disclosed,k9,oracle_posterior_gain,1,100.0,-0.0007258226527080691,False
final_input_token_layerwise,disclosed,k9,oracle_posterior_gain,2,3.0,0.0010649668859121775,False
final_input_token_layerwise,disclosed,k9,oracle_posterior_gain,3,100.0,-0.000169226968190328,False
final_input_token_layerwise,disclosed,k9,oracle_posterior_gain,4,100.0,-0.00011962738368651027,False
final_input_token_layerwise,disclosed,k9,oracle_posterior_gain,5,3.0,0.0011190446516718688,False
final_input_token_layerwise,disclosed,k9,oracle_posterior_gain,6,3.0,0.003429256225342958,False
final_input_token_layerwise,disclosed,k9,oracle_posterior_gain,7,3.0,0.0013093216548920594,False
final_input_token_layerwise,disclosed,k9,oracle_posterior_gain,8,100.0,-0.0001240054527665846,False
final_input_token_layerwise,disclosed,k9,oracle_posterior_gain,9,3.0,0.004372710206108299,False
final_input_token_layerwise,disclosed,k9,oracle_posterior_gain,10,3.0,0.003139372679078073,False
final_input_token_layerwise,disclosed,k9,oracle_posterior_gain,11,3.0,0.013144513674985647,False
final_input_token_layerwise,disclosed,k9,oracle_posterior_gain,12,3.0,0.008760196840594453,False
final_input_token_layerwise,disclosed,k9,oracle_posterior_gain,13,100.0,0.00014023187840034312,False
final_input_token_layerwise,disclosed,k9,oracle_posterior_gain,14,100.0,0.0001453086440725837,False
final_input_token_layerwise,disclosed,k9,oracle_posterior_gain,15,100.0,0.0001382117859168308,False
final_input_token_layerwise,disclosed,k9,oracle_posterior_gain,16,3.0,0.013999917880763602,False
final_input_token_layerwise,disclosed,k9,oracle_posterior_gain,17,3.0,0.022671049842507313,False
final_input_token_layerwise,disclosed,k9,oracle_posterior_gain,18,3.0,0.0230925803062636,False
final_input_token_layerwise,disclosed,k9,oracle_posterior_gain,19,3.0,0.02712887977384637,True
final_input_token_layerwise,disclosed,k9,oracle_posterior_gain,20,3.0,0.024827929638919943,False
final_input_token_layerwise,disclosed,k9,oracle_posterior_gain,21,3.0,0.021351210603740844,False
final_input_token_layerwise,disclosed,k9,oracle_posterior_gain,22,3.0,0.020816149651197213,False
final_input_token_layerwise,disclosed,k9,oracle_posterior_gain,23,3.0,0.00717930761856872,False
final_input_token_layerwise,disclosed,k9,oracle_posterior_gain,24,3.0,0.006259130303664123,False
final_input_token_layerwise,disclosed,k9,oracle_posterior_gain,25,3.0,0.006650038246191925,False
final_input_token_layerwise,disclosed,k9,oracle_posterior_gain,26,3.0,0.0012692470183870708,False
final_input_token_layerwise,disclosed,k9,oracle_posterior_gain,27,3.0,0.009411320302909615,False
final_input_token_layerwise,disclosed,k9,oracle_posterior_gain,28,3.0,0.010048963866371219,False
final_input_token_layerwise,disclosed,k9,oracle_posterior_gain,29,3.0,0.005302612017163005,False
final_input_token_layerwise,disclosed,k9,oracle_posterior_gain,30,3.0,0.004512705387495486,False
final_input_token_layerwise,disclosed,k9,oracle_posterior_gain,31,3.0,0.010545396543975544,False
final_input_token_layerwise,disclosed,k9,oracle_posterior_gain,32,3.0,0.007445044487715019,False
final_input_token_layerwise,disclosed,k9,oracle_posterior_gain,33,3.0,0.009475857213042976,False
final_input_token_layerwise,disclosed,k9,oracle_posterior_gain,34,3.0,0.015105820334074843,False
final_input_token_layerwise,disclosed,k9,oracle_posterior_gain,35,3.0,0.016105206538720857,False
final_input_token_layerwise,disclosed,k9,oracle_posterior_gain,36,3.0,0.017696550109165904,False
final_input_token_layerwise,disclosed,pooled,gain,0,0.0001,0.0,False
final_input_token_layerwise,disclosed,pooled,gain,1,100.0,0.0005062446992516364,False
final_input_token_layerwise,disclosed,pooled,gain,2,100.0,0.0011013661450463934,True
final_input_token_layerwise,disclosed,pooled,gain,3,100.0,-0.0002344795261273458,False
final_input_token_layerwise,disclosed,pooled,gain,4,100.0,0.0007473122351590589,False
final_input_token_layerwise,disclosed,pooled,gain,5,100.0,-0.0011748870657552664,False
final_input_token_layerwise,disclosed,pooled,gain,6,100.0,-0.001895285832095463,False
final_input_token_layerwise,disclosed,pooled,gain,7,100.0,-0.0025434279234186896,False
final_input_token_layerwise,disclosed,pooled,gain,8,100.0,-0.003492932225308276,False
final_input_token_layerwise,disclosed,pooled,gain,9,100.0,-0.004107844251089575,False
final_input_token_layerwise,disclosed,pooled,gain,10,100.0,-0.003104468047686317,False
final_input_token_layerwise,disclosed,pooled,gain,11,100.0,-0.00045730373299899635,False
final_input_token_layerwise,disclosed,pooled,gain,12,100.0,-0.0007974059967890875,False
final_input_token_layerwise,disclosed,pooled,gain,13,100.0,-0.0009113336851384416,False
final_input_token_layerwise,disclosed,pooled,gain,14,100.0,-0.0013638193986584835,False
final_input_token_layerwise,disclosed,pooled,gain,15,100.0,-0.0015609441843581207,False
final_input_token_layerwise,disclosed,pooled,gain,16,100.0,-0.0008990120448792068,False
final_input_token_layerwise,disclosed,pooled,gain,17,100.0,-0.001625666084587224,False
final_input_token_layerwise,disclosed,pooled,gain,18,100.0,-0.002334206661901058,False
final_input_token_layerwise,disclosed,pooled,gain,19,100.0,-0.0010930242961338654,False
final_input_token_layerwise,disclosed,pooled,gain,20,100.0,-0.0017010842997321012,False
final_input_token_layerwise,disclosed,pooled,gain,21,100.0,-0.0009101045188268745,False
final_input_token_layerwise,disclosed,pooled,gain,22,100.0,-8.548205074853284e-05,False
final_input_token_layerwise,disclosed,pooled,gain,23,100.0,-0.0004539841252868641,False
final_input_token_layerwise,disclosed,pooled,gain,24,100.0,-0.0009903581069049723,False
final_input_token_layerwise,disclosed,pooled,gain,25,100.0,-0.0008269748168240424,False
final_input_token_layerwise,disclosed,pooled,gain,26,100.0,-0.0018512935091523075,False
final_input_token_layerwise,disclosed,pooled,gain,27,100.0,-0.0021024262684676367,False
final_input_token_layerwise,disclosed,pooled,gain,28,100.0,-0.0015421438863867931,False
final_input_token_layerwise,disclosed,pooled,gain,29,100.0,-0.0016532190384114704,False
final_input_token_layerwise,disclosed,pooled,gain,30,100.0,-0.0026746394388433383,False
final_input_token_layerwise,disclosed,pooled,gain,31,100.0,-0.002806293316210314,False
final_input_token_layerwise,disclosed,pooled,gain,32,100.0,-0.00323251296167947,False
final_input_token_layerwise,disclosed,pooled,gain,33,100.0,-0.0038130546548216606,False
final_input_token_layerwise,disclosed,pooled,gain,34,100.0,-0.0032507508986651945,False
final_input_token_layerwise,disclosed,pooled,gain,35,100.0,-0.00319884083015697,False
final_input_token_layerwise,disclosed,pooled,gain,36,100.0,-0.003064625125936943,False
final_input_token_layerwise,disclosed,pooled,response_residual,0,0.0001,-2.7755575615628914e-17,False
final_input_token_layerwise,disclosed,pooled,response_residual,1,100.0,0.0013287837012355974,True
final_input_token_layerwise,disclosed,pooled,response_residual,2,100.0,-0.0003850104845302127,False
final_input_token_layerwise,disclosed,pooled,response_residual,3,100.0,-0.0012268999024614609,False
final_input_token_layerwise,disclosed,pooled,response_residual,4,100.0,-0.0006275066840396026,False
final_input_token_layerwise,disclosed,pooled,response_residual,5,100.0,-0.0039153702931878365,False
final_input_token_layerwise,disclosed,pooled,response_residual,6,100.0,-0.003208847346293925,False
final_input_token_layerwise,disclosed,pooled,response_residual,7,100.0,-0.00394314277030212,False
final_input_token_layerwise,disclosed,pooled,response_residual,8,100.0,-0.003923140808553281,False
final_input_token_layerwise,disclosed,pooled,response_residual,9,100.0,-0.004535281181050159,False
final_input_token_layerwise,disclosed,pooled,response_residual,10,100.0,-0.004063822136677313,False
final_input_token_layerwise,disclosed,pooled,response_residual,11,100.0,-0.0015539923952077224,False
final_input_token_layerwise,disclosed,pooled,response_residual,12,100.0,-0.0016491623986897574,False
final_input_token_layerwise,disclosed,pooled,response_residual,13,100.0,-0.0017490111268206043,False
final_input_token_layerwise,disclosed,pooled,response_residual,14,100.0,-0.002457647284138433,False
final_input_token_layerwise,disclosed,pooled,response_residual,15,100.0,-0.0021783894653579308,False
final_input_token_layerwise,disclosed,pooled,response_residual,16,100.0,-0.0021624412709384346,False
final_input_token_layerwise,disclosed,pooled,response_residual,17,100.0,-0.0030859251183515957,False
final_input_token_layerwise,disclosed,pooled,response_residual,18,100.0,-0.003645706232652248,False
final_input_token_layerwise,disclosed,pooled,response_residual,19,100.0,-0.0025673343942025826,False
final_input_token_layerwise,disclosed,pooled,response_residual,20,100.0,-0.00301009363434541,False
final_input_token_layerwise,disclosed,pooled,response_residual,21,100.0,-0.002233987507811249,False
final_input_token_layerwise,disclosed,pooled,response_residual,22,100.0,-0.0010410405285793585,False
final_input_token_layerwise,disclosed,pooled,response_residual,23,100.0,-0.001259521258933231,False
final_input_token_layerwise,disclosed,pooled,response_residual,24,100.0,-0.0013394577719687089,False
final_input_token_layerwise,disclosed,pooled,response_residual,25,100.0,-0.0008768926474846302,False
final_input_token_layerwise,disclosed,pooled,response_residual,26,100.0,-0.00203690799064112,False
final_input_token_layerwise,disclosed,pooled,response_residual,27,100.0,-0.00243394059729371,False
final_input_token_layerwise,disclosed,pooled,response_residual,28,100.0,-0.0014562455511363352,False
final_input_token_layerwise,disclosed,pooled,response_residual,29,100.0,-0.0018323551992070104,False
final_input_token_layerwise,disclosed,pooled,response_residual,30,100.0,-0.0028005482661569436,False
final_input_token_layerwise,disclosed,pooled,response_residual,31,100.0,-0.0026175845249792142,False
final_input_token_layerwise,disclosed,pooled,response_residual,32,100.0,-0.0030289402746799163,False
final_input_token_layerwise,disclosed,pooled,response_residual,33,100.0,-0.00386729166103586,False
final_input_token_layerwise,disclosed,pooled,response_residual,34,100.0,-0.003114472516386607,False
final_input_token_layerwise,disclosed,pooled,response_residual,35,100.0,-0.0032973288231845366,False
final_input_token_layerwise,disclosed,pooled,response_residual,36,100.0,-0.003169921632595838,False
final_input_token_layerwise,undisclosed,k3,gain,0,0.0001,0.0,False
final_input_token_layerwise,undisclosed,k3,gain,1,100.0,-0.001472361196695804,False
final_input_token_layerwise,undisclosed,k3,gain,2,100.0,0.001107728765473187,False
final_input_token_layerwise,undisclosed,k3,gain,3,100.0,0.0011738220844081104,False
final_input_token_layerwise,undisclosed,k3,gain,4,100.0,0.0006860855583690761,False
final_input_token_layerwise,undisclosed,k3,gain,5,100.0,0.00030451996737748677,False
final_input_token_layerwise,undisclosed,k3,gain,6,100.0,-0.0001796083467907883,False
final_input_token_layerwise,undisclosed,k3,gain,7,100.0,-0.00026682228365787486,False
final_input_token_layerwise,undisclosed,k3,gain,8,100.0,-0.000459471567865799,False
final_input_token_layerwise,undisclosed,k3,gain,9,100.0,-0.000251737735094959,False
final_input_token_layerwise,undisclosed,k3,gain,10,100.0,-0.00012954478836296746,False
final_input_token_layerwise,undisclosed,k3,gain,11,100.0,-0.00010409739929129191,False
final_input_token_layerwise,undisclosed,k3,gain,12,100.0,1.3265701419129527e-05,False
final_input_token_layerwise,undisclosed,k3,gain,13,100.0,1.3539970011106073e-05,False
final_input_token_layerwise,undisclosed,k3,gain,14,100.0,0.00028577332930559973,False
final_input_token_layerwise,undisclosed,k3,gain,15,100.0,0.0006633614154945566,False
final_input_token_layerwise,undisclosed,k3,gain,16,100.0,0.00023080504202391272,False
final_input_token_layerwise,undisclosed,k3,gain,17,100.0,0.00017902180959447622,False
final_input_token_layerwise,undisclosed,k3,gain,18,100.0,-0.00012908489936030998,False
final_input_token_layerwise,undisclosed,k3,gain,19,100.0,0.00017605009415003203,False
final_input_token_layerwise,undisclosed,k3,gain,20,100.0,0.0004959740253874245,False
final_input_token_layerwise,undisclosed,k3,gain,21,100.0,0.0008125094276240641,False
final_input_token_layerwise,undisclosed,k3,gain,22,100.0,0.0010880488580881365,False
final_input_token_layerwise,undisclosed,k3,gain,23,100.0,0.000816705614315183,False
final_input_token_layerwise,undisclosed,k3,gain,24,100.0,0.0006081796391809169,False
final_input_token_layerwise,undisclosed,k3,gain,25,100.0,0.0010720017772711254,False
final_input_token_layerwise,undisclosed,k3,gain,26,3.0,0.0020665673493812653,False
final_input_token_layerwise,undisclosed,k3,gain,27,100.0,0.0009091173121416607,False
final_input_token_layerwise,undisclosed,k3,gain,28,100.0,0.0008739379124851065,False
final_input_token_layerwise,undisclosed,k3,gain,29,3.0,0.0012201316782420313,False
final_input_token_layerwise,undisclosed,k3,gain,30,100.0,0.0006217874406212742,False
final_input_token_layerwise,undisclosed,k3,gain,31,100.0,0.0005188529972111056,False
final_input_token_layerwise,undisclosed,k3,gain,32,100.0,0.0006966180159725666,False
final_input_token_layerwise,undisclosed,k3,gain,33,100.0,0.0005368818632376093,False
final_input_token_layerwise,undisclosed,k3,gain,34,100.0,0.0006646982414485747,False
final_input_token_layerwise,undisclosed,k3,gain,35,3.0,0.0019459920683366216,False
final_input_token_layerwise,undisclosed,k3,gain,36,3.0,0.003682025745169515,True
final_input_token_layerwise,undisclosed,k3,response_residual,0,0.0001,-2.7755575615628914e-17,False
final_input_token_layerwise,undisclosed,k3,response_residual,1,100.0,-0.001186472296135277,False
final_input_token_layerwise,undisclosed,k3,response_residual,2,100.0,0.0008826207966015076,False
final_input_token_layerwise,undisclosed,k3,response_residual,3,100.0,0.0013053501976068027,True
final_input_token_layerwise,undisclosed,k3,response_residual,4,100.0,0.0008063714753744067,False
final_input_token_layerwise,undisclosed,k3,response_residual,5,100.0,0.0003193931802832617,False
final_input_token_layerwise,undisclosed,k3,response_residual,6,100.0,1.876608808204505e-05,False
final_input_token_layerwise,undisclosed,k3,response_residual,7,100.0,-0.00012066034013960558,False
final_input_token_layerwise,undisclosed,k3,response_residual,8,100.0,-0.00028860271507699653,False
final_input_token_layerwise,undisclosed,k3,response_residual,9,100.0,-0.00010495002862434544,False
final_input_token_layerwise,undisclosed,k3,response_residual,10,100.0,-6.720855841482742e-05,False
final_input_token_layerwise,undisclosed,k3,response_residual,11,100.0,-4.130507915808823e-05,False
final_input_token_layerwise,undisclosed,k3,response_residual,12,100.0,1.8271784870071972e-05,False
final_input_token_layerwise,undisclosed,k3,response_residual,13,100.0,-4.611999515818921e-06,False
final_input_token_layerwise,undisclosed,k3,response_residual,14,100.0,0.00017578887714081448,False
final_input_token_layerwise,undisclosed,k3,response_residual,15,100.0,0.00048173456405883885,False
final_input_token_layerwise,undisclosed,k3,response_residual,16,100.0,2.1002106444178992e-05,False
final_input_token_layerwise,undisclosed,k3,response_residual,17,100.0,-1.6353053010453866e-05,False
final_input_token_layerwise,undisclosed,k3,response_residual,18,100.0,-0.0003475194811321247,False
final_input_token_layerwise,undisclosed,k3,response_residual,19,100.0,-0.00023363366379519634,False
final_input_token_layerwise,undisclosed,k3,response_residual,20,100.0,8.167295190233959e-05,False
final_input_token_layerwise,undisclosed,k3,response_residual,21,100.0,0.00043941912439504627,False
final_input_token_layerwise,undisclosed,k3,response_residual,22,100.0,0.0007303978030178404,False
final_input_token_layerwise,undisclosed,k3,response_residual,23,100.0,0.0004721392629896959,False
final_input_token_layerwise,undisclosed,k3,response_residual,24,100.0,0.0004719846077749501,False
final_input_token_layerwise,undisclosed,k3,response_residual,25,100.0,0.0008456127050249507,False
final_input_token_layerwise,undisclosed,k3,response_residual,26,100.0,0.0009156411386258556,False
final_input_token_layerwise,undisclosed,k3,response_residual,27,100.0,0.0006863396659709253,False
final_input_token_layerwise,undisclosed,k3,response_residual,28,100.0,0.0006470705946928224,False
final_input_token_layerwise,undisclosed,k3,response_residual,29,100.0,0.0007376633002683652,False
final_input_token_layerwise,undisclosed,k3,response_residual,30,100.0,0.00044648933704971583,False
final_input_token_layerwise,undisclosed,k3,response_residual,31,100.0,0.0003772444660000984,False
final_input_token_layerwise,undisclosed,k3,response_residual,32,100.0,0.0005557702044788337,False
final_input_token_layerwise,undisclosed,k3,response_residual,33,100.0,0.0004663177955908093,False
final_input_token_layerwise,undisclosed,k3,response_residual,34,100.0,0.000635489925784577,False
final_input_token_layerwise,undisclosed,k3,response_residual,35,100.0,0.0009084154183814086,False
final_input_token_layerwise,undisclosed,k3,response_residual,36,100.0,0.0009580942602905873,False
final_input_token_layerwise,undisclosed,k3,last_target_observation,0,0.0001,-8.326672684688674e-17,False
final_input_token_layerwise,undisclosed,k3,last_target_observation,1,0.1,0.15256336377775598,True
final_input_token_layerwise,undisclosed,k3,last_target_observation,2,100.0,0.0006007349650829497,False
final_input_token_layerwise,undisclosed,k3,last_target_observation,3,0.1,0.03235220956795545,False
final_input_token_layerwise,undisclosed,k3,last_target_observation,4,3.0,0.0070025715949556255,False
final_input_token_layerwise,undisclosed,k3,last_target_observation,5,0.1,0.013425679601046875,False
final_input_token_layerwise,undisclosed,k3,last_target_observation,6,3.0,0.012286208359804457,False
final_input_token_layerwise,undisclosed,k3,last_target_observation,7,3.0,0.008341363530574936,False
final_input_token_layerwise,undisclosed,k3,last_target_observation,8,3.0,0.010388450852368586,False
final_input_token_layerwise,undisclosed,k3,last_target_observation,9,3.0,0.003571788071719123,False
final_input_token_layerwise,undisclosed,k3,last_target_observation,10,100.0,0.000631749807731119,False
final_input_token_layerwise,undisclosed,k3,last_target_observation,11,100.0,0.0007631740104564466,False
final_input_token_layerwise,undisclosed,k3,last_target_observation,12,3.0,0.0029679171002999216,False
final_input_token_layerwise,undisclosed,k3,last_target_observation,13,100.0,0.0006988158949319256,False
final_input_token_layerwise,undisclosed,k3,last_target_observation,14,3.0,0.002904891840292828,False
final_input_token_layerwise,undisclosed,k3,last_target_observation,15,3.0,0.003023354647044757,False
final_input_token_layerwise,undisclosed,k3,last_target_observation,16,3.0,0.0048138520252205,False
final_input_token_layerwise,undisclosed,k3,last_target_observation,17,3.0,0.004629932482346055,False
final_input_token_layerwise,undisclosed,k3,last_target_observation,18,100.0,0.0005170227416065043,False
final_input_token_layerwise,undisclosed,k3,last_target_observation,19,3.0,0.010238342947281043,False
final_input_token_layerwise,undisclosed,k3,last_target_observation,20,3.0,0.013199295707177094,False
final_input_token_layerwise,undisclosed,k3,last_target_observation,21,3.0,0.005956680856008978,False
final_input_token_layerwise,undisclosed,k3,last_target_observation,22,3.0,0.006425237258185418,False
final_input_token_layerwise,undisclosed,k3,last_target_observation,23,100.0,-0.0002131723316313172,False
final_input_token_layerwise,undisclosed,k3,last_target_observation,24,100.0,-0.0010138406166724234,False
final_input_token_layerwise,undisclosed,k3,last_target_observation,25,100.0,-0.00104431848974057,False
final_input_token_layerwise,undisclosed,k3,last_target_observation,26,100.0,-0.001043980434426578,False
final_input_token_layerwise,undisclosed,k3,last_target_observation,27,100.0,-0.0008418257317584776,False
final_input_token_layerwise,undisclosed,k3,last_target_observation,28,100.0,-0.0007987413340729554,False
final_input_token_layerwise,undisclosed,k3,last_target_observation,29,100.0,-0.0008496996710099514,False
final_input_token_layerwise,undisclosed,k3,last_target_observation,30,100.0,-0.0007947209426079627,False
final_input_token_layerwise,undisclosed,k3,last_target_observation,31,100.0,-0.0007860828518476137,False
final_input_token_layerwise,undisclosed,k3,last_target_observation,32,100.0,-0.0008482622065115741,False
final_input_token_layerwise,undisclosed,k3,last_target_observation,33,100.0,-0.0005917373453408481,False
final_input_token_layerwise,undisclosed,k3,last_target_observation,34,100.0,-0.0007415089910736139,False
final_input_token_layerwise,undisclosed,k3,last_target_observation,35,100.0,-0.0007039410637517951,False
final_input_token_layerwise,undisclosed,k3,last_target_observation,36,100.0,-0.000901960720350814,False
final_input_token_layerwise,undisclosed,k3,target_observation_mean,0,0.0001,5.551115123125783e-17,False
final_input_token_layerwise,undisclosed,k3,target_observation_mean,1,3.0,0.021271696668235474,False
final_input_token_layerwise,undisclosed,k3,target_observation_mean,2,3.0,0.008379210296965672,False
final_input_token_layerwise,undisclosed,k3,target_observation_mean,3,3.0,0.01808084291754708,False
final_input_token_layerwise,undisclosed,k3,target_observation_mean,4,3.0,0.0068735745861245034,False
final_input_token_layerwise,undisclosed,k3,target_observation_mean,5,3.0,0.010664749600211743,False
final_input_token_layerwise,undisclosed,k3,target_observation_mean,6,3.0,0.007652780068809678,False
final_input_token_layerwise,undisclosed,k3,target_observation_mean,7,3.0,0.010988706608020121,False
final_input_token_layerwise,undisclosed,k3,target_observation_mean,8,3.0,0.005806409786218575,False
final_input_token_layerwise,undisclosed,k3,target_observation_mean,9,100.0,0.0008148066982985036,False
final_input_token_layerwise,undisclosed,k3,target_observation_mean,10,100.0,0.0007085276942697116,False
final_input_token_layerwise,undisclosed,k3,target_observation_mean,11,3.0,0.0029520605748056816,False
final_input_token_layerwise,undisclosed,k3,target_observation_mean,12,3.0,0.0076763737865493675,False
final_input_token_layerwise,undisclosed,k3,target_observation_mean,13,3.0,0.0015655263975655198,False
final_input_token_layerwise,undisclosed,k3,target_observation_mean,14,3.0,0.006266237178687628,False
final_input_token_layerwise,undisclosed,k3,target_observation_mean,15,3.0,0.024122776607070545,False
final_input_token_layerwise,undisclosed,k3,target_observation_mean,16,3.0,0.03030930569960194,False
final_input_token_layerwise,undisclosed,k3,target_observation_mean,17,3.0,0.044807858935511896,False
final_input_token_layerwise,undisclosed,k3,target_observation_mean,18,3.0,0.0403110858922851,False
final_input_token_layerwise,undisclosed,k3,target_observation_mean,19,3.0,0.05534546290655312,False
final_input_token_layerwise,undisclosed,k3,target_observation_mean,20,3.0,0.08472077525950497,True
final_input_token_layerwise,undisclosed,k3,target_observation_mean,21,3.0,0.07356244971764761,False
final_input_token_layerwise,undisclosed,k3,target_observation_mean,22,3.0,0.07535858092939304,False
final_input_token_layerwise,undisclosed,k3,target_observation_mean,23,3.0,0.05947719049903502,False
final_input_token_layerwise,undisclosed,k3,target_observation_mean,24,3.0,0.0426571719764233,False
final_input_token_layerwise,undisclosed,k3,target_observation_mean,25,3.0,0.051633906757457465,False
final_input_token_layerwise,undisclosed,k3,target_observation_mean,26,3.0,0.06319478509298224,False
final_input_token_layerwise,undisclosed,k3,target_observation_mean,27,3.0,0.06324882300392562,False
final_input_token_layerwise,undisclosed,k3,target_observation_mean,28,3.0,0.06923508153883492,False
final_input_token_layerwise,undisclosed,k3,target_observation_mean,29,3.0,0.06134557262434495,False
final_input_token_layerwise,undisclosed,k3,target_observation_mean,30,3.0,0.06453777269976155,False
final_input_token_layerwise,undisclosed,k3,target_observation_mean,31,3.0,0.057484395392484844,False
final_input_token_layerwise,undisclosed,k3,target_observation_mean,32,3.0,0.05051588107437985,False
final_input_token_layerwise,undisclosed,k3,target_observation_mean,33,3.0,0.05628833631526814,False
final_input_token_layerwise,undisclosed,k3,target_observation_mean,34,3.0,0.04836147703061178,False
final_input_token_layerwise,undisclosed,k3,target_observation_mean,35,3.0,0.049444586473881,False
final_input_token_layerwise,undisclosed,k3,target_observation_mean,36,3.0,0.04623318331238793,False
final_input_token_layerwise,undisclosed,k3,target_time_slope,0,0.0001,0.0,False
final_input_token_layerwise,undisclosed,k3,target_time_slope,1,0.1,0.01401883491636477,True
final_input_token_layerwise,undisclosed,k3,target_time_slope,2,100.0,-0.0029743528310358647,False
final_input_token_layerwise,undisclosed,k3,target_time_slope,3,100.0,-0.0011147095811495922,False
final_input_token_layerwise,undisclosed,k3,target_time_slope,4,100.0,-0.0006687889230009847,False
final_input_token_layerwise,undisclosed,k3,target_time_slope,5,100.0,-0.00021826559889409625,False
final_input_token_layerwise,undisclosed,k3,target_time_slope,6,100.0,-9.522156396596371e-05,False
final_input_token_layerwise,undisclosed,k3,target_time_slope,7,100.0,0.00024112227385142404,False
final_input_token_layerwise,undisclosed,k3,target_time_slope,8,100.0,0.000496955604214977,False
final_input_token_layerwise,undisclosed,k3,target_time_slope,9,100.0,0.0005983691154313464,False
final_input_token_layerwise,undisclosed,k3,target_time_slope,10,100.0,0.0005236687689835484,False
final_input_token_layerwise,undisclosed,k3,target_time_slope,11,100.0,0.000662834117542116,False
final_input_token_layerwise,undisclosed,k3,target_time_slope,12,100.0,0.0004859507208255509,False
final_input_token_layerwise,undisclosed,k3,target_time_slope,13,100.0,0.0005445879050114399,False
final_input_token_layerwise,undisclosed,k3,target_time_slope,14,100.0,6.719669576776832e-05,False
final_input_token_layerwise,undisclosed,k3,target_time_slope,15,100.0,-0.0003378908220391663,False
final_input_token_layerwise,undisclosed,k3,target_time_slope,16,100.0,-0.000413262163915018,False
final_input_token_layerwise,undisclosed,k3,target_time_slope,17,100.0,-0.0002568177607802369,False
final_input_token_layerwise,undisclosed,k3,target_time_slope,18,100.0,-0.00027699282779497514,False
final_input_token_layerwise,undisclosed,k3,target_time_slope,19,100.0,-0.00018523419675017805,False
final_input_token_layerwise,undisclosed,k3,target_time_slope,20,100.0,-0.0004973932287044014,False
final_input_token_layerwise,undisclosed,k3,target_time_slope,21,100.0,-0.0006041755259941217,False
final_input_token_layerwise,undisclosed,k3,target_time_slope,22,100.0,-0.0006229969661421808,False
final_input_token_layerwise,undisclosed,k3,target_time_slope,23,100.0,-0.0007522402674209616,False
final_input_token_layerwise,undisclosed,k3,target_time_slope,24,100.0,-0.0010248502504582868,False
final_input_token_layerwise,undisclosed,k3,target_time_slope,25,100.0,-0.0010970150408387558,False
final_input_token_layerwise,undisclosed,k3,target_time_slope,26,100.0,-0.0010872971566299183,False
final_input_token_layerwise,undisclosed,k3,target_time_slope,27,100.0,-0.0008172199362359023,False
final_input_token_layerwise,undisclosed,k3,target_time_slope,28,100.0,-0.0008518750055824531,False
final_input_token_layerwise,undisclosed,k3,target_time_slope,29,100.0,-0.0006606740378252429,False
final_input_token_layerwise,undisclosed,k3,target_time_slope,30,100.0,-0.0007918262207201876,False
final_input_token_layerwise,undisclosed,k3,target_time_slope,31,100.0,-0.0006588746878778973,False
final_input_token_layerwise,undisclosed,k3,target_time_slope,32,100.0,-0.0005958182134980505,False
final_input_token_layerwise,undisclosed,k3,target_time_slope,33,100.0,-0.0004599717429880634,False
final_input_token_layerwise,undisclosed,k3,target_time_slope,34,100.0,-0.0005380575146901601,False
final_input_token_layerwise,undisclosed,k3,target_time_slope,35,100.0,-0.000531582095298383,False
final_input_token_layerwise,undisclosed,k3,target_time_slope,36,100.0,-0.0007008575432292663,False
final_input_token_layerwise,undisclosed,k3,displayed_driver_outcome_slope,0,0.0001,5.551115123125783e-17,False
final_input_token_layerwise,undisclosed,k3,displayed_driver_outcome_slope,1,100.0,0.0005815530554141024,False
final_input_token_layerwise,undisclosed,k3,displayed_driver_outcome_slope,2,3.0,0.03345566673990305,False
final_input_token_layerwise,undisclosed,k3,displayed_driver_outcome_slope,3,3.0,0.03050048760553753,False
final_input_token_layerwise,undisclosed,k3,displayed_driver_outcome_slope,4,3.0,0.03229026319872236,False
final_input_token_layerwise,undisclosed,k3,displayed_driver_outcome_slope,5,3.0,0.03413564278113404,True
final_input_token_layerwise,undisclosed,k3,displayed_driver_outcome_slope,6,3.0,0.031135450656324504,False
final_input_token_layerwise,undisclosed,k3,displayed_driver_outcome_slope,7,3.0,0.02044701171264926,False
final_input_token_layerwise,undisclosed,k3,displayed_driver_outcome_slope,8,3.0,0.008495089344652318,False
final_input_token_layerwise,undisclosed,k3,displayed_driver_outcome_slope,9,3.0,0.0034716681659222037,False
final_input_token_layerwise,undisclosed,k3,displayed_driver_outcome_slope,10,3.0,0.005604613179869294,False
final_input_token_layerwise,undisclosed,k3,displayed_driver_outcome_slope,11,100.0,0.0006189900845107177,False
final_input_token_layerwise,undisclosed,k3,displayed_driver_outcome_slope,12,3.0,0.003590523652770794,False
final_input_token_layerwise,undisclosed,k3,displayed_driver_outcome_slope,13,100.0,0.0008443653560476216,False
final_input_token_layerwise,undisclosed,k3,displayed_driver_outcome_slope,14,3.0,0.0032704933089047483,False
final_input_token_layerwise,undisclosed,k3,displayed_driver_outcome_slope,15,3.0,0.0034865824799480416,False
final_input_token_layerwise,undisclosed,k3,displayed_driver_outcome_slope,16,3.0,0.0025320324852951825,False
final_input_token_layerwise,undisclosed,k3,displayed_driver_outcome_slope,17,3.0,0.0035164920430280078,False
final_input_token_layerwise,undisclosed,k3,displayed_driver_outcome_slope,18,100.0,0.0004110369619263199,False
final_input_token_layerwise,undisclosed,k3,displayed_driver_outcome_slope,19,100.0,0.0008287548308761605,False
final_input_token_layerwise,undisclosed,k3,displayed_driver_outcome_slope,20,3.0,0.008024260644731551,False
final_input_token_layerwise,undisclosed,k3,displayed_driver_outcome_slope,21,3.0,0.011594893520289529,False
final_input_token_layerwise,undisclosed,k3,displayed_driver_outcome_slope,22,3.0,0.012799055021377903,False
final_input_token_layerwise,undisclosed,k3,displayed_driver_outcome_slope,23,3.0,0.011093911752937391,False
final_input_token_layerwise,undisclosed,k3,displayed_driver_outcome_slope,24,3.0,0.009551217770177117,False
final_input_token_layerwise,undisclosed,k3,displayed_driver_outcome_slope,25,3.0,0.01335240221008957,False
final_input_token_layerwise,undisclosed,k3,displayed_driver_outcome_slope,26,3.0,0.006326143015943642,False
final_input_token_layerwise,undisclosed,k3,displayed_driver_outcome_slope,27,3.0,0.010546835467968474,False
final_input_token_layerwise,undisclosed,k3,displayed_driver_outcome_slope,28,3.0,0.007998224993499642,False
final_input_token_layerwise,undisclosed,k3,displayed_driver_outcome_slope,29,3.0,0.006799824762873413,False
final_input_token_layerwise,undisclosed,k3,displayed_driver_outcome_slope,30,3.0,0.006691956832584861,False
final_input_token_layerwise,undisclosed,k3,displayed_driver_outcome_slope,31,3.0,0.012301275962811747,False
final_input_token_layerwise,undisclosed,k3,displayed_driver_outcome_slope,32,3.0,0.013783173474752747,False
final_input_token_layerwise,undisclosed,k3,displayed_driver_outcome_slope,33,3.0,0.00984435133645023,False
final_input_token_layerwise,undisclosed,k3,displayed_driver_outcome_slope,34,3.0,0.019631644569431728,False
final_input_token_layerwise,undisclosed,k3,displayed_driver_outcome_slope,35,3.0,0.011100187405103101,False
final_input_token_layerwise,undisclosed,k3,displayed_driver_outcome_slope,36,3.0,0.012091462771257389,False
final_input_token_layerwise,undisclosed,k3,oracle_posterior_gain,0,0.0001,2.7755575615628914e-17,False
final_input_token_layerwise,undisclosed,k3,oracle_posterior_gain,1,100.0,-0.002725241575154469,False
final_input_token_layerwise,undisclosed,k3,oracle_posterior_gain,2,100.0,-0.0025454742468437597,False
final_input_token_layerwise,undisclosed,k3,oracle_posterior_gain,3,100.0,-0.002393986219876354,False
final_input_token_layerwise,undisclosed,k3,oracle_posterior_gain,4,100.0,-0.0018936250984278036,False
final_input_token_layerwise,undisclosed,k3,oracle_posterior_gain,5,100.0,-0.001976399935913975,False
final_input_token_layerwise,undisclosed,k3,oracle_posterior_gain,6,100.0,-0.0017440368188429423,False
final_input_token_layerwise,undisclosed,k3,oracle_posterior_gain,7,100.0,-0.0019137881340186291,False
final_input_token_layerwise,undisclosed,k3,oracle_posterior_gain,8,100.0,-0.0018237695156231304,False
final_input_token_layerwise,undisclosed,k3,oracle_posterior_gain,9,100.0,-0.0015062826194850998,False
final_input_token_layerwise,undisclosed,k3,oracle_posterior_gain,10,100.0,-0.0008268228717220882,False
final_input_token_layerwise,undisclosed,k3,oracle_posterior_gain,11,100.0,-0.0011090192936416554,False
final_input_token_layerwise,undisclosed,k3,oracle_posterior_gain,12,100.0,-0.0009622602701094274,False
final_input_token_layerwise,undisclosed,k3,oracle_posterior_gain,13,100.0,-0.000938599837352172,False
final_input_token_layerwise,undisclosed,k3,oracle_posterior_gain,14,100.0,-0.0007031009315440206,False
final_input_token_layerwise,undisclosed,k3,oracle_posterior_gain,15,100.0,-0.0005831478018265557,False
final_input_token_layerwise,undisclosed,k3,oracle_posterior_gain,16,100.0,-0.0007902189195106712,False
final_input_token_layerwise,undisclosed,k3,oracle_posterior_gain,17,100.0,-0.0006405024576328633,False
final_input_token_layerwise,undisclosed,k3,oracle_posterior_gain,18,100.0,-0.0009901388835151237,False
final_input_token_layerwise,undisclosed,k3,oracle_posterior_gain,19,100.0,-0.0006165965226299364,False
final_input_token_layerwise,undisclosed,k3,oracle_posterior_gain,20,100.0,-0.0006946083209238563,False
final_input_token_layerwise,undisclosed,k3,oracle_posterior_gain,21,100.0,-0.0004071131035834341,False
final_input_token_layerwise,undisclosed,k3,oracle_posterior_gain,22,100.0,-0.0005314553971570157,False
final_input_token_layerwise,undisclosed,k3,oracle_posterior_gain,23,100.0,-0.000583691290528654,False
final_input_token_layerwise,undisclosed,k3,oracle_posterior_gain,24,100.0,-0.0006051758135801333,False
final_input_token_layerwise,undisclosed,k3,oracle_posterior_gain,25,100.0,-8.154355359260568e-05,False
final_input_token_layerwise,undisclosed,k3,oracle_posterior_gain,26,100.0,-0.00010696543347318843,False
final_input_token_layerwise,undisclosed,k3,oracle_posterior_gain,27,100.0,-0.0001443324915733346,False
final_input_token_layerwise,undisclosed,k3,oracle_posterior_gain,28,100.0,8.567219287491934e-05,False
final_input_token_layerwise,undisclosed,k3,oracle_posterior_gain,29,100.0,0.00013220869427374438,True
final_input_token_layerwise,undisclosed,k3,oracle_posterior_gain,30,100.0,-0.0003425742989418279,False
final_input_token_layerwise,undisclosed,k3,oracle_posterior_gain,31,100.0,-0.000439907395889616,False
final_input_token_layerwise,undisclosed,k3,oracle_posterior_gain,32,100.0,-0.0005231166140675925,False
final_input_token_layerwise,undisclosed,k3,oracle_posterior_gain,33,100.0,-0.0007526145094520764,False
final_input_token_layerwise,undisclosed,k3,oracle_posterior_gain,34,100.0,-0.0005566059491117492,False
final_input_token_layerwise,undisclosed,k3,oracle_posterior_gain,35,100.0,-0.0003516093109571239,False
final_input_token_layerwise,undisclosed,k3,oracle_posterior_gain,36,100.0,-0.00049073606201544,False
final_input_token_layerwise,undisclosed,k6,gain,0,0.0001,0.0,False
final_input_token_layerwise,undisclosed,k6,gain,1,100.0,-3.7610832566870034e-05,False
final_input_token_layerwise,undisclosed,k6,gain,2,100.0,-0.0008129691870678857,False
final_input_token_layerwise,undisclosed,k6,gain,3,100.0,-0.0013215451918571763,False
final_input_token_layerwise,undisclosed,k6,gain,4,100.0,-0.0003182614008633289,False
final_input_token_layerwise,undisclosed,k6,gain,5,100.0,-0.00020447977550530627,False
final_input_token_layerwise,undisclosed,k6,gain,6,100.0,-0.0003708651310083966,False
final_input_token_layerwise,undisclosed,k6,gain,7,100.0,-0.0002773254736962161,False
final_input_token_layerwise,undisclosed,k6,gain,8,100.0,-0.00023572777705929693,False
final_input_token_layerwise,undisclosed,k6,gain,9,3.0,0.0018037868969227322,False
final_input_token_layerwise,undisclosed,k6,gain,10,3.0,0.010170189703695653,False
final_input_token_layerwise,undisclosed,k6,gain,11,3.0,0.011546258178738611,False
final_input_token_layerwise,undisclosed,k6,gain,12,3.0,0.0137169592865104,True
final_input_token_layerwise,undisclosed,k6,gain,13,0.1,0.011128061301127645,False
final_input_token_layerwise,undisclosed,k6,gain,14,3.0,0.0014189603371689008,False
final_input_token_layerwise,undisclosed,k6,gain,15,100.0,-1.748641504120685e-05,False
final_input_token_layerwise,undisclosed,k6,gain,16,100.0,7.306506901130772e-05,False
final_input_token_layerwise,undisclosed,k6,gain,17,3.0,0.004137493878133253,False
final_input_token_layerwise,undisclosed,k6,gain,18,3.0,0.00445155923472379,False
final_input_token_layerwise,undisclosed,k6,gain,19,3.0,0.0014975576737971674,False
final_input_token_layerwise,undisclosed,k6,gain,20,3.0,0.005472421531854149,False
final_input_token_layerwise,undisclosed,k6,gain,21,3.0,0.006243336302551777,False
final_input_token_layerwise,undisclosed,k6,gain,22,100.0,0.0004510524625817858,False
final_input_token_layerwise,undisclosed,k6,gain,23,3.0,0.009551956667242845,False
final_input_token_layerwise,undisclosed,k6,gain,24,3.0,0.0047636080874702835,False
final_input_token_layerwise,undisclosed,k6,gain,25,100.0,-3.245299930906831e-05,False
final_input_token_layerwise,undisclosed,k6,gain,26,100.0,6.360765210999819e-05,False
final_input_token_layerwise,undisclosed,k6,gain,27,100.0,-0.0002115666355351209,False
final_input_token_layerwise,undisclosed,k6,gain,28,100.0,-0.0002989168580687096,False
final_input_token_layerwise,undisclosed,k6,gain,29,100.0,-0.00024086301505035768,False
final_input_token_layerwise,undisclosed,k6,gain,30,100.0,-0.00039880767102501435,False
final_input_token_layerwise,undisclosed,k6,gain,31,100.0,-0.0004068548378221015,False
final_input_token_layerwise,undisclosed,k6,gain,32,100.0,-0.00026297555218476876,False
final_input_token_layerwise,undisclosed,k6,gain,33,100.0,-0.0001560946386493789,False
final_input_token_layerwise,undisclosed,k6,gain,34,100.0,-4.261039941666489e-06,False
final_input_token_layerwise,undisclosed,k6,gain,35,100.0,5.9932204190760174e-05,False
final_input_token_layerwise,undisclosed,k6,gain,36,3.0,0.0002781302873380298,False
final_input_token_layerwise,undisclosed,k6,response_residual,0,0.0001,-2.7755575615628914e-17,False
final_input_token_layerwise,undisclosed,k6,response_residual,1,100.0,0.0003183075270522806,False
final_input_token_layerwise,undisclosed,k6,response_residual,2,100.0,-0.0007552525294550749,False
final_input_token_layerwise,undisclosed,k6,response_residual,3,100.0,-0.0012086929528906665,False
final_input_token_layerwise,undisclosed,k6,response_residual,4,100.0,-0.0006788038148628217,False
final_input_token_layerwise,undisclosed,k6,response_residual,5,100.0,-0.0007770691922268924,False
final_input_token_layerwise,undisclosed,k6,response_residual,6,100.0,-0.0008794428398073151,False
final_input_token_layerwise,undisclosed,k6,response_residual,7,100.0,-0.0008503850359663778,False
final_input_token_layerwise,undisclosed,k6,response_residual,8,100.0,-0.0007990135833922662,False
final_input_token_layerwise,undisclosed,k6,response_residual,9,100.0,-0.00039093584193580777,False
final_input_token_layerwise,undisclosed,k6,response_residual,10,100.0,0.00011161567888817725,False
final_input_token_layerwise,undisclosed,k6,response_residual,11,100.0,0.00012004669622200925,False
final_input_token_layerwise,undisclosed,k6,response_residual,12,3.0,0.0004287544797831333,True
final_input_token_layerwise,undisclosed,k6,response_residual,13,100.0,-0.0002953313523280654,False
final_input_token_layerwise,undisclosed,k6,response_residual,14,100.0,-0.00031074952022042135,False
final_input_token_layerwise,undisclosed,k6,response_residual,15,100.0,-0.0005741552762156543,False
final_input_token_layerwise,undisclosed,k6,response_residual,16,100.0,-0.0005534876915010145,False
final_input_token_layerwise,undisclosed,k6,response_residual,17,100.0,-0.00030066257260571994,False
final_input_token_layerwise,undisclosed,k6,response_residual,18,100.0,-0.00047260049319741704,False
final_input_token_layerwise,undisclosed,k6,response_residual,19,100.0,-0.00038922496323473554,False
final_input_token_layerwise,undisclosed,k6,response_residual,20,100.0,-0.0003869597369636213,False
final_input_token_layerwise,undisclosed,k6,response_residual,21,100.0,-0.0002578997536610561,False
final_input_token_layerwise,undisclosed,k6,response_residual,22,100.0,-0.00037906751031616115,False
final_input_token_layerwise,undisclosed,k6,response_residual,23,100.0,0.00013691969770668333,False
final_input_token_layerwise,undisclosed,k6,response_residual,24,100.0,-0.00016774131247776491,False
final_input_token_layerwise,undisclosed,k6,response_residual,25,100.0,-0.0005197722850447117,False
final_input_token_layerwise,undisclosed,k6,response_residual,26,100.0,-0.0005693616921114975,False
final_input_token_layerwise,undisclosed,k6,response_residual,27,100.0,-0.000828536087038173,False
final_input_token_layerwise,undisclosed,k6,response_residual,28,100.0,-0.0008630837753647314,False
final_input_token_layerwise,undisclosed,k6,response_residual,29,100.0,-0.0009073536375575619,False
final_input_token_layerwise,undisclosed,k6,response_residual,30,100.0,-0.0010431717363264814,False
final_input_token_layerwise,undisclosed,k6,response_residual,31,100.0,-0.0011027336541893917,False
final_input_token_layerwise,undisclosed,k6,response_residual,32,100.0,-0.0010162040917643944,False
final_input_token_layerwise,undisclosed,k6,response_residual,33,100.0,-0.0009033896433328636,False
final_input_token_layerwise,undisclosed,k6,response_residual,34,100.0,-0.000741492764428836,False
final_input_token_layerwise,undisclosed,k6,response_residual,35,100.0,-0.0007739495735168966,False
final_input_token_layerwise,undisclosed,k6,response_residual,36,100.0,-0.0005802149021855163,False
final_input_token_layerwise,undisclosed,k6,last_target_observation,0,0.0001,-2.7755575615628914e-17,False
final_input_token_layerwise,undisclosed,k6,last_target_observation,1,100.0,-0.002027199481725084,False
final_input_token_layerwise,undisclosed,k6,last_target_observation,2,100.0,4.387018416429633e-06,False
final_input_token_layerwise,undisclosed,k6,last_target_observation,3,100.0,-9.279468338216357e-05,False
final_input_token_layerwise,undisclosed,k6,last_target_observation,4,100.0,-0.0003119088290006178,False
final_input_token_layerwise,undisclosed,k6,last_target_observation,5,100.0,0.00016346809264802808,False
final_input_token_layerwise,undisclosed,k6,last_target_observation,6,100.0,1.572747495878768e-05,False
final_input_token_layerwise,undisclosed,k6,last_target_observation,7,100.0,-0.00021248918939847927,False
final_input_token_layerwise,undisclosed,k6,last_target_observation,8,100.0,0.00037876204401326996,False
final_input_token_layerwise,undisclosed,k6,last_target_observation,9,100.0,0.0006533549320204557,False
final_input_token_layerwise,undisclosed,k6,last_target_observation,10,100.0,0.0006026436561077098,False
final_input_token_layerwise,undisclosed,k6,last_target_observation,11,100.0,0.0006308416882663814,False
final_input_token_layerwise,undisclosed,k6,last_target_observation,12,100.0,8.974988409959916e-05,False
final_input_token_layerwise,undisclosed,k6,last_target_observation,13,100.0,-0.00012323849811135545,False
final_input_token_layerwise,undisclosed,k6,last_target_observation,14,100.0,-0.00015509044940267835,False
final_input_token_layerwise,undisclosed,k6,last_target_observation,15,100.0,-0.0003890282133623413,False
final_input_token_layerwise,undisclosed,k6,last_target_observation,16,100.0,-0.0001752154732040656,False
final_input_token_layerwise,undisclosed,k6,last_target_observation,17,100.0,-0.00023398822608428071,False
final_input_token_layerwise,undisclosed,k6,last_target_observation,18,100.0,-0.00038303693400279504,False
final_input_token_layerwise,undisclosed,k6,last_target_observation,19,100.0,0.00038351146612480846,False
final_input_token_layerwise,undisclosed,k6,last_target_observation,20,100.0,0.0007554643656539073,False
final_input_token_layerwise,undisclosed,k6,last_target_observation,21,100.0,0.001268033792606288,False
final_input_token_layerwise,undisclosed,k6,last_target_observation,22,100.0,0.0010764967412851545,False
final_input_token_layerwise,undisclosed,k6,last_target_observation,23,100.0,0.001110278918223434,False
final_input_token_layerwise,undisclosed,k6,last_target_observation,24,100.0,0.00116248284621695,False
final_input_token_layerwise,undisclosed,k6,last_target_observation,25,100.0,0.001043937986502541,False
final_input_token_layerwise,undisclosed,k6,last_target_observation,26,100.0,0.0007808371783063761,False
final_input_token_layerwise,undisclosed,k6,last_target_observation,27,100.0,0.0006710162413905985,False
final_input_token_layerwise,undisclosed,k6,last_target_observation,28,100.0,0.0003281904049423634,False
final_input_token_layerwise,undisclosed,k6,last_target_observation,29,100.0,0.0003195721270068952,False
final_input_token_layerwise,undisclosed,k6,last_target_observation,30,100.0,0.0003023777515507864,False
final_input_token_layerwise,undisclosed,k6,last_target_observation,31,100.0,0.0005303616309351167,False
final_input_token_layerwise,undisclosed,k6,last_target_observation,32,3.0,0.004124461040494715,False
final_input_token_layerwise,undisclosed,k6,last_target_observation,33,3.0,0.006415056792043544,False
final_input_token_layerwise,undisclosed,k6,last_target_observation,34,3.0,0.006595996477794547,False
final_input_token_layerwise,undisclosed,k6,last_target_observation,35,3.0,0.008692947465701678,False
final_input_token_layerwise,undisclosed,k6,last_target_observation,36,3.0,0.009015963238064861,True
final_input_token_layerwise,undisclosed,k6,target_observation_mean,0,0.0001,2.7755575615628914e-17,False
final_input_token_layerwise,undisclosed,k6,target_observation_mean,1,3.0,0.010286814144762624,False
final_input_token_layerwise,undisclosed,k6,target_observation_mean,2,3.0,0.007494764043302488,False
final_input_token_layerwise,undisclosed,k6,target_observation_mean,3,3.0,0.00468422403226379,False
final_input_token_layerwise,undisclosed,k6,target_observation_mean,4,3.0,0.002701460442350534,False
final_input_token_layerwise,undisclosed,k6,target_observation_mean,5,3.0,0.003953054143671142,False
final_input_token_layerwise,undisclosed,k6,target_observation_mean,6,100.0,0.00031162518595578836,False
final_input_token_layerwise,undisclosed,k6,target_observation_mean,7,3.0,0.0032828742957928536,False
final_input_token_layerwise,undisclosed,k6,target_observation_mean,8,3.0,0.020077795319806246,False
final_input_token_layerwise,undisclosed,k6,target_observation_mean,9,3.0,0.021585061985755882,True
final_input_token_layerwise,undisclosed,k6,target_observation_mean,10,3.0,0.01152128699144131,False
final_input_token_layerwise,undisclosed,k6,target_observation_mean,11,3.0,0.01392326235262284,False
final_input_token_layerwise,undisclosed,k6,target_observation_mean,12,3.0,0.007928534457767367,False
final_input_token_layerwise,undisclosed,k6,target_observation_mean,13,100.0,0.0003990862213702484,False
final_input_token_layerwise,undisclosed,k6,target_observation_mean,14,100.0,-0.00026288419965264653,False
final_input_token_layerwise,undisclosed,k6,target_observation_mean,15,100.0,0.00044158754784601184,False
final_input_token_layerwise,undisclosed,k6,target_observation_mean,16,100.0,0.00021499906981325978,False
final_input_token_layerwise,undisclosed,k6,target_observation_mean,17,3.0,0.006534953448550707,False
final_input_token_layerwise,undisclosed,k6,target_observation_mean,18,100.0,-0.0008547476117359287,False
final_input_token_layerwise,undisclosed,k6,target_observation_mean,19,100.0,-0.0006784278998366311,False
final_input_token_layerwise,undisclosed,k6,target_observation_mean,20,100.0,-0.0007638451857361062,False
final_input_token_layerwise,undisclosed,k6,target_observation_mean,21,100.0,-0.0006662438745033417,False
final_input_token_layerwise,undisclosed,k6,target_observation_mean,22,100.0,-0.0005777391664866516,False
final_input_token_layerwise,undisclosed,k6,target_observation_mean,23,3.0,0.0029754782388093926,False
final_input_token_layerwise,undisclosed,k6,target_observation_mean,24,3.0,0.012146324311517076,False
final_input_token_layerwise,undisclosed,k6,target_observation_mean,25,3.0,0.0033302895888338846,False
final_input_token_layerwise,undisclosed,k6,target_observation_mean,26,100.0,-0.00030543812285172,False
final_input_token_layerwise,undisclosed,k6,target_observation_mean,27,3.0,0.004441270420865728,False
final_input_token_layerwise,undisclosed,k6,target_observation_mean,28,3.0,0.005245743009677228,False
final_input_token_layerwise,undisclosed,k6,target_observation_mean,29,3.0,0.012837902837917886,False
final_input_token_layerwise,undisclosed,k6,target_observation_mean,30,3.0,0.009949997040123365,False
final_input_token_layerwise,undisclosed,k6,target_observation_mean,31,3.0,0.013972227089415645,False
final_input_token_layerwise,undisclosed,k6,target_observation_mean,32,3.0,0.01356217250883171,False
final_input_token_layerwise,undisclosed,k6,target_observation_mean,33,3.0,0.002929374831142889,False
final_input_token_layerwise,undisclosed,k6,target_observation_mean,34,3.0,0.002985818068315327,False
final_input_token_layerwise,undisclosed,k6,target_observation_mean,35,3.0,0.003869988812907371,False
final_input_token_layerwise,undisclosed,k6,target_observation_mean,36,3.0,0.005386758667684732,False
final_input_token_layerwise,undisclosed,k6,target_time_slope,0,0.0001,0.0,False
final_input_token_layerwise,undisclosed,k6,target_time_slope,1,100.0,-0.0012848704497626928,False
final_input_token_layerwise,undisclosed,k6,target_time_slope,2,100.0,-0.002186468361080496,False
final_input_token_layerwise,undisclosed,k6,target_time_slope,3,100.0,-0.0017975365948066924,False
final_input_token_layerwise,undisclosed,k6,target_time_slope,4,100.0,-0.0018617429519206252,False
final_input_token_layerwise,undisclosed,k6,target_time_slope,5,100.0,-0.0012113767382702367,False
final_input_token_layerwise,undisclosed,k6,target_time_slope,6,100.0,-0.0012786668104536325,False
final_input_token_layerwise,undisclosed,k6,target_time_slope,7,100.0,-0.0017131401758437859,False
final_input_token_layerwise,undisclosed,k6,target_time_slope,8,100.0,-0.0015969459653411011,False
final_input_token_layerwise,undisclosed,k6,target_time_slope,9,100.0,-0.0015421415557575202,False
final_input_token_layerwise,undisclosed,k6,target_time_slope,10,100.0,-0.001493985745228965,False
final_input_token_layerwise,undisclosed,k6,target_time_slope,11,100.0,-0.0014727106169239446,False
final_input_token_layerwise,undisclosed,k6,target_time_slope,12,100.0,-0.001740578180722152,False
final_input_token_layerwise,undisclosed,k6,target_time_slope,13,100.0,-0.0014248413524273196,False
final_input_token_layerwise,undisclosed,k6,target_time_slope,14,100.0,-0.001355089551866917,False
final_input_token_layerwise,undisclosed,k6,target_time_slope,15,100.0,-0.0014114325153077867,False
final_input_token_layerwise,undisclosed,k6,target_time_slope,16,100.0,-0.0011927298081543247,False
final_input_token_layerwise,undisclosed,k6,target_time_slope,17,100.0,-0.0013200773078448358,False
final_input_token_layerwise,undisclosed,k6,target_time_slope,18,100.0,-0.0014473562498117931,False
final_input_token_layerwise,undisclosed,k6,target_time_slope,19,100.0,-0.0011381364932783744,False
final_input_token_layerwise,undisclosed,k6,target_time_slope,20,100.0,-0.0003216810695341743,False
final_input_token_layerwise,undisclosed,k6,target_time_slope,21,100.0,1.3283125535806795e-05,False
final_input_token_layerwise,undisclosed,k6,target_time_slope,22,100.0,-0.0002733673857976404,False
final_input_token_layerwise,undisclosed,k6,target_time_slope,23,100.0,-0.000401573896919194,False
final_input_token_layerwise,undisclosed,k6,target_time_slope,24,100.0,-0.00046697390800617966,False
final_input_token_layerwise,undisclosed,k6,target_time_slope,25,100.0,-0.0006406794888067779,False
final_input_token_layerwise,undisclosed,k6,target_time_slope,26,100.0,-0.0005735755736045733,False
final_input_token_layerwise,undisclosed,k6,target_time_slope,27,100.0,-0.00032773888883957936,False
final_input_token_layerwise,undisclosed,k6,target_time_slope,28,100.0,-0.00015844979792289937,False
final_input_token_layerwise,undisclosed,k6,target_time_slope,29,100.0,-6.055414501354717e-06,False
final_input_token_layerwise,undisclosed,k6,target_time_slope,30,100.0,-0.00010960673868246062,False
final_input_token_layerwise,undisclosed,k6,target_time_slope,31,100.0,0.0002613622974214358,False
final_input_token_layerwise,undisclosed,k6,target_time_slope,32,100.0,0.0005507495939562346,False
final_input_token_layerwise,undisclosed,k6,target_time_slope,33,100.0,0.0006521726527540794,True
final_input_token_layerwise,undisclosed,k6,target_time_slope,34,100.0,0.0005984937432662318,False
final_input_token_layerwise,undisclosed,k6,target_time_slope,35,100.0,0.00041446510120912716,False
final_input_token_layerwise,undisclosed,k6,target_time_slope,36,100.0,0.0004597820548034315,False
final_input_token_layerwise,undisclosed,k6,displayed_driver_outcome_slope,0,0.0001,-5.551115123125783e-17,False
final_input_token_layerwise,undisclosed,k6,displayed_driver_outcome_slope,1,100.0,-0.0013746512900379426,False
final_input_token_layerwise,undisclosed,k6,displayed_driver_outcome_slope,2,100.0,-0.0004620257773704506,False
final_input_token_layerwise,undisclosed,k6,displayed_driver_outcome_slope,3,100.0,-0.00029657976551575316,False
final_input_token_layerwise,undisclosed,k6,displayed_driver_outcome_slope,4,100.0,-0.0003562686797648207,False
final_input_token_layerwise,undisclosed,k6,displayed_driver_outcome_slope,5,3.0,0.013820692193693529,True
final_input_token_layerwise,undisclosed,k6,displayed_driver_outcome_slope,6,3.0,0.008117538957405718,False
final_input_token_layerwise,undisclosed,k6,displayed_driver_outcome_slope,7,3.0,0.0028949754787143678,False
final_input_token_layerwise,undisclosed,k6,displayed_driver_outcome_slope,8,3.0,0.002215684841429477,False
final_input_token_layerwise,undisclosed,k6,displayed_driver_outcome_slope,9,100.0,0.0003691271246304695,False
final_input_token_layerwise,undisclosed,k6,displayed_driver_outcome_slope,10,3.0,0.004466562504633176,False
final_input_token_layerwise,undisclosed,k6,displayed_driver_outcome_slope,11,3.0,0.006854066871741699,False
final_input_token_layerwise,undisclosed,k6,displayed_driver_outcome_slope,12,3.0,0.0036570243511926115,False
final_input_token_layerwise,undisclosed,k6,displayed_driver_outcome_slope,13,3.0,0.008471681239524742,False
final_input_token_layerwise,undisclosed,k6,displayed_driver_outcome_slope,14,3.0,0.0043243293542331585,False
final_input_token_layerwise,undisclosed,k6,displayed_driver_outcome_slope,15,3.0,0.00978183468193991,False
final_input_token_layerwise,undisclosed,k6,displayed_driver_outcome_slope,16,3.0,0.006028682664790008,False
final_input_token_layerwise,undisclosed,k6,displayed_driver_outcome_slope,17,3.0,0.001448081264329798,False
final_input_token_layerwise,undisclosed,k6,displayed_driver_outcome_slope,18,100.0,0.000910205669519798,False
final_input_token_layerwise,undisclosed,k6,displayed_driver_outcome_slope,19,100.0,0.0008623237599270639,False
final_input_token_layerwise,undisclosed,k6,displayed_driver_outcome_slope,20,100.0,0.0007310738027223318,False
final_input_token_layerwise,undisclosed,k6,displayed_driver_outcome_slope,21,100.0,0.00040277525923357316,False
final_input_token_layerwise,undisclosed,k6,displayed_driver_outcome_slope,22,100.0,0.0004713954449734603,False
final_input_token_layerwise,undisclosed,k6,displayed_driver_outcome_slope,23,100.0,0.00042952502419557614,False
final_input_token_layerwise,undisclosed,k6,displayed_driver_outcome_slope,24,100.0,7.881120657107776e-05,False
final_input_token_layerwise,undisclosed,k6,displayed_driver_outcome_slope,25,100.0,-6.408921093317699e-05,False
final_input_token_layerwise,undisclosed,k6,displayed_driver_outcome_slope,26,100.0,4.401968475575835e-05,False
final_input_token_layerwise,undisclosed,k6,displayed_driver_outcome_slope,27,100.0,0.0001783412286097963,False
final_input_token_layerwise,undisclosed,k6,displayed_driver_outcome_slope,28,100.0,0.00023189215177926714,False
final_input_token_layerwise,undisclosed,k6,displayed_driver_outcome_slope,29,100.0,1.4370308733718806e-05,False
final_input_token_layerwise,undisclosed,k6,displayed_driver_outcome_slope,30,100.0,0.0003132033062558104,False
final_input_token_layerwise,undisclosed,k6,displayed_driver_outcome_slope,31,100.0,0.00022862635262066444,False
final_input_token_layerwise,undisclosed,k6,displayed_driver_outcome_slope,32,100.0,4.961485379897934e-05,False
final_input_token_layerwise,undisclosed,k6,displayed_driver_outcome_slope,33,100.0,-0.00039379210180090496,False
final_input_token_layerwise,undisclosed,k6,displayed_driver_outcome_slope,34,100.0,-0.00031340510908256514,False
final_input_token_layerwise,undisclosed,k6,displayed_driver_outcome_slope,35,100.0,0.00021341987044759536,False
final_input_token_layerwise,undisclosed,k6,displayed_driver_outcome_slope,36,100.0,2.6939908224637987e-05,False
final_input_token_layerwise,undisclosed,k6,oracle_posterior_gain,0,0.0001,-5.551115123125783e-17,False
final_input_token_layerwise,undisclosed,k6,oracle_posterior_gain,1,100.0,-0.0006910341706990453,False
final_input_token_layerwise,undisclosed,k6,oracle_posterior_gain,2,100.0,-0.0005770596918323045,False
final_input_token_layerwise,undisclosed,k6,oracle_posterior_gain,3,100.0,-0.0006449909427005684,False
final_input_token_layerwise,undisclosed,k6,oracle_posterior_gain,4,100.0,0.00018574314559888228,False
final_input_token_layerwise,undisclosed,k6,oracle_posterior_gain,5,100.0,-0.00013239450972471478,False
final_input_token_layerwise,undisclosed,k6,oracle_posterior_gain,6,100.0,-0.00036521955736279477,False
final_input_token_layerwise,undisclosed,k6,oracle_posterior_gain,7,100.0,-0.00034301198770372854,False
final_input_token_layerwise,undisclosed,k6,oracle_posterior_gain,8,100.0,-6.505946595564138e-05,False
final_input_token_layerwise,undisclosed,k6,oracle_posterior_gain,9,3.0,0.0035303079139112348,False
final_input_token_layerwise,undisclosed,k6,oracle_posterior_gain,10,3.0,0.005877203517232921,False
final_input_token_layerwise,undisclosed,k6,oracle_posterior_gain,11,3.0,0.009731232643893306,False
final_input_token_layerwise,undisclosed,k6,oracle_posterior_gain,12,3.0,0.01006604063423544,False
final_input_token_layerwise,undisclosed,k6,oracle_posterior_gain,13,3.0,0.005892977006841882,False
final_input_token_layerwise,undisclosed,k6,oracle_posterior_gain,14,3.0,0.0032235573831490283,False
final_input_token_layerwise,undisclosed,k6,oracle_posterior_gain,15,3.0,0.008833788660713354,False
final_input_token_layerwise,undisclosed,k6,oracle_posterior_gain,16,3.0,0.01345566513407298,False
final_input_token_layerwise,undisclosed,k6,oracle_posterior_gain,17,3.0,0.017371759607687054,True
final_input_token_layerwise,undisclosed,k6,oracle_posterior_gain,18,3.0,0.015093245557120688,False
final_input_token_layerwise,undisclosed,k6,oracle_posterior_gain,19,3.0,0.004684325712203757,False
final_input_token_layerwise,undisclosed,k6,oracle_posterior_gain,20,3.0,0.005773711691046651,False
final_input_token_layerwise,undisclosed,k6,oracle_posterior_gain,21,3.0,0.006653258017777441,False
final_input_token_layerwise,undisclosed,k6,oracle_posterior_gain,22,3.0,0.002935978985466131,False
final_input_token_layerwise,undisclosed,k6,oracle_posterior_gain,23,3.0,0.0074174515618271875,False
final_input_token_layerwise,undisclosed,k6,oracle_posterior_gain,24,3.0,0.00909892833709966,False
final_input_token_layerwise,undisclosed,k6,oracle_posterior_gain,25,3.0,0.005858913475831673,False
final_input_token_layerwise,undisclosed,k6,oracle_posterior_gain,26,3.0,0.012338250651544258,False
final_input_token_layerwise,undisclosed,k6,oracle_posterior_gain,27,3.0,0.008723471858002568,False
final_input_token_layerwise,undisclosed,k6,oracle_posterior_gain,28,3.0,0.009253987725241497,False
final_input_token_layerwise,undisclosed,k6,oracle_posterior_gain,29,3.0,0.009062256836412957,False
final_input_token_layerwise,undisclosed,k6,oracle_posterior_gain,30,3.0,0.00757490097426991,False
final_input_token_layerwise,undisclosed,k6,oracle_posterior_gain,31,3.0,0.007207475482400388,False
final_input_token_layerwise,undisclosed,k6,oracle_posterior_gain,32,3.0,0.007864131685789116,False
final_input_token_layerwise,undisclosed,k6,oracle_posterior_gain,33,3.0,0.011395334479077313,False
final_input_token_layerwise,undisclosed,k6,oracle_posterior_gain,34,3.0,0.008223271191017095,False
final_input_token_layerwise,undisclosed,k6,oracle_posterior_gain,35,3.0,0.003581892584039098,False
final_input_token_layerwise,undisclosed,k6,oracle_posterior_gain,36,3.0,0.01051626553967977,False
final_input_token_layerwise,undisclosed,k9,gain,0,0.0001,0.0,False
final_input_token_layerwise,undisclosed,k9,gain,1,100.0,-0.0001314360303139861,False
final_input_token_layerwise,undisclosed,k9,gain,2,3.0,0.009238575971044244,False
final_input_token_layerwise,undisclosed,k9,gain,3,3.0,0.004187962906350734,False
final_input_token_layerwise,undisclosed,k9,gain,4,3.0,0.012024935470528186,False
final_input_token_layerwise,undisclosed,k9,gain,5,3.0,0.018451204282644434,True
final_input_token_layerwise,undisclosed,k9,gain,6,3.0,0.014783051890040172,False
final_input_token_layerwise,undisclosed,k9,gain,7,3.0,0.013405039433841581,False
final_input_token_layerwise,undisclosed,k9,gain,8,3.0,0.0016900028838032488,False
final_input_token_layerwise,undisclosed,k9,gain,9,100.0,0.0003747475393630906,False
final_input_token_layerwise,undisclosed,k9,gain,10,100.0,3.73244002679074e-05,False
final_input_token_layerwise,undisclosed,k9,gain,11,3.0,0.00038716846308403663,False
final_input_token_layerwise,undisclosed,k9,gain,12,100.0,6.719313994907328e-05,False
final_input_token_layerwise,undisclosed,k9,gain,13,3.0,0.0013457650158827106,False
final_input_token_layerwise,undisclosed,k9,gain,14,100.0,0.00021994903746777594,False
final_input_token_layerwise,undisclosed,k9,gain,15,100.0,6.291524029078399e-05,False
final_input_token_layerwise,undisclosed,k9,gain,16,100.0,7.948830944082275e-05,False
final_input_token_layerwise,undisclosed,k9,gain,17,100.0,0.0001221109351454419,False
final_input_token_layerwise,undisclosed,k9,gain,18,100.0,-0.0001373998761278472,False
final_input_token_layerwise,undisclosed,k9,gain,19,100.0,4.615349846262551e-05,False
final_input_token_layerwise,undisclosed,k9,gain,20,100.0,0.00020304557836575698,False
final_input_token_layerwise,undisclosed,k9,gain,21,100.0,0.0003755345933647569,False
final_input_token_layerwise,undisclosed,k9,gain,22,3.0,0.008459448836889705,False
final_input_token_layerwise,undisclosed,k9,gain,23,3.0,0.01180648460700856,False
final_input_token_layerwise,undisclosed,k9,gain,24,3.0,0.00982525841913981,False
final_input_token_layerwise,undisclosed,k9,gain,25,3.0,0.0102784039339828,False
final_input_token_layerwise,undisclosed,k9,gain,26,3.0,0.01618544494702409,False
final_input_token_layerwise,undisclosed,k9,gain,27,3.0,0.012784139651226017,False
final_input_token_layerwise,undisclosed,k9,gain,28,3.0,0.010654143148755651,False
final_input_token_layerwise,undisclosed,k9,gain,29,3.0,0.009438374552991458,False
final_input_token_layerwise,undisclosed,k9,gain,30,3.0,0.012479335536497632,False
final_input_token_layerwise,undisclosed,k9,gain,31,3.0,0.007243968764296449,False
final_input_token_layerwise,undisclosed,k9,gain,32,3.0,0.010232282037484719,False
final_input_token_layerwise,undisclosed,k9,gain,33,3.0,0.00993543226730298,False
final_input_token_layerwise,undisclosed,k9,gain,34,3.0,0.009784085650569346,False
final_input_token_layerwise,undisclosed,k9,gain,35,3.0,0.0026497005646601846,False
final_input_token_layerwise,undisclosed,k9,gain,36,3.0,0.0032786124829944086,False
final_input_token_layerwise,undisclosed,k9,response_residual,0,0.0001,-2.7755575615628914e-17,False
final_input_token_layerwise,undisclosed,k9,response_residual,1,100.0,7.760427985478713e-05,False
final_input_token_layerwise,undisclosed,k9,response_residual,2,3.0,0.0036673538224472613,False
final_input_token_layerwise,undisclosed,k9,response_residual,3,100.0,0.00012530270651595066,False
final_input_token_layerwise,undisclosed,k9,response_residual,4,3.0,0.007089872779126483,False
final_input_token_layerwise,undisclosed,k9,response_residual,5,3.0,0.008301202249632461,True
final_input_token_layerwise,undisclosed,k9,response_residual,6,3.0,0.0061970124867364584,False
final_input_token_layerwise,undisclosed,k9,response_residual,7,3.0,0.003057945547869978,False
final_input_token_layerwise,undisclosed,k9,response_residual,8,100.0,-1.3540537410927644e-05,False
final_input_token_layerwise,undisclosed,k9,response_residual,9,100.0,6.715736323761878e-05,False
final_input_token_layerwise,undisclosed,k9,response_residual,10,100.0,-0.00024748289181805716,False
final_input_token_layerwise,undisclosed,k9,response_residual,11,100.0,-0.00015621099750628975,False
final_input_token_layerwise,undisclosed,k9,response_residual,12,100.0,-0.00014824590847131724,False
final_input_token_layerwise,undisclosed,k9,response_residual,13,100.0,-0.00015179725286307288,False
final_input_token_layerwise,undisclosed,k9,response_residual,14,100.0,-0.00020601981198323238,False
final_input_token_layerwise,undisclosed,k9,response_residual,15,100.0,-0.00032519787981347137,False
final_input_token_layerwise,undisclosed,k9,response_residual,16,100.0,-0.00029973730833865453,False
final_input_token_layerwise,undisclosed,k9,response_residual,17,100.0,-0.00020774665035830364,False
final_input_token_layerwise,undisclosed,k9,response_residual,18,100.0,-0.00040139783281328834,False
final_input_token_layerwise,undisclosed,k9,response_residual,19,100.0,-0.0002782504001880848,False
final_input_token_layerwise,undisclosed,k9,response_residual,20,100.0,-0.00020825962963597067,False
final_input_token_layerwise,undisclosed,k9,response_residual,21,100.0,-1.1325301222303574e-05,False
final_input_token_layerwise,undisclosed,k9,response_residual,22,100.0,0.00028555433774063443,False
final_input_token_layerwise,undisclosed,k9,response_residual,23,100.0,0.0006309280994914734,False
final_input_token_layerwise,undisclosed,k9,response_residual,24,100.0,0.0005576812895835837,False
final_input_token_layerwise,undisclosed,k9,response_residual,25,100.0,0.0006185070960543493,False
final_input_token_layerwise,undisclosed,k9,response_residual,26,100.0,0.0006567262791780104,False
final_input_token_layerwise,undisclosed,k9,response_residual,27,100.0,0.0006542594551162961,False
final_input_token_layerwise,undisclosed,k9,response_residual,28,100.0,0.0004451452941976741,False
final_input_token_layerwise,undisclosed,k9,response_residual,29,100.0,0.0004679785708648354,False
final_input_token_layerwise,undisclosed,k9,response_residual,30,100.0,0.0007769536796713161,False
final_input_token_layerwise,undisclosed,k9,response_residual,31,100.0,0.000709828990921979,False
final_input_token_layerwise,undisclosed,k9,response_residual,32,100.0,0.0007883456627752194,False
final_input_token_layerwise,undisclosed,k9,response_residual,33,100.0,0.0007104140554645977,False
final_input_token_layerwise,undisclosed,k9,response_residual,34,100.0,0.0008699850763594918,False
final_input_token_layerwise,undisclosed,k9,response_residual,35,100.0,0.0005823823941060735,False
final_input_token_layerwise,undisclosed,k9,response_residual,36,100.0,0.0006019677055574546,False
final_input_token_layerwise,undisclosed,k9,last_target_observation,0,0.0001,1.3877787807814457e-16,False
final_input_token_layerwise,undisclosed,k9,last_target_observation,1,3.0,0.0012214095814858938,False
final_input_token_layerwise,undisclosed,k9,last_target_observation,2,100.0,4.781623956706671e-05,False
final_input_token_layerwise,undisclosed,k9,last_target_observation,3,0.1,0.014678245664248107,False
final_input_token_layerwise,undisclosed,k9,last_target_observation,4,3.0,0.00036153463265911623,False
final_input_token_layerwise,undisclosed,k9,last_target_observation,5,3.0,0.008184462547922794,False
final_input_token_layerwise,undisclosed,k9,last_target_observation,6,3.0,0.012119038164533552,False
final_input_token_layerwise,undisclosed,k9,last_target_observation,7,3.0,0.009915823802657014,False
final_input_token_layerwise,undisclosed,k9,last_target_observation,8,3.0,0.00582114644391285,False
final_input_token_layerwise,undisclosed,k9,last_target_observation,9,100.0,-0.0002034428050071424,False
final_input_token_layerwise,undisclosed,k9,last_target_observation,10,100.0,-0.00028944720149626235,False
final_input_token_layerwise,undisclosed,k9,last_target_observation,11,3.0,0.0012834721383040426,False
final_input_token_layerwise,undisclosed,k9,last_target_observation,12,3.0,0.0008307344121061544,False
final_input_token_layerwise,undisclosed,k9,last_target_observation,13,3.0,0.001872754771239049,False
final_input_token_layerwise,undisclosed,k9,last_target_observation,14,3.0,0.005176535857836229,False
final_input_token_layerwise,undisclosed,k9,last_target_observation,15,3.0,0.006242279594252359,False
final_input_token_layerwise,undisclosed,k9,last_target_observation,16,3.0,0.007002005517476068,False
final_input_token_layerwise,undisclosed,k9,last_target_observation,17,3.0,0.012249203173896106,False
final_input_token_layerwise,undisclosed,k9,last_target_observation,18,3.0,0.018462370157242725,False
final_input_token_layerwise,undisclosed,k9,last_target_observation,19,3.0,0.018048337778983153,False
final_input_token_layerwise,undisclosed,k9,last_target_observation,20,3.0,0.02046455050043483,False
final_input_token_layerwise,undisclosed,k9,last_target_observation,21,3.0,0.011502797883887944,False
final_input_token_layerwise,undisclosed,k9,last_target_observation,22,3.0,0.0061283302568030384,False
final_input_token_layerwise,undisclosed,k9,last_target_observation,23,3.0,0.008317340196653783,False
final_input_token_layerwise,undisclosed,k9,last_target_observation,24,3.0,0.01657922504533299,False
final_input_token_layerwise,undisclosed,k9,last_target_observation,25,3.0,0.023325386560911737,False
final_input_token_layerwise,undisclosed,k9,last_target_observation,26,3.0,0.028926246969961655,False
final_input_token_layerwise,undisclosed,k9,last_target_observation,27,3.0,0.032628386699231016,True
final_input_token_layerwise,undisclosed,k9,last_target_observation,28,3.0,0.02556344129165139,False
final_input_token_layerwise,undisclosed,k9,last_target_observation,29,3.0,0.026800074031194887,False
final_input_token_layerwise,undisclosed,k9,last_target_observation,30,3.0,0.02861188731566594,False
final_input_token_layerwise,undisclosed,k9,last_target_observation,31,3.0,0.02107108049917933,False
final_input_token_layerwise,undisclosed,k9,last_target_observation,32,3.0,0.017153448641607366,False
final_input_token_layerwise,undisclosed,k9,last_target_observation,33,3.0,0.012582817653145839,False
final_input_token_layerwise,undisclosed,k9,last_target_observation,34,3.0,0.003309109179034986,False
final_input_token_layerwise,undisclosed,k9,last_target_observation,35,3.0,0.003095196621563351,False
final_input_token_layerwise,undisclosed,k9,last_target_observation,36,3.0,0.002735758534421706,False
final_input_token_layerwise,undisclosed,k9,target_observation_mean,0,0.0001,3.885780586188048e-16,False
final_input_token_layerwise,undisclosed,k9,target_observation_mean,1,100.0,-6.030660358702367e-06,False
final_input_token_layerwise,undisclosed,k9,target_observation_mean,2,3.0,0.01550331430907581,False
final_input_token_layerwise,undisclosed,k9,target_observation_mean,3,3.0,0.008218388151780082,False
final_input_token_layerwise,undisclosed,k9,target_observation_mean,4,3.0,0.011009594019368851,False
final_input_token_layerwise,undisclosed,k9,target_observation_mean,5,0.1,0.032386267537463265,True
final_input_token_layerwise,undisclosed,k9,target_observation_mean,6,3.0,0.011295083900463881,False
final_input_token_layerwise,undisclosed,k9,target_observation_mean,7,3.0,0.00460355805401888,False
final_input_token_layerwise,undisclosed,k9,target_observation_mean,8,100.0,-0.00044873818100879537,False
final_input_token_layerwise,undisclosed,k9,target_observation_mean,9,3.0,0.0027088719938174466,False
final_input_token_layerwise,undisclosed,k9,target_observation_mean,10,100.0,-0.0005655547106768744,False
final_input_token_layerwise,undisclosed,k9,target_observation_mean,11,3.0,0.003303858003283422,False
final_input_token_layerwise,undisclosed,k9,target_observation_mean,12,3.0,0.00020542762383277124,False
final_input_token_layerwise,undisclosed,k9,target_observation_mean,13,3.0,0.001546031554553129,False
final_input_token_layerwise,undisclosed,k9,target_observation_mean,14,100.0,-8.455258552927947e-05,False
final_input_token_layerwise,undisclosed,k9,target_observation_mean,15,100.0,-0.0002230041001314298,False
final_input_token_layerwise,undisclosed,k9,target_observation_mean,16,100.0,-0.0001285691408396128,False
final_input_token_layerwise,undisclosed,k9,target_observation_mean,17,100.0,-0.00010082904945588056,False
final_input_token_layerwise,undisclosed,k9,target_observation_mean,18,100.0,-7.397632665828713e-05,False
final_input_token_layerwise,undisclosed,k9,target_observation_mean,19,3.0,0.006497856007297909,False
final_input_token_layerwise,undisclosed,k9,target_observation_mean,20,3.0,0.007421431288848035,False
final_input_token_layerwise,undisclosed,k9,target_observation_mean,21,3.0,0.010101318728474251,False
final_input_token_layerwise,undisclosed,k9,target_observation_mean,22,3.0,0.010094972433165761,False
final_input_token_layerwise,undisclosed,k9,target_observation_mean,23,3.0,0.022104406645460734,False
final_input_token_layerwise,undisclosed,k9,target_observation_mean,24,3.0,0.026662061798397835,False
final_input_token_layerwise,undisclosed,k9,target_observation_mean,25,3.0,0.024805948011343282,False
final_input_token_layerwise,undisclosed,k9,target_observation_mean,26,3.0,0.021500447538000178,False
final_input_token_layerwise,undisclosed,k9,target_observation_mean,27,3.0,0.02489392258153983,False
final_input_token_layerwise,undisclosed,k9,target_observation_mean,28,3.0,0.03016304255818958,False
final_input_token_layerwise,undisclosed,k9,target_observation_mean,29,3.0,0.02705792864430631,False
final_input_token_layerwise,undisclosed,k9,target_observation_mean,30,3.0,0.021564577689904246,False
final_input_token_layerwise,undisclosed,k9,target_observation_mean,31,3.0,0.017518207915230177,False
final_input_token_layerwise,undisclosed,k9,target_observation_mean,32,3.0,0.020989628743595834,False
final_input_token_layerwise,undisclosed,k9,target_observation_mean,33,3.0,0.013131915999949895,False
final_input_token_layerwise,undisclosed,k9,target_observation_mean,34,3.0,0.013206003952535544,False
final_input_token_layerwise,undisclosed,k9,target_observation_mean,35,3.0,0.018097227884497635,False
final_input_token_layerwise,undisclosed,k9,target_observation_mean,36,3.0,0.017384260006848257,False
final_input_token_layerwise,undisclosed,k9,target_time_slope,0,0.0001,0.0,False
final_input_token_layerwise,undisclosed,k9,target_time_slope,1,3.0,0.010573469409888958,False
final_input_token_layerwise,undisclosed,k9,target_time_slope,2,100.0,-0.000354198624959029,False
final_input_token_layerwise,undisclosed,k9,target_time_slope,3,100.0,-0.00021840699401748376,False
final_input_token_layerwise,undisclosed,k9,target_time_slope,4,100.0,-0.00046729396486663854,False
final_input_token_layerwise,undisclosed,k9,target_time_slope,5,100.0,-3.063161947217119e-05,False
final_input_token_layerwise,undisclosed,k9,target_time_slope,6,100.0,2.4355579995138932e-05,False
final_input_token_layerwise,undisclosed,k9,target_time_slope,7,3.0,0.0013548104053737742,False
final_input_token_layerwise,undisclosed,k9,target_time_slope,8,100.0,0.0007588120377607921,False
final_input_token_layerwise,undisclosed,k9,target_time_slope,9,3.0,0.005256451267785872,False
final_input_token_layerwise,undisclosed,k9,target_time_slope,10,3.0,0.009308022489289608,False
final_input_token_layerwise,undisclosed,k9,target_time_slope,11,100.0,0.0006481401987340485,False
final_input_token_layerwise,undisclosed,k9,target_time_slope,12,100.0,0.0004552916036485444,False
final_input_token_layerwise,undisclosed,k9,target_time_slope,13,3.0,0.0011395578247246907,False
final_input_token_layerwise,undisclosed,k9,target_time_slope,14,3.0,0.0007451499082702095,False
final_input_token_layerwise,undisclosed,k9,target_time_slope,15,3.0,0.0032974392536619657,False
final_input_token_layerwise,undisclosed,k9,target_time_slope,16,100.0,0.00068577220225291,False
final_input_token_layerwise,undisclosed,k9,target_time_slope,17,3.0,0.014629910109445476,False
final_input_token_layerwise,undisclosed,k9,target_time_slope,18,3.0,0.006025174194567912,False
final_input_token_layerwise,undisclosed,k9,target_time_slope,19,3.0,0.011022904271330652,False
final_input_token_layerwise,undisclosed,k9,target_time_slope,20,3.0,0.018390004986447384,False
final_input_token_layerwise,undisclosed,k9,target_time_slope,21,3.0,0.019998003354193966,False
final_input_token_layerwise,undisclosed,k9,target_time_slope,22,3.0,0.009186719909684449,False
final_input_token_layerwise,undisclosed,k9,target_time_slope,23,3.0,0.011613915214511772,False
final_input_token_layerwise,undisclosed,k9,target_time_slope,24,3.0,0.026384719407662516,False
final_input_token_layerwise,undisclosed,k9,target_time_slope,25,3.0,0.05057843753517069,False
final_input_token_layerwise,undisclosed,k9,target_time_slope,26,3.0,0.054890361067952004,False
final_input_token_layerwise,undisclosed,k9,target_time_slope,27,3.0,0.047964088721382525,False
final_input_token_layerwise,undisclosed,k9,target_time_slope,28,3.0,0.04702101266504971,False
final_input_token_layerwise,undisclosed,k9,target_time_slope,29,3.0,0.05209661915069683,False
final_input_token_layerwise,undisclosed,k9,target_time_slope,30,3.0,0.05941557518451679,False
final_input_token_layerwise,undisclosed,k9,target_time_slope,31,3.0,0.054847284876329366,False
final_input_token_layerwise,undisclosed,k9,target_time_slope,32,3.0,0.06336728792538002,True
final_input_token_layerwise,undisclosed,k9,target_time_slope,33,3.0,0.061031449920483316,False
final_input_token_layerwise,undisclosed,k9,target_time_slope,34,3.0,0.0474639691567158,False
final_input_token_layerwise,undisclosed,k9,target_time_slope,35,3.0,0.05230570079110641,False
final_input_token_layerwise,undisclosed,k9,target_time_slope,36,3.0,0.04889891818895284,False
final_input_token_layerwise,undisclosed,k9,displayed_driver_outcome_slope,0,0.0001,-1.1102230246251565e-16,False
final_input_token_layerwise,undisclosed,k9,displayed_driver_outcome_slope,1,100.0,-0.0003395808978831072,False
final_input_token_layerwise,undisclosed,k9,displayed_driver_outcome_slope,2,3.0,0.00024786088076761414,False
final_input_token_layerwise,undisclosed,k9,displayed_driver_outcome_slope,3,3.0,0.0023646478653527037,False
final_input_token_layerwise,undisclosed,k9,displayed_driver_outcome_slope,4,3.0,0.00666957189436293,True
final_input_token_layerwise,undisclosed,k9,displayed_driver_outcome_slope,5,100.0,-0.0002833877620226355,False
final_input_token_layerwise,undisclosed,k9,displayed_driver_outcome_slope,6,100.0,-0.0004781990230550426,False
final_input_token_layerwise,undisclosed,k9,displayed_driver_outcome_slope,7,100.0,-0.0007353334326841154,False
final_input_token_layerwise,undisclosed,k9,displayed_driver_outcome_slope,8,100.0,-0.0008650807977025887,False
final_input_token_layerwise,undisclosed,k9,displayed_driver_outcome_slope,9,100.0,-0.0006447830199957372,False
final_input_token_layerwise,undisclosed,k9,displayed_driver_outcome_slope,10,100.0,-0.0005476772480309533,False
final_input_token_layerwise,undisclosed,k9,displayed_driver_outcome_slope,11,100.0,-0.0006794745596418184,False
final_input_token_layerwise,undisclosed,k9,displayed_driver_outcome_slope,12,100.0,-0.0006293135492431434,False
final_input_token_layerwise,undisclosed,k9,displayed_driver_outcome_slope,13,100.0,-0.0007260778226352294,False
final_input_token_layerwise,undisclosed,k9,displayed_driver_outcome_slope,14,100.0,-0.0007572759592777145,False
final_input_token_layerwise,undisclosed,k9,displayed_driver_outcome_slope,15,100.0,-0.0009271037199216625,False
final_input_token_layerwise,undisclosed,k9,displayed_driver_outcome_slope,16,100.0,-0.0007275955444628612,False
final_input_token_layerwise,undisclosed,k9,displayed_driver_outcome_slope,17,100.0,-0.0008999439476504723,False
final_input_token_layerwise,undisclosed,k9,displayed_driver_outcome_slope,18,100.0,-0.0009029695034037943,False
final_input_token_layerwise,undisclosed,k9,displayed_driver_outcome_slope,19,100.0,-0.0009328739269514885,False
final_input_token_layerwise,undisclosed,k9,displayed_driver_outcome_slope,20,100.0,-0.0012131194787520783,False
final_input_token_layerwise,undisclosed,k9,displayed_driver_outcome_slope,21,100.0,-0.0011166623448036206,False
final_input_token_layerwise,undisclosed,k9,displayed_driver_outcome_slope,22,100.0,-0.0013275567325010673,False
final_input_token_layerwise,undisclosed,k9,displayed_driver_outcome_slope,23,100.0,-0.0014028153541002508,False
final_input_token_layerwise,undisclosed,k9,displayed_driver_outcome_slope,24,100.0,-0.0018903916044771818,False
final_input_token_layerwise,undisclosed,k9,displayed_driver_outcome_slope,25,100.0,-0.001870473736165168,False
final_input_token_layerwise,undisclosed,k9,displayed_driver_outcome_slope,26,100.0,-0.0017240470275088904,False
final_input_token_layerwise,undisclosed,k9,displayed_driver_outcome_slope,27,100.0,-0.001742707659252496,False
final_input_token_layerwise,undisclosed,k9,displayed_driver_outcome_slope,28,100.0,-0.001929370366077765,False
final_input_token_layerwise,undisclosed,k9,displayed_driver_outcome_slope,29,100.0,-0.002209564445104617,False
final_input_token_layerwise,undisclosed,k9,displayed_driver_outcome_slope,30,100.0,-0.002372768862408725,False
final_input_token_layerwise,undisclosed,k9,displayed_driver_outcome_slope,31,100.0,-0.0029033241143693878,False
final_input_token_layerwise,undisclosed,k9,displayed_driver_outcome_slope,32,100.0,-0.0029539483584323234,False
final_input_token_layerwise,undisclosed,k9,displayed_driver_outcome_slope,33,100.0,-0.0030864405693800667,False
final_input_token_layerwise,undisclosed,k9,displayed_driver_outcome_slope,34,100.0,-0.0032236300695928644,False
final_input_token_layerwise,undisclosed,k9,displayed_driver_outcome_slope,35,100.0,-0.0030642208127544257,False
final_input_token_layerwise,undisclosed,k9,displayed_driver_outcome_slope,36,100.0,-0.002636886161241414,False
final_input_token_layerwise,undisclosed,k9,oracle_posterior_gain,0,0.0001,0.0,False
final_input_token_layerwise,undisclosed,k9,oracle_posterior_gain,1,100.0,-0.0001372919492182434,False
final_input_token_layerwise,undisclosed,k9,oracle_posterior_gain,2,3.0,0.0013572494469595853,False
final_input_token_layerwise,undisclosed,k9,oracle_posterior_gain,3,100.0,-0.00015585863581266124,False
final_input_token_layerwise,undisclosed,k9,oracle_posterior_gain,4,3.0,0.009759636566689461,False
final_input_token_layerwise,undisclosed,k9,oracle_posterior_gain,5,0.1,0.0503345906261404,True
final_input_token_layerwise,undisclosed,k9,oracle_posterior_gain,6,3.0,0.014995337707962436,False
final_input_token_layerwise,undisclosed,k9,oracle_posterior_gain,7,3.0,0.007758398477992506,False
final_input_token_layerwise,undisclosed,k9,oracle_posterior_gain,8,3.0,0.00035571560396194246,False
final_input_token_layerwise,undisclosed,k9,oracle_posterior_gain,9,100.0,-0.0005229752696469248,False
final_input_token_layerwise,undisclosed,k9,oracle_posterior_gain,10,100.0,-0.0005701384084836891,False
final_input_token_layerwise,undisclosed,k9,oracle_posterior_gain,11,100.0,-0.00022469199807248486,False
final_input_token_layerwise,undisclosed,k9,oracle_posterior_gain,12,100.0,-0.000533231557918179,False
final_input_token_layerwise,undisclosed,k9,oracle_posterior_gain,13,100.0,-0.0006435847513940884,False
final_input_token_layerwise,undisclosed,k9,oracle_posterior_gain,14,100.0,-0.0006479675953038333,False
final_input_token_layerwise,undisclosed,k9,oracle_posterior_gain,15,100.0,-0.00011730681316157732,False
final_input_token_layerwise,undisclosed,k9,oracle_posterior_gain,16,100.0,-2.9352389151082736e-05,False
final_input_token_layerwise,undisclosed,k9,oracle_posterior_gain,17,100.0,-0.00024970888360334453,False
final_input_token_layerwise,undisclosed,k9,oracle_posterior_gain,18,100.0,-0.00042645922460315955,False
final_input_token_layerwise,undisclosed,k9,oracle_posterior_gain,19,3.0,0.009471028362612488,False
final_input_token_layerwise,undisclosed,k9,oracle_posterior_gain,20,3.0,0.008708104435019293,False
final_input_token_layerwise,undisclosed,k9,oracle_posterior_gain,21,3.0,0.01401629831322565,False
final_input_token_layerwise,undisclosed,k9,oracle_posterior_gain,22,3.0,0.013330555304399028,False
final_input_token_layerwise,undisclosed,k9,oracle_posterior_gain,23,3.0,0.017875986798755544,False
final_input_token_layerwise,undisclosed,k9,oracle_posterior_gain,24,3.0,0.014676768572368493,False
final_input_token_layerwise,undisclosed,k9,oracle_posterior_gain,25,3.0,0.011406278324320479,False
final_input_token_layerwise,undisclosed,k9,oracle_posterior_gain,26,3.0,0.011418060399128876,False
final_input_token_layerwise,undisclosed,k9,oracle_posterior_gain,27,3.0,0.009210197298342299,False
final_input_token_layerwise,undisclosed,k9,oracle_posterior_gain,28,3.0,0.009862924560454095,False
final_input_token_layerwise,undisclosed,k9,oracle_posterior_gain,29,3.0,0.009073502121727028,False
final_input_token_layerwise,undisclosed,k9,oracle_posterior_gain,30,3.0,0.010359960886704711,False
final_input_token_layerwise,undisclosed,k9,oracle_posterior_gain,31,3.0,0.006389390761808861,False
final_input_token_layerwise,undisclosed,k9,oracle_posterior_gain,32,3.0,0.010670719508039217,False
final_input_token_layerwise,undisclosed,k9,oracle_posterior_gain,33,3.0,0.01097142910771351,False
final_input_token_layerwise,undisclosed,k9,oracle_posterior_gain,34,3.0,0.011091743885993793,False
final_input_token_layerwise,undisclosed,k9,oracle_posterior_gain,35,3.0,0.011260537956973099,False
final_input_token_layerwise,undisclosed,k9,oracle_posterior_gain,36,3.0,0.008040224945099844,False
final_input_token_layerwise,undisclosed,pooled,gain,0,0.0001,0.0,False
final_input_token_layerwise,undisclosed,pooled,gain,1,100.0,-0.0006008887468918755,False
final_input_token_layerwise,undisclosed,pooled,gain,2,100.0,0.0002600338242862617,False
final_input_token_layerwise,undisclosed,pooled,gain,3,100.0,-0.0017974364715046913,False
final_input_token_layerwise,undisclosed,pooled,gain,4,100.0,0.00044141741653450084,False
final_input_token_layerwise,undisclosed,pooled,gain,5,100.0,4.622366026984145e-05,False
final_input_token_layerwise,undisclosed,pooled,gain,6,100.0,-0.0009559262436479032,False
final_input_token_layerwise,undisclosed,pooled,gain,7,100.0,-0.00108031232395094,False
final_input_token_layerwise,undisclosed,pooled,gain,8,100.0,-0.0005014063719213091,False
final_input_token_layerwise,undisclosed,pooled,gain,9,100.0,0.001019725364355471,False
final_input_token_layerwise,undisclosed,pooled,gain,10,100.0,0.0027530308064428375,False
final_input_token_layerwise,undisclosed,pooled,gain,11,100.0,0.0025177906724146624,False
final_input_token_layerwise,undisclosed,pooled,gain,12,100.0,0.0031200261207024924,False
final_input_token_layerwise,undisclosed,pooled,gain,13,100.0,0.0015391467738931537,False
final_input_token_layerwise,undisclosed,pooled,gain,14,100.0,0.0012160321330466073,False
final_input_token_layerwise,undisclosed,pooled,gain,15,100.0,0.00035586530628036367,False
final_input_token_layerwise,undisclosed,pooled,gain,16,100.0,0.0009730098956678424,False
final_input_token_layerwise,undisclosed,pooled,gain,17,100.0,0.002062763984664373,False
final_input_token_layerwise,undisclosed,pooled,gain,18,100.0,0.0011539124534043303,False
final_input_token_layerwise,undisclosed,pooled,gain,19,100.0,0.00304755311326201,False
final_input_token_layerwise,undisclosed,pooled,gain,20,100.0,0.0034695974320095393,False
final_input_token_layerwise,undisclosed,pooled,gain,21,100.0,0.004564891398104028,False
final_input_token_layerwise,undisclosed,pooled,gain,22,100.0,0.005969581232457323,False
final_input_token_layerwise,undisclosed,pooled,gain,23,100.0,0.008078230951011104,True
final_input_token_layerwise,undisclosed,pooled,gain,24,100.0,0.006329547606173862,False
final_input_token_layerwise,undisclosed,pooled,gain,25,100.0,0.0055367731745509146,False
final_input_token_layerwise,undisclosed,pooled,gain,26,100.0,0.004927872560031993,False
final_input_token_layerwise,undisclosed,pooled,gain,27,100.0,0.00416102411608522,False
final_input_token_layerwise,undisclosed,pooled,gain,28,100.0,0.0033476645503181615,False
final_input_token_layerwise,undisclosed,pooled,gain,29,100.0,0.0025322196162235653,False
final_input_token_layerwise,undisclosed,pooled,gain,30,100.0,0.0020842833249347195,False
final_input_token_layerwise,undisclosed,pooled,gain,31,100.0,0.0015244765214311728,False
final_input_token_layerwise,undisclosed,pooled,gain,32,100.0,0.001919931669741387,False
final_input_token_layerwise,undisclosed,pooled,gain,33,100.0,0.0013893520396188557,False
final_input_token_layerwise,undisclosed,pooled,gain,34,100.0,0.0010108903878167745,False
final_input_token_layerwise,undisclosed,pooled,gain,35,100.0,0.0007804361994204015,False
final_input_token_layerwise,undisclosed,pooled,gain,36,100.0,0.00048228914704235665,False
final_input_token_layerwise,undisclosed,pooled,response_residual,0,0.0001,-2.7755575615628914e-17,False
final_input_token_layerwise,undisclosed,pooled,response_residual,1,100.0,0.0014646640111782294,False
final_input_token_layerwise,undisclosed,pooled,response_residual,2,100.0,-0.0006187936120933546,False
final_input_token_layerwise,undisclosed,pooled,response_residual,3,100.0,-0.0020110423261394026,False
final_input_token_layerwise,undisclosed,pooled,response_residual,4,100.0,-0.0003222177469596743,False
final_input_token_layerwise,undisclosed,pooled,response_residual,5,100.0,-0.003041041881892396,False
final_input_token_layerwise,undisclosed,pooled,response_residual,6,100.0,-0.003163141557414345,False
final_input_token_layerwise,undisclosed,pooled,response_residual,7,100.0,-0.0034819166278694156,False
final_input_token_layerwise,undisclosed,pooled,response_residual,8,100.0,-0.0025855048218505483,False
final_input_token_layerwise,undisclosed,pooled,response_residual,9,100.0,-0.0011961462886938095,False
final_input_token_layerwise,undisclosed,pooled,response_residual,10,100.0,0.00042993273207403426,False
final_input_token_layerwise,undisclosed,pooled,response_residual,11,100.0,0.00094949870331687,False
final_input_token_layerwise,undisclosed,pooled,response_residual,12,100.0,0.0012294671437381444,False
final_input_token_layerwise,undisclosed,pooled,response_residual,13,100.0,-0.00021947609775403257,False
final_input_token_layerwise,undisclosed,pooled,response_residual,14,100.0,-0.0008046471250493145,False
final_input_token_layerwise,undisclosed,pooled,response_residual,15,100.0,-0.002047144213563649,False
final_input_token_layerwise,undisclosed,pooled,response_residual,16,100.0,-0.0016674527363862157,False
final_input_token_layerwise,undisclosed,pooled,response_residual,17,100.0,-0.0006131055566614881,False
final_input_token_layerwise,undisclosed,pooled,response_residual,18,100.0,-0.0015944252981674363,False
final_input_token_layerwise,undisclosed,pooled,response_residual,19,100.0,-0.00020138858378291694,False
final_input_token_layerwise,undisclosed,pooled,response_residual,20,100.0,0.0002159139951245411,False
final_input_token_layerwise,undisclosed,pooled,response_residual,21,100.0,0.0013326060354476958,False
final_input_token_layerwise,undisclosed,pooled,response_residual,22,100.0,0.0026884785956440005,False
final_input_token_layerwise,undisclosed,pooled,response_residual,23,100.0,0.004591997711971783,True
final_input_token_layerwise,undisclosed,pooled,response_residual,24,100.0,0.0032302384229086025,False
final_input_token_layerwise,undisclosed,pooled,response_residual,25,100.0,0.0028869599117670453,False
final_input_token_layerwise,undisclosed,pooled,response_residual,26,100.0,0.0024099672683075743,False
final_input_token_layerwise,undisclosed,pooled,response_residual,27,100.0,0.0017606225022407014,False
final_input_token_layerwise,undisclosed,pooled,response_residual,28,100.0,0.0011293189663205232,False
final_input_token_layerwise,undisclosed,pooled,response_residual,29,100.0,0.00036139864639687474,False
final_input_token_layerwise,undisclosed,pooled,response_residual,30,100.0,0.00010084198266520812,False
final_input_token_layerwise,undisclosed,pooled,response_residual,31,100.0,-0.0004502123836409855,False
final_input_token_layerwise,undisclosed,pooled,response_residual,32,100.0,1.8874722999403144e-05,False
final_input_token_layerwise,undisclosed,pooled,response_residual,33,100.0,-0.0002295175154981103,False
final_input_token_layerwise,undisclosed,pooled,response_residual,34,100.0,-0.00025372179030253944,False
final_input_token_layerwise,undisclosed,pooled,response_residual,35,100.0,-0.0007722201265297582,False
final_input_token_layerwise,undisclosed,pooled,response_residual,36,100.0,-0.0009684588036467379,False
mean_embedding,disclosed,k3,gain,0,100.0,-0.001391327191043512,True
mean_embedding,disclosed,k3,response_residual,0,100.0,-0.0005631618135266692,True
mean_embedding,disclosed,k6,gain,0,100.0,2.3248449297075258e-06,True
mean_embedding,disclosed,k6,response_residual,0,100.0,0.0010143472627784367,True
mean_embedding,disclosed,k9,gain,0,100.0,-0.0006136966716942527,True
mean_embedding,disclosed,k9,response_residual,0,100.0,0.000836083005017918,True
mean_embedding,disclosed,pooled,gain,0,100.0,-0.00934444335362448,True
mean_embedding,disclosed,pooled,response_residual,0,100.0,-0.0014316542386622333,True
mean_embedding,undisclosed,k3,gain,0,100.0,-0.0016139994741432573,True
mean_embedding,undisclosed,k3,response_residual,0,100.0,-0.0007117376714019241,True
mean_embedding,undisclosed,k6,gain,0,100.0,-0.00015518359163588236,True
mean_embedding,undisclosed,k6,response_residual,0,100.0,0.0009546409976857462,True
mean_embedding,undisclosed,k9,gain,0,100.0,-0.0007582575926914636,True
mean_embedding,undisclosed,k9,response_residual,0,100.0,0.00080506034128347,True
mean_embedding,undisclosed,pooled,gain,0,100.0,-0.00936023457682337,True
mean_embedding,undisclosed,pooled,response_residual,0,100.0,-0.0014526475708017128,True
mean_final_layer,disclosed,k3,gain,0,100.0,-0.0001389915066759284,True
mean_final_layer,disclosed,k3,response_residual,0,100.0,-0.0003714149797082733,True
mean_final_layer,disclosed,k6,gain,0,3.0,0.002141303294014074,True
mean_final_layer,disclosed,k6,response_residual,0,100.0,-7.780779792404546e-05,True
mean_final_layer,disclosed,k9,gain,0,0.1,0.034301291559545366,True
mean_final_layer,disclosed,k9,response_residual,0,3.0,0.005977141206551212,True
mean_final_layer,disclosed,pooled,gain,0,100.0,0.002446971291279724,True
mean_final_layer,disclosed,pooled,response_residual,0,100.0,-0.00305812676433731,True
mean_final_layer,undisclosed,k3,gain,0,100.0,-0.00019926332840503047,True
mean_final_layer,undisclosed,k3,response_residual,0,100.0,-0.0003860197017159228,True
mean_final_layer,undisclosed,k6,gain,0,3.0,0.0038675462581183317,True
mean_final_layer,undisclosed,k6,response_residual,0,100.0,3.243252669687946e-05,True
mean_final_layer,undisclosed,k9,gain,0,3.0,0.019040306218940928,True
mean_final_layer,undisclosed,k9,response_residual,0,3.0,0.007216256920615338,True
mean_final_layer,undisclosed,pooled,gain,0,100.0,0.002435415292698658,True
mean_final_layer,undisclosed,pooled,response_residual,0,100.0,-0.002477527178520187,True
