representation,train_disclosure,evidence,target,layer,alpha,cv_macro_development_baseline_r2,selected
final_input_token_layerwise,disclosed,k3,gain,0,0.0001,0.0,False
final_input_token_layerwise,disclosed,k3,gain,1,100.0,-0.00034923788748891793,False
final_input_token_layerwise,disclosed,k3,gain,2,100.0,-0.00046017681882060124,False
final_input_token_layerwise,disclosed,k3,gain,3,100.0,-0.00031259550785883716,False
final_input_token_layerwise,disclosed,k3,gain,4,100.0,-0.0002959803433192909,False
final_input_token_layerwise,disclosed,k3,gain,5,100.0,-0.00019783158891778507,False
final_input_token_layerwise,disclosed,k3,gain,6,100.0,-0.0006194721019058269,False
final_input_token_layerwise,disclosed,k3,gain,7,100.0,-0.00029833657201969177,False
final_input_token_layerwise,disclosed,k3,gain,8,100.0,-0.00034323001427444266,False
final_input_token_layerwise,disclosed,k3,gain,9,100.0,-4.2966660504323295e-05,False
final_input_token_layerwise,disclosed,k3,gain,10,100.0,-0.0002181415794566821,False
final_input_token_layerwise,disclosed,k3,gain,11,3.0,0.0017370357877148357,False
final_input_token_layerwise,disclosed,k3,gain,12,3.0,0.007744358668480444,False
final_input_token_layerwise,disclosed,k3,gain,13,0.1,0.05031355146757835,False
final_input_token_layerwise,disclosed,k3,gain,14,3.0,0.014681926013687924,False
final_input_token_layerwise,disclosed,k3,gain,15,3.0,0.014637548176788445,False
final_input_token_layerwise,disclosed,k3,gain,16,3.0,0.03963209614885532,False
final_input_token_layerwise,disclosed,k3,gain,17,3.0,0.03489861721830598,False
final_input_token_layerwise,disclosed,k3,gain,18,3.0,0.02881738398185768,False
final_input_token_layerwise,disclosed,k3,gain,19,3.0,0.02682324898775723,False
final_input_token_layerwise,disclosed,k3,gain,20,3.0,0.02530205505308314,False
final_input_token_layerwise,disclosed,k3,gain,21,3.0,0.01998569588061877,False
final_input_token_layerwise,disclosed,k3,gain,22,3.0,0.015450532277472645,False
final_input_token_layerwise,disclosed,k3,gain,23,3.0,0.012730886683839038,False
final_input_token_layerwise,disclosed,k3,gain,24,3.0,0.016323541901750893,False
final_input_token_layerwise,disclosed,k3,gain,25,3.0,0.014508927128878746,False
final_input_token_layerwise,disclosed,k3,gain,26,3.0,0.014617539907980981,False
final_input_token_layerwise,disclosed,k3,gain,27,3.0,0.011859367968849899,False
final_input_token_layerwise,disclosed,k3,gain,28,3.0,0.01591806114467592,False
final_input_token_layerwise,disclosed,k3,gain,29,0.1,0.05375650109618041,False
final_input_token_layerwise,disclosed,k3,gain,30,3.0,0.06270790085408692,False
final_input_token_layerwise,disclosed,k3,gain,31,3.0,0.06626788283804197,False
final_input_token_layerwise,disclosed,k3,gain,32,3.0,0.07046649150847517,True
final_input_token_layerwise,disclosed,k3,response_residual,0,0.0001,-2.7755575615628914e-17,False
final_input_token_layerwise,disclosed,k3,response_residual,1,100.0,-0.00027823138128701963,False
final_input_token_layerwise,disclosed,k3,response_residual,2,100.0,-0.0003711630800731225,False
final_input_token_layerwise,disclosed,k3,response_residual,3,100.0,-0.0004059460824482053,False
final_input_token_layerwise,disclosed,k3,response_residual,4,100.0,-0.0005793947024723134,False
final_input_token_layerwise,disclosed,k3,response_residual,5,100.0,-0.000378170361549246,False
final_input_token_layerwise,disclosed,k3,response_residual,6,100.0,-0.0006092500725917716,False
final_input_token_layerwise,disclosed,k3,response_residual,7,100.0,-0.000370320469941926,False
final_input_token_layerwise,disclosed,k3,response_residual,8,100.0,-0.00043375020290328803,False
final_input_token_layerwise,disclosed,k3,response_residual,9,100.0,-9.448026358460648e-05,False
final_input_token_layerwise,disclosed,k3,response_residual,10,100.0,-0.00025315254233868045,False
final_input_token_layerwise,disclosed,k3,response_residual,11,100.0,-0.00014424995971720755,False
final_input_token_layerwise,disclosed,k3,response_residual,12,100.0,8.13207954800943e-05,False
final_input_token_layerwise,disclosed,k3,response_residual,13,100.0,0.0002400429413423888,False
final_input_token_layerwise,disclosed,k3,response_residual,14,100.0,0.00041707478609018245,False
final_input_token_layerwise,disclosed,k3,response_residual,15,100.0,0.00045195134087322453,False
final_input_token_layerwise,disclosed,k3,response_residual,16,3.0,0.007579614027068388,False
final_input_token_layerwise,disclosed,k3,response_residual,17,3.0,0.005173772412321809,False
final_input_token_layerwise,disclosed,k3,response_residual,18,100.0,0.0008625620558415925,False
final_input_token_layerwise,disclosed,k3,response_residual,19,3.0,0.0012594399099678522,False
final_input_token_layerwise,disclosed,k3,response_residual,20,3.0,0.0015154442478875485,False
final_input_token_layerwise,disclosed,k3,response_residual,21,100.0,0.000670710657612178,False
final_input_token_layerwise,disclosed,k3,response_residual,22,100.0,0.0005210502263916506,False
final_input_token_layerwise,disclosed,k3,response_residual,23,100.0,0.0004957662266016905,False
final_input_token_layerwise,disclosed,k3,response_residual,24,100.0,0.0005770958434501705,False
final_input_token_layerwise,disclosed,k3,response_residual,25,100.0,0.00037811957597921886,False
final_input_token_layerwise,disclosed,k3,response_residual,26,100.0,0.0003302567149308655,False
final_input_token_layerwise,disclosed,k3,response_residual,27,100.0,0.00019524366998377451,False
final_input_token_layerwise,disclosed,k3,response_residual,28,100.0,0.00030764995973939224,False
final_input_token_layerwise,disclosed,k3,response_residual,29,3.0,0.02613534889209551,False
final_input_token_layerwise,disclosed,k3,response_residual,30,3.0,0.03510903419636055,False
final_input_token_layerwise,disclosed,k3,response_residual,31,3.0,0.03692909300593333,False
final_input_token_layerwise,disclosed,k3,response_residual,32,3.0,0.03924762553919525,True
final_input_token_layerwise,disclosed,k3,last_target_observation,0,0.0001,-8.326672684688674e-17,False
final_input_token_layerwise,disclosed,k3,last_target_observation,1,0.1,0.24647294480224358,False
final_input_token_layerwise,disclosed,k3,last_target_observation,2,0.1,0.18300779241582238,False
final_input_token_layerwise,disclosed,k3,last_target_observation,3,0.1,0.07873461375992197,False
final_input_token_layerwise,disclosed,k3,last_target_observation,4,0.1,0.05704321820138655,False
final_input_token_layerwise,disclosed,k3,last_target_observation,5,0.1,0.03798317585233971,False
final_input_token_layerwise,disclosed,k3,last_target_observation,6,0.1,0.0417983016793787,False
final_input_token_layerwise,disclosed,k3,last_target_observation,7,0.1,0.09773856855901045,False
final_input_token_layerwise,disclosed,k3,last_target_observation,8,0.1,0.09876626640266542,False
final_input_token_layerwise,disclosed,k3,last_target_observation,9,0.1,0.27449116685094066,True
final_input_token_layerwise,disclosed,k3,last_target_observation,10,0.1,0.21868652566279442,False
final_input_token_layerwise,disclosed,k3,last_target_observation,11,0.1,0.23679935028639754,False
final_input_token_layerwise,disclosed,k3,last_target_observation,12,0.1,0.18250453812924103,False
final_input_token_layerwise,disclosed,k3,last_target_observation,13,0.1,0.14670733063559527,False
final_input_token_layerwise,disclosed,k3,last_target_observation,14,0.1,0.2619788342276097,False
final_input_token_layerwise,disclosed,k3,last_target_observation,15,0.1,0.23014448746258198,False
final_input_token_layerwise,disclosed,k3,last_target_observation,16,3.0,0.1645768989077066,False
final_input_token_layerwise,disclosed,k3,last_target_observation,17,3.0,0.14367178725970445,False
final_input_token_layerwise,disclosed,k3,last_target_observation,18,3.0,0.13957568872908133,False
final_input_token_layerwise,disclosed,k3,last_target_observation,19,0.1,0.1524789673266794,False
final_input_token_layerwise,disclosed,k3,last_target_observation,20,3.0,0.13120448728541637,False
final_input_token_layerwise,disclosed,k3,last_target_observation,21,3.0,0.11838135578652939,False
final_input_token_layerwise,disclosed,k3,last_target_observation,22,3.0,0.11152105755053704,False
final_input_token_layerwise,disclosed,k3,last_target_observation,23,3.0,0.11680596485120368,False
final_input_token_layerwise,disclosed,k3,last_target_observation,24,3.0,0.1147861487126289,False
final_input_token_layerwise,disclosed,k3,last_target_observation,25,3.0,0.10905869669221321,False
final_input_token_layerwise,disclosed,k3,last_target_observation,26,0.1,0.11067772015235153,False
final_input_token_layerwise,disclosed,k3,last_target_observation,27,0.1,0.1556646632660372,False
final_input_token_layerwise,disclosed,k3,last_target_observation,28,0.1,0.1896568520152045,False
final_input_token_layerwise,disclosed,k3,last_target_observation,29,0.1,0.2423547490389643,False
final_input_token_layerwise,disclosed,k3,last_target_observation,30,0.1,0.2211717541809085,False
final_input_token_layerwise,disclosed,k3,last_target_observation,31,0.1,0.21482576536948028,False
final_input_token_layerwise,disclosed,k3,last_target_observation,32,0.1,0.2270488681050243,False
final_input_token_layerwise,disclosed,k3,target_observation_mean,0,0.0001,5.551115123125783e-17,False
final_input_token_layerwise,disclosed,k3,target_observation_mean,1,3.0,0.15025106901609858,False
final_input_token_layerwise,disclosed,k3,target_observation_mean,2,3.0,0.10326035965877908,False
final_input_token_layerwise,disclosed,k3,target_observation_mean,3,3.0,0.05420056449846011,False
final_input_token_layerwise,disclosed,k3,target_observation_mean,4,3.0,0.06385875439589686,False
final_input_token_layerwise,disclosed,k3,target_observation_mean,5,3.0,0.0523807097931121,False
final_input_token_layerwise,disclosed,k3,target_observation_mean,6,3.0,0.06709991553647454,False
final_input_token_layerwise,disclosed,k3,target_observation_mean,7,3.0,0.07726729996408446,False
final_input_token_layerwise,disclosed,k3,target_observation_mean,8,3.0,0.07785744040670003,False
final_input_token_layerwise,disclosed,k3,target_observation_mean,9,0.1,0.12549966914490332,False
final_input_token_layerwise,disclosed,k3,target_observation_mean,10,3.0,0.08348143952486653,False
final_input_token_layerwise,disclosed,k3,target_observation_mean,11,0.1,0.15995122824767008,False
final_input_token_layerwise,disclosed,k3,target_observation_mean,12,3.0,0.1600895470497147,False
final_input_token_layerwise,disclosed,k3,target_observation_mean,13,3.0,0.20505425469368752,False
final_input_token_layerwise,disclosed,k3,target_observation_mean,14,3.0,0.18041326937813001,False
final_input_token_layerwise,disclosed,k3,target_observation_mean,15,3.0,0.24509615719462635,False
final_input_token_layerwise,disclosed,k3,target_observation_mean,16,3.0,0.3099389261512667,True
final_input_token_layerwise,disclosed,k3,target_observation_mean,17,3.0,0.2650407168524255,False
final_input_token_layerwise,disclosed,k3,target_observation_mean,18,3.0,0.22652498103882004,False
final_input_token_layerwise,disclosed,k3,target_observation_mean,19,3.0,0.23718267876570595,False
final_input_token_layerwise,disclosed,k3,target_observation_mean,20,3.0,0.23119954900657555,False
final_input_token_layerwise,disclosed,k3,target_observation_mean,21,3.0,0.21531894986668024,False
final_input_token_layerwise,disclosed,k3,target_observation_mean,22,3.0,0.21049390558516398,False
final_input_token_layerwise,disclosed,k3,target_observation_mean,23,3.0,0.21755398234082077,False
final_input_token_layerwise,disclosed,k3,target_observation_mean,24,3.0,0.211971544276427,False
final_input_token_layerwise,disclosed,k3,target_observation_mean,25,3.0,0.2145399152117548,False
final_input_token_layerwise,disclosed,k3,target_observation_mean,26,3.0,0.20753689535675438,False
final_input_token_layerwise,disclosed,k3,target_observation_mean,27,3.0,0.2122331333000046,False
final_input_token_layerwise,disclosed,k3,target_observation_mean,28,0.1,0.23153848180628664,False
final_input_token_layerwise,disclosed,k3,target_observation_mean,29,3.0,0.24358684575592696,False
final_input_token_layerwise,disclosed,k3,target_observation_mean,30,3.0,0.27155740347128765,False
final_input_token_layerwise,disclosed,k3,target_observation_mean,31,3.0,0.27533995067574346,False
final_input_token_layerwise,disclosed,k3,target_observation_mean,32,3.0,0.30427282637506486,False
final_input_token_layerwise,disclosed,k3,target_time_slope,0,0.0001,0.0,False
final_input_token_layerwise,disclosed,k3,target_time_slope,1,0.1,0.08726625950564426,False
final_input_token_layerwise,disclosed,k3,target_time_slope,2,0.1,0.04507167393969433,False
final_input_token_layerwise,disclosed,k3,target_time_slope,3,100.0,-0.0006152102974138485,False
final_input_token_layerwise,disclosed,k3,target_time_slope,4,3.0,0.001401358045954454,False
final_input_token_layerwise,disclosed,k3,target_time_slope,5,100.0,-0.0005114200521107171,False
final_input_token_layerwise,disclosed,k3,target_time_slope,6,100.0,-0.00021377797468397075,False
final_input_token_layerwise,disclosed,k3,target_time_slope,7,3.0,0.02324169426063566,False
final_input_token_layerwise,disclosed,k3,target_time_slope,8,0.1,0.058109649627643284,False
final_input_token_layerwise,disclosed,k3,target_time_slope,9,0.1,0.13930513022449406,True
final_input_token_layerwise,disclosed,k3,target_time_slope,10,0.1,0.04789970561955276,False
final_input_token_layerwise,disclosed,k3,target_time_slope,11,3.0,0.02374729670348505,False
final_input_token_layerwise,disclosed,k3,target_time_slope,12,3.0,0.01992407371704441,False
final_input_token_layerwise,disclosed,k3,target_time_slope,13,3.0,0.00980205466612058,False
final_input_token_layerwise,disclosed,k3,target_time_slope,14,3.0,0.02425871216197706,False
final_input_token_layerwise,disclosed,k3,target_time_slope,15,0.1,0.021490247217218872,False
final_input_token_layerwise,disclosed,k3,target_time_slope,16,0.1,0.031746858762117414,False
final_input_token_layerwise,disclosed,k3,target_time_slope,17,3.0,0.006729135492209243,False
final_input_token_layerwise,disclosed,k3,target_time_slope,18,0.1,0.028800346130776894,False
final_input_token_layerwise,disclosed,k3,target_time_slope,19,0.1,0.049372473809864564,False
final_input_token_layerwise,disclosed,k3,target_time_slope,20,0.1,0.03961698487401075,False
final_input_token_layerwise,disclosed,k3,target_time_slope,21,0.1,0.010200296841263057,False
final_input_token_layerwise,disclosed,k3,target_time_slope,22,3.0,0.0036599532062260576,False
final_input_token_layerwise,disclosed,k3,target_time_slope,23,3.0,0.003151576003758677,False
final_input_token_layerwise,disclosed,k3,target_time_slope,24,3.0,0.001461810696827881,False
final_input_token_layerwise,disclosed,k3,target_time_slope,25,100.0,-0.0023732182494538567,False
final_input_token_layerwise,disclosed,k3,target_time_slope,26,100.0,-0.0023258312597254083,False
final_input_token_layerwise,disclosed,k3,target_time_slope,27,0.1,0.0012351209443325906,False
final_input_token_layerwise,disclosed,k3,target_time_slope,28,0.1,-0.0012304927880092131,False
final_input_token_layerwise,disclosed,k3,target_time_slope,29,0.1,0.029768167404412377,False
final_input_token_layerwise,disclosed,k3,target_time_slope,30,0.1,0.050886109480858754,False
final_input_token_layerwise,disclosed,k3,target_time_slope,31,0.1,0.07551951880569396,False
final_input_token_layerwise,disclosed,k3,target_time_slope,32,0.1,0.07816238441141798,False
final_input_token_layerwise,disclosed,k3,displayed_driver_outcome_slope,0,0.0001,5.551115123125783e-17,False
final_input_token_layerwise,disclosed,k3,displayed_driver_outcome_slope,1,100.0,6.413078076494827e-05,False
final_input_token_layerwise,disclosed,k3,displayed_driver_outcome_slope,2,3.0,0.0065797380689191776,False
final_input_token_layerwise,disclosed,k3,displayed_driver_outcome_slope,3,100.0,-0.0006973614329828237,False
final_input_token_layerwise,disclosed,k3,displayed_driver_outcome_slope,4,100.0,-0.00020674586625171743,False
final_input_token_layerwise,disclosed,k3,displayed_driver_outcome_slope,5,100.0,-0.0002000954761992857,False
final_input_token_layerwise,disclosed,k3,displayed_driver_outcome_slope,6,3.0,0.0009518625034406758,False
final_input_token_layerwise,disclosed,k3,displayed_driver_outcome_slope,7,100.0,0.00010249879180387889,False
final_input_token_layerwise,disclosed,k3,displayed_driver_outcome_slope,8,100.0,-0.00040350056221793995,False
final_input_token_layerwise,disclosed,k3,displayed_driver_outcome_slope,9,3.0,0.0008026026154748789,False
final_input_token_layerwise,disclosed,k3,displayed_driver_outcome_slope,10,3.0,0.013194849234342332,True
final_input_token_layerwise,disclosed,k3,displayed_driver_outcome_slope,11,3.0,0.004788174301959963,False
final_input_token_layerwise,disclosed,k3,displayed_driver_outcome_slope,12,3.0,0.005503693757884093,False
final_input_token_layerwise,disclosed,k3,displayed_driver_outcome_slope,13,3.0,0.006858097102060812,False
final_input_token_layerwise,disclosed,k3,displayed_driver_outcome_slope,14,100.0,-0.0006214244700731841,False
final_input_token_layerwise,disclosed,k3,displayed_driver_outcome_slope,15,100.0,-0.001145758499954852,False
final_input_token_layerwise,disclosed,k3,displayed_driver_outcome_slope,16,3.0,0.004643496437711003,False
final_input_token_layerwise,disclosed,k3,displayed_driver_outcome_slope,17,3.0,-0.00029031947358895693,False
final_input_token_layerwise,disclosed,k3,displayed_driver_outcome_slope,18,100.0,-0.001446220712044699,False
final_input_token_layerwise,disclosed,k3,displayed_driver_outcome_slope,19,100.0,-0.0018960150598363312,False
final_input_token_layerwise,disclosed,k3,displayed_driver_outcome_slope,20,100.0,-0.001581620491422242,False
final_input_token_layerwise,disclosed,k3,displayed_driver_outcome_slope,21,100.0,-0.002070457315047264,False
final_input_token_layerwise,disclosed,k3,displayed_driver_outcome_slope,22,100.0,-0.0022458470314522805,False
final_input_token_layerwise,disclosed,k3,displayed_driver_outcome_slope,23,100.0,-0.0021210572838955,False
final_input_token_layerwise,disclosed,k3,displayed_driver_outcome_slope,24,100.0,-0.0019473372144383772,False
final_input_token_layerwise,disclosed,k3,displayed_driver_outcome_slope,25,100.0,-0.0021816430887819094,False
final_input_token_layerwise,disclosed,k3,displayed_driver_outcome_slope,26,100.0,-0.0020609734947726055,False
final_input_token_layerwise,disclosed,k3,displayed_driver_outcome_slope,27,100.0,-0.0016700022976522955,False
final_input_token_layerwise,disclosed,k3,displayed_driver_outcome_slope,28,100.0,-0.001566331722844705,False
final_input_token_layerwise,disclosed,k3,displayed_driver_outcome_slope,29,100.0,-0.0007433070222974958,False
final_input_token_layerwise,disclosed,k3,displayed_driver_outcome_slope,30,100.0,0.000378941664909177,False
final_input_token_layerwise,disclosed,k3,displayed_driver_outcome_slope,31,3.0,0.0016958438233896922,False
final_input_token_layerwise,disclosed,k3,displayed_driver_outcome_slope,32,3.0,0.012647150032770615,False
final_input_token_layerwise,disclosed,k3,oracle_posterior_gain,0,0.0001,0.0,False
final_input_token_layerwise,disclosed,k3,oracle_posterior_gain,1,3.0,0.0026615784009243193,False
final_input_token_layerwise,disclosed,k3,oracle_posterior_gain,2,3.0,0.008897127172178138,False
final_input_token_layerwise,disclosed,k3,oracle_posterior_gain,3,100.0,-0.001806199853053192,False
final_input_token_layerwise,disclosed,k3,oracle_posterior_gain,4,100.0,-0.001104373647272866,False
final_input_token_layerwise,disclosed,k3,oracle_posterior_gain,5,100.0,-0.0009670715550916809,False
final_input_token_layerwise,disclosed,k3,oracle_posterior_gain,6,100.0,-0.0013061134057217316,False
final_input_token_layerwise,disclosed,k3,oracle_posterior_gain,7,100.0,-0.000771775323959889,False
final_input_token_layerwise,disclosed,k3,oracle_posterior_gain,8,100.0,-0.00034018484456044273,False
final_input_token_layerwise,disclosed,k3,oracle_posterior_gain,9,3.0,0.016251026206137664,False
final_input_token_layerwise,disclosed,k3,oracle_posterior_gain,10,3.0,0.015540544904568326,False
final_input_token_layerwise,disclosed,k3,oracle_posterior_gain,11,3.0,0.0279531110590156,False
final_input_token_layerwise,disclosed,k3,oracle_posterior_gain,12,3.0,0.036159394530808825,False
final_input_token_layerwise,disclosed,k3,oracle_posterior_gain,13,3.0,0.04487090283050346,False
final_input_token_layerwise,disclosed,k3,oracle_posterior_gain,14,0.1,0.06102081512859511,False
final_input_token_layerwise,disclosed,k3,oracle_posterior_gain,15,3.0,0.0643767508221553,False
final_input_token_layerwise,disclosed,k3,oracle_posterior_gain,16,0.1,0.13147681230953945,False
final_input_token_layerwise,disclosed,k3,oracle_posterior_gain,17,0.1,0.14663759428242157,False
final_input_token_layerwise,disclosed,k3,oracle_posterior_gain,18,0.1,0.15679715844547917,False
final_input_token_layerwise,disclosed,k3,oracle_posterior_gain,19,3.0,0.12634464866570008,False
final_input_token_layerwise,disclosed,k3,oracle_posterior_gain,20,0.1,0.11558129844751497,False
final_input_token_layerwise,disclosed,k3,oracle_posterior_gain,21,3.0,0.10711949240704333,False
final_input_token_layerwise,disclosed,k3,oracle_posterior_gain,22,3.0,0.09562310700715093,False
final_input_token_layerwise,disclosed,k3,oracle_posterior_gain,23,3.0,0.09576645804821429,False
final_input_token_layerwise,disclosed,k3,oracle_posterior_gain,24,3.0,0.10435814222700143,False
final_input_token_layerwise,disclosed,k3,oracle_posterior_gain,25,3.0,0.09633437829514024,False
final_input_token_layerwise,disclosed,k3,oracle_posterior_gain,26,0.1,0.10493551251651179,False
final_input_token_layerwise,disclosed,k3,oracle_posterior_gain,27,0.1,0.1569547998894077,True
final_input_token_layerwise,disclosed,k3,oracle_posterior_gain,28,3.0,0.10332857976749957,False
final_input_token_layerwise,disclosed,k3,oracle_posterior_gain,29,3.0,0.12175101119558535,False
final_input_token_layerwise,disclosed,k3,oracle_posterior_gain,30,3.0,0.13619116841861606,False
final_input_token_layerwise,disclosed,k3,oracle_posterior_gain,31,3.0,0.1382208622840525,False
final_input_token_layerwise,disclosed,k3,oracle_posterior_gain,32,3.0,0.144239568740068,False
final_input_token_layerwise,disclosed,k6,gain,0,0.0001,0.0,False
final_input_token_layerwise,disclosed,k6,gain,1,3.0,0.001214242753350081,False
final_input_token_layerwise,disclosed,k6,gain,2,3.0,0.0028866709880477626,False
final_input_token_layerwise,disclosed,k6,gain,3,100.0,2.5798254456255165e-05,False
final_input_token_layerwise,disclosed,k6,gain,4,100.0,-0.00031921612252808207,False
final_input_token_layerwise,disclosed,k6,gain,5,100.0,-5.025278485948359e-05,False
final_input_token_layerwise,disclosed,k6,gain,6,100.0,-0.00020006388640264605,False
final_input_token_layerwise,disclosed,k6,gain,7,100.0,-0.0003378456970957733,False
final_input_token_layerwise,disclosed,k6,gain,8,100.0,-0.0002699183326129728,False
final_input_token_layerwise,disclosed,k6,gain,9,3.0,0.0017370833687071208,False
final_input_token_layerwise,disclosed,k6,gain,10,3.0,0.008686727178337489,False
final_input_token_layerwise,disclosed,k6,gain,11,3.0,0.01352912665033873,False
final_input_token_layerwise,disclosed,k6,gain,12,0.1,0.12325263350771609,False
final_input_token_layerwise,disclosed,k6,gain,13,0.1,0.10975149741726789,False
final_input_token_layerwise,disclosed,k6,gain,14,0.1,0.041680649117978086,False
final_input_token_layerwise,disclosed,k6,gain,15,0.1,0.050038563226614985,False
final_input_token_layerwise,disclosed,k6,gain,16,0.1,0.09934206980971488,False
final_input_token_layerwise,disclosed,k6,gain,17,0.1,0.07883955993787631,False
final_input_token_layerwise,disclosed,k6,gain,18,0.1,0.0862529643410822,False
final_input_token_layerwise,disclosed,k6,gain,19,0.1,0.07312095679103917,False
final_input_token_layerwise,disclosed,k6,gain,20,0.1,0.0648920247765806,False
final_input_token_layerwise,disclosed,k6,gain,21,0.1,0.05249671217215293,False
final_input_token_layerwise,disclosed,k6,gain,22,0.1,0.06071206118228398,False
final_input_token_layerwise,disclosed,k6,gain,23,0.1,0.061024702524312385,False
final_input_token_layerwise,disclosed,k6,gain,24,0.1,0.05692641368552129,False
final_input_token_layerwise,disclosed,k6,gain,25,0.1,0.054406570155469486,False
final_input_token_layerwise,disclosed,k6,gain,26,0.1,0.08200315842207137,False
final_input_token_layerwise,disclosed,k6,gain,27,0.1,0.09169562649236498,False
final_input_token_layerwise,disclosed,k6,gain,28,0.1,0.10649564532212089,False
final_input_token_layerwise,disclosed,k6,gain,29,0.1,0.1857170984784064,True
final_input_token_layerwise,disclosed,k6,gain,30,0.1,0.1542979390921334,False
final_input_token_layerwise,disclosed,k6,gain,31,0.1,0.13826628596992124,False
final_input_token_layerwise,disclosed,k6,gain,32,3.0,0.13378684895579337,False
final_input_token_layerwise,disclosed,k6,response_residual,0,0.0001,-2.7755575615628914e-17,False
final_input_token_layerwise,disclosed,k6,response_residual,1,3.0,0.001977638617190719,False
final_input_token_layerwise,disclosed,k6,response_residual,2,3.0,0.0022000922559354263,False
final_input_token_layerwise,disclosed,k6,response_residual,3,100.0,0.00023289383866720303,False
final_input_token_layerwise,disclosed,k6,response_residual,4,100.0,-0.0002882862881981585,False
final_input_token_layerwise,disclosed,k6,response_residual,5,100.0,-7.645498584901711e-05,False
final_input_token_layerwise,disclosed,k6,response_residual,6,100.0,-0.00015073556454556214,False
final_input_token_layerwise,disclosed,k6,response_residual,7,100.0,-0.00039536529435674206,False
final_input_token_layerwise,disclosed,k6,response_residual,8,100.0,-0.0004884925430793663,False
final_input_token_layerwise,disclosed,k6,response_residual,9,100.0,-0.0001387192937826187,False
final_input_token_layerwise,disclosed,k6,response_residual,10,100.0,-7.54051727517302e-05,False
final_input_token_layerwise,disclosed,k6,response_residual,11,100.0,-0.00010011771037304884,False
final_input_token_layerwise,disclosed,k6,response_residual,12,3.0,0.011558337529521318,False
final_input_token_layerwise,disclosed,k6,response_residual,13,3.0,0.004556701982525058,False
final_input_token_layerwise,disclosed,k6,response_residual,14,100.0,0.00023250850269523893,False
final_input_token_layerwise,disclosed,k6,response_residual,15,3.0,0.007704850262299445,False
final_input_token_layerwise,disclosed,k6,response_residual,16,3.0,0.026019255141873893,False
final_input_token_layerwise,disclosed,k6,response_residual,17,3.0,0.014389699820444524,False
final_input_token_layerwise,disclosed,k6,response_residual,18,3.0,0.02002359070922749,False
final_input_token_layerwise,disclosed,k6,response_residual,19,3.0,0.013625428481515295,False
final_input_token_layerwise,disclosed,k6,response_residual,20,3.0,0.007684306692786025,False
final_input_token_layerwise,disclosed,k6,response_residual,21,3.0,0.006954703250617644,False
final_input_token_layerwise,disclosed,k6,response_residual,22,3.0,0.011235386057983687,False
final_input_token_layerwise,disclosed,k6,response_residual,23,3.0,0.007062948226154164,False
final_input_token_layerwise,disclosed,k6,response_residual,24,3.0,0.011228769009199474,False
final_input_token_layerwise,disclosed,k6,response_residual,25,3.0,0.007855799474155628,False
final_input_token_layerwise,disclosed,k6,response_residual,26,3.0,0.012043790873280474,False
final_input_token_layerwise,disclosed,k6,response_residual,27,3.0,0.017475678772920028,False
final_input_token_layerwise,disclosed,k6,response_residual,28,3.0,0.019646200293768068,False
final_input_token_layerwise,disclosed,k6,response_residual,29,3.0,0.054455706567065804,False
final_input_token_layerwise,disclosed,k6,response_residual,30,3.0,0.07171325550975707,False
final_input_token_layerwise,disclosed,k6,response_residual,31,3.0,0.07234988455886202,False
final_input_token_layerwise,disclosed,k6,response_residual,32,3.0,0.07953626342265466,True
final_input_token_layerwise,disclosed,k6,last_target_observation,0,0.0001,-2.7755575615628914e-17,False
final_input_token_layerwise,disclosed,k6,last_target_observation,1,3.0,0.035222714299668056,False
final_input_token_layerwise,disclosed,k6,last_target_observation,2,3.0,0.01873270097039345,False
final_input_token_layerwise,disclosed,k6,last_target_observation,3,3.0,0.005270824317756995,False
final_input_token_layerwise,disclosed,k6,last_target_observation,4,3.0,0.010206075742658083,False
final_input_token_layerwise,disclosed,k6,last_target_observation,5,3.0,0.006810929133209909,False
final_input_token_layerwise,disclosed,k6,last_target_observation,6,3.0,0.0065102256190823216,False
final_input_token_layerwise,disclosed,k6,last_target_observation,7,100.0,-0.00013142633817056493,False
final_input_token_layerwise,disclosed,k6,last_target_observation,8,100.0,-2.2479469084013548e-05,False
final_input_token_layerwise,disclosed,k6,last_target_observation,9,0.1,0.06703741821533457,False
final_input_token_layerwise,disclosed,k6,last_target_observation,10,3.0,0.0023636646135024864,False
final_input_token_layerwise,disclosed,k6,last_target_observation,11,100.0,-0.00040229082856546583,False
final_input_token_layerwise,disclosed,k6,last_target_observation,12,3.0,0.00345841499829716,False
final_input_token_layerwise,disclosed,k6,last_target_observation,13,0.1,0.07357598894515646,True
final_input_token_layerwise,disclosed,k6,last_target_observation,14,0.1,0.038815971431249485,False
final_input_token_layerwise,disclosed,k6,last_target_observation,15,0.1,0.01977356933456248,False
final_input_token_layerwise,disclosed,k6,last_target_observation,16,3.0,0.00960455359733639,False
final_input_token_layerwise,disclosed,k6,last_target_observation,17,3.0,0.008855918277973912,False
final_input_token_layerwise,disclosed,k6,last_target_observation,18,100.0,0.0002436797039465921,False
final_input_token_layerwise,disclosed,k6,last_target_observation,19,3.0,0.003065866258605665,False
final_input_token_layerwise,disclosed,k6,last_target_observation,20,3.0,0.003809220843887129,False
final_input_token_layerwise,disclosed,k6,last_target_observation,21,3.0,0.01733084721686745,False
final_input_token_layerwise,disclosed,k6,last_target_observation,22,3.0,0.018191617942985183,False
final_input_token_layerwise,disclosed,k6,last_target_observation,23,3.0,0.011812034145995881,False
final_input_token_layerwise,disclosed,k6,last_target_observation,24,3.0,0.012602300082690171,False
final_input_token_layerwise,disclosed,k6,last_target_observation,25,3.0,0.015708805646011514,False
final_input_token_layerwise,disclosed,k6,last_target_observation,26,3.0,0.013350227984579632,False
final_input_token_layerwise,disclosed,k6,last_target_observation,27,3.0,0.01021704708750118,False
final_input_token_layerwise,disclosed,k6,last_target_observation,28,3.0,0.021708531123535824,False
final_input_token_layerwise,disclosed,k6,last_target_observation,29,3.0,0.04072484697863196,False
final_input_token_layerwise,disclosed,k6,last_target_observation,30,3.0,0.05553620868917805,False
final_input_token_layerwise,disclosed,k6,last_target_observation,31,3.0,0.05965687590969379,False
final_input_token_layerwise,disclosed,k6,last_target_observation,32,3.0,0.05425071335366283,False
final_input_token_layerwise,disclosed,k6,target_observation_mean,0,0.0001,2.7755575615628914e-17,False
final_input_token_layerwise,disclosed,k6,target_observation_mean,1,3.0,0.02765948680240035,False
final_input_token_layerwise,disclosed,k6,target_observation_mean,2,100.0,2.609474198123074e-05,False
final_input_token_layerwise,disclosed,k6,target_observation_mean,3,100.0,0.00032739753416924366,False
final_input_token_layerwise,disclosed,k6,target_observation_mean,4,3.0,0.007434419702770811,False
final_input_token_layerwise,disclosed,k6,target_observation_mean,5,3.0,0.010028096281541887,False
final_input_token_layerwise,disclosed,k6,target_observation_mean,6,3.0,0.0036936639068838317,False
final_input_token_layerwise,disclosed,k6,target_observation_mean,7,3.0,0.0265371428376244,False
final_input_token_layerwise,disclosed,k6,target_observation_mean,8,3.0,0.023027281837201513,False
final_input_token_layerwise,disclosed,k6,target_observation_mean,9,0.1,0.09010604187963492,False
final_input_token_layerwise,disclosed,k6,target_observation_mean,10,3.0,0.05731433129858271,False
final_input_token_layerwise,disclosed,k6,target_observation_mean,11,0.1,0.11373532219564289,False
final_input_token_layerwise,disclosed,k6,target_observation_mean,12,0.1,0.08415124025545723,False
final_input_token_layerwise,disclosed,k6,target_observation_mean,13,3.0,0.10646122698529942,False
final_input_token_layerwise,disclosed,k6,target_observation_mean,14,3.0,0.07450765335219456,False
final_input_token_layerwise,disclosed,k6,target_observation_mean,15,3.0,0.0756737110571559,False
final_input_token_layerwise,disclosed,k6,target_observation_mean,16,3.0,0.12228815387389458,False
final_input_token_layerwise,disclosed,k6,target_observation_mean,17,3.0,0.092105830274125,False
final_input_token_layerwise,disclosed,k6,target_observation_mean,18,3.0,0.08950618889220943,False
final_input_token_layerwise,disclosed,k6,target_observation_mean,19,3.0,0.08737838929067196,False
final_input_token_layerwise,disclosed,k6,target_observation_mean,20,3.0,0.07764664754397493,False
final_input_token_layerwise,disclosed,k6,target_observation_mean,21,3.0,0.0755310425389838,False
final_input_token_layerwise,disclosed,k6,target_observation_mean,22,3.0,0.07929561091278695,False
final_input_token_layerwise,disclosed,k6,target_observation_mean,23,3.0,0.08176795458168384,False
final_input_token_layerwise,disclosed,k6,target_observation_mean,24,3.0,0.07887607157549029,False
final_input_token_layerwise,disclosed,k6,target_observation_mean,25,3.0,0.07584176531320502,False
final_input_token_layerwise,disclosed,k6,target_observation_mean,26,3.0,0.07184594674532221,False
final_input_token_layerwise,disclosed,k6,target_observation_mean,27,0.1,0.12411671923314604,False
final_input_token_layerwise,disclosed,k6,target_observation_mean,28,0.1,0.1571222787355468,False
final_input_token_layerwise,disclosed,k6,target_observation_mean,29,0.1,0.20914066368359888,False
final_input_token_layerwise,disclosed,k6,target_observation_mean,30,0.1,0.3788330171848098,True
final_input_token_layerwise,disclosed,k6,target_observation_mean,31,0.1,0.33333086232963133,False
final_input_token_layerwise,disclosed,k6,target_observation_mean,32,0.1,0.33573218659172743,False
final_input_token_layerwise,disclosed,k6,target_time_slope,0,0.0001,0.0,False
final_input_token_layerwise,disclosed,k6,target_time_slope,1,3.0,0.023029323477215896,False
final_input_token_layerwise,disclosed,k6,target_time_slope,2,3.0,0.010379375547298314,False
final_input_token_layerwise,disclosed,k6,target_time_slope,3,100.0,0.00013121760182988051,False
final_input_token_layerwise,disclosed,k6,target_time_slope,4,100.0,-1.6880926194229318e-05,False
final_input_token_layerwise,disclosed,k6,target_time_slope,5,100.0,3.889879835200505e-05,False
final_input_token_layerwise,disclosed,k6,target_time_slope,6,100.0,-0.00022635158134523548,False
final_input_token_layerwise,disclosed,k6,target_time_slope,7,100.0,-0.00039160192621315315,False
final_input_token_layerwise,disclosed,k6,target_time_slope,8,100.0,-0.0003942285357111386,False
final_input_token_layerwise,disclosed,k6,target_time_slope,9,3.0,0.017801704844023575,False
final_input_token_layerwise,disclosed,k6,target_time_slope,10,100.0,-7.72708736500316e-05,False
final_input_token_layerwise,disclosed,k6,target_time_slope,11,100.0,-0.00029946387583168477,False
final_input_token_layerwise,disclosed,k6,target_time_slope,12,3.0,0.001650323062622694,False
final_input_token_layerwise,disclosed,k6,target_time_slope,13,100.0,4.449022313210427e-05,False
final_input_token_layerwise,disclosed,k6,target_time_slope,14,100.0,-0.00024011007794733086,False
final_input_token_layerwise,disclosed,k6,target_time_slope,15,0.1,0.03741411728825075,False
final_input_token_layerwise,disclosed,k6,target_time_slope,16,3.0,0.017098495731296126,False
final_input_token_layerwise,disclosed,k6,target_time_slope,17,3.0,0.015662578119412823,False
final_input_token_layerwise,disclosed,k6,target_time_slope,18,3.0,0.0017238704957065476,False
final_input_token_layerwise,disclosed,k6,target_time_slope,19,3.0,0.01193589769453704,False
final_input_token_layerwise,disclosed,k6,target_time_slope,20,3.0,0.015621678488800445,False
final_input_token_layerwise,disclosed,k6,target_time_slope,21,3.0,0.024422904556326425,False
final_input_token_layerwise,disclosed,k6,target_time_slope,22,3.0,0.028041041572139935,False
final_input_token_layerwise,disclosed,k6,target_time_slope,23,3.0,0.02363027713521501,False
final_input_token_layerwise,disclosed,k6,target_time_slope,24,3.0,0.026753936185331034,False
final_input_token_layerwise,disclosed,k6,target_time_slope,25,0.1,0.03615809399481648,False
final_input_token_layerwise,disclosed,k6,target_time_slope,26,3.0,0.032799273511617516,False
final_input_token_layerwise,disclosed,k6,target_time_slope,27,3.0,0.02819634882814276,False
final_input_token_layerwise,disclosed,k6,target_time_slope,28,3.0,0.035364184821502,False
final_input_token_layerwise,disclosed,k6,target_time_slope,29,3.0,0.03173865422961028,False
final_input_token_layerwise,disclosed,k6,target_time_slope,30,3.0,0.034266962710088694,False
final_input_token_layerwise,disclosed,k6,target_time_slope,31,3.0,0.03741846204433674,False
final_input_token_layerwise,disclosed,k6,target_time_slope,32,0.1,0.047450420238754454,True
final_input_token_layerwise,disclosed,k6,displayed_driver_outcome_slope,0,0.0001,-5.551115123125783e-17,False
final_input_token_layerwise,disclosed,k6,displayed_driver_outcome_slope,1,100.0,-0.00032278274463642953,False
final_input_token_layerwise,disclosed,k6,displayed_driver_outcome_slope,2,3.0,0.0006073073867398082,False
final_input_token_layerwise,disclosed,k6,displayed_driver_outcome_slope,3,100.0,-7.952332827862452e-05,False
final_input_token_layerwise,disclosed,k6,displayed_driver_outcome_slope,4,100.0,3.43981380954983e-05,False
final_input_token_layerwise,disclosed,k6,displayed_driver_outcome_slope,5,100.0,-0.00019448132480620606,False
final_input_token_layerwise,disclosed,k6,displayed_driver_outcome_slope,6,100.0,-4.213045505824242e-05,False
final_input_token_layerwise,disclosed,k6,displayed_driver_outcome_slope,7,100.0,-0.00020259280930101653,False
final_input_token_layerwise,disclosed,k6,displayed_driver_outcome_slope,8,100.0,0.0004309602670899415,False
final_input_token_layerwise,disclosed,k6,displayed_driver_outcome_slope,9,100.0,0.00012853369050205843,False
final_input_token_layerwise,disclosed,k6,displayed_driver_outcome_slope,10,3.0,0.00419308362379292,False
final_input_token_layerwise,disclosed,k6,displayed_driver_outcome_slope,11,3.0,0.009842768047762435,True
final_input_token_layerwise,disclosed,k6,displayed_driver_outcome_slope,12,3.0,0.0030154956333756644,False
final_input_token_layerwise,disclosed,k6,displayed_driver_outcome_slope,13,3.0,0.0026432625170025037,False
final_input_token_layerwise,disclosed,k6,displayed_driver_outcome_slope,14,100.0,0.00039622007789352764,False
final_input_token_layerwise,disclosed,k6,displayed_driver_outcome_slope,15,3.0,0.004473642314433479,False
final_input_token_layerwise,disclosed,k6,displayed_driver_outcome_slope,16,3.0,0.005918588749771608,False
final_input_token_layerwise,disclosed,k6,displayed_driver_outcome_slope,17,3.0,0.004815463113311991,False
final_input_token_layerwise,disclosed,k6,displayed_driver_outcome_slope,18,100.0,-0.0002863982796378062,False
final_input_token_layerwise,disclosed,k6,displayed_driver_outcome_slope,19,100.0,-0.0003246243308582808,False
final_input_token_layerwise,disclosed,k6,displayed_driver_outcome_slope,20,100.0,-0.0002472825232193443,False
final_input_token_layerwise,disclosed,k6,displayed_driver_outcome_slope,21,100.0,6.653189799471493e-05,False
final_input_token_layerwise,disclosed,k6,displayed_driver_outcome_slope,22,100.0,-6.385415045037646e-05,False
final_input_token_layerwise,disclosed,k6,displayed_driver_outcome_slope,23,100.0,0.00019660759873124656,False
final_input_token_layerwise,disclosed,k6,displayed_driver_outcome_slope,24,100.0,0.00015827850258054443,False
final_input_token_layerwise,disclosed,k6,displayed_driver_outcome_slope,25,100.0,-0.00015885271953350322,False
final_input_token_layerwise,disclosed,k6,displayed_driver_outcome_slope,26,100.0,-2.1522461655321123e-05,False
final_input_token_layerwise,disclosed,k6,displayed_driver_outcome_slope,27,100.0,-0.0001456753689114132,False
final_input_token_layerwise,disclosed,k6,displayed_driver_outcome_slope,28,100.0,7.617037658594339e-05,False
final_input_token_layerwise,disclosed,k6,displayed_driver_outcome_slope,29,3.0,0.005017942772961359,False
final_input_token_layerwise,disclosed,k6,displayed_driver_outcome_slope,30,3.0,0.0033854154244654378,False
final_input_token_layerwise,disclosed,k6,displayed_driver_outcome_slope,31,100.0,0.00014972491028905632,False
final_input_token_layerwise,disclosed,k6,displayed_driver_outcome_slope,32,3.0,0.004293063273623332,False
final_input_token_layerwise,disclosed,k6,oracle_posterior_gain,0,0.0001,-5.551115123125783e-17,False
final_input_token_layerwise,disclosed,k6,oracle_posterior_gain,1,3.0,0.0042939523601815965,False
final_input_token_layerwise,disclosed,k6,oracle_posterior_gain,2,3.0,0.002262831662206921,False
final_input_token_layerwise,disclosed,k6,oracle_posterior_gain,3,100.0,-1.982733632385769e-05,False
final_input_token_layerwise,disclosed,k6,oracle_posterior_gain,4,100.0,-0.00023777257923726647,False
final_input_token_layerwise,disclosed,k6,oracle_posterior_gain,5,3.0,0.008232450361278898,False
final_input_token_layerwise,disclosed,k6,oracle_posterior_gain,6,3.0,0.0058124540295351745,False
final_input_token_layerwise,disclosed,k6,oracle_posterior_gain,7,3.0,0.0004926256961369502,False
final_input_token_layerwise,disclosed,k6,oracle_posterior_gain,8,3.0,0.0182772714698429,False
final_input_token_layerwise,disclosed,k6,oracle_posterior_gain,9,0.1,0.09947800640791166,False
final_input_token_layerwise,disclosed,k6,oracle_posterior_gain,10,0.1,0.058381577791084854,False
final_input_token_layerwise,disclosed,k6,oracle_posterior_gain,11,0.1,0.07274333061777957,False
final_input_token_layerwise,disclosed,k6,oracle_posterior_gain,12,0.1,0.25428684554457526,True
final_input_token_layerwise,disclosed,k6,oracle_posterior_gain,13,0.1,0.12909198194192142,False
final_input_token_layerwise,disclosed,k6,oracle_posterior_gain,14,0.1,0.14695614215796468,False
final_input_token_layerwise,disclosed,k6,oracle_posterior_gain,15,0.1,0.1505558185279908,False
final_input_token_layerwise,disclosed,k6,oracle_posterior_gain,16,0.1,0.13472493997341464,False
final_input_token_layerwise,disclosed,k6,oracle_posterior_gain,17,0.1,0.1262075644529469,False
final_input_token_layerwise,disclosed,k6,oracle_posterior_gain,18,0.1,0.1247221362990027,False
final_input_token_layerwise,disclosed,k6,oracle_posterior_gain,19,3.0,0.09368327923520361,False
final_input_token_layerwise,disclosed,k6,oracle_posterior_gain,20,0.1,0.11426740353591336,False
final_input_token_layerwise,disclosed,k6,oracle_posterior_gain,21,0.1,0.09519106156459012,False
final_input_token_layerwise,disclosed,k6,oracle_posterior_gain,22,0.1,0.12652121257473267,False
final_input_token_layerwise,disclosed,k6,oracle_posterior_gain,23,0.1,0.11537991854205817,False
final_input_token_layerwise,disclosed,k6,oracle_posterior_gain,24,0.1,0.1500717752118997,False
final_input_token_layerwise,disclosed,k6,oracle_posterior_gain,25,0.1,0.1297810861343929,False
final_input_token_layerwise,disclosed,k6,oracle_posterior_gain,26,0.1,0.1171079676044634,False
final_input_token_layerwise,disclosed,k6,oracle_posterior_gain,27,0.1,0.13179503627042313,False
final_input_token_layerwise,disclosed,k6,oracle_posterior_gain,28,0.1,0.16292120098091958,False
final_input_token_layerwise,disclosed,k6,oracle_posterior_gain,29,0.1,0.2309480480024705,False
final_input_token_layerwise,disclosed,k6,oracle_posterior_gain,30,3.0,0.16286587550304626,False
final_input_token_layerwise,disclosed,k6,oracle_posterior_gain,31,3.0,0.1656480624931306,False
final_input_token_layerwise,disclosed,k6,oracle_posterior_gain,32,0.1,0.18425957210394947,False
final_input_token_layerwise,disclosed,k9,gain,0,0.0001,0.0,False
final_input_token_layerwise,disclosed,k9,gain,1,100.0,-0.00022919285141906331,False
final_input_token_layerwise,disclosed,k9,gain,2,100.0,-0.0002727233955573394,False
final_input_token_layerwise,disclosed,k9,gain,3,100.0,-0.00017627011840601337,False
final_input_token_layerwise,disclosed,k9,gain,4,100.0,-1.397845791908936e-05,False
final_input_token_layerwise,disclosed,k9,gain,5,100.0,0.0001990851801078053,False
final_input_token_layerwise,disclosed,k9,gain,6,100.0,-4.6992991507760484e-05,False
final_input_token_layerwise,disclosed,k9,gain,7,100.0,-0.00023454680659992788,False
final_input_token_layerwise,disclosed,k9,gain,8,100.0,-0.00011998132356791369,False
final_input_token_layerwise,disclosed,k9,gain,9,3.0,0.003830792955554524,False
final_input_token_layerwise,disclosed,k9,gain,10,0.1,0.02891119726853289,False
final_input_token_layerwise,disclosed,k9,gain,11,0.1,0.08454977784416937,False
final_input_token_layerwise,disclosed,k9,gain,12,0.1,0.05935237400012594,False
final_input_token_layerwise,disclosed,k9,gain,13,0.1,0.1368679182117148,False
final_input_token_layerwise,disclosed,k9,gain,14,0.1,0.08463605560533632,False
final_input_token_layerwise,disclosed,k9,gain,15,0.1,0.062289265652997916,False
final_input_token_layerwise,disclosed,k9,gain,16,3.0,0.04657383931112283,False
final_input_token_layerwise,disclosed,k9,gain,17,3.0,0.035135718483503664,False
final_input_token_layerwise,disclosed,k9,gain,18,3.0,0.042373042183547815,False
final_input_token_layerwise,disclosed,k9,gain,19,3.0,0.03965417706740382,False
final_input_token_layerwise,disclosed,k9,gain,20,3.0,0.034243894655026,False
final_input_token_layerwise,disclosed,k9,gain,21,3.0,0.031154559355184963,False
final_input_token_layerwise,disclosed,k9,gain,22,3.0,0.03203613087104473,False
final_input_token_layerwise,disclosed,k9,gain,23,3.0,0.037565282024524804,False
final_input_token_layerwise,disclosed,k9,gain,24,3.0,0.03913890640668932,False
final_input_token_layerwise,disclosed,k9,gain,25,0.1,0.04207502155905346,False
final_input_token_layerwise,disclosed,k9,gain,26,3.0,0.035590638056264584,False
final_input_token_layerwise,disclosed,k9,gain,27,3.0,0.04691806381775207,False
final_input_token_layerwise,disclosed,k9,gain,28,0.1,0.12632641496164906,False
final_input_token_layerwise,disclosed,k9,gain,29,0.1,0.19351515921982163,False
final_input_token_layerwise,disclosed,k9,gain,30,0.1,0.22947206403954515,False
final_input_token_layerwise,disclosed,k9,gain,31,0.1,0.24230395592376716,False
final_input_token_layerwise,disclosed,k9,gain,32,0.1,0.24258953119933785,True
final_input_token_layerwise,disclosed,k9,response_residual,0,0.0001,-2.7755575615628914e-17,False
final_input_token_layerwise,disclosed,k9,response_residual,1,100.0,-0.00016004256010662687,False
final_input_token_layerwise,disclosed,k9,response_residual,2,100.0,-0.00015122623856722583,False
final_input_token_layerwise,disclosed,k9,response_residual,3,100.0,-0.00037648645487378674,False
final_input_token_layerwise,disclosed,k9,response_residual,4,100.0,-0.00023051416507513522,False
final_input_token_layerwise,disclosed,k9,response_residual,5,100.0,7.542681716116162e-05,False
final_input_token_layerwise,disclosed,k9,response_residual,6,100.0,-5.705407551670483e-05,False
final_input_token_layerwise,disclosed,k9,response_residual,7,100.0,-0.00033431811261344646,False
final_input_token_layerwise,disclosed,k9,response_residual,8,100.0,-0.00045433264201874546,False
final_input_token_layerwise,disclosed,k9,response_residual,9,100.0,-0.00018700788044989647,False
final_input_token_layerwise,disclosed,k9,response_residual,10,100.0,-0.0003276914198271086,False
final_input_token_layerwise,disclosed,k9,response_residual,11,100.0,-0.00027843936796848046,False
final_input_token_layerwise,disclosed,k9,response_residual,12,100.0,1.8235761246876425e-05,False
final_input_token_layerwise,disclosed,k9,response_residual,13,3.0,0.00720951270799694,False
final_input_token_layerwise,disclosed,k9,response_residual,14,3.0,0.007723798196355269,False
final_input_token_layerwise,disclosed,k9,response_residual,15,3.0,0.008826708885409762,False
final_input_token_layerwise,disclosed,k9,response_residual,16,3.0,0.010769794071459754,False
final_input_token_layerwise,disclosed,k9,response_residual,17,3.0,0.005594390255397097,False
final_input_token_layerwise,disclosed,k9,response_residual,18,3.0,0.011893221803925491,False
final_input_token_layerwise,disclosed,k9,response_residual,19,3.0,0.009064473321051147,False
final_input_token_layerwise,disclosed,k9,response_residual,20,3.0,0.006846240979645479,False
final_input_token_layerwise,disclosed,k9,response_residual,21,3.0,0.0031692939215809957,False
final_input_token_layerwise,disclosed,k9,response_residual,22,3.0,0.007559939886001704,False
final_input_token_layerwise,disclosed,k9,response_residual,23,3.0,0.011575857985825944,False
final_input_token_layerwise,disclosed,k9,response_residual,24,3.0,0.011220646340190266,False
final_input_token_layerwise,disclosed,k9,response_residual,25,3.0,0.0114148340786428,False
final_input_token_layerwise,disclosed,k9,response_residual,26,3.0,0.011779382228701007,False
final_input_token_layerwise,disclosed,k9,response_residual,27,3.0,0.023067140591510882,False
final_input_token_layerwise,disclosed,k9,response_residual,28,3.0,0.03879487847615476,False
final_input_token_layerwise,disclosed,k9,response_residual,29,3.0,0.12218543943923604,False
final_input_token_layerwise,disclosed,k9,response_residual,30,3.0,0.15464210236793743,False
final_input_token_layerwise,disclosed,k9,response_residual,31,3.0,0.15908175937386176,False
final_input_token_layerwise,disclosed,k9,response_residual,32,3.0,0.17126780459116528,True
final_input_token_layerwise,disclosed,k9,last_target_observation,0,0.0001,1.3877787807814457e-16,False
final_input_token_layerwise,disclosed,k9,last_target_observation,1,3.0,0.011871825854972373,False
final_input_token_layerwise,disclosed,k9,last_target_observation,2,3.0,0.00514070634414826,False
final_input_token_layerwise,disclosed,k9,last_target_observation,3,3.0,0.05993475825181116,False
final_input_token_layerwise,disclosed,k9,last_target_observation,4,3.0,0.05332396576945206,False
final_input_token_layerwise,disclosed,k9,last_target_observation,5,3.0,0.04530917450152466,False
final_input_token_layerwise,disclosed,k9,last_target_observation,6,3.0,0.038670198369285286,False
final_input_token_layerwise,disclosed,k9,last_target_observation,7,3.0,0.044176071977272385,False
final_input_token_layerwise,disclosed,k9,last_target_observation,8,3.0,0.031993778638357034,False
final_input_token_layerwise,disclosed,k9,last_target_observation,9,3.0,0.024219744021065276,False
final_input_token_layerwise,disclosed,k9,last_target_observation,10,3.0,0.030598845967396787,False
final_input_token_layerwise,disclosed,k9,last_target_observation,11,3.0,0.0258531810974017,False
final_input_token_layerwise,disclosed,k9,last_target_observation,12,3.0,0.016024172702232276,False
final_input_token_layerwise,disclosed,k9,last_target_observation,13,3.0,0.01870084716225262,False
final_input_token_layerwise,disclosed,k9,last_target_observation,14,3.0,0.022732966022509876,False
final_input_token_layerwise,disclosed,k9,last_target_observation,15,3.0,0.040736599127456974,False
final_input_token_layerwise,disclosed,k9,last_target_observation,16,3.0,0.03265525059549362,False
final_input_token_layerwise,disclosed,k9,last_target_observation,17,3.0,0.0375236547578669,False
final_input_token_layerwise,disclosed,k9,last_target_observation,18,3.0,0.04443028018573997,False
final_input_token_layerwise,disclosed,k9,last_target_observation,19,3.0,0.04418779267816994,False
final_input_token_layerwise,disclosed,k9,last_target_observation,20,3.0,0.04036430110291045,False
final_input_token_layerwise,disclosed,k9,last_target_observation,21,3.0,0.03367422042152049,False
final_input_token_layerwise,disclosed,k9,last_target_observation,22,3.0,0.034340544014203306,False
final_input_token_layerwise,disclosed,k9,last_target_observation,23,3.0,0.03153367389710607,False
final_input_token_layerwise,disclosed,k9,last_target_observation,24,3.0,0.031317332163147055,False
final_input_token_layerwise,disclosed,k9,last_target_observation,25,3.0,0.028942618804153664,False
final_input_token_layerwise,disclosed,k9,last_target_observation,26,3.0,0.026933985680294315,False
final_input_token_layerwise,disclosed,k9,last_target_observation,27,3.0,0.031031528126683583,False
final_input_token_layerwise,disclosed,k9,last_target_observation,28,3.0,0.025818129485062624,False
final_input_token_layerwise,disclosed,k9,last_target_observation,29,3.0,0.05921295597065884,False
final_input_token_layerwise,disclosed,k9,last_target_observation,30,3.0,0.06860353226912508,True
final_input_token_layerwise,disclosed,k9,last_target_observation,31,3.0,0.06574269695608431,False
final_input_token_layerwise,disclosed,k9,last_target_observation,32,3.0,0.06485826246795062,False
final_input_token_layerwise,disclosed,k9,target_observation_mean,0,0.0001,3.885780586188048e-16,False
final_input_token_layerwise,disclosed,k9,target_observation_mean,1,3.0,0.01164892021251801,False
final_input_token_layerwise,disclosed,k9,target_observation_mean,2,3.0,0.0452465890945144,False
final_input_token_layerwise,disclosed,k9,target_observation_mean,3,0.1,0.05219478276803147,False
final_input_token_layerwise,disclosed,k9,target_observation_mean,4,3.0,0.021861106699421984,False
final_input_token_layerwise,disclosed,k9,target_observation_mean,5,3.0,0.008744874493921723,False
final_input_token_layerwise,disclosed,k9,target_observation_mean,6,3.0,0.0023004526797557046,False
final_input_token_layerwise,disclosed,k9,target_observation_mean,7,3.0,0.004015492808540744,False
final_input_token_layerwise,disclosed,k9,target_observation_mean,8,3.0,0.007745726039455142,False
final_input_token_layerwise,disclosed,k9,target_observation_mean,9,3.0,0.023473240314399735,False
final_input_token_layerwise,disclosed,k9,target_observation_mean,10,3.0,0.011608224331921019,False
final_input_token_layerwise,disclosed,k9,target_observation_mean,11,3.0,0.014737571462441534,False
final_input_token_layerwise,disclosed,k9,target_observation_mean,12,3.0,0.01548062039098011,False
final_input_token_layerwise,disclosed,k9,target_observation_mean,13,3.0,0.009842230454961437,False
final_input_token_layerwise,disclosed,k9,target_observation_mean,14,100.0,-0.00042300521097593524,False
final_input_token_layerwise,disclosed,k9,target_observation_mean,15,3.0,0.019766502483861387,False
final_input_token_layerwise,disclosed,k9,target_observation_mean,16,3.0,0.04417877941291076,False
final_input_token_layerwise,disclosed,k9,target_observation_mean,17,3.0,0.038201343181380826,False
final_input_token_layerwise,disclosed,k9,target_observation_mean,18,3.0,0.039998047999073916,False
final_input_token_layerwise,disclosed,k9,target_observation_mean,19,3.0,0.02602502673129012,False
final_input_token_layerwise,disclosed,k9,target_observation_mean,20,0.1,0.028874849681062797,False
final_input_token_layerwise,disclosed,k9,target_observation_mean,21,3.0,0.021022229913873786,False
final_input_token_layerwise,disclosed,k9,target_observation_mean,22,3.0,0.025476760080336336,False
final_input_token_layerwise,disclosed,k9,target_observation_mean,23,0.1,0.07245499889980453,False
final_input_token_layerwise,disclosed,k9,target_observation_mean,24,0.1,0.06241982945209881,False
final_input_token_layerwise,disclosed,k9,target_observation_mean,25,0.1,0.08700096467314644,False
final_input_token_layerwise,disclosed,k9,target_observation_mean,26,0.1,0.10249182608427843,False
final_input_token_layerwise,disclosed,k9,target_observation_mean,27,0.1,0.1390794538355838,False
final_input_token_layerwise,disclosed,k9,target_observation_mean,28,0.1,0.1881487067815151,False
final_input_token_layerwise,disclosed,k9,target_observation_mean,29,0.1,0.2526661448794687,False
final_input_token_layerwise,disclosed,k9,target_observation_mean,30,3.0,0.25700268694301487,False
final_input_token_layerwise,disclosed,k9,target_observation_mean,31,3.0,0.26202928800695846,False
final_input_token_layerwise,disclosed,k9,target_observation_mean,32,3.0,0.2787095659872746,True
final_input_token_layerwise,disclosed,k9,target_time_slope,0,0.0001,0.0,False
final_input_token_layerwise,disclosed,k9,target_time_slope,1,100.0,0.00019472938177572674,False
final_input_token_layerwise,disclosed,k9,target_time_slope,2,100.0,-9.542145050267514e-05,False
final_input_token_layerwise,disclosed,k9,target_time_slope,3,3.0,0.0374838270995502,False
final_input_token_layerwise,disclosed,k9,target_time_slope,4,3.0,0.033575805750978405,False
final_input_token_layerwise,disclosed,k9,target_time_slope,5,3.0,0.02827729058906725,False
final_input_token_layerwise,disclosed,k9,target_time_slope,6,3.0,0.024357817734382864,False
final_input_token_layerwise,disclosed,k9,target_time_slope,7,3.0,0.03000810657918762,False
final_input_token_layerwise,disclosed,k9,target_time_slope,8,3.0,0.009381049881178966,False
final_input_token_layerwise,disclosed,k9,target_time_slope,9,3.0,0.02741082004765641,False
final_input_token_layerwise,disclosed,k9,target_time_slope,10,3.0,0.036675716397918307,False
final_input_token_layerwise,disclosed,k9,target_time_slope,11,3.0,0.03941923949913728,False
final_input_token_layerwise,disclosed,k9,target_time_slope,12,3.0,0.0403347947137786,False
final_input_token_layerwise,disclosed,k9,target_time_slope,13,3.0,0.03598737027204846,False
final_input_token_layerwise,disclosed,k9,target_time_slope,14,3.0,0.044072533284636256,False
final_input_token_layerwise,disclosed,k9,target_time_slope,15,3.0,0.06850669408227505,False
final_input_token_layerwise,disclosed,k9,target_time_slope,16,0.1,0.1258460439079987,True
final_input_token_layerwise,disclosed,k9,target_time_slope,17,3.0,0.0501290279659784,False
final_input_token_layerwise,disclosed,k9,target_time_slope,18,3.0,0.05490839785956694,False
final_input_token_layerwise,disclosed,k9,target_time_slope,19,3.0,0.06170212269000447,False
final_input_token_layerwise,disclosed,k9,target_time_slope,20,3.0,0.05959629250930501,False
final_input_token_layerwise,disclosed,k9,target_time_slope,21,3.0,0.058352660589789274,False
final_input_token_layerwise,disclosed,k9,target_time_slope,22,3.0,0.06199302636644172,False
final_input_token_layerwise,disclosed,k9,target_time_slope,23,3.0,0.06158310328920347,False
final_input_token_layerwise,disclosed,k9,target_time_slope,24,3.0,0.05915453045240235,False
final_input_token_layerwise,disclosed,k9,target_time_slope,25,3.0,0.05033900169712888,False
final_input_token_layerwise,disclosed,k9,target_time_slope,26,3.0,0.053638389556318194,False
final_input_token_layerwise,disclosed,k9,target_time_slope,27,3.0,0.049955558709508296,False
final_input_token_layerwise,disclosed,k9,target_time_slope,28,3.0,0.042101794087579414,False
final_input_token_layerwise,disclosed,k9,target_time_slope,29,3.0,0.04363442612075197,False
final_input_token_layerwise,disclosed,k9,target_time_slope,30,3.0,0.04016608137382138,False
final_input_token_layerwise,disclosed,k9,target_time_slope,31,3.0,0.03689168394271,False
final_input_token_layerwise,disclosed,k9,target_time_slope,32,0.1,0.05782880327124085,False
final_input_token_layerwise,disclosed,k9,displayed_driver_outcome_slope,0,0.0001,-1.1102230246251565e-16,False
final_input_token_layerwise,disclosed,k9,displayed_driver_outcome_slope,1,3.0,0.0009910170097320314,False
final_input_token_layerwise,disclosed,k9,displayed_driver_outcome_slope,2,3.0,0.01363259523500815,False
final_input_token_layerwise,disclosed,k9,displayed_driver_outcome_slope,3,3.0,0.016425307446157972,False
final_input_token_layerwise,disclosed,k9,displayed_driver_outcome_slope,4,3.0,0.01417570190278164,False
final_input_token_layerwise,disclosed,k9,displayed_driver_outcome_slope,5,3.0,0.0016697920212959128,False
final_input_token_layerwise,disclosed,k9,displayed_driver_outcome_slope,6,100.0,7.108645440603856e-05,False
final_input_token_layerwise,disclosed,k9,displayed_driver_outcome_slope,7,100.0,-8.60975634882355e-05,False
final_input_token_layerwise,disclosed,k9,displayed_driver_outcome_slope,8,100.0,-0.0005453356774992035,False
final_input_token_layerwise,disclosed,k9,displayed_driver_outcome_slope,9,100.0,-0.0005123691833074373,False
final_input_token_layerwise,disclosed,k9,displayed_driver_outcome_slope,10,100.0,-0.0008922250569347034,False
final_input_token_layerwise,disclosed,k9,displayed_driver_outcome_slope,11,100.0,-0.0005658796303247282,False
final_input_token_layerwise,disclosed,k9,displayed_driver_outcome_slope,12,100.0,-0.0009465624583018528,False
final_input_token_layerwise,disclosed,k9,displayed_driver_outcome_slope,13,100.0,-0.0018046994934587113,False
final_input_token_layerwise,disclosed,k9,displayed_driver_outcome_slope,14,100.0,-0.0017912494499547904,False
final_input_token_layerwise,disclosed,k9,displayed_driver_outcome_slope,15,100.0,-0.001018826169059489,False
final_input_token_layerwise,disclosed,k9,displayed_driver_outcome_slope,16,100.0,-0.0016164573011328565,False
final_input_token_layerwise,disclosed,k9,displayed_driver_outcome_slope,17,100.0,-0.001606100767865687,False
final_input_token_layerwise,disclosed,k9,displayed_driver_outcome_slope,18,100.0,-0.0012696162562471358,False
final_input_token_layerwise,disclosed,k9,displayed_driver_outcome_slope,19,100.0,-0.0013532493250745792,False
final_input_token_layerwise,disclosed,k9,displayed_driver_outcome_slope,20,100.0,-0.0012479849885470573,False
final_input_token_layerwise,disclosed,k9,displayed_driver_outcome_slope,21,100.0,-0.001168819264227794,False
final_input_token_layerwise,disclosed,k9,displayed_driver_outcome_slope,22,100.0,-0.0008853832878829571,False
final_input_token_layerwise,disclosed,k9,displayed_driver_outcome_slope,23,3.0,0.0018058730028034375,False
final_input_token_layerwise,disclosed,k9,displayed_driver_outcome_slope,24,100.0,-0.0006925889606734514,False
final_input_token_layerwise,disclosed,k9,displayed_driver_outcome_slope,25,100.0,-0.0008911087299460496,False
final_input_token_layerwise,disclosed,k9,displayed_driver_outcome_slope,26,100.0,-0.0007874433178298723,False
final_input_token_layerwise,disclosed,k9,displayed_driver_outcome_slope,27,3.0,0.0010030324825743009,False
final_input_token_layerwise,disclosed,k9,displayed_driver_outcome_slope,28,3.0,0.00732537993712587,False
final_input_token_layerwise,disclosed,k9,displayed_driver_outcome_slope,29,3.0,0.06319545708678326,False
final_input_token_layerwise,disclosed,k9,displayed_driver_outcome_slope,30,3.0,0.07303882677253262,False
final_input_token_layerwise,disclosed,k9,displayed_driver_outcome_slope,31,3.0,0.07402669363709663,False
final_input_token_layerwise,disclosed,k9,displayed_driver_outcome_slope,32,3.0,0.09295052137967555,True
final_input_token_layerwise,disclosed,k9,oracle_posterior_gain,0,0.0001,0.0,False
final_input_token_layerwise,disclosed,k9,oracle_posterior_gain,1,100.0,-0.00041654946092151146,False
final_input_token_layerwise,disclosed,k9,oracle_posterior_gain,2,100.0,-0.0003652309986468816,False
final_input_token_layerwise,disclosed,k9,oracle_posterior_gain,3,100.0,-0.00046461671840139496,False
final_input_token_layerwise,disclosed,k9,oracle_posterior_gain,4,100.0,-3.313359294870866e-05,False
final_input_token_layerwise,disclosed,k9,oracle_posterior_gain,5,100.0,-0.000144257925280028,False
final_input_token_layerwise,disclosed,k9,oracle_posterior_gain,6,100.0,-0.00038941984427964815,False
final_input_token_layerwise,disclosed,k9,oracle_posterior_gain,7,3.0,0.0004245547735274857,False
final_input_token_layerwise,disclosed,k9,oracle_posterior_gain,8,3.0,0.008880401289083406,False
final_input_token_layerwise,disclosed,k9,oracle_posterior_gain,9,3.0,0.011993907922217356,False
final_input_token_layerwise,disclosed,k9,oracle_posterior_gain,10,3.0,0.007017959254559641,False
final_input_token_layerwise,disclosed,k9,oracle_posterior_gain,11,3.0,0.010819899762373825,False
final_input_token_layerwise,disclosed,k9,oracle_posterior_gain,12,3.0,0.01780173357259593,False
final_input_token_layerwise,disclosed,k9,oracle_posterior_gain,13,0.1,0.09376367314795991,False
final_input_token_layerwise,disclosed,k9,oracle_posterior_gain,14,0.1,0.09179638394876291,False
final_input_token_layerwise,disclosed,k9,oracle_posterior_gain,15,0.1,0.09119689550753471,False
final_input_token_layerwise,disclosed,k9,oracle_posterior_gain,16,3.0,0.07518774676016932,False
final_input_token_layerwise,disclosed,k9,oracle_posterior_gain,17,3.0,0.06873103298773708,False
final_input_token_layerwise,disclosed,k9,oracle_posterior_gain,18,3.0,0.05803626340005544,False
final_input_token_layerwise,disclosed,k9,oracle_posterior_gain,19,3.0,0.05155419016222404,False
final_input_token_layerwise,disclosed,k9,oracle_posterior_gain,20,3.0,0.04719498151108445,False
final_input_token_layerwise,disclosed,k9,oracle_posterior_gain,21,3.0,0.03879296705413779,False
final_input_token_layerwise,disclosed,k9,oracle_posterior_gain,22,0.1,0.0778130076707989,False
final_input_token_layerwise,disclosed,k9,oracle_posterior_gain,23,0.1,0.08271087078306111,False
final_input_token_layerwise,disclosed,k9,oracle_posterior_gain,24,0.1,0.08351055213249925,False
final_input_token_layerwise,disclosed,k9,oracle_posterior_gain,25,0.1,0.05835654309318722,False
final_input_token_layerwise,disclosed,k9,oracle_posterior_gain,26,0.1,0.07333992078525178,False
final_input_token_layerwise,disclosed,k9,oracle_posterior_gain,27,0.1,0.09721717058786519,False
final_input_token_layerwise,disclosed,k9,oracle_posterior_gain,28,0.1,0.16613232557199906,False
final_input_token_layerwise,disclosed,k9,oracle_posterior_gain,29,0.1,0.24843489763129767,False
final_input_token_layerwise,disclosed,k9,oracle_posterior_gain,30,0.1,0.2531166675015757,False
final_input_token_layerwise,disclosed,k9,oracle_posterior_gain,31,0.1,0.29066424152476245,False
final_input_token_layerwise,disclosed,k9,oracle_posterior_gain,32,0.1,0.3265562618181135,True
final_input_token_layerwise,disclosed,pooled,gain,0,0.0001,0.0,False
final_input_token_layerwise,disclosed,pooled,gain,1,100.0,-0.0021830773667683434,False
final_input_token_layerwise,disclosed,pooled,gain,2,100.0,-0.0016325519869447487,False
final_input_token_layerwise,disclosed,pooled,gain,3,100.0,-0.002681565620087617,False
final_input_token_layerwise,disclosed,pooled,gain,4,100.0,-0.004267840635350878,False
final_input_token_layerwise,disclosed,pooled,gain,5,100.0,-0.0022262897247558124,False
final_input_token_layerwise,disclosed,pooled,gain,6,100.0,-0.003052945801773066,False
final_input_token_layerwise,disclosed,pooled,gain,7,100.0,-0.0016145820320348132,False
final_input_token_layerwise,disclosed,pooled,gain,8,100.0,-0.003634149600963773,False
final_input_token_layerwise,disclosed,pooled,gain,9,3.0,0.006358459012187447,False
final_input_token_layerwise,disclosed,pooled,gain,10,3.0,0.02391887521303408,False
final_input_token_layerwise,disclosed,pooled,gain,11,3.0,0.05639946043170962,False
final_input_token_layerwise,disclosed,pooled,gain,12,3.0,0.060406765965228364,False
final_input_token_layerwise,disclosed,pooled,gain,13,3.0,0.10612150478570737,False
final_input_token_layerwise,disclosed,pooled,gain,14,3.0,0.07537702396092422,False
final_input_token_layerwise,disclosed,pooled,gain,15,3.0,0.0672539658195709,False
final_input_token_layerwise,disclosed,pooled,gain,16,3.0,0.09467150554803783,False
final_input_token_layerwise,disclosed,pooled,gain,17,3.0,0.06633954583574138,False
final_input_token_layerwise,disclosed,pooled,gain,18,3.0,0.05993487730282204,False
final_input_token_layerwise,disclosed,pooled,gain,19,3.0,0.059569136416240905,False
final_input_token_layerwise,disclosed,pooled,gain,20,3.0,0.062222143070504825,False
final_input_token_layerwise,disclosed,pooled,gain,21,3.0,0.052988398792198375,False
final_input_token_layerwise,disclosed,pooled,gain,22,3.0,0.058109201701519675,False
final_input_token_layerwise,disclosed,pooled,gain,23,3.0,0.06923643668578712,False
final_input_token_layerwise,disclosed,pooled,gain,24,3.0,0.08023537129174298,False
final_input_token_layerwise,disclosed,pooled,gain,25,3.0,0.07276215542294279,False
final_input_token_layerwise,disclosed,pooled,gain,26,3.0,0.07964006452974996,False
final_input_token_layerwise,disclosed,pooled,gain,27,3.0,0.09595534991062753,False
final_input_token_layerwise,disclosed,pooled,gain,28,3.0,0.1177688603555762,False
final_input_token_layerwise,disclosed,pooled,gain,29,3.0,0.1725163362045611,True
final_input_token_layerwise,disclosed,pooled,gain,30,3.0,0.16627262089967862,False
final_input_token_layerwise,disclosed,pooled,gain,31,3.0,0.16483562453009545,False
final_input_token_layerwise,disclosed,pooled,gain,32,3.0,0.1706772375365212,False
final_input_token_layerwise,disclosed,pooled,response_residual,0,0.0001,-2.7755575615628914e-17,False
final_input_token_layerwise,disclosed,pooled,response_residual,1,100.0,-0.0008757014600686749,False
final_input_token_layerwise,disclosed,pooled,response_residual,2,100.0,-0.0009160680720729416,False
final_input_token_layerwise,disclosed,pooled,response_residual,3,100.0,-0.0031368272733980442,False
final_input_token_layerwise,disclosed,pooled,response_residual,4,100.0,-0.005146216290320249,False
final_input_token_layerwise,disclosed,pooled,response_residual,5,100.0,-0.002955312941949543,False
final_input_token_layerwise,disclosed,pooled,response_residual,6,100.0,-0.00330245296183021,False
final_input_token_layerwise,disclosed,pooled,response_residual,7,100.0,-0.003095451031930624,False
final_input_token_layerwise,disclosed,pooled,response_residual,8,100.0,-0.005463014145998368,False
final_input_token_layerwise,disclosed,pooled,response_residual,9,100.0,-0.002225155065742085,False
final_input_token_layerwise,disclosed,pooled,response_residual,10,100.0,-0.0022721328194410897,False
final_input_token_layerwise,disclosed,pooled,response_residual,11,100.0,-0.0008656129840715066,False
final_input_token_layerwise,disclosed,pooled,response_residual,12,100.0,0.0012958237146573441,False
final_input_token_layerwise,disclosed,pooled,response_residual,13,100.0,0.0017809283300727896,False
final_input_token_layerwise,disclosed,pooled,response_residual,14,100.0,0.0022378805311488357,False
final_input_token_layerwise,disclosed,pooled,response_residual,15,100.0,0.0037077846000146686,False
final_input_token_layerwise,disclosed,pooled,response_residual,16,100.0,0.010395063501608218,False
final_input_token_layerwise,disclosed,pooled,response_residual,17,100.0,0.006243196583099288,False
final_input_token_layerwise,disclosed,pooled,response_residual,18,100.0,0.003290612823292414,False
final_input_token_layerwise,disclosed,pooled,response_residual,19,100.0,0.003294107382939606,False
final_input_token_layerwise,disclosed,pooled,response_residual,20,100.0,0.0020020145201255593,False
final_input_token_layerwise,disclosed,pooled,response_residual,21,100.0,0.0004511482821546083,False
final_input_token_layerwise,disclosed,pooled,response_residual,22,100.0,0.0008972958289949854,False
final_input_token_layerwise,disclosed,pooled,response_residual,23,100.0,0.0007712662999503073,False
final_input_token_layerwise,disclosed,pooled,response_residual,24,100.0,0.0013482212811837813,False
final_input_token_layerwise,disclosed,pooled,response_residual,25,100.0,0.0007275578188848016,False
final_input_token_layerwise,disclosed,pooled,response_residual,26,100.0,0.001134439299382654,False
final_input_token_layerwise,disclosed,pooled,response_residual,27,3.0,0.011264792682991945,False
final_input_token_layerwise,disclosed,pooled,response_residual,28,3.0,0.036117449358191854,False
final_input_token_layerwise,disclosed,pooled,response_residual,29,3.0,0.08261610318258637,False
final_input_token_layerwise,disclosed,pooled,response_residual,30,3.0,0.08798263838228605,False
final_input_token_layerwise,disclosed,pooled,response_residual,31,3.0,0.08912336324402355,True
final_input_token_layerwise,disclosed,pooled,response_residual,32,3.0,0.08822660015228272,False
final_input_token_layerwise,undisclosed,k3,gain,0,0.0001,0.0,False
final_input_token_layerwise,undisclosed,k3,gain,1,100.0,-0.00036906591099772346,False
final_input_token_layerwise,undisclosed,k3,gain,2,100.0,-0.000376698424271682,False
final_input_token_layerwise,undisclosed,k3,gain,3,100.0,-0.0009410358731429258,False
final_input_token_layerwise,undisclosed,k3,gain,4,100.0,-0.0008956698990213452,False
final_input_token_layerwise,undisclosed,k3,gain,5,100.0,-0.0008224919971018263,False
final_input_token_layerwise,undisclosed,k3,gain,6,100.0,-0.0007094262260963213,False
final_input_token_layerwise,undisclosed,k3,gain,7,100.0,-0.0007083482514229078,False
final_input_token_layerwise,undisclosed,k3,gain,8,100.0,-0.0008051018507368723,False
final_input_token_layerwise,undisclosed,k3,gain,9,100.0,-0.0004408487853383991,False
final_input_token_layerwise,undisclosed,k3,gain,10,100.0,-0.000756368152232928,False
final_input_token_layerwise,undisclosed,k3,gain,11,100.0,-0.00018968156413209925,False
final_input_token_layerwise,undisclosed,k3,gain,12,3.0,0.0015680819155266812,False
final_input_token_layerwise,undisclosed,k3,gain,13,3.0,0.007274829641790215,False
final_input_token_layerwise,undisclosed,k3,gain,14,100.0,-0.00011857987534516501,False
final_input_token_layerwise,undisclosed,k3,gain,15,3.0,0.034660653987152595,False
final_input_token_layerwise,undisclosed,k3,gain,16,3.0,0.053588598022068445,False
final_input_token_layerwise,undisclosed,k3,gain,17,3.0,0.06083706760483884,False
final_input_token_layerwise,undisclosed,k3,gain,18,3.0,0.046599153696901735,False
final_input_token_layerwise,undisclosed,k3,gain,19,3.0,0.0465894233062151,False
final_input_token_layerwise,undisclosed,k3,gain,20,3.0,0.04185665183936613,False
final_input_token_layerwise,undisclosed,k3,gain,21,3.0,0.03759308848031459,False
final_input_token_layerwise,undisclosed,k3,gain,22,3.0,0.033768157049366865,False
final_input_token_layerwise,undisclosed,k3,gain,23,3.0,0.03459750467695491,False
final_input_token_layerwise,undisclosed,k3,gain,24,3.0,0.034609237804398146,False
final_input_token_layerwise,undisclosed,k3,gain,25,0.1,0.0580691895347826,False
final_input_token_layerwise,undisclosed,k3,gain,26,0.1,0.08429762320343362,False
final_input_token_layerwise,undisclosed,k3,gain,27,0.1,0.11591046394808333,True
final_input_token_layerwise,undisclosed,k3,gain,28,0.1,0.08089748945233369,False
final_input_token_layerwise,undisclosed,k3,gain,29,0.1,0.08844860715222858,False
final_input_token_layerwise,undisclosed,k3,gain,30,3.0,0.054830082578006645,False
final_input_token_layerwise,undisclosed,k3,gain,31,0.1,0.06883487612302794,False
final_input_token_layerwise,undisclosed,k3,gain,32,3.0,0.07563512800108396,False
final_input_token_layerwise,undisclosed,k3,response_residual,0,0.0001,-2.7755575615628914e-17,False
final_input_token_layerwise,undisclosed,k3,response_residual,1,100.0,-0.0003291418693018855,False
final_input_token_layerwise,undisclosed,k3,response_residual,2,100.0,-0.0002484995109883481,False
final_input_token_layerwise,undisclosed,k3,response_residual,3,100.0,-0.0007465179274674383,False
final_input_token_layerwise,undisclosed,k3,response_residual,4,100.0,-0.0008228215650521453,False
final_input_token_layerwise,undisclosed,k3,response_residual,5,100.0,-0.000750190877634338,False
final_input_token_layerwise,undisclosed,k3,response_residual,6,100.0,-0.0006170240706260544,False
final_input_token_layerwise,undisclosed,k3,response_residual,7,100.0,-0.0007496642685698163,False
final_input_token_layerwise,undisclosed,k3,response_residual,8,100.0,-0.0010027941830123566,False
final_input_token_layerwise,undisclosed,k3,response_residual,9,100.0,-0.0009242029962616416,False
final_input_token_layerwise,undisclosed,k3,response_residual,10,100.0,-0.0011827743235056642,False
final_input_token_layerwise,undisclosed,k3,response_residual,11,100.0,-0.0006956731604136623,False
final_input_token_layerwise,undisclosed,k3,response_residual,12,100.0,-0.0004554510116266397,False
final_input_token_layerwise,undisclosed,k3,response_residual,13,100.0,-0.00012962484001760588,False
final_input_token_layerwise,undisclosed,k3,response_residual,14,100.0,-0.0004661670950259489,False
final_input_token_layerwise,undisclosed,k3,response_residual,15,3.0,0.005054359846829198,False
final_input_token_layerwise,undisclosed,k3,response_residual,16,3.0,0.009125605576272677,False
final_input_token_layerwise,undisclosed,k3,response_residual,17,3.0,0.027264759381050913,False
final_input_token_layerwise,undisclosed,k3,response_residual,18,3.0,0.01127721671076734,False
final_input_token_layerwise,undisclosed,k3,response_residual,19,3.0,0.006190190458244066,False
final_input_token_layerwise,undisclosed,k3,response_residual,20,3.0,0.0030961499916856705,False
final_input_token_layerwise,undisclosed,k3,response_residual,21,100.0,0.0017514708225185027,False
final_input_token_layerwise,undisclosed,k3,response_residual,22,100.0,0.0017160778785690611,False
final_input_token_layerwise,undisclosed,k3,response_residual,23,100.0,0.00161539495566973,False
final_input_token_layerwise,undisclosed,k3,response_residual,24,3.0,0.0027535215554594095,False
final_input_token_layerwise,undisclosed,k3,response_residual,25,3.0,0.003968535874880635,False
final_input_token_layerwise,undisclosed,k3,response_residual,26,3.0,0.0023554588911463004,False
final_input_token_layerwise,undisclosed,k3,response_residual,27,3.0,0.006356899313503833,False
final_input_token_layerwise,undisclosed,k3,response_residual,28,3.0,0.008334028013844613,False
final_input_token_layerwise,undisclosed,k3,response_residual,29,3.0,0.026522230425611193,False
final_input_token_layerwise,undisclosed,k3,response_residual,30,3.0,0.033749889494446655,False
final_input_token_layerwise,undisclosed,k3,response_residual,31,3.0,0.040168140789073076,False
final_input_token_layerwise,undisclosed,k3,response_residual,32,3.0,0.049094889958313986,True
final_input_token_layerwise,undisclosed,k3,last_target_observation,0,0.0001,-8.326672684688674e-17,False
final_input_token_layerwise,undisclosed,k3,last_target_observation,1,0.1,0.1692242801367345,False
final_input_token_layerwise,undisclosed,k3,last_target_observation,2,0.1,0.2074239446857842,False
final_input_token_layerwise,undisclosed,k3,last_target_observation,3,0.1,0.15807414426631888,False
final_input_token_layerwise,undisclosed,k3,last_target_observation,4,0.1,0.076653370880226,False
final_input_token_layerwise,undisclosed,k3,last_target_observation,5,0.1,0.04220724077652735,False
final_input_token_layerwise,undisclosed,k3,last_target_observation,6,0.1,0.03436404736943888,False
final_input_token_layerwise,undisclosed,k3,last_target_observation,7,0.1,0.12655042902537836,False
final_input_token_layerwise,undisclosed,k3,last_target_observation,8,0.1,0.21461015366288227,False
final_input_token_layerwise,undisclosed,k3,last_target_observation,9,0.1,0.2785523622287084,False
final_input_token_layerwise,undisclosed,k3,last_target_observation,10,0.1,0.33612643246450163,True
final_input_token_layerwise,undisclosed,k3,last_target_observation,11,0.1,0.3123279793664009,False
final_input_token_layerwise,undisclosed,k3,last_target_observation,12,0.1,0.2092527805991971,False
final_input_token_layerwise,undisclosed,k3,last_target_observation,13,3.0,0.15009479450219976,False
final_input_token_layerwise,undisclosed,k3,last_target_observation,14,3.0,0.16406669936929233,False
final_input_token_layerwise,undisclosed,k3,last_target_observation,15,3.0,0.1801804805786627,False
final_input_token_layerwise,undisclosed,k3,last_target_observation,16,3.0,0.22767528914023527,False
final_input_token_layerwise,undisclosed,k3,last_target_observation,17,3.0,0.18515671536835024,False
final_input_token_layerwise,undisclosed,k3,last_target_observation,18,3.0,0.18753688985626313,False
final_input_token_layerwise,undisclosed,k3,last_target_observation,19,3.0,0.20289950510850518,False
final_input_token_layerwise,undisclosed,k3,last_target_observation,20,3.0,0.19115592547839175,False
final_input_token_layerwise,undisclosed,k3,last_target_observation,21,3.0,0.1819936095923338,False
final_input_token_layerwise,undisclosed,k3,last_target_observation,22,3.0,0.17624818482563043,False
final_input_token_layerwise,undisclosed,k3,last_target_observation,23,3.0,0.17191928415481544,False
final_input_token_layerwise,undisclosed,k3,last_target_observation,24,3.0,0.16953218246224216,False
final_input_token_layerwise,undisclosed,k3,last_target_observation,25,3.0,0.16497718051896887,False
final_input_token_layerwise,undisclosed,k3,last_target_observation,26,3.0,0.15358465878098498,False
final_input_token_layerwise,undisclosed,k3,last_target_observation,27,3.0,0.15554669079492442,False
final_input_token_layerwise,undisclosed,k3,last_target_observation,28,3.0,0.15939912489060187,False
final_input_token_layerwise,undisclosed,k3,last_target_observation,29,3.0,0.1513374269523512,False
final_input_token_layerwise,undisclosed,k3,last_target_observation,30,3.0,0.1620929614767251,False
final_input_token_layerwise,undisclosed,k3,last_target_observation,31,0.1,0.17537787271660785,False
final_input_token_layerwise,undisclosed,k3,last_target_observation,32,3.0,0.1692663581588637,False
final_input_token_layerwise,undisclosed,k3,target_observation_mean,0,0.0001,5.551115123125783e-17,False
final_input_token_layerwise,undisclosed,k3,target_observation_mean,1,3.0,0.13725534965144212,False
final_input_token_layerwise,undisclosed,k3,target_observation_mean,2,3.0,0.09179108241354941,False
final_input_token_layerwise,undisclosed,k3,target_observation_mean,3,3.0,0.05144835988602789,False
final_input_token_layerwise,undisclosed,k3,target_observation_mean,4,3.0,0.04203786499789369,False
final_input_token_layerwise,undisclosed,k3,target_observation_mean,5,3.0,0.04566043214149401,False
final_input_token_layerwise,undisclosed,k3,target_observation_mean,6,3.0,0.020293969624345487,False
final_input_token_layerwise,undisclosed,k3,target_observation_mean,7,3.0,0.04262410215514889,False
final_input_token_layerwise,undisclosed,k3,target_observation_mean,8,0.1,0.16600987653535706,False
final_input_token_layerwise,undisclosed,k3,target_observation_mean,9,3.0,0.112198078965281,False
final_input_token_layerwise,undisclosed,k3,target_observation_mean,10,0.1,0.15996213980686114,False
final_input_token_layerwise,undisclosed,k3,target_observation_mean,11,0.1,0.22537032616601488,False
final_input_token_layerwise,undisclosed,k3,target_observation_mean,12,3.0,0.1904396885354994,False
final_input_token_layerwise,undisclosed,k3,target_observation_mean,13,3.0,0.2514628230175501,False
final_input_token_layerwise,undisclosed,k3,target_observation_mean,14,3.0,0.26445768436974404,False
final_input_token_layerwise,undisclosed,k3,target_observation_mean,15,3.0,0.30422278505417927,False
final_input_token_layerwise,undisclosed,k3,target_observation_mean,16,3.0,0.3542512394655881,False
final_input_token_layerwise,undisclosed,k3,target_observation_mean,17,3.0,0.30287351186077904,False
final_input_token_layerwise,undisclosed,k3,target_observation_mean,18,3.0,0.28815382321137495,False
final_input_token_layerwise,undisclosed,k3,target_observation_mean,19,3.0,0.30242537080799836,False
final_input_token_layerwise,undisclosed,k3,target_observation_mean,20,3.0,0.28376075746362966,False
final_input_token_layerwise,undisclosed,k3,target_observation_mean,21,3.0,0.27535573529050267,False
final_input_token_layerwise,undisclosed,k3,target_observation_mean,22,3.0,0.2771649522647374,False
final_input_token_layerwise,undisclosed,k3,target_observation_mean,23,3.0,0.2703070806623745,False
final_input_token_layerwise,undisclosed,k3,target_observation_mean,24,3.0,0.2652646563351355,False
final_input_token_layerwise,undisclosed,k3,target_observation_mean,25,3.0,0.27038999947172027,False
final_input_token_layerwise,undisclosed,k3,target_observation_mean,26,3.0,0.2688004563089759,False
final_input_token_layerwise,undisclosed,k3,target_observation_mean,27,3.0,0.2752232359384166,False
final_input_token_layerwise,undisclosed,k3,target_observation_mean,28,3.0,0.2766168167129839,False
final_input_token_layerwise,undisclosed,k3,target_observation_mean,29,3.0,0.28764503349067155,False
final_input_token_layerwise,undisclosed,k3,target_observation_mean,30,0.1,0.35248579209315695,False
final_input_token_layerwise,undisclosed,k3,target_observation_mean,31,0.1,0.4139915397291633,False
final_input_token_layerwise,undisclosed,k3,target_observation_mean,32,0.1,0.43700300131267933,True
final_input_token_layerwise,undisclosed,k3,target_time_slope,0,0.0001,0.0,False
final_input_token_layerwise,undisclosed,k3,target_time_slope,1,3.0,0.056867064577879295,False
final_input_token_layerwise,undisclosed,k3,target_time_slope,2,3.0,0.0433769253503814,False
final_input_token_layerwise,undisclosed,k3,target_time_slope,3,0.1,0.060851247375905415,False
final_input_token_layerwise,undisclosed,k3,target_time_slope,4,100.0,-0.0007080528248925577,False
final_input_token_layerwise,undisclosed,k3,target_time_slope,5,100.0,-0.00031285342312584175,False
final_input_token_layerwise,undisclosed,k3,target_time_slope,6,100.0,2.1403934179375916e-05,False
final_input_token_layerwise,undisclosed,k3,target_time_slope,7,3.0,0.013798848436427702,False
final_input_token_layerwise,undisclosed,k3,target_time_slope,8,3.0,0.0028513418050653827,False
final_input_token_layerwise,undisclosed,k3,target_time_slope,9,0.1,0.058462048310742365,False
final_input_token_layerwise,undisclosed,k3,target_time_slope,10,0.1,0.07880863711770383,False
final_input_token_layerwise,undisclosed,k3,target_time_slope,11,3.0,0.03483421408564469,False
final_input_token_layerwise,undisclosed,k3,target_time_slope,12,3.0,0.024263626332436145,False
final_input_token_layerwise,undisclosed,k3,target_time_slope,13,3.0,0.0294511055272981,False
final_input_token_layerwise,undisclosed,k3,target_time_slope,14,3.0,0.029680696568434056,False
final_input_token_layerwise,undisclosed,k3,target_time_slope,15,3.0,0.05034565661330315,False
final_input_token_layerwise,undisclosed,k3,target_time_slope,16,3.0,0.07468155325160658,False
final_input_token_layerwise,undisclosed,k3,target_time_slope,17,0.1,0.0720697428084131,False
final_input_token_layerwise,undisclosed,k3,target_time_slope,18,3.0,0.04943308080851755,False
final_input_token_layerwise,undisclosed,k3,target_time_slope,19,0.1,0.05995939692127855,False
final_input_token_layerwise,undisclosed,k3,target_time_slope,20,3.0,0.045282119058307646,False
final_input_token_layerwise,undisclosed,k3,target_time_slope,21,0.1,0.04438241987921385,False
final_input_token_layerwise,undisclosed,k3,target_time_slope,22,0.1,0.04156697094898526,False
final_input_token_layerwise,undisclosed,k3,target_time_slope,23,3.0,0.031017478746914462,False
final_input_token_layerwise,undisclosed,k3,target_time_slope,24,3.0,0.03299786788392664,False
final_input_token_layerwise,undisclosed,k3,target_time_slope,25,3.0,0.022101880717914357,False
final_input_token_layerwise,undisclosed,k3,target_time_slope,26,3.0,0.014441718097710943,False
final_input_token_layerwise,undisclosed,k3,target_time_slope,27,3.0,0.020035476231288513,False
final_input_token_layerwise,undisclosed,k3,target_time_slope,28,0.1,0.022905589175357732,False
final_input_token_layerwise,undisclosed,k3,target_time_slope,29,3.0,0.01893835457744808,False
final_input_token_layerwise,undisclosed,k3,target_time_slope,30,3.0,0.03627491220130352,False
final_input_token_layerwise,undisclosed,k3,target_time_slope,31,0.1,0.09118782060704897,True
final_input_token_layerwise,undisclosed,k3,target_time_slope,32,3.0,0.04356617872007473,False
final_input_token_layerwise,undisclosed,k3,displayed_driver_outcome_slope,0,0.0001,5.551115123125783e-17,False
final_input_token_layerwise,undisclosed,k3,displayed_driver_outcome_slope,1,100.0,-4.719340336772904e-06,False
final_input_token_layerwise,undisclosed,k3,displayed_driver_outcome_slope,2,100.0,-0.0006622084661105365,False
final_input_token_layerwise,undisclosed,k3,displayed_driver_outcome_slope,3,100.0,0.00013618995530695344,False
final_input_token_layerwise,undisclosed,k3,displayed_driver_outcome_slope,4,3.0,0.0091066204627972,False
final_input_token_layerwise,undisclosed,k3,displayed_driver_outcome_slope,5,3.0,0.014832250716999673,False
final_input_token_layerwise,undisclosed,k3,displayed_driver_outcome_slope,6,3.0,0.016221043734100965,False
final_input_token_layerwise,undisclosed,k3,displayed_driver_outcome_slope,7,3.0,0.007312096398399359,False
final_input_token_layerwise,undisclosed,k3,displayed_driver_outcome_slope,8,100.0,-0.0003290781245413599,False
final_input_token_layerwise,undisclosed,k3,displayed_driver_outcome_slope,9,3.0,0.017240582268096744,False
final_input_token_layerwise,undisclosed,k3,displayed_driver_outcome_slope,10,3.0,0.004191657012155181,False
final_input_token_layerwise,undisclosed,k3,displayed_driver_outcome_slope,11,3.0,0.001004522581247308,False
final_input_token_layerwise,undisclosed,k3,displayed_driver_outcome_slope,12,100.0,0.000488202842906571,False
final_input_token_layerwise,undisclosed,k3,displayed_driver_outcome_slope,13,3.0,0.012046076107076475,False
final_input_token_layerwise,undisclosed,k3,displayed_driver_outcome_slope,14,3.0,0.009367809575185487,False
final_input_token_layerwise,undisclosed,k3,displayed_driver_outcome_slope,15,3.0,0.025043676965515155,False
final_input_token_layerwise,undisclosed,k3,displayed_driver_outcome_slope,16,3.0,0.04183687992868068,False
final_input_token_layerwise,undisclosed,k3,displayed_driver_outcome_slope,17,3.0,0.04362363081870238,False
final_input_token_layerwise,undisclosed,k3,displayed_driver_outcome_slope,18,3.0,0.039128483469715813,False
final_input_token_layerwise,undisclosed,k3,displayed_driver_outcome_slope,19,3.0,0.04405272075106845,True
final_input_token_layerwise,undisclosed,k3,displayed_driver_outcome_slope,20,3.0,0.042169900672779204,False
final_input_token_layerwise,undisclosed,k3,displayed_driver_outcome_slope,21,3.0,0.03374268029892344,False
final_input_token_layerwise,undisclosed,k3,displayed_driver_outcome_slope,22,3.0,0.03112252651759012,False
final_input_token_layerwise,undisclosed,k3,displayed_driver_outcome_slope,23,3.0,0.03441615311534546,False
final_input_token_layerwise,undisclosed,k3,displayed_driver_outcome_slope,24,3.0,0.03571108670721712,False
final_input_token_layerwise,undisclosed,k3,displayed_driver_outcome_slope,25,3.0,0.0369743400575675,False
final_input_token_layerwise,undisclosed,k3,displayed_driver_outcome_slope,26,3.0,0.034553630724817264,False
final_input_token_layerwise,undisclosed,k3,displayed_driver_outcome_slope,27,3.0,0.03717788206355521,False
final_input_token_layerwise,undisclosed,k3,displayed_driver_outcome_slope,28,3.0,0.03537644537864326,False
final_input_token_layerwise,undisclosed,k3,displayed_driver_outcome_slope,29,3.0,0.022767526600745824,False
final_input_token_layerwise,undisclosed,k3,displayed_driver_outcome_slope,30,3.0,0.01349040082655703,False
final_input_token_layerwise,undisclosed,k3,displayed_driver_outcome_slope,31,3.0,0.01278566848561194,False
final_input_token_layerwise,undisclosed,k3,displayed_driver_outcome_slope,32,3.0,0.017814063392772722,False
final_input_token_layerwise,undisclosed,k3,oracle_posterior_gain,0,0.0001,2.7755575615628914e-17,False
final_input_token_layerwise,undisclosed,k3,oracle_posterior_gain,1,3.0,0.008269796025977993,False
final_input_token_layerwise,undisclosed,k3,oracle_posterior_gain,2,100.0,-5.932423306304058e-05,False
final_input_token_layerwise,undisclosed,k3,oracle_posterior_gain,3,100.0,-0.0013230072297323314,False
final_input_token_layerwise,undisclosed,k3,oracle_posterior_gain,4,100.0,-0.001474247563424902,False
final_input_token_layerwise,undisclosed,k3,oracle_posterior_gain,5,100.0,-0.0008503082166404496,False
final_input_token_layerwise,undisclosed,k3,oracle_posterior_gain,6,100.0,-0.0008302215674284574,False
final_input_token_layerwise,undisclosed,k3,oracle_posterior_gain,7,100.0,-0.0005075203073020562,False
final_input_token_layerwise,undisclosed,k3,oracle_posterior_gain,8,100.0,-0.00018361297871885562,False
final_input_token_layerwise,undisclosed,k3,oracle_posterior_gain,9,0.1,0.11706024525115907,False
final_input_token_layerwise,undisclosed,k3,oracle_posterior_gain,10,0.1,0.10303939083882444,False
final_input_token_layerwise,undisclosed,k3,oracle_posterior_gain,11,0.1,0.12818269801578638,False
final_input_token_layerwise,undisclosed,k3,oracle_posterior_gain,12,0.1,0.10912852804047993,False
final_input_token_layerwise,undisclosed,k3,oracle_posterior_gain,13,0.1,0.06689606474332535,False
final_input_token_layerwise,undisclosed,k3,oracle_posterior_gain,14,0.1,0.04774775453250396,False
final_input_token_layerwise,undisclosed,k3,oracle_posterior_gain,15,0.1,0.2138895037994773,False
final_input_token_layerwise,undisclosed,k3,oracle_posterior_gain,16,0.1,0.2272492336964716,True
final_input_token_layerwise,undisclosed,k3,oracle_posterior_gain,17,3.0,0.17055576167437933,False
final_input_token_layerwise,undisclosed,k3,oracle_posterior_gain,18,0.1,0.1740959272617157,False
final_input_token_layerwise,undisclosed,k3,oracle_posterior_gain,19,0.1,0.19369677271895647,False
final_input_token_layerwise,undisclosed,k3,oracle_posterior_gain,20,0.1,0.1967280151134277,False
final_input_token_layerwise,undisclosed,k3,oracle_posterior_gain,21,0.1,0.18366823266137414,False
final_input_token_layerwise,undisclosed,k3,oracle_posterior_gain,22,0.1,0.16701797048750175,False
final_input_token_layerwise,undisclosed,k3,oracle_posterior_gain,23,0.1,0.16366831192182246,False
final_input_token_layerwise,undisclosed,k3,oracle_posterior_gain,24,0.1,0.1757459183467764,False
final_input_token_layerwise,undisclosed,k3,oracle_posterior_gain,25,0.1,0.16694976209708223,False
final_input_token_layerwise,undisclosed,k3,oracle_posterior_gain,26,0.1,0.18665237594964104,False
final_input_token_layerwise,undisclosed,k3,oracle_posterior_gain,27,0.1,0.18437629347928053,False
final_input_token_layerwise,undisclosed,k3,oracle_posterior_gain,28,0.1,0.17802977256011188,False
final_input_token_layerwise,undisclosed,k3,oracle_posterior_gain,29,0.1,0.17069179921765623,False
final_input_token_layerwise,undisclosed,k3,oracle_posterior_gain,30,0.1,0.18807196269737764,False
final_input_token_layerwise,undisclosed,k3,oracle_posterior_gain,31,3.0,0.17885904877554587,False
final_input_token_layerwise,undisclosed,k3,oracle_posterior_gain,32,3.0,0.19271164744075545,False
final_input_token_layerwise,undisclosed,k6,gain,0,0.0001,0.0,False
final_input_token_layerwise,undisclosed,k6,gain,1,3.0,0.0028147740670969867,False
final_input_token_layerwise,undisclosed,k6,gain,2,3.0,0.004252475945740408,False
final_input_token_layerwise,undisclosed,k6,gain,3,100.0,2.7129434248401862e-05,False
final_input_token_layerwise,undisclosed,k6,gain,4,100.0,-6.513616049616533e-05,False
final_input_token_layerwise,undisclosed,k6,gain,5,100.0,-0.00025010367666142286,False
final_input_token_layerwise,undisclosed,k6,gain,6,100.0,-7.475860727071404e-05,False
final_input_token_layerwise,undisclosed,k6,gain,7,100.0,-0.0006033166431607395,False
final_input_token_layerwise,undisclosed,k6,gain,8,100.0,-3.350549415001569e-05,False
final_input_token_layerwise,undisclosed,k6,gain,9,100.0,-2.4970889230091498e-05,False
final_input_token_layerwise,undisclosed,k6,gain,10,100.0,-3.2390689649330895e-06,False
final_input_token_layerwise,undisclosed,k6,gain,11,3.0,0.006078120694878508,False
final_input_token_layerwise,undisclosed,k6,gain,12,3.0,0.006814711415076835,False
final_input_token_layerwise,undisclosed,k6,gain,13,3.0,0.005326165174702635,False
final_input_token_layerwise,undisclosed,k6,gain,14,3.0,0.015393015016903738,False
final_input_token_layerwise,undisclosed,k6,gain,15,3.0,0.05781228830647156,False
final_input_token_layerwise,undisclosed,k6,gain,16,3.0,0.08029359891738955,False
final_input_token_layerwise,undisclosed,k6,gain,17,3.0,0.07444062759102707,False
final_input_token_layerwise,undisclosed,k6,gain,18,0.1,0.08246204251598993,False
final_input_token_layerwise,undisclosed,k6,gain,19,0.1,0.07824606025660608,False
final_input_token_layerwise,undisclosed,k6,gain,20,0.1,0.11637639489329518,False
final_input_token_layerwise,undisclosed,k6,gain,21,0.1,0.09145918691535909,False
final_input_token_layerwise,undisclosed,k6,gain,22,0.1,0.09138749116389377,False
final_input_token_layerwise,undisclosed,k6,gain,23,0.1,0.12408562262608736,False
final_input_token_layerwise,undisclosed,k6,gain,24,0.1,0.10198163093045454,False
final_input_token_layerwise,undisclosed,k6,gain,25,0.1,0.09798828812759,False
final_input_token_layerwise,undisclosed,k6,gain,26,0.1,0.12368125772922012,False
final_input_token_layerwise,undisclosed,k6,gain,27,0.1,0.14808417676075533,False
final_input_token_layerwise,undisclosed,k6,gain,28,0.1,0.15066372755197538,False
final_input_token_layerwise,undisclosed,k6,gain,29,0.1,0.19013187492405292,False
final_input_token_layerwise,undisclosed,k6,gain,30,0.1,0.16326953733789556,False
final_input_token_layerwise,undisclosed,k6,gain,31,0.1,0.16474021834259367,False
final_input_token_layerwise,undisclosed,k6,gain,32,0.1,0.19748545164639503,True
final_input_token_layerwise,undisclosed,k6,response_residual,0,0.0001,-2.7755575615628914e-17,False
final_input_token_layerwise,undisclosed,k6,response_residual,1,3.0,0.0030896458659322723,False
final_input_token_layerwise,undisclosed,k6,response_residual,2,100.0,4.854872238302388e-05,False
final_input_token_layerwise,undisclosed,k6,response_residual,3,100.0,-7.433765428241368e-05,False
final_input_token_layerwise,undisclosed,k6,response_residual,4,100.0,-0.00019541556457014497,False
final_input_token_layerwise,undisclosed,k6,response_residual,5,100.0,-0.00026810316029063364,False
final_input_token_layerwise,undisclosed,k6,response_residual,6,100.0,4.293184802578454e-06,False
final_input_token_layerwise,undisclosed,k6,response_residual,7,100.0,-0.00038340601407263475,False
final_input_token_layerwise,undisclosed,k6,response_residual,8,100.0,-0.0001853432403296773,False
final_input_token_layerwise,undisclosed,k6,response_residual,9,100.0,-0.0002795713452010684,False
final_input_token_layerwise,undisclosed,k6,response_residual,10,100.0,-0.00015534382939455527,False
final_input_token_layerwise,undisclosed,k6,response_residual,11,100.0,-4.621244137190117e-05,False
final_input_token_layerwise,undisclosed,k6,response_residual,12,100.0,-0.00012433962419616806,False
final_input_token_layerwise,undisclosed,k6,response_residual,13,100.0,6.651174582650299e-06,False
final_input_token_layerwise,undisclosed,k6,response_residual,14,100.0,0.00043949881187946294,False
final_input_token_layerwise,undisclosed,k6,response_residual,15,3.0,0.029963987146676196,False
final_input_token_layerwise,undisclosed,k6,response_residual,16,3.0,0.03751331479376119,False
final_input_token_layerwise,undisclosed,k6,response_residual,17,3.0,0.0382132672259439,False
final_input_token_layerwise,undisclosed,k6,response_residual,18,3.0,0.032546584363283004,False
final_input_token_layerwise,undisclosed,k6,response_residual,19,3.0,0.02883580053294596,False
final_input_token_layerwise,undisclosed,k6,response_residual,20,3.0,0.02782290317049435,False
final_input_token_layerwise,undisclosed,k6,response_residual,21,3.0,0.024096890063087517,False
final_input_token_layerwise,undisclosed,k6,response_residual,22,3.0,0.024136234062214712,False
final_input_token_layerwise,undisclosed,k6,response_residual,23,3.0,0.028757200557999907,False
final_input_token_layerwise,undisclosed,k6,response_residual,24,3.0,0.028584130297669014,False
final_input_token_layerwise,undisclosed,k6,response_residual,25,3.0,0.028940694592929167,False
final_input_token_layerwise,undisclosed,k6,response_residual,26,3.0,0.02685349443963797,False
final_input_token_layerwise,undisclosed,k6,response_residual,27,3.0,0.0309605464276676,False
final_input_token_layerwise,undisclosed,k6,response_residual,28,3.0,0.037090409689350984,False
final_input_token_layerwise,undisclosed,k6,response_residual,29,3.0,0.05510730653087734,False
final_input_token_layerwise,undisclosed,k6,response_residual,30,3.0,0.07775091181759208,False
final_input_token_layerwise,undisclosed,k6,response_residual,31,3.0,0.08412164101371983,False
final_input_token_layerwise,undisclosed,k6,response_residual,32,3.0,0.10132305334949743,True
final_input_token_layerwise,undisclosed,k6,last_target_observation,0,0.0001,-2.7755575615628914e-17,False
final_input_token_layerwise,undisclosed,k6,last_target_observation,1,0.1,0.05651611988155392,False
final_input_token_layerwise,undisclosed,k6,last_target_observation,2,3.0,0.03884654665056378,False
final_input_token_layerwise,undisclosed,k6,last_target_observation,3,0.1,0.04649956205914138,False
final_input_token_layerwise,undisclosed,k6,last_target_observation,4,3.0,0.03966776457408036,False
final_input_token_layerwise,undisclosed,k6,last_target_observation,5,3.0,0.0299360025270842,False
final_input_token_layerwise,undisclosed,k6,last_target_observation,6,3.0,0.019053483962576667,False
final_input_token_layerwise,undisclosed,k6,last_target_observation,7,100.0,0.00016753762555613005,False
final_input_token_layerwise,undisclosed,k6,last_target_observation,8,100.0,-0.0006083204902636585,False
final_input_token_layerwise,undisclosed,k6,last_target_observation,9,0.1,0.15911685188540933,False
final_input_token_layerwise,undisclosed,k6,last_target_observation,10,0.1,0.12668986587373532,False
final_input_token_layerwise,undisclosed,k6,last_target_observation,11,0.1,0.22074910081997665,True
final_input_token_layerwise,undisclosed,k6,last_target_observation,12,0.1,0.15097853565496847,False
final_input_token_layerwise,undisclosed,k6,last_target_observation,13,0.1,0.05643245708954772,False
final_input_token_layerwise,undisclosed,k6,last_target_observation,14,0.1,0.16302851934915388,False
final_input_token_layerwise,undisclosed,k6,last_target_observation,15,0.1,0.13661335586117862,False
final_input_token_layerwise,undisclosed,k6,last_target_observation,16,3.0,0.0726306798708434,False
final_input_token_layerwise,undisclosed,k6,last_target_observation,17,3.0,0.053935317542227995,False
final_input_token_layerwise,undisclosed,k6,last_target_observation,18,3.0,0.039392044067255105,False
final_input_token_layerwise,undisclosed,k6,last_target_observation,19,3.0,0.03584936117724252,False
final_input_token_layerwise,undisclosed,k6,last_target_observation,20,3.0,0.027214038765069032,False
final_input_token_layerwise,undisclosed,k6,last_target_observation,21,3.0,0.023651072297260517,False
final_input_token_layerwise,undisclosed,k6,last_target_observation,22,3.0,0.022078073737984927,False
final_input_token_layerwise,undisclosed,k6,last_target_observation,23,3.0,0.01712961234779503,False
final_input_token_layerwise,undisclosed,k6,last_target_observation,24,3.0,0.018713398802448294,False
final_input_token_layerwise,undisclosed,k6,last_target_observation,25,3.0,0.02317818980879091,False
final_input_token_layerwise,undisclosed,k6,last_target_observation,26,3.0,0.018655278727488178,False
final_input_token_layerwise,undisclosed,k6,last_target_observation,27,3.0,0.015797687781877345,False
final_input_token_layerwise,undisclosed,k6,last_target_observation,28,3.0,0.01698909119159958,False
final_input_token_layerwise,undisclosed,k6,last_target_observation,29,3.0,0.03192354611150805,False
final_input_token_layerwise,undisclosed,k6,last_target_observation,30,3.0,0.054608494946632696,False
final_input_token_layerwise,undisclosed,k6,last_target_observation,31,3.0,0.05627729107463522,False
final_input_token_layerwise,undisclosed,k6,last_target_observation,32,3.0,0.07004199587047943,False
final_input_token_layerwise,undisclosed,k6,target_observation_mean,0,0.0001,2.7755575615628914e-17,False
final_input_token_layerwise,undisclosed,k6,target_observation_mean,1,0.1,0.07966609397730501,False
final_input_token_layerwise,undisclosed,k6,target_observation_mean,2,3.0,0.023092267436548825,False
final_input_token_layerwise,undisclosed,k6,target_observation_mean,3,3.0,0.014468994652579642,False
final_input_token_layerwise,undisclosed,k6,target_observation_mean,4,0.1,0.06470806590233927,False
final_input_token_layerwise,undisclosed,k6,target_observation_mean,5,3.0,0.042212629466510665,False
final_input_token_layerwise,undisclosed,k6,target_observation_mean,6,3.0,0.03198781189857705,False
final_input_token_layerwise,undisclosed,k6,target_observation_mean,7,3.0,0.023355702442847015,False
final_input_token_layerwise,undisclosed,k6,target_observation_mean,8,3.0,0.06487338639977638,False
final_input_token_layerwise,undisclosed,k6,target_observation_mean,9,0.1,0.10597959492513587,False
final_input_token_layerwise,undisclosed,k6,target_observation_mean,10,0.1,0.12357262484896553,False
final_input_token_layerwise,undisclosed,k6,target_observation_mean,11,0.1,0.14197543432218465,False
final_input_token_layerwise,undisclosed,k6,target_observation_mean,12,0.1,0.16231300276668378,False
final_input_token_layerwise,undisclosed,k6,target_observation_mean,13,0.1,0.11363540760363883,False
final_input_token_layerwise,undisclosed,k6,target_observation_mean,14,3.0,0.08324184703535564,False
final_input_token_layerwise,undisclosed,k6,target_observation_mean,15,3.0,0.10407996432874186,False
final_input_token_layerwise,undisclosed,k6,target_observation_mean,16,3.0,0.17042757167501288,False
final_input_token_layerwise,undisclosed,k6,target_observation_mean,17,3.0,0.15534279558811698,False
final_input_token_layerwise,undisclosed,k6,target_observation_mean,18,3.0,0.17188217118851726,False
final_input_token_layerwise,undisclosed,k6,target_observation_mean,19,3.0,0.1590740239416763,False
final_input_token_layerwise,undisclosed,k6,target_observation_mean,20,3.0,0.1484797150298719,False
final_input_token_layerwise,undisclosed,k6,target_observation_mean,21,3.0,0.15234708506520012,False
final_input_token_layerwise,undisclosed,k6,target_observation_mean,22,3.0,0.15187579905452706,False
final_input_token_layerwise,undisclosed,k6,target_observation_mean,23,3.0,0.1465049110563712,False
final_input_token_layerwise,undisclosed,k6,target_observation_mean,24,3.0,0.14407607991336926,False
final_input_token_layerwise,undisclosed,k6,target_observation_mean,25,3.0,0.14428817933942464,False
final_input_token_layerwise,undisclosed,k6,target_observation_mean,26,3.0,0.14141211200738216,False
final_input_token_layerwise,undisclosed,k6,target_observation_mean,27,3.0,0.1450380610250517,False
final_input_token_layerwise,undisclosed,k6,target_observation_mean,28,3.0,0.1404128843013672,False
final_input_token_layerwise,undisclosed,k6,target_observation_mean,29,0.1,0.16878593320838386,False
final_input_token_layerwise,undisclosed,k6,target_observation_mean,30,0.1,0.27354027913774204,False
final_input_token_layerwise,undisclosed,k6,target_observation_mean,31,0.1,0.3006644001332982,False
final_input_token_layerwise,undisclosed,k6,target_observation_mean,32,0.1,0.34203676442263375,True
final_input_token_layerwise,undisclosed,k6,target_time_slope,0,0.0001,0.0,False
final_input_token_layerwise,undisclosed,k6,target_time_slope,1,3.0,0.02688253192982243,False
final_input_token_layerwise,undisclosed,k6,target_time_slope,2,3.0,0.02555656981149587,False
final_input_token_layerwise,undisclosed,k6,target_time_slope,3,3.0,0.019684733995151527,False
final_input_token_layerwise,undisclosed,k6,target_time_slope,4,3.0,0.011582652867581283,False
final_input_token_layerwise,undisclosed,k6,target_time_slope,5,3.0,0.007315272338684009,False
final_input_token_layerwise,undisclosed,k6,target_time_slope,6,100.0,4.195903788098421e-05,False
final_input_token_layerwise,undisclosed,k6,target_time_slope,7,100.0,-0.00037736538414484544,False
final_input_token_layerwise,undisclosed,k6,target_time_slope,8,100.0,-0.0010988355264289762,False
final_input_token_layerwise,undisclosed,k6,target_time_slope,9,3.0,0.008170109146355825,False
final_input_token_layerwise,undisclosed,k6,target_time_slope,10,3.0,0.023288222013548965,False
final_input_token_layerwise,undisclosed,k6,target_time_slope,11,0.1,0.11927498401676428,False
final_input_token_layerwise,undisclosed,k6,target_time_slope,12,0.1,0.05233159457911765,False
final_input_token_layerwise,undisclosed,k6,target_time_slope,13,3.0,0.008918709277562081,False
final_input_token_layerwise,undisclosed,k6,target_time_slope,14,0.1,0.06773018201579326,False
final_input_token_layerwise,undisclosed,k6,target_time_slope,15,0.1,0.1306671371656091,False
final_input_token_layerwise,undisclosed,k6,target_time_slope,16,0.1,0.11331469857010998,False
final_input_token_layerwise,undisclosed,k6,target_time_slope,17,0.1,0.12320959656098804,False
final_input_token_layerwise,undisclosed,k6,target_time_slope,18,3.0,0.05296510138180863,False
final_input_token_layerwise,undisclosed,k6,target_time_slope,19,3.0,0.04161291422346036,False
final_input_token_layerwise,undisclosed,k6,target_time_slope,20,3.0,0.029250775600383916,False
final_input_token_layerwise,undisclosed,k6,target_time_slope,21,3.0,0.032170213792455216,False
final_input_token_layerwise,undisclosed,k6,target_time_slope,22,3.0,0.030513967542177833,False
final_input_token_layerwise,undisclosed,k6,target_time_slope,23,3.0,0.02713410842772629,False
final_input_token_layerwise,undisclosed,k6,target_time_slope,24,3.0,0.02673831414938274,False
final_input_token_layerwise,undisclosed,k6,target_time_slope,25,3.0,0.032731966996211476,False
final_input_token_layerwise,undisclosed,k6,target_time_slope,26,3.0,0.030323022864150923,False
final_input_token_layerwise,undisclosed,k6,target_time_slope,27,3.0,0.03385152629188551,False
final_input_token_layerwise,undisclosed,k6,target_time_slope,28,0.1,0.04080870975060491,False
final_input_token_layerwise,undisclosed,k6,target_time_slope,29,3.0,0.0327132557151934,False
final_input_token_layerwise,undisclosed,k6,target_time_slope,30,3.0,0.05487416443604179,False
final_input_token_layerwise,undisclosed,k6,target_time_slope,31,3.0,0.057568695855259616,False
final_input_token_layerwise,undisclosed,k6,target_time_slope,32,0.1,0.1481619351205047,True
final_input_token_layerwise,undisclosed,k6,displayed_driver_outcome_slope,0,0.0001,-5.551115123125783e-17,False
final_input_token_layerwise,undisclosed,k6,displayed_driver_outcome_slope,1,100.0,-0.0001587850665337176,False
final_input_token_layerwise,undisclosed,k6,displayed_driver_outcome_slope,2,100.0,-0.0003321667433889841,False
final_input_token_layerwise,undisclosed,k6,displayed_driver_outcome_slope,3,3.0,0.008305749162533377,False
final_input_token_layerwise,undisclosed,k6,displayed_driver_outcome_slope,4,3.0,0.03012127374432136,False
final_input_token_layerwise,undisclosed,k6,displayed_driver_outcome_slope,5,3.0,0.0237927053377347,False
final_input_token_layerwise,undisclosed,k6,displayed_driver_outcome_slope,6,0.1,0.03147729081286596,True
final_input_token_layerwise,undisclosed,k6,displayed_driver_outcome_slope,7,3.0,0.009717340107655292,False
final_input_token_layerwise,undisclosed,k6,displayed_driver_outcome_slope,8,3.0,0.0018240124276594771,False
final_input_token_layerwise,undisclosed,k6,displayed_driver_outcome_slope,9,100.0,0.00013299278372061463,False
final_input_token_layerwise,undisclosed,k6,displayed_driver_outcome_slope,10,100.0,0.0007007654855232526,False
final_input_token_layerwise,undisclosed,k6,displayed_driver_outcome_slope,11,3.0,0.001808304109076675,False
final_input_token_layerwise,undisclosed,k6,displayed_driver_outcome_slope,12,3.0,0.006198945062308364,False
final_input_token_layerwise,undisclosed,k6,displayed_driver_outcome_slope,13,3.0,0.010409318340169227,False
final_input_token_layerwise,undisclosed,k6,displayed_driver_outcome_slope,14,3.0,0.012095869835743484,False
final_input_token_layerwise,undisclosed,k6,displayed_driver_outcome_slope,15,3.0,0.021646712042616145,False
final_input_token_layerwise,undisclosed,k6,displayed_driver_outcome_slope,16,3.0,0.010135666557176154,False
final_input_token_layerwise,undisclosed,k6,displayed_driver_outcome_slope,17,3.0,0.009614525091829751,False
final_input_token_layerwise,undisclosed,k6,displayed_driver_outcome_slope,18,3.0,0.004732926050562053,False
final_input_token_layerwise,undisclosed,k6,displayed_driver_outcome_slope,19,3.0,0.006360692109268179,False
final_input_token_layerwise,undisclosed,k6,displayed_driver_outcome_slope,20,3.0,0.0027354969540654694,False
final_input_token_layerwise,undisclosed,k6,displayed_driver_outcome_slope,21,3.0,0.006729550656954242,False
final_input_token_layerwise,undisclosed,k6,displayed_driver_outcome_slope,22,3.0,0.006248222841895301,False
final_input_token_layerwise,undisclosed,k6,displayed_driver_outcome_slope,23,3.0,0.005994171760249661,False
final_input_token_layerwise,undisclosed,k6,displayed_driver_outcome_slope,24,3.0,-0.000504757659524846,False
final_input_token_layerwise,undisclosed,k6,displayed_driver_outcome_slope,25,100.0,-0.0027024203348662568,False
final_input_token_layerwise,undisclosed,k6,displayed_driver_outcome_slope,26,100.0,-0.002435621496948509,False
final_input_token_layerwise,undisclosed,k6,displayed_driver_outcome_slope,27,100.0,-0.002263446396728319,False
final_input_token_layerwise,undisclosed,k6,displayed_driver_outcome_slope,28,100.0,-0.0021651210672572196,False
final_input_token_layerwise,undisclosed,k6,displayed_driver_outcome_slope,29,3.0,0.00022987515166622563,False
final_input_token_layerwise,undisclosed,k6,displayed_driver_outcome_slope,30,100.0,-0.001836751162375888,False
final_input_token_layerwise,undisclosed,k6,displayed_driver_outcome_slope,31,100.0,-0.0017889530137381038,False
final_input_token_layerwise,undisclosed,k6,displayed_driver_outcome_slope,32,3.0,2.453609113253763e-05,False
final_input_token_layerwise,undisclosed,k6,oracle_posterior_gain,0,0.0001,-5.551115123125783e-17,False
final_input_token_layerwise,undisclosed,k6,oracle_posterior_gain,1,3.0,0.0004314448055724729,False
final_input_token_layerwise,undisclosed,k6,oracle_posterior_gain,2,100.0,5.91495861164415e-05,False
final_input_token_layerwise,undisclosed,k6,oracle_posterior_gain,3,100.0,-0.0004283573095288373,False
final_input_token_layerwise,undisclosed,k6,oracle_posterior_gain,4,100.0,-0.0005434116004633949,False
final_input_token_layerwise,undisclosed,k6,oracle_posterior_gain,5,100.0,-0.00034255508420527603,False
final_input_token_layerwise,undisclosed,k6,oracle_posterior_gain,6,100.0,-0.0001823528944368824,False
final_input_token_layerwise,undisclosed,k6,oracle_posterior_gain,7,100.0,-0.00036661119957129285,False
final_input_token_layerwise,undisclosed,k6,oracle_posterior_gain,8,3.0,0.006455299795698727,False
final_input_token_layerwise,undisclosed,k6,oracle_posterior_gain,9,0.1,0.04537646955484129,False
final_input_token_layerwise,undisclosed,k6,oracle_posterior_gain,10,0.1,0.04221703356076259,False
final_input_token_layerwise,undisclosed,k6,oracle_posterior_gain,11,3.0,0.01323976678459729,False
final_input_token_layerwise,undisclosed,k6,oracle_posterior_gain,12,0.1,0.026519700717879402,False
final_input_token_layerwise,undisclosed,k6,oracle_posterior_gain,13,3.0,0.02141926682549783,False
final_input_token_layerwise,undisclosed,k6,oracle_posterior_gain,14,3.0,0.05464146327170952,False
final_input_token_layerwise,undisclosed,k6,oracle_posterior_gain,15,0.1,0.12239644554780854,False
final_input_token_layerwise,undisclosed,k6,oracle_posterior_gain,16,0.1,0.15300648835181596,False
final_input_token_layerwise,undisclosed,k6,oracle_posterior_gain,17,0.1,0.1358504792155612,False
final_input_token_layerwise,undisclosed,k6,oracle_posterior_gain,18,3.0,0.13951079511147893,False
final_input_token_layerwise,undisclosed,k6,oracle_posterior_gain,19,3.0,0.13618283396236447,False
final_input_token_layerwise,undisclosed,k6,oracle_posterior_gain,20,3.0,0.1271071371312028,False
final_input_token_layerwise,undisclosed,k6,oracle_posterior_gain,21,3.0,0.12112041161791373,False
final_input_token_layerwise,undisclosed,k6,oracle_posterior_gain,22,0.1,0.1375197030375802,False
final_input_token_layerwise,undisclosed,k6,oracle_posterior_gain,23,0.1,0.16014545532983088,False
final_input_token_layerwise,undisclosed,k6,oracle_posterior_gain,24,0.1,0.1856705951563497,False
final_input_token_layerwise,undisclosed,k6,oracle_posterior_gain,25,0.1,0.1945825017520569,False
final_input_token_layerwise,undisclosed,k6,oracle_posterior_gain,26,0.1,0.2050239502798475,False
final_input_token_layerwise,undisclosed,k6,oracle_posterior_gain,27,0.1,0.24328456014445826,True
final_input_token_layerwise,undisclosed,k6,oracle_posterior_gain,28,0.1,0.24198938134637804,False
final_input_token_layerwise,undisclosed,k6,oracle_posterior_gain,29,0.1,0.22761310533562476,False
final_input_token_layerwise,undisclosed,k6,oracle_posterior_gain,30,0.1,0.21290280681429963,False
final_input_token_layerwise,undisclosed,k6,oracle_posterior_gain,31,3.0,0.19604103364381067,False
final_input_token_layerwise,undisclosed,k6,oracle_posterior_gain,32,3.0,0.22105320690510488,False
final_input_token_layerwise,undisclosed,k9,gain,0,0.0001,0.0,False
final_input_token_layerwise,undisclosed,k9,gain,1,100.0,-8.806209235839857e-05,False
final_input_token_layerwise,undisclosed,k9,gain,2,100.0,2.263071025390695e-05,False
final_input_token_layerwise,undisclosed,k9,gain,3,100.0,-2.8895460214339863e-05,False
final_input_token_layerwise,undisclosed,k9,gain,4,100.0,-6.93985203120695e-06,False
final_input_token_layerwise,undisclosed,k9,gain,5,3.0,0.004466435396229762,False
final_input_token_layerwise,undisclosed,k9,gain,6,3.0,0.005092181877080271,False
final_input_token_layerwise,undisclosed,k9,gain,7,3.0,0.0102936377638293,False
final_input_token_layerwise,undisclosed,k9,gain,8,3.0,0.0010716893074808054,False
final_input_token_layerwise,undisclosed,k9,gain,9,0.1,0.03999909482551253,False
final_input_token_layerwise,undisclosed,k9,gain,10,0.1,0.11189416219728929,False
final_input_token_layerwise,undisclosed,k9,gain,11,0.1,0.12593040673565792,False
final_input_token_layerwise,undisclosed,k9,gain,12,0.1,0.059243122575958346,False
final_input_token_layerwise,undisclosed,k9,gain,13,0.1,0.11289327852020131,False
final_input_token_layerwise,undisclosed,k9,gain,14,0.1,0.13792621095071478,False
final_input_token_layerwise,undisclosed,k9,gain,15,0.1,0.27267098414455765,False
final_input_token_layerwise,undisclosed,k9,gain,16,0.1,0.310073714491634,True
final_input_token_layerwise,undisclosed,k9,gain,17,0.1,0.23575326167616686,False
final_input_token_layerwise,undisclosed,k9,gain,18,0.1,0.24833681959144815,False
final_input_token_layerwise,undisclosed,k9,gain,19,0.1,0.2477113362610012,False
final_input_token_layerwise,undisclosed,k9,gain,20,0.1,0.24935675010702316,False
final_input_token_layerwise,undisclosed,k9,gain,21,0.1,0.2419312520276838,False
final_input_token_layerwise,undisclosed,k9,gain,22,0.1,0.25666044947359723,False
final_input_token_layerwise,undisclosed,k9,gain,23,0.1,0.23209602740239496,False
final_input_token_layerwise,undisclosed,k9,gain,24,0.1,0.1954759582698057,False
final_input_token_layerwise,undisclosed,k9,gain,25,0.1,0.2152412240799912,False
final_input_token_layerwise,undisclosed,k9,gain,26,0.1,0.2384892129017029,False
final_input_token_layerwise,undisclosed,k9,gain,27,0.1,0.24777957812629464,False
final_input_token_layerwise,undisclosed,k9,gain,28,0.1,0.2476521762824099,False
final_input_token_layerwise,undisclosed,k9,gain,29,0.1,0.24403533306137754,False
final_input_token_layerwise,undisclosed,k9,gain,30,0.1,0.24029762921930833,False
final_input_token_layerwise,undisclosed,k9,gain,31,0.1,0.24939554151974497,False
final_input_token_layerwise,undisclosed,k9,gain,32,0.1,0.27004246830386963,False
final_input_token_layerwise,undisclosed,k9,response_residual,0,0.0001,-2.7755575615628914e-17,False
final_input_token_layerwise,undisclosed,k9,response_residual,1,100.0,-6.469127220140591e-05,False
final_input_token_layerwise,undisclosed,k9,response_residual,2,100.0,-2.1197832397790162e-05,False
final_input_token_layerwise,undisclosed,k9,response_residual,3,100.0,-0.00040436367603788326,False
final_input_token_layerwise,undisclosed,k9,response_residual,4,100.0,-0.0003332250300833728,False
final_input_token_layerwise,undisclosed,k9,response_residual,5,100.0,2.495926880752286e-05,False
final_input_token_layerwise,undisclosed,k9,response_residual,6,100.0,8.269312205502755e-05,False
final_input_token_layerwise,undisclosed,k9,response_residual,7,3.0,0.0019036400212443239,False
final_input_token_layerwise,undisclosed,k9,response_residual,8,100.0,-0.0004757562444774599,False
final_input_token_layerwise,undisclosed,k9,response_residual,9,100.0,0.0004389161070124936,False
final_input_token_layerwise,undisclosed,k9,response_residual,10,3.0,0.011019216978149143,False
final_input_token_layerwise,undisclosed,k9,response_residual,11,3.0,0.01500671385020061,False
final_input_token_layerwise,undisclosed,k9,response_residual,12,3.0,0.01080580674330181,False
final_input_token_layerwise,undisclosed,k9,response_residual,13,3.0,0.01841339081415852,False
final_input_token_layerwise,undisclosed,k9,response_residual,14,3.0,0.02724942204044231,False
final_input_token_layerwise,undisclosed,k9,response_residual,15,3.0,0.07521147962845207,False
final_input_token_layerwise,undisclosed,k9,response_residual,16,3.0,0.08877074938475976,False
final_input_token_layerwise,undisclosed,k9,response_residual,17,3.0,0.05776209718901004,False
final_input_token_layerwise,undisclosed,k9,response_residual,18,3.0,0.046470458607843546,False
final_input_token_layerwise,undisclosed,k9,response_residual,19,3.0,0.039149515768348214,False
final_input_token_layerwise,undisclosed,k9,response_residual,20,3.0,0.0355465869570013,False
final_input_token_layerwise,undisclosed,k9,response_residual,21,3.0,0.030417019703800507,False
final_input_token_layerwise,undisclosed,k9,response_residual,22,3.0,0.03451085093710035,False
final_input_token_layerwise,undisclosed,k9,response_residual,23,3.0,0.032688884339030944,False
final_input_token_layerwise,undisclosed,k9,response_residual,24,3.0,0.03469599266527215,False
final_input_token_layerwise,undisclosed,k9,response_residual,25,3.0,0.037205731219966565,False
final_input_token_layerwise,undisclosed,k9,response_residual,26,3.0,0.0389683508128551,False
final_input_token_layerwise,undisclosed,k9,response_residual,27,0.1,0.06304932428255294,False
final_input_token_layerwise,undisclosed,k9,response_residual,28,3.0,0.04918686004371861,False
final_input_token_layerwise,undisclosed,k9,response_residual,29,3.0,0.08805647654762797,False
final_input_token_layerwise,undisclosed,k9,response_residual,30,3.0,0.1132944028559259,False
final_input_token_layerwise,undisclosed,k9,response_residual,31,3.0,0.1221137950862955,False
final_input_token_layerwise,undisclosed,k9,response_residual,32,3.0,0.1410624672031789,True
final_input_token_layerwise,undisclosed,k9,last_target_observation,0,0.0001,1.3877787807814457e-16,False
final_input_token_layerwise,undisclosed,k9,last_target_observation,1,3.0,0.012984564325413422,False
final_input_token_layerwise,undisclosed,k9,last_target_observation,2,100.0,-8.969141371717448e-06,False
final_input_token_layerwise,undisclosed,k9,last_target_observation,3,3.0,0.03937087110818893,False
final_input_token_layerwise,undisclosed,k9,last_target_observation,4,3.0,0.034359427597392356,False
final_input_token_layerwise,undisclosed,k9,last_target_observation,5,3.0,0.0427620504102007,True
final_input_token_layerwise,undisclosed,k9,last_target_observation,6,3.0,0.039657079263697964,False
final_input_token_layerwise,undisclosed,k9,last_target_observation,7,3.0,0.03835222181183706,False
final_input_token_layerwise,undisclosed,k9,last_target_observation,8,3.0,0.03368809556223398,False
final_input_token_layerwise,undisclosed,k9,last_target_observation,9,3.0,0.040841450318806455,False
final_input_token_layerwise,undisclosed,k9,last_target_observation,10,3.0,0.027708707368123697,False
final_input_token_layerwise,undisclosed,k9,last_target_observation,11,3.0,0.030451600484779406,False
final_input_token_layerwise,undisclosed,k9,last_target_observation,12,3.0,0.024333304744404288,False
final_input_token_layerwise,undisclosed,k9,last_target_observation,13,3.0,0.019542454588916375,False
final_input_token_layerwise,undisclosed,k9,last_target_observation,14,3.0,0.020112227881903838,False
final_input_token_layerwise,undisclosed,k9,last_target_observation,15,3.0,0.026508383099977995,False
final_input_token_layerwise,undisclosed,k9,last_target_observation,16,3.0,0.03075311707997619,False
final_input_token_layerwise,undisclosed,k9,last_target_observation,17,3.0,0.025419242529090752,False
final_input_token_layerwise,undisclosed,k9,last_target_observation,18,3.0,0.022320507375682114,False
final_input_token_layerwise,undisclosed,k9,last_target_observation,19,3.0,0.015075649177099526,False
final_input_token_layerwise,undisclosed,k9,last_target_observation,20,3.0,0.002751943411152924,False
final_input_token_layerwise,undisclosed,k9,last_target_observation,21,3.0,0.0024566529899286427,False
final_input_token_layerwise,undisclosed,k9,last_target_observation,22,3.0,0.002921721033477015,False
final_input_token_layerwise,undisclosed,k9,last_target_observation,23,3.0,0.005503202790561351,False
final_input_token_layerwise,undisclosed,k9,last_target_observation,24,3.0,0.006166595359391264,False
final_input_token_layerwise,undisclosed,k9,last_target_observation,25,100.0,0.0006849866567069096,False
final_input_token_layerwise,undisclosed,k9,last_target_observation,26,100.0,0.0005893311146543401,False
final_input_token_layerwise,undisclosed,k9,last_target_observation,27,3.0,0.0007538707342784889,False
final_input_token_layerwise,undisclosed,k9,last_target_observation,28,100.0,0.0005368730828176627,False
final_input_token_layerwise,undisclosed,k9,last_target_observation,29,3.0,0.015123802206047698,False
final_input_token_layerwise,undisclosed,k9,last_target_observation,30,3.0,0.03408562073013843,False
final_input_token_layerwise,undisclosed,k9,last_target_observation,31,3.0,0.029088626409838197,False
final_input_token_layerwise,undisclosed,k9,last_target_observation,32,3.0,0.04194374681728852,False
final_input_token_layerwise,undisclosed,k9,target_observation_mean,0,0.0001,3.885780586188048e-16,False
final_input_token_layerwise,undisclosed,k9,target_observation_mean,1,0.1,0.06830820849787755,False
final_input_token_layerwise,undisclosed,k9,target_observation_mean,2,0.1,0.032549505826253766,False
final_input_token_layerwise,undisclosed,k9,target_observation_mean,3,3.0,0.011232815416034547,False
final_input_token_layerwise,undisclosed,k9,target_observation_mean,4,3.0,0.004649508769988542,False
final_input_token_layerwise,undisclosed,k9,target_observation_mean,5,3.0,0.008007343274830242,False
final_input_token_layerwise,undisclosed,k9,target_observation_mean,6,3.0,0.004333168994983844,False
final_input_token_layerwise,undisclosed,k9,target_observation_mean,7,3.0,0.014894939276014596,False
final_input_token_layerwise,undisclosed,k9,target_observation_mean,8,3.0,0.022402266493129264,False
final_input_token_layerwise,undisclosed,k9,target_observation_mean,9,3.0,0.019788905091079195,False
final_input_token_layerwise,undisclosed,k9,target_observation_mean,10,3.0,0.02262954961855751,False
final_input_token_layerwise,undisclosed,k9,target_observation_mean,11,3.0,0.02500700281846488,False
final_input_token_layerwise,undisclosed,k9,target_observation_mean,12,3.0,0.018819298315595173,False
final_input_token_layerwise,undisclosed,k9,target_observation_mean,13,3.0,0.012109867672184915,False
final_input_token_layerwise,undisclosed,k9,target_observation_mean,14,3.0,0.00406148179534116,False
final_input_token_layerwise,undisclosed,k9,target_observation_mean,15,3.0,0.05256230706151102,False
final_input_token_layerwise,undisclosed,k9,target_observation_mean,16,3.0,0.08499218185001364,False
final_input_token_layerwise,undisclosed,k9,target_observation_mean,17,3.0,0.054271234739425245,False
final_input_token_layerwise,undisclosed,k9,target_observation_mean,18,3.0,0.047582769237867084,False
final_input_token_layerwise,undisclosed,k9,target_observation_mean,19,3.0,0.03163448843416414,False
final_input_token_layerwise,undisclosed,k9,target_observation_mean,20,3.0,0.025400029461447843,False
final_input_token_layerwise,undisclosed,k9,target_observation_mean,21,3.0,0.02083469331713661,False
final_input_token_layerwise,undisclosed,k9,target_observation_mean,22,0.1,0.038920788414876534,False
final_input_token_layerwise,undisclosed,k9,target_observation_mean,23,3.0,0.012611250128412438,False
final_input_token_layerwise,undisclosed,k9,target_observation_mean,24,3.0,0.012029213689403628,False
final_input_token_layerwise,undisclosed,k9,target_observation_mean,25,0.1,0.06678496623524749,False
final_input_token_layerwise,undisclosed,k9,target_observation_mean,26,0.1,0.10669993346025672,False
final_input_token_layerwise,undisclosed,k9,target_observation_mean,27,0.1,0.12608053477615536,False
final_input_token_layerwise,undisclosed,k9,target_observation_mean,28,0.1,0.15247192400425094,False
final_input_token_layerwise,undisclosed,k9,target_observation_mean,29,0.1,0.221922727673465,False
final_input_token_layerwise,undisclosed,k9,target_observation_mean,30,0.1,0.26895520439420495,False
final_input_token_layerwise,undisclosed,k9,target_observation_mean,31,0.1,0.2691334511983309,False
final_input_token_layerwise,undisclosed,k9,target_observation_mean,32,0.1,0.29815365572273583,True
final_input_token_layerwise,undisclosed,k9,target_time_slope,0,0.0001,0.0,False
final_input_token_layerwise,undisclosed,k9,target_time_slope,1,3.0,0.0012362981354545888,False
final_input_token_layerwise,undisclosed,k9,target_time_slope,2,100.0,-4.527309961219195e-05,False
final_input_token_layerwise,undisclosed,k9,target_time_slope,3,3.0,0.024827882221340053,False
final_input_token_layerwise,undisclosed,k9,target_time_slope,4,3.0,0.02656295453927693,False
final_input_token_layerwise,undisclosed,k9,target_time_slope,5,3.0,0.027910496952998937,False
final_input_token_layerwise,undisclosed,k9,target_time_slope,6,3.0,0.014881852920010485,False
final_input_token_layerwise,undisclosed,k9,target_time_slope,7,3.0,0.019207833058158874,False
final_input_token_layerwise,undisclosed,k9,target_time_slope,8,3.0,0.024939141130900566,False
final_input_token_layerwise,undisclosed,k9,target_time_slope,9,3.0,0.030381447315392385,False
final_input_token_layerwise,undisclosed,k9,target_time_slope,10,3.0,0.037648114976492425,False
final_input_token_layerwise,undisclosed,k9,target_time_slope,11,3.0,0.048264444546312846,False
final_input_token_layerwise,undisclosed,k9,target_time_slope,12,3.0,0.052543373953186534,False
final_input_token_layerwise,undisclosed,k9,target_time_slope,13,3.0,0.06043155072872239,False
final_input_token_layerwise,undisclosed,k9,target_time_slope,14,3.0,0.06445855885868104,False
final_input_token_layerwise,undisclosed,k9,target_time_slope,15,3.0,0.10213311077682938,False
final_input_token_layerwise,undisclosed,k9,target_time_slope,16,3.0,0.11592197425675255,True
final_input_token_layerwise,undisclosed,k9,target_time_slope,17,3.0,0.11337814190117099,False
final_input_token_layerwise,undisclosed,k9,target_time_slope,18,3.0,0.08553828927574858,False
final_input_token_layerwise,undisclosed,k9,target_time_slope,19,3.0,0.06973032336324053,False
final_input_token_layerwise,undisclosed,k9,target_time_slope,20,3.0,0.0633614183214396,False
final_input_token_layerwise,undisclosed,k9,target_time_slope,21,3.0,0.07611910998858237,False
final_input_token_layerwise,undisclosed,k9,target_time_slope,22,3.0,0.07985229535180399,False
final_input_token_layerwise,undisclosed,k9,target_time_slope,23,3.0,0.07013849188162907,False
final_input_token_layerwise,undisclosed,k9,target_time_slope,24,3.0,0.07398800564291927,False
final_input_token_layerwise,undisclosed,k9,target_time_slope,25,3.0,0.06698861070073253,False
final_input_token_layerwise,undisclosed,k9,target_time_slope,26,3.0,0.07791178120048822,False
final_input_token_layerwise,undisclosed,k9,target_time_slope,27,3.0,0.07524130886894348,False
final_input_token_layerwise,undisclosed,k9,target_time_slope,28,3.0,0.07619289805217605,False
final_input_token_layerwise,undisclosed,k9,target_time_slope,29,3.0,0.07530904227677274,False
final_input_token_layerwise,undisclosed,k9,target_time_slope,30,3.0,0.08503819187910089,False
final_input_token_layerwise,undisclosed,k9,target_time_slope,31,3.0,0.0714508327347877,False
final_input_token_layerwise,undisclosed,k9,target_time_slope,32,3.0,0.08230572328977778,False
final_input_token_layerwise,undisclosed,k9,displayed_driver_outcome_slope,0,0.0001,-1.1102230246251565e-16,False
final_input_token_layerwise,undisclosed,k9,displayed_driver_outcome_slope,1,3.0,0.004832816746758423,False
final_input_token_layerwise,undisclosed,k9,displayed_driver_outcome_slope,2,3.0,0.006894084592167005,False
final_input_token_layerwise,undisclosed,k9,displayed_driver_outcome_slope,3,3.0,0.006746151884549689,False
final_input_token_layerwise,undisclosed,k9,displayed_driver_outcome_slope,4,3.0,0.0018225991305484135,False
final_input_token_layerwise,undisclosed,k9,displayed_driver_outcome_slope,5,100.0,6.0885291399942476e-05,False
final_input_token_layerwise,undisclosed,k9,displayed_driver_outcome_slope,6,100.0,8.933862426796502e-05,False
final_input_token_layerwise,undisclosed,k9,displayed_driver_outcome_slope,7,100.0,-0.000455067260389852,False
final_input_token_layerwise,undisclosed,k9,displayed_driver_outcome_slope,8,100.0,-0.0015066941817719615,False
final_input_token_layerwise,undisclosed,k9,displayed_driver_outcome_slope,9,100.0,-0.001436860684905339,False
final_input_token_layerwise,undisclosed,k9,displayed_driver_outcome_slope,10,100.0,-0.0013577920936640175,False
final_input_token_layerwise,undisclosed,k9,displayed_driver_outcome_slope,11,100.0,-0.0004489380661782394,False
final_input_token_layerwise,undisclosed,k9,displayed_driver_outcome_slope,12,3.0,0.0059122833268952235,False
final_input_token_layerwise,undisclosed,k9,displayed_driver_outcome_slope,13,3.0,0.01726243974622063,False
final_input_token_layerwise,undisclosed,k9,displayed_driver_outcome_slope,14,3.0,0.03717607051731939,False
final_input_token_layerwise,undisclosed,k9,displayed_driver_outcome_slope,15,3.0,0.06871566868355974,False
final_input_token_layerwise,undisclosed,k9,displayed_driver_outcome_slope,16,3.0,0.06977062518696092,False
final_input_token_layerwise,undisclosed,k9,displayed_driver_outcome_slope,17,3.0,0.06070354249760895,False
final_input_token_layerwise,undisclosed,k9,displayed_driver_outcome_slope,18,3.0,0.04304654355858026,False
final_input_token_layerwise,undisclosed,k9,displayed_driver_outcome_slope,19,3.0,0.03871617695696217,False
final_input_token_layerwise,undisclosed,k9,displayed_driver_outcome_slope,20,3.0,0.03300786603792813,False
final_input_token_layerwise,undisclosed,k9,displayed_driver_outcome_slope,21,3.0,0.030638586437775756,False
final_input_token_layerwise,undisclosed,k9,displayed_driver_outcome_slope,22,3.0,0.03137583425501997,False
final_input_token_layerwise,undisclosed,k9,displayed_driver_outcome_slope,23,3.0,0.02308451189801433,False
final_input_token_layerwise,undisclosed,k9,displayed_driver_outcome_slope,24,3.0,0.01936661551447691,False
final_input_token_layerwise,undisclosed,k9,displayed_driver_outcome_slope,25,3.0,0.014131596087453152,False
final_input_token_layerwise,undisclosed,k9,displayed_driver_outcome_slope,26,3.0,0.020255136520580114,False
final_input_token_layerwise,undisclosed,k9,displayed_driver_outcome_slope,27,3.0,0.025139181624428464,False
final_input_token_layerwise,undisclosed,k9,displayed_driver_outcome_slope,28,3.0,0.01954409977220889,False
final_input_token_layerwise,undisclosed,k9,displayed_driver_outcome_slope,29,3.0,0.051456666008164204,False
final_input_token_layerwise,undisclosed,k9,displayed_driver_outcome_slope,30,3.0,0.06626846501420652,False
final_input_token_layerwise,undisclosed,k9,displayed_driver_outcome_slope,31,3.0,0.06827511873794545,False
final_input_token_layerwise,undisclosed,k9,displayed_driver_outcome_slope,32,3.0,0.08750342688187998,True
final_input_token_layerwise,undisclosed,k9,oracle_posterior_gain,0,0.0001,0.0,False
final_input_token_layerwise,undisclosed,k9,oracle_posterior_gain,1,100.0,-3.671726445372836e-05,False
final_input_token_layerwise,undisclosed,k9,oracle_posterior_gain,2,3.0,0.004947434191365091,False
final_input_token_layerwise,undisclosed,k9,oracle_posterior_gain,3,100.0,3.990011533350213e-05,False
final_input_token_layerwise,undisclosed,k9,oracle_posterior_gain,4,100.0,0.00014876341428263218,False
final_input_token_layerwise,undisclosed,k9,oracle_posterior_gain,5,100.0,0.00029690009247151927,False
final_input_token_layerwise,undisclosed,k9,oracle_posterior_gain,6,100.0,4.968799505192245e-05,False
final_input_token_layerwise,undisclosed,k9,oracle_posterior_gain,7,3.0,0.009903752258316634,False
final_input_token_layerwise,undisclosed,k9,oracle_posterior_gain,8,3.0,0.0011071016808713585,False
final_input_token_layerwise,undisclosed,k9,oracle_posterior_gain,9,3.0,0.019748350231156897,False
final_input_token_layerwise,undisclosed,k9,oracle_posterior_gain,10,0.1,0.05111813871862128,False
final_input_token_layerwise,undisclosed,k9,oracle_posterior_gain,11,0.1,0.09361981524765897,False
final_input_token_layerwise,undisclosed,k9,oracle_posterior_gain,12,0.1,0.11044073209013341,False
final_input_token_layerwise,undisclosed,k9,oracle_posterior_gain,13,0.1,0.08651606568469436,False
final_input_token_layerwise,undisclosed,k9,oracle_posterior_gain,14,0.1,0.09218917200390023,False
final_input_token_layerwise,undisclosed,k9,oracle_posterior_gain,15,0.1,0.2515851907593478,False
final_input_token_layerwise,undisclosed,k9,oracle_posterior_gain,16,0.1,0.35304220097664263,True
final_input_token_layerwise,undisclosed,k9,oracle_posterior_gain,17,0.1,0.3177356558018533,False
final_input_token_layerwise,undisclosed,k9,oracle_posterior_gain,18,0.1,0.25101638859468234,False
final_input_token_layerwise,undisclosed,k9,oracle_posterior_gain,19,0.1,0.2663142257722952,False
final_input_token_layerwise,undisclosed,k9,oracle_posterior_gain,20,0.1,0.24197593882902657,False
final_input_token_layerwise,undisclosed,k9,oracle_posterior_gain,21,0.1,0.2327856060339661,False
final_input_token_layerwise,undisclosed,k9,oracle_posterior_gain,22,0.1,0.23292625786491228,False
final_input_token_layerwise,undisclosed,k9,oracle_posterior_gain,23,0.1,0.2310428739396094,False
final_input_token_layerwise,undisclosed,k9,oracle_posterior_gain,24,0.1,0.19617553880159086,False
final_input_token_layerwise,undisclosed,k9,oracle_posterior_gain,25,0.1,0.2187991124868024,False
final_input_token_layerwise,undisclosed,k9,oracle_posterior_gain,26,0.1,0.2651151974116155,False
final_input_token_layerwise,undisclosed,k9,oracle_posterior_gain,27,0.1,0.2721501436041637,False
final_input_token_layerwise,undisclosed,k9,oracle_posterior_gain,28,0.1,0.2969020659103013,False
final_input_token_layerwise,undisclosed,k9,oracle_posterior_gain,29,0.1,0.31579614662667055,False
final_input_token_layerwise,undisclosed,k9,oracle_posterior_gain,30,0.1,0.3353959954212472,False
final_input_token_layerwise,undisclosed,k9,oracle_posterior_gain,31,0.1,0.3327515870362579,False
final_input_token_layerwise,undisclosed,k9,oracle_posterior_gain,32,0.1,0.32532680669264297,False
final_input_token_layerwise,undisclosed,pooled,gain,0,0.0001,0.0,False
final_input_token_layerwise,undisclosed,pooled,gain,1,100.0,-0.002667566847894413,False
final_input_token_layerwise,undisclosed,pooled,gain,2,100.0,-0.0030232353998546437,False
final_input_token_layerwise,undisclosed,pooled,gain,3,100.0,-0.006591219208822598,False
final_input_token_layerwise,undisclosed,pooled,gain,4,100.0,-0.005074011804481406,False
final_input_token_layerwise,undisclosed,pooled,gain,5,100.0,-0.0026374098807012782,False
final_input_token_layerwise,undisclosed,pooled,gain,6,100.0,-0.0008428420691996008,False
final_input_token_layerwise,undisclosed,pooled,gain,7,100.0,-0.0009864710685955718,False
final_input_token_layerwise,undisclosed,pooled,gain,8,100.0,-0.002153737109514997,False
final_input_token_layerwise,undisclosed,pooled,gain,9,100.0,-0.0001299160397464453,False
final_input_token_layerwise,undisclosed,pooled,gain,10,3.0,0.00837447694519918,False
final_input_token_layerwise,undisclosed,pooled,gain,11,3.0,0.054352144065786846,False
final_input_token_layerwise,undisclosed,pooled,gain,12,3.0,0.05271737919269196,False
final_input_token_layerwise,undisclosed,pooled,gain,13,3.0,0.044020653515213844,False
final_input_token_layerwise,undisclosed,pooled,gain,14,3.0,0.04758928383865305,False
final_input_token_layerwise,undisclosed,pooled,gain,15,3.0,0.1461780326443667,False
final_input_token_layerwise,undisclosed,pooled,gain,16,3.0,0.1547750210435879,False
final_input_token_layerwise,undisclosed,pooled,gain,17,3.0,0.14006874756915935,False
final_input_token_layerwise,undisclosed,pooled,gain,18,3.0,0.14490686269317746,False
final_input_token_layerwise,undisclosed,pooled,gain,19,3.0,0.14603650032442536,False
final_input_token_layerwise,undisclosed,pooled,gain,20,0.1,0.1633042035923517,False
final_input_token_layerwise,undisclosed,pooled,gain,21,0.1,0.15594349558037135,False
final_input_token_layerwise,undisclosed,pooled,gain,22,0.1,0.15229839968580902,False
final_input_token_layerwise,undisclosed,pooled,gain,23,3.0,0.14074353056222377,False
final_input_token_layerwise,undisclosed,pooled,gain,24,0.1,0.152015004597675,False
final_input_token_layerwise,undisclosed,pooled,gain,25,0.1,0.15351437303346063,False
final_input_token_layerwise,undisclosed,pooled,gain,26,0.1,0.17764382078243393,False
final_input_token_layerwise,undisclosed,pooled,gain,27,0.1,0.1795663323972748,False
final_input_token_layerwise,undisclosed,pooled,gain,28,3.0,0.18033699610725015,False
final_input_token_layerwise,undisclosed,pooled,gain,29,3.0,0.1939273048674898,False
final_input_token_layerwise,undisclosed,pooled,gain,30,3.0,0.1790334056007671,False
final_input_token_layerwise,undisclosed,pooled,gain,31,3.0,0.18577214080927815,False
final_input_token_layerwise,undisclosed,pooled,gain,32,3.0,0.2086882499511956,True
final_input_token_layerwise,undisclosed,pooled,response_residual,0,0.0001,-2.7755575615628914e-17,False
final_input_token_layerwise,undisclosed,pooled,response_residual,1,100.0,-0.0016498512079574275,False
final_input_token_layerwise,undisclosed,pooled,response_residual,2,100.0,-0.003962581236257885,False
final_input_token_layerwise,undisclosed,pooled,response_residual,3,100.0,-0.007958377549020087,False
final_input_token_layerwise,undisclosed,pooled,response_residual,4,100.0,-0.0068242302376339825,False
final_input_token_layerwise,undisclosed,pooled,response_residual,5,100.0,-0.003622402191684989,False
final_input_token_layerwise,undisclosed,pooled,response_residual,6,100.0,-0.0013756442180427597,False
final_input_token_layerwise,undisclosed,pooled,response_residual,7,100.0,-0.0020887631468515986,False
final_input_token_layerwise,undisclosed,pooled,response_residual,8,100.0,-0.0056839748086590465,False
final_input_token_layerwise,undisclosed,pooled,response_residual,9,100.0,-0.004967041642999742,False
final_input_token_layerwise,undisclosed,pooled,response_residual,10,100.0,-0.002565740394805579,False
final_input_token_layerwise,undisclosed,pooled,response_residual,11,100.0,0.0015135591325151816,False
final_input_token_layerwise,undisclosed,pooled,response_residual,12,100.0,0.0009365500404846516,False
final_input_token_layerwise,undisclosed,pooled,response_residual,13,100.0,0.001439110867125883,False
final_input_token_layerwise,undisclosed,pooled,response_residual,14,100.0,0.002398416459231112,False
final_input_token_layerwise,undisclosed,pooled,response_residual,15,3.0,0.01836728651618989,False
final_input_token_layerwise,undisclosed,pooled,response_residual,16,100.0,0.020660205630181644,False
final_input_token_layerwise,undisclosed,pooled,response_residual,17,100.0,0.018909359952093602,False
final_input_token_layerwise,undisclosed,pooled,response_residual,18,100.0,0.014500624364453088,False
final_input_token_layerwise,undisclosed,pooled,response_residual,19,100.0,0.012944473577185108,False
final_input_token_layerwise,undisclosed,pooled,response_residual,20,100.0,0.011199286668040626,False
final_input_token_layerwise,undisclosed,pooled,response_residual,21,100.0,0.009663736877927653,False
final_input_token_layerwise,undisclosed,pooled,response_residual,22,100.0,0.010093821054461253,False
final_input_token_layerwise,undisclosed,pooled,response_residual,23,100.0,0.009344000435971648,False
final_input_token_layerwise,undisclosed,pooled,response_residual,24,3.0,0.01597405007753382,False
final_input_token_layerwise,undisclosed,pooled,response_residual,25,3.0,0.015291793163003498,False
final_input_token_layerwise,undisclosed,pooled,response_residual,26,3.0,0.016634347411605577,False
final_input_token_layerwise,undisclosed,pooled,response_residual,27,3.0,0.05241427529602378,False
final_input_token_layerwise,undisclosed,pooled,response_residual,28,3.0,0.05611486204162002,False
final_input_token_layerwise,undisclosed,pooled,response_residual,29,3.0,0.07597231637719669,False
final_input_token_layerwise,undisclosed,pooled,response_residual,30,3.0,0.07337444201006109,False
final_input_token_layerwise,undisclosed,pooled,response_residual,31,3.0,0.08549064937889027,False
final_input_token_layerwise,undisclosed,pooled,response_residual,32,3.0,0.09942576629209832,True
mean_embedding,disclosed,k3,gain,0,100.0,-0.0009589042439733797,True
mean_embedding,disclosed,k3,response_residual,0,100.0,-0.001110632918032206,True
mean_embedding,disclosed,k6,gain,0,100.0,0.00021211892006114952,True
mean_embedding,disclosed,k6,response_residual,0,100.0,-0.00013133361583325676,True
mean_embedding,disclosed,k9,gain,0,3.0,0.011837593116618,True
mean_embedding,disclosed,k9,response_residual,0,100.0,0.0006193826779181399,True
mean_embedding,disclosed,pooled,gain,0,100.0,0.0020260137296078486,True
mean_embedding,disclosed,pooled,response_residual,0,100.0,-0.0013023204868278422,True
mean_embedding,undisclosed,k3,gain,0,100.0,-0.0010713728368005326,True
mean_embedding,undisclosed,k3,response_residual,0,100.0,-0.0012090417576992585,True
mean_embedding,undisclosed,k6,gain,0,100.0,0.00013838781628436325,True
mean_embedding,undisclosed,k6,response_residual,0,100.0,-0.00018889621886128416,True
mean_embedding,undisclosed,k9,gain,0,3.0,0.010394026080614294,True
mean_embedding,undisclosed,k9,response_residual,0,100.0,0.0006058295235571998,True
mean_embedding,undisclosed,pooled,gain,0,100.0,0.0020023985455211632,True
mean_embedding,undisclosed,pooled,response_residual,0,100.0,-0.0013306504888029962,True
mean_final_layer,disclosed,k3,gain,0,100.0,-0.00022307889090023014,True
mean_final_layer,disclosed,k3,response_residual,0,100.0,-0.00021089382224251385,True
mean_final_layer,disclosed,k6,gain,0,100.0,-5.439824738923127e-05,True
mean_final_layer,disclosed,k6,response_residual,0,100.0,-7.234709271122797e-05,True
mean_final_layer,disclosed,k9,gain,0,0.1,0.017257713069947528,True
mean_final_layer,disclosed,k9,response_residual,0,3.0,0.0008019660701517051,True
mean_final_layer,disclosed,pooled,gain,0,100.0,0.000320963720299966,True
mean_final_layer,disclosed,pooled,response_residual,0,100.0,-0.002181811170089818,True
mean_final_layer,undisclosed,k3,gain,0,100.0,0.0001705761355315083,True
mean_final_layer,undisclosed,k3,response_residual,0,100.0,-0.00010849986993644034,True
mean_final_layer,undisclosed,k6,gain,0,3.0,0.0019370133262829325,True
mean_final_layer,undisclosed,k6,response_residual,0,100.0,-5.124615915630404e-05,True
mean_final_layer,undisclosed,k9,gain,0,3.0,0.007837458086167953,True
mean_final_layer,undisclosed,k9,response_residual,0,100.0,0.00016227046261763078,True
mean_final_layer,undisclosed,pooled,gain,0,100.0,0.00016788493927441528,True
mean_final_layer,undisclosed,pooled,response_residual,0,100.0,-0.004905162514582599,True
