representation,train_disclosure,evidence,target,layer,alpha,cv_macro_development_baseline_r2,selected
final_input_token_layerwise,disclosed,k3,gain,0,0.0001,0.0,False
final_input_token_layerwise,disclosed,k3,gain,1,100.0,-0.00025055915097166315,False
final_input_token_layerwise,disclosed,k3,gain,2,100.0,-0.0003225926559882186,False
final_input_token_layerwise,disclosed,k3,gain,3,100.0,-0.00046583045676948376,False
final_input_token_layerwise,disclosed,k3,gain,4,100.0,-0.00040214564801011043,False
final_input_token_layerwise,disclosed,k3,gain,5,100.0,-0.0002762307997720148,False
final_input_token_layerwise,disclosed,k3,gain,6,100.0,-0.0003076524553011495,False
final_input_token_layerwise,disclosed,k3,gain,7,100.0,-0.000423986384706726,False
final_input_token_layerwise,disclosed,k3,gain,8,100.0,-0.00018450883552348363,False
final_input_token_layerwise,disclosed,k3,gain,9,100.0,-7.301332086870338e-05,False
final_input_token_layerwise,disclosed,k3,gain,10,100.0,-0.00015865288913372022,False
final_input_token_layerwise,disclosed,k3,gain,11,100.0,-0.0003690072797888355,False
final_input_token_layerwise,disclosed,k3,gain,12,100.0,-0.0002674039523388183,False
final_input_token_layerwise,disclosed,k3,gain,13,0.1,0.013303395154196845,False
final_input_token_layerwise,disclosed,k3,gain,14,100.0,-0.0008609391074014261,False
final_input_token_layerwise,disclosed,k3,gain,15,3.0,0.009356013748277187,False
final_input_token_layerwise,disclosed,k3,gain,16,3.0,0.0358667790909806,False
final_input_token_layerwise,disclosed,k3,gain,17,3.0,0.03147301060663482,False
final_input_token_layerwise,disclosed,k3,gain,18,3.0,0.02799491507907023,False
final_input_token_layerwise,disclosed,k3,gain,19,3.0,0.021003244506501845,False
final_input_token_layerwise,disclosed,k3,gain,20,3.0,0.018602776342487526,False
final_input_token_layerwise,disclosed,k3,gain,21,0.1,0.02129379445114396,False
final_input_token_layerwise,disclosed,k3,gain,22,0.1,0.04108772116204337,False
final_input_token_layerwise,disclosed,k3,gain,23,0.1,0.0369464174050394,False
final_input_token_layerwise,disclosed,k3,gain,24,0.1,0.041417853094579626,False
final_input_token_layerwise,disclosed,k3,gain,25,0.1,0.05293790242580931,False
final_input_token_layerwise,disclosed,k3,gain,26,0.1,0.05493553480112667,False
final_input_token_layerwise,disclosed,k3,gain,27,0.1,0.036252604648543046,False
final_input_token_layerwise,disclosed,k3,gain,28,0.1,0.05752737604015426,False
final_input_token_layerwise,disclosed,k3,gain,29,0.1,0.11662500489936417,False
final_input_token_layerwise,disclosed,k3,gain,30,0.1,0.1274508234111162,False
final_input_token_layerwise,disclosed,k3,gain,31,0.1,0.1184472333493948,False
final_input_token_layerwise,disclosed,k3,gain,32,0.1,0.13714367801586233,True
final_input_token_layerwise,disclosed,k3,response_residual,0,0.0001,-2.7755575615628914e-17,False
final_input_token_layerwise,disclosed,k3,response_residual,1,100.0,-0.00023894398734172762,False
final_input_token_layerwise,disclosed,k3,response_residual,2,100.0,-0.00038127037845120393,False
final_input_token_layerwise,disclosed,k3,response_residual,3,100.0,-0.0006337457034505944,False
final_input_token_layerwise,disclosed,k3,response_residual,4,100.0,-0.0006206474250595173,False
final_input_token_layerwise,disclosed,k3,response_residual,5,100.0,-0.0005460556150882478,False
final_input_token_layerwise,disclosed,k3,response_residual,6,100.0,-0.00047262119359456345,False
final_input_token_layerwise,disclosed,k3,response_residual,7,100.0,-0.0004335716339861351,False
final_input_token_layerwise,disclosed,k3,response_residual,8,100.0,-0.0002972605900851133,False
final_input_token_layerwise,disclosed,k3,response_residual,9,100.0,-2.2011205593086558e-05,False
final_input_token_layerwise,disclosed,k3,response_residual,10,100.0,-0.00012352317799380064,False
final_input_token_layerwise,disclosed,k3,response_residual,11,100.0,-0.0004644552792290868,False
final_input_token_layerwise,disclosed,k3,response_residual,12,100.0,-0.00031622408273718206,False
final_input_token_layerwise,disclosed,k3,response_residual,13,100.0,-0.0003621754274440725,False
final_input_token_layerwise,disclosed,k3,response_residual,14,100.0,-0.0007205916179834904,False
final_input_token_layerwise,disclosed,k3,response_residual,15,100.0,-0.00011163536363589799,False
final_input_token_layerwise,disclosed,k3,response_residual,16,3.0,0.011516462054682625,False
final_input_token_layerwise,disclosed,k3,response_residual,17,3.0,0.0064072728067501306,False
final_input_token_layerwise,disclosed,k3,response_residual,18,3.0,0.002880502150332309,False
final_input_token_layerwise,disclosed,k3,response_residual,19,100.0,1.5450480399747946e-05,False
final_input_token_layerwise,disclosed,k3,response_residual,20,100.0,-0.0002398426888647609,False
final_input_token_layerwise,disclosed,k3,response_residual,21,100.0,-0.00042670216262630234,False
final_input_token_layerwise,disclosed,k3,response_residual,22,100.0,-0.00018608412719187117,False
final_input_token_layerwise,disclosed,k3,response_residual,23,3.0,0.0008378253723085038,False
final_input_token_layerwise,disclosed,k3,response_residual,24,3.0,0.000677494741072926,False
final_input_token_layerwise,disclosed,k3,response_residual,25,3.0,0.0034306052083867278,False
final_input_token_layerwise,disclosed,k3,response_residual,26,3.0,0.0039518091622222085,False
final_input_token_layerwise,disclosed,k3,response_residual,27,3.0,0.004301611276362249,False
final_input_token_layerwise,disclosed,k3,response_residual,28,3.0,0.005672915101128523,False
final_input_token_layerwise,disclosed,k3,response_residual,29,3.0,0.0051601601242093065,False
final_input_token_layerwise,disclosed,k3,response_residual,30,3.0,0.012809146165159435,False
final_input_token_layerwise,disclosed,k3,response_residual,31,3.0,0.013203890813684227,False
final_input_token_layerwise,disclosed,k3,response_residual,32,3.0,0.02111971719374245,True
final_input_token_layerwise,disclosed,k3,last_target_observation,0,0.0001,-8.326672684688674e-17,False
final_input_token_layerwise,disclosed,k3,last_target_observation,1,0.1,0.2834802555595599,False
final_input_token_layerwise,disclosed,k3,last_target_observation,2,0.1,0.2287516570212895,False
final_input_token_layerwise,disclosed,k3,last_target_observation,3,0.1,0.10375813179084403,False
final_input_token_layerwise,disclosed,k3,last_target_observation,4,0.1,0.10512896073058364,False
final_input_token_layerwise,disclosed,k3,last_target_observation,5,0.1,0.11181593180418523,False
final_input_token_layerwise,disclosed,k3,last_target_observation,6,0.1,0.1130215515600643,False
final_input_token_layerwise,disclosed,k3,last_target_observation,7,0.1,0.050379193091872304,False
final_input_token_layerwise,disclosed,k3,last_target_observation,8,0.1,0.15644821476722665,False
final_input_token_layerwise,disclosed,k3,last_target_observation,9,0.1,0.2014723231461325,False
final_input_token_layerwise,disclosed,k3,last_target_observation,10,0.1,0.21980193312570126,False
final_input_token_layerwise,disclosed,k3,last_target_observation,11,0.1,0.2233393062459441,False
final_input_token_layerwise,disclosed,k3,last_target_observation,12,0.1,0.29087377693584104,False
final_input_token_layerwise,disclosed,k3,last_target_observation,13,3.0,0.1298387216467766,False
final_input_token_layerwise,disclosed,k3,last_target_observation,14,0.1,0.1719991413142379,False
final_input_token_layerwise,disclosed,k3,last_target_observation,15,0.1,0.2583329172100478,False
final_input_token_layerwise,disclosed,k3,last_target_observation,16,0.1,0.21715061670248326,False
final_input_token_layerwise,disclosed,k3,last_target_observation,17,0.1,0.18320590445713963,False
final_input_token_layerwise,disclosed,k3,last_target_observation,18,0.1,0.20939925653449007,False
final_input_token_layerwise,disclosed,k3,last_target_observation,19,0.1,0.24445919589209794,False
final_input_token_layerwise,disclosed,k3,last_target_observation,20,0.1,0.2043564208344862,False
final_input_token_layerwise,disclosed,k3,last_target_observation,21,0.1,0.19255534530641785,False
final_input_token_layerwise,disclosed,k3,last_target_observation,22,0.1,0.20341643788368344,False
final_input_token_layerwise,disclosed,k3,last_target_observation,23,0.1,0.22876421948270864,False
final_input_token_layerwise,disclosed,k3,last_target_observation,24,0.1,0.21009742469092968,False
final_input_token_layerwise,disclosed,k3,last_target_observation,25,0.1,0.1391482417988942,False
final_input_token_layerwise,disclosed,k3,last_target_observation,26,0.1,0.15117178733621392,False
final_input_token_layerwise,disclosed,k3,last_target_observation,27,0.1,0.18303132569302086,False
final_input_token_layerwise,disclosed,k3,last_target_observation,28,0.1,0.20326456130163847,False
final_input_token_layerwise,disclosed,k3,last_target_observation,29,0.1,0.3400399727483955,False
final_input_token_layerwise,disclosed,k3,last_target_observation,30,0.1,0.3148197142965811,False
final_input_token_layerwise,disclosed,k3,last_target_observation,31,0.1,0.3436347111506849,False
final_input_token_layerwise,disclosed,k3,last_target_observation,32,0.1,0.3645498190652442,True
final_input_token_layerwise,disclosed,k3,target_observation_mean,0,0.0001,5.551115123125783e-17,False
final_input_token_layerwise,disclosed,k3,target_observation_mean,1,3.0,0.15734405635174065,False
final_input_token_layerwise,disclosed,k3,target_observation_mean,2,3.0,0.10613336580243804,False
final_input_token_layerwise,disclosed,k3,target_observation_mean,3,3.0,0.04253218914743709,False
final_input_token_layerwise,disclosed,k3,target_observation_mean,4,3.0,0.04226471551813671,False
final_input_token_layerwise,disclosed,k3,target_observation_mean,5,3.0,0.04243464074169068,False
final_input_token_layerwise,disclosed,k3,target_observation_mean,6,3.0,0.03206005044004967,False
final_input_token_layerwise,disclosed,k3,target_observation_mean,7,3.0,0.04800334922800059,False
final_input_token_layerwise,disclosed,k3,target_observation_mean,8,0.1,0.04342828490640152,False
final_input_token_layerwise,disclosed,k3,target_observation_mean,9,3.0,0.08319986362157392,False
final_input_token_layerwise,disclosed,k3,target_observation_mean,10,3.0,0.06629483831118738,False
final_input_token_layerwise,disclosed,k3,target_observation_mean,11,3.0,0.11068749428686939,False
final_input_token_layerwise,disclosed,k3,target_observation_mean,12,0.1,0.15388638149443676,False
final_input_token_layerwise,disclosed,k3,target_observation_mean,13,3.0,0.1941756083512478,False
final_input_token_layerwise,disclosed,k3,target_observation_mean,14,3.0,0.18557939829035985,False
final_input_token_layerwise,disclosed,k3,target_observation_mean,15,3.0,0.22991003116794279,False
final_input_token_layerwise,disclosed,k3,target_observation_mean,16,3.0,0.2976847991294048,False
final_input_token_layerwise,disclosed,k3,target_observation_mean,17,3.0,0.2547873857685351,False
final_input_token_layerwise,disclosed,k3,target_observation_mean,18,0.1,0.24697093159832006,False
final_input_token_layerwise,disclosed,k3,target_observation_mean,19,0.1,0.2400120721953121,False
final_input_token_layerwise,disclosed,k3,target_observation_mean,20,3.0,0.2014017426937095,False
final_input_token_layerwise,disclosed,k3,target_observation_mean,21,3.0,0.1732782268259599,False
final_input_token_layerwise,disclosed,k3,target_observation_mean,22,0.1,0.17441814658154134,False
final_input_token_layerwise,disclosed,k3,target_observation_mean,23,0.1,0.2569453532291375,False
final_input_token_layerwise,disclosed,k3,target_observation_mean,24,0.1,0.23832667005290167,False
final_input_token_layerwise,disclosed,k3,target_observation_mean,25,0.1,0.2233978951653951,False
final_input_token_layerwise,disclosed,k3,target_observation_mean,26,0.1,0.21882956231829603,False
final_input_token_layerwise,disclosed,k3,target_observation_mean,27,0.1,0.2226208320174367,False
final_input_token_layerwise,disclosed,k3,target_observation_mean,28,0.1,0.23521070418652004,False
final_input_token_layerwise,disclosed,k3,target_observation_mean,29,3.0,0.3267024207020908,False
final_input_token_layerwise,disclosed,k3,target_observation_mean,30,3.0,0.33718878759295434,False
final_input_token_layerwise,disclosed,k3,target_observation_mean,31,0.1,0.38689639591637015,False
final_input_token_layerwise,disclosed,k3,target_observation_mean,32,0.1,0.4281204075901922,True
final_input_token_layerwise,disclosed,k3,target_time_slope,0,0.0001,0.0,False
final_input_token_layerwise,disclosed,k3,target_time_slope,1,0.1,0.12552441821841595,False
final_input_token_layerwise,disclosed,k3,target_time_slope,2,0.1,0.08776152730472456,False
final_input_token_layerwise,disclosed,k3,target_time_slope,3,3.0,0.0008634003048594852,False
final_input_token_layerwise,disclosed,k3,target_time_slope,4,3.0,9.886459706565098e-06,False
final_input_token_layerwise,disclosed,k3,target_time_slope,5,3.0,0.0014678689923871835,False
final_input_token_layerwise,disclosed,k3,target_time_slope,6,100.0,-0.00035529427881014763,False
final_input_token_layerwise,disclosed,k3,target_time_slope,7,3.0,0.01497111591669592,False
final_input_token_layerwise,disclosed,k3,target_time_slope,8,3.0,0.0024495255790607795,False
final_input_token_layerwise,disclosed,k3,target_time_slope,9,3.0,0.03766330342136967,False
final_input_token_layerwise,disclosed,k3,target_time_slope,10,0.1,0.03900383917188008,False
final_input_token_layerwise,disclosed,k3,target_time_slope,11,3.0,0.034236938783359705,False
final_input_token_layerwise,disclosed,k3,target_time_slope,12,3.0,0.038340630951147175,False
final_input_token_layerwise,disclosed,k3,target_time_slope,13,3.0,0.019855238499323635,False
final_input_token_layerwise,disclosed,k3,target_time_slope,14,3.0,0.01656181106547014,False
final_input_token_layerwise,disclosed,k3,target_time_slope,15,0.1,0.02055476377515994,False
final_input_token_layerwise,disclosed,k3,target_time_slope,16,0.1,0.028513905835722247,False
final_input_token_layerwise,disclosed,k3,target_time_slope,17,0.1,0.11152722643553958,False
final_input_token_layerwise,disclosed,k3,target_time_slope,18,3.0,0.02820946828518131,False
final_input_token_layerwise,disclosed,k3,target_time_slope,19,3.0,0.0355877401409084,False
final_input_token_layerwise,disclosed,k3,target_time_slope,20,3.0,0.027855494270848963,False
final_input_token_layerwise,disclosed,k3,target_time_slope,21,3.0,0.02508109768961503,False
final_input_token_layerwise,disclosed,k3,target_time_slope,22,3.0,0.02155117925757219,False
final_input_token_layerwise,disclosed,k3,target_time_slope,23,3.0,0.029479952925800135,False
final_input_token_layerwise,disclosed,k3,target_time_slope,24,3.0,0.027610553609931004,False
final_input_token_layerwise,disclosed,k3,target_time_slope,25,3.0,0.019839929973409304,False
final_input_token_layerwise,disclosed,k3,target_time_slope,26,3.0,0.021025415298105338,False
final_input_token_layerwise,disclosed,k3,target_time_slope,27,0.1,0.029859028125580167,False
final_input_token_layerwise,disclosed,k3,target_time_slope,28,0.1,0.034137116551946095,False
final_input_token_layerwise,disclosed,k3,target_time_slope,29,0.1,0.13923189316610007,False
final_input_token_layerwise,disclosed,k3,target_time_slope,30,0.1,0.1754944425549179,True
final_input_token_layerwise,disclosed,k3,target_time_slope,31,0.1,0.16626393448706023,False
final_input_token_layerwise,disclosed,k3,target_time_slope,32,0.1,0.1617362430385798,False
final_input_token_layerwise,disclosed,k3,displayed_driver_outcome_slope,0,0.0001,5.551115123125783e-17,False
final_input_token_layerwise,disclosed,k3,displayed_driver_outcome_slope,1,100.0,-1.0096217944566277e-05,False
final_input_token_layerwise,disclosed,k3,displayed_driver_outcome_slope,2,100.0,-0.00044667989463637037,False
final_input_token_layerwise,disclosed,k3,displayed_driver_outcome_slope,3,100.0,-0.00048385360982799996,False
final_input_token_layerwise,disclosed,k3,displayed_driver_outcome_slope,4,100.0,-0.00019020011375336932,False
final_input_token_layerwise,disclosed,k3,displayed_driver_outcome_slope,5,100.0,-0.00036678098834444506,False
final_input_token_layerwise,disclosed,k3,displayed_driver_outcome_slope,6,100.0,4.77149747164507e-05,False
final_input_token_layerwise,disclosed,k3,displayed_driver_outcome_slope,7,100.0,0.00012023369936353667,False
final_input_token_layerwise,disclosed,k3,displayed_driver_outcome_slope,8,100.0,-4.678351734746511e-05,False
final_input_token_layerwise,disclosed,k3,displayed_driver_outcome_slope,9,100.0,-1.951136584268931e-05,False
final_input_token_layerwise,disclosed,k3,displayed_driver_outcome_slope,10,100.0,-0.00020768556279521233,False
final_input_token_layerwise,disclosed,k3,displayed_driver_outcome_slope,11,100.0,-0.00025491982309044925,False
final_input_token_layerwise,disclosed,k3,displayed_driver_outcome_slope,12,3.0,0.0016213455206558203,True
final_input_token_layerwise,disclosed,k3,displayed_driver_outcome_slope,13,100.0,0.0001375799153331414,False
final_input_token_layerwise,disclosed,k3,displayed_driver_outcome_slope,14,100.0,-0.000892246548094916,False
final_input_token_layerwise,disclosed,k3,displayed_driver_outcome_slope,15,100.0,-0.0010602128797299604,False
final_input_token_layerwise,disclosed,k3,displayed_driver_outcome_slope,16,100.0,-0.0012314585264544542,False
final_input_token_layerwise,disclosed,k3,displayed_driver_outcome_slope,17,100.0,-0.0015386140146332605,False
final_input_token_layerwise,disclosed,k3,displayed_driver_outcome_slope,18,100.0,-0.0027842751526994114,False
final_input_token_layerwise,disclosed,k3,displayed_driver_outcome_slope,19,100.0,-0.0032667999849825824,False
final_input_token_layerwise,disclosed,k3,displayed_driver_outcome_slope,20,100.0,-0.003513828914679329,False
final_input_token_layerwise,disclosed,k3,displayed_driver_outcome_slope,21,100.0,-0.0038358065062849556,False
final_input_token_layerwise,disclosed,k3,displayed_driver_outcome_slope,22,100.0,-0.003899270223388873,False
final_input_token_layerwise,disclosed,k3,displayed_driver_outcome_slope,23,100.0,-0.0041734233582242375,False
final_input_token_layerwise,disclosed,k3,displayed_driver_outcome_slope,24,100.0,-0.0038231656452272222,False
final_input_token_layerwise,disclosed,k3,displayed_driver_outcome_slope,25,100.0,-0.003379602161273698,False
final_input_token_layerwise,disclosed,k3,displayed_driver_outcome_slope,26,100.0,-0.0034036490907605743,False
final_input_token_layerwise,disclosed,k3,displayed_driver_outcome_slope,27,100.0,-0.0034126041657864814,False
final_input_token_layerwise,disclosed,k3,displayed_driver_outcome_slope,28,100.0,-0.002926267791134529,False
final_input_token_layerwise,disclosed,k3,displayed_driver_outcome_slope,29,100.0,-0.002188991237163873,False
final_input_token_layerwise,disclosed,k3,displayed_driver_outcome_slope,30,100.0,-0.002026051492134723,False
final_input_token_layerwise,disclosed,k3,displayed_driver_outcome_slope,31,100.0,-0.0017525761815989915,False
final_input_token_layerwise,disclosed,k3,displayed_driver_outcome_slope,32,100.0,-0.001166091481654724,False
final_input_token_layerwise,disclosed,k3,oracle_posterior_gain,0,0.0001,0.0,False
final_input_token_layerwise,disclosed,k3,oracle_posterior_gain,1,3.0,0.004259485374264738,False
final_input_token_layerwise,disclosed,k3,oracle_posterior_gain,2,100.0,0.00011363000372288656,False
final_input_token_layerwise,disclosed,k3,oracle_posterior_gain,3,100.0,-0.0013271210077187567,False
final_input_token_layerwise,disclosed,k3,oracle_posterior_gain,4,100.0,-0.0006542889883470182,False
final_input_token_layerwise,disclosed,k3,oracle_posterior_gain,5,100.0,-0.0004178351210070985,False
final_input_token_layerwise,disclosed,k3,oracle_posterior_gain,6,100.0,-0.0005486831850716745,False
final_input_token_layerwise,disclosed,k3,oracle_posterior_gain,7,100.0,0.00030123768648604443,False
final_input_token_layerwise,disclosed,k3,oracle_posterior_gain,8,100.0,7.30179717899071e-05,False
final_input_token_layerwise,disclosed,k3,oracle_posterior_gain,9,3.0,0.024479392241727432,False
final_input_token_layerwise,disclosed,k3,oracle_posterior_gain,10,3.0,0.03930497614892223,False
final_input_token_layerwise,disclosed,k3,oracle_posterior_gain,11,3.0,0.05077820788141732,False
final_input_token_layerwise,disclosed,k3,oracle_posterior_gain,12,3.0,0.03177819207659152,False
final_input_token_layerwise,disclosed,k3,oracle_posterior_gain,13,3.0,0.05117711252116294,False
final_input_token_layerwise,disclosed,k3,oracle_posterior_gain,14,3.0,0.056112597249938556,False
final_input_token_layerwise,disclosed,k3,oracle_posterior_gain,15,3.0,0.058746035337359975,False
final_input_token_layerwise,disclosed,k3,oracle_posterior_gain,16,3.0,0.11295308953332045,False
final_input_token_layerwise,disclosed,k3,oracle_posterior_gain,17,3.0,0.09590944004412463,False
final_input_token_layerwise,disclosed,k3,oracle_posterior_gain,18,0.1,0.08216807700552531,False
final_input_token_layerwise,disclosed,k3,oracle_posterior_gain,19,0.1,0.07343560987297373,False
final_input_token_layerwise,disclosed,k3,oracle_posterior_gain,20,0.1,0.08614227619759707,False
final_input_token_layerwise,disclosed,k3,oracle_posterior_gain,21,0.1,0.08885130901363428,False
final_input_token_layerwise,disclosed,k3,oracle_posterior_gain,22,0.1,0.1280664427051295,True
final_input_token_layerwise,disclosed,k3,oracle_posterior_gain,23,0.1,0.12070947987953065,False
final_input_token_layerwise,disclosed,k3,oracle_posterior_gain,24,0.1,0.10340344103693491,False
final_input_token_layerwise,disclosed,k3,oracle_posterior_gain,25,0.1,0.08905330372066664,False
final_input_token_layerwise,disclosed,k3,oracle_posterior_gain,26,0.1,0.08820365217992948,False
final_input_token_layerwise,disclosed,k3,oracle_posterior_gain,27,3.0,0.04973954898327759,False
final_input_token_layerwise,disclosed,k3,oracle_posterior_gain,28,3.0,0.05061767535695358,False
final_input_token_layerwise,disclosed,k3,oracle_posterior_gain,29,0.1,0.09197139525456752,False
final_input_token_layerwise,disclosed,k3,oracle_posterior_gain,30,0.1,0.10382852369729054,False
final_input_token_layerwise,disclosed,k3,oracle_posterior_gain,31,0.1,0.09026622129841524,False
final_input_token_layerwise,disclosed,k3,oracle_posterior_gain,32,0.1,0.10925718284414698,False
final_input_token_layerwise,disclosed,k6,gain,0,0.0001,0.0,False
final_input_token_layerwise,disclosed,k6,gain,1,100.0,2.6374148284213916e-06,False
final_input_token_layerwise,disclosed,k6,gain,2,100.0,8.077497876152195e-06,False
final_input_token_layerwise,disclosed,k6,gain,3,100.0,-0.0004303568879623909,False
final_input_token_layerwise,disclosed,k6,gain,4,100.0,-0.00039879863780148406,False
final_input_token_layerwise,disclosed,k6,gain,5,100.0,-0.0005541666958032432,False
final_input_token_layerwise,disclosed,k6,gain,6,100.0,-0.000135637475598277,False
final_input_token_layerwise,disclosed,k6,gain,7,100.0,-0.0002873921157735826,False
final_input_token_layerwise,disclosed,k6,gain,8,100.0,-0.00041023345990842675,False
final_input_token_layerwise,disclosed,k6,gain,9,3.0,0.005959632515193436,False
final_input_token_layerwise,disclosed,k6,gain,10,3.0,0.0029053854630144704,False
final_input_token_layerwise,disclosed,k6,gain,11,3.0,0.0008097796466939311,False
final_input_token_layerwise,disclosed,k6,gain,12,3.0,0.016682882747295624,False
final_input_token_layerwise,disclosed,k6,gain,13,0.1,0.13695002466938427,False
final_input_token_layerwise,disclosed,k6,gain,14,0.1,0.01786229807901038,False
final_input_token_layerwise,disclosed,k6,gain,15,0.1,0.008931984614383714,False
final_input_token_layerwise,disclosed,k6,gain,16,0.1,0.10863270771922034,False
final_input_token_layerwise,disclosed,k6,gain,17,0.1,0.11262346338219212,False
final_input_token_layerwise,disclosed,k6,gain,18,0.1,0.15482430334086925,False
final_input_token_layerwise,disclosed,k6,gain,19,0.1,0.13000155685336381,False
final_input_token_layerwise,disclosed,k6,gain,20,0.1,0.10809290913929603,False
final_input_token_layerwise,disclosed,k6,gain,21,0.1,0.062037736871010746,False
final_input_token_layerwise,disclosed,k6,gain,22,0.1,0.07723185561740456,False
final_input_token_layerwise,disclosed,k6,gain,23,0.1,0.08319636909022438,False
final_input_token_layerwise,disclosed,k6,gain,24,0.1,0.1028211474233644,False
final_input_token_layerwise,disclosed,k6,gain,25,0.1,0.07736071670330563,False
final_input_token_layerwise,disclosed,k6,gain,26,0.1,0.08702521539993646,False
final_input_token_layerwise,disclosed,k6,gain,27,0.1,0.08300262571897193,False
final_input_token_layerwise,disclosed,k6,gain,28,0.1,0.10863709372951177,False
final_input_token_layerwise,disclosed,k6,gain,29,0.1,0.1713286363091509,True
final_input_token_layerwise,disclosed,k6,gain,30,0.1,0.13922628852147914,False
final_input_token_layerwise,disclosed,k6,gain,31,0.1,0.1270742980993226,False
final_input_token_layerwise,disclosed,k6,gain,32,0.1,0.11302949698796405,False
final_input_token_layerwise,disclosed,k6,response_residual,0,0.0001,-2.7755575615628914e-17,False
final_input_token_layerwise,disclosed,k6,response_residual,1,100.0,8.770280267467179e-06,False
final_input_token_layerwise,disclosed,k6,response_residual,2,100.0,-7.354777133053436e-05,False
final_input_token_layerwise,disclosed,k6,response_residual,3,100.0,-0.00025173639143549753,False
final_input_token_layerwise,disclosed,k6,response_residual,4,100.0,-0.0003789714368870323,False
final_input_token_layerwise,disclosed,k6,response_residual,5,100.0,-0.0005356306138764588,False
final_input_token_layerwise,disclosed,k6,response_residual,6,100.0,-0.00018663810711908035,False
final_input_token_layerwise,disclosed,k6,response_residual,7,100.0,-0.0002833839173211061,False
final_input_token_layerwise,disclosed,k6,response_residual,8,100.0,-0.00035222662835907026,False
final_input_token_layerwise,disclosed,k6,response_residual,9,100.0,9.794344038280278e-05,False
final_input_token_layerwise,disclosed,k6,response_residual,10,100.0,-4.6255873407480275e-05,False
final_input_token_layerwise,disclosed,k6,response_residual,11,100.0,-0.00019774373416894808,False
final_input_token_layerwise,disclosed,k6,response_residual,12,100.0,0.00019893051572658638,False
final_input_token_layerwise,disclosed,k6,response_residual,13,100.0,-0.00035342430296025906,False
final_input_token_layerwise,disclosed,k6,response_residual,14,100.0,-0.0012328310311952584,False
final_input_token_layerwise,disclosed,k6,response_residual,15,100.0,-0.00080313720690664,False
final_input_token_layerwise,disclosed,k6,response_residual,16,3.0,0.006924009001495646,False
final_input_token_layerwise,disclosed,k6,response_residual,17,3.0,0.007502139417871673,False
final_input_token_layerwise,disclosed,k6,response_residual,18,3.0,0.013104589053757387,False
final_input_token_layerwise,disclosed,k6,response_residual,19,3.0,0.00922828752460661,False
final_input_token_layerwise,disclosed,k6,response_residual,20,3.0,0.0034563710511386625,False
final_input_token_layerwise,disclosed,k6,response_residual,21,100.0,0.0005667401050443444,False
final_input_token_layerwise,disclosed,k6,response_residual,22,3.0,0.009291378590331467,False
final_input_token_layerwise,disclosed,k6,response_residual,23,3.0,0.008784457927080713,False
final_input_token_layerwise,disclosed,k6,response_residual,24,3.0,0.01353492963655653,False
final_input_token_layerwise,disclosed,k6,response_residual,25,3.0,0.012573991233357062,False
final_input_token_layerwise,disclosed,k6,response_residual,26,3.0,0.01443983786989117,False
final_input_token_layerwise,disclosed,k6,response_residual,27,3.0,0.014585713747350737,False
final_input_token_layerwise,disclosed,k6,response_residual,28,3.0,0.01502628406101239,False
final_input_token_layerwise,disclosed,k6,response_residual,29,0.1,0.06901404343389989,True
final_input_token_layerwise,disclosed,k6,response_residual,30,0.1,0.05501807153619198,False
final_input_token_layerwise,disclosed,k6,response_residual,31,0.1,0.05044107807772033,False
final_input_token_layerwise,disclosed,k6,response_residual,32,3.0,0.05305307824905034,False
final_input_token_layerwise,disclosed,k6,last_target_observation,0,0.0001,-2.7755575615628914e-17,False
final_input_token_layerwise,disclosed,k6,last_target_observation,1,3.0,0.035173234195065656,False
final_input_token_layerwise,disclosed,k6,last_target_observation,2,3.0,0.02234458699121636,False
final_input_token_layerwise,disclosed,k6,last_target_observation,3,3.0,0.012564078834947756,False
final_input_token_layerwise,disclosed,k6,last_target_observation,4,3.0,0.022551814848163515,False
final_input_token_layerwise,disclosed,k6,last_target_observation,5,3.0,0.014377237401601572,False
final_input_token_layerwise,disclosed,k6,last_target_observation,6,3.0,0.017337155249076946,False
final_input_token_layerwise,disclosed,k6,last_target_observation,7,3.0,0.010565180885352854,False
final_input_token_layerwise,disclosed,k6,last_target_observation,8,100.0,4.620798699342399e-05,False
final_input_token_layerwise,disclosed,k6,last_target_observation,9,0.1,0.04681972639459667,False
final_input_token_layerwise,disclosed,k6,last_target_observation,10,0.1,0.04451979312147436,False
final_input_token_layerwise,disclosed,k6,last_target_observation,11,0.1,0.05910102484067914,False
final_input_token_layerwise,disclosed,k6,last_target_observation,12,0.1,0.12994469094632602,False
final_input_token_layerwise,disclosed,k6,last_target_observation,13,0.1,0.21576459454008684,True
final_input_token_layerwise,disclosed,k6,last_target_observation,14,0.1,0.11419431235818667,False
final_input_token_layerwise,disclosed,k6,last_target_observation,15,3.0,0.014889970310031836,False
final_input_token_layerwise,disclosed,k6,last_target_observation,16,3.0,0.018012002798337118,False
final_input_token_layerwise,disclosed,k6,last_target_observation,17,3.0,0.02567692798161525,False
final_input_token_layerwise,disclosed,k6,last_target_observation,18,3.0,0.022465707382826355,False
final_input_token_layerwise,disclosed,k6,last_target_observation,19,3.0,0.015470590501208525,False
final_input_token_layerwise,disclosed,k6,last_target_observation,20,3.0,0.010935715539811625,False
final_input_token_layerwise,disclosed,k6,last_target_observation,21,3.0,0.014079499857289401,False
final_input_token_layerwise,disclosed,k6,last_target_observation,22,3.0,0.00854798114410743,False
final_input_token_layerwise,disclosed,k6,last_target_observation,23,3.0,0.013729786610513828,False
final_input_token_layerwise,disclosed,k6,last_target_observation,24,3.0,0.013228071849461981,False
final_input_token_layerwise,disclosed,k6,last_target_observation,25,3.0,0.01113487853290454,False
final_input_token_layerwise,disclosed,k6,last_target_observation,26,3.0,0.01405940305250264,False
final_input_token_layerwise,disclosed,k6,last_target_observation,27,3.0,0.008672905773564027,False
final_input_token_layerwise,disclosed,k6,last_target_observation,28,3.0,0.004693571653640455,False
final_input_token_layerwise,disclosed,k6,last_target_observation,29,3.0,0.02497249876631666,False
final_input_token_layerwise,disclosed,k6,last_target_observation,30,3.0,0.025063172076409485,False
final_input_token_layerwise,disclosed,k6,last_target_observation,31,3.0,0.02853429214909331,False
final_input_token_layerwise,disclosed,k6,last_target_observation,32,3.0,0.026121427351604387,False
final_input_token_layerwise,disclosed,k6,target_observation_mean,0,0.0001,2.7755575615628914e-17,False
final_input_token_layerwise,disclosed,k6,target_observation_mean,1,0.1,0.04582091474146424,False
final_input_token_layerwise,disclosed,k6,target_observation_mean,2,0.1,0.013000890461546205,False
final_input_token_layerwise,disclosed,k6,target_observation_mean,3,3.0,0.024311932537872477,False
final_input_token_layerwise,disclosed,k6,target_observation_mean,4,3.0,0.025118172907588415,False
final_input_token_layerwise,disclosed,k6,target_observation_mean,5,3.0,0.030143878681265446,False
final_input_token_layerwise,disclosed,k6,target_observation_mean,6,3.0,0.022598840755657906,False
final_input_token_layerwise,disclosed,k6,target_observation_mean,7,3.0,0.014234968965391476,False
final_input_token_layerwise,disclosed,k6,target_observation_mean,8,3.0,0.02596558577362218,False
final_input_token_layerwise,disclosed,k6,target_observation_mean,9,3.0,0.07264736152671059,False
final_input_token_layerwise,disclosed,k6,target_observation_mean,10,3.0,0.05777366460263564,False
final_input_token_layerwise,disclosed,k6,target_observation_mean,11,0.1,0.11064035924843149,False
final_input_token_layerwise,disclosed,k6,target_observation_mean,12,0.1,0.18385604149475104,False
final_input_token_layerwise,disclosed,k6,target_observation_mean,13,3.0,0.09439951203535138,False
final_input_token_layerwise,disclosed,k6,target_observation_mean,14,3.0,0.08404109561747045,False
final_input_token_layerwise,disclosed,k6,target_observation_mean,15,0.1,0.1082093554241911,False
final_input_token_layerwise,disclosed,k6,target_observation_mean,16,0.1,0.28800776334249517,False
final_input_token_layerwise,disclosed,k6,target_observation_mean,17,0.1,0.3041302171038977,False
final_input_token_layerwise,disclosed,k6,target_observation_mean,18,0.1,0.24287177402480928,False
final_input_token_layerwise,disclosed,k6,target_observation_mean,19,0.1,0.2271445404934661,False
final_input_token_layerwise,disclosed,k6,target_observation_mean,20,0.1,0.1880819773109727,False
final_input_token_layerwise,disclosed,k6,target_observation_mean,21,0.1,0.1984280538892047,False
final_input_token_layerwise,disclosed,k6,target_observation_mean,22,0.1,0.16712024429876554,False
final_input_token_layerwise,disclosed,k6,target_observation_mean,23,0.1,0.151480136919416,False
final_input_token_layerwise,disclosed,k6,target_observation_mean,24,0.1,0.1300242411354798,False
final_input_token_layerwise,disclosed,k6,target_observation_mean,25,0.1,0.14859181985894845,False
final_input_token_layerwise,disclosed,k6,target_observation_mean,26,0.1,0.14900989072473247,False
final_input_token_layerwise,disclosed,k6,target_observation_mean,27,0.1,0.1989142861058924,False
final_input_token_layerwise,disclosed,k6,target_observation_mean,28,0.1,0.20273302387672634,False
final_input_token_layerwise,disclosed,k6,target_observation_mean,29,0.1,0.26298262512089854,False
final_input_token_layerwise,disclosed,k6,target_observation_mean,30,0.1,0.28363975952802434,False
final_input_token_layerwise,disclosed,k6,target_observation_mean,31,0.1,0.31253003923790446,False
final_input_token_layerwise,disclosed,k6,target_observation_mean,32,0.1,0.38483725578274763,True
final_input_token_layerwise,disclosed,k6,target_time_slope,0,0.0001,0.0,False
final_input_token_layerwise,disclosed,k6,target_time_slope,1,3.0,0.033563230277448286,False
final_input_token_layerwise,disclosed,k6,target_time_slope,2,3.0,0.016511438411002805,False
final_input_token_layerwise,disclosed,k6,target_time_slope,3,100.0,0.0006320840122432114,False
final_input_token_layerwise,disclosed,k6,target_time_slope,4,3.0,0.0035973128978639968,False
final_input_token_layerwise,disclosed,k6,target_time_slope,5,100.0,0.00027478783540249574,False
final_input_token_layerwise,disclosed,k6,target_time_slope,6,100.0,0.00031451664945844615,False
final_input_token_layerwise,disclosed,k6,target_time_slope,7,3.0,0.0007201198520610241,False
final_input_token_layerwise,disclosed,k6,target_time_slope,8,100.0,-0.00015437859768385742,False
final_input_token_layerwise,disclosed,k6,target_time_slope,9,3.0,0.02601187158128776,False
final_input_token_layerwise,disclosed,k6,target_time_slope,10,3.0,0.011857408784695017,False
final_input_token_layerwise,disclosed,k6,target_time_slope,11,0.1,0.07561108774490952,False
final_input_token_layerwise,disclosed,k6,target_time_slope,12,0.1,0.07768788522826278,False
final_input_token_layerwise,disclosed,k6,target_time_slope,13,0.1,0.09262563215791383,True
final_input_token_layerwise,disclosed,k6,target_time_slope,14,100.0,1.1867619525068873e-05,False
final_input_token_layerwise,disclosed,k6,target_time_slope,15,3.0,0.00708043110278439,False
final_input_token_layerwise,disclosed,k6,target_time_slope,16,3.0,0.018133872442900156,False
final_input_token_layerwise,disclosed,k6,target_time_slope,17,3.0,0.016748564982221686,False
final_input_token_layerwise,disclosed,k6,target_time_slope,18,3.0,0.007720154288263503,False
final_input_token_layerwise,disclosed,k6,target_time_slope,19,3.0,0.008645881984143622,False
final_input_token_layerwise,disclosed,k6,target_time_slope,20,3.0,0.003966206044315079,False
final_input_token_layerwise,disclosed,k6,target_time_slope,21,3.0,0.010009766892623118,False
final_input_token_layerwise,disclosed,k6,target_time_slope,22,3.0,0.004792907378934175,False
final_input_token_layerwise,disclosed,k6,target_time_slope,23,3.0,0.0071529543227948356,False
final_input_token_layerwise,disclosed,k6,target_time_slope,24,3.0,0.0034347729826501583,False
final_input_token_layerwise,disclosed,k6,target_time_slope,25,100.0,0.00016180662514864164,False
final_input_token_layerwise,disclosed,k6,target_time_slope,26,3.0,0.0025169742407761264,False
final_input_token_layerwise,disclosed,k6,target_time_slope,27,3.0,0.0026165398075555235,False
final_input_token_layerwise,disclosed,k6,target_time_slope,28,100.0,-0.00011032758264600817,False
final_input_token_layerwise,disclosed,k6,target_time_slope,29,3.0,0.01599325851522701,False
final_input_token_layerwise,disclosed,k6,target_time_slope,30,3.0,0.01893133995930521,False
final_input_token_layerwise,disclosed,k6,target_time_slope,31,3.0,0.01771925968904761,False
final_input_token_layerwise,disclosed,k6,target_time_slope,32,3.0,0.008772086945496638,False
final_input_token_layerwise,disclosed,k6,displayed_driver_outcome_slope,0,0.0001,-5.551115123125783e-17,False
final_input_token_layerwise,disclosed,k6,displayed_driver_outcome_slope,1,100.0,-0.00036432506999065084,False
final_input_token_layerwise,disclosed,k6,displayed_driver_outcome_slope,2,100.0,-0.0006692793291135091,False
final_input_token_layerwise,disclosed,k6,displayed_driver_outcome_slope,3,3.0,0.008839993111803973,False
final_input_token_layerwise,disclosed,k6,displayed_driver_outcome_slope,4,3.0,0.008516609459290364,False
final_input_token_layerwise,disclosed,k6,displayed_driver_outcome_slope,5,3.0,0.0049423576226937105,False
final_input_token_layerwise,disclosed,k6,displayed_driver_outcome_slope,6,3.0,0.012127380247947461,False
final_input_token_layerwise,disclosed,k6,displayed_driver_outcome_slope,7,3.0,0.001597059848292226,False
final_input_token_layerwise,disclosed,k6,displayed_driver_outcome_slope,8,3.0,0.007999467150272693,False
final_input_token_layerwise,disclosed,k6,displayed_driver_outcome_slope,9,3.0,0.005182561203266406,False
final_input_token_layerwise,disclosed,k6,displayed_driver_outcome_slope,10,3.0,0.015884083493587386,True
final_input_token_layerwise,disclosed,k6,displayed_driver_outcome_slope,11,3.0,0.012484841311734052,False
final_input_token_layerwise,disclosed,k6,displayed_driver_outcome_slope,12,3.0,0.01203671514621485,False
final_input_token_layerwise,disclosed,k6,displayed_driver_outcome_slope,13,3.0,0.013668880643426473,False
final_input_token_layerwise,disclosed,k6,displayed_driver_outcome_slope,14,100.0,0.0004899992868624414,False
final_input_token_layerwise,disclosed,k6,displayed_driver_outcome_slope,15,3.0,0.0013847210521061304,False
final_input_token_layerwise,disclosed,k6,displayed_driver_outcome_slope,16,3.0,0.0013517966675049287,False
final_input_token_layerwise,disclosed,k6,displayed_driver_outcome_slope,17,100.0,-0.0001920428100956606,False
final_input_token_layerwise,disclosed,k6,displayed_driver_outcome_slope,18,100.0,-0.00016267014806684021,False
final_input_token_layerwise,disclosed,k6,displayed_driver_outcome_slope,19,100.0,0.00014325516425514606,False
final_input_token_layerwise,disclosed,k6,displayed_driver_outcome_slope,20,100.0,-0.00012066307140234933,False
final_input_token_layerwise,disclosed,k6,displayed_driver_outcome_slope,21,100.0,-0.0005829936716369444,False
final_input_token_layerwise,disclosed,k6,displayed_driver_outcome_slope,22,100.0,-0.00032125353086839836,False
final_input_token_layerwise,disclosed,k6,displayed_driver_outcome_slope,23,100.0,-0.0006832848494092714,False
final_input_token_layerwise,disclosed,k6,displayed_driver_outcome_slope,24,100.0,-0.000974263665684233,False
final_input_token_layerwise,disclosed,k6,displayed_driver_outcome_slope,25,100.0,-0.0008487446495591966,False
final_input_token_layerwise,disclosed,k6,displayed_driver_outcome_slope,26,100.0,-0.0009475861545101272,False
final_input_token_layerwise,disclosed,k6,displayed_driver_outcome_slope,27,100.0,-0.0009977094120869612,False
final_input_token_layerwise,disclosed,k6,displayed_driver_outcome_slope,28,100.0,-0.0011813552451052922,False
final_input_token_layerwise,disclosed,k6,displayed_driver_outcome_slope,29,100.0,-0.0004429340224015865,False
final_input_token_layerwise,disclosed,k6,displayed_driver_outcome_slope,30,100.0,-0.00040858188899997594,False
final_input_token_layerwise,disclosed,k6,displayed_driver_outcome_slope,31,100.0,-0.0002899718787338912,False
final_input_token_layerwise,disclosed,k6,displayed_driver_outcome_slope,32,3.0,0.006752985469935635,False
final_input_token_layerwise,disclosed,k6,oracle_posterior_gain,0,0.0001,-5.551115123125783e-17,False
final_input_token_layerwise,disclosed,k6,oracle_posterior_gain,1,3.0,0.01000703630502392,False
final_input_token_layerwise,disclosed,k6,oracle_posterior_gain,2,3.0,0.004367747556295043,False
final_input_token_layerwise,disclosed,k6,oracle_posterior_gain,3,100.0,-0.0005623277316001429,False
final_input_token_layerwise,disclosed,k6,oracle_posterior_gain,4,3.0,0.0020100964329619053,False
final_input_token_layerwise,disclosed,k6,oracle_posterior_gain,5,100.0,-1.0365388807137554e-05,False
final_input_token_layerwise,disclosed,k6,oracle_posterior_gain,6,3.0,0.004982443924071267,False
final_input_token_layerwise,disclosed,k6,oracle_posterior_gain,7,100.0,-0.00011761654276132294,False
final_input_token_layerwise,disclosed,k6,oracle_posterior_gain,8,100.0,-0.00025630612424301646,False
final_input_token_layerwise,disclosed,k6,oracle_posterior_gain,9,3.0,0.01951295601347272,False
final_input_token_layerwise,disclosed,k6,oracle_posterior_gain,10,3.0,0.026862074595084356,False
final_input_token_layerwise,disclosed,k6,oracle_posterior_gain,11,3.0,0.028868311064133595,False
final_input_token_layerwise,disclosed,k6,oracle_posterior_gain,12,0.1,0.046284082651830816,False
final_input_token_layerwise,disclosed,k6,oracle_posterior_gain,13,0.1,0.02693287385098639,False
final_input_token_layerwise,disclosed,k6,oracle_posterior_gain,14,3.0,0.01844542062797805,False
final_input_token_layerwise,disclosed,k6,oracle_posterior_gain,15,0.1,0.09891861141643513,False
final_input_token_layerwise,disclosed,k6,oracle_posterior_gain,16,3.0,0.060784588654099664,False
final_input_token_layerwise,disclosed,k6,oracle_posterior_gain,17,3.0,0.055223071218943015,False
final_input_token_layerwise,disclosed,k6,oracle_posterior_gain,18,0.1,0.1550039733152313,False
final_input_token_layerwise,disclosed,k6,oracle_posterior_gain,19,0.1,0.14937489364085688,False
final_input_token_layerwise,disclosed,k6,oracle_posterior_gain,20,0.1,0.12407366383771723,False
final_input_token_layerwise,disclosed,k6,oracle_posterior_gain,21,0.1,0.161371298184255,False
final_input_token_layerwise,disclosed,k6,oracle_posterior_gain,22,0.1,0.1867193864743072,False
final_input_token_layerwise,disclosed,k6,oracle_posterior_gain,23,0.1,0.18691605465172823,False
final_input_token_layerwise,disclosed,k6,oracle_posterior_gain,24,0.1,0.18069097474899354,False
final_input_token_layerwise,disclosed,k6,oracle_posterior_gain,25,0.1,0.20334443233400581,False
final_input_token_layerwise,disclosed,k6,oracle_posterior_gain,26,0.1,0.18321753429739107,False
final_input_token_layerwise,disclosed,k6,oracle_posterior_gain,27,0.1,0.18792212859114538,False
final_input_token_layerwise,disclosed,k6,oracle_posterior_gain,28,0.1,0.2121417298450983,False
final_input_token_layerwise,disclosed,k6,oracle_posterior_gain,29,0.1,0.31397182727888273,True
final_input_token_layerwise,disclosed,k6,oracle_posterior_gain,30,0.1,0.2892722315756972,False
final_input_token_layerwise,disclosed,k6,oracle_posterior_gain,31,0.1,0.2768853043245282,False
final_input_token_layerwise,disclosed,k6,oracle_posterior_gain,32,0.1,0.2862626289496538,False
final_input_token_layerwise,disclosed,k9,gain,0,0.0001,0.0,False
final_input_token_layerwise,disclosed,k9,gain,1,100.0,-0.00019822799385718626,False
final_input_token_layerwise,disclosed,k9,gain,2,100.0,-0.00024651010198017964,False
final_input_token_layerwise,disclosed,k9,gain,3,3.0,0.0019261992828797647,False
final_input_token_layerwise,disclosed,k9,gain,4,100.0,-0.00016109544683118315,False
final_input_token_layerwise,disclosed,k9,gain,5,100.0,-0.000520839732946976,False
final_input_token_layerwise,disclosed,k9,gain,6,100.0,-0.0003037538293578501,False
final_input_token_layerwise,disclosed,k9,gain,7,3.0,0.0010049315281369375,False
final_input_token_layerwise,disclosed,k9,gain,8,3.0,0.003448659908800361,False
final_input_token_layerwise,disclosed,k9,gain,9,0.1,0.0666091554952579,False
final_input_token_layerwise,disclosed,k9,gain,10,0.1,0.06510712910964128,False
final_input_token_layerwise,disclosed,k9,gain,11,0.1,0.05374304389733575,False
final_input_token_layerwise,disclosed,k9,gain,12,0.1,0.07416674381962596,False
final_input_token_layerwise,disclosed,k9,gain,13,0.1,0.07459675641387559,False
final_input_token_layerwise,disclosed,k9,gain,14,3.0,0.030100536105867243,False
final_input_token_layerwise,disclosed,k9,gain,15,3.0,0.03736508851678155,False
final_input_token_layerwise,disclosed,k9,gain,16,0.1,0.07001112793074696,False
final_input_token_layerwise,disclosed,k9,gain,17,3.0,0.032289287567115965,False
final_input_token_layerwise,disclosed,k9,gain,18,3.0,0.027144213414213608,False
final_input_token_layerwise,disclosed,k9,gain,19,0.1,0.049539193651643554,False
final_input_token_layerwise,disclosed,k9,gain,20,0.1,0.03440422555316697,False
final_input_token_layerwise,disclosed,k9,gain,21,3.0,0.02708046325159061,False
final_input_token_layerwise,disclosed,k9,gain,22,3.0,0.026787363376231943,False
final_input_token_layerwise,disclosed,k9,gain,23,3.0,0.02913852212704074,False
final_input_token_layerwise,disclosed,k9,gain,24,3.0,0.0320615521623174,False
final_input_token_layerwise,disclosed,k9,gain,25,3.0,0.02966643549654216,False
final_input_token_layerwise,disclosed,k9,gain,26,3.0,0.03216835796623846,False
final_input_token_layerwise,disclosed,k9,gain,27,0.1,0.061256382032495255,False
final_input_token_layerwise,disclosed,k9,gain,28,0.1,0.10943181886242473,False
final_input_token_layerwise,disclosed,k9,gain,29,0.1,0.291507681372317,False
final_input_token_layerwise,disclosed,k9,gain,30,0.1,0.3026429201496108,False
final_input_token_layerwise,disclosed,k9,gain,31,0.1,0.2749491086609579,False
final_input_token_layerwise,disclosed,k9,gain,32,0.1,0.31454293048498666,True
final_input_token_layerwise,disclosed,k9,response_residual,0,0.0001,-2.7755575615628914e-17,False
final_input_token_layerwise,disclosed,k9,response_residual,1,100.0,-0.00010179704328641681,False
final_input_token_layerwise,disclosed,k9,response_residual,2,100.0,-3.73151111019987e-05,False
final_input_token_layerwise,disclosed,k9,response_residual,3,100.0,6.224194028819907e-05,False
final_input_token_layerwise,disclosed,k9,response_residual,4,100.0,-0.0002813554784354688,False
final_input_token_layerwise,disclosed,k9,response_residual,5,100.0,-0.00047719015283034794,False
final_input_token_layerwise,disclosed,k9,response_residual,6,100.0,-0.0004181194599094662,False
final_input_token_layerwise,disclosed,k9,response_residual,7,100.0,-9.879324377540244e-05,False
final_input_token_layerwise,disclosed,k9,response_residual,8,100.0,-0.00012528377127554724,False
final_input_token_layerwise,disclosed,k9,response_residual,9,3.0,0.0030632399515781727,False
final_input_token_layerwise,disclosed,k9,response_residual,10,3.0,0.002230937606610639,False
final_input_token_layerwise,disclosed,k9,response_residual,11,100.0,0.00018219734517280206,False
final_input_token_layerwise,disclosed,k9,response_residual,12,3.0,0.004868049042406952,False
final_input_token_layerwise,disclosed,k9,response_residual,13,100.0,-6.088571966059164e-05,False
final_input_token_layerwise,disclosed,k9,response_residual,14,3.0,0.004916389297082796,False
final_input_token_layerwise,disclosed,k9,response_residual,15,3.0,0.007893691563376576,False
final_input_token_layerwise,disclosed,k9,response_residual,16,3.0,0.019535820892117473,False
final_input_token_layerwise,disclosed,k9,response_residual,17,3.0,0.007927154411521586,False
final_input_token_layerwise,disclosed,k9,response_residual,18,3.0,0.0033433033711536553,False
final_input_token_layerwise,disclosed,k9,response_residual,19,3.0,0.0006884307103453835,False
final_input_token_layerwise,disclosed,k9,response_residual,20,3.0,0.002550481220365719,False
final_input_token_layerwise,disclosed,k9,response_residual,21,3.0,0.003386938868951639,False
final_input_token_layerwise,disclosed,k9,response_residual,22,3.0,0.004569767126141766,False
final_input_token_layerwise,disclosed,k9,response_residual,23,3.0,0.004689873821205226,False
final_input_token_layerwise,disclosed,k9,response_residual,24,3.0,0.0078738046027155,False
final_input_token_layerwise,disclosed,k9,response_residual,25,3.0,0.007976547021455282,False
final_input_token_layerwise,disclosed,k9,response_residual,26,3.0,0.010503654101982562,False
final_input_token_layerwise,disclosed,k9,response_residual,27,3.0,0.013661244639349535,False
final_input_token_layerwise,disclosed,k9,response_residual,28,3.0,0.009707882766148201,False
final_input_token_layerwise,disclosed,k9,response_residual,29,0.1,0.14553144881434446,False
final_input_token_layerwise,disclosed,k9,response_residual,30,0.1,0.1738151551952985,False
final_input_token_layerwise,disclosed,k9,response_residual,31,0.1,0.1505991728016561,False
final_input_token_layerwise,disclosed,k9,response_residual,32,0.1,0.19827323284907292,True
final_input_token_layerwise,disclosed,k9,last_target_observation,0,0.0001,1.3877787807814457e-16,False
final_input_token_layerwise,disclosed,k9,last_target_observation,1,3.0,0.005212854354374324,False
final_input_token_layerwise,disclosed,k9,last_target_observation,2,0.1,0.05800117616539496,True
final_input_token_layerwise,disclosed,k9,last_target_observation,3,3.0,0.04296460882270303,False
final_input_token_layerwise,disclosed,k9,last_target_observation,4,3.0,0.03746428567205337,False
final_input_token_layerwise,disclosed,k9,last_target_observation,5,3.0,0.0373954222801571,False
final_input_token_layerwise,disclosed,k9,last_target_observation,6,3.0,0.03247569785529997,False
final_input_token_layerwise,disclosed,k9,last_target_observation,7,3.0,0.026459515099434477,False
final_input_token_layerwise,disclosed,k9,last_target_observation,8,3.0,0.014418015865417327,False
final_input_token_layerwise,disclosed,k9,last_target_observation,9,3.0,0.02098338891149365,False
final_input_token_layerwise,disclosed,k9,last_target_observation,10,3.0,0.025955063997694844,False
final_input_token_layerwise,disclosed,k9,last_target_observation,11,3.0,0.02886570006171474,False
final_input_token_layerwise,disclosed,k9,last_target_observation,12,3.0,0.013760186942465807,False
final_input_token_layerwise,disclosed,k9,last_target_observation,13,100.0,0.0002673722821993074,False
final_input_token_layerwise,disclosed,k9,last_target_observation,14,100.0,-0.0003102985256906998,False
final_input_token_layerwise,disclosed,k9,last_target_observation,15,3.0,0.001401289803007577,False
final_input_token_layerwise,disclosed,k9,last_target_observation,16,3.0,0.0030768273951526925,False
final_input_token_layerwise,disclosed,k9,last_target_observation,17,3.0,0.003584212192181052,False
final_input_token_layerwise,disclosed,k9,last_target_observation,18,3.0,0.006511555205820974,False
final_input_token_layerwise,disclosed,k9,last_target_observation,19,3.0,0.009344331127844246,False
final_input_token_layerwise,disclosed,k9,last_target_observation,20,3.0,0.00349350998532838,False
final_input_token_layerwise,disclosed,k9,last_target_observation,21,3.0,0.001565736581834759,False
final_input_token_layerwise,disclosed,k9,last_target_observation,22,100.0,0.001427685195446754,False
final_input_token_layerwise,disclosed,k9,last_target_observation,23,100.0,0.0014079949400964686,False
final_input_token_layerwise,disclosed,k9,last_target_observation,24,100.0,0.0014737746095479787,False
final_input_token_layerwise,disclosed,k9,last_target_observation,25,100.0,0.0015245887827712301,False
final_input_token_layerwise,disclosed,k9,last_target_observation,26,100.0,0.001532067758668959,False
final_input_token_layerwise,disclosed,k9,last_target_observation,27,100.0,0.0014725179634582919,False
final_input_token_layerwise,disclosed,k9,last_target_observation,28,100.0,0.001233909075420897,False
final_input_token_layerwise,disclosed,k9,last_target_observation,29,3.0,0.04070451180524973,False
final_input_token_layerwise,disclosed,k9,last_target_observation,30,3.0,0.038719685855903824,False
final_input_token_layerwise,disclosed,k9,last_target_observation,31,3.0,0.038761801078485286,False
final_input_token_layerwise,disclosed,k9,last_target_observation,32,3.0,0.037282919038942625,False
final_input_token_layerwise,disclosed,k9,target_observation_mean,0,0.0001,3.885780586188048e-16,False
final_input_token_layerwise,disclosed,k9,target_observation_mean,1,0.1,0.018824430201741654,False
final_input_token_layerwise,disclosed,k9,target_observation_mean,2,0.1,0.043882596692471104,False
final_input_token_layerwise,disclosed,k9,target_observation_mean,3,0.1,0.07314163584817915,False
final_input_token_layerwise,disclosed,k9,target_observation_mean,4,3.0,0.01591967543415873,False
final_input_token_layerwise,disclosed,k9,target_observation_mean,5,3.0,0.0009157512918194777,False
final_input_token_layerwise,disclosed,k9,target_observation_mean,6,3.0,0.0025103982535696068,False
final_input_token_layerwise,disclosed,k9,target_observation_mean,7,100.0,-6.066885554739665e-05,False
final_input_token_layerwise,disclosed,k9,target_observation_mean,8,100.0,-0.00012207542512759906,False
final_input_token_layerwise,disclosed,k9,target_observation_mean,9,3.0,0.0076179355646325275,False
final_input_token_layerwise,disclosed,k9,target_observation_mean,10,3.0,0.00834992577267163,False
final_input_token_layerwise,disclosed,k9,target_observation_mean,11,3.0,0.01296680258196628,False
final_input_token_layerwise,disclosed,k9,target_observation_mean,12,0.1,0.028351553848234984,False
final_input_token_layerwise,disclosed,k9,target_observation_mean,13,100.0,-0.00026030893567613456,False
final_input_token_layerwise,disclosed,k9,target_observation_mean,14,100.0,-0.00018832073482211165,False
final_input_token_layerwise,disclosed,k9,target_observation_mean,15,3.0,0.02177076232711217,False
final_input_token_layerwise,disclosed,k9,target_observation_mean,16,3.0,0.0337417301448934,False
final_input_token_layerwise,disclosed,k9,target_observation_mean,17,3.0,0.03572431243344787,False
final_input_token_layerwise,disclosed,k9,target_observation_mean,18,3.0,0.03440837005660638,False
final_input_token_layerwise,disclosed,k9,target_observation_mean,19,3.0,0.02532789616033146,False
final_input_token_layerwise,disclosed,k9,target_observation_mean,20,3.0,0.021906544576961395,False
final_input_token_layerwise,disclosed,k9,target_observation_mean,21,3.0,0.01651935793061965,False
final_input_token_layerwise,disclosed,k9,target_observation_mean,22,3.0,0.013703977118623561,False
final_input_token_layerwise,disclosed,k9,target_observation_mean,23,3.0,0.013307997687932754,False
final_input_token_layerwise,disclosed,k9,target_observation_mean,24,3.0,0.01708548892949527,False
final_input_token_layerwise,disclosed,k9,target_observation_mean,25,3.0,0.014385923272161621,False
final_input_token_layerwise,disclosed,k9,target_observation_mean,26,3.0,0.018831024518848744,False
final_input_token_layerwise,disclosed,k9,target_observation_mean,27,3.0,0.022234076025815758,False
final_input_token_layerwise,disclosed,k9,target_observation_mean,28,0.1,0.05493519240103584,False
final_input_token_layerwise,disclosed,k9,target_observation_mean,29,0.1,0.2890196174692998,False
final_input_token_layerwise,disclosed,k9,target_observation_mean,30,0.1,0.2960334905598391,False
final_input_token_layerwise,disclosed,k9,target_observation_mean,31,0.1,0.33450600412292175,False
final_input_token_layerwise,disclosed,k9,target_observation_mean,32,0.1,0.3743175024757378,True
final_input_token_layerwise,disclosed,k9,target_time_slope,0,0.0001,0.0,False
final_input_token_layerwise,disclosed,k9,target_time_slope,1,3.0,0.005778366094330661,False
final_input_token_layerwise,disclosed,k9,target_time_slope,2,3.0,0.0027148492291914628,False
final_input_token_layerwise,disclosed,k9,target_time_slope,3,3.0,0.03013362522770574,True
final_input_token_layerwise,disclosed,k9,target_time_slope,4,3.0,0.018040291044758155,False
final_input_token_layerwise,disclosed,k9,target_time_slope,5,3.0,0.02475658807711892,False
final_input_token_layerwise,disclosed,k9,target_time_slope,6,3.0,0.005018377630022719,False
final_input_token_layerwise,disclosed,k9,target_time_slope,7,100.0,-6.573470162898887e-05,False
final_input_token_layerwise,disclosed,k9,target_time_slope,8,100.0,-0.0006103308133259544,False
final_input_token_layerwise,disclosed,k9,target_time_slope,9,3.0,0.010093342854185144,False
final_input_token_layerwise,disclosed,k9,target_time_slope,10,3.0,0.018752334690691375,False
final_input_token_layerwise,disclosed,k9,target_time_slope,11,3.0,0.028904214259866223,False
final_input_token_layerwise,disclosed,k9,target_time_slope,12,3.0,0.029529190649636716,False
final_input_token_layerwise,disclosed,k9,target_time_slope,13,3.0,0.0029729853828433517,False
final_input_token_layerwise,disclosed,k9,target_time_slope,14,100.0,-0.00037684093407464037,False
final_input_token_layerwise,disclosed,k9,target_time_slope,15,3.0,0.0013226980212790451,False
final_input_token_layerwise,disclosed,k9,target_time_slope,16,3.0,0.021816855133947488,False
final_input_token_layerwise,disclosed,k9,target_time_slope,17,3.0,0.026028880133497884,False
final_input_token_layerwise,disclosed,k9,target_time_slope,18,3.0,0.020180125675827637,False
final_input_token_layerwise,disclosed,k9,target_time_slope,19,3.0,0.022430660898740212,False
final_input_token_layerwise,disclosed,k9,target_time_slope,20,3.0,0.02063106774952045,False
final_input_token_layerwise,disclosed,k9,target_time_slope,21,3.0,0.013638354383757628,False
final_input_token_layerwise,disclosed,k9,target_time_slope,22,3.0,0.013833064952764151,False
final_input_token_layerwise,disclosed,k9,target_time_slope,23,3.0,0.00891198876657709,False
final_input_token_layerwise,disclosed,k9,target_time_slope,24,3.0,0.008893326453030537,False
final_input_token_layerwise,disclosed,k9,target_time_slope,25,3.0,0.012788547802258465,False
final_input_token_layerwise,disclosed,k9,target_time_slope,26,3.0,0.017107472353121628,False
final_input_token_layerwise,disclosed,k9,target_time_slope,27,3.0,0.008256657481935603,False
final_input_token_layerwise,disclosed,k9,target_time_slope,28,3.0,0.007806569614939002,False
final_input_token_layerwise,disclosed,k9,target_time_slope,29,3.0,0.02185582670690958,False
final_input_token_layerwise,disclosed,k9,target_time_slope,30,3.0,0.025083500766482164,False
final_input_token_layerwise,disclosed,k9,target_time_slope,31,3.0,0.01281928049899883,False
final_input_token_layerwise,disclosed,k9,target_time_slope,32,3.0,0.00971171182708025,False
final_input_token_layerwise,disclosed,k9,displayed_driver_outcome_slope,0,0.0001,-1.1102230246251565e-16,False
final_input_token_layerwise,disclosed,k9,displayed_driver_outcome_slope,1,3.0,0.0005589706671386141,False
final_input_token_layerwise,disclosed,k9,displayed_driver_outcome_slope,2,3.0,0.020508311644807597,False
final_input_token_layerwise,disclosed,k9,displayed_driver_outcome_slope,3,3.0,0.00801676449718039,False
final_input_token_layerwise,disclosed,k9,displayed_driver_outcome_slope,4,3.0,0.0023464856680480706,False
final_input_token_layerwise,disclosed,k9,displayed_driver_outcome_slope,5,100.0,2.7066332178804497e-05,False
final_input_token_layerwise,disclosed,k9,displayed_driver_outcome_slope,6,100.0,-0.00038134710179332787,False
final_input_token_layerwise,disclosed,k9,displayed_driver_outcome_slope,7,100.0,-0.0003041802824029216,False
final_input_token_layerwise,disclosed,k9,displayed_driver_outcome_slope,8,100.0,-0.00034926379834893106,False
final_input_token_layerwise,disclosed,k9,displayed_driver_outcome_slope,9,100.0,-0.0006255874474221934,False
final_input_token_layerwise,disclosed,k9,displayed_driver_outcome_slope,10,100.0,-0.0011499569919995456,False
final_input_token_layerwise,disclosed,k9,displayed_driver_outcome_slope,11,100.0,-0.0005271523720510873,False
final_input_token_layerwise,disclosed,k9,displayed_driver_outcome_slope,12,100.0,-0.0008169724146919466,False
final_input_token_layerwise,disclosed,k9,displayed_driver_outcome_slope,13,100.0,-0.0022282619238163937,False
final_input_token_layerwise,disclosed,k9,displayed_driver_outcome_slope,14,100.0,-0.002082176598454444,False
final_input_token_layerwise,disclosed,k9,displayed_driver_outcome_slope,15,100.0,-0.0014366876711303378,False
final_input_token_layerwise,disclosed,k9,displayed_driver_outcome_slope,16,100.0,-0.0007635529891725779,False
final_input_token_layerwise,disclosed,k9,displayed_driver_outcome_slope,17,100.0,-0.0011940613804350686,False
final_input_token_layerwise,disclosed,k9,displayed_driver_outcome_slope,18,3.0,0.0024960125781970377,False
final_input_token_layerwise,disclosed,k9,displayed_driver_outcome_slope,19,100.0,-0.0011460638963776137,False
final_input_token_layerwise,disclosed,k9,displayed_driver_outcome_slope,20,100.0,-0.0012473302842416767,False
final_input_token_layerwise,disclosed,k9,displayed_driver_outcome_slope,21,100.0,-0.001744986794715131,False
final_input_token_layerwise,disclosed,k9,displayed_driver_outcome_slope,22,100.0,-0.001778383389920396,False
final_input_token_layerwise,disclosed,k9,displayed_driver_outcome_slope,23,100.0,-0.0019061124233402393,False
final_input_token_layerwise,disclosed,k9,displayed_driver_outcome_slope,24,100.0,-0.0016808413188441895,False
final_input_token_layerwise,disclosed,k9,displayed_driver_outcome_slope,25,100.0,-0.0016156695499507379,False
final_input_token_layerwise,disclosed,k9,displayed_driver_outcome_slope,26,100.0,-0.0017364933457881815,False
final_input_token_layerwise,disclosed,k9,displayed_driver_outcome_slope,27,100.0,-0.001365571982935243,False
final_input_token_layerwise,disclosed,k9,displayed_driver_outcome_slope,28,100.0,-0.001279338277002967,False
final_input_token_layerwise,disclosed,k9,displayed_driver_outcome_slope,29,3.0,0.036719470561852874,False
final_input_token_layerwise,disclosed,k9,displayed_driver_outcome_slope,30,3.0,0.03425585272521772,False
final_input_token_layerwise,disclosed,k9,displayed_driver_outcome_slope,31,3.0,0.050026405348264386,False
final_input_token_layerwise,disclosed,k9,displayed_driver_outcome_slope,32,3.0,0.06372093315422897,True
final_input_token_layerwise,disclosed,k9,oracle_posterior_gain,0,0.0001,0.0,False
final_input_token_layerwise,disclosed,k9,oracle_posterior_gain,1,100.0,-0.0002519842493152735,False
final_input_token_layerwise,disclosed,k9,oracle_posterior_gain,2,100.0,-0.00036582125257525466,False
final_input_token_layerwise,disclosed,k9,oracle_posterior_gain,3,100.0,-0.000795541556811552,False
final_input_token_layerwise,disclosed,k9,oracle_posterior_gain,4,100.0,-0.0006335592901710596,False
final_input_token_layerwise,disclosed,k9,oracle_posterior_gain,5,100.0,-0.0008996593467245906,False
final_input_token_layerwise,disclosed,k9,oracle_posterior_gain,6,100.0,-0.0003583091042429487,False
final_input_token_layerwise,disclosed,k9,oracle_posterior_gain,7,3.0,0.004095158022257517,False
final_input_token_layerwise,disclosed,k9,oracle_posterior_gain,8,0.1,0.04232781322691154,False
final_input_token_layerwise,disclosed,k9,oracle_posterior_gain,9,3.0,0.01578112032312723,False
final_input_token_layerwise,disclosed,k9,oracle_posterior_gain,10,3.0,0.013678217965067435,False
final_input_token_layerwise,disclosed,k9,oracle_posterior_gain,11,3.0,0.012416559882958256,False
final_input_token_layerwise,disclosed,k9,oracle_posterior_gain,12,3.0,0.02363766320839175,False
final_input_token_layerwise,disclosed,k9,oracle_posterior_gain,13,3.0,0.01668468615910032,False
final_input_token_layerwise,disclosed,k9,oracle_posterior_gain,14,3.0,0.03258987517047052,False
final_input_token_layerwise,disclosed,k9,oracle_posterior_gain,15,3.0,0.04373326185982129,False
final_input_token_layerwise,disclosed,k9,oracle_posterior_gain,16,3.0,0.061924588592817464,False
final_input_token_layerwise,disclosed,k9,oracle_posterior_gain,17,3.0,0.04018125981740722,False
final_input_token_layerwise,disclosed,k9,oracle_posterior_gain,18,0.1,0.057306732085514345,False
final_input_token_layerwise,disclosed,k9,oracle_posterior_gain,19,0.1,0.10210549408256991,False
final_input_token_layerwise,disclosed,k9,oracle_posterior_gain,20,0.1,0.14014849923937853,False
final_input_token_layerwise,disclosed,k9,oracle_posterior_gain,21,0.1,0.1429999339908829,False
final_input_token_layerwise,disclosed,k9,oracle_posterior_gain,22,0.1,0.14427785562624418,False
final_input_token_layerwise,disclosed,k9,oracle_posterior_gain,23,0.1,0.14026226333713882,False
final_input_token_layerwise,disclosed,k9,oracle_posterior_gain,24,0.1,0.1510559999169648,False
final_input_token_layerwise,disclosed,k9,oracle_posterior_gain,25,0.1,0.13881212339044668,False
final_input_token_layerwise,disclosed,k9,oracle_posterior_gain,26,0.1,0.1813966605000163,False
final_input_token_layerwise,disclosed,k9,oracle_posterior_gain,27,0.1,0.1786043506947876,False
final_input_token_layerwise,disclosed,k9,oracle_posterior_gain,28,0.1,0.18842649082656437,False
final_input_token_layerwise,disclosed,k9,oracle_posterior_gain,29,0.1,0.36668139121877596,False
final_input_token_layerwise,disclosed,k9,oracle_posterior_gain,30,0.1,0.39935708595650654,False
final_input_token_layerwise,disclosed,k9,oracle_posterior_gain,31,0.1,0.401488467784309,False
final_input_token_layerwise,disclosed,k9,oracle_posterior_gain,32,0.1,0.4147915434280646,True
final_input_token_layerwise,disclosed,pooled,gain,0,0.0001,0.0,False
final_input_token_layerwise,disclosed,pooled,gain,1,100.0,-0.0028676414292654606,False
final_input_token_layerwise,disclosed,pooled,gain,2,100.0,-0.003590733853307345,False
final_input_token_layerwise,disclosed,pooled,gain,3,100.0,-0.0046008725155453345,False
final_input_token_layerwise,disclosed,pooled,gain,4,100.0,-0.006786869246654938,False
final_input_token_layerwise,disclosed,pooled,gain,5,100.0,-0.006751285150575788,False
final_input_token_layerwise,disclosed,pooled,gain,6,100.0,-0.0036382152089789455,False
final_input_token_layerwise,disclosed,pooled,gain,7,100.0,-0.002590584963528162,False
final_input_token_layerwise,disclosed,pooled,gain,8,100.0,-0.004712656114571436,False
final_input_token_layerwise,disclosed,pooled,gain,9,100.0,0.0003119249275496579,False
final_input_token_layerwise,disclosed,pooled,gain,10,3.0,0.009910147828309318,False
final_input_token_layerwise,disclosed,pooled,gain,11,3.0,0.017084601704418067,False
final_input_token_layerwise,disclosed,pooled,gain,12,3.0,0.0297197623079629,False
final_input_token_layerwise,disclosed,pooled,gain,13,3.0,0.06747073322124378,False
final_input_token_layerwise,disclosed,pooled,gain,14,3.0,0.022553760736280754,False
final_input_token_layerwise,disclosed,pooled,gain,15,3.0,0.051862403899839475,False
final_input_token_layerwise,disclosed,pooled,gain,16,3.0,0.11144909843624952,False
final_input_token_layerwise,disclosed,pooled,gain,17,3.0,0.08644791297604108,False
final_input_token_layerwise,disclosed,pooled,gain,18,3.0,0.08004689748353293,False
final_input_token_layerwise,disclosed,pooled,gain,19,3.0,0.08397347176907322,False
final_input_token_layerwise,disclosed,pooled,gain,20,3.0,0.08123705029577857,False
final_input_token_layerwise,disclosed,pooled,gain,21,3.0,0.07100148349621273,False
final_input_token_layerwise,disclosed,pooled,gain,22,3.0,0.06721010564478277,False
final_input_token_layerwise,disclosed,pooled,gain,23,3.0,0.06802869132598982,False
final_input_token_layerwise,disclosed,pooled,gain,24,3.0,0.06694504076070888,False
final_input_token_layerwise,disclosed,pooled,gain,25,3.0,0.05971032215610018,False
final_input_token_layerwise,disclosed,pooled,gain,26,3.0,0.06345586158436999,False
final_input_token_layerwise,disclosed,pooled,gain,27,3.0,0.06734434725054075,False
final_input_token_layerwise,disclosed,pooled,gain,28,3.0,0.07538333175014421,False
final_input_token_layerwise,disclosed,pooled,gain,29,3.0,0.16819943535134377,False
final_input_token_layerwise,disclosed,pooled,gain,30,3.0,0.16183912754268506,False
final_input_token_layerwise,disclosed,pooled,gain,31,3.0,0.16059863426146015,False
final_input_token_layerwise,disclosed,pooled,gain,32,3.0,0.17276114129313072,True
final_input_token_layerwise,disclosed,pooled,response_residual,0,0.0001,-2.7755575615628914e-17,False
final_input_token_layerwise,disclosed,pooled,response_residual,1,100.0,-0.0020840282836124455,False
final_input_token_layerwise,disclosed,pooled,response_residual,2,100.0,-0.004657404391166899,False
final_input_token_layerwise,disclosed,pooled,response_residual,3,100.0,-0.0061995058832043275,False
final_input_token_layerwise,disclosed,pooled,response_residual,4,100.0,-0.008386916638780903,False
final_input_token_layerwise,disclosed,pooled,response_residual,5,100.0,-0.007999616603166615,False
final_input_token_layerwise,disclosed,pooled,response_residual,6,100.0,-0.004955424151152123,False
final_input_token_layerwise,disclosed,pooled,response_residual,7,100.0,-0.004357320284508424,False
final_input_token_layerwise,disclosed,pooled,response_residual,8,100.0,-0.0071210354453835984,False
final_input_token_layerwise,disclosed,pooled,response_residual,9,100.0,-0.002645235798401452,False
final_input_token_layerwise,disclosed,pooled,response_residual,10,100.0,-0.002895435850442422,False
final_input_token_layerwise,disclosed,pooled,response_residual,11,100.0,-0.0030914794194413695,False
final_input_token_layerwise,disclosed,pooled,response_residual,12,100.0,-0.0003930443662751304,False
final_input_token_layerwise,disclosed,pooled,response_residual,13,100.0,-0.0039847375160538545,False
final_input_token_layerwise,disclosed,pooled,response_residual,14,100.0,-0.00431262996064305,False
final_input_token_layerwise,disclosed,pooled,response_residual,15,100.0,-0.0027431617945368005,False
final_input_token_layerwise,disclosed,pooled,response_residual,16,100.0,0.0028978568990452036,False
final_input_token_layerwise,disclosed,pooled,response_residual,17,100.0,0.00019902283718753466,False
final_input_token_layerwise,disclosed,pooled,response_residual,18,100.0,-0.002813763110940254,False
final_input_token_layerwise,disclosed,pooled,response_residual,19,100.0,-0.004248808648645075,False
final_input_token_layerwise,disclosed,pooled,response_residual,20,100.0,-0.005887514662778472,False
final_input_token_layerwise,disclosed,pooled,response_residual,21,100.0,-0.006270920263999409,False
final_input_token_layerwise,disclosed,pooled,response_residual,22,100.0,-0.004699147606968305,False
final_input_token_layerwise,disclosed,pooled,response_residual,23,100.0,-0.004870732345022906,False
final_input_token_layerwise,disclosed,pooled,response_residual,24,100.0,-0.003148425069659483,False
final_input_token_layerwise,disclosed,pooled,response_residual,25,100.0,-0.003345494471322652,False
final_input_token_layerwise,disclosed,pooled,response_residual,26,100.0,-0.0021473581141025675,False
final_input_token_layerwise,disclosed,pooled,response_residual,27,100.0,-0.0016206280276132763,False
final_input_token_layerwise,disclosed,pooled,response_residual,28,3.0,-0.0015307819846801889,False
final_input_token_layerwise,disclosed,pooled,response_residual,29,3.0,0.07261025832792724,False
final_input_token_layerwise,disclosed,pooled,response_residual,30,3.0,0.07505195719358165,False
final_input_token_layerwise,disclosed,pooled,response_residual,31,3.0,0.08190181851451195,False
final_input_token_layerwise,disclosed,pooled,response_residual,32,3.0,0.09376130826679019,True
final_input_token_layerwise,undisclosed,k3,gain,0,0.0001,0.0,False
final_input_token_layerwise,undisclosed,k3,gain,1,100.0,-0.0001892845806908683,False
final_input_token_layerwise,undisclosed,k3,gain,2,100.0,-0.0001166721541449589,False
final_input_token_layerwise,undisclosed,k3,gain,3,100.0,-0.00034173878709808925,False
final_input_token_layerwise,undisclosed,k3,gain,4,100.0,-0.00057976709400126,False
final_input_token_layerwise,undisclosed,k3,gain,5,100.0,-0.0004409954802030158,False
final_input_token_layerwise,undisclosed,k3,gain,6,100.0,-0.00042243389486246175,False
final_input_token_layerwise,undisclosed,k3,gain,7,100.0,-0.00038562269293321294,False
final_input_token_layerwise,undisclosed,k3,gain,8,100.0,-0.0005089818775453059,False
final_input_token_layerwise,undisclosed,k3,gain,9,100.0,-0.00031881630866231747,False
final_input_token_layerwise,undisclosed,k3,gain,10,100.0,-0.0002269283197633143,False
final_input_token_layerwise,undisclosed,k3,gain,11,3.0,0.0034664972326476917,False
final_input_token_layerwise,undisclosed,k3,gain,12,100.0,3.405166387182579e-05,False
final_input_token_layerwise,undisclosed,k3,gain,13,3.0,0.012141625295249758,False
final_input_token_layerwise,undisclosed,k3,gain,14,3.0,0.012105975487606224,False
final_input_token_layerwise,undisclosed,k3,gain,15,3.0,0.052936658375984075,False
final_input_token_layerwise,undisclosed,k3,gain,16,3.0,0.06632619924165481,False
final_input_token_layerwise,undisclosed,k3,gain,17,0.1,0.07039846669782124,True
final_input_token_layerwise,undisclosed,k3,gain,18,3.0,0.04824399775307073,False
final_input_token_layerwise,undisclosed,k3,gain,19,3.0,0.04562900393349659,False
final_input_token_layerwise,undisclosed,k3,gain,20,3.0,0.04146519108887628,False
final_input_token_layerwise,undisclosed,k3,gain,21,3.0,0.035283114993589354,False
final_input_token_layerwise,undisclosed,k3,gain,22,3.0,0.03713259350127032,False
final_input_token_layerwise,undisclosed,k3,gain,23,3.0,0.03772251707233518,False
final_input_token_layerwise,undisclosed,k3,gain,24,3.0,0.03801124232250261,False
final_input_token_layerwise,undisclosed,k3,gain,25,3.0,0.03653317688988478,False
final_input_token_layerwise,undisclosed,k3,gain,26,3.0,0.03272900730781089,False
final_input_token_layerwise,undisclosed,k3,gain,27,3.0,0.0319546472890789,False
final_input_token_layerwise,undisclosed,k3,gain,28,3.0,0.032825845715579866,False
final_input_token_layerwise,undisclosed,k3,gain,29,3.0,0.02814777820664477,False
final_input_token_layerwise,undisclosed,k3,gain,30,3.0,0.04088889487270331,False
final_input_token_layerwise,undisclosed,k3,gain,31,3.0,0.04500341071197114,False
final_input_token_layerwise,undisclosed,k3,gain,32,3.0,0.04969203040126974,False
final_input_token_layerwise,undisclosed,k3,response_residual,0,0.0001,-2.7755575615628914e-17,False
final_input_token_layerwise,undisclosed,k3,response_residual,1,100.0,-0.00018415980419417277,False
final_input_token_layerwise,undisclosed,k3,response_residual,2,100.0,-9.442269677309434e-05,False
final_input_token_layerwise,undisclosed,k3,response_residual,3,100.0,-0.0001335390636272027,False
final_input_token_layerwise,undisclosed,k3,response_residual,4,100.0,-0.00035348919996172623,False
final_input_token_layerwise,undisclosed,k3,response_residual,5,100.0,4.6462149243031714e-05,False
final_input_token_layerwise,undisclosed,k3,response_residual,6,100.0,-6.804662062093181e-05,False
final_input_token_layerwise,undisclosed,k3,response_residual,7,100.0,4.928237537865643e-06,False
final_input_token_layerwise,undisclosed,k3,response_residual,8,100.0,-0.0005355067971246907,False
final_input_token_layerwise,undisclosed,k3,response_residual,9,100.0,-0.0005580387554396105,False
final_input_token_layerwise,undisclosed,k3,response_residual,10,100.0,-0.0005724330096093244,False
final_input_token_layerwise,undisclosed,k3,response_residual,11,100.0,-0.00022491864828722008,False
final_input_token_layerwise,undisclosed,k3,response_residual,12,100.0,-0.0003747184442191853,False
final_input_token_layerwise,undisclosed,k3,response_residual,13,100.0,6.166215226940941e-05,False
final_input_token_layerwise,undisclosed,k3,response_residual,14,100.0,0.0007043930604448134,False
final_input_token_layerwise,undisclosed,k3,response_residual,15,3.0,0.026486321878235713,False
final_input_token_layerwise,undisclosed,k3,response_residual,16,3.0,0.014040202146902686,False
final_input_token_layerwise,undisclosed,k3,response_residual,17,3.0,0.018242396423114732,False
final_input_token_layerwise,undisclosed,k3,response_residual,18,3.0,0.012792598662519278,False
final_input_token_layerwise,undisclosed,k3,response_residual,19,3.0,0.01329919189554235,False
final_input_token_layerwise,undisclosed,k3,response_residual,20,3.0,0.014259103913156657,False
final_input_token_layerwise,undisclosed,k3,response_residual,21,3.0,0.011913404642946657,False
final_input_token_layerwise,undisclosed,k3,response_residual,22,3.0,0.013689139349316176,False
final_input_token_layerwise,undisclosed,k3,response_residual,23,3.0,0.014801586078216938,False
final_input_token_layerwise,undisclosed,k3,response_residual,24,3.0,0.014718626247025968,False
final_input_token_layerwise,undisclosed,k3,response_residual,25,3.0,0.012003962196041856,False
final_input_token_layerwise,undisclosed,k3,response_residual,26,3.0,0.008641222970928286,False
final_input_token_layerwise,undisclosed,k3,response_residual,27,3.0,0.00789300669219234,False
final_input_token_layerwise,undisclosed,k3,response_residual,28,3.0,0.004366416384302185,False
final_input_token_layerwise,undisclosed,k3,response_residual,29,3.0,0.006035512440586532,False
final_input_token_layerwise,undisclosed,k3,response_residual,30,3.0,0.01924485194298811,False
final_input_token_layerwise,undisclosed,k3,response_residual,31,3.0,0.022906504570339326,False
final_input_token_layerwise,undisclosed,k3,response_residual,32,3.0,0.02658012590987341,True
final_input_token_layerwise,undisclosed,k3,last_target_observation,0,0.0001,-8.326672684688674e-17,False
final_input_token_layerwise,undisclosed,k3,last_target_observation,1,0.1,0.237295907195562,False
final_input_token_layerwise,undisclosed,k3,last_target_observation,2,0.1,0.2688821545614879,False
final_input_token_layerwise,undisclosed,k3,last_target_observation,3,0.1,0.1471656442698906,False
final_input_token_layerwise,undisclosed,k3,last_target_observation,4,0.1,0.09211270408129354,False
final_input_token_layerwise,undisclosed,k3,last_target_observation,5,3.0,0.00812049683789412,False
final_input_token_layerwise,undisclosed,k3,last_target_observation,6,3.0,0.006705507038927611,False
final_input_token_layerwise,undisclosed,k3,last_target_observation,7,3.0,0.026061763022664747,False
final_input_token_layerwise,undisclosed,k3,last_target_observation,8,0.1,0.13611896281990768,False
final_input_token_layerwise,undisclosed,k3,last_target_observation,9,0.1,0.3147447162974223,False
final_input_token_layerwise,undisclosed,k3,last_target_observation,10,0.1,0.3237911153582295,False
final_input_token_layerwise,undisclosed,k3,last_target_observation,11,0.1,0.31945912218603034,False
final_input_token_layerwise,undisclosed,k3,last_target_observation,12,0.1,0.291027608253815,False
final_input_token_layerwise,undisclosed,k3,last_target_observation,13,0.1,0.23351509943001086,False
final_input_token_layerwise,undisclosed,k3,last_target_observation,14,0.1,0.20304029388452083,False
final_input_token_layerwise,undisclosed,k3,last_target_observation,15,0.1,0.29112219905407277,False
final_input_token_layerwise,undisclosed,k3,last_target_observation,16,0.1,0.30955621214250817,False
final_input_token_layerwise,undisclosed,k3,last_target_observation,17,0.1,0.3149972864122117,False
final_input_token_layerwise,undisclosed,k3,last_target_observation,18,3.0,0.23827255748305823,False
final_input_token_layerwise,undisclosed,k3,last_target_observation,19,3.0,0.23441672061752408,False
final_input_token_layerwise,undisclosed,k3,last_target_observation,20,3.0,0.22284890319875816,False
final_input_token_layerwise,undisclosed,k3,last_target_observation,21,3.0,0.2112839724368223,False
final_input_token_layerwise,undisclosed,k3,last_target_observation,22,3.0,0.2092339161871049,False
final_input_token_layerwise,undisclosed,k3,last_target_observation,23,3.0,0.2073736103769351,False
final_input_token_layerwise,undisclosed,k3,last_target_observation,24,3.0,0.20946447304931348,False
final_input_token_layerwise,undisclosed,k3,last_target_observation,25,3.0,0.2063737253636779,False
final_input_token_layerwise,undisclosed,k3,last_target_observation,26,3.0,0.20147360457331562,False
final_input_token_layerwise,undisclosed,k3,last_target_observation,27,0.1,0.2102493974378623,False
final_input_token_layerwise,undisclosed,k3,last_target_observation,28,0.1,0.20571924384772947,False
final_input_token_layerwise,undisclosed,k3,last_target_observation,29,0.1,0.3274214104726471,False
final_input_token_layerwise,undisclosed,k3,last_target_observation,30,0.1,0.31749031634882563,False
final_input_token_layerwise,undisclosed,k3,last_target_observation,31,0.1,0.3312693788959959,False
final_input_token_layerwise,undisclosed,k3,last_target_observation,32,3.0,0.3577482726367942,True
final_input_token_layerwise,undisclosed,k3,target_observation_mean,0,0.0001,5.551115123125783e-17,False
final_input_token_layerwise,undisclosed,k3,target_observation_mean,1,3.0,0.14401986012292448,False
final_input_token_layerwise,undisclosed,k3,target_observation_mean,2,3.0,0.09438627784462822,False
final_input_token_layerwise,undisclosed,k3,target_observation_mean,3,3.0,0.03518254024610845,False
final_input_token_layerwise,undisclosed,k3,target_observation_mean,4,3.0,0.05446951881679751,False
final_input_token_layerwise,undisclosed,k3,target_observation_mean,5,3.0,0.03501539010044219,False
final_input_token_layerwise,undisclosed,k3,target_observation_mean,6,3.0,0.017350340460033364,False
final_input_token_layerwise,undisclosed,k3,target_observation_mean,7,3.0,0.037612394796076754,False
final_input_token_layerwise,undisclosed,k3,target_observation_mean,8,3.0,0.04257684613262319,False
final_input_token_layerwise,undisclosed,k3,target_observation_mean,9,3.0,0.09568675757710435,False
final_input_token_layerwise,undisclosed,k3,target_observation_mean,10,3.0,0.14034315779766024,False
final_input_token_layerwise,undisclosed,k3,target_observation_mean,11,3.0,0.17443196466932936,False
final_input_token_layerwise,undisclosed,k3,target_observation_mean,12,3.0,0.1989172398563063,False
final_input_token_layerwise,undisclosed,k3,target_observation_mean,13,3.0,0.2481663994837175,False
final_input_token_layerwise,undisclosed,k3,target_observation_mean,14,3.0,0.2729669056484275,False
final_input_token_layerwise,undisclosed,k3,target_observation_mean,15,3.0,0.3575602463596558,False
final_input_token_layerwise,undisclosed,k3,target_observation_mean,16,3.0,0.38881096043934704,False
final_input_token_layerwise,undisclosed,k3,target_observation_mean,17,3.0,0.3415912873856626,False
final_input_token_layerwise,undisclosed,k3,target_observation_mean,18,3.0,0.30377528017877575,False
final_input_token_layerwise,undisclosed,k3,target_observation_mean,19,3.0,0.3178402885411407,False
final_input_token_layerwise,undisclosed,k3,target_observation_mean,20,3.0,0.30267927147972873,False
final_input_token_layerwise,undisclosed,k3,target_observation_mean,21,3.0,0.2910064065285779,False
final_input_token_layerwise,undisclosed,k3,target_observation_mean,22,3.0,0.2872154827884963,False
final_input_token_layerwise,undisclosed,k3,target_observation_mean,23,3.0,0.2863244791926644,False
final_input_token_layerwise,undisclosed,k3,target_observation_mean,24,3.0,0.2763280453316084,False
final_input_token_layerwise,undisclosed,k3,target_observation_mean,25,3.0,0.2832386763261683,False
final_input_token_layerwise,undisclosed,k3,target_observation_mean,26,3.0,0.2820198129211444,False
final_input_token_layerwise,undisclosed,k3,target_observation_mean,27,3.0,0.28223855303289813,False
final_input_token_layerwise,undisclosed,k3,target_observation_mean,28,3.0,0.2730741511143476,False
final_input_token_layerwise,undisclosed,k3,target_observation_mean,29,3.0,0.32316947750330366,False
final_input_token_layerwise,undisclosed,k3,target_observation_mean,30,3.0,0.3387818375126904,False
final_input_token_layerwise,undisclosed,k3,target_observation_mean,31,3.0,0.35663192466673144,False
final_input_token_layerwise,undisclosed,k3,target_observation_mean,32,3.0,0.4269814084414224,True
final_input_token_layerwise,undisclosed,k3,target_time_slope,0,0.0001,0.0,False
final_input_token_layerwise,undisclosed,k3,target_time_slope,1,0.1,0.09552383085709376,False
final_input_token_layerwise,undisclosed,k3,target_time_slope,2,0.1,0.05457772457009755,False
final_input_token_layerwise,undisclosed,k3,target_time_slope,3,0.1,0.03783105537865017,False
final_input_token_layerwise,undisclosed,k3,target_time_slope,4,100.0,-0.00010900536105754033,False
final_input_token_layerwise,undisclosed,k3,target_time_slope,5,100.0,-0.0007847393625069199,False
final_input_token_layerwise,undisclosed,k3,target_time_slope,6,100.0,-0.0002899318054980504,False
final_input_token_layerwise,undisclosed,k3,target_time_slope,7,3.0,0.01225823998840303,False
final_input_token_layerwise,undisclosed,k3,target_time_slope,8,0.1,0.053429376154407904,False
final_input_token_layerwise,undisclosed,k3,target_time_slope,9,0.1,0.12566691373102876,False
final_input_token_layerwise,undisclosed,k3,target_time_slope,10,0.1,0.06873120035271826,False
final_input_token_layerwise,undisclosed,k3,target_time_slope,11,3.0,0.032281760238160956,False
final_input_token_layerwise,undisclosed,k3,target_time_slope,12,3.0,0.03615733106465499,False
final_input_token_layerwise,undisclosed,k3,target_time_slope,13,3.0,0.031280403400218565,False
final_input_token_layerwise,undisclosed,k3,target_time_slope,14,3.0,0.0426283806638828,False
final_input_token_layerwise,undisclosed,k3,target_time_slope,15,0.1,0.16369276737699884,False
final_input_token_layerwise,undisclosed,k3,target_time_slope,16,0.1,0.2124643087324779,True
final_input_token_layerwise,undisclosed,k3,target_time_slope,17,0.1,0.1946676332858067,False
final_input_token_layerwise,undisclosed,k3,target_time_slope,18,0.1,0.12312727442666516,False
final_input_token_layerwise,undisclosed,k3,target_time_slope,19,0.1,0.1014168689903801,False
final_input_token_layerwise,undisclosed,k3,target_time_slope,20,0.1,0.0808045045458135,False
final_input_token_layerwise,undisclosed,k3,target_time_slope,21,3.0,0.06203384036678336,False
final_input_token_layerwise,undisclosed,k3,target_time_slope,22,3.0,0.06632735667770434,False
final_input_token_layerwise,undisclosed,k3,target_time_slope,23,3.0,0.05959990800719808,False
final_input_token_layerwise,undisclosed,k3,target_time_slope,24,3.0,0.06271998496989148,False
final_input_token_layerwise,undisclosed,k3,target_time_slope,25,3.0,0.057915731234437606,False
final_input_token_layerwise,undisclosed,k3,target_time_slope,26,3.0,0.057904314570784904,False
final_input_token_layerwise,undisclosed,k3,target_time_slope,27,3.0,0.056253493396299925,False
final_input_token_layerwise,undisclosed,k3,target_time_slope,28,3.0,0.05289723813815225,False
final_input_token_layerwise,undisclosed,k3,target_time_slope,29,0.1,0.13628327542700605,False
final_input_token_layerwise,undisclosed,k3,target_time_slope,30,0.1,0.12877668924810884,False
final_input_token_layerwise,undisclosed,k3,target_time_slope,31,0.1,0.1781181901840942,False
final_input_token_layerwise,undisclosed,k3,target_time_slope,32,0.1,0.1782752685429767,False
final_input_token_layerwise,undisclosed,k3,displayed_driver_outcome_slope,0,0.0001,5.551115123125783e-17,False
final_input_token_layerwise,undisclosed,k3,displayed_driver_outcome_slope,1,100.0,-5.34898169270992e-05,False
final_input_token_layerwise,undisclosed,k3,displayed_driver_outcome_slope,2,100.0,-6.304932019321474e-05,False
final_input_token_layerwise,undisclosed,k3,displayed_driver_outcome_slope,3,100.0,-9.127253986285222e-05,False
final_input_token_layerwise,undisclosed,k3,displayed_driver_outcome_slope,4,100.0,-0.0002218127835628414,False
final_input_token_layerwise,undisclosed,k3,displayed_driver_outcome_slope,5,100.0,-3.654696717453332e-06,False
final_input_token_layerwise,undisclosed,k3,displayed_driver_outcome_slope,6,100.0,-1.510066169033153e-05,False
final_input_token_layerwise,undisclosed,k3,displayed_driver_outcome_slope,7,3.0,0.0032911834687477937,False
final_input_token_layerwise,undisclosed,k3,displayed_driver_outcome_slope,8,100.0,-0.001061921392691817,False
final_input_token_layerwise,undisclosed,k3,displayed_driver_outcome_slope,9,3.0,0.0011414843612608805,False
final_input_token_layerwise,undisclosed,k3,displayed_driver_outcome_slope,10,100.0,-4.593727558796501e-05,False
final_input_token_layerwise,undisclosed,k3,displayed_driver_outcome_slope,11,100.0,-5.510597078678403e-05,False
final_input_token_layerwise,undisclosed,k3,displayed_driver_outcome_slope,12,100.0,-9.916375343432815e-05,False
final_input_token_layerwise,undisclosed,k3,displayed_driver_outcome_slope,13,100.0,-0.0001643624194776483,False
final_input_token_layerwise,undisclosed,k3,displayed_driver_outcome_slope,14,3.0,0.005158706478085223,False
final_input_token_layerwise,undisclosed,k3,displayed_driver_outcome_slope,15,3.0,0.007962733929487431,False
final_input_token_layerwise,undisclosed,k3,displayed_driver_outcome_slope,16,3.0,0.020477736354635595,False
final_input_token_layerwise,undisclosed,k3,displayed_driver_outcome_slope,17,3.0,0.02596078309391675,True
final_input_token_layerwise,undisclosed,k3,displayed_driver_outcome_slope,18,3.0,0.019426359192625337,False
final_input_token_layerwise,undisclosed,k3,displayed_driver_outcome_slope,19,3.0,0.01581645306682891,False
final_input_token_layerwise,undisclosed,k3,displayed_driver_outcome_slope,20,3.0,0.017324473829409548,False
final_input_token_layerwise,undisclosed,k3,displayed_driver_outcome_slope,21,3.0,0.012712991415565145,False
final_input_token_layerwise,undisclosed,k3,displayed_driver_outcome_slope,22,3.0,0.009638976714661851,False
final_input_token_layerwise,undisclosed,k3,displayed_driver_outcome_slope,23,3.0,0.010314551371404634,False
final_input_token_layerwise,undisclosed,k3,displayed_driver_outcome_slope,24,3.0,0.015422324309302904,False
final_input_token_layerwise,undisclosed,k3,displayed_driver_outcome_slope,25,3.0,0.018616311192387908,False
final_input_token_layerwise,undisclosed,k3,displayed_driver_outcome_slope,26,3.0,0.0191899438489761,False
final_input_token_layerwise,undisclosed,k3,displayed_driver_outcome_slope,27,3.0,0.020402371159897792,False
final_input_token_layerwise,undisclosed,k3,displayed_driver_outcome_slope,28,3.0,0.024960675941391425,False
final_input_token_layerwise,undisclosed,k3,displayed_driver_outcome_slope,29,3.0,0.01763674715849578,False
final_input_token_layerwise,undisclosed,k3,displayed_driver_outcome_slope,30,3.0,0.022909136592477036,False
final_input_token_layerwise,undisclosed,k3,displayed_driver_outcome_slope,31,3.0,0.024527515417474693,False
final_input_token_layerwise,undisclosed,k3,displayed_driver_outcome_slope,32,3.0,0.022205864943928205,False
final_input_token_layerwise,undisclosed,k3,oracle_posterior_gain,0,0.0001,2.7755575615628914e-17,False
final_input_token_layerwise,undisclosed,k3,oracle_posterior_gain,1,3.0,0.004791828379618862,False
final_input_token_layerwise,undisclosed,k3,oracle_posterior_gain,2,100.0,4.272360586948798e-05,False
final_input_token_layerwise,undisclosed,k3,oracle_posterior_gain,3,100.0,-0.001435495273738041,False
final_input_token_layerwise,undisclosed,k3,oracle_posterior_gain,4,100.0,-0.0013565528115502268,False
final_input_token_layerwise,undisclosed,k3,oracle_posterior_gain,5,100.0,-0.0008344205307362351,False
final_input_token_layerwise,undisclosed,k3,oracle_posterior_gain,6,100.0,-0.0006672344225915339,False
final_input_token_layerwise,undisclosed,k3,oracle_posterior_gain,7,100.0,-0.00033898763022377487,False
final_input_token_layerwise,undisclosed,k3,oracle_posterior_gain,8,100.0,-0.00011106587041831428,False
final_input_token_layerwise,undisclosed,k3,oracle_posterior_gain,9,0.1,0.027947153735157743,False
final_input_token_layerwise,undisclosed,k3,oracle_posterior_gain,10,3.0,0.02447145595227257,False
final_input_token_layerwise,undisclosed,k3,oracle_posterior_gain,11,3.0,0.020002976827504515,False
final_input_token_layerwise,undisclosed,k3,oracle_posterior_gain,12,3.0,0.014591217193742428,False
final_input_token_layerwise,undisclosed,k3,oracle_posterior_gain,13,3.0,0.03515563445895886,False
final_input_token_layerwise,undisclosed,k3,oracle_posterior_gain,14,3.0,0.0542379814660664,False
final_input_token_layerwise,undisclosed,k3,oracle_posterior_gain,15,3.0,0.11045642532741362,False
final_input_token_layerwise,undisclosed,k3,oracle_posterior_gain,16,0.1,0.19064314226231543,False
final_input_token_layerwise,undisclosed,k3,oracle_posterior_gain,17,0.1,0.17745559640253813,False
final_input_token_layerwise,undisclosed,k3,oracle_posterior_gain,18,0.1,0.17742174555989002,False
final_input_token_layerwise,undisclosed,k3,oracle_posterior_gain,19,0.1,0.19814742401796476,False
final_input_token_layerwise,undisclosed,k3,oracle_posterior_gain,20,0.1,0.1856123198037546,False
final_input_token_layerwise,undisclosed,k3,oracle_posterior_gain,21,0.1,0.1912420903620817,False
final_input_token_layerwise,undisclosed,k3,oracle_posterior_gain,22,0.1,0.15206883683369013,False
final_input_token_layerwise,undisclosed,k3,oracle_posterior_gain,23,0.1,0.17579717251497878,False
final_input_token_layerwise,undisclosed,k3,oracle_posterior_gain,24,0.1,0.13181395746417762,False
final_input_token_layerwise,undisclosed,k3,oracle_posterior_gain,25,0.1,0.15875993678741057,False
final_input_token_layerwise,undisclosed,k3,oracle_posterior_gain,26,0.1,0.1693205292509307,False
final_input_token_layerwise,undisclosed,k3,oracle_posterior_gain,27,0.1,0.15484940308061973,False
final_input_token_layerwise,undisclosed,k3,oracle_posterior_gain,28,0.1,0.12609056335404722,False
final_input_token_layerwise,undisclosed,k3,oracle_posterior_gain,29,0.1,0.15755274926045834,False
final_input_token_layerwise,undisclosed,k3,oracle_posterior_gain,30,0.1,0.16250822197433076,False
final_input_token_layerwise,undisclosed,k3,oracle_posterior_gain,31,0.1,0.19154691637930896,False
final_input_token_layerwise,undisclosed,k3,oracle_posterior_gain,32,0.1,0.21745228470858405,True
final_input_token_layerwise,undisclosed,k6,gain,0,0.0001,0.0,False
final_input_token_layerwise,undisclosed,k6,gain,1,100.0,4.919637160158419e-05,False
final_input_token_layerwise,undisclosed,k6,gain,2,100.0,0.00010297757989316536,False
final_input_token_layerwise,undisclosed,k6,gain,3,100.0,5.922102475802715e-05,False
final_input_token_layerwise,undisclosed,k6,gain,4,100.0,3.629463731966154e-05,False
final_input_token_layerwise,undisclosed,k6,gain,5,0.1,0.023254562028465042,False
final_input_token_layerwise,undisclosed,k6,gain,6,0.1,0.05373070887603906,False
final_input_token_layerwise,undisclosed,k6,gain,7,0.1,0.06127700248135565,False
final_input_token_layerwise,undisclosed,k6,gain,8,0.1,0.1006562844624527,False
final_input_token_layerwise,undisclosed,k6,gain,9,0.1,0.08106237757627621,False
final_input_token_layerwise,undisclosed,k6,gain,10,0.1,0.08071924708729702,False
final_input_token_layerwise,undisclosed,k6,gain,11,0.1,0.09258957846002266,False
final_input_token_layerwise,undisclosed,k6,gain,12,3.0,0.02267757941400919,False
final_input_token_layerwise,undisclosed,k6,gain,13,0.1,0.08194535809190118,False
final_input_token_layerwise,undisclosed,k6,gain,14,0.1,0.09952111537282377,False
final_input_token_layerwise,undisclosed,k6,gain,15,0.1,0.16095850275498091,False
final_input_token_layerwise,undisclosed,k6,gain,16,0.1,0.15294462306967457,False
final_input_token_layerwise,undisclosed,k6,gain,17,0.1,0.13975990889440268,False
final_input_token_layerwise,undisclosed,k6,gain,18,0.1,0.17303659629435222,False
final_input_token_layerwise,undisclosed,k6,gain,19,0.1,0.18706711687583816,False
final_input_token_layerwise,undisclosed,k6,gain,20,0.1,0.19158376153320542,False
final_input_token_layerwise,undisclosed,k6,gain,21,0.1,0.19167429154154353,False
final_input_token_layerwise,undisclosed,k6,gain,22,0.1,0.21202241720974188,False
final_input_token_layerwise,undisclosed,k6,gain,23,0.1,0.20573938368949254,False
final_input_token_layerwise,undisclosed,k6,gain,24,0.1,0.14323971571724592,False
final_input_token_layerwise,undisclosed,k6,gain,25,0.1,0.16874097641295815,False
final_input_token_layerwise,undisclosed,k6,gain,26,0.1,0.16521750510655048,False
final_input_token_layerwise,undisclosed,k6,gain,27,0.1,0.19902021748951165,False
final_input_token_layerwise,undisclosed,k6,gain,28,0.1,0.1761710908852076,False
final_input_token_layerwise,undisclosed,k6,gain,29,0.1,0.1898042846320673,False
final_input_token_layerwise,undisclosed,k6,gain,30,0.1,0.21077951758589294,False
final_input_token_layerwise,undisclosed,k6,gain,31,0.1,0.2151509109380562,False
final_input_token_layerwise,undisclosed,k6,gain,32,0.1,0.2490299425002962,True
final_input_token_layerwise,undisclosed,k6,response_residual,0,0.0001,-2.7755575615628914e-17,False
final_input_token_layerwise,undisclosed,k6,response_residual,1,100.0,5.813994380757248e-05,False
final_input_token_layerwise,undisclosed,k6,response_residual,2,3.0,0.00020603736164762076,False
final_input_token_layerwise,undisclosed,k6,response_residual,3,100.0,0.00015027870700970447,False
final_input_token_layerwise,undisclosed,k6,response_residual,4,100.0,8.353801592636545e-05,False
final_input_token_layerwise,undisclosed,k6,response_residual,5,3.0,0.010613164989971224,False
final_input_token_layerwise,undisclosed,k6,response_residual,6,3.0,0.01321558014136942,False
final_input_token_layerwise,undisclosed,k6,response_residual,7,3.0,0.012056105780055032,False
final_input_token_layerwise,undisclosed,k6,response_residual,8,3.0,0.009098370818098583,False
final_input_token_layerwise,undisclosed,k6,response_residual,9,3.0,0.007379899630064635,False
final_input_token_layerwise,undisclosed,k6,response_residual,10,3.0,0.007094865679896312,False
final_input_token_layerwise,undisclosed,k6,response_residual,11,3.0,0.010353728025459669,False
final_input_token_layerwise,undisclosed,k6,response_residual,12,3.0,0.004619388179430084,False
final_input_token_layerwise,undisclosed,k6,response_residual,13,3.0,0.00805738758441793,False
final_input_token_layerwise,undisclosed,k6,response_residual,14,3.0,0.022019039829796666,False
final_input_token_layerwise,undisclosed,k6,response_residual,15,3.0,0.0484442169780156,False
final_input_token_layerwise,undisclosed,k6,response_residual,16,3.0,0.05514222698520663,False
final_input_token_layerwise,undisclosed,k6,response_residual,17,3.0,0.0481733493656496,False
final_input_token_layerwise,undisclosed,k6,response_residual,18,3.0,0.05405590083022607,False
final_input_token_layerwise,undisclosed,k6,response_residual,19,3.0,0.052965283954424985,False
final_input_token_layerwise,undisclosed,k6,response_residual,20,3.0,0.04937110800100611,False
final_input_token_layerwise,undisclosed,k6,response_residual,21,3.0,0.0446038050993981,False
final_input_token_layerwise,undisclosed,k6,response_residual,22,3.0,0.052794819197684334,False
final_input_token_layerwise,undisclosed,k6,response_residual,23,3.0,0.05043504988518058,False
final_input_token_layerwise,undisclosed,k6,response_residual,24,3.0,0.04346207358549298,False
final_input_token_layerwise,undisclosed,k6,response_residual,25,3.0,0.045691169628788886,False
final_input_token_layerwise,undisclosed,k6,response_residual,26,3.0,0.04531300782777317,False
final_input_token_layerwise,undisclosed,k6,response_residual,27,3.0,0.04204860979601377,False
final_input_token_layerwise,undisclosed,k6,response_residual,28,3.0,0.045159775061198476,False
final_input_token_layerwise,undisclosed,k6,response_residual,29,3.0,0.040214352766393624,False
final_input_token_layerwise,undisclosed,k6,response_residual,30,3.0,0.051619725700174285,False
final_input_token_layerwise,undisclosed,k6,response_residual,31,3.0,0.05797929704341995,False
final_input_token_layerwise,undisclosed,k6,response_residual,32,0.1,0.08060059517814433,True
final_input_token_layerwise,undisclosed,k6,last_target_observation,0,0.0001,-2.7755575615628914e-17,False
final_input_token_layerwise,undisclosed,k6,last_target_observation,1,3.0,0.035398915189941926,False
final_input_token_layerwise,undisclosed,k6,last_target_observation,2,3.0,0.016990867189226683,False
final_input_token_layerwise,undisclosed,k6,last_target_observation,3,3.0,0.030891064623301406,False
final_input_token_layerwise,undisclosed,k6,last_target_observation,4,3.0,0.026498168197506694,False
final_input_token_layerwise,undisclosed,k6,last_target_observation,5,3.0,0.02770721416599889,False
final_input_token_layerwise,undisclosed,k6,last_target_observation,6,3.0,0.022199599869085318,False
final_input_token_layerwise,undisclosed,k6,last_target_observation,7,3.0,0.0022668054071913746,False
final_input_token_layerwise,undisclosed,k6,last_target_observation,8,100.0,-0.00045175528278385,False
final_input_token_layerwise,undisclosed,k6,last_target_observation,9,0.1,0.11996919233036851,False
final_input_token_layerwise,undisclosed,k6,last_target_observation,10,0.1,0.14745480000484476,False
final_input_token_layerwise,undisclosed,k6,last_target_observation,11,0.1,0.18928201268073003,False
final_input_token_layerwise,undisclosed,k6,last_target_observation,12,0.1,0.14069076932994629,False
final_input_token_layerwise,undisclosed,k6,last_target_observation,13,0.1,0.04827478203800206,False
final_input_token_layerwise,undisclosed,k6,last_target_observation,14,0.1,0.2020441763504835,False
final_input_token_layerwise,undisclosed,k6,last_target_observation,15,0.1,0.222649585518791,True
final_input_token_layerwise,undisclosed,k6,last_target_observation,16,0.1,0.20690679249093186,False
final_input_token_layerwise,undisclosed,k6,last_target_observation,17,0.1,0.13956433509739588,False
final_input_token_layerwise,undisclosed,k6,last_target_observation,18,0.1,0.1311705311360358,False
final_input_token_layerwise,undisclosed,k6,last_target_observation,19,0.1,0.10892677802550443,False
final_input_token_layerwise,undisclosed,k6,last_target_observation,20,0.1,0.1213399263381981,False
final_input_token_layerwise,undisclosed,k6,last_target_observation,21,0.1,0.049872790256606875,False
final_input_token_layerwise,undisclosed,k6,last_target_observation,22,3.0,0.03496633316432232,False
final_input_token_layerwise,undisclosed,k6,last_target_observation,23,3.0,0.03187820936596794,False
final_input_token_layerwise,undisclosed,k6,last_target_observation,24,3.0,0.036127731412636754,False
final_input_token_layerwise,undisclosed,k6,last_target_observation,25,3.0,0.03973397474626114,False
final_input_token_layerwise,undisclosed,k6,last_target_observation,26,3.0,0.04407277809843385,False
final_input_token_layerwise,undisclosed,k6,last_target_observation,27,3.0,0.03803157354756745,False
final_input_token_layerwise,undisclosed,k6,last_target_observation,28,3.0,0.032758163530586804,False
final_input_token_layerwise,undisclosed,k6,last_target_observation,29,3.0,0.05672476440899049,False
final_input_token_layerwise,undisclosed,k6,last_target_observation,30,3.0,0.06311960269306072,False
final_input_token_layerwise,undisclosed,k6,last_target_observation,31,3.0,0.07019675437386119,False
final_input_token_layerwise,undisclosed,k6,last_target_observation,32,0.1,0.10896347079757784,False
final_input_token_layerwise,undisclosed,k6,target_observation_mean,0,0.0001,2.7755575615628914e-17,False
final_input_token_layerwise,undisclosed,k6,target_observation_mean,1,3.0,0.03015727734846685,False
final_input_token_layerwise,undisclosed,k6,target_observation_mean,2,0.1,0.027306542668406097,False
final_input_token_layerwise,undisclosed,k6,target_observation_mean,3,3.0,0.005154681384142407,False
final_input_token_layerwise,undisclosed,k6,target_observation_mean,4,3.0,0.012307345460665808,False
final_input_token_layerwise,undisclosed,k6,target_observation_mean,5,3.0,0.01778851139157331,False
final_input_token_layerwise,undisclosed,k6,target_observation_mean,6,3.0,0.014005543705740725,False
final_input_token_layerwise,undisclosed,k6,target_observation_mean,7,3.0,0.02952105589436535,False
final_input_token_layerwise,undisclosed,k6,target_observation_mean,8,3.0,0.05505080154364583,False
final_input_token_layerwise,undisclosed,k6,target_observation_mean,9,0.1,0.1177427847482283,False
final_input_token_layerwise,undisclosed,k6,target_observation_mean,10,0.1,0.16421717411982087,False
final_input_token_layerwise,undisclosed,k6,target_observation_mean,11,0.1,0.16145442519814082,False
final_input_token_layerwise,undisclosed,k6,target_observation_mean,12,0.1,0.17284614293000192,False
final_input_token_layerwise,undisclosed,k6,target_observation_mean,13,0.1,0.15479647646246472,False
final_input_token_layerwise,undisclosed,k6,target_observation_mean,14,0.1,0.11685193252944714,False
final_input_token_layerwise,undisclosed,k6,target_observation_mean,15,0.1,0.20290751617144134,False
final_input_token_layerwise,undisclosed,k6,target_observation_mean,16,0.1,0.29221930137939,False
final_input_token_layerwise,undisclosed,k6,target_observation_mean,17,0.1,0.22825473883479871,False
final_input_token_layerwise,undisclosed,k6,target_observation_mean,18,3.0,0.1963952708581636,False
final_input_token_layerwise,undisclosed,k6,target_observation_mean,19,0.1,0.1949077345900522,False
final_input_token_layerwise,undisclosed,k6,target_observation_mean,20,0.1,0.1882105246846816,False
final_input_token_layerwise,undisclosed,k6,target_observation_mean,21,0.1,0.21353230885958868,False
final_input_token_layerwise,undisclosed,k6,target_observation_mean,22,0.1,0.1895338301578339,False
final_input_token_layerwise,undisclosed,k6,target_observation_mean,23,0.1,0.2282054472738117,False
final_input_token_layerwise,undisclosed,k6,target_observation_mean,24,0.1,0.23697016859697007,False
final_input_token_layerwise,undisclosed,k6,target_observation_mean,25,0.1,0.26084741230552155,False
final_input_token_layerwise,undisclosed,k6,target_observation_mean,26,0.1,0.21906992356407198,False
final_input_token_layerwise,undisclosed,k6,target_observation_mean,27,0.1,0.22015660529349598,False
final_input_token_layerwise,undisclosed,k6,target_observation_mean,28,0.1,0.2185908146919745,False
final_input_token_layerwise,undisclosed,k6,target_observation_mean,29,0.1,0.3122708024936416,False
final_input_token_layerwise,undisclosed,k6,target_observation_mean,30,0.1,0.3158519530194495,False
final_input_token_layerwise,undisclosed,k6,target_observation_mean,31,0.1,0.31735899015873725,False
final_input_token_layerwise,undisclosed,k6,target_observation_mean,32,0.1,0.3891278878346014,True
final_input_token_layerwise,undisclosed,k6,target_time_slope,0,0.0001,0.0,False
final_input_token_layerwise,undisclosed,k6,target_time_slope,1,3.0,0.027012886573997225,False
final_input_token_layerwise,undisclosed,k6,target_time_slope,2,3.0,0.008512286453302653,False
final_input_token_layerwise,undisclosed,k6,target_time_slope,3,3.0,0.013806529156321634,False
final_input_token_layerwise,undisclosed,k6,target_time_slope,4,100.0,0.0005341432117859368,False
final_input_token_layerwise,undisclosed,k6,target_time_slope,5,100.0,0.00017602491491780503,False
final_input_token_layerwise,undisclosed,k6,target_time_slope,6,100.0,-1.8772588225690612e-05,False
final_input_token_layerwise,undisclosed,k6,target_time_slope,7,100.0,-0.0007659455805961723,False
final_input_token_layerwise,undisclosed,k6,target_time_slope,8,100.0,-0.0012315626000926894,False
final_input_token_layerwise,undisclosed,k6,target_time_slope,9,3.0,0.023810759231021883,False
final_input_token_layerwise,undisclosed,k6,target_time_slope,10,3.0,0.024581316811862985,False
final_input_token_layerwise,undisclosed,k6,target_time_slope,11,3.0,0.026821725485398296,False
final_input_token_layerwise,undisclosed,k6,target_time_slope,12,3.0,0.037201387840505445,False
final_input_token_layerwise,undisclosed,k6,target_time_slope,13,3.0,0.023213746991991135,False
final_input_token_layerwise,undisclosed,k6,target_time_slope,14,0.1,0.13887030581631538,False
final_input_token_layerwise,undisclosed,k6,target_time_slope,15,0.1,0.20392922765851465,True
final_input_token_layerwise,undisclosed,k6,target_time_slope,16,0.1,0.17740113295833906,False
final_input_token_layerwise,undisclosed,k6,target_time_slope,17,3.0,0.10882049835364616,False
final_input_token_layerwise,undisclosed,k6,target_time_slope,18,3.0,0.07674300495371753,False
final_input_token_layerwise,undisclosed,k6,target_time_slope,19,3.0,0.06980396425161617,False
final_input_token_layerwise,undisclosed,k6,target_time_slope,20,3.0,0.0623574831212407,False
final_input_token_layerwise,undisclosed,k6,target_time_slope,21,3.0,0.06347501045340895,False
final_input_token_layerwise,undisclosed,k6,target_time_slope,22,3.0,0.06194568401796782,False
final_input_token_layerwise,undisclosed,k6,target_time_slope,23,3.0,0.058606930317776224,False
final_input_token_layerwise,undisclosed,k6,target_time_slope,24,3.0,0.06361383823463554,False
final_input_token_layerwise,undisclosed,k6,target_time_slope,25,3.0,0.06769192630571691,False
final_input_token_layerwise,undisclosed,k6,target_time_slope,26,3.0,0.07242619359984609,False
final_input_token_layerwise,undisclosed,k6,target_time_slope,27,3.0,0.06736538056041744,False
final_input_token_layerwise,undisclosed,k6,target_time_slope,28,3.0,0.0712240930995198,False
final_input_token_layerwise,undisclosed,k6,target_time_slope,29,0.1,0.10901239494223464,False
final_input_token_layerwise,undisclosed,k6,target_time_slope,30,0.1,0.1571288779015525,False
final_input_token_layerwise,undisclosed,k6,target_time_slope,31,0.1,0.165783100706487,False
final_input_token_layerwise,undisclosed,k6,target_time_slope,32,0.1,0.1812070028389373,False
final_input_token_layerwise,undisclosed,k6,displayed_driver_outcome_slope,0,0.0001,-5.551115123125783e-17,False
final_input_token_layerwise,undisclosed,k6,displayed_driver_outcome_slope,1,100.0,-4.9956924015520654e-05,False
final_input_token_layerwise,undisclosed,k6,displayed_driver_outcome_slope,2,3.0,0.007227923089699828,False
final_input_token_layerwise,undisclosed,k6,displayed_driver_outcome_slope,3,3.0,0.002220003722267022,False
final_input_token_layerwise,undisclosed,k6,displayed_driver_outcome_slope,4,3.0,0.008032596175049422,False
final_input_token_layerwise,undisclosed,k6,displayed_driver_outcome_slope,5,3.0,0.010871263307129453,False
final_input_token_layerwise,undisclosed,k6,displayed_driver_outcome_slope,6,100.0,0.00013088249994108736,False
final_input_token_layerwise,undisclosed,k6,displayed_driver_outcome_slope,7,100.0,2.6856858681589824e-05,False
final_input_token_layerwise,undisclosed,k6,displayed_driver_outcome_slope,8,100.0,0.0005463181448386034,False
final_input_token_layerwise,undisclosed,k6,displayed_driver_outcome_slope,9,100.0,-0.0005612179115895566,False
final_input_token_layerwise,undisclosed,k6,displayed_driver_outcome_slope,10,100.0,-2.5329418883224264e-05,False
final_input_token_layerwise,undisclosed,k6,displayed_driver_outcome_slope,11,100.0,-0.0001389887550931057,False
final_input_token_layerwise,undisclosed,k6,displayed_driver_outcome_slope,12,100.0,0.0004674261080461761,False
final_input_token_layerwise,undisclosed,k6,displayed_driver_outcome_slope,13,3.0,0.0005789449993306439,False
final_input_token_layerwise,undisclosed,k6,displayed_driver_outcome_slope,14,3.0,0.011435438296163558,False
final_input_token_layerwise,undisclosed,k6,displayed_driver_outcome_slope,15,3.0,0.024071102937716082,False
final_input_token_layerwise,undisclosed,k6,displayed_driver_outcome_slope,16,3.0,0.01240308233947035,False
final_input_token_layerwise,undisclosed,k6,displayed_driver_outcome_slope,17,3.0,0.024306481721281192,True
final_input_token_layerwise,undisclosed,k6,displayed_driver_outcome_slope,18,100.0,0.00020403637972551958,False
final_input_token_layerwise,undisclosed,k6,displayed_driver_outcome_slope,19,100.0,0.0001034140043318088,False
final_input_token_layerwise,undisclosed,k6,displayed_driver_outcome_slope,20,100.0,0.0003666743396612826,False
final_input_token_layerwise,undisclosed,k6,displayed_driver_outcome_slope,21,100.0,0.0003853045252203702,False
final_input_token_layerwise,undisclosed,k6,displayed_driver_outcome_slope,22,100.0,0.0005061375922309486,False
final_input_token_layerwise,undisclosed,k6,displayed_driver_outcome_slope,23,100.0,0.00029577292329202587,False
final_input_token_layerwise,undisclosed,k6,displayed_driver_outcome_slope,24,100.0,0.00022062734720637578,False
final_input_token_layerwise,undisclosed,k6,displayed_driver_outcome_slope,25,100.0,0.00023371006096883917,False
final_input_token_layerwise,undisclosed,k6,displayed_driver_outcome_slope,26,100.0,0.0003318810822987017,False
final_input_token_layerwise,undisclosed,k6,displayed_driver_outcome_slope,27,100.0,0.0003485864468305566,False
final_input_token_layerwise,undisclosed,k6,displayed_driver_outcome_slope,28,3.0,0.0013948693482318253,False
final_input_token_layerwise,undisclosed,k6,displayed_driver_outcome_slope,29,3.0,0.011887796826824809,False
final_input_token_layerwise,undisclosed,k6,displayed_driver_outcome_slope,30,3.0,0.014924105410735633,False
final_input_token_layerwise,undisclosed,k6,displayed_driver_outcome_slope,31,3.0,0.02094472466429184,False
final_input_token_layerwise,undisclosed,k6,displayed_driver_outcome_slope,32,3.0,0.024197533057041865,False
final_input_token_layerwise,undisclosed,k6,oracle_posterior_gain,0,0.0001,-5.551115123125783e-17,False
final_input_token_layerwise,undisclosed,k6,oracle_posterior_gain,1,100.0,0.000126580269062343,False
final_input_token_layerwise,undisclosed,k6,oracle_posterior_gain,2,3.0,0.008013847641082428,False
final_input_token_layerwise,undisclosed,k6,oracle_posterior_gain,3,3.0,0.0022181182822356704,False
final_input_token_layerwise,undisclosed,k6,oracle_posterior_gain,4,100.0,-8.312249649972125e-05,False
final_input_token_layerwise,undisclosed,k6,oracle_posterior_gain,5,3.0,0.010976629518975711,False
final_input_token_layerwise,undisclosed,k6,oracle_posterior_gain,6,3.0,0.00994600686692318,False
final_input_token_layerwise,undisclosed,k6,oracle_posterior_gain,7,3.0,0.003178654789187496,False
final_input_token_layerwise,undisclosed,k6,oracle_posterior_gain,8,0.1,0.038147960798079444,False
final_input_token_layerwise,undisclosed,k6,oracle_posterior_gain,9,0.1,0.1145929475353005,False
final_input_token_layerwise,undisclosed,k6,oracle_posterior_gain,10,0.1,0.0598028267295902,False
final_input_token_layerwise,undisclosed,k6,oracle_posterior_gain,11,0.1,0.11926912722496136,False
final_input_token_layerwise,undisclosed,k6,oracle_posterior_gain,12,0.1,0.07325670406158968,False
final_input_token_layerwise,undisclosed,k6,oracle_posterior_gain,13,0.1,0.1391635780981571,False
final_input_token_layerwise,undisclosed,k6,oracle_posterior_gain,14,0.1,0.17170748084959542,False
final_input_token_layerwise,undisclosed,k6,oracle_posterior_gain,15,0.1,0.16325241551218414,False
final_input_token_layerwise,undisclosed,k6,oracle_posterior_gain,16,0.1,0.17971153463022563,False
final_input_token_layerwise,undisclosed,k6,oracle_posterior_gain,17,0.1,0.15082268030308132,False
final_input_token_layerwise,undisclosed,k6,oracle_posterior_gain,18,0.1,0.13902837969895707,False
final_input_token_layerwise,undisclosed,k6,oracle_posterior_gain,19,3.0,0.11818529693196406,False
final_input_token_layerwise,undisclosed,k6,oracle_posterior_gain,20,3.0,0.11687091383708179,False
final_input_token_layerwise,undisclosed,k6,oracle_posterior_gain,21,0.1,0.10859013707677398,False
final_input_token_layerwise,undisclosed,k6,oracle_posterior_gain,22,0.1,0.1475056554268801,False
final_input_token_layerwise,undisclosed,k6,oracle_posterior_gain,23,0.1,0.18018133089757238,False
final_input_token_layerwise,undisclosed,k6,oracle_posterior_gain,24,0.1,0.14947018814751054,False
final_input_token_layerwise,undisclosed,k6,oracle_posterior_gain,25,0.1,0.18993620987025112,False
final_input_token_layerwise,undisclosed,k6,oracle_posterior_gain,26,0.1,0.1771048606155817,False
final_input_token_layerwise,undisclosed,k6,oracle_posterior_gain,27,0.1,0.216864393433636,False
final_input_token_layerwise,undisclosed,k6,oracle_posterior_gain,28,0.1,0.2175620002081445,False
final_input_token_layerwise,undisclosed,k6,oracle_posterior_gain,29,0.1,0.24872646377145885,False
final_input_token_layerwise,undisclosed,k6,oracle_posterior_gain,30,0.1,0.2640849882663301,False
final_input_token_layerwise,undisclosed,k6,oracle_posterior_gain,31,0.1,0.29175872956855653,True
final_input_token_layerwise,undisclosed,k6,oracle_posterior_gain,32,0.1,0.28866852326834047,False
final_input_token_layerwise,undisclosed,k9,gain,0,0.0001,0.0,False
final_input_token_layerwise,undisclosed,k9,gain,1,100.0,-2.31568631640644e-05,False
final_input_token_layerwise,undisclosed,k9,gain,2,100.0,-8.732253544252444e-05,False
final_input_token_layerwise,undisclosed,k9,gain,3,100.0,-0.0005020264318182643,False
final_input_token_layerwise,undisclosed,k9,gain,4,100.0,-0.0007219551543539149,False
final_input_token_layerwise,undisclosed,k9,gain,5,100.0,-0.0007250913878515952,False
final_input_token_layerwise,undisclosed,k9,gain,6,100.0,-0.0004884315973486819,False
final_input_token_layerwise,undisclosed,k9,gain,7,100.0,-0.00022579819523871336,False
final_input_token_layerwise,undisclosed,k9,gain,8,100.0,-0.00040587797148813887,False
final_input_token_layerwise,undisclosed,k9,gain,9,3.0,0.0008837537669091067,False
final_input_token_layerwise,undisclosed,k9,gain,10,3.0,0.006022196153798065,False
final_input_token_layerwise,undisclosed,k9,gain,11,0.1,0.024845190250383675,False
final_input_token_layerwise,undisclosed,k9,gain,12,0.1,0.07698805125681868,False
final_input_token_layerwise,undisclosed,k9,gain,13,0.1,0.04208876512707335,False
final_input_token_layerwise,undisclosed,k9,gain,14,0.1,0.12119930041548321,False
final_input_token_layerwise,undisclosed,k9,gain,15,0.1,0.21837998610492684,False
final_input_token_layerwise,undisclosed,k9,gain,16,0.1,0.1417108227838767,False
final_input_token_layerwise,undisclosed,k9,gain,17,0.1,0.18851622818702043,False
final_input_token_layerwise,undisclosed,k9,gain,18,0.1,0.184945413085356,False
final_input_token_layerwise,undisclosed,k9,gain,19,0.1,0.1362149261073694,False
final_input_token_layerwise,undisclosed,k9,gain,20,0.1,0.13600950245683663,False
final_input_token_layerwise,undisclosed,k9,gain,21,0.1,0.12473651549935236,False
final_input_token_layerwise,undisclosed,k9,gain,22,0.1,0.1458915276728579,False
final_input_token_layerwise,undisclosed,k9,gain,23,0.1,0.12033776918652439,False
final_input_token_layerwise,undisclosed,k9,gain,24,0.1,0.08435393158219129,False
final_input_token_layerwise,undisclosed,k9,gain,25,0.1,0.11909016694349792,False
final_input_token_layerwise,undisclosed,k9,gain,26,0.1,0.15590279724230738,False
final_input_token_layerwise,undisclosed,k9,gain,27,0.1,0.16875726500716967,False
final_input_token_layerwise,undisclosed,k9,gain,28,0.1,0.179415499273573,False
final_input_token_layerwise,undisclosed,k9,gain,29,0.1,0.21295381158934773,False
final_input_token_layerwise,undisclosed,k9,gain,30,0.1,0.22364276215713455,False
final_input_token_layerwise,undisclosed,k9,gain,31,0.1,0.23332244370157829,True
final_input_token_layerwise,undisclosed,k9,gain,32,0.1,0.23023716315667633,False
final_input_token_layerwise,undisclosed,k9,response_residual,0,0.0001,-2.7755575615628914e-17,False
final_input_token_layerwise,undisclosed,k9,response_residual,1,100.0,4.489813292374301e-06,False
final_input_token_layerwise,undisclosed,k9,response_residual,2,100.0,-0.0001511592796227812,False
final_input_token_layerwise,undisclosed,k9,response_residual,3,100.0,-0.0005794058541108427,False
final_input_token_layerwise,undisclosed,k9,response_residual,4,100.0,-0.000827327195057459,False
final_input_token_layerwise,undisclosed,k9,response_residual,5,100.0,-0.0008173407452877202,False
final_input_token_layerwise,undisclosed,k9,response_residual,6,100.0,-0.0005626153037947557,False
final_input_token_layerwise,undisclosed,k9,response_residual,7,100.0,-0.00022402449900352228,False
final_input_token_layerwise,undisclosed,k9,response_residual,8,100.0,-0.0007279397939570775,False
final_input_token_layerwise,undisclosed,k9,response_residual,9,100.0,-0.0001208233938908565,False
final_input_token_layerwise,undisclosed,k9,response_residual,10,100.0,7.402199723388625e-05,False
final_input_token_layerwise,undisclosed,k9,response_residual,11,3.0,0.0026698059333100654,False
final_input_token_layerwise,undisclosed,k9,response_residual,12,3.0,0.0054985006611397436,False
final_input_token_layerwise,undisclosed,k9,response_residual,13,3.0,0.006826348921806752,False
final_input_token_layerwise,undisclosed,k9,response_residual,14,3.0,0.03602723442971745,False
final_input_token_layerwise,undisclosed,k9,response_residual,15,3.0,0.06941092911697097,False
final_input_token_layerwise,undisclosed,k9,response_residual,16,3.0,0.06392082207420158,False
final_input_token_layerwise,undisclosed,k9,response_residual,17,3.0,0.04568072973917531,False
final_input_token_layerwise,undisclosed,k9,response_residual,18,3.0,0.042091129733240695,False
final_input_token_layerwise,undisclosed,k9,response_residual,19,3.0,0.0346023230173817,False
final_input_token_layerwise,undisclosed,k9,response_residual,20,3.0,0.03350473625273165,False
final_input_token_layerwise,undisclosed,k9,response_residual,21,3.0,0.03145881539922721,False
final_input_token_layerwise,undisclosed,k9,response_residual,22,3.0,0.03522619910031102,False
final_input_token_layerwise,undisclosed,k9,response_residual,23,3.0,0.03438503903355558,False
final_input_token_layerwise,undisclosed,k9,response_residual,24,3.0,0.03574654119985976,False
final_input_token_layerwise,undisclosed,k9,response_residual,25,3.0,0.033837014915252706,False
final_input_token_layerwise,undisclosed,k9,response_residual,26,3.0,0.03593914382887825,False
final_input_token_layerwise,undisclosed,k9,response_residual,27,3.0,0.03242013515022399,False
final_input_token_layerwise,undisclosed,k9,response_residual,28,3.0,0.03177365835457799,False
final_input_token_layerwise,undisclosed,k9,response_residual,29,3.0,0.06291470973338045,False
final_input_token_layerwise,undisclosed,k9,response_residual,30,3.0,0.07407217666911825,False
final_input_token_layerwise,undisclosed,k9,response_residual,31,3.0,0.08724051563397858,False
final_input_token_layerwise,undisclosed,k9,response_residual,32,3.0,0.11824637066108323,True
final_input_token_layerwise,undisclosed,k9,last_target_observation,0,0.0001,1.3877787807814457e-16,False
final_input_token_layerwise,undisclosed,k9,last_target_observation,1,3.0,0.007834845455734374,False
final_input_token_layerwise,undisclosed,k9,last_target_observation,2,3.0,0.007259167560143942,False
final_input_token_layerwise,undisclosed,k9,last_target_observation,3,3.0,0.06490372462093269,False
final_input_token_layerwise,undisclosed,k9,last_target_observation,4,0.1,0.09246068542743588,False
final_input_token_layerwise,undisclosed,k9,last_target_observation,5,0.1,0.09759285457448677,True
final_input_token_layerwise,undisclosed,k9,last_target_observation,6,3.0,0.03526212490748162,False
final_input_token_layerwise,undisclosed,k9,last_target_observation,7,3.0,0.039453145330963196,False
final_input_token_layerwise,undisclosed,k9,last_target_observation,8,0.1,0.0492896204376497,False
final_input_token_layerwise,undisclosed,k9,last_target_observation,9,0.1,0.05641781415336597,False
final_input_token_layerwise,undisclosed,k9,last_target_observation,10,3.0,0.03971369902546823,False
final_input_token_layerwise,undisclosed,k9,last_target_observation,11,3.0,0.037812440810809284,False
final_input_token_layerwise,undisclosed,k9,last_target_observation,12,3.0,0.03210956134212742,False
final_input_token_layerwise,undisclosed,k9,last_target_observation,13,3.0,0.02605288689129301,False
final_input_token_layerwise,undisclosed,k9,last_target_observation,14,3.0,0.05297549264092191,False
final_input_token_layerwise,undisclosed,k9,last_target_observation,15,3.0,0.055119735446578694,False
final_input_token_layerwise,undisclosed,k9,last_target_observation,16,3.0,0.06119775548618028,False
final_input_token_layerwise,undisclosed,k9,last_target_observation,17,3.0,0.0472030145783065,False
final_input_token_layerwise,undisclosed,k9,last_target_observation,18,3.0,0.03733191176536285,False
final_input_token_layerwise,undisclosed,k9,last_target_observation,19,3.0,0.01930465489255334,False
final_input_token_layerwise,undisclosed,k9,last_target_observation,20,3.0,0.01824132710179696,False
final_input_token_layerwise,undisclosed,k9,last_target_observation,21,3.0,0.026669642726632414,False
final_input_token_layerwise,undisclosed,k9,last_target_observation,22,3.0,0.029610333378544934,False
final_input_token_layerwise,undisclosed,k9,last_target_observation,23,3.0,0.02746389518981371,False
final_input_token_layerwise,undisclosed,k9,last_target_observation,24,3.0,0.02492039045494196,False
final_input_token_layerwise,undisclosed,k9,last_target_observation,25,3.0,0.02309874620227148,False
final_input_token_layerwise,undisclosed,k9,last_target_observation,26,3.0,0.02769788968538034,False
final_input_token_layerwise,undisclosed,k9,last_target_observation,27,3.0,0.02743756238347564,False
final_input_token_layerwise,undisclosed,k9,last_target_observation,28,0.1,0.034153010645440046,False
final_input_token_layerwise,undisclosed,k9,last_target_observation,29,3.0,0.04405695828656611,False
final_input_token_layerwise,undisclosed,k9,last_target_observation,30,3.0,0.046128352494065994,False
final_input_token_layerwise,undisclosed,k9,last_target_observation,31,3.0,0.04743027728681992,False
final_input_token_layerwise,undisclosed,k9,last_target_observation,32,3.0,0.07114140023987506,False
final_input_token_layerwise,undisclosed,k9,target_observation_mean,0,0.0001,3.885780586188048e-16,False
final_input_token_layerwise,undisclosed,k9,target_observation_mean,1,3.0,0.01755097922735213,False
final_input_token_layerwise,undisclosed,k9,target_observation_mean,2,3.0,0.03654536807039693,False
final_input_token_layerwise,undisclosed,k9,target_observation_mean,3,3.0,0.014560269063581432,False
final_input_token_layerwise,undisclosed,k9,target_observation_mean,4,3.0,0.0074453398593455344,False
final_input_token_layerwise,undisclosed,k9,target_observation_mean,5,3.0,0.0021725579185263577,False
final_input_token_layerwise,undisclosed,k9,target_observation_mean,6,3.0,0.0017808089126471749,False
final_input_token_layerwise,undisclosed,k9,target_observation_mean,7,3.0,0.01988369228764167,False
final_input_token_layerwise,undisclosed,k9,target_observation_mean,8,3.0,0.013211112323884527,False
final_input_token_layerwise,undisclosed,k9,target_observation_mean,9,3.0,0.012734444034710163,False
final_input_token_layerwise,undisclosed,k9,target_observation_mean,10,3.0,0.0047516497248484835,False
final_input_token_layerwise,undisclosed,k9,target_observation_mean,11,3.0,0.0030737418606730516,False
final_input_token_layerwise,undisclosed,k9,target_observation_mean,12,3.0,0.0037587609640655772,False
final_input_token_layerwise,undisclosed,k9,target_observation_mean,13,100.0,0.0002364417896968396,False
final_input_token_layerwise,undisclosed,k9,target_observation_mean,14,3.0,0.024171519229393534,False
final_input_token_layerwise,undisclosed,k9,target_observation_mean,15,3.0,0.07691079351204122,False
final_input_token_layerwise,undisclosed,k9,target_observation_mean,16,3.0,0.11173528740628033,False
final_input_token_layerwise,undisclosed,k9,target_observation_mean,17,3.0,0.08270159611911437,False
final_input_token_layerwise,undisclosed,k9,target_observation_mean,18,0.1,0.10320135238989839,False
final_input_token_layerwise,undisclosed,k9,target_observation_mean,19,0.1,0.10680087538003374,False
final_input_token_layerwise,undisclosed,k9,target_observation_mean,20,0.1,0.13991415261221926,False
final_input_token_layerwise,undisclosed,k9,target_observation_mean,21,0.1,0.11163025920828779,False
final_input_token_layerwise,undisclosed,k9,target_observation_mean,22,0.1,0.09720695475187138,False
final_input_token_layerwise,undisclosed,k9,target_observation_mean,23,0.1,0.10333159562382191,False
final_input_token_layerwise,undisclosed,k9,target_observation_mean,24,0.1,0.11746881686788951,False
final_input_token_layerwise,undisclosed,k9,target_observation_mean,25,0.1,0.1199847016629961,False
final_input_token_layerwise,undisclosed,k9,target_observation_mean,26,0.1,0.08709952119909334,False
final_input_token_layerwise,undisclosed,k9,target_observation_mean,27,0.1,0.08011311477940652,False
final_input_token_layerwise,undisclosed,k9,target_observation_mean,28,3.0,0.04035702776628025,False
final_input_token_layerwise,undisclosed,k9,target_observation_mean,29,0.1,0.22821599663202868,False
final_input_token_layerwise,undisclosed,k9,target_observation_mean,30,0.1,0.29739501377626876,False
final_input_token_layerwise,undisclosed,k9,target_observation_mean,31,0.1,0.315301325967927,False
final_input_token_layerwise,undisclosed,k9,target_observation_mean,32,0.1,0.3474635604619328,True
final_input_token_layerwise,undisclosed,k9,target_time_slope,0,0.0001,0.0,False
final_input_token_layerwise,undisclosed,k9,target_time_slope,1,3.0,0.002149747829014642,False
final_input_token_layerwise,undisclosed,k9,target_time_slope,2,3.0,0.005659175684901346,False
final_input_token_layerwise,undisclosed,k9,target_time_slope,3,3.0,0.04717211246445982,False
final_input_token_layerwise,undisclosed,k9,target_time_slope,4,3.0,0.049026875327943226,False
final_input_token_layerwise,undisclosed,k9,target_time_slope,5,3.0,0.050185417449884945,False
final_input_token_layerwise,undisclosed,k9,target_time_slope,6,3.0,0.03204932833166435,False
final_input_token_layerwise,undisclosed,k9,target_time_slope,7,3.0,0.0431505152783446,False
final_input_token_layerwise,undisclosed,k9,target_time_slope,8,0.1,0.04819910748641684,False
final_input_token_layerwise,undisclosed,k9,target_time_slope,9,3.0,0.03688302143243541,False
final_input_token_layerwise,undisclosed,k9,target_time_slope,10,3.0,0.04469814381556206,False
final_input_token_layerwise,undisclosed,k9,target_time_slope,11,3.0,0.04361347724948822,False
final_input_token_layerwise,undisclosed,k9,target_time_slope,12,3.0,0.05988954636334731,False
final_input_token_layerwise,undisclosed,k9,target_time_slope,13,3.0,0.06187037393890951,False
final_input_token_layerwise,undisclosed,k9,target_time_slope,14,3.0,0.08707993946837139,False
final_input_token_layerwise,undisclosed,k9,target_time_slope,15,3.0,0.1261420522431375,False
final_input_token_layerwise,undisclosed,k9,target_time_slope,16,0.1,0.1516513385505504,False
final_input_token_layerwise,undisclosed,k9,target_time_slope,17,0.1,0.13255988736659757,False
final_input_token_layerwise,undisclosed,k9,target_time_slope,18,3.0,0.0855015628505438,False
final_input_token_layerwise,undisclosed,k9,target_time_slope,19,3.0,0.06891012026049803,False
final_input_token_layerwise,undisclosed,k9,target_time_slope,20,3.0,0.06823384868701149,False
final_input_token_layerwise,undisclosed,k9,target_time_slope,21,3.0,0.07807372074178137,False
final_input_token_layerwise,undisclosed,k9,target_time_slope,22,3.0,0.08420317295672025,False
final_input_token_layerwise,undisclosed,k9,target_time_slope,23,0.1,0.08641038977647869,False
final_input_token_layerwise,undisclosed,k9,target_time_slope,24,0.1,0.09316326233355274,False
final_input_token_layerwise,undisclosed,k9,target_time_slope,25,0.1,0.14565786521697915,False
final_input_token_layerwise,undisclosed,k9,target_time_slope,26,0.1,0.1339503354760608,False
final_input_token_layerwise,undisclosed,k9,target_time_slope,27,0.1,0.1562166680951147,True
final_input_token_layerwise,undisclosed,k9,target_time_slope,28,0.1,0.11887642703782081,False
final_input_token_layerwise,undisclosed,k9,target_time_slope,29,3.0,0.1187160347188379,False
final_input_token_layerwise,undisclosed,k9,target_time_slope,30,3.0,0.12225949421478707,False
final_input_token_layerwise,undisclosed,k9,target_time_slope,31,3.0,0.12133355249251493,False
final_input_token_layerwise,undisclosed,k9,target_time_slope,32,3.0,0.136858568887152,False
final_input_token_layerwise,undisclosed,k9,displayed_driver_outcome_slope,0,0.0001,-1.1102230246251565e-16,False
final_input_token_layerwise,undisclosed,k9,displayed_driver_outcome_slope,1,0.1,0.045434611391595325,True
final_input_token_layerwise,undisclosed,k9,displayed_driver_outcome_slope,2,3.0,0.007040043790533218,False
final_input_token_layerwise,undisclosed,k9,displayed_driver_outcome_slope,3,0.1,0.018021759930858555,False
final_input_token_layerwise,undisclosed,k9,displayed_driver_outcome_slope,4,100.0,5.758797037624941e-05,False
final_input_token_layerwise,undisclosed,k9,displayed_driver_outcome_slope,5,100.0,-0.00033891930344168153,False
final_input_token_layerwise,undisclosed,k9,displayed_driver_outcome_slope,6,100.0,-0.00033952703021253305,False
final_input_token_layerwise,undisclosed,k9,displayed_driver_outcome_slope,7,100.0,-0.0003357775870069246,False
final_input_token_layerwise,undisclosed,k9,displayed_driver_outcome_slope,8,100.0,-0.0009056021525102598,False
final_input_token_layerwise,undisclosed,k9,displayed_driver_outcome_slope,9,100.0,-0.0006694359247212955,False
final_input_token_layerwise,undisclosed,k9,displayed_driver_outcome_slope,10,100.0,-0.0007908948612522504,False
final_input_token_layerwise,undisclosed,k9,displayed_driver_outcome_slope,11,100.0,-0.00032543516952687757,False
final_input_token_layerwise,undisclosed,k9,displayed_driver_outcome_slope,12,100.0,-0.0007026999213724516,False
final_input_token_layerwise,undisclosed,k9,displayed_driver_outcome_slope,13,100.0,-0.0006148726865096155,False
final_input_token_layerwise,undisclosed,k9,displayed_driver_outcome_slope,14,3.0,0.006481643023692557,False
final_input_token_layerwise,undisclosed,k9,displayed_driver_outcome_slope,15,3.0,0.01957854420345434,False
final_input_token_layerwise,undisclosed,k9,displayed_driver_outcome_slope,16,3.0,0.02008045327629443,False
final_input_token_layerwise,undisclosed,k9,displayed_driver_outcome_slope,17,3.0,0.02542732963980382,False
final_input_token_layerwise,undisclosed,k9,displayed_driver_outcome_slope,18,3.0,0.0036180741702901975,False
final_input_token_layerwise,undisclosed,k9,displayed_driver_outcome_slope,19,3.0,0.005511578500756731,False
final_input_token_layerwise,undisclosed,k9,displayed_driver_outcome_slope,20,3.0,0.0016792162474031092,False
final_input_token_layerwise,undisclosed,k9,displayed_driver_outcome_slope,21,3.0,0.0064414698378497115,False
final_input_token_layerwise,undisclosed,k9,displayed_driver_outcome_slope,22,3.0,0.008898271438980032,False
final_input_token_layerwise,undisclosed,k9,displayed_driver_outcome_slope,23,100.0,0.00039624476921532037,False
final_input_token_layerwise,undisclosed,k9,displayed_driver_outcome_slope,24,100.0,0.000507013496871378,False
final_input_token_layerwise,undisclosed,k9,displayed_driver_outcome_slope,25,100.0,0.0003505663917720836,False
final_input_token_layerwise,undisclosed,k9,displayed_driver_outcome_slope,26,100.0,0.0002480303142790574,False
final_input_token_layerwise,undisclosed,k9,displayed_driver_outcome_slope,27,3.0,0.004516086798793895,False
final_input_token_layerwise,undisclosed,k9,displayed_driver_outcome_slope,28,100.0,0.0004210266318541711,False
final_input_token_layerwise,undisclosed,k9,displayed_driver_outcome_slope,29,3.0,0.011703310000791528,False
final_input_token_layerwise,undisclosed,k9,displayed_driver_outcome_slope,30,3.0,0.008732154639803258,False
final_input_token_layerwise,undisclosed,k9,displayed_driver_outcome_slope,31,3.0,0.014088670949161108,False
final_input_token_layerwise,undisclosed,k9,displayed_driver_outcome_slope,32,3.0,0.02306958388291569,False
final_input_token_layerwise,undisclosed,k9,oracle_posterior_gain,0,0.0001,0.0,False
final_input_token_layerwise,undisclosed,k9,oracle_posterior_gain,1,3.0,0.00033098350523155795,False
final_input_token_layerwise,undisclosed,k9,oracle_posterior_gain,2,100.0,-0.00012433346870854844,False
final_input_token_layerwise,undisclosed,k9,oracle_posterior_gain,3,100.0,-0.00011505486368770801,False
final_input_token_layerwise,undisclosed,k9,oracle_posterior_gain,4,100.0,-0.0003624165396378387,False
final_input_token_layerwise,undisclosed,k9,oracle_posterior_gain,5,100.0,-0.00040681498547714967,False
final_input_token_layerwise,undisclosed,k9,oracle_posterior_gain,6,100.0,-0.0004148065564703596,False
final_input_token_layerwise,undisclosed,k9,oracle_posterior_gain,7,3.0,0.0025334417085269845,False
final_input_token_layerwise,undisclosed,k9,oracle_posterior_gain,8,3.0,0.012155311614961556,False
final_input_token_layerwise,undisclosed,k9,oracle_posterior_gain,9,3.0,0.017465122691566665,False
final_input_token_layerwise,undisclosed,k9,oracle_posterior_gain,10,3.0,0.02555721273615974,False
final_input_token_layerwise,undisclosed,k9,oracle_posterior_gain,11,3.0,0.024034888548820438,False
final_input_token_layerwise,undisclosed,k9,oracle_posterior_gain,12,0.1,0.03998853736100763,False
final_input_token_layerwise,undisclosed,k9,oracle_posterior_gain,13,3.0,0.01746383070068261,False
final_input_token_layerwise,undisclosed,k9,oracle_posterior_gain,14,0.1,0.07495399964253446,False
final_input_token_layerwise,undisclosed,k9,oracle_posterior_gain,15,0.1,0.19197706742763776,False
final_input_token_layerwise,undisclosed,k9,oracle_posterior_gain,16,0.1,0.15665426457085843,False
final_input_token_layerwise,undisclosed,k9,oracle_posterior_gain,17,0.1,0.15740231262167323,False
final_input_token_layerwise,undisclosed,k9,oracle_posterior_gain,18,0.1,0.14819370355905678,False
final_input_token_layerwise,undisclosed,k9,oracle_posterior_gain,19,0.1,0.131908704481174,False
final_input_token_layerwise,undisclosed,k9,oracle_posterior_gain,20,0.1,0.09989304545130778,False
final_input_token_layerwise,undisclosed,k9,oracle_posterior_gain,21,0.1,0.09144141786423235,False
final_input_token_layerwise,undisclosed,k9,oracle_posterior_gain,22,0.1,0.08282863663412166,False
final_input_token_layerwise,undisclosed,k9,oracle_posterior_gain,23,0.1,0.09813013916064181,False
final_input_token_layerwise,undisclosed,k9,oracle_posterior_gain,24,0.1,0.0995216686730207,False
final_input_token_layerwise,undisclosed,k9,oracle_posterior_gain,25,0.1,0.12235476178982393,False
final_input_token_layerwise,undisclosed,k9,oracle_posterior_gain,26,0.1,0.11827842944362804,False
final_input_token_layerwise,undisclosed,k9,oracle_posterior_gain,27,0.1,0.12613524142376165,False
final_input_token_layerwise,undisclosed,k9,oracle_posterior_gain,28,0.1,0.16250411244487195,False
final_input_token_layerwise,undisclosed,k9,oracle_posterior_gain,29,0.1,0.26550807321623826,False
final_input_token_layerwise,undisclosed,k9,oracle_posterior_gain,30,0.1,0.29250743145170244,False
final_input_token_layerwise,undisclosed,k9,oracle_posterior_gain,31,0.1,0.3043996603953381,False
final_input_token_layerwise,undisclosed,k9,oracle_posterior_gain,32,0.1,0.3425559427539365,True
final_input_token_layerwise,undisclosed,pooled,gain,0,0.0001,0.0,False
final_input_token_layerwise,undisclosed,pooled,gain,1,100.0,-0.0028793820288935956,False
final_input_token_layerwise,undisclosed,pooled,gain,2,100.0,-0.000444556627654145,False
final_input_token_layerwise,undisclosed,pooled,gain,3,100.0,-0.006015694393426113,False
final_input_token_layerwise,undisclosed,pooled,gain,4,100.0,-0.008043352078301,False
final_input_token_layerwise,undisclosed,pooled,gain,5,100.0,-0.003803727004033327,False
final_input_token_layerwise,undisclosed,pooled,gain,6,100.0,-0.0013894383852187109,False
final_input_token_layerwise,undisclosed,pooled,gain,7,100.0,-0.001178720612761049,False
final_input_token_layerwise,undisclosed,pooled,gain,8,100.0,-0.00364028248336661,False
final_input_token_layerwise,undisclosed,pooled,gain,9,3.0,0.0078053285718756305,False
final_input_token_layerwise,undisclosed,pooled,gain,10,3.0,0.01789696357487876,False
final_input_token_layerwise,undisclosed,pooled,gain,11,3.0,0.06448293693754124,False
final_input_token_layerwise,undisclosed,pooled,gain,12,3.0,0.034256880390428596,False
final_input_token_layerwise,undisclosed,pooled,gain,13,3.0,0.04860323896175072,False
final_input_token_layerwise,undisclosed,pooled,gain,14,3.0,0.09048437389644304,False
final_input_token_layerwise,undisclosed,pooled,gain,15,3.0,0.17190123494716936,False
final_input_token_layerwise,undisclosed,pooled,gain,16,3.0,0.1679545879664874,False
final_input_token_layerwise,undisclosed,pooled,gain,17,3.0,0.1659123939537081,False
final_input_token_layerwise,undisclosed,pooled,gain,18,3.0,0.16997867715433634,False
final_input_token_layerwise,undisclosed,pooled,gain,19,3.0,0.15677443065511784,False
final_input_token_layerwise,undisclosed,pooled,gain,20,3.0,0.1550712990899049,False
final_input_token_layerwise,undisclosed,pooled,gain,21,3.0,0.14856487759750228,False
final_input_token_layerwise,undisclosed,pooled,gain,22,3.0,0.15087397388666496,False
final_input_token_layerwise,undisclosed,pooled,gain,23,3.0,0.1447359408180895,False
final_input_token_layerwise,undisclosed,pooled,gain,24,3.0,0.13286518363078884,False
final_input_token_layerwise,undisclosed,pooled,gain,25,3.0,0.13344535157945506,False
final_input_token_layerwise,undisclosed,pooled,gain,26,3.0,0.13709775394426355,False
final_input_token_layerwise,undisclosed,pooled,gain,27,3.0,0.14358700516528755,False
final_input_token_layerwise,undisclosed,pooled,gain,28,3.0,0.14957902619130886,False
final_input_token_layerwise,undisclosed,pooled,gain,29,3.0,0.16338278706277523,False
final_input_token_layerwise,undisclosed,pooled,gain,30,3.0,0.17235524143339057,False
final_input_token_layerwise,undisclosed,pooled,gain,31,3.0,0.17607746007781847,False
final_input_token_layerwise,undisclosed,pooled,gain,32,3.0,0.19412968219147997,True
final_input_token_layerwise,undisclosed,pooled,response_residual,0,0.0001,-2.7755575615628914e-17,False
final_input_token_layerwise,undisclosed,pooled,response_residual,1,100.0,-0.001855252745612564,False
final_input_token_layerwise,undisclosed,pooled,response_residual,2,100.0,-0.0010507498747392523,False
final_input_token_layerwise,undisclosed,pooled,response_residual,3,100.0,-0.006494334600925873,False
final_input_token_layerwise,undisclosed,pooled,response_residual,4,100.0,-0.00816843401129765,False
final_input_token_layerwise,undisclosed,pooled,response_residual,5,100.0,-0.0036438928503781387,False
final_input_token_layerwise,undisclosed,pooled,response_residual,6,100.0,-0.0011630676091666514,False
final_input_token_layerwise,undisclosed,pooled,response_residual,7,100.0,-0.0005639175434108504,False
final_input_token_layerwise,undisclosed,pooled,response_residual,8,100.0,-0.005943424944725245,False
final_input_token_layerwise,undisclosed,pooled,response_residual,9,100.0,-0.0022834950436598036,False
final_input_token_layerwise,undisclosed,pooled,response_residual,10,100.0,-0.0018599987823375204,False
final_input_token_layerwise,undisclosed,pooled,response_residual,11,100.0,0.0027440328536102085,False
final_input_token_layerwise,undisclosed,pooled,response_residual,12,100.0,0.000556116158010859,False
final_input_token_layerwise,undisclosed,pooled,response_residual,13,100.0,0.002554150169183228,False
final_input_token_layerwise,undisclosed,pooled,response_residual,14,100.0,0.008023495899255542,False
final_input_token_layerwise,undisclosed,pooled,response_residual,15,100.0,0.019581811822222173,False
final_input_token_layerwise,undisclosed,pooled,response_residual,16,100.0,0.021353387404932728,False
final_input_token_layerwise,undisclosed,pooled,response_residual,17,100.0,0.017737919325571106,False
final_input_token_layerwise,undisclosed,pooled,response_residual,18,100.0,0.015474220058169572,False
final_input_token_layerwise,undisclosed,pooled,response_residual,19,100.0,0.014512636745374036,False
final_input_token_layerwise,undisclosed,pooled,response_residual,20,100.0,0.013410513085480922,False
final_input_token_layerwise,undisclosed,pooled,response_residual,21,100.0,0.011693117978727205,False
final_input_token_layerwise,undisclosed,pooled,response_residual,22,3.0,0.014384601266174505,False
final_input_token_layerwise,undisclosed,pooled,response_residual,23,3.0,0.01161980128738696,False
final_input_token_layerwise,undisclosed,pooled,response_residual,24,100.0,0.010347029791694662,False
final_input_token_layerwise,undisclosed,pooled,response_residual,25,100.0,0.010174369557079815,False
final_input_token_layerwise,undisclosed,pooled,response_residual,26,3.0,0.012556191304261471,False
final_input_token_layerwise,undisclosed,pooled,response_residual,27,3.0,0.02824971120019477,False
final_input_token_layerwise,undisclosed,pooled,response_residual,28,3.0,0.025326411602230443,False
final_input_token_layerwise,undisclosed,pooled,response_residual,29,3.0,0.030788135453045085,False
final_input_token_layerwise,undisclosed,pooled,response_residual,30,3.0,0.05286026697842717,False
final_input_token_layerwise,undisclosed,pooled,response_residual,31,3.0,0.06773587658613194,False
final_input_token_layerwise,undisclosed,pooled,response_residual,32,3.0,0.0925692033150927,True
mean_embedding,disclosed,k3,gain,0,100.0,-0.0009589042439733797,True
mean_embedding,disclosed,k3,response_residual,0,100.0,-0.001110632918032206,True
mean_embedding,disclosed,k6,gain,0,100.0,0.00021211892006114952,True
mean_embedding,disclosed,k6,response_residual,0,100.0,-0.00013133361583325676,True
mean_embedding,disclosed,k9,gain,0,3.0,0.011837593116618,True
mean_embedding,disclosed,k9,response_residual,0,100.0,0.0006193826779181399,True
mean_embedding,disclosed,pooled,gain,0,100.0,0.0020260137296078486,True
mean_embedding,disclosed,pooled,response_residual,0,100.0,-0.0013023204868278422,True
mean_embedding,undisclosed,k3,gain,0,100.0,-0.0010713728368005326,True
mean_embedding,undisclosed,k3,response_residual,0,100.0,-0.0012090417576992585,True
mean_embedding,undisclosed,k6,gain,0,100.0,0.00013838781628436325,True
mean_embedding,undisclosed,k6,response_residual,0,100.0,-0.00018889621886128416,True
mean_embedding,undisclosed,k9,gain,0,3.0,0.010394026080614294,True
mean_embedding,undisclosed,k9,response_residual,0,100.0,0.0006058295235571998,True
mean_embedding,undisclosed,pooled,gain,0,100.0,0.0020023985455211632,True
mean_embedding,undisclosed,pooled,response_residual,0,100.0,-0.0013306504888029962,True
mean_final_layer,disclosed,k3,gain,0,100.0,8.968819545734918e-06,True
mean_final_layer,disclosed,k3,response_residual,0,100.0,0.0002838206314660363,True
mean_final_layer,disclosed,k6,gain,0,3.0,0.007101087720724375,True
mean_final_layer,disclosed,k6,response_residual,0,3.0,0.005183476863927727,True
mean_final_layer,disclosed,k9,gain,0,0.1,0.06076885571855051,True
mean_final_layer,disclosed,k9,response_residual,0,3.0,0.014395806311825216,True
mean_final_layer,disclosed,pooled,gain,0,100.0,0.0060938577044715725,True
mean_final_layer,disclosed,pooled,response_residual,0,100.0,0.0053226103705174554,True
mean_final_layer,undisclosed,k3,gain,0,3.0,0.0010059052385097411,True
mean_final_layer,undisclosed,k3,response_residual,0,100.0,0.0004467795137222397,True
mean_final_layer,undisclosed,k6,gain,0,3.0,0.004599586029689073,True
mean_final_layer,undisclosed,k6,response_residual,0,3.0,0.0030214690288215273,True
mean_final_layer,undisclosed,k9,gain,0,3.0,0.010287139157210884,True
mean_final_layer,undisclosed,k9,response_residual,0,3.0,0.008544074546138758,True
mean_final_layer,undisclosed,pooled,gain,0,100.0,0.0017997160945180297,True
mean_final_layer,undisclosed,pooled,response_residual,0,100.0,0.002241121383482194,True
