representation,train_disclosure,evidence,target,layer,alpha,cv_macro_development_baseline_r2,selected
final_input_token_layerwise,disclosed,k3,gain,0,0.0001,0.0,False
final_input_token_layerwise,disclosed,k3,gain,1,100.0,-0.0003079779862947274,False
final_input_token_layerwise,disclosed,k3,gain,2,100.0,-0.0002810484115659817,False
final_input_token_layerwise,disclosed,k3,gain,3,100.0,-0.000585676285245279,False
final_input_token_layerwise,disclosed,k3,gain,4,100.0,-0.0005204732208641816,False
final_input_token_layerwise,disclosed,k3,gain,5,100.0,-0.0002919292400714313,False
final_input_token_layerwise,disclosed,k3,gain,6,100.0,-0.00015872742715078436,False
final_input_token_layerwise,disclosed,k3,gain,7,100.0,-0.0002545936132660187,False
final_input_token_layerwise,disclosed,k3,gain,8,100.0,6.754573758471771e-05,False
final_input_token_layerwise,disclosed,k3,gain,9,100.0,9.355571770508497e-06,False
final_input_token_layerwise,disclosed,k3,gain,10,100.0,-0.00020212695994797913,False
final_input_token_layerwise,disclosed,k3,gain,11,100.0,-6.892272862160653e-05,False
final_input_token_layerwise,disclosed,k3,gain,12,100.0,4.314511075265148e-05,False
final_input_token_layerwise,disclosed,k3,gain,13,3.0,0.008412193043983024,False
final_input_token_layerwise,disclosed,k3,gain,14,3.0,0.016894168068432774,False
final_input_token_layerwise,disclosed,k3,gain,15,3.0,0.012344809188955475,False
final_input_token_layerwise,disclosed,k3,gain,16,3.0,0.02774671113751656,False
final_input_token_layerwise,disclosed,k3,gain,17,3.0,0.025638973201171367,False
final_input_token_layerwise,disclosed,k3,gain,18,3.0,0.027135426412972008,False
final_input_token_layerwise,disclosed,k3,gain,19,3.0,0.03267068011224411,False
final_input_token_layerwise,disclosed,k3,gain,20,3.0,0.026989418143239352,False
final_input_token_layerwise,disclosed,k3,gain,21,3.0,0.02373858501478926,False
final_input_token_layerwise,disclosed,k3,gain,22,3.0,0.02237597458605256,False
final_input_token_layerwise,disclosed,k3,gain,23,3.0,0.01759251736660536,False
final_input_token_layerwise,disclosed,k3,gain,24,3.0,0.02027957773156333,False
final_input_token_layerwise,disclosed,k3,gain,25,3.0,0.023385987354172105,False
final_input_token_layerwise,disclosed,k3,gain,26,3.0,0.02236460186509992,False
final_input_token_layerwise,disclosed,k3,gain,27,3.0,0.02567942042219215,False
final_input_token_layerwise,disclosed,k3,gain,28,3.0,0.02551490168430051,False
final_input_token_layerwise,disclosed,k3,gain,29,0.1,0.0768760632454788,False
final_input_token_layerwise,disclosed,k3,gain,30,3.0,0.07974752286584724,False
final_input_token_layerwise,disclosed,k3,gain,31,3.0,0.08591608663488112,False
final_input_token_layerwise,disclosed,k3,gain,32,3.0,0.08649902373520643,True
final_input_token_layerwise,disclosed,k3,response_residual,0,0.0001,-2.7755575615628914e-17,False
final_input_token_layerwise,disclosed,k3,response_residual,1,100.0,-0.00020853115001667755,False
final_input_token_layerwise,disclosed,k3,response_residual,2,100.0,-0.0003011721280521129,False
final_input_token_layerwise,disclosed,k3,response_residual,3,100.0,-0.000680393491128195,False
final_input_token_layerwise,disclosed,k3,response_residual,4,100.0,-0.0005995468543882887,False
final_input_token_layerwise,disclosed,k3,response_residual,5,100.0,-0.0005035724221599813,False
final_input_token_layerwise,disclosed,k3,response_residual,6,100.0,-0.00022509327645947597,False
final_input_token_layerwise,disclosed,k3,response_residual,7,100.0,-0.0003662600018550788,False
final_input_token_layerwise,disclosed,k3,response_residual,8,100.0,9.13811707797807e-06,False
final_input_token_layerwise,disclosed,k3,response_residual,9,100.0,-6.41115671011494e-05,False
final_input_token_layerwise,disclosed,k3,response_residual,10,100.0,-0.00033428465025930887,False
final_input_token_layerwise,disclosed,k3,response_residual,11,100.0,-0.00026860752416704714,False
final_input_token_layerwise,disclosed,k3,response_residual,12,100.0,-0.00028572060665466026,False
final_input_token_layerwise,disclosed,k3,response_residual,13,100.0,-2.1375717906030323e-05,False
final_input_token_layerwise,disclosed,k3,response_residual,14,100.0,0.000396553683091716,False
final_input_token_layerwise,disclosed,k3,response_residual,15,100.0,8.302698384798912e-05,False
final_input_token_layerwise,disclosed,k3,response_residual,16,3.0,0.008004907523992633,False
final_input_token_layerwise,disclosed,k3,response_residual,17,3.0,0.005666991446584946,False
final_input_token_layerwise,disclosed,k3,response_residual,18,3.0,0.010448376743234483,False
final_input_token_layerwise,disclosed,k3,response_residual,19,3.0,0.017224822316874666,False
final_input_token_layerwise,disclosed,k3,response_residual,20,3.0,0.012772581855841764,False
final_input_token_layerwise,disclosed,k3,response_residual,21,3.0,0.008929626897753867,False
final_input_token_layerwise,disclosed,k3,response_residual,22,3.0,0.009160276861678529,False
final_input_token_layerwise,disclosed,k3,response_residual,23,3.0,0.004424784221642247,False
final_input_token_layerwise,disclosed,k3,response_residual,24,3.0,0.007096605911528886,False
final_input_token_layerwise,disclosed,k3,response_residual,25,3.0,0.008674117171368068,False
final_input_token_layerwise,disclosed,k3,response_residual,26,3.0,0.009467053000623948,False
final_input_token_layerwise,disclosed,k3,response_residual,27,3.0,0.008624897553359434,False
final_input_token_layerwise,disclosed,k3,response_residual,28,3.0,0.010948821895053862,False
final_input_token_layerwise,disclosed,k3,response_residual,29,3.0,0.039681779490083446,False
final_input_token_layerwise,disclosed,k3,response_residual,30,3.0,0.05713658915988565,False
final_input_token_layerwise,disclosed,k3,response_residual,31,3.0,0.06222393006270405,True
final_input_token_layerwise,disclosed,k3,response_residual,32,3.0,0.061308104771416044,False
final_input_token_layerwise,disclosed,k3,last_target_observation,0,0.0001,-8.326672684688674e-17,False
final_input_token_layerwise,disclosed,k3,last_target_observation,1,0.1,0.1823078830373958,False
final_input_token_layerwise,disclosed,k3,last_target_observation,2,0.1,0.1794241789424565,False
final_input_token_layerwise,disclosed,k3,last_target_observation,3,0.1,0.019591629047259446,False
final_input_token_layerwise,disclosed,k3,last_target_observation,4,3.0,0.023210108768343563,False
final_input_token_layerwise,disclosed,k3,last_target_observation,5,3.0,0.016034616826605397,False
final_input_token_layerwise,disclosed,k3,last_target_observation,6,3.0,0.028296099150901255,False
final_input_token_layerwise,disclosed,k3,last_target_observation,7,0.1,0.07299500757667396,False
final_input_token_layerwise,disclosed,k3,last_target_observation,8,0.1,0.04558300221818137,False
final_input_token_layerwise,disclosed,k3,last_target_observation,9,0.1,0.18814045352597722,False
final_input_token_layerwise,disclosed,k3,last_target_observation,10,0.1,0.14617529472215882,False
final_input_token_layerwise,disclosed,k3,last_target_observation,11,0.1,0.29050043586808816,False
final_input_token_layerwise,disclosed,k3,last_target_observation,12,0.1,0.2928653024485426,True
final_input_token_layerwise,disclosed,k3,last_target_observation,13,0.1,0.17756234986279013,False
final_input_token_layerwise,disclosed,k3,last_target_observation,14,0.1,0.22840926726828958,False
final_input_token_layerwise,disclosed,k3,last_target_observation,15,0.1,0.2168831579237203,False
final_input_token_layerwise,disclosed,k3,last_target_observation,16,3.0,0.17079993343677957,False
final_input_token_layerwise,disclosed,k3,last_target_observation,17,0.1,0.17228653277340542,False
final_input_token_layerwise,disclosed,k3,last_target_observation,18,0.1,0.14791061662691626,False
final_input_token_layerwise,disclosed,k3,last_target_observation,19,0.1,0.17629881526561691,False
final_input_token_layerwise,disclosed,k3,last_target_observation,20,3.0,0.104811628554355,False
final_input_token_layerwise,disclosed,k3,last_target_observation,21,3.0,0.09430020086119623,False
final_input_token_layerwise,disclosed,k3,last_target_observation,22,3.0,0.08560388494996593,False
final_input_token_layerwise,disclosed,k3,last_target_observation,23,0.1,0.10204004081720822,False
final_input_token_layerwise,disclosed,k3,last_target_observation,24,0.1,0.08915276311390324,False
final_input_token_layerwise,disclosed,k3,last_target_observation,25,0.1,0.1184995046091967,False
final_input_token_layerwise,disclosed,k3,last_target_observation,26,0.1,0.10146805559572342,False
final_input_token_layerwise,disclosed,k3,last_target_observation,27,0.1,0.1407486284309328,False
final_input_token_layerwise,disclosed,k3,last_target_observation,28,0.1,0.17445557502468348,False
final_input_token_layerwise,disclosed,k3,last_target_observation,29,0.1,0.21783580912743036,False
final_input_token_layerwise,disclosed,k3,last_target_observation,30,0.1,0.20395413995051304,False
final_input_token_layerwise,disclosed,k3,last_target_observation,31,0.1,0.19687718522877162,False
final_input_token_layerwise,disclosed,k3,last_target_observation,32,0.1,0.21667670861668561,False
final_input_token_layerwise,disclosed,k3,target_observation_mean,0,0.0001,5.551115123125783e-17,False
final_input_token_layerwise,disclosed,k3,target_observation_mean,1,3.0,0.13706276485098715,False
final_input_token_layerwise,disclosed,k3,target_observation_mean,2,3.0,0.09696757967241998,False
final_input_token_layerwise,disclosed,k3,target_observation_mean,3,3.0,0.03760351080085578,False
final_input_token_layerwise,disclosed,k3,target_observation_mean,4,3.0,0.04930361062602043,False
final_input_token_layerwise,disclosed,k3,target_observation_mean,5,3.0,0.0413418129315849,False
final_input_token_layerwise,disclosed,k3,target_observation_mean,6,3.0,0.04997782913141391,False
final_input_token_layerwise,disclosed,k3,target_observation_mean,7,3.0,0.06608596566404754,False
final_input_token_layerwise,disclosed,k3,target_observation_mean,8,3.0,0.07103664701940987,False
final_input_token_layerwise,disclosed,k3,target_observation_mean,9,3.0,0.08791995896181701,False
final_input_token_layerwise,disclosed,k3,target_observation_mean,10,3.0,0.07197917816095939,False
final_input_token_layerwise,disclosed,k3,target_observation_mean,11,0.1,0.20201666072800972,False
final_input_token_layerwise,disclosed,k3,target_observation_mean,12,0.1,0.2926455951746114,False
final_input_token_layerwise,disclosed,k3,target_observation_mean,13,3.0,0.16797356157640406,False
final_input_token_layerwise,disclosed,k3,target_observation_mean,14,3.0,0.18380658668384997,False
final_input_token_layerwise,disclosed,k3,target_observation_mean,15,3.0,0.23926660766593758,False
final_input_token_layerwise,disclosed,k3,target_observation_mean,16,3.0,0.33560635537111344,False
final_input_token_layerwise,disclosed,k3,target_observation_mean,17,3.0,0.29888461497551405,False
final_input_token_layerwise,disclosed,k3,target_observation_mean,18,3.0,0.2388713296555693,False
final_input_token_layerwise,disclosed,k3,target_observation_mean,19,3.0,0.22767801707817897,False
final_input_token_layerwise,disclosed,k3,target_observation_mean,20,3.0,0.2092553401927153,False
final_input_token_layerwise,disclosed,k3,target_observation_mean,21,3.0,0.19895527740709876,False
final_input_token_layerwise,disclosed,k3,target_observation_mean,22,3.0,0.19231690510380678,False
final_input_token_layerwise,disclosed,k3,target_observation_mean,23,3.0,0.19759483918621007,False
final_input_token_layerwise,disclosed,k3,target_observation_mean,24,3.0,0.18834708492800167,False
final_input_token_layerwise,disclosed,k3,target_observation_mean,25,0.1,0.20083090200341114,False
final_input_token_layerwise,disclosed,k3,target_observation_mean,26,0.1,0.20219781093487452,False
final_input_token_layerwise,disclosed,k3,target_observation_mean,27,0.1,0.23713006761813388,False
final_input_token_layerwise,disclosed,k3,target_observation_mean,28,0.1,0.28198429691836757,False
final_input_token_layerwise,disclosed,k3,target_observation_mean,29,0.1,0.2676988003516091,False
final_input_token_layerwise,disclosed,k3,target_observation_mean,30,3.0,0.2864836155733428,False
final_input_token_layerwise,disclosed,k3,target_observation_mean,31,0.1,0.3056053677515432,False
final_input_token_layerwise,disclosed,k3,target_observation_mean,32,0.1,0.35917388260436833,True
final_input_token_layerwise,disclosed,k3,target_time_slope,0,0.0001,0.0,False
final_input_token_layerwise,disclosed,k3,target_time_slope,1,0.1,0.08658648435335098,True
final_input_token_layerwise,disclosed,k3,target_time_slope,2,0.1,0.04117657142852396,False
final_input_token_layerwise,disclosed,k3,target_time_slope,3,100.0,-0.00039282270564100497,False
final_input_token_layerwise,disclosed,k3,target_time_slope,4,100.0,-0.00036094382093246336,False
final_input_token_layerwise,disclosed,k3,target_time_slope,5,100.0,-0.000676968125149835,False
final_input_token_layerwise,disclosed,k3,target_time_slope,6,100.0,-0.00019270395160717047,False
final_input_token_layerwise,disclosed,k3,target_time_slope,7,3.0,0.019087571920649665,False
final_input_token_layerwise,disclosed,k3,target_time_slope,8,100.0,-5.987170229310168e-05,False
final_input_token_layerwise,disclosed,k3,target_time_slope,9,3.0,0.022324322411046565,False
final_input_token_layerwise,disclosed,k3,target_time_slope,10,0.1,0.018278862205533708,False
final_input_token_layerwise,disclosed,k3,target_time_slope,11,0.1,0.06433615632083467,False
final_input_token_layerwise,disclosed,k3,target_time_slope,12,0.1,0.05585522323382722,False
final_input_token_layerwise,disclosed,k3,target_time_slope,13,100.0,-0.0005779560475762668,False
final_input_token_layerwise,disclosed,k3,target_time_slope,14,0.1,0.03839754982925461,False
final_input_token_layerwise,disclosed,k3,target_time_slope,15,0.1,0.01587188381778601,False
final_input_token_layerwise,disclosed,k3,target_time_slope,16,0.1,0.0141076954002122,False
final_input_token_layerwise,disclosed,k3,target_time_slope,17,0.1,0.021182081163330924,False
final_input_token_layerwise,disclosed,k3,target_time_slope,18,3.0,0.0015591764477730918,False
final_input_token_layerwise,disclosed,k3,target_time_slope,19,0.1,0.02821517071201804,False
final_input_token_layerwise,disclosed,k3,target_time_slope,20,100.0,-0.001706946000555376,False
final_input_token_layerwise,disclosed,k3,target_time_slope,21,100.0,-0.0018714271577575659,False
final_input_token_layerwise,disclosed,k3,target_time_slope,22,100.0,-0.0019131338344233195,False
final_input_token_layerwise,disclosed,k3,target_time_slope,23,100.0,-0.001818289025658948,False
final_input_token_layerwise,disclosed,k3,target_time_slope,24,100.0,-0.002088759743287316,False
final_input_token_layerwise,disclosed,k3,target_time_slope,25,100.0,-0.002151055397865753,False
final_input_token_layerwise,disclosed,k3,target_time_slope,26,100.0,-0.002217926755756827,False
final_input_token_layerwise,disclosed,k3,target_time_slope,27,100.0,-0.0016905751060816154,False
final_input_token_layerwise,disclosed,k3,target_time_slope,28,100.0,-0.0016491219388586331,False
final_input_token_layerwise,disclosed,k3,target_time_slope,29,3.0,0.006346099650468617,False
final_input_token_layerwise,disclosed,k3,target_time_slope,30,3.0,0.02671597312640875,False
final_input_token_layerwise,disclosed,k3,target_time_slope,31,3.0,0.03342007496967517,False
final_input_token_layerwise,disclosed,k3,target_time_slope,32,3.0,0.038050587883861925,False
final_input_token_layerwise,disclosed,k3,displayed_driver_outcome_slope,0,0.0001,5.551115123125783e-17,False
final_input_token_layerwise,disclosed,k3,displayed_driver_outcome_slope,1,100.0,-0.00011091278528252424,False
final_input_token_layerwise,disclosed,k3,displayed_driver_outcome_slope,2,100.0,-0.00020224533249593724,False
final_input_token_layerwise,disclosed,k3,displayed_driver_outcome_slope,3,100.0,-0.0003944609501919383,False
final_input_token_layerwise,disclosed,k3,displayed_driver_outcome_slope,4,100.0,-7.72180903563513e-05,False
final_input_token_layerwise,disclosed,k3,displayed_driver_outcome_slope,5,0.1,0.015299577984071916,False
final_input_token_layerwise,disclosed,k3,displayed_driver_outcome_slope,6,0.1,0.014996978431107671,False
final_input_token_layerwise,disclosed,k3,displayed_driver_outcome_slope,7,3.0,0.0008637826674939009,False
final_input_token_layerwise,disclosed,k3,displayed_driver_outcome_slope,8,100.0,-0.00028928929149185656,False
final_input_token_layerwise,disclosed,k3,displayed_driver_outcome_slope,9,100.0,7.149021132371591e-05,False
final_input_token_layerwise,disclosed,k3,displayed_driver_outcome_slope,10,100.0,-0.00047635720640459844,False
final_input_token_layerwise,disclosed,k3,displayed_driver_outcome_slope,11,100.0,-0.00020346109349558827,False
final_input_token_layerwise,disclosed,k3,displayed_driver_outcome_slope,12,100.0,-9.545616729986217e-05,False
final_input_token_layerwise,disclosed,k3,displayed_driver_outcome_slope,13,100.0,0.00010527568329210535,False
final_input_token_layerwise,disclosed,k3,displayed_driver_outcome_slope,14,100.0,-0.0003117442439291296,False
final_input_token_layerwise,disclosed,k3,displayed_driver_outcome_slope,15,100.0,-0.0007769178593213522,False
final_input_token_layerwise,disclosed,k3,displayed_driver_outcome_slope,16,3.0,0.008948989153814951,False
final_input_token_layerwise,disclosed,k3,displayed_driver_outcome_slope,17,3.0,0.010653792786995742,False
final_input_token_layerwise,disclosed,k3,displayed_driver_outcome_slope,18,100.0,-0.0007358982329778441,False
final_input_token_layerwise,disclosed,k3,displayed_driver_outcome_slope,19,100.0,-0.0007713817799924749,False
final_input_token_layerwise,disclosed,k3,displayed_driver_outcome_slope,20,100.0,-0.001051959384954032,False
final_input_token_layerwise,disclosed,k3,displayed_driver_outcome_slope,21,100.0,-0.0010875999416055104,False
final_input_token_layerwise,disclosed,k3,displayed_driver_outcome_slope,22,100.0,-0.0011797964604487732,False
final_input_token_layerwise,disclosed,k3,displayed_driver_outcome_slope,23,100.0,-0.0009633180649334105,False
final_input_token_layerwise,disclosed,k3,displayed_driver_outcome_slope,24,100.0,-0.0011095139638803708,False
final_input_token_layerwise,disclosed,k3,displayed_driver_outcome_slope,25,100.0,-0.0010791778266356078,False
final_input_token_layerwise,disclosed,k3,displayed_driver_outcome_slope,26,100.0,-0.001077888019109241,False
final_input_token_layerwise,disclosed,k3,displayed_driver_outcome_slope,27,100.0,-0.0009319626162211103,False
final_input_token_layerwise,disclosed,k3,displayed_driver_outcome_slope,28,100.0,-0.0006700056074245286,False
final_input_token_layerwise,disclosed,k3,displayed_driver_outcome_slope,29,100.0,-0.0001591757439064756,False
final_input_token_layerwise,disclosed,k3,displayed_driver_outcome_slope,30,3.0,0.012955629360586973,False
final_input_token_layerwise,disclosed,k3,displayed_driver_outcome_slope,31,3.0,0.017599878465323626,False
final_input_token_layerwise,disclosed,k3,displayed_driver_outcome_slope,32,3.0,0.021522094883838494,True
final_input_token_layerwise,disclosed,k3,oracle_posterior_gain,0,0.0001,0.0,False
final_input_token_layerwise,disclosed,k3,oracle_posterior_gain,1,3.0,0.0018454272136623207,False
final_input_token_layerwise,disclosed,k3,oracle_posterior_gain,2,3.0,0.001737666822628492,False
final_input_token_layerwise,disclosed,k3,oracle_posterior_gain,3,100.0,-0.0017572968568549951,False
final_input_token_layerwise,disclosed,k3,oracle_posterior_gain,4,100.0,-0.0015578215277856633,False
final_input_token_layerwise,disclosed,k3,oracle_posterior_gain,5,100.0,-0.0009973686837719264,False
final_input_token_layerwise,disclosed,k3,oracle_posterior_gain,6,100.0,-0.001116613546236933,False
final_input_token_layerwise,disclosed,k3,oracle_posterior_gain,7,100.0,-0.0006259504172991814,False
final_input_token_layerwise,disclosed,k3,oracle_posterior_gain,8,100.0,-0.0004858119392018023,False
final_input_token_layerwise,disclosed,k3,oracle_posterior_gain,9,3.0,0.021025888005123422,False
final_input_token_layerwise,disclosed,k3,oracle_posterior_gain,10,3.0,0.018704798614315926,False
final_input_token_layerwise,disclosed,k3,oracle_posterior_gain,11,3.0,0.03270370149939891,False
final_input_token_layerwise,disclosed,k3,oracle_posterior_gain,12,3.0,0.04071149745349914,False
final_input_token_layerwise,disclosed,k3,oracle_posterior_gain,13,3.0,0.034982838166304764,False
final_input_token_layerwise,disclosed,k3,oracle_posterior_gain,14,3.0,0.07207879895387082,False
final_input_token_layerwise,disclosed,k3,oracle_posterior_gain,15,3.0,0.0917833921858783,False
final_input_token_layerwise,disclosed,k3,oracle_posterior_gain,16,3.0,0.17679035043840652,True
final_input_token_layerwise,disclosed,k3,oracle_posterior_gain,17,3.0,0.17422347643666392,False
final_input_token_layerwise,disclosed,k3,oracle_posterior_gain,18,3.0,0.14299918119752433,False
final_input_token_layerwise,disclosed,k3,oracle_posterior_gain,19,3.0,0.13934473262562153,False
final_input_token_layerwise,disclosed,k3,oracle_posterior_gain,20,3.0,0.12366462720026586,False
final_input_token_layerwise,disclosed,k3,oracle_posterior_gain,21,3.0,0.11097817336559468,False
final_input_token_layerwise,disclosed,k3,oracle_posterior_gain,22,3.0,0.10544827433011647,False
final_input_token_layerwise,disclosed,k3,oracle_posterior_gain,23,3.0,0.09625454937075772,False
final_input_token_layerwise,disclosed,k3,oracle_posterior_gain,24,3.0,0.10240273572219871,False
final_input_token_layerwise,disclosed,k3,oracle_posterior_gain,25,3.0,0.09775037588517974,False
final_input_token_layerwise,disclosed,k3,oracle_posterior_gain,26,3.0,0.0880203824998087,False
final_input_token_layerwise,disclosed,k3,oracle_posterior_gain,27,3.0,0.09455122218204501,False
final_input_token_layerwise,disclosed,k3,oracle_posterior_gain,28,3.0,0.10956292380846933,False
final_input_token_layerwise,disclosed,k3,oracle_posterior_gain,29,3.0,0.137119173770079,False
final_input_token_layerwise,disclosed,k3,oracle_posterior_gain,30,3.0,0.16744077821736736,False
final_input_token_layerwise,disclosed,k3,oracle_posterior_gain,31,3.0,0.17459887147315203,False
final_input_token_layerwise,disclosed,k3,oracle_posterior_gain,32,3.0,0.16799576359541868,False
final_input_token_layerwise,disclosed,k6,gain,0,0.0001,0.0,False
final_input_token_layerwise,disclosed,k6,gain,1,100.0,-8.848453707574477e-05,False
final_input_token_layerwise,disclosed,k6,gain,2,100.0,-0.00023680344120244334,False
final_input_token_layerwise,disclosed,k6,gain,3,100.0,-0.000232553213441844,False
final_input_token_layerwise,disclosed,k6,gain,4,100.0,-0.00041968643111664483,False
final_input_token_layerwise,disclosed,k6,gain,5,100.0,-0.0003476248604495913,False
final_input_token_layerwise,disclosed,k6,gain,6,100.0,-0.00021044423213317787,False
final_input_token_layerwise,disclosed,k6,gain,7,100.0,-0.0003411515666087439,False
final_input_token_layerwise,disclosed,k6,gain,8,100.0,2.8070286375220244e-05,False
final_input_token_layerwise,disclosed,k6,gain,9,3.0,0.00647746026029386,False
final_input_token_layerwise,disclosed,k6,gain,10,3.0,0.006649722146328668,False
final_input_token_layerwise,disclosed,k6,gain,11,3.0,0.004455174668751616,False
final_input_token_layerwise,disclosed,k6,gain,12,0.1,0.02239792862345588,False
final_input_token_layerwise,disclosed,k6,gain,13,3.0,0.0015551492670971,False
final_input_token_layerwise,disclosed,k6,gain,14,100.0,-8.727403049357818e-05,False
final_input_token_layerwise,disclosed,k6,gain,15,3.0,0.009465761530622924,False
final_input_token_layerwise,disclosed,k6,gain,16,3.0,0.06138413454900682,False
final_input_token_layerwise,disclosed,k6,gain,17,3.0,0.05465247516775312,False
final_input_token_layerwise,disclosed,k6,gain,18,3.0,0.047226055314226495,False
final_input_token_layerwise,disclosed,k6,gain,19,0.1,0.059892012300888364,False
final_input_token_layerwise,disclosed,k6,gain,20,0.1,0.09131591196887326,False
final_input_token_layerwise,disclosed,k6,gain,21,0.1,0.08586903599635001,False
final_input_token_layerwise,disclosed,k6,gain,22,0.1,0.09904264157944667,False
final_input_token_layerwise,disclosed,k6,gain,23,0.1,0.10559684576025904,False
final_input_token_layerwise,disclosed,k6,gain,24,0.1,0.10153686746456075,False
final_input_token_layerwise,disclosed,k6,gain,25,0.1,0.09632124533742861,False
final_input_token_layerwise,disclosed,k6,gain,26,0.1,0.10933415619791309,False
final_input_token_layerwise,disclosed,k6,gain,27,0.1,0.1023752767205417,False
final_input_token_layerwise,disclosed,k6,gain,28,0.1,0.1357621056140092,False
final_input_token_layerwise,disclosed,k6,gain,29,0.1,0.2173823467607229,True
final_input_token_layerwise,disclosed,k6,gain,30,0.1,0.20491222371140907,False
final_input_token_layerwise,disclosed,k6,gain,31,0.1,0.20339899863315972,False
final_input_token_layerwise,disclosed,k6,gain,32,0.1,0.20918648457557282,False
final_input_token_layerwise,disclosed,k6,response_residual,0,0.0001,-2.7755575615628914e-17,False
final_input_token_layerwise,disclosed,k6,response_residual,1,100.0,-3.832872948106303e-05,False
final_input_token_layerwise,disclosed,k6,response_residual,2,100.0,-0.00034153107053441767,False
final_input_token_layerwise,disclosed,k6,response_residual,3,100.0,7.400091204276538e-05,False
final_input_token_layerwise,disclosed,k6,response_residual,4,100.0,-0.0001791676572911738,False
final_input_token_layerwise,disclosed,k6,response_residual,5,100.0,-0.0001343278693796135,False
final_input_token_layerwise,disclosed,k6,response_residual,6,100.0,-4.0454698308461934e-05,False
final_input_token_layerwise,disclosed,k6,response_residual,7,100.0,-0.00026690562123773964,False
final_input_token_layerwise,disclosed,k6,response_residual,8,100.0,-4.376010621265358e-05,False
final_input_token_layerwise,disclosed,k6,response_residual,9,100.0,0.00018284547421712483,False
final_input_token_layerwise,disclosed,k6,response_residual,10,100.0,8.971284094053122e-05,False
final_input_token_layerwise,disclosed,k6,response_residual,11,100.0,0.00012185848683365919,False
final_input_token_layerwise,disclosed,k6,response_residual,12,3.0,0.00140601793161102,False
final_input_token_layerwise,disclosed,k6,response_residual,13,100.0,-0.00039667415108493587,False
final_input_token_layerwise,disclosed,k6,response_residual,14,100.0,-0.0005832395150925929,False
final_input_token_layerwise,disclosed,k6,response_residual,15,100.0,-0.0005792325980757684,False
final_input_token_layerwise,disclosed,k6,response_residual,16,3.0,0.02559561500524249,False
final_input_token_layerwise,disclosed,k6,response_residual,17,3.0,0.02054993168517319,False
final_input_token_layerwise,disclosed,k6,response_residual,18,3.0,0.01702190255588329,False
final_input_token_layerwise,disclosed,k6,response_residual,19,3.0,0.014846767047335091,False
final_input_token_layerwise,disclosed,k6,response_residual,20,3.0,0.01644635736405095,False
final_input_token_layerwise,disclosed,k6,response_residual,21,3.0,0.013962385305792635,False
final_input_token_layerwise,disclosed,k6,response_residual,22,3.0,0.02208895479188988,False
final_input_token_layerwise,disclosed,k6,response_residual,23,3.0,0.018963608533642068,False
final_input_token_layerwise,disclosed,k6,response_residual,24,3.0,0.021744565937754756,False
final_input_token_layerwise,disclosed,k6,response_residual,25,3.0,0.020636830614099877,False
final_input_token_layerwise,disclosed,k6,response_residual,26,3.0,0.025150503826259357,False
final_input_token_layerwise,disclosed,k6,response_residual,27,3.0,0.027299216955594036,False
final_input_token_layerwise,disclosed,k6,response_residual,28,3.0,0.03956028779252557,False
final_input_token_layerwise,disclosed,k6,response_residual,29,0.1,0.10358743743895588,False
final_input_token_layerwise,disclosed,k6,response_residual,30,0.1,0.11824550224622626,False
final_input_token_layerwise,disclosed,k6,response_residual,31,0.1,0.12900851990461382,False
final_input_token_layerwise,disclosed,k6,response_residual,32,0.1,0.1296979347365084,True
final_input_token_layerwise,disclosed,k6,last_target_observation,0,0.0001,-2.7755575615628914e-17,False
final_input_token_layerwise,disclosed,k6,last_target_observation,1,3.0,0.040427994152578,False
final_input_token_layerwise,disclosed,k6,last_target_observation,2,3.0,0.013558291128866667,False
final_input_token_layerwise,disclosed,k6,last_target_observation,3,3.0,0.02734967851851952,False
final_input_token_layerwise,disclosed,k6,last_target_observation,4,3.0,0.022677597094804047,False
final_input_token_layerwise,disclosed,k6,last_target_observation,5,3.0,0.021144387678156906,False
final_input_token_layerwise,disclosed,k6,last_target_observation,6,3.0,0.014784680806649075,False
final_input_token_layerwise,disclosed,k6,last_target_observation,7,100.0,0.0002956464031668715,False
final_input_token_layerwise,disclosed,k6,last_target_observation,8,3.0,0.005347549664697082,False
final_input_token_layerwise,disclosed,k6,last_target_observation,9,0.1,0.02012172631171899,False
final_input_token_layerwise,disclosed,k6,last_target_observation,10,0.1,0.03944605533097978,False
final_input_token_layerwise,disclosed,k6,last_target_observation,11,0.1,0.09025272500794787,False
final_input_token_layerwise,disclosed,k6,last_target_observation,12,3.0,0.004443992065679747,False
final_input_token_layerwise,disclosed,k6,last_target_observation,13,0.1,0.022032248802164783,False
final_input_token_layerwise,disclosed,k6,last_target_observation,14,0.1,0.04067230596727722,False
final_input_token_layerwise,disclosed,k6,last_target_observation,15,0.1,0.12425233296090651,True
final_input_token_layerwise,disclosed,k6,last_target_observation,16,0.1,0.011943631330253973,False
final_input_token_layerwise,disclosed,k6,last_target_observation,17,3.0,0.0022485195799681335,False
final_input_token_layerwise,disclosed,k6,last_target_observation,18,100.0,-0.0005057167512751426,False
final_input_token_layerwise,disclosed,k6,last_target_observation,19,100.0,-0.0004472664152126993,False
final_input_token_layerwise,disclosed,k6,last_target_observation,20,100.0,-0.0005400643120154758,False
final_input_token_layerwise,disclosed,k6,last_target_observation,21,100.0,-0.0002149063087172054,False
final_input_token_layerwise,disclosed,k6,last_target_observation,22,3.0,0.0024717201039171632,False
final_input_token_layerwise,disclosed,k6,last_target_observation,23,3.0,0.0034049519991053157,False
final_input_token_layerwise,disclosed,k6,last_target_observation,24,3.0,0.0010554345814712818,False
final_input_token_layerwise,disclosed,k6,last_target_observation,25,100.0,-3.398199309442851e-05,False
final_input_token_layerwise,disclosed,k6,last_target_observation,26,3.0,0.002445910944459395,False
final_input_token_layerwise,disclosed,k6,last_target_observation,27,3.0,0.0018810545961832348,False
final_input_token_layerwise,disclosed,k6,last_target_observation,28,3.0,0.004946766684585879,False
final_input_token_layerwise,disclosed,k6,last_target_observation,29,3.0,0.019681695546822614,False
final_input_token_layerwise,disclosed,k6,last_target_observation,30,3.0,0.02791513880499988,False
final_input_token_layerwise,disclosed,k6,last_target_observation,31,3.0,0.03200544226054866,False
final_input_token_layerwise,disclosed,k6,last_target_observation,32,3.0,0.03350164742669398,False
final_input_token_layerwise,disclosed,k6,target_observation_mean,0,0.0001,2.7755575615628914e-17,False
final_input_token_layerwise,disclosed,k6,target_observation_mean,1,0.1,0.04570995955031207,False
final_input_token_layerwise,disclosed,k6,target_observation_mean,2,3.0,0.0040427656708329485,False
final_input_token_layerwise,disclosed,k6,target_observation_mean,3,3.0,0.009873315954677914,False
final_input_token_layerwise,disclosed,k6,target_observation_mean,4,3.0,0.009484360033401584,False
final_input_token_layerwise,disclosed,k6,target_observation_mean,5,3.0,0.004483551075126324,False
final_input_token_layerwise,disclosed,k6,target_observation_mean,6,3.0,0.005455834958286249,False
final_input_token_layerwise,disclosed,k6,target_observation_mean,7,3.0,0.007164005520010119,False
final_input_token_layerwise,disclosed,k6,target_observation_mean,8,3.0,0.012462803427057578,False
final_input_token_layerwise,disclosed,k6,target_observation_mean,9,3.0,0.06119694571159545,False
final_input_token_layerwise,disclosed,k6,target_observation_mean,10,3.0,0.051082381983461544,False
final_input_token_layerwise,disclosed,k6,target_observation_mean,11,0.1,0.10586685580797814,False
final_input_token_layerwise,disclosed,k6,target_observation_mean,12,0.1,0.21164443787681814,False
final_input_token_layerwise,disclosed,k6,target_observation_mean,13,0.1,0.1330301676594162,False
final_input_token_layerwise,disclosed,k6,target_observation_mean,14,0.1,0.10878240458843452,False
final_input_token_layerwise,disclosed,k6,target_observation_mean,15,0.1,0.19313637819506055,False
final_input_token_layerwise,disclosed,k6,target_observation_mean,16,0.1,0.22858094918903898,False
final_input_token_layerwise,disclosed,k6,target_observation_mean,17,0.1,0.2370748693758573,False
final_input_token_layerwise,disclosed,k6,target_observation_mean,18,3.0,0.11457650005083048,False
final_input_token_layerwise,disclosed,k6,target_observation_mean,19,0.1,0.1708454070831899,False
final_input_token_layerwise,disclosed,k6,target_observation_mean,20,0.1,0.1656367227471911,False
final_input_token_layerwise,disclosed,k6,target_observation_mean,21,0.1,0.11817222397889271,False
final_input_token_layerwise,disclosed,k6,target_observation_mean,22,0.1,0.12124071474493761,False
final_input_token_layerwise,disclosed,k6,target_observation_mean,23,0.1,0.12059716371404172,False
final_input_token_layerwise,disclosed,k6,target_observation_mean,24,0.1,0.12877430217402294,False
final_input_token_layerwise,disclosed,k6,target_observation_mean,25,3.0,0.11497052032312371,False
final_input_token_layerwise,disclosed,k6,target_observation_mean,26,0.1,0.12987706234180543,False
final_input_token_layerwise,disclosed,k6,target_observation_mean,27,0.1,0.1626197149464223,False
final_input_token_layerwise,disclosed,k6,target_observation_mean,28,0.1,0.2000398539340368,False
final_input_token_layerwise,disclosed,k6,target_observation_mean,29,0.1,0.2810412008976062,False
final_input_token_layerwise,disclosed,k6,target_observation_mean,30,0.1,0.29584104587644644,False
final_input_token_layerwise,disclosed,k6,target_observation_mean,31,0.1,0.33913672674989165,False
final_input_token_layerwise,disclosed,k6,target_observation_mean,32,0.1,0.3987579168379068,True
final_input_token_layerwise,disclosed,k6,target_time_slope,0,0.0001,0.0,False
final_input_token_layerwise,disclosed,k6,target_time_slope,1,3.0,0.03057596869944801,False
final_input_token_layerwise,disclosed,k6,target_time_slope,2,3.0,0.007895572563699299,False
final_input_token_layerwise,disclosed,k6,target_time_slope,3,3.0,0.010625624690928787,False
final_input_token_layerwise,disclosed,k6,target_time_slope,4,3.0,0.0018304637601576634,False
final_input_token_layerwise,disclosed,k6,target_time_slope,5,3.0,0.004872558251274389,False
final_input_token_layerwise,disclosed,k6,target_time_slope,6,100.0,5.2884068611258606e-05,False
final_input_token_layerwise,disclosed,k6,target_time_slope,7,100.0,-0.0003726103240122014,False
final_input_token_layerwise,disclosed,k6,target_time_slope,8,100.0,-0.00027356650772927815,False
final_input_token_layerwise,disclosed,k6,target_time_slope,9,3.0,0.006509952893398202,False
final_input_token_layerwise,disclosed,k6,target_time_slope,10,100.0,-0.00013697082315644593,False
final_input_token_layerwise,disclosed,k6,target_time_slope,11,0.1,0.024806789154310782,False
final_input_token_layerwise,disclosed,k6,target_time_slope,12,0.1,0.017303779863160534,False
final_input_token_layerwise,disclosed,k6,target_time_slope,13,3.0,0.0003178023288006593,False
final_input_token_layerwise,disclosed,k6,target_time_slope,14,3.0,0.0037951239182779095,False
final_input_token_layerwise,disclosed,k6,target_time_slope,15,0.1,0.05126867106043831,True
final_input_token_layerwise,disclosed,k6,target_time_slope,16,0.1,0.043453278546145585,False
final_input_token_layerwise,disclosed,k6,target_time_slope,17,3.0,0.01570958582456708,False
final_input_token_layerwise,disclosed,k6,target_time_slope,18,100.0,-0.00044242934962840375,False
final_input_token_layerwise,disclosed,k6,target_time_slope,19,100.0,-0.0004789163753904646,False
final_input_token_layerwise,disclosed,k6,target_time_slope,20,100.0,-0.0002773890866235307,False
final_input_token_layerwise,disclosed,k6,target_time_slope,21,3.0,0.004724739923591431,False
final_input_token_layerwise,disclosed,k6,target_time_slope,22,3.0,0.007842425126772606,False
final_input_token_layerwise,disclosed,k6,target_time_slope,23,3.0,0.006630360633834292,False
final_input_token_layerwise,disclosed,k6,target_time_slope,24,3.0,0.013709556021041874,False
final_input_token_layerwise,disclosed,k6,target_time_slope,25,3.0,0.014275455443490626,False
final_input_token_layerwise,disclosed,k6,target_time_slope,26,3.0,0.016847780743825924,False
final_input_token_layerwise,disclosed,k6,target_time_slope,27,3.0,0.017210460784450182,False
final_input_token_layerwise,disclosed,k6,target_time_slope,28,3.0,0.0192449213766549,False
final_input_token_layerwise,disclosed,k6,target_time_slope,29,3.0,0.02716815464570871,False
final_input_token_layerwise,disclosed,k6,target_time_slope,30,3.0,0.02424078476563607,False
final_input_token_layerwise,disclosed,k6,target_time_slope,31,3.0,0.02624008980424894,False
final_input_token_layerwise,disclosed,k6,target_time_slope,32,0.1,0.02673874935100151,False
final_input_token_layerwise,disclosed,k6,displayed_driver_outcome_slope,0,0.0001,-5.551115123125783e-17,False
final_input_token_layerwise,disclosed,k6,displayed_driver_outcome_slope,1,100.0,-0.00018155620717505427,False
final_input_token_layerwise,disclosed,k6,displayed_driver_outcome_slope,2,100.0,-0.00032180106337981185,False
final_input_token_layerwise,disclosed,k6,displayed_driver_outcome_slope,3,100.0,0.00025739472649544126,False
final_input_token_layerwise,disclosed,k6,displayed_driver_outcome_slope,4,3.0,0.0026397975046990596,False
final_input_token_layerwise,disclosed,k6,displayed_driver_outcome_slope,5,100.0,0.00017547063711112476,False
final_input_token_layerwise,disclosed,k6,displayed_driver_outcome_slope,6,100.0,0.00026312057278263246,False
final_input_token_layerwise,disclosed,k6,displayed_driver_outcome_slope,7,100.0,0.00013329142683227158,False
final_input_token_layerwise,disclosed,k6,displayed_driver_outcome_slope,8,3.0,0.019970038289400138,False
final_input_token_layerwise,disclosed,k6,displayed_driver_outcome_slope,9,3.0,0.026530661626233326,False
final_input_token_layerwise,disclosed,k6,displayed_driver_outcome_slope,10,3.0,0.02787340119103629,False
final_input_token_layerwise,disclosed,k6,displayed_driver_outcome_slope,11,3.0,0.019703957566441443,False
final_input_token_layerwise,disclosed,k6,displayed_driver_outcome_slope,12,3.0,0.012526176479380868,False
final_input_token_layerwise,disclosed,k6,displayed_driver_outcome_slope,13,3.0,0.019697162447224997,False
final_input_token_layerwise,disclosed,k6,displayed_driver_outcome_slope,14,3.0,0.03603783601472538,False
final_input_token_layerwise,disclosed,k6,displayed_driver_outcome_slope,15,3.0,0.044384880514656444,True
final_input_token_layerwise,disclosed,k6,displayed_driver_outcome_slope,16,3.0,0.03007138718294719,False
final_input_token_layerwise,disclosed,k6,displayed_driver_outcome_slope,17,3.0,0.021166386618591826,False
final_input_token_layerwise,disclosed,k6,displayed_driver_outcome_slope,18,3.0,0.0025960230600668988,False
final_input_token_layerwise,disclosed,k6,displayed_driver_outcome_slope,19,100.0,9.654087239630016e-06,False
final_input_token_layerwise,disclosed,k6,displayed_driver_outcome_slope,20,3.0,0.0018139660892781684,False
final_input_token_layerwise,disclosed,k6,displayed_driver_outcome_slope,21,3.0,0.0002453096404111954,False
final_input_token_layerwise,disclosed,k6,displayed_driver_outcome_slope,22,100.0,-8.09228867681977e-05,False
final_input_token_layerwise,disclosed,k6,displayed_driver_outcome_slope,23,3.0,0.003068601693278661,False
final_input_token_layerwise,disclosed,k6,displayed_driver_outcome_slope,24,100.0,-0.00030061527249738984,False
final_input_token_layerwise,disclosed,k6,displayed_driver_outcome_slope,25,3.0,0.0016359281558946392,False
final_input_token_layerwise,disclosed,k6,displayed_driver_outcome_slope,26,3.0,0.0005606816966715611,False
final_input_token_layerwise,disclosed,k6,displayed_driver_outcome_slope,27,3.0,0.0022390875718659164,False
final_input_token_layerwise,disclosed,k6,displayed_driver_outcome_slope,28,3.0,0.00888732100893852,False
final_input_token_layerwise,disclosed,k6,displayed_driver_outcome_slope,29,3.0,0.02094430624058008,False
final_input_token_layerwise,disclosed,k6,displayed_driver_outcome_slope,30,3.0,0.030112472420292385,False
final_input_token_layerwise,disclosed,k6,displayed_driver_outcome_slope,31,3.0,0.02859085957373733,False
final_input_token_layerwise,disclosed,k6,displayed_driver_outcome_slope,32,3.0,0.028481164021892824,False
final_input_token_layerwise,disclosed,k6,oracle_posterior_gain,0,0.0001,-5.551115123125783e-17,False
final_input_token_layerwise,disclosed,k6,oracle_posterior_gain,1,3.0,0.0016071466981382176,False
final_input_token_layerwise,disclosed,k6,oracle_posterior_gain,2,3.0,0.0007315400953003259,False
final_input_token_layerwise,disclosed,k6,oracle_posterior_gain,3,100.0,-0.0006890724844642593,False
final_input_token_layerwise,disclosed,k6,oracle_posterior_gain,4,100.0,-0.00017603120719750232,False
final_input_token_layerwise,disclosed,k6,oracle_posterior_gain,5,100.0,-0.0001301591989946449,False
final_input_token_layerwise,disclosed,k6,oracle_posterior_gain,6,100.0,-0.0005331944054710602,False
final_input_token_layerwise,disclosed,k6,oracle_posterior_gain,7,100.0,-0.00041411755756876056,False
final_input_token_layerwise,disclosed,k6,oracle_posterior_gain,8,100.0,-0.00011562973140133437,False
final_input_token_layerwise,disclosed,k6,oracle_posterior_gain,9,3.0,0.012787523273584789,False
final_input_token_layerwise,disclosed,k6,oracle_posterior_gain,10,3.0,0.02201870051431276,False
final_input_token_layerwise,disclosed,k6,oracle_posterior_gain,11,3.0,0.022678471288365337,False
final_input_token_layerwise,disclosed,k6,oracle_posterior_gain,12,0.1,0.089094346717281,False
final_input_token_layerwise,disclosed,k6,oracle_posterior_gain,13,3.0,0.011560200694858191,False
final_input_token_layerwise,disclosed,k6,oracle_posterior_gain,14,0.1,0.016618590558880736,False
final_input_token_layerwise,disclosed,k6,oracle_posterior_gain,15,3.0,0.04106070652586155,False
final_input_token_layerwise,disclosed,k6,oracle_posterior_gain,16,0.1,0.13766444324114066,False
final_input_token_layerwise,disclosed,k6,oracle_posterior_gain,17,3.0,0.09995992409623561,False
final_input_token_layerwise,disclosed,k6,oracle_posterior_gain,18,3.0,0.08986792854543046,False
final_input_token_layerwise,disclosed,k6,oracle_posterior_gain,19,3.0,0.09047632418558141,False
final_input_token_layerwise,disclosed,k6,oracle_posterior_gain,20,0.1,0.10884712817241532,False
final_input_token_layerwise,disclosed,k6,oracle_posterior_gain,21,0.1,0.11088160382733286,False
final_input_token_layerwise,disclosed,k6,oracle_posterior_gain,22,0.1,0.10996644349892296,False
final_input_token_layerwise,disclosed,k6,oracle_posterior_gain,23,0.1,0.10990684027663425,False
final_input_token_layerwise,disclosed,k6,oracle_posterior_gain,24,0.1,0.10564361855342053,False
final_input_token_layerwise,disclosed,k6,oracle_posterior_gain,25,0.1,0.10913904307817562,False
final_input_token_layerwise,disclosed,k6,oracle_posterior_gain,26,0.1,0.15326139131401062,False
final_input_token_layerwise,disclosed,k6,oracle_posterior_gain,27,0.1,0.13874604773571397,False
final_input_token_layerwise,disclosed,k6,oracle_posterior_gain,28,0.1,0.1789038621345379,False
final_input_token_layerwise,disclosed,k6,oracle_posterior_gain,29,0.1,0.3013426165911186,True
final_input_token_layerwise,disclosed,k6,oracle_posterior_gain,30,0.1,0.3002478016035286,False
final_input_token_layerwise,disclosed,k6,oracle_posterior_gain,31,0.1,0.27545680760305247,False
final_input_token_layerwise,disclosed,k6,oracle_posterior_gain,32,0.1,0.25958772163848665,False
final_input_token_layerwise,disclosed,k9,gain,0,0.0001,0.0,False
final_input_token_layerwise,disclosed,k9,gain,1,100.0,-0.00010359267225235058,False
final_input_token_layerwise,disclosed,k9,gain,2,100.0,-0.00036876203806546215,False
final_input_token_layerwise,disclosed,k9,gain,3,100.0,-0.0006728621176074756,False
final_input_token_layerwise,disclosed,k9,gain,4,100.0,-0.0005293626218790815,False
final_input_token_layerwise,disclosed,k9,gain,5,100.0,-0.0004765981415882914,False
final_input_token_layerwise,disclosed,k9,gain,6,100.0,-3.642394378636227e-05,False
final_input_token_layerwise,disclosed,k9,gain,7,100.0,-9.673214146854736e-05,False
final_input_token_layerwise,disclosed,k9,gain,8,100.0,-0.0002967896118443447,False
final_input_token_layerwise,disclosed,k9,gain,9,100.0,-0.00019691979723751585,False
final_input_token_layerwise,disclosed,k9,gain,10,0.1,0.008695701361648017,False
final_input_token_layerwise,disclosed,k9,gain,11,3.0,0.003556268999224843,False
final_input_token_layerwise,disclosed,k9,gain,12,3.0,0.004708408063430092,False
final_input_token_layerwise,disclosed,k9,gain,13,3.0,0.010887029166564227,False
final_input_token_layerwise,disclosed,k9,gain,14,3.0,0.01937192285959688,False
final_input_token_layerwise,disclosed,k9,gain,15,0.1,0.04067633091901082,False
final_input_token_layerwise,disclosed,k9,gain,16,0.1,0.11964911144724277,False
final_input_token_layerwise,disclosed,k9,gain,17,3.0,0.05409400066838266,False
final_input_token_layerwise,disclosed,k9,gain,18,0.1,0.08280606176922695,False
final_input_token_layerwise,disclosed,k9,gain,19,3.0,0.05177544671738027,False
final_input_token_layerwise,disclosed,k9,gain,20,3.0,0.04812551574205354,False
final_input_token_layerwise,disclosed,k9,gain,21,3.0,0.04460512314081572,False
final_input_token_layerwise,disclosed,k9,gain,22,3.0,0.05329929783988446,False
final_input_token_layerwise,disclosed,k9,gain,23,0.1,0.05609377287825637,False
final_input_token_layerwise,disclosed,k9,gain,24,3.0,0.056062315099114884,False
final_input_token_layerwise,disclosed,k9,gain,25,0.1,0.05378528299592275,False
final_input_token_layerwise,disclosed,k9,gain,26,0.1,0.05210812379434446,False
final_input_token_layerwise,disclosed,k9,gain,27,0.1,0.10955527272718277,False
final_input_token_layerwise,disclosed,k9,gain,28,0.1,0.10659250168327661,False
final_input_token_layerwise,disclosed,k9,gain,29,0.1,0.25580438073928247,False
final_input_token_layerwise,disclosed,k9,gain,30,0.1,0.2691395831775507,False
final_input_token_layerwise,disclosed,k9,gain,31,0.1,0.2857811219375568,False
final_input_token_layerwise,disclosed,k9,gain,32,0.1,0.3020970363821021,True
final_input_token_layerwise,disclosed,k9,response_residual,0,0.0001,-2.7755575615628914e-17,False
final_input_token_layerwise,disclosed,k9,response_residual,1,100.0,-6.15983205915771e-05,False
final_input_token_layerwise,disclosed,k9,response_residual,2,100.0,-0.00026389433785897753,False
final_input_token_layerwise,disclosed,k9,response_residual,3,100.0,-0.0007547886205314103,False
final_input_token_layerwise,disclosed,k9,response_residual,4,100.0,-0.0005732045736644986,False
final_input_token_layerwise,disclosed,k9,response_residual,5,100.0,-0.000398059054518507,False
final_input_token_layerwise,disclosed,k9,response_residual,6,100.0,-3.153432582425619e-05,False
final_input_token_layerwise,disclosed,k9,response_residual,7,100.0,-0.00015026757005615066,False
final_input_token_layerwise,disclosed,k9,response_residual,8,100.0,-0.00041462058175548155,False
final_input_token_layerwise,disclosed,k9,response_residual,9,100.0,-0.00021645786821586355,False
final_input_token_layerwise,disclosed,k9,response_residual,10,100.0,-0.00028880270246134376,False
final_input_token_layerwise,disclosed,k9,response_residual,11,100.0,-3.651533361054282e-05,False
final_input_token_layerwise,disclosed,k9,response_residual,12,100.0,-9.638254165142413e-05,False
final_input_token_layerwise,disclosed,k9,response_residual,13,100.0,-0.0002643121361256273,False
final_input_token_layerwise,disclosed,k9,response_residual,14,100.0,0.00013828317300323967,False
final_input_token_layerwise,disclosed,k9,response_residual,15,3.0,0.006136467282039315,False
final_input_token_layerwise,disclosed,k9,response_residual,16,3.0,0.03531054716511778,False
final_input_token_layerwise,disclosed,k9,response_residual,17,3.0,0.023867735767327397,False
final_input_token_layerwise,disclosed,k9,response_residual,18,3.0,0.03362181181105936,False
final_input_token_layerwise,disclosed,k9,response_residual,19,3.0,0.029557875043540238,False
final_input_token_layerwise,disclosed,k9,response_residual,20,3.0,0.028711908284962923,False
final_input_token_layerwise,disclosed,k9,response_residual,21,3.0,0.026200250943686443,False
final_input_token_layerwise,disclosed,k9,response_residual,22,3.0,0.035522687639922085,False
final_input_token_layerwise,disclosed,k9,response_residual,23,3.0,0.0346847222794508,False
final_input_token_layerwise,disclosed,k9,response_residual,24,3.0,0.0371757439114318,False
final_input_token_layerwise,disclosed,k9,response_residual,25,3.0,0.030998009573941637,False
final_input_token_layerwise,disclosed,k9,response_residual,26,3.0,0.03415105319944245,False
final_input_token_layerwise,disclosed,k9,response_residual,27,0.1,0.04552059788635118,False
final_input_token_layerwise,disclosed,k9,response_residual,28,3.0,0.04028186637931544,False
final_input_token_layerwise,disclosed,k9,response_residual,29,0.1,0.17149553091968142,False
final_input_token_layerwise,disclosed,k9,response_residual,30,0.1,0.19708272600300966,False
final_input_token_layerwise,disclosed,k9,response_residual,31,0.1,0.20752678175753647,False
final_input_token_layerwise,disclosed,k9,response_residual,32,0.1,0.2266377261994269,True
final_input_token_layerwise,disclosed,k9,last_target_observation,0,0.0001,1.3877787807814457e-16,False
final_input_token_layerwise,disclosed,k9,last_target_observation,1,3.0,0.007062058315929237,False
final_input_token_layerwise,disclosed,k9,last_target_observation,2,3.0,0.0017005061428110313,False
final_input_token_layerwise,disclosed,k9,last_target_observation,3,3.0,0.05221544302455855,False
final_input_token_layerwise,disclosed,k9,last_target_observation,4,3.0,0.05296175982242013,False
final_input_token_layerwise,disclosed,k9,last_target_observation,5,3.0,0.045275123483232316,False
final_input_token_layerwise,disclosed,k9,last_target_observation,6,3.0,0.04610976059766286,False
final_input_token_layerwise,disclosed,k9,last_target_observation,7,3.0,0.035983523025199166,False
final_input_token_layerwise,disclosed,k9,last_target_observation,8,3.0,0.021610729840508824,False
final_input_token_layerwise,disclosed,k9,last_target_observation,9,3.0,0.02468268968111839,False
final_input_token_layerwise,disclosed,k9,last_target_observation,10,3.0,0.012002772849733223,False
final_input_token_layerwise,disclosed,k9,last_target_observation,11,3.0,0.013011868005219973,False
final_input_token_layerwise,disclosed,k9,last_target_observation,12,3.0,0.0034930876096092023,False
final_input_token_layerwise,disclosed,k9,last_target_observation,13,3.0,0.004464090738413917,False
final_input_token_layerwise,disclosed,k9,last_target_observation,14,100.0,-0.00014030287828670218,False
final_input_token_layerwise,disclosed,k9,last_target_observation,15,100.0,-4.1216274643929296e-05,False
final_input_token_layerwise,disclosed,k9,last_target_observation,16,3.0,0.005751373527927928,False
final_input_token_layerwise,disclosed,k9,last_target_observation,17,100.0,0.0004816530551851328,False
final_input_token_layerwise,disclosed,k9,last_target_observation,18,3.0,0.026256889915434956,False
final_input_token_layerwise,disclosed,k9,last_target_observation,19,3.0,0.030664978904257872,False
final_input_token_layerwise,disclosed,k9,last_target_observation,20,3.0,0.019435486713588995,False
final_input_token_layerwise,disclosed,k9,last_target_observation,21,3.0,0.018949396813381925,False
final_input_token_layerwise,disclosed,k9,last_target_observation,22,3.0,0.024061091783762978,False
final_input_token_layerwise,disclosed,k9,last_target_observation,23,3.0,0.02101993077902531,False
final_input_token_layerwise,disclosed,k9,last_target_observation,24,3.0,0.016319407086570453,False
final_input_token_layerwise,disclosed,k9,last_target_observation,25,3.0,0.020085622603539438,False
final_input_token_layerwise,disclosed,k9,last_target_observation,26,3.0,0.01674027361077679,False
final_input_token_layerwise,disclosed,k9,last_target_observation,27,3.0,0.02357653412640598,False
final_input_token_layerwise,disclosed,k9,last_target_observation,28,3.0,0.024938509075815157,False
final_input_token_layerwise,disclosed,k9,last_target_observation,29,3.0,0.051342595503807265,False
final_input_token_layerwise,disclosed,k9,last_target_observation,30,3.0,0.05414965191397009,True
final_input_token_layerwise,disclosed,k9,last_target_observation,31,3.0,0.052994656049668715,False
final_input_token_layerwise,disclosed,k9,last_target_observation,32,3.0,0.050498363168510446,False
final_input_token_layerwise,disclosed,k9,target_observation_mean,0,0.0001,3.885780586188048e-16,False
final_input_token_layerwise,disclosed,k9,target_observation_mean,1,3.0,0.014130624810191644,False
final_input_token_layerwise,disclosed,k9,target_observation_mean,2,0.1,0.03465983596175673,False
final_input_token_layerwise,disclosed,k9,target_observation_mean,3,0.1,0.025334427285068573,False
final_input_token_layerwise,disclosed,k9,target_observation_mean,4,3.0,0.00914223252000862,False
final_input_token_layerwise,disclosed,k9,target_observation_mean,5,100.0,-6.475018722684744e-05,False
final_input_token_layerwise,disclosed,k9,target_observation_mean,6,3.0,0.0048386041785872524,False
final_input_token_layerwise,disclosed,k9,target_observation_mean,7,3.0,0.003520127250747518,False
final_input_token_layerwise,disclosed,k9,target_observation_mean,8,100.0,7.763626613069285e-05,False
final_input_token_layerwise,disclosed,k9,target_observation_mean,9,3.0,0.0012200532832239708,False
final_input_token_layerwise,disclosed,k9,target_observation_mean,10,100.0,-0.0004890360042228425,False
final_input_token_layerwise,disclosed,k9,target_observation_mean,11,3.0,0.0013308469645539056,False
final_input_token_layerwise,disclosed,k9,target_observation_mean,12,3.0,0.0010854102564608614,False
final_input_token_layerwise,disclosed,k9,target_observation_mean,13,100.0,-5.1281086914323204e-05,False
final_input_token_layerwise,disclosed,k9,target_observation_mean,14,100.0,-1.24846707324211e-05,False
final_input_token_layerwise,disclosed,k9,target_observation_mean,15,3.0,0.022157170139715493,False
final_input_token_layerwise,disclosed,k9,target_observation_mean,16,3.0,0.07740997634616723,False
final_input_token_layerwise,disclosed,k9,target_observation_mean,17,3.0,0.06976836370275774,False
final_input_token_layerwise,disclosed,k9,target_observation_mean,18,3.0,0.06641578944350018,False
final_input_token_layerwise,disclosed,k9,target_observation_mean,19,3.0,0.054143462709501905,False
final_input_token_layerwise,disclosed,k9,target_observation_mean,20,3.0,0.05199127709944673,False
final_input_token_layerwise,disclosed,k9,target_observation_mean,21,0.1,0.0640911132881363,False
final_input_token_layerwise,disclosed,k9,target_observation_mean,22,0.1,0.10445053800491935,False
final_input_token_layerwise,disclosed,k9,target_observation_mean,23,0.1,0.13258738617841426,False
final_input_token_layerwise,disclosed,k9,target_observation_mean,24,0.1,0.09737771477594906,False
final_input_token_layerwise,disclosed,k9,target_observation_mean,25,0.1,0.12910631208092505,False
final_input_token_layerwise,disclosed,k9,target_observation_mean,26,0.1,0.11717361700415443,False
final_input_token_layerwise,disclosed,k9,target_observation_mean,27,0.1,0.15312047569492182,False
final_input_token_layerwise,disclosed,k9,target_observation_mean,28,0.1,0.15698329207964748,False
final_input_token_layerwise,disclosed,k9,target_observation_mean,29,0.1,0.30790869581191876,False
final_input_token_layerwise,disclosed,k9,target_observation_mean,30,0.1,0.3415831674092129,False
final_input_token_layerwise,disclosed,k9,target_observation_mean,31,0.1,0.3281089011142295,False
final_input_token_layerwise,disclosed,k9,target_observation_mean,32,0.1,0.3519315576282024,True
final_input_token_layerwise,disclosed,k9,target_time_slope,0,0.0001,0.0,False
final_input_token_layerwise,disclosed,k9,target_time_slope,1,3.0,0.0005668500928091291,False
final_input_token_layerwise,disclosed,k9,target_time_slope,2,3.0,0.012646607449195935,False
final_input_token_layerwise,disclosed,k9,target_time_slope,3,3.0,0.022421615526320854,False
final_input_token_layerwise,disclosed,k9,target_time_slope,4,3.0,0.01767452252803528,False
final_input_token_layerwise,disclosed,k9,target_time_slope,5,3.0,0.01405298579254008,False
final_input_token_layerwise,disclosed,k9,target_time_slope,6,3.0,0.022438898423735226,False
final_input_token_layerwise,disclosed,k9,target_time_slope,7,3.0,0.011577683948888251,False
final_input_token_layerwise,disclosed,k9,target_time_slope,8,3.0,0.011439068880907455,False
final_input_token_layerwise,disclosed,k9,target_time_slope,9,3.0,0.035636099914347824,False
final_input_token_layerwise,disclosed,k9,target_time_slope,10,3.0,0.010510874361620515,False
final_input_token_layerwise,disclosed,k9,target_time_slope,11,3.0,0.024424368629277687,False
final_input_token_layerwise,disclosed,k9,target_time_slope,12,3.0,0.03858328448908316,False
final_input_token_layerwise,disclosed,k9,target_time_slope,13,3.0,0.03501155966648381,False
final_input_token_layerwise,disclosed,k9,target_time_slope,14,3.0,0.028050706904274136,False
final_input_token_layerwise,disclosed,k9,target_time_slope,15,3.0,0.04406586475275881,False
final_input_token_layerwise,disclosed,k9,target_time_slope,16,3.0,0.06158757815307861,False
final_input_token_layerwise,disclosed,k9,target_time_slope,17,3.0,0.05348608229686791,False
final_input_token_layerwise,disclosed,k9,target_time_slope,18,3.0,0.07736690281691441,False
final_input_token_layerwise,disclosed,k9,target_time_slope,19,0.1,0.1068892774436298,True
final_input_token_layerwise,disclosed,k9,target_time_slope,20,3.0,0.07739918764449857,False
final_input_token_layerwise,disclosed,k9,target_time_slope,21,3.0,0.0748183427359227,False
final_input_token_layerwise,disclosed,k9,target_time_slope,22,3.0,0.08225964852629233,False
final_input_token_layerwise,disclosed,k9,target_time_slope,23,3.0,0.07266967912423336,False
final_input_token_layerwise,disclosed,k9,target_time_slope,24,3.0,0.06862983693198593,False
final_input_token_layerwise,disclosed,k9,target_time_slope,25,3.0,0.06939154759556079,False
final_input_token_layerwise,disclosed,k9,target_time_slope,26,3.0,0.06666812073327377,False
final_input_token_layerwise,disclosed,k9,target_time_slope,27,3.0,0.06831386327324701,False
final_input_token_layerwise,disclosed,k9,target_time_slope,28,0.1,0.08762268214379829,False
final_input_token_layerwise,disclosed,k9,target_time_slope,29,3.0,0.05495907555364757,False
final_input_token_layerwise,disclosed,k9,target_time_slope,30,3.0,0.041826731280936086,False
final_input_token_layerwise,disclosed,k9,target_time_slope,31,0.1,0.047270830238612754,False
final_input_token_layerwise,disclosed,k9,target_time_slope,32,3.0,0.03223016585175831,False
final_input_token_layerwise,disclosed,k9,displayed_driver_outcome_slope,0,0.0001,-1.1102230246251565e-16,False
final_input_token_layerwise,disclosed,k9,displayed_driver_outcome_slope,1,3.0,0.000873415637197561,False
final_input_token_layerwise,disclosed,k9,displayed_driver_outcome_slope,2,3.0,0.00020102542962441294,False
final_input_token_layerwise,disclosed,k9,displayed_driver_outcome_slope,3,100.0,-0.000143694325256849,False
final_input_token_layerwise,disclosed,k9,displayed_driver_outcome_slope,4,100.0,-0.0001859594762643746,False
final_input_token_layerwise,disclosed,k9,displayed_driver_outcome_slope,5,100.0,-0.0002326880434605494,False
final_input_token_layerwise,disclosed,k9,displayed_driver_outcome_slope,6,3.0,0.0007079253904456462,False
final_input_token_layerwise,disclosed,k9,displayed_driver_outcome_slope,7,100.0,-0.0002520491423837201,False
final_input_token_layerwise,disclosed,k9,displayed_driver_outcome_slope,8,100.0,-0.00041610937743513654,False
final_input_token_layerwise,disclosed,k9,displayed_driver_outcome_slope,9,100.0,-0.0003367263809795906,False
final_input_token_layerwise,disclosed,k9,displayed_driver_outcome_slope,10,100.0,-0.0009638342398381461,False
final_input_token_layerwise,disclosed,k9,displayed_driver_outcome_slope,11,100.0,-0.0005893366378479648,False
final_input_token_layerwise,disclosed,k9,displayed_driver_outcome_slope,12,100.0,-0.001211432205362184,False
final_input_token_layerwise,disclosed,k9,displayed_driver_outcome_slope,13,100.0,-0.0024326531913551053,False
final_input_token_layerwise,disclosed,k9,displayed_driver_outcome_slope,14,100.0,-0.0015368071616069512,False
final_input_token_layerwise,disclosed,k9,displayed_driver_outcome_slope,15,3.0,0.0019232621603832711,False
final_input_token_layerwise,disclosed,k9,displayed_driver_outcome_slope,16,3.0,0.01616928663181924,False
final_input_token_layerwise,disclosed,k9,displayed_driver_outcome_slope,17,3.0,0.021519954073712516,False
final_input_token_layerwise,disclosed,k9,displayed_driver_outcome_slope,18,3.0,0.03053662222068315,False
final_input_token_layerwise,disclosed,k9,displayed_driver_outcome_slope,19,3.0,0.022009284284570885,False
final_input_token_layerwise,disclosed,k9,displayed_driver_outcome_slope,20,3.0,0.026219722565764075,False
final_input_token_layerwise,disclosed,k9,displayed_driver_outcome_slope,21,3.0,0.022621306194586077,False
final_input_token_layerwise,disclosed,k9,displayed_driver_outcome_slope,22,3.0,0.026294130912713515,False
final_input_token_layerwise,disclosed,k9,displayed_driver_outcome_slope,23,3.0,0.027409208902340693,False
final_input_token_layerwise,disclosed,k9,displayed_driver_outcome_slope,24,3.0,0.02064745201264101,False
final_input_token_layerwise,disclosed,k9,displayed_driver_outcome_slope,25,3.0,0.0223205923432232,False
final_input_token_layerwise,disclosed,k9,displayed_driver_outcome_slope,26,3.0,0.02332296646563689,False
final_input_token_layerwise,disclosed,k9,displayed_driver_outcome_slope,27,3.0,0.02811855458742682,False
final_input_token_layerwise,disclosed,k9,displayed_driver_outcome_slope,28,3.0,0.025888295832341174,False
final_input_token_layerwise,disclosed,k9,displayed_driver_outcome_slope,29,3.0,0.0651396406870342,False
final_input_token_layerwise,disclosed,k9,displayed_driver_outcome_slope,30,3.0,0.07564610849891223,False
final_input_token_layerwise,disclosed,k9,displayed_driver_outcome_slope,31,3.0,0.07523076725215058,False
final_input_token_layerwise,disclosed,k9,displayed_driver_outcome_slope,32,0.1,0.11028501915579261,True
final_input_token_layerwise,disclosed,k9,oracle_posterior_gain,0,0.0001,0.0,False
final_input_token_layerwise,disclosed,k9,oracle_posterior_gain,1,100.0,-5.4939647450402695e-05,False
final_input_token_layerwise,disclosed,k9,oracle_posterior_gain,2,100.0,-6.59408131992445e-05,False
final_input_token_layerwise,disclosed,k9,oracle_posterior_gain,3,100.0,-8.017934076443023e-05,False
final_input_token_layerwise,disclosed,k9,oracle_posterior_gain,4,100.0,0.0001601390945111525,False
final_input_token_layerwise,disclosed,k9,oracle_posterior_gain,5,100.0,-0.00014851846303146066,False
final_input_token_layerwise,disclosed,k9,oracle_posterior_gain,6,3.0,0.002154354270424874,False
final_input_token_layerwise,disclosed,k9,oracle_posterior_gain,7,3.0,0.009112212488887078,False
final_input_token_layerwise,disclosed,k9,oracle_posterior_gain,8,100.0,3.696393001417775e-05,False
final_input_token_layerwise,disclosed,k9,oracle_posterior_gain,9,100.0,1.7924226073551264e-05,False
final_input_token_layerwise,disclosed,k9,oracle_posterior_gain,10,100.0,-0.0004861822648737635,False
final_input_token_layerwise,disclosed,k9,oracle_posterior_gain,11,100.0,-0.00029531975682334233,False
final_input_token_layerwise,disclosed,k9,oracle_posterior_gain,12,100.0,-0.0002795476454741652,False
final_input_token_layerwise,disclosed,k9,oracle_posterior_gain,13,3.0,0.006480572331265616,False
final_input_token_layerwise,disclosed,k9,oracle_posterior_gain,14,3.0,0.020557910685274378,False
final_input_token_layerwise,disclosed,k9,oracle_posterior_gain,15,3.0,0.05893550700900757,False
final_input_token_layerwise,disclosed,k9,oracle_posterior_gain,16,0.1,0.1521245440227236,False
final_input_token_layerwise,disclosed,k9,oracle_posterior_gain,17,0.1,0.09602777541551716,False
final_input_token_layerwise,disclosed,k9,oracle_posterior_gain,18,0.1,0.10881936140162352,False
final_input_token_layerwise,disclosed,k9,oracle_posterior_gain,19,0.1,0.10971300874728834,False
final_input_token_layerwise,disclosed,k9,oracle_posterior_gain,20,0.1,0.08690047027358169,False
final_input_token_layerwise,disclosed,k9,oracle_posterior_gain,21,0.1,0.1303384403556058,False
final_input_token_layerwise,disclosed,k9,oracle_posterior_gain,22,0.1,0.1516567034412449,False
final_input_token_layerwise,disclosed,k9,oracle_posterior_gain,23,0.1,0.1606048399350702,False
final_input_token_layerwise,disclosed,k9,oracle_posterior_gain,24,0.1,0.16015294056018697,False
final_input_token_layerwise,disclosed,k9,oracle_posterior_gain,25,0.1,0.1765413080637004,False
final_input_token_layerwise,disclosed,k9,oracle_posterior_gain,26,0.1,0.18008321033559319,False
final_input_token_layerwise,disclosed,k9,oracle_posterior_gain,27,0.1,0.19774478796850128,False
final_input_token_layerwise,disclosed,k9,oracle_posterior_gain,28,0.1,0.20245311330197455,False
final_input_token_layerwise,disclosed,k9,oracle_posterior_gain,29,0.1,0.3330703590751311,False
final_input_token_layerwise,disclosed,k9,oracle_posterior_gain,30,0.1,0.3347040045197621,False
final_input_token_layerwise,disclosed,k9,oracle_posterior_gain,31,0.1,0.3387079666757481,False
final_input_token_layerwise,disclosed,k9,oracle_posterior_gain,32,0.1,0.35410885422201666,True
final_input_token_layerwise,disclosed,pooled,gain,0,0.0001,0.0,False
final_input_token_layerwise,disclosed,pooled,gain,1,100.0,-0.003380252628571121,False
final_input_token_layerwise,disclosed,pooled,gain,2,100.0,-0.002179367688900915,False
final_input_token_layerwise,disclosed,pooled,gain,3,100.0,-0.006921829174614887,False
final_input_token_layerwise,disclosed,pooled,gain,4,100.0,-0.007331620831637316,False
final_input_token_layerwise,disclosed,pooled,gain,5,100.0,-0.0047048274876077545,False
final_input_token_layerwise,disclosed,pooled,gain,6,100.0,-0.0021716688885872193,False
final_input_token_layerwise,disclosed,pooled,gain,7,100.0,-0.0032660286512946057,False
final_input_token_layerwise,disclosed,pooled,gain,8,100.0,-0.004653871079387084,False
final_input_token_layerwise,disclosed,pooled,gain,9,100.0,-0.0017595919631462713,False
final_input_token_layerwise,disclosed,pooled,gain,10,100.0,-0.0011236668871683713,False
final_input_token_layerwise,disclosed,pooled,gain,11,100.0,0.0006879002305504589,False
final_input_token_layerwise,disclosed,pooled,gain,12,100.0,0.0024643751575085158,False
final_input_token_layerwise,disclosed,pooled,gain,13,3.0,0.03288907149798979,False
final_input_token_layerwise,disclosed,pooled,gain,14,3.0,0.020949164659794184,False
final_input_token_layerwise,disclosed,pooled,gain,15,3.0,0.03719882264210383,False
final_input_token_layerwise,disclosed,pooled,gain,16,3.0,0.0527538872169317,False
final_input_token_layerwise,disclosed,pooled,gain,17,3.0,0.029302579642824556,False
final_input_token_layerwise,disclosed,pooled,gain,18,3.0,0.062246614616265544,False
final_input_token_layerwise,disclosed,pooled,gain,19,3.0,0.060470001215369974,False
final_input_token_layerwise,disclosed,pooled,gain,20,3.0,0.05375173887672033,False
final_input_token_layerwise,disclosed,pooled,gain,21,3.0,0.05437256591146005,False
final_input_token_layerwise,disclosed,pooled,gain,22,3.0,0.06392955992999945,False
final_input_token_layerwise,disclosed,pooled,gain,23,3.0,0.06985878680876433,False
final_input_token_layerwise,disclosed,pooled,gain,24,3.0,0.06594531158452806,False
final_input_token_layerwise,disclosed,pooled,gain,25,3.0,0.06834174226081599,False
final_input_token_layerwise,disclosed,pooled,gain,26,3.0,0.08069105307114291,False
final_input_token_layerwise,disclosed,pooled,gain,27,3.0,0.09073096861378722,False
final_input_token_layerwise,disclosed,pooled,gain,28,3.0,0.10209139218411112,False
final_input_token_layerwise,disclosed,pooled,gain,29,3.0,0.18186306453912704,False
final_input_token_layerwise,disclosed,pooled,gain,30,3.0,0.19026112356057054,False
final_input_token_layerwise,disclosed,pooled,gain,31,3.0,0.19216966520146647,True
final_input_token_layerwise,disclosed,pooled,gain,32,3.0,0.1900994995658993,False
final_input_token_layerwise,disclosed,pooled,response_residual,0,0.0001,-2.7755575615628914e-17,False
final_input_token_layerwise,disclosed,pooled,response_residual,1,100.0,-0.0018634097212636886,False
final_input_token_layerwise,disclosed,pooled,response_residual,2,100.0,-0.00334492449625437,False
final_input_token_layerwise,disclosed,pooled,response_residual,3,100.0,-0.007485184640567207,False
final_input_token_layerwise,disclosed,pooled,response_residual,4,100.0,-0.0071743124288025095,False
final_input_token_layerwise,disclosed,pooled,response_residual,5,100.0,-0.005083250618405348,False
final_input_token_layerwise,disclosed,pooled,response_residual,6,100.0,-0.002785492013983676,False
final_input_token_layerwise,disclosed,pooled,response_residual,7,100.0,-0.004651825691510246,False
final_input_token_layerwise,disclosed,pooled,response_residual,8,100.0,-0.0059873727759337065,False
final_input_token_layerwise,disclosed,pooled,response_residual,9,100.0,-0.003595386071301415,False
final_input_token_layerwise,disclosed,pooled,response_residual,10,100.0,-0.004754671947709103,False
final_input_token_layerwise,disclosed,pooled,response_residual,11,100.0,-0.002883473671211778,False
final_input_token_layerwise,disclosed,pooled,response_residual,12,100.0,-0.0023978609917162386,False
final_input_token_layerwise,disclosed,pooled,response_residual,13,100.0,-0.003053708594198623,False
final_input_token_layerwise,disclosed,pooled,response_residual,14,100.0,-0.000506892111511272,False
final_input_token_layerwise,disclosed,pooled,response_residual,15,100.0,0.0019367723933669072,False
final_input_token_layerwise,disclosed,pooled,response_residual,16,100.0,0.011736743528713614,False
final_input_token_layerwise,disclosed,pooled,response_residual,17,100.0,0.0066271728267298475,False
final_input_token_layerwise,disclosed,pooled,response_residual,18,100.0,0.0071523531592886476,False
final_input_token_layerwise,disclosed,pooled,response_residual,19,100.0,0.006702586268621469,False
final_input_token_layerwise,disclosed,pooled,response_residual,20,100.0,0.004742091233211805,False
final_input_token_layerwise,disclosed,pooled,response_residual,21,100.0,0.003485946560195204,False
final_input_token_layerwise,disclosed,pooled,response_residual,22,100.0,0.0045163377135522915,False
final_input_token_layerwise,disclosed,pooled,response_residual,23,100.0,0.004140907532277481,False
final_input_token_layerwise,disclosed,pooled,response_residual,24,100.0,0.0044270996318171996,False
final_input_token_layerwise,disclosed,pooled,response_residual,25,3.0,0.006751623182659243,False
final_input_token_layerwise,disclosed,pooled,response_residual,26,3.0,0.01886309725232389,False
final_input_token_layerwise,disclosed,pooled,response_residual,27,3.0,0.03200754047011062,False
final_input_token_layerwise,disclosed,pooled,response_residual,28,3.0,0.042982200028948925,False
final_input_token_layerwise,disclosed,pooled,response_residual,29,3.0,0.10055767674146905,False
final_input_token_layerwise,disclosed,pooled,response_residual,30,3.0,0.12026511969820279,False
final_input_token_layerwise,disclosed,pooled,response_residual,31,3.0,0.12279580407704589,True
final_input_token_layerwise,disclosed,pooled,response_residual,32,3.0,0.11755492888155435,False
final_input_token_layerwise,undisclosed,k3,gain,0,0.0001,0.0,False
final_input_token_layerwise,undisclosed,k3,gain,1,100.0,-0.0005100079809304825,False
final_input_token_layerwise,undisclosed,k3,gain,2,100.0,-0.00042801959060276284,False
final_input_token_layerwise,undisclosed,k3,gain,3,100.0,-0.0002181790009997131,False
final_input_token_layerwise,undisclosed,k3,gain,4,3.0,0.00020718967952984557,False
final_input_token_layerwise,undisclosed,k3,gain,5,100.0,-0.00014078210173776307,False
final_input_token_layerwise,undisclosed,k3,gain,6,100.0,-0.00048103372405167155,False
final_input_token_layerwise,undisclosed,k3,gain,7,100.0,-0.0006158821699235317,False
final_input_token_layerwise,undisclosed,k3,gain,8,100.0,-0.0005806282529374762,False
final_input_token_layerwise,undisclosed,k3,gain,9,100.0,-0.00025731169598142145,False
final_input_token_layerwise,undisclosed,k3,gain,10,100.0,-6.065293059318022e-05,False
final_input_token_layerwise,undisclosed,k3,gain,11,3.0,0.003785507223875051,False
final_input_token_layerwise,undisclosed,k3,gain,12,100.0,-0.00021408865878411176,False
final_input_token_layerwise,undisclosed,k3,gain,13,3.0,0.007894618137658294,False
final_input_token_layerwise,undisclosed,k3,gain,14,3.0,0.004383502025492758,False
final_input_token_layerwise,undisclosed,k3,gain,15,3.0,0.05169144842060783,False
final_input_token_layerwise,undisclosed,k3,gain,16,3.0,0.08525192750852456,False
final_input_token_layerwise,undisclosed,k3,gain,17,3.0,0.07786035335715641,False
final_input_token_layerwise,undisclosed,k3,gain,18,3.0,0.06319701634125721,False
final_input_token_layerwise,undisclosed,k3,gain,19,3.0,0.06279874417505732,False
final_input_token_layerwise,undisclosed,k3,gain,20,3.0,0.06219558763578667,False
final_input_token_layerwise,undisclosed,k3,gain,21,3.0,0.05729002833573418,False
final_input_token_layerwise,undisclosed,k3,gain,22,3.0,0.05485141072343602,False
final_input_token_layerwise,undisclosed,k3,gain,23,3.0,0.05458537030517693,False
final_input_token_layerwise,undisclosed,k3,gain,24,3.0,0.05986509412972632,False
final_input_token_layerwise,undisclosed,k3,gain,25,3.0,0.05837497721166926,False
final_input_token_layerwise,undisclosed,k3,gain,26,0.1,0.06865894799295882,False
final_input_token_layerwise,undisclosed,k3,gain,27,0.1,0.07520124265708397,False
final_input_token_layerwise,undisclosed,k3,gain,28,0.1,0.07131668567848348,False
final_input_token_layerwise,undisclosed,k3,gain,29,0.1,0.11228075093288989,False
final_input_token_layerwise,undisclosed,k3,gain,30,0.1,0.12662338711778873,True
final_input_token_layerwise,undisclosed,k3,gain,31,0.1,0.0959368943768216,False
final_input_token_layerwise,undisclosed,k3,gain,32,3.0,0.07856661163116094,False
final_input_token_layerwise,undisclosed,k3,response_residual,0,0.0001,-2.7755575615628914e-17,False
final_input_token_layerwise,undisclosed,k3,response_residual,1,100.0,-0.0005492790631216882,False
final_input_token_layerwise,undisclosed,k3,response_residual,2,100.0,-0.0004731207385018643,False
final_input_token_layerwise,undisclosed,k3,response_residual,3,100.0,-0.0005930616432680558,False
final_input_token_layerwise,undisclosed,k3,response_residual,4,100.0,-0.0003942751335760386,False
final_input_token_layerwise,undisclosed,k3,response_residual,5,100.0,-0.00026003343280084357,False
final_input_token_layerwise,undisclosed,k3,response_residual,6,100.0,-0.0004383774156724862,False
final_input_token_layerwise,undisclosed,k3,response_residual,7,100.0,-0.00038807931109841043,False
final_input_token_layerwise,undisclosed,k3,response_residual,8,100.0,-0.0006264427301845288,False
final_input_token_layerwise,undisclosed,k3,response_residual,9,100.0,-0.0005862215048542951,False
final_input_token_layerwise,undisclosed,k3,response_residual,10,100.0,-0.0004931994347915081,False
final_input_token_layerwise,undisclosed,k3,response_residual,11,100.0,-0.00023928660026203974,False
final_input_token_layerwise,undisclosed,k3,response_residual,12,100.0,-0.0004507546096124415,False
final_input_token_layerwise,undisclosed,k3,response_residual,13,100.0,3.015771706671444e-05,False
final_input_token_layerwise,undisclosed,k3,response_residual,14,100.0,0.0001655738198047818,False
final_input_token_layerwise,undisclosed,k3,response_residual,15,3.0,0.027626905530471146,False
final_input_token_layerwise,undisclosed,k3,response_residual,16,3.0,0.04787008741142865,False
final_input_token_layerwise,undisclosed,k3,response_residual,17,3.0,0.04933781578929791,False
final_input_token_layerwise,undisclosed,k3,response_residual,18,3.0,0.035597104823909764,False
final_input_token_layerwise,undisclosed,k3,response_residual,19,3.0,0.030971118955044813,False
final_input_token_layerwise,undisclosed,k3,response_residual,20,3.0,0.030098362838605314,False
final_input_token_layerwise,undisclosed,k3,response_residual,21,3.0,0.026442747658103755,False
final_input_token_layerwise,undisclosed,k3,response_residual,22,3.0,0.024001545567038013,False
final_input_token_layerwise,undisclosed,k3,response_residual,23,3.0,0.02326372894083581,False
final_input_token_layerwise,undisclosed,k3,response_residual,24,3.0,0.02974845963753664,False
final_input_token_layerwise,undisclosed,k3,response_residual,25,3.0,0.026225566981480375,False
final_input_token_layerwise,undisclosed,k3,response_residual,26,3.0,0.028968373151662702,False
final_input_token_layerwise,undisclosed,k3,response_residual,27,3.0,0.026315571477916744,False
final_input_token_layerwise,undisclosed,k3,response_residual,28,3.0,0.029012618057977696,False
final_input_token_layerwise,undisclosed,k3,response_residual,29,3.0,0.034619463275785745,False
final_input_token_layerwise,undisclosed,k3,response_residual,30,3.0,0.046411902787445364,False
final_input_token_layerwise,undisclosed,k3,response_residual,31,3.0,0.04763332190089589,False
final_input_token_layerwise,undisclosed,k3,response_residual,32,3.0,0.05551577853194822,True
final_input_token_layerwise,undisclosed,k3,last_target_observation,0,0.0001,-8.326672684688674e-17,False
final_input_token_layerwise,undisclosed,k3,last_target_observation,1,0.1,0.2186283354500184,False
final_input_token_layerwise,undisclosed,k3,last_target_observation,2,0.1,0.18006233852181722,False
final_input_token_layerwise,undisclosed,k3,last_target_observation,3,0.1,0.2093368208591284,False
final_input_token_layerwise,undisclosed,k3,last_target_observation,4,0.1,0.17135046045840455,False
final_input_token_layerwise,undisclosed,k3,last_target_observation,5,0.1,0.05127787254263516,False
final_input_token_layerwise,undisclosed,k3,last_target_observation,6,3.0,0.005486636521129129,False
final_input_token_layerwise,undisclosed,k3,last_target_observation,7,3.0,0.016478431209236644,False
final_input_token_layerwise,undisclosed,k3,last_target_observation,8,0.1,0.10922626818563286,False
final_input_token_layerwise,undisclosed,k3,last_target_observation,9,0.1,0.3097633306659913,False
final_input_token_layerwise,undisclosed,k3,last_target_observation,10,0.1,0.3076686296345263,False
final_input_token_layerwise,undisclosed,k3,last_target_observation,11,0.1,0.2624155434000775,False
final_input_token_layerwise,undisclosed,k3,last_target_observation,12,0.1,0.2313277900837822,False
final_input_token_layerwise,undisclosed,k3,last_target_observation,13,0.1,0.15220848398774628,False
final_input_token_layerwise,undisclosed,k3,last_target_observation,14,0.1,0.25465656979256357,False
final_input_token_layerwise,undisclosed,k3,last_target_observation,15,0.1,0.311745647269288,True
final_input_token_layerwise,undisclosed,k3,last_target_observation,16,3.0,0.24788596433947668,False
final_input_token_layerwise,undisclosed,k3,last_target_observation,17,3.0,0.2101042143428356,False
final_input_token_layerwise,undisclosed,k3,last_target_observation,18,0.1,0.1996277019298478,False
final_input_token_layerwise,undisclosed,k3,last_target_observation,19,0.1,0.21690329074230147,False
final_input_token_layerwise,undisclosed,k3,last_target_observation,20,0.1,0.21904576269878115,False
final_input_token_layerwise,undisclosed,k3,last_target_observation,21,0.1,0.2092554053250022,False
final_input_token_layerwise,undisclosed,k3,last_target_observation,22,0.1,0.2183623105762833,False
final_input_token_layerwise,undisclosed,k3,last_target_observation,23,0.1,0.20170577746043616,False
final_input_token_layerwise,undisclosed,k3,last_target_observation,24,0.1,0.2194653279023442,False
final_input_token_layerwise,undisclosed,k3,last_target_observation,25,0.1,0.22249602824192902,False
final_input_token_layerwise,undisclosed,k3,last_target_observation,26,0.1,0.19831279802420604,False
final_input_token_layerwise,undisclosed,k3,last_target_observation,27,0.1,0.20760657958779474,False
final_input_token_layerwise,undisclosed,k3,last_target_observation,28,0.1,0.19593614424477787,False
final_input_token_layerwise,undisclosed,k3,last_target_observation,29,0.1,0.1986834606866758,False
final_input_token_layerwise,undisclosed,k3,last_target_observation,30,0.1,0.2500263519370354,False
final_input_token_layerwise,undisclosed,k3,last_target_observation,31,0.1,0.24046382612615877,False
final_input_token_layerwise,undisclosed,k3,last_target_observation,32,0.1,0.2841380977420882,False
final_input_token_layerwise,undisclosed,k3,target_observation_mean,0,0.0001,5.551115123125783e-17,False
final_input_token_layerwise,undisclosed,k3,target_observation_mean,1,3.0,0.13892339912520493,False
final_input_token_layerwise,undisclosed,k3,target_observation_mean,2,3.0,0.10406672138841824,False
final_input_token_layerwise,undisclosed,k3,target_observation_mean,3,0.1,0.09357222987073716,False
final_input_token_layerwise,undisclosed,k3,target_observation_mean,4,0.1,0.1387252531277396,False
final_input_token_layerwise,undisclosed,k3,target_observation_mean,5,0.1,0.05814009370251369,False
final_input_token_layerwise,undisclosed,k3,target_observation_mean,6,3.0,0.018134373533555542,False
final_input_token_layerwise,undisclosed,k3,target_observation_mean,7,3.0,0.017378847875558767,False
final_input_token_layerwise,undisclosed,k3,target_observation_mean,8,0.1,0.062328646850900976,False
final_input_token_layerwise,undisclosed,k3,target_observation_mean,9,3.0,0.0914978575021402,False
final_input_token_layerwise,undisclosed,k3,target_observation_mean,10,3.0,0.12287757815894382,False
final_input_token_layerwise,undisclosed,k3,target_observation_mean,11,3.0,0.15122837179753257,False
final_input_token_layerwise,undisclosed,k3,target_observation_mean,12,3.0,0.1668327674772819,False
final_input_token_layerwise,undisclosed,k3,target_observation_mean,13,3.0,0.21319490445824898,False
final_input_token_layerwise,undisclosed,k3,target_observation_mean,14,3.0,0.22900180570016232,False
final_input_token_layerwise,undisclosed,k3,target_observation_mean,15,0.1,0.43731679593646117,True
final_input_token_layerwise,undisclosed,k3,target_observation_mean,16,3.0,0.3913405414527339,False
final_input_token_layerwise,undisclosed,k3,target_observation_mean,17,3.0,0.3347637143824925,False
final_input_token_layerwise,undisclosed,k3,target_observation_mean,18,3.0,0.2875141062805642,False
final_input_token_layerwise,undisclosed,k3,target_observation_mean,19,3.0,0.2900420430070897,False
final_input_token_layerwise,undisclosed,k3,target_observation_mean,20,3.0,0.2693996993959047,False
final_input_token_layerwise,undisclosed,k3,target_observation_mean,21,0.1,0.2653872789356604,False
final_input_token_layerwise,undisclosed,k3,target_observation_mean,22,0.1,0.28862436538735114,False
final_input_token_layerwise,undisclosed,k3,target_observation_mean,23,0.1,0.26071838802641156,False
final_input_token_layerwise,undisclosed,k3,target_observation_mean,24,3.0,0.23153821315749848,False
final_input_token_layerwise,undisclosed,k3,target_observation_mean,25,0.1,0.24640542695729598,False
final_input_token_layerwise,undisclosed,k3,target_observation_mean,26,0.1,0.2322418024924269,False
final_input_token_layerwise,undisclosed,k3,target_observation_mean,27,3.0,0.2307518801596969,False
final_input_token_layerwise,undisclosed,k3,target_observation_mean,28,3.0,0.22257943959971363,False
final_input_token_layerwise,undisclosed,k3,target_observation_mean,29,3.0,0.22510945082341738,False
final_input_token_layerwise,undisclosed,k3,target_observation_mean,30,0.1,0.3380907617768295,False
final_input_token_layerwise,undisclosed,k3,target_observation_mean,31,0.1,0.3378871450387727,False
final_input_token_layerwise,undisclosed,k3,target_observation_mean,32,0.1,0.42942870225741503,False
final_input_token_layerwise,undisclosed,k3,target_time_slope,0,0.0001,0.0,False
final_input_token_layerwise,undisclosed,k3,target_time_slope,1,3.0,0.05423167677887314,False
final_input_token_layerwise,undisclosed,k3,target_time_slope,2,3.0,0.028181893009820547,False
final_input_token_layerwise,undisclosed,k3,target_time_slope,3,0.1,0.05288068765561943,False
final_input_token_layerwise,undisclosed,k3,target_time_slope,4,0.1,0.01742971736201479,False
final_input_token_layerwise,undisclosed,k3,target_time_slope,5,3.0,0.005687691644524401,False
final_input_token_layerwise,undisclosed,k3,target_time_slope,6,100.0,-0.0002745169994638752,False
final_input_token_layerwise,undisclosed,k3,target_time_slope,7,3.0,0.004800502418806085,False
final_input_token_layerwise,undisclosed,k3,target_time_slope,8,100.0,-0.00011270094625551175,False
final_input_token_layerwise,undisclosed,k3,target_time_slope,9,0.1,0.11193438565798502,False
final_input_token_layerwise,undisclosed,k3,target_time_slope,10,3.0,0.021805490839248404,False
final_input_token_layerwise,undisclosed,k3,target_time_slope,11,3.0,0.02667047920021054,False
final_input_token_layerwise,undisclosed,k3,target_time_slope,12,3.0,0.027321528266479628,False
final_input_token_layerwise,undisclosed,k3,target_time_slope,13,3.0,0.01670736699351341,False
final_input_token_layerwise,undisclosed,k3,target_time_slope,14,3.0,0.031183720301411005,False
final_input_token_layerwise,undisclosed,k3,target_time_slope,15,0.1,0.11885265236958109,False
final_input_token_layerwise,undisclosed,k3,target_time_slope,16,0.1,0.10684384459387081,False
final_input_token_layerwise,undisclosed,k3,target_time_slope,17,3.0,0.05096682875788003,False
final_input_token_layerwise,undisclosed,k3,target_time_slope,18,3.0,0.053865756514382995,False
final_input_token_layerwise,undisclosed,k3,target_time_slope,19,0.1,0.07129714122268732,False
final_input_token_layerwise,undisclosed,k3,target_time_slope,20,3.0,0.051694927010953545,False
final_input_token_layerwise,undisclosed,k3,target_time_slope,21,3.0,0.04423569544666592,False
final_input_token_layerwise,undisclosed,k3,target_time_slope,22,3.0,0.0443253239846908,False
final_input_token_layerwise,undisclosed,k3,target_time_slope,23,3.0,0.03792199242905708,False
final_input_token_layerwise,undisclosed,k3,target_time_slope,24,3.0,0.04589863812611705,False
final_input_token_layerwise,undisclosed,k3,target_time_slope,25,3.0,0.04258190755138058,False
final_input_token_layerwise,undisclosed,k3,target_time_slope,26,3.0,0.03816845726787396,False
final_input_token_layerwise,undisclosed,k3,target_time_slope,27,3.0,0.042522998054597666,False
final_input_token_layerwise,undisclosed,k3,target_time_slope,28,3.0,0.049022585613143266,False
final_input_token_layerwise,undisclosed,k3,target_time_slope,29,0.1,0.07584405135312056,False
final_input_token_layerwise,undisclosed,k3,target_time_slope,30,0.1,0.08172952842958281,False
final_input_token_layerwise,undisclosed,k3,target_time_slope,31,0.1,0.12338469106520297,False
final_input_token_layerwise,undisclosed,k3,target_time_slope,32,0.1,0.16672712404122655,True
final_input_token_layerwise,undisclosed,k3,displayed_driver_outcome_slope,0,0.0001,5.551115123125783e-17,False
final_input_token_layerwise,undisclosed,k3,displayed_driver_outcome_slope,1,3.0,0.01808127567345777,False
final_input_token_layerwise,undisclosed,k3,displayed_driver_outcome_slope,2,3.0,0.008013365838791003,False
final_input_token_layerwise,undisclosed,k3,displayed_driver_outcome_slope,3,3.0,0.005869712509436353,False
final_input_token_layerwise,undisclosed,k3,displayed_driver_outcome_slope,4,3.0,0.008034088670133416,False
final_input_token_layerwise,undisclosed,k3,displayed_driver_outcome_slope,5,3.0,0.006694929680202771,False
final_input_token_layerwise,undisclosed,k3,displayed_driver_outcome_slope,6,100.0,-5.471814604224301e-05,False
final_input_token_layerwise,undisclosed,k3,displayed_driver_outcome_slope,7,100.0,-0.0003194653265368441,False
final_input_token_layerwise,undisclosed,k3,displayed_driver_outcome_slope,8,100.0,-0.0015400032949166864,False
final_input_token_layerwise,undisclosed,k3,displayed_driver_outcome_slope,9,100.0,-0.0008493504834454491,False
final_input_token_layerwise,undisclosed,k3,displayed_driver_outcome_slope,10,100.0,-0.0010274148357411472,False
final_input_token_layerwise,undisclosed,k3,displayed_driver_outcome_slope,11,100.0,-0.0003443275790401823,False
final_input_token_layerwise,undisclosed,k3,displayed_driver_outcome_slope,12,3.0,0.004173777082974978,False
final_input_token_layerwise,undisclosed,k3,displayed_driver_outcome_slope,13,3.0,0.011524858428596796,False
final_input_token_layerwise,undisclosed,k3,displayed_driver_outcome_slope,14,3.0,0.010144961088014326,False
final_input_token_layerwise,undisclosed,k3,displayed_driver_outcome_slope,15,3.0,0.015026163461182518,False
final_input_token_layerwise,undisclosed,k3,displayed_driver_outcome_slope,16,3.0,0.01157801701776015,False
final_input_token_layerwise,undisclosed,k3,displayed_driver_outcome_slope,17,3.0,0.00925197764242186,False
final_input_token_layerwise,undisclosed,k3,displayed_driver_outcome_slope,18,3.0,0.019497283693212797,False
final_input_token_layerwise,undisclosed,k3,displayed_driver_outcome_slope,19,3.0,0.018205711171982608,False
final_input_token_layerwise,undisclosed,k3,displayed_driver_outcome_slope,20,3.0,0.017441008263536062,False
final_input_token_layerwise,undisclosed,k3,displayed_driver_outcome_slope,21,3.0,0.01358630268100569,False
final_input_token_layerwise,undisclosed,k3,displayed_driver_outcome_slope,22,3.0,0.010940343483012538,False
final_input_token_layerwise,undisclosed,k3,displayed_driver_outcome_slope,23,3.0,0.014247824784707375,False
final_input_token_layerwise,undisclosed,k3,displayed_driver_outcome_slope,24,3.0,0.011308933216790162,False
final_input_token_layerwise,undisclosed,k3,displayed_driver_outcome_slope,25,3.0,0.019445132823106698,False
final_input_token_layerwise,undisclosed,k3,displayed_driver_outcome_slope,26,3.0,0.0198714254169563,False
final_input_token_layerwise,undisclosed,k3,displayed_driver_outcome_slope,27,3.0,0.0273259674967819,True
final_input_token_layerwise,undisclosed,k3,displayed_driver_outcome_slope,28,3.0,0.022961308398587676,False
final_input_token_layerwise,undisclosed,k3,displayed_driver_outcome_slope,29,3.0,0.01408765561896319,False
final_input_token_layerwise,undisclosed,k3,displayed_driver_outcome_slope,30,3.0,0.012511766116069578,False
final_input_token_layerwise,undisclosed,k3,displayed_driver_outcome_slope,31,3.0,0.014563654837458612,False
final_input_token_layerwise,undisclosed,k3,displayed_driver_outcome_slope,32,3.0,0.017402330064655858,False
final_input_token_layerwise,undisclosed,k3,oracle_posterior_gain,0,0.0001,2.7755575615628914e-17,False
final_input_token_layerwise,undisclosed,k3,oracle_posterior_gain,1,3.0,0.0184028197756132,False
final_input_token_layerwise,undisclosed,k3,oracle_posterior_gain,2,3.0,0.014428623976362881,False
final_input_token_layerwise,undisclosed,k3,oracle_posterior_gain,3,100.0,-0.001259804040438739,False
final_input_token_layerwise,undisclosed,k3,oracle_posterior_gain,4,100.0,-0.0007456274744330194,False
final_input_token_layerwise,undisclosed,k3,oracle_posterior_gain,5,100.0,-0.0007860868241562624,False
final_input_token_layerwise,undisclosed,k3,oracle_posterior_gain,6,100.0,-0.00033018870681161827,False
final_input_token_layerwise,undisclosed,k3,oracle_posterior_gain,7,100.0,-0.00035825162518107745,False
final_input_token_layerwise,undisclosed,k3,oracle_posterior_gain,8,100.0,-0.0005650592889245853,False
final_input_token_layerwise,undisclosed,k3,oracle_posterior_gain,9,3.0,0.005575440824038269,False
final_input_token_layerwise,undisclosed,k3,oracle_posterior_gain,10,3.0,0.006943927040064607,False
final_input_token_layerwise,undisclosed,k3,oracle_posterior_gain,11,3.0,0.012414635386450046,False
final_input_token_layerwise,undisclosed,k3,oracle_posterior_gain,12,3.0,0.008542632453537757,False
final_input_token_layerwise,undisclosed,k3,oracle_posterior_gain,13,3.0,0.023924124637371036,False
final_input_token_layerwise,undisclosed,k3,oracle_posterior_gain,14,3.0,0.04665005282948828,False
final_input_token_layerwise,undisclosed,k3,oracle_posterior_gain,15,3.0,0.13829557431158837,False
final_input_token_layerwise,undisclosed,k3,oracle_posterior_gain,16,3.0,0.21141954488939357,False
final_input_token_layerwise,undisclosed,k3,oracle_posterior_gain,17,3.0,0.18736197630271909,False
final_input_token_layerwise,undisclosed,k3,oracle_posterior_gain,18,3.0,0.17873599308722388,False
final_input_token_layerwise,undisclosed,k3,oracle_posterior_gain,19,3.0,0.18412210965598605,False
final_input_token_layerwise,undisclosed,k3,oracle_posterior_gain,20,3.0,0.172014922459088,False
final_input_token_layerwise,undisclosed,k3,oracle_posterior_gain,21,0.1,0.18352643309892552,False
final_input_token_layerwise,undisclosed,k3,oracle_posterior_gain,22,0.1,0.19672867648145306,False
final_input_token_layerwise,undisclosed,k3,oracle_posterior_gain,23,0.1,0.21533485332015911,False
final_input_token_layerwise,undisclosed,k3,oracle_posterior_gain,24,0.1,0.22725666453167084,False
final_input_token_layerwise,undisclosed,k3,oracle_posterior_gain,25,0.1,0.2098398720110681,False
final_input_token_layerwise,undisclosed,k3,oracle_posterior_gain,26,0.1,0.21180119503763556,False
final_input_token_layerwise,undisclosed,k3,oracle_posterior_gain,27,0.1,0.23185570287943053,False
final_input_token_layerwise,undisclosed,k3,oracle_posterior_gain,28,0.1,0.25648440260964145,False
final_input_token_layerwise,undisclosed,k3,oracle_posterior_gain,29,0.1,0.28480931480238214,False
final_input_token_layerwise,undisclosed,k3,oracle_posterior_gain,30,0.1,0.29673668840337675,True
final_input_token_layerwise,undisclosed,k3,oracle_posterior_gain,31,0.1,0.2763566011763775,False
final_input_token_layerwise,undisclosed,k3,oracle_posterior_gain,32,0.1,0.2366690418338235,False
final_input_token_layerwise,undisclosed,k6,gain,0,0.0001,0.0,False
final_input_token_layerwise,undisclosed,k6,gain,1,100.0,0.00013401448999439403,False
final_input_token_layerwise,undisclosed,k6,gain,2,3.0,0.0030881503358763107,False
final_input_token_layerwise,undisclosed,k6,gain,3,100.0,-0.00019586287891920628,False
final_input_token_layerwise,undisclosed,k6,gain,4,100.0,-0.00019060812451643372,False
final_input_token_layerwise,undisclosed,k6,gain,5,100.0,-3.8119058290347896e-05,False
final_input_token_layerwise,undisclosed,k6,gain,6,100.0,-3.27069233289623e-05,False
final_input_token_layerwise,undisclosed,k6,gain,7,100.0,1.060508523920145e-05,False
final_input_token_layerwise,undisclosed,k6,gain,8,100.0,-8.042132384220024e-05,False
final_input_token_layerwise,undisclosed,k6,gain,9,3.0,0.006776843214971795,False
final_input_token_layerwise,undisclosed,k6,gain,10,3.0,0.012100014404086007,False
final_input_token_layerwise,undisclosed,k6,gain,11,0.1,0.017162430862697392,False
final_input_token_layerwise,undisclosed,k6,gain,12,3.0,0.014893702195894448,False
final_input_token_layerwise,undisclosed,k6,gain,13,0.1,0.11995636575433716,False
final_input_token_layerwise,undisclosed,k6,gain,14,0.1,0.046942762824744605,False
final_input_token_layerwise,undisclosed,k6,gain,15,0.1,0.21022389033325894,False
final_input_token_layerwise,undisclosed,k6,gain,16,0.1,0.12802499035514867,False
final_input_token_layerwise,undisclosed,k6,gain,17,0.1,0.09081553167307255,False
final_input_token_layerwise,undisclosed,k6,gain,18,0.1,0.10580682472475794,False
final_input_token_layerwise,undisclosed,k6,gain,19,0.1,0.11057568113732663,False
final_input_token_layerwise,undisclosed,k6,gain,20,0.1,0.11224983883194431,False
final_input_token_layerwise,undisclosed,k6,gain,21,0.1,0.1027426368283893,False
final_input_token_layerwise,undisclosed,k6,gain,22,0.1,0.1372684357851184,False
final_input_token_layerwise,undisclosed,k6,gain,23,0.1,0.12917869083867523,False
final_input_token_layerwise,undisclosed,k6,gain,24,0.1,0.13124840107853697,False
final_input_token_layerwise,undisclosed,k6,gain,25,0.1,0.13272141896620662,False
final_input_token_layerwise,undisclosed,k6,gain,26,0.1,0.10664648628609824,False
final_input_token_layerwise,undisclosed,k6,gain,27,0.1,0.1294252772982041,False
final_input_token_layerwise,undisclosed,k6,gain,28,0.1,0.13084088134786115,False
final_input_token_layerwise,undisclosed,k6,gain,29,0.1,0.17513768476743408,False
final_input_token_layerwise,undisclosed,k6,gain,30,0.1,0.17244467484370443,False
final_input_token_layerwise,undisclosed,k6,gain,31,0.1,0.18589161961366626,False
final_input_token_layerwise,undisclosed,k6,gain,32,0.1,0.21856483130080379,True
final_input_token_layerwise,undisclosed,k6,response_residual,0,0.0001,-2.7755575615628914e-17,False
final_input_token_layerwise,undisclosed,k6,response_residual,1,100.0,0.00012378391516038034,False
final_input_token_layerwise,undisclosed,k6,response_residual,2,3.0,0.0009136123672593977,False
final_input_token_layerwise,undisclosed,k6,response_residual,3,100.0,4.2919222674020485e-05,False
final_input_token_layerwise,undisclosed,k6,response_residual,4,100.0,-9.010527038660898e-05,False
final_input_token_layerwise,undisclosed,k6,response_residual,5,100.0,1.0563545895292403e-05,False
final_input_token_layerwise,undisclosed,k6,response_residual,6,100.0,2.7252432011681815e-05,False
final_input_token_layerwise,undisclosed,k6,response_residual,7,100.0,1.7796728466773493e-05,False
final_input_token_layerwise,undisclosed,k6,response_residual,8,100.0,-0.00036388831871583815,False
final_input_token_layerwise,undisclosed,k6,response_residual,9,100.0,-0.00015281173698292183,False
final_input_token_layerwise,undisclosed,k6,response_residual,10,100.0,0.00014994622853364836,False
final_input_token_layerwise,undisclosed,k6,response_residual,11,3.0,0.0007450207667811515,False
final_input_token_layerwise,undisclosed,k6,response_residual,12,3.0,0.0002844753819162271,False
final_input_token_layerwise,undisclosed,k6,response_residual,13,3.0,0.014185410683426825,False
final_input_token_layerwise,undisclosed,k6,response_residual,14,3.0,0.02064668545521295,False
final_input_token_layerwise,undisclosed,k6,response_residual,15,3.0,0.057051740171738696,False
final_input_token_layerwise,undisclosed,k6,response_residual,16,3.0,0.05640792083370638,False
final_input_token_layerwise,undisclosed,k6,response_residual,17,3.0,0.042659037843989195,False
final_input_token_layerwise,undisclosed,k6,response_residual,18,3.0,0.035350783510743666,False
final_input_token_layerwise,undisclosed,k6,response_residual,19,3.0,0.0286575165103361,False
final_input_token_layerwise,undisclosed,k6,response_residual,20,3.0,0.02427770351546374,False
final_input_token_layerwise,undisclosed,k6,response_residual,21,3.0,0.014884236863335065,False
final_input_token_layerwise,undisclosed,k6,response_residual,22,3.0,0.02115455416405379,False
final_input_token_layerwise,undisclosed,k6,response_residual,23,3.0,0.01941612518131458,False
final_input_token_layerwise,undisclosed,k6,response_residual,24,3.0,0.021235485005333565,False
final_input_token_layerwise,undisclosed,k6,response_residual,25,3.0,0.02218760444190654,False
final_input_token_layerwise,undisclosed,k6,response_residual,26,3.0,0.019353278246772854,False
final_input_token_layerwise,undisclosed,k6,response_residual,27,3.0,0.021471589748736114,False
final_input_token_layerwise,undisclosed,k6,response_residual,28,3.0,0.025524300623545076,False
final_input_token_layerwise,undisclosed,k6,response_residual,29,3.0,0.04382690283556839,False
final_input_token_layerwise,undisclosed,k6,response_residual,30,3.0,0.060252949289982566,False
final_input_token_layerwise,undisclosed,k6,response_residual,31,3.0,0.06772322064740674,False
final_input_token_layerwise,undisclosed,k6,response_residual,32,0.1,0.09068386470135337,True
final_input_token_layerwise,undisclosed,k6,last_target_observation,0,0.0001,-2.7755575615628914e-17,False
final_input_token_layerwise,undisclosed,k6,last_target_observation,1,3.0,0.03408513495942489,False
final_input_token_layerwise,undisclosed,k6,last_target_observation,2,3.0,0.029958392429662,False
final_input_token_layerwise,undisclosed,k6,last_target_observation,3,3.0,0.031036778512701035,False
final_input_token_layerwise,undisclosed,k6,last_target_observation,4,3.0,0.023518786331217623,False
final_input_token_layerwise,undisclosed,k6,last_target_observation,5,3.0,0.023836129765305303,False
final_input_token_layerwise,undisclosed,k6,last_target_observation,6,3.0,0.00802487966632598,False
final_input_token_layerwise,undisclosed,k6,last_target_observation,7,3.0,0.004895352320659657,False
final_input_token_layerwise,undisclosed,k6,last_target_observation,8,100.0,-0.00023589363471895886,False
final_input_token_layerwise,undisclosed,k6,last_target_observation,9,0.1,0.19337815492053592,True
final_input_token_layerwise,undisclosed,k6,last_target_observation,10,0.1,0.13751088105547352,False
final_input_token_layerwise,undisclosed,k6,last_target_observation,11,0.1,0.13098235060068636,False
final_input_token_layerwise,undisclosed,k6,last_target_observation,12,0.1,0.08294687260029601,False
final_input_token_layerwise,undisclosed,k6,last_target_observation,13,3.0,0.01835566810857439,False
final_input_token_layerwise,undisclosed,k6,last_target_observation,14,0.1,0.08943073461591278,False
final_input_token_layerwise,undisclosed,k6,last_target_observation,15,0.1,0.17340213070502453,False
final_input_token_layerwise,undisclosed,k6,last_target_observation,16,3.0,0.07464723789694919,False
final_input_token_layerwise,undisclosed,k6,last_target_observation,17,0.1,0.06686320528756806,False
final_input_token_layerwise,undisclosed,k6,last_target_observation,18,3.0,0.041729554111607975,False
final_input_token_layerwise,undisclosed,k6,last_target_observation,19,3.0,0.03552697607287303,False
final_input_token_layerwise,undisclosed,k6,last_target_observation,20,3.0,0.03622098958992445,False
final_input_token_layerwise,undisclosed,k6,last_target_observation,21,3.0,0.028038612818017866,False
final_input_token_layerwise,undisclosed,k6,last_target_observation,22,3.0,0.028518580865034976,False
final_input_token_layerwise,undisclosed,k6,last_target_observation,23,3.0,0.0213335203399751,False
final_input_token_layerwise,undisclosed,k6,last_target_observation,24,3.0,0.02040753384262256,False
final_input_token_layerwise,undisclosed,k6,last_target_observation,25,3.0,0.012841069402442035,False
final_input_token_layerwise,undisclosed,k6,last_target_observation,26,3.0,0.013093278888882343,False
final_input_token_layerwise,undisclosed,k6,last_target_observation,27,3.0,0.011382040508735314,False
final_input_token_layerwise,undisclosed,k6,last_target_observation,28,3.0,0.016133268124629924,False
final_input_token_layerwise,undisclosed,k6,last_target_observation,29,3.0,0.0311373352021381,False
final_input_token_layerwise,undisclosed,k6,last_target_observation,30,3.0,0.044578714179961704,False
final_input_token_layerwise,undisclosed,k6,last_target_observation,31,3.0,0.050220641650003756,False
final_input_token_layerwise,undisclosed,k6,last_target_observation,32,3.0,0.04942206088133305,False
final_input_token_layerwise,undisclosed,k6,target_observation_mean,0,0.0001,2.7755575615628914e-17,False
final_input_token_layerwise,undisclosed,k6,target_observation_mean,1,3.0,0.030151698244095054,False
final_input_token_layerwise,undisclosed,k6,target_observation_mean,2,3.0,0.018658871533261068,False
final_input_token_layerwise,undisclosed,k6,target_observation_mean,3,3.0,0.01748512019739934,False
final_input_token_layerwise,undisclosed,k6,target_observation_mean,4,3.0,0.015651012275656517,False
final_input_token_layerwise,undisclosed,k6,target_observation_mean,5,3.0,0.015730071799221507,False
final_input_token_layerwise,undisclosed,k6,target_observation_mean,6,3.0,0.007468357763876193,False
final_input_token_layerwise,undisclosed,k6,target_observation_mean,7,3.0,0.009170032188959093,False
final_input_token_layerwise,undisclosed,k6,target_observation_mean,8,3.0,0.04570188847106854,False
final_input_token_layerwise,undisclosed,k6,target_observation_mean,9,0.1,0.10286040817241349,False
final_input_token_layerwise,undisclosed,k6,target_observation_mean,10,0.1,0.10197222658158636,False
final_input_token_layerwise,undisclosed,k6,target_observation_mean,11,0.1,0.1933215217541203,False
final_input_token_layerwise,undisclosed,k6,target_observation_mean,12,0.1,0.1471051306937798,False
final_input_token_layerwise,undisclosed,k6,target_observation_mean,13,0.1,0.13327744759507143,False
final_input_token_layerwise,undisclosed,k6,target_observation_mean,14,0.1,0.11390801074391663,False
final_input_token_layerwise,undisclosed,k6,target_observation_mean,15,0.1,0.17192863930129734,False
final_input_token_layerwise,undisclosed,k6,target_observation_mean,16,0.1,0.22341843694422658,False
final_input_token_layerwise,undisclosed,k6,target_observation_mean,17,3.0,0.18002721317134177,False
final_input_token_layerwise,undisclosed,k6,target_observation_mean,18,0.1,0.1813450879922813,False
final_input_token_layerwise,undisclosed,k6,target_observation_mean,19,0.1,0.19225280766788053,False
final_input_token_layerwise,undisclosed,k6,target_observation_mean,20,0.1,0.1514545857221527,False
final_input_token_layerwise,undisclosed,k6,target_observation_mean,21,0.1,0.14927566840161954,False
final_input_token_layerwise,undisclosed,k6,target_observation_mean,22,0.1,0.1541500529685604,False
final_input_token_layerwise,undisclosed,k6,target_observation_mean,23,3.0,0.12150682934760529,False
final_input_token_layerwise,undisclosed,k6,target_observation_mean,24,3.0,0.12467531149103131,False
final_input_token_layerwise,undisclosed,k6,target_observation_mean,25,3.0,0.12234743346734414,False
final_input_token_layerwise,undisclosed,k6,target_observation_mean,26,3.0,0.11404387940484623,False
final_input_token_layerwise,undisclosed,k6,target_observation_mean,27,3.0,0.11247256100851766,False
final_input_token_layerwise,undisclosed,k6,target_observation_mean,28,3.0,0.12159247460024977,False
final_input_token_layerwise,undisclosed,k6,target_observation_mean,29,0.1,0.1562669930816491,False
final_input_token_layerwise,undisclosed,k6,target_observation_mean,30,0.1,0.1840539719872121,False
final_input_token_layerwise,undisclosed,k6,target_observation_mean,31,0.1,0.2033040636039087,False
final_input_token_layerwise,undisclosed,k6,target_observation_mean,32,0.1,0.3384612332215303,True
final_input_token_layerwise,undisclosed,k6,target_time_slope,0,0.0001,0.0,False
final_input_token_layerwise,undisclosed,k6,target_time_slope,1,3.0,0.028056453824273908,False
final_input_token_layerwise,undisclosed,k6,target_time_slope,2,3.0,0.01667421050751927,False
final_input_token_layerwise,undisclosed,k6,target_time_slope,3,3.0,0.024374013590277577,False
final_input_token_layerwise,undisclosed,k6,target_time_slope,4,3.0,0.01027937638430651,False
final_input_token_layerwise,undisclosed,k6,target_time_slope,5,3.0,0.010248179808921037,False
final_input_token_layerwise,undisclosed,k6,target_time_slope,6,100.0,0.0003509269858529007,False
final_input_token_layerwise,undisclosed,k6,target_time_slope,7,100.0,-0.0001283109009737049,False
final_input_token_layerwise,undisclosed,k6,target_time_slope,8,100.0,-0.0008493929564401537,False
final_input_token_layerwise,undisclosed,k6,target_time_slope,9,3.0,0.009946309697839079,False
final_input_token_layerwise,undisclosed,k6,target_time_slope,10,0.1,0.025993929791605058,False
final_input_token_layerwise,undisclosed,k6,target_time_slope,11,0.1,0.0345110957977629,False
final_input_token_layerwise,undisclosed,k6,target_time_slope,12,3.0,0.027041578058963928,False
final_input_token_layerwise,undisclosed,k6,target_time_slope,13,3.0,0.011265435438890942,False
final_input_token_layerwise,undisclosed,k6,target_time_slope,14,3.0,0.03571984485556254,False
final_input_token_layerwise,undisclosed,k6,target_time_slope,15,0.1,0.16424349917937825,True
final_input_token_layerwise,undisclosed,k6,target_time_slope,16,0.1,0.14736461724114774,False
final_input_token_layerwise,undisclosed,k6,target_time_slope,17,0.1,0.15952874130990655,False
final_input_token_layerwise,undisclosed,k6,target_time_slope,18,0.1,0.08463217547816543,False
final_input_token_layerwise,undisclosed,k6,target_time_slope,19,0.1,0.09126156952345615,False
final_input_token_layerwise,undisclosed,k6,target_time_slope,20,0.1,0.10124063049536289,False
final_input_token_layerwise,undisclosed,k6,target_time_slope,21,3.0,0.03550805367682838,False
final_input_token_layerwise,undisclosed,k6,target_time_slope,22,0.1,0.039939146936558534,False
final_input_token_layerwise,undisclosed,k6,target_time_slope,23,3.0,0.03365746226769445,False
final_input_token_layerwise,undisclosed,k6,target_time_slope,24,3.0,0.03277689091419847,False
final_input_token_layerwise,undisclosed,k6,target_time_slope,25,3.0,0.027870139637750396,False
final_input_token_layerwise,undisclosed,k6,target_time_slope,26,3.0,0.026991856361774424,False
final_input_token_layerwise,undisclosed,k6,target_time_slope,27,3.0,0.022088949150830123,False
final_input_token_layerwise,undisclosed,k6,target_time_slope,28,3.0,0.018094613366360396,False
final_input_token_layerwise,undisclosed,k6,target_time_slope,29,0.1,0.06994996280093574,False
final_input_token_layerwise,undisclosed,k6,target_time_slope,30,3.0,0.036206335786930055,False
final_input_token_layerwise,undisclosed,k6,target_time_slope,31,0.1,0.05366269059611048,False
final_input_token_layerwise,undisclosed,k6,target_time_slope,32,0.1,0.055243062428373596,False
final_input_token_layerwise,undisclosed,k6,displayed_driver_outcome_slope,0,0.0001,-5.551115123125783e-17,False
final_input_token_layerwise,undisclosed,k6,displayed_driver_outcome_slope,1,100.0,-0.00010870609293803235,False
final_input_token_layerwise,undisclosed,k6,displayed_driver_outcome_slope,2,100.0,-0.0005342786515076803,False
final_input_token_layerwise,undisclosed,k6,displayed_driver_outcome_slope,3,100.0,0.0007299222777328584,False
final_input_token_layerwise,undisclosed,k6,displayed_driver_outcome_slope,4,3.0,0.001636088619020537,False
final_input_token_layerwise,undisclosed,k6,displayed_driver_outcome_slope,5,100.0,0.000258345568225099,False
final_input_token_layerwise,undisclosed,k6,displayed_driver_outcome_slope,6,100.0,0.0002513890607346858,False
final_input_token_layerwise,undisclosed,k6,displayed_driver_outcome_slope,7,100.0,0.00018719630990085556,False
final_input_token_layerwise,undisclosed,k6,displayed_driver_outcome_slope,8,3.0,0.005419747366538358,False
final_input_token_layerwise,undisclosed,k6,displayed_driver_outcome_slope,9,100.0,0.00030883497047820563,False
final_input_token_layerwise,undisclosed,k6,displayed_driver_outcome_slope,10,3.0,0.0015752865181360987,False
final_input_token_layerwise,undisclosed,k6,displayed_driver_outcome_slope,11,3.0,0.0018935044417386915,False
final_input_token_layerwise,undisclosed,k6,displayed_driver_outcome_slope,12,3.0,0.0026510487413370365,False
final_input_token_layerwise,undisclosed,k6,displayed_driver_outcome_slope,13,3.0,0.022944636098208265,True
final_input_token_layerwise,undisclosed,k6,displayed_driver_outcome_slope,14,3.0,0.011262342174553824,False
final_input_token_layerwise,undisclosed,k6,displayed_driver_outcome_slope,15,3.0,0.01881486067137933,False
final_input_token_layerwise,undisclosed,k6,displayed_driver_outcome_slope,16,100.0,-0.0017765015895344627,False
final_input_token_layerwise,undisclosed,k6,displayed_driver_outcome_slope,17,100.0,-0.00376632463122456,False
final_input_token_layerwise,undisclosed,k6,displayed_driver_outcome_slope,18,100.0,-0.003948419090756827,False
final_input_token_layerwise,undisclosed,k6,displayed_driver_outcome_slope,19,100.0,-0.004240356950010515,False
final_input_token_layerwise,undisclosed,k6,displayed_driver_outcome_slope,20,100.0,-0.004415222759322157,False
final_input_token_layerwise,undisclosed,k6,displayed_driver_outcome_slope,21,100.0,-0.004440557500658193,False
final_input_token_layerwise,undisclosed,k6,displayed_driver_outcome_slope,22,100.0,-0.0045942895281330665,False
final_input_token_layerwise,undisclosed,k6,displayed_driver_outcome_slope,23,100.0,-0.00423063406545815,False
final_input_token_layerwise,undisclosed,k6,displayed_driver_outcome_slope,24,100.0,-0.0043275171748261565,False
final_input_token_layerwise,undisclosed,k6,displayed_driver_outcome_slope,25,100.0,-0.004255971854021601,False
final_input_token_layerwise,undisclosed,k6,displayed_driver_outcome_slope,26,100.0,-0.0042168571675766375,False
final_input_token_layerwise,undisclosed,k6,displayed_driver_outcome_slope,27,100.0,-0.004013833722560645,False
final_input_token_layerwise,undisclosed,k6,displayed_driver_outcome_slope,28,100.0,-0.003881613772841963,False
final_input_token_layerwise,undisclosed,k6,displayed_driver_outcome_slope,29,100.0,-0.0030243422450880186,False
final_input_token_layerwise,undisclosed,k6,displayed_driver_outcome_slope,30,100.0,-0.0027825717245307247,False
final_input_token_layerwise,undisclosed,k6,displayed_driver_outcome_slope,31,100.0,-0.0028070490817252436,False
final_input_token_layerwise,undisclosed,k6,displayed_driver_outcome_slope,32,100.0,-0.0028517185998730987,False
final_input_token_layerwise,undisclosed,k6,oracle_posterior_gain,0,0.0001,-5.551115123125783e-17,False
final_input_token_layerwise,undisclosed,k6,oracle_posterior_gain,1,3.0,0.0007573525151059468,False
final_input_token_layerwise,undisclosed,k6,oracle_posterior_gain,2,100.0,0.00010939798552991875,False
final_input_token_layerwise,undisclosed,k6,oracle_posterior_gain,3,100.0,-0.00038748203411173576,False
final_input_token_layerwise,undisclosed,k6,oracle_posterior_gain,4,100.0,-0.0005496540393749028,False
final_input_token_layerwise,undisclosed,k6,oracle_posterior_gain,5,100.0,-0.0002812935130669103,False
final_input_token_layerwise,undisclosed,k6,oracle_posterior_gain,6,100.0,-0.00011420147657512092,False
final_input_token_layerwise,undisclosed,k6,oracle_posterior_gain,7,100.0,-0.00010409077319722959,False
final_input_token_layerwise,undisclosed,k6,oracle_posterior_gain,8,3.0,0.006990443479797909,False
final_input_token_layerwise,undisclosed,k6,oracle_posterior_gain,9,3.0,0.03415015867965632,False
final_input_token_layerwise,undisclosed,k6,oracle_posterior_gain,10,3.0,0.029632754597544636,False
final_input_token_layerwise,undisclosed,k6,oracle_posterior_gain,11,0.1,0.05332387394654775,False
final_input_token_layerwise,undisclosed,k6,oracle_posterior_gain,12,0.1,0.03746224570132295,False
final_input_token_layerwise,undisclosed,k6,oracle_posterior_gain,13,0.1,0.06211787684479739,False
final_input_token_layerwise,undisclosed,k6,oracle_posterior_gain,14,0.1,0.09411509737260612,False
final_input_token_layerwise,undisclosed,k6,oracle_posterior_gain,15,0.1,0.19450710878749333,False
final_input_token_layerwise,undisclosed,k6,oracle_posterior_gain,16,0.1,0.17679175972190894,False
final_input_token_layerwise,undisclosed,k6,oracle_posterior_gain,17,0.1,0.16689594783392558,False
final_input_token_layerwise,undisclosed,k6,oracle_posterior_gain,18,0.1,0.16177000465972913,False
final_input_token_layerwise,undisclosed,k6,oracle_posterior_gain,19,3.0,0.13099691582010717,False
final_input_token_layerwise,undisclosed,k6,oracle_posterior_gain,20,0.1,0.12456303053348358,False
final_input_token_layerwise,undisclosed,k6,oracle_posterior_gain,21,0.1,0.12124152115887715,False
final_input_token_layerwise,undisclosed,k6,oracle_posterior_gain,22,0.1,0.12627875019659085,False
final_input_token_layerwise,undisclosed,k6,oracle_posterior_gain,23,0.1,0.14315633278298862,False
final_input_token_layerwise,undisclosed,k6,oracle_posterior_gain,24,0.1,0.16316885227388397,False
final_input_token_layerwise,undisclosed,k6,oracle_posterior_gain,25,0.1,0.1642406985425904,False
final_input_token_layerwise,undisclosed,k6,oracle_posterior_gain,26,0.1,0.16035732807000838,False
final_input_token_layerwise,undisclosed,k6,oracle_posterior_gain,27,0.1,0.14423149684307962,False
final_input_token_layerwise,undisclosed,k6,oracle_posterior_gain,28,0.1,0.19064615017157066,False
final_input_token_layerwise,undisclosed,k6,oracle_posterior_gain,29,0.1,0.25139250391528173,False
final_input_token_layerwise,undisclosed,k6,oracle_posterior_gain,30,0.1,0.25451588402769665,False
final_input_token_layerwise,undisclosed,k6,oracle_posterior_gain,31,0.1,0.24898222978406093,False
final_input_token_layerwise,undisclosed,k6,oracle_posterior_gain,32,0.1,0.2614793443945733,True
final_input_token_layerwise,undisclosed,k9,gain,0,0.0001,0.0,False
final_input_token_layerwise,undisclosed,k9,gain,1,100.0,-0.0001657130887186553,False
final_input_token_layerwise,undisclosed,k9,gain,2,100.0,-4.734668089761973e-05,False
final_input_token_layerwise,undisclosed,k9,gain,3,100.0,9.946622703835284e-05,False
final_input_token_layerwise,undisclosed,k9,gain,4,100.0,-0.0001745153597045579,False
final_input_token_layerwise,undisclosed,k9,gain,5,100.0,-0.000401649054035641,False
final_input_token_layerwise,undisclosed,k9,gain,6,100.0,-0.0005210700470112961,False
final_input_token_layerwise,undisclosed,k9,gain,7,100.0,-0.0006580759779071244,False
final_input_token_layerwise,undisclosed,k9,gain,8,100.0,-0.000329260261225206,False
final_input_token_layerwise,undisclosed,k9,gain,9,3.0,0.012084358097522202,False
final_input_token_layerwise,undisclosed,k9,gain,10,3.0,0.01957996101375903,False
final_input_token_layerwise,undisclosed,k9,gain,11,0.1,0.07383058731933453,False
final_input_token_layerwise,undisclosed,k9,gain,12,0.1,0.033026585159480176,False
final_input_token_layerwise,undisclosed,k9,gain,13,3.0,0.023421855591895496,False
final_input_token_layerwise,undisclosed,k9,gain,14,0.1,0.10255812807412831,False
final_input_token_layerwise,undisclosed,k9,gain,15,0.1,0.2092045845289786,False
final_input_token_layerwise,undisclosed,k9,gain,16,0.1,0.15114541747975466,False
final_input_token_layerwise,undisclosed,k9,gain,17,0.1,0.12341209100005027,False
final_input_token_layerwise,undisclosed,k9,gain,18,0.1,0.1793526837904929,False
final_input_token_layerwise,undisclosed,k9,gain,19,0.1,0.14631914958736186,False
final_input_token_layerwise,undisclosed,k9,gain,20,0.1,0.1458626435220703,False
final_input_token_layerwise,undisclosed,k9,gain,21,0.1,0.1496005689580821,False
final_input_token_layerwise,undisclosed,k9,gain,22,0.1,0.13728599778799302,False
final_input_token_layerwise,undisclosed,k9,gain,23,0.1,0.11163426457140607,False
final_input_token_layerwise,undisclosed,k9,gain,24,0.1,0.1298006678612917,False
final_input_token_layerwise,undisclosed,k9,gain,25,0.1,0.12453579788810423,False
final_input_token_layerwise,undisclosed,k9,gain,26,0.1,0.16473141209190198,False
final_input_token_layerwise,undisclosed,k9,gain,27,0.1,0.16709842252882526,False
final_input_token_layerwise,undisclosed,k9,gain,28,0.1,0.2234722167019616,False
final_input_token_layerwise,undisclosed,k9,gain,29,0.1,0.28637044459264893,False
final_input_token_layerwise,undisclosed,k9,gain,30,0.1,0.2987426490695398,True
final_input_token_layerwise,undisclosed,k9,gain,31,0.1,0.283068735345143,False
final_input_token_layerwise,undisclosed,k9,gain,32,0.1,0.2841756465661219,False
final_input_token_layerwise,undisclosed,k9,response_residual,0,0.0001,-2.7755575615628914e-17,False
final_input_token_layerwise,undisclosed,k9,response_residual,1,100.0,-7.089169329380085e-05,False
final_input_token_layerwise,undisclosed,k9,response_residual,2,100.0,3.430463735851208e-05,False
final_input_token_layerwise,undisclosed,k9,response_residual,3,100.0,-0.00017979274894136532,False
final_input_token_layerwise,undisclosed,k9,response_residual,4,100.0,-0.0002728569728802088,False
final_input_token_layerwise,undisclosed,k9,response_residual,5,100.0,-0.00041179251445291887,False
final_input_token_layerwise,undisclosed,k9,response_residual,6,100.0,-0.0003968766701011872,False
final_input_token_layerwise,undisclosed,k9,response_residual,7,100.0,-0.0006940312239148705,False
final_input_token_layerwise,undisclosed,k9,response_residual,8,100.0,-0.0006027089379727069,False
final_input_token_layerwise,undisclosed,k9,response_residual,9,100.0,1.3722946644950662e-05,False
final_input_token_layerwise,undisclosed,k9,response_residual,10,3.0,0.005876551427505733,False
final_input_token_layerwise,undisclosed,k9,response_residual,11,3.0,0.014429931979024285,False
final_input_token_layerwise,undisclosed,k9,response_residual,12,3.0,0.009296137488582157,False
final_input_token_layerwise,undisclosed,k9,response_residual,13,3.0,0.006194342637946132,False
final_input_token_layerwise,undisclosed,k9,response_residual,14,3.0,0.012930753454950983,False
final_input_token_layerwise,undisclosed,k9,response_residual,15,3.0,0.07688257823794833,False
final_input_token_layerwise,undisclosed,k9,response_residual,16,3.0,0.08479687237789796,False
final_input_token_layerwise,undisclosed,k9,response_residual,17,3.0,0.06157157874306862,False
final_input_token_layerwise,undisclosed,k9,response_residual,18,3.0,0.05377641124815502,False
final_input_token_layerwise,undisclosed,k9,response_residual,19,3.0,0.04395577684198629,False
final_input_token_layerwise,undisclosed,k9,response_residual,20,3.0,0.0368918920886572,False
final_input_token_layerwise,undisclosed,k9,response_residual,21,3.0,0.03405031688258239,False
final_input_token_layerwise,undisclosed,k9,response_residual,22,3.0,0.035542507842210136,False
final_input_token_layerwise,undisclosed,k9,response_residual,23,3.0,0.03386354474405717,False
final_input_token_layerwise,undisclosed,k9,response_residual,24,3.0,0.04290259825531939,False
final_input_token_layerwise,undisclosed,k9,response_residual,25,3.0,0.043268524833511374,False
final_input_token_layerwise,undisclosed,k9,response_residual,26,3.0,0.043455025578382156,False
final_input_token_layerwise,undisclosed,k9,response_residual,27,3.0,0.048162146183637206,False
final_input_token_layerwise,undisclosed,k9,response_residual,28,3.0,0.05443358976940013,False
final_input_token_layerwise,undisclosed,k9,response_residual,29,0.1,0.11639959989068302,False
final_input_token_layerwise,undisclosed,k9,response_residual,30,0.1,0.13751417790989648,False
final_input_token_layerwise,undisclosed,k9,response_residual,31,0.1,0.1481111585024892,True
final_input_token_layerwise,undisclosed,k9,response_residual,32,0.1,0.14431284581094833,False
final_input_token_layerwise,undisclosed,k9,last_target_observation,0,0.0001,1.3877787807814457e-16,False
final_input_token_layerwise,undisclosed,k9,last_target_observation,1,3.0,0.01268997034897243,False
final_input_token_layerwise,undisclosed,k9,last_target_observation,2,3.0,0.005710165518416216,False
final_input_token_layerwise,undisclosed,k9,last_target_observation,3,3.0,0.06931324402827102,True
final_input_token_layerwise,undisclosed,k9,last_target_observation,4,3.0,0.05930308185910349,False
final_input_token_layerwise,undisclosed,k9,last_target_observation,5,3.0,0.03814511472137316,False
final_input_token_layerwise,undisclosed,k9,last_target_observation,6,3.0,0.038176301523462214,False
final_input_token_layerwise,undisclosed,k9,last_target_observation,7,3.0,0.03702880790602503,False
final_input_token_layerwise,undisclosed,k9,last_target_observation,8,3.0,0.03611904765308355,False
final_input_token_layerwise,undisclosed,k9,last_target_observation,9,3.0,0.036688640112752,False
final_input_token_layerwise,undisclosed,k9,last_target_observation,10,3.0,0.027884986364926728,False
final_input_token_layerwise,undisclosed,k9,last_target_observation,11,3.0,0.03709570795805073,False
final_input_token_layerwise,undisclosed,k9,last_target_observation,12,3.0,0.043026848257549155,False
final_input_token_layerwise,undisclosed,k9,last_target_observation,13,3.0,0.023910430669742494,False
final_input_token_layerwise,undisclosed,k9,last_target_observation,14,3.0,0.037530196805317356,False
final_input_token_layerwise,undisclosed,k9,last_target_observation,15,3.0,0.03886165134085107,False
final_input_token_layerwise,undisclosed,k9,last_target_observation,16,3.0,0.03934811089630366,False
final_input_token_layerwise,undisclosed,k9,last_target_observation,17,3.0,0.03551690545885988,False
final_input_token_layerwise,undisclosed,k9,last_target_observation,18,3.0,0.01570851460483677,False
final_input_token_layerwise,undisclosed,k9,last_target_observation,19,3.0,0.0030273104636723835,False
final_input_token_layerwise,undisclosed,k9,last_target_observation,20,3.0,0.00499579180110693,False
final_input_token_layerwise,undisclosed,k9,last_target_observation,21,3.0,0.007980187940107436,False
final_input_token_layerwise,undisclosed,k9,last_target_observation,22,3.0,0.008737877474047029,False
final_input_token_layerwise,undisclosed,k9,last_target_observation,23,3.0,0.013504276260934561,False
final_input_token_layerwise,undisclosed,k9,last_target_observation,24,3.0,0.010692580710128297,False
final_input_token_layerwise,undisclosed,k9,last_target_observation,25,3.0,0.007882810100161092,False
final_input_token_layerwise,undisclosed,k9,last_target_observation,26,3.0,0.011455904111698362,False
final_input_token_layerwise,undisclosed,k9,last_target_observation,27,3.0,0.012863119581941224,False
final_input_token_layerwise,undisclosed,k9,last_target_observation,28,3.0,0.013064451195228005,False
final_input_token_layerwise,undisclosed,k9,last_target_observation,29,3.0,0.02883477447197988,False
final_input_token_layerwise,undisclosed,k9,last_target_observation,30,3.0,0.04055284242602811,False
final_input_token_layerwise,undisclosed,k9,last_target_observation,31,3.0,0.037977030320041766,False
final_input_token_layerwise,undisclosed,k9,last_target_observation,32,3.0,0.03817325622499468,False
final_input_token_layerwise,undisclosed,k9,target_observation_mean,0,0.0001,3.885780586188048e-16,False
final_input_token_layerwise,undisclosed,k9,target_observation_mean,1,3.0,0.016345987955831365,False
final_input_token_layerwise,undisclosed,k9,target_observation_mean,2,3.0,0.022623377636422998,False
final_input_token_layerwise,undisclosed,k9,target_observation_mean,3,3.0,0.015208226003991299,False
final_input_token_layerwise,undisclosed,k9,target_observation_mean,4,3.0,0.009185099100947308,False
final_input_token_layerwise,undisclosed,k9,target_observation_mean,5,3.0,0.011147124182174284,False
final_input_token_layerwise,undisclosed,k9,target_observation_mean,6,100.0,-4.6062984061817636e-05,False
final_input_token_layerwise,undisclosed,k9,target_observation_mean,7,3.0,0.0002900840651590686,False
final_input_token_layerwise,undisclosed,k9,target_observation_mean,8,3.0,0.003433616523302513,False
final_input_token_layerwise,undisclosed,k9,target_observation_mean,9,3.0,0.01874650588216159,False
final_input_token_layerwise,undisclosed,k9,target_observation_mean,10,3.0,0.024934331699684148,False
final_input_token_layerwise,undisclosed,k9,target_observation_mean,11,3.0,0.024518492555573257,False
final_input_token_layerwise,undisclosed,k9,target_observation_mean,12,3.0,0.024337809845133646,False
final_input_token_layerwise,undisclosed,k9,target_observation_mean,13,3.0,0.013647492276190387,False
final_input_token_layerwise,undisclosed,k9,target_observation_mean,14,3.0,0.0007459242372961916,False
final_input_token_layerwise,undisclosed,k9,target_observation_mean,15,3.0,0.08020575504428676,False
final_input_token_layerwise,undisclosed,k9,target_observation_mean,16,3.0,0.1364434177040507,False
final_input_token_layerwise,undisclosed,k9,target_observation_mean,17,3.0,0.11389842105347833,False
final_input_token_layerwise,undisclosed,k9,target_observation_mean,18,3.0,0.10527798186348322,False
final_input_token_layerwise,undisclosed,k9,target_observation_mean,19,3.0,0.09539558505587639,False
final_input_token_layerwise,undisclosed,k9,target_observation_mean,20,3.0,0.08217716254296953,False
final_input_token_layerwise,undisclosed,k9,target_observation_mean,21,3.0,0.06835683540324367,False
final_input_token_layerwise,undisclosed,k9,target_observation_mean,22,3.0,0.0769602247336704,False
final_input_token_layerwise,undisclosed,k9,target_observation_mean,23,3.0,0.07090544390270029,False
final_input_token_layerwise,undisclosed,k9,target_observation_mean,24,3.0,0.08030039941025846,False
final_input_token_layerwise,undisclosed,k9,target_observation_mean,25,3.0,0.07997193478941506,False
final_input_token_layerwise,undisclosed,k9,target_observation_mean,26,3.0,0.07366243729111818,False
final_input_token_layerwise,undisclosed,k9,target_observation_mean,27,3.0,0.08165738575623135,False
final_input_token_layerwise,undisclosed,k9,target_observation_mean,28,3.0,0.08657707249549365,False
final_input_token_layerwise,undisclosed,k9,target_observation_mean,29,0.1,0.17704694550628272,False
final_input_token_layerwise,undisclosed,k9,target_observation_mean,30,0.1,0.23590367418503663,False
final_input_token_layerwise,undisclosed,k9,target_observation_mean,31,0.1,0.23091290258660266,False
final_input_token_layerwise,undisclosed,k9,target_observation_mean,32,0.1,0.2682687156690335,True
final_input_token_layerwise,undisclosed,k9,target_time_slope,0,0.0001,0.0,False
final_input_token_layerwise,undisclosed,k9,target_time_slope,1,3.0,0.0035973239772485177,False
final_input_token_layerwise,undisclosed,k9,target_time_slope,2,100.0,-0.0003326852674703784,False
final_input_token_layerwise,undisclosed,k9,target_time_slope,3,3.0,0.039513231826747375,False
final_input_token_layerwise,undisclosed,k9,target_time_slope,4,3.0,0.038659986288548415,False
final_input_token_layerwise,undisclosed,k9,target_time_slope,5,3.0,0.023735199646166077,False
final_input_token_layerwise,undisclosed,k9,target_time_slope,6,3.0,0.016939809560594266,False
final_input_token_layerwise,undisclosed,k9,target_time_slope,7,3.0,0.020144332343908306,False
final_input_token_layerwise,undisclosed,k9,target_time_slope,8,3.0,0.029784370074040334,False
final_input_token_layerwise,undisclosed,k9,target_time_slope,9,3.0,0.03150165922389017,False
final_input_token_layerwise,undisclosed,k9,target_time_slope,10,3.0,0.03771860995963011,False
final_input_token_layerwise,undisclosed,k9,target_time_slope,11,3.0,0.05615925977735006,False
final_input_token_layerwise,undisclosed,k9,target_time_slope,12,3.0,0.0726101871509292,False
final_input_token_layerwise,undisclosed,k9,target_time_slope,13,3.0,0.06534964430453297,False
final_input_token_layerwise,undisclosed,k9,target_time_slope,14,3.0,0.048107382025252166,False
final_input_token_layerwise,undisclosed,k9,target_time_slope,15,0.1,0.09452283743230602,False
final_input_token_layerwise,undisclosed,k9,target_time_slope,16,3.0,0.11037401764073504,True
final_input_token_layerwise,undisclosed,k9,target_time_slope,17,3.0,0.10039401736882084,False
final_input_token_layerwise,undisclosed,k9,target_time_slope,18,3.0,0.0699045398263225,False
final_input_token_layerwise,undisclosed,k9,target_time_slope,19,3.0,0.05371647238951646,False
final_input_token_layerwise,undisclosed,k9,target_time_slope,20,3.0,0.04501721362839742,False
final_input_token_layerwise,undisclosed,k9,target_time_slope,21,3.0,0.05085033290004984,False
final_input_token_layerwise,undisclosed,k9,target_time_slope,22,3.0,0.05825511819949655,False
final_input_token_layerwise,undisclosed,k9,target_time_slope,23,3.0,0.05422788901366071,False
final_input_token_layerwise,undisclosed,k9,target_time_slope,24,3.0,0.05827737388903187,False
final_input_token_layerwise,undisclosed,k9,target_time_slope,25,3.0,0.05411696792446613,False
final_input_token_layerwise,undisclosed,k9,target_time_slope,26,3.0,0.06096048745206736,False
final_input_token_layerwise,undisclosed,k9,target_time_slope,27,3.0,0.06378083077823524,False
final_input_token_layerwise,undisclosed,k9,target_time_slope,28,3.0,0.07039589664389675,False
final_input_token_layerwise,undisclosed,k9,target_time_slope,29,3.0,0.06866760241147155,False
final_input_token_layerwise,undisclosed,k9,target_time_slope,30,3.0,0.07288821415002461,False
final_input_token_layerwise,undisclosed,k9,target_time_slope,31,3.0,0.06758341343849902,False
final_input_token_layerwise,undisclosed,k9,target_time_slope,32,3.0,0.06907696045562567,False
final_input_token_layerwise,undisclosed,k9,displayed_driver_outcome_slope,0,0.0001,-1.1102230246251565e-16,False
final_input_token_layerwise,undisclosed,k9,displayed_driver_outcome_slope,1,3.0,0.0009937160997235406,False
final_input_token_layerwise,undisclosed,k9,displayed_driver_outcome_slope,2,100.0,-3.472425393169498e-05,False
final_input_token_layerwise,undisclosed,k9,displayed_driver_outcome_slope,3,100.0,-0.0007723374084518675,False
final_input_token_layerwise,undisclosed,k9,displayed_driver_outcome_slope,4,100.0,-0.00036009046348361995,False
final_input_token_layerwise,undisclosed,k9,displayed_driver_outcome_slope,5,100.0,-0.0001618161774596949,False
final_input_token_layerwise,undisclosed,k9,displayed_driver_outcome_slope,6,100.0,-0.0002445639666144306,False
final_input_token_layerwise,undisclosed,k9,displayed_driver_outcome_slope,7,100.0,-0.000629874928021773,False
final_input_token_layerwise,undisclosed,k9,displayed_driver_outcome_slope,8,100.0,-0.0009797469443125761,False
final_input_token_layerwise,undisclosed,k9,displayed_driver_outcome_slope,9,100.0,-0.0008410405811646315,False
final_input_token_layerwise,undisclosed,k9,displayed_driver_outcome_slope,10,100.0,-0.0008999571548763408,False
final_input_token_layerwise,undisclosed,k9,displayed_driver_outcome_slope,11,100.0,-9.108131619806059e-05,False
final_input_token_layerwise,undisclosed,k9,displayed_driver_outcome_slope,12,100.0,-0.00041769233833377495,False
final_input_token_layerwise,undisclosed,k9,displayed_driver_outcome_slope,13,3.0,0.008537063231061931,False
final_input_token_layerwise,undisclosed,k9,displayed_driver_outcome_slope,14,3.0,0.01635697899133931,False
final_input_token_layerwise,undisclosed,k9,displayed_driver_outcome_slope,15,3.0,0.036540271209919595,False
final_input_token_layerwise,undisclosed,k9,displayed_driver_outcome_slope,16,3.0,0.040309729891280816,False
final_input_token_layerwise,undisclosed,k9,displayed_driver_outcome_slope,17,0.1,0.03769570963360416,False
final_input_token_layerwise,undisclosed,k9,displayed_driver_outcome_slope,18,3.0,0.00237768936336899,False
final_input_token_layerwise,undisclosed,k9,displayed_driver_outcome_slope,19,3.0,0.0014578365732047516,False
final_input_token_layerwise,undisclosed,k9,displayed_driver_outcome_slope,20,100.0,-0.0007997488688905874,False
final_input_token_layerwise,undisclosed,k9,displayed_driver_outcome_slope,21,3.0,0.0016187373669843408,False
final_input_token_layerwise,undisclosed,k9,displayed_driver_outcome_slope,22,100.0,-0.0008268185222867486,False
final_input_token_layerwise,undisclosed,k9,displayed_driver_outcome_slope,23,100.0,-0.0009462203140495895,False
final_input_token_layerwise,undisclosed,k9,displayed_driver_outcome_slope,24,100.0,-0.0010936381018001595,False
final_input_token_layerwise,undisclosed,k9,displayed_driver_outcome_slope,25,100.0,-0.0009216551568750342,False
final_input_token_layerwise,undisclosed,k9,displayed_driver_outcome_slope,26,100.0,-0.0006316124520365229,False
final_input_token_layerwise,undisclosed,k9,displayed_driver_outcome_slope,27,3.0,0.001178057688380696,False
final_input_token_layerwise,undisclosed,k9,displayed_driver_outcome_slope,28,3.0,0.00515371797531064,False
final_input_token_layerwise,undisclosed,k9,displayed_driver_outcome_slope,29,3.0,0.0306076800165532,False
final_input_token_layerwise,undisclosed,k9,displayed_driver_outcome_slope,30,3.0,0.042339809970078274,False
final_input_token_layerwise,undisclosed,k9,displayed_driver_outcome_slope,31,3.0,0.04473207594464104,False
final_input_token_layerwise,undisclosed,k9,displayed_driver_outcome_slope,32,3.0,0.06940145886228422,True
final_input_token_layerwise,undisclosed,k9,oracle_posterior_gain,0,0.0001,0.0,False
final_input_token_layerwise,undisclosed,k9,oracle_posterior_gain,1,100.0,-0.00014962764977732856,False
final_input_token_layerwise,undisclosed,k9,oracle_posterior_gain,2,3.0,0.0032431691222356007,False
final_input_token_layerwise,undisclosed,k9,oracle_posterior_gain,3,100.0,-0.00012746161286203428,False
final_input_token_layerwise,undisclosed,k9,oracle_posterior_gain,4,100.0,-0.0002671671343418003,False
final_input_token_layerwise,undisclosed,k9,oracle_posterior_gain,5,100.0,-0.0001493998056247836,False
final_input_token_layerwise,undisclosed,k9,oracle_posterior_gain,6,100.0,-0.0002505338733369,False
final_input_token_layerwise,undisclosed,k9,oracle_posterior_gain,7,100.0,2.3448144180482355e-05,False
final_input_token_layerwise,undisclosed,k9,oracle_posterior_gain,8,3.0,0.0022766429592895876,False
final_input_token_layerwise,undisclosed,k9,oracle_posterior_gain,9,3.0,0.025464525800018623,False
final_input_token_layerwise,undisclosed,k9,oracle_posterior_gain,10,0.1,0.058076255301777374,False
final_input_token_layerwise,undisclosed,k9,oracle_posterior_gain,11,0.1,0.165746253184651,False
final_input_token_layerwise,undisclosed,k9,oracle_posterior_gain,12,0.1,0.044992775628244164,False
final_input_token_layerwise,undisclosed,k9,oracle_posterior_gain,13,3.0,0.012303353006303391,False
final_input_token_layerwise,undisclosed,k9,oracle_posterior_gain,14,3.0,0.041061905711268665,False
final_input_token_layerwise,undisclosed,k9,oracle_posterior_gain,15,0.1,0.15284518429604435,False
final_input_token_layerwise,undisclosed,k9,oracle_posterior_gain,16,0.1,0.20351803226039514,False
final_input_token_layerwise,undisclosed,k9,oracle_posterior_gain,17,0.1,0.18204946880234513,False
final_input_token_layerwise,undisclosed,k9,oracle_posterior_gain,18,3.0,0.1503465467214882,False
final_input_token_layerwise,undisclosed,k9,oracle_posterior_gain,19,3.0,0.14118390440060116,False
final_input_token_layerwise,undisclosed,k9,oracle_posterior_gain,20,3.0,0.12784026255209402,False
final_input_token_layerwise,undisclosed,k9,oracle_posterior_gain,21,3.0,0.1252410715939706,False
final_input_token_layerwise,undisclosed,k9,oracle_posterior_gain,22,3.0,0.12953004999874965,False
final_input_token_layerwise,undisclosed,k9,oracle_posterior_gain,23,3.0,0.1281325751790913,False
final_input_token_layerwise,undisclosed,k9,oracle_posterior_gain,24,3.0,0.13951149160027024,False
final_input_token_layerwise,undisclosed,k9,oracle_posterior_gain,25,3.0,0.14070770377132963,False
final_input_token_layerwise,undisclosed,k9,oracle_posterior_gain,26,0.1,0.14405579826668416,False
final_input_token_layerwise,undisclosed,k9,oracle_posterior_gain,27,3.0,0.13420410948544592,False
final_input_token_layerwise,undisclosed,k9,oracle_posterior_gain,28,0.1,0.18941299312962714,False
final_input_token_layerwise,undisclosed,k9,oracle_posterior_gain,29,0.1,0.2689260331236777,False
final_input_token_layerwise,undisclosed,k9,oracle_posterior_gain,30,0.1,0.28363856056599884,False
final_input_token_layerwise,undisclosed,k9,oracle_posterior_gain,31,0.1,0.28782468536755407,False
final_input_token_layerwise,undisclosed,k9,oracle_posterior_gain,32,0.1,0.33760683211601605,True
final_input_token_layerwise,undisclosed,pooled,gain,0,0.0001,0.0,False
final_input_token_layerwise,undisclosed,pooled,gain,1,100.0,-0.0018344844233601314,False
final_input_token_layerwise,undisclosed,pooled,gain,2,100.0,-0.0013084878129314137,False
final_input_token_layerwise,undisclosed,pooled,gain,3,100.0,-0.00467930088098481,False
final_input_token_layerwise,undisclosed,pooled,gain,4,100.0,-0.00623641878910471,False
final_input_token_layerwise,undisclosed,pooled,gain,5,100.0,-0.004421641168834746,False
final_input_token_layerwise,undisclosed,pooled,gain,6,100.0,-0.003171839865763859,False
final_input_token_layerwise,undisclosed,pooled,gain,7,100.0,-0.004578518222847837,False
final_input_token_layerwise,undisclosed,pooled,gain,8,100.0,-0.005293123075860236,False
final_input_token_layerwise,undisclosed,pooled,gain,9,3.0,0.003525943250809747,False
final_input_token_layerwise,undisclosed,pooled,gain,10,100.0,0.0033255927396259877,False
final_input_token_layerwise,undisclosed,pooled,gain,11,3.0,0.044889662475453444,False
final_input_token_layerwise,undisclosed,pooled,gain,12,3.0,0.02675246114298427,False
final_input_token_layerwise,undisclosed,pooled,gain,13,3.0,0.037017154615699654,False
final_input_token_layerwise,undisclosed,pooled,gain,14,3.0,0.06918742417051449,False
final_input_token_layerwise,undisclosed,pooled,gain,15,3.0,0.17111190464599088,False
final_input_token_layerwise,undisclosed,pooled,gain,16,3.0,0.15733895951990176,False
final_input_token_layerwise,undisclosed,pooled,gain,17,3.0,0.14074702997747476,False
final_input_token_layerwise,undisclosed,pooled,gain,18,3.0,0.13877120639840748,False
final_input_token_layerwise,undisclosed,pooled,gain,19,3.0,0.13484698806578846,False
final_input_token_layerwise,undisclosed,pooled,gain,20,3.0,0.12427032442649234,False
final_input_token_layerwise,undisclosed,pooled,gain,21,3.0,0.12303473088757495,False
final_input_token_layerwise,undisclosed,pooled,gain,22,3.0,0.1265014687942598,False
final_input_token_layerwise,undisclosed,pooled,gain,23,3.0,0.12177984094237326,False
final_input_token_layerwise,undisclosed,pooled,gain,24,3.0,0.13372704020953427,False
final_input_token_layerwise,undisclosed,pooled,gain,25,3.0,0.13575008447840695,False
final_input_token_layerwise,undisclosed,pooled,gain,26,3.0,0.1381873131319195,False
final_input_token_layerwise,undisclosed,pooled,gain,27,3.0,0.14789809595381276,False
final_input_token_layerwise,undisclosed,pooled,gain,28,3.0,0.16384536511370734,False
final_input_token_layerwise,undisclosed,pooled,gain,29,3.0,0.2062405889805016,False
final_input_token_layerwise,undisclosed,pooled,gain,30,3.0,0.21138405007970462,False
final_input_token_layerwise,undisclosed,pooled,gain,31,3.0,0.2086865535880018,False
final_input_token_layerwise,undisclosed,pooled,gain,32,3.0,0.22123171009017825,True
final_input_token_layerwise,undisclosed,pooled,response_residual,0,0.0001,-2.7755575615628914e-17,False
final_input_token_layerwise,undisclosed,pooled,response_residual,1,100.0,-0.000522649877283519,False
final_input_token_layerwise,undisclosed,pooled,response_residual,2,100.0,-0.0014386461910829984,False
final_input_token_layerwise,undisclosed,pooled,response_residual,3,100.0,-0.006206575472369015,False
final_input_token_layerwise,undisclosed,pooled,response_residual,4,100.0,-0.007475253940521065,False
final_input_token_layerwise,undisclosed,pooled,response_residual,5,100.0,-0.005389390157013525,False
final_input_token_layerwise,undisclosed,pooled,response_residual,6,100.0,-0.003458547525576283,False
final_input_token_layerwise,undisclosed,pooled,response_residual,7,100.0,-0.004733919523558422,False
final_input_token_layerwise,undisclosed,pooled,response_residual,8,100.0,-0.007966377306402558,False
final_input_token_layerwise,undisclosed,pooled,response_residual,9,100.0,-0.004010347869154912,False
final_input_token_layerwise,undisclosed,pooled,response_residual,10,100.0,-0.0024916243392282913,False
final_input_token_layerwise,undisclosed,pooled,response_residual,11,100.0,0.0011164241567463058,False
final_input_token_layerwise,undisclosed,pooled,response_residual,12,100.0,0.00036895421150099733,False
final_input_token_layerwise,undisclosed,pooled,response_residual,13,100.0,0.0025491922929420283,False
final_input_token_layerwise,undisclosed,pooled,response_residual,14,100.0,0.005180050669994431,False
final_input_token_layerwise,undisclosed,pooled,response_residual,15,100.0,0.023607866934685223,False
final_input_token_layerwise,undisclosed,pooled,response_residual,16,100.0,0.02919241275210348,False
final_input_token_layerwise,undisclosed,pooled,response_residual,17,100.0,0.024063093207893915,False
final_input_token_layerwise,undisclosed,pooled,response_residual,18,100.0,0.019302440153428163,False
final_input_token_layerwise,undisclosed,pooled,response_residual,19,100.0,0.01686468438656215,False
final_input_token_layerwise,undisclosed,pooled,response_residual,20,100.0,0.014236937591128438,False
final_input_token_layerwise,undisclosed,pooled,response_residual,21,100.0,0.012657437341395794,False
final_input_token_layerwise,undisclosed,pooled,response_residual,22,100.0,0.013418523306051719,False
final_input_token_layerwise,undisclosed,pooled,response_residual,23,100.0,0.012492003167794502,False
final_input_token_layerwise,undisclosed,pooled,response_residual,24,100.0,0.013502149593427206,False
final_input_token_layerwise,undisclosed,pooled,response_residual,25,100.0,0.013951790712426804,False
final_input_token_layerwise,undisclosed,pooled,response_residual,26,100.0,0.013688606618900026,False
final_input_token_layerwise,undisclosed,pooled,response_residual,27,3.0,0.035312205899641604,False
final_input_token_layerwise,undisclosed,pooled,response_residual,28,3.0,0.05323379734800324,False
final_input_token_layerwise,undisclosed,pooled,response_residual,29,3.0,0.11186979414895983,False
final_input_token_layerwise,undisclosed,pooled,response_residual,30,3.0,0.12625696845113074,False
final_input_token_layerwise,undisclosed,pooled,response_residual,31,3.0,0.1290936962418704,False
final_input_token_layerwise,undisclosed,pooled,response_residual,32,3.0,0.13786651047051965,True
mean_embedding,disclosed,k3,gain,0,100.0,-0.0009589042439733797,True
mean_embedding,disclosed,k3,response_residual,0,100.0,-0.001110632918032206,True
mean_embedding,disclosed,k6,gain,0,100.0,0.00021211892006114952,True
mean_embedding,disclosed,k6,response_residual,0,100.0,-0.00013133361583325676,True
mean_embedding,disclosed,k9,gain,0,3.0,0.011837593116618,True
mean_embedding,disclosed,k9,response_residual,0,100.0,0.0006193826779181399,True
mean_embedding,disclosed,pooled,gain,0,100.0,0.0020260137296078486,True
mean_embedding,disclosed,pooled,response_residual,0,100.0,-0.0013023204868278422,True
mean_embedding,undisclosed,k3,gain,0,100.0,-0.0010713728368005326,True
mean_embedding,undisclosed,k3,response_residual,0,100.0,-0.0012090417576992585,True
mean_embedding,undisclosed,k6,gain,0,100.0,0.00013838781628436325,True
mean_embedding,undisclosed,k6,response_residual,0,100.0,-0.00018889621886128416,True
mean_embedding,undisclosed,k9,gain,0,3.0,0.010394026080614294,True
mean_embedding,undisclosed,k9,response_residual,0,100.0,0.0006058295235571998,True
mean_embedding,undisclosed,pooled,gain,0,100.0,0.0020023985455211632,True
mean_embedding,undisclosed,pooled,response_residual,0,100.0,-0.0013306504888029962,True
mean_final_layer,disclosed,k3,gain,0,100.0,-0.00024657592313045984,True
mean_final_layer,disclosed,k3,response_residual,0,100.0,-0.00017313167946939045,True
mean_final_layer,disclosed,k6,gain,0,100.0,-0.0001384124527267494,True
mean_final_layer,disclosed,k6,response_residual,0,100.0,-0.0001207412121905227,True
mean_final_layer,disclosed,k9,gain,0,0.1,0.052322167546882264,True
mean_final_layer,disclosed,k9,response_residual,0,3.0,0.005036759397820972,True
mean_final_layer,disclosed,pooled,gain,0,100.0,0.001797462969198314,True
mean_final_layer,disclosed,pooled,response_residual,0,100.0,-0.0005654158163341435,True
mean_final_layer,undisclosed,k3,gain,0,100.0,-5.594307959605471e-05,True
mean_final_layer,undisclosed,k3,response_residual,0,100.0,-0.0002803806643136286,True
mean_final_layer,undisclosed,k6,gain,0,100.0,-5.016048452244348e-05,True
mean_final_layer,undisclosed,k6,response_residual,0,100.0,-0.00024714744231757457,True
mean_final_layer,undisclosed,k9,gain,0,3.0,0.0074745788567248395,True
mean_final_layer,undisclosed,k9,response_residual,0,100.0,0.00014691034973310368,True
mean_final_layer,undisclosed,pooled,gain,0,100.0,-0.0027568672916519856,True
mean_final_layer,undisclosed,pooled,response_residual,0,100.0,-0.00681335501132919,True
