representation,train_disclosure,evidence,target,layer,alpha,cv_macro_development_baseline_r2,selected
final_input_token_layerwise,disclosed,k3,gain,0,0.0001,0.0,False
final_input_token_layerwise,disclosed,k3,gain,1,100.0,8.704187128999452e-05,False
final_input_token_layerwise,disclosed,k3,gain,2,100.0,0.00107651347767998,False
final_input_token_layerwise,disclosed,k3,gain,3,100.0,0.0010917398542610035,False
final_input_token_layerwise,disclosed,k3,gain,4,100.0,0.0007420176722223726,False
final_input_token_layerwise,disclosed,k3,gain,5,3.0,0.0024137157021346944,True
final_input_token_layerwise,disclosed,k3,gain,6,100.0,0.0004473856641878382,False
final_input_token_layerwise,disclosed,k3,gain,7,100.0,0.0002490452815055444,False
final_input_token_layerwise,disclosed,k3,gain,8,100.0,-0.00017472291302039755,False
final_input_token_layerwise,disclosed,k3,gain,9,100.0,-0.0008326306042098774,False
final_input_token_layerwise,disclosed,k3,gain,10,100.0,-0.00042433050627413427,False
final_input_token_layerwise,disclosed,k3,gain,11,100.0,-0.00029141117860934096,False
final_input_token_layerwise,disclosed,k3,gain,12,100.0,-8.219176143806073e-05,False
final_input_token_layerwise,disclosed,k3,gain,13,100.0,-0.00020817878573170523,False
final_input_token_layerwise,disclosed,k3,gain,14,100.0,-0.0005815291015250079,False
final_input_token_layerwise,disclosed,k3,gain,15,100.0,-0.0007016214681649091,False
final_input_token_layerwise,disclosed,k3,gain,16,100.0,-0.0006971716059215316,False
final_input_token_layerwise,disclosed,k3,gain,17,100.0,-0.0010223566135271756,False
final_input_token_layerwise,disclosed,k3,gain,18,100.0,-0.0008805263169183175,False
final_input_token_layerwise,disclosed,k3,gain,19,100.0,-0.0010470565985789548,False
final_input_token_layerwise,disclosed,k3,gain,20,100.0,-0.0007922418079475968,False
final_input_token_layerwise,disclosed,k3,gain,21,100.0,-0.0006401063763252501,False
final_input_token_layerwise,disclosed,k3,gain,22,100.0,-0.000632647344425058,False
final_input_token_layerwise,disclosed,k3,gain,23,100.0,-0.0006149381509580054,False
final_input_token_layerwise,disclosed,k3,gain,24,100.0,-0.0009235985031205707,False
final_input_token_layerwise,disclosed,k3,gain,25,100.0,-0.0009576935730719605,False
final_input_token_layerwise,disclosed,k3,gain,26,100.0,-0.0008593258102472245,False
final_input_token_layerwise,disclosed,k3,gain,27,100.0,-0.0010652924511183048,False
final_input_token_layerwise,disclosed,k3,gain,28,100.0,-0.0009169886436795061,False
final_input_token_layerwise,disclosed,k3,gain,29,100.0,-0.0009373772632593758,False
final_input_token_layerwise,disclosed,k3,gain,30,100.0,-0.001086298776636574,False
final_input_token_layerwise,disclosed,k3,gain,31,100.0,-0.0007531430314530185,False
final_input_token_layerwise,disclosed,k3,gain,32,100.0,-0.0008730580169679092,False
final_input_token_layerwise,disclosed,k3,gain,33,100.0,-0.000918453956890497,False
final_input_token_layerwise,disclosed,k3,gain,34,100.0,-0.0013045274687228936,False
final_input_token_layerwise,disclosed,k3,gain,35,100.0,-0.001492197408925755,False
final_input_token_layerwise,disclosed,k3,gain,36,100.0,-0.0013357882891931738,False
final_input_token_layerwise,disclosed,k3,response_residual,0,0.0001,-2.7755575615628914e-17,False
final_input_token_layerwise,disclosed,k3,response_residual,1,100.0,-0.00014342961921354203,False
final_input_token_layerwise,disclosed,k3,response_residual,2,100.0,0.0005574418234993161,False
final_input_token_layerwise,disclosed,k3,response_residual,3,100.0,0.0007160885171526299,True
final_input_token_layerwise,disclosed,k3,response_residual,4,100.0,0.0003699846818831787,False
final_input_token_layerwise,disclosed,k3,response_residual,5,100.0,0.0002486105993018961,False
final_input_token_layerwise,disclosed,k3,response_residual,6,100.0,2.679365009089496e-05,False
final_input_token_layerwise,disclosed,k3,response_residual,7,100.0,-0.00018762130992425186,False
final_input_token_layerwise,disclosed,k3,response_residual,8,100.0,-0.0006119968717795132,False
final_input_token_layerwise,disclosed,k3,response_residual,9,100.0,-0.0009881869530095344,False
final_input_token_layerwise,disclosed,k3,response_residual,10,100.0,-0.0005467286713956021,False
final_input_token_layerwise,disclosed,k3,response_residual,11,100.0,-0.000356561349508705,False
final_input_token_layerwise,disclosed,k3,response_residual,12,100.0,-0.00016809182725394112,False
final_input_token_layerwise,disclosed,k3,response_residual,13,100.0,-0.00025512542456490594,False
final_input_token_layerwise,disclosed,k3,response_residual,14,100.0,-0.0005373020808040196,False
final_input_token_layerwise,disclosed,k3,response_residual,15,100.0,-0.000480377490432643,False
final_input_token_layerwise,disclosed,k3,response_residual,16,100.0,-0.00041568865856919657,False
final_input_token_layerwise,disclosed,k3,response_residual,17,100.0,-0.0005439261560007125,False
final_input_token_layerwise,disclosed,k3,response_residual,18,100.0,-0.00040249716341517194,False
final_input_token_layerwise,disclosed,k3,response_residual,19,100.0,-0.0003988522020609564,False
final_input_token_layerwise,disclosed,k3,response_residual,20,100.0,-0.00019010717325654292,False
final_input_token_layerwise,disclosed,k3,response_residual,21,100.0,-0.00012396105714382322,False
final_input_token_layerwise,disclosed,k3,response_residual,22,100.0,-0.00021174297668125064,False
final_input_token_layerwise,disclosed,k3,response_residual,23,100.0,0.00021342530544729565,False
final_input_token_layerwise,disclosed,k3,response_residual,24,100.0,1.936154068665763e-05,False
final_input_token_layerwise,disclosed,k3,response_residual,25,100.0,1.8892095728861857e-05,False
final_input_token_layerwise,disclosed,k3,response_residual,26,100.0,8.286462327450339e-05,False
final_input_token_layerwise,disclosed,k3,response_residual,27,100.0,1.6780296427348906e-05,False
final_input_token_layerwise,disclosed,k3,response_residual,28,100.0,5.1288322559794874e-06,False
final_input_token_layerwise,disclosed,k3,response_residual,29,100.0,-0.0001401829821864875,False
final_input_token_layerwise,disclosed,k3,response_residual,30,100.0,-0.00034139054352175235,False
final_input_token_layerwise,disclosed,k3,response_residual,31,100.0,0.00018308619438631157,False
final_input_token_layerwise,disclosed,k3,response_residual,32,100.0,-5.759221636980616e-06,False
final_input_token_layerwise,disclosed,k3,response_residual,33,100.0,-0.00011191938636570531,False
final_input_token_layerwise,disclosed,k3,response_residual,34,100.0,-0.0005548088641752769,False
final_input_token_layerwise,disclosed,k3,response_residual,35,100.0,-0.000793071733738826,False
final_input_token_layerwise,disclosed,k3,response_residual,36,100.0,-0.0007341227336283285,False
final_input_token_layerwise,disclosed,k3,last_target_observation,0,0.0001,-8.326672684688674e-17,False
final_input_token_layerwise,disclosed,k3,last_target_observation,1,0.1,0.09824665907602459,False
final_input_token_layerwise,disclosed,k3,last_target_observation,2,0.1,0.02614443649752035,False
final_input_token_layerwise,disclosed,k3,last_target_observation,3,0.1,0.038366211159089114,False
final_input_token_layerwise,disclosed,k3,last_target_observation,4,3.0,0.005318325491152298,False
final_input_token_layerwise,disclosed,k3,last_target_observation,5,3.0,0.006832526806243716,False
final_input_token_layerwise,disclosed,k3,last_target_observation,6,3.0,0.002766568981109274,False
final_input_token_layerwise,disclosed,k3,last_target_observation,7,100.0,0.0003008107573542751,False
final_input_token_layerwise,disclosed,k3,last_target_observation,8,3.0,0.001082837356976396,False
final_input_token_layerwise,disclosed,k3,last_target_observation,9,3.0,0.011735043363447245,False
final_input_token_layerwise,disclosed,k3,last_target_observation,10,3.0,0.008079519969996146,False
final_input_token_layerwise,disclosed,k3,last_target_observation,11,3.0,0.0033917085839758887,False
final_input_token_layerwise,disclosed,k3,last_target_observation,12,3.0,0.0006798900012983111,False
final_input_token_layerwise,disclosed,k3,last_target_observation,13,3.0,0.0006547925197563365,False
final_input_token_layerwise,disclosed,k3,last_target_observation,14,100.0,-0.0004757719180264186,False
final_input_token_layerwise,disclosed,k3,last_target_observation,15,100.0,-0.00026612186652388847,False
final_input_token_layerwise,disclosed,k3,last_target_observation,16,100.0,-0.0006764680691134783,False
final_input_token_layerwise,disclosed,k3,last_target_observation,17,100.0,-0.00041091501087855975,False
final_input_token_layerwise,disclosed,k3,last_target_observation,18,100.0,-0.00019804993077623956,False
final_input_token_layerwise,disclosed,k3,last_target_observation,19,100.0,-0.0007956744892925749,False
final_input_token_layerwise,disclosed,k3,last_target_observation,20,100.0,2.6821806582782992e-05,False
final_input_token_layerwise,disclosed,k3,last_target_observation,21,3.0,0.10095838769864626,True
final_input_token_layerwise,disclosed,k3,last_target_observation,22,3.0,0.08780217963631412,False
final_input_token_layerwise,disclosed,k3,last_target_observation,23,3.0,0.0734432184881934,False
final_input_token_layerwise,disclosed,k3,last_target_observation,24,3.0,0.06693819346244573,False
final_input_token_layerwise,disclosed,k3,last_target_observation,25,3.0,0.06750985465487219,False
final_input_token_layerwise,disclosed,k3,last_target_observation,26,3.0,0.04959736854881536,False
final_input_token_layerwise,disclosed,k3,last_target_observation,27,3.0,0.03855001030847985,False
final_input_token_layerwise,disclosed,k3,last_target_observation,28,3.0,0.042288848658100064,False
final_input_token_layerwise,disclosed,k3,last_target_observation,29,3.0,0.032990364985655996,False
final_input_token_layerwise,disclosed,k3,last_target_observation,30,3.0,0.032770609771460874,False
final_input_token_layerwise,disclosed,k3,last_target_observation,31,3.0,0.028587653699381543,False
final_input_token_layerwise,disclosed,k3,last_target_observation,32,3.0,0.02549056785108353,False
final_input_token_layerwise,disclosed,k3,last_target_observation,33,3.0,0.034996356062024725,False
final_input_token_layerwise,disclosed,k3,last_target_observation,34,3.0,0.03194415125894459,False
final_input_token_layerwise,disclosed,k3,last_target_observation,35,3.0,0.032394483398724,False
final_input_token_layerwise,disclosed,k3,last_target_observation,36,3.0,0.03205561812653884,False
final_input_token_layerwise,disclosed,k3,target_observation_mean,0,0.0001,5.551115123125783e-17,False
final_input_token_layerwise,disclosed,k3,target_observation_mean,1,3.0,0.0574675442985903,False
final_input_token_layerwise,disclosed,k3,target_observation_mean,2,3.0,0.013937775812236375,False
final_input_token_layerwise,disclosed,k3,target_observation_mean,3,3.0,0.010089474590406239,False
final_input_token_layerwise,disclosed,k3,target_observation_mean,4,3.0,0.01080586607401715,False
final_input_token_layerwise,disclosed,k3,target_observation_mean,5,3.0,0.009312765181961558,False
final_input_token_layerwise,disclosed,k3,target_observation_mean,6,3.0,0.011242259140023136,False
final_input_token_layerwise,disclosed,k3,target_observation_mean,7,3.0,0.00952006832586838,False
final_input_token_layerwise,disclosed,k3,target_observation_mean,8,3.0,0.016215214317070653,False
final_input_token_layerwise,disclosed,k3,target_observation_mean,9,3.0,0.013540146873865039,False
final_input_token_layerwise,disclosed,k3,target_observation_mean,10,3.0,0.011864050520110081,False
final_input_token_layerwise,disclosed,k3,target_observation_mean,11,3.0,0.0044729498607614104,False
final_input_token_layerwise,disclosed,k3,target_observation_mean,12,100.0,-8.377482372612377e-05,False
final_input_token_layerwise,disclosed,k3,target_observation_mean,13,100.0,-0.00023422910200610048,False
final_input_token_layerwise,disclosed,k3,target_observation_mean,14,100.0,-0.00037176257615573194,False
final_input_token_layerwise,disclosed,k3,target_observation_mean,15,100.0,-9.306038784578918e-05,False
final_input_token_layerwise,disclosed,k3,target_observation_mean,16,100.0,-1.907135251347225e-05,False
final_input_token_layerwise,disclosed,k3,target_observation_mean,17,100.0,0.0001732452667073392,False
final_input_token_layerwise,disclosed,k3,target_observation_mean,18,3.0,0.009232714350024762,False
final_input_token_layerwise,disclosed,k3,target_observation_mean,19,100.0,0.0003444599426117856,False
final_input_token_layerwise,disclosed,k3,target_observation_mean,20,100.0,0.0006858113837595881,False
final_input_token_layerwise,disclosed,k3,target_observation_mean,21,3.0,0.07206590615850988,True
final_input_token_layerwise,disclosed,k3,target_observation_mean,22,3.0,0.0707495885955329,False
final_input_token_layerwise,disclosed,k3,target_observation_mean,23,3.0,0.05865540816980977,False
final_input_token_layerwise,disclosed,k3,target_observation_mean,24,3.0,0.042567691311317574,False
final_input_token_layerwise,disclosed,k3,target_observation_mean,25,3.0,0.04607877278906036,False
final_input_token_layerwise,disclosed,k3,target_observation_mean,26,3.0,0.040089074542565384,False
final_input_token_layerwise,disclosed,k3,target_observation_mean,27,3.0,0.030410133329417027,False
final_input_token_layerwise,disclosed,k3,target_observation_mean,28,3.0,0.030391099129190663,False
final_input_token_layerwise,disclosed,k3,target_observation_mean,29,3.0,0.030508505497965188,False
final_input_token_layerwise,disclosed,k3,target_observation_mean,30,3.0,0.03651797037844309,False
final_input_token_layerwise,disclosed,k3,target_observation_mean,31,3.0,0.036904853138925386,False
final_input_token_layerwise,disclosed,k3,target_observation_mean,32,3.0,0.03507815267474623,False
final_input_token_layerwise,disclosed,k3,target_observation_mean,33,3.0,0.029912098978372742,False
final_input_token_layerwise,disclosed,k3,target_observation_mean,34,3.0,0.018223119814310684,False
final_input_token_layerwise,disclosed,k3,target_observation_mean,35,3.0,0.017347101971730977,False
final_input_token_layerwise,disclosed,k3,target_observation_mean,36,3.0,0.022184959499780638,False
final_input_token_layerwise,disclosed,k3,target_time_slope,0,0.0001,0.0,False
final_input_token_layerwise,disclosed,k3,target_time_slope,1,100.0,-0.0006663067524109445,False
final_input_token_layerwise,disclosed,k3,target_time_slope,2,100.0,-0.0033587169687397667,False
final_input_token_layerwise,disclosed,k3,target_time_slope,3,0.1,0.03766567163008688,True
final_input_token_layerwise,disclosed,k3,target_time_slope,4,100.0,-0.000862690858363574,False
final_input_token_layerwise,disclosed,k3,target_time_slope,5,0.1,0.0067738782094571015,False
final_input_token_layerwise,disclosed,k3,target_time_slope,6,100.0,-0.001085577565191509,False
final_input_token_layerwise,disclosed,k3,target_time_slope,7,100.0,-0.0009183896602635855,False
final_input_token_layerwise,disclosed,k3,target_time_slope,8,100.0,-0.00048327507675363646,False
final_input_token_layerwise,disclosed,k3,target_time_slope,9,100.0,0.0004990017036222705,False
final_input_token_layerwise,disclosed,k3,target_time_slope,10,100.0,0.0003763399208089324,False
final_input_token_layerwise,disclosed,k3,target_time_slope,11,100.0,5.6816673875581536e-05,False
final_input_token_layerwise,disclosed,k3,target_time_slope,12,100.0,0.0004839950040973484,False
final_input_token_layerwise,disclosed,k3,target_time_slope,13,100.0,0.0002524065046558832,False
final_input_token_layerwise,disclosed,k3,target_time_slope,14,100.0,-0.0002672782937309104,False
final_input_token_layerwise,disclosed,k3,target_time_slope,15,100.0,-0.0003271211344816338,False
final_input_token_layerwise,disclosed,k3,target_time_slope,16,100.0,-0.0008633684914216844,False
final_input_token_layerwise,disclosed,k3,target_time_slope,17,100.0,-0.0005337987865335625,False
final_input_token_layerwise,disclosed,k3,target_time_slope,18,100.0,-0.0006825247931628031,False
final_input_token_layerwise,disclosed,k3,target_time_slope,19,100.0,-0.0008018358146085758,False
final_input_token_layerwise,disclosed,k3,target_time_slope,20,100.0,-0.0003864111703144324,False
final_input_token_layerwise,disclosed,k3,target_time_slope,21,3.0,0.024722720273987975,False
final_input_token_layerwise,disclosed,k3,target_time_slope,22,3.0,0.01565353489390292,False
final_input_token_layerwise,disclosed,k3,target_time_slope,23,3.0,0.00984178283399062,False
final_input_token_layerwise,disclosed,k3,target_time_slope,24,3.0,0.008516871712518859,False
final_input_token_layerwise,disclosed,k3,target_time_slope,25,3.0,0.007587475308177466,False
final_input_token_layerwise,disclosed,k3,target_time_slope,26,100.0,0.00036358450905790707,False
final_input_token_layerwise,disclosed,k3,target_time_slope,27,100.0,0.0006943053552265488,False
final_input_token_layerwise,disclosed,k3,target_time_slope,28,100.0,0.0008695641672614163,False
final_input_token_layerwise,disclosed,k3,target_time_slope,29,100.0,0.0006843892379070071,False
final_input_token_layerwise,disclosed,k3,target_time_slope,30,100.0,0.0005324275220269237,False
final_input_token_layerwise,disclosed,k3,target_time_slope,31,100.0,0.0008575565286362274,False
final_input_token_layerwise,disclosed,k3,target_time_slope,32,100.0,0.0005996485447701538,False
final_input_token_layerwise,disclosed,k3,target_time_slope,33,3.0,0.005143258548025775,False
final_input_token_layerwise,disclosed,k3,target_time_slope,34,3.0,0.007102162723202632,False
final_input_token_layerwise,disclosed,k3,target_time_slope,35,3.0,0.0017509370018757298,False
final_input_token_layerwise,disclosed,k3,target_time_slope,36,100.0,0.0013484999834222078,False
final_input_token_layerwise,disclosed,k3,displayed_driver_outcome_slope,0,0.0001,5.551115123125783e-17,False
final_input_token_layerwise,disclosed,k3,displayed_driver_outcome_slope,1,100.0,-0.0013620482642620058,False
final_input_token_layerwise,disclosed,k3,displayed_driver_outcome_slope,2,3.0,0.038427555220085674,False
final_input_token_layerwise,disclosed,k3,displayed_driver_outcome_slope,3,3.0,0.03678996030081527,False
final_input_token_layerwise,disclosed,k3,displayed_driver_outcome_slope,4,3.0,0.031736126225381606,False
final_input_token_layerwise,disclosed,k3,displayed_driver_outcome_slope,5,3.0,0.039634907471409075,True
final_input_token_layerwise,disclosed,k3,displayed_driver_outcome_slope,6,3.0,0.03768813001202259,False
final_input_token_layerwise,disclosed,k3,displayed_driver_outcome_slope,7,3.0,0.030091094616997244,False
final_input_token_layerwise,disclosed,k3,displayed_driver_outcome_slope,8,3.0,0.03229972887920207,False
final_input_token_layerwise,disclosed,k3,displayed_driver_outcome_slope,9,3.0,0.030519732954658596,False
final_input_token_layerwise,disclosed,k3,displayed_driver_outcome_slope,10,3.0,0.029255220209854688,False
final_input_token_layerwise,disclosed,k3,displayed_driver_outcome_slope,11,3.0,0.027674149179344715,False
final_input_token_layerwise,disclosed,k3,displayed_driver_outcome_slope,12,3.0,0.024920912157161773,False
final_input_token_layerwise,disclosed,k3,displayed_driver_outcome_slope,13,3.0,0.028458405303956075,False
final_input_token_layerwise,disclosed,k3,displayed_driver_outcome_slope,14,3.0,0.027324567726933396,False
final_input_token_layerwise,disclosed,k3,displayed_driver_outcome_slope,15,3.0,0.016919001585078586,False
final_input_token_layerwise,disclosed,k3,displayed_driver_outcome_slope,16,3.0,0.021973611676661425,False
final_input_token_layerwise,disclosed,k3,displayed_driver_outcome_slope,17,3.0,0.017302989765049986,False
final_input_token_layerwise,disclosed,k3,displayed_driver_outcome_slope,18,3.0,0.019650896369629856,False
final_input_token_layerwise,disclosed,k3,displayed_driver_outcome_slope,19,3.0,0.00645085425111977,False
final_input_token_layerwise,disclosed,k3,displayed_driver_outcome_slope,20,100.0,0.0011049090657402894,False
final_input_token_layerwise,disclosed,k3,displayed_driver_outcome_slope,21,100.0,0.0006540663549192416,False
final_input_token_layerwise,disclosed,k3,displayed_driver_outcome_slope,22,100.0,-0.00037297577344602706,False
final_input_token_layerwise,disclosed,k3,displayed_driver_outcome_slope,23,100.0,-8.985419021723118e-05,False
final_input_token_layerwise,disclosed,k3,displayed_driver_outcome_slope,24,100.0,-0.0006251982314715576,False
final_input_token_layerwise,disclosed,k3,displayed_driver_outcome_slope,25,100.0,-0.00040028797519950365,False
final_input_token_layerwise,disclosed,k3,displayed_driver_outcome_slope,26,100.0,-0.00036867762532949433,False
final_input_token_layerwise,disclosed,k3,displayed_driver_outcome_slope,27,100.0,-0.0004374699398186077,False
final_input_token_layerwise,disclosed,k3,displayed_driver_outcome_slope,28,100.0,-0.0004953663080120296,False
final_input_token_layerwise,disclosed,k3,displayed_driver_outcome_slope,29,100.0,-0.00034728409342221767,False
final_input_token_layerwise,disclosed,k3,displayed_driver_outcome_slope,30,100.0,-0.00021663525667664496,False
final_input_token_layerwise,disclosed,k3,displayed_driver_outcome_slope,31,100.0,-9.685341383430801e-06,False
final_input_token_layerwise,disclosed,k3,displayed_driver_outcome_slope,32,100.0,0.00024386105643273148,False
final_input_token_layerwise,disclosed,k3,displayed_driver_outcome_slope,33,100.0,-0.00024100165570631327,False
final_input_token_layerwise,disclosed,k3,displayed_driver_outcome_slope,34,100.0,-0.0003032558406798891,False
final_input_token_layerwise,disclosed,k3,displayed_driver_outcome_slope,35,100.0,-0.00022777765547740692,False
final_input_token_layerwise,disclosed,k3,displayed_driver_outcome_slope,36,100.0,-0.0005163566696656519,False
final_input_token_layerwise,disclosed,k3,oracle_posterior_gain,0,0.0001,0.0,True
final_input_token_layerwise,disclosed,k3,oracle_posterior_gain,1,100.0,-0.0005781120637972925,False
final_input_token_layerwise,disclosed,k3,oracle_posterior_gain,2,100.0,-0.0032101750929470485,False
final_input_token_layerwise,disclosed,k3,oracle_posterior_gain,3,100.0,-0.0021951289316460842,False
final_input_token_layerwise,disclosed,k3,oracle_posterior_gain,4,100.0,-0.0016723473809539258,False
final_input_token_layerwise,disclosed,k3,oracle_posterior_gain,5,100.0,-0.0011716315052890391,False
final_input_token_layerwise,disclosed,k3,oracle_posterior_gain,6,100.0,-0.0009094677301709764,False
final_input_token_layerwise,disclosed,k3,oracle_posterior_gain,7,100.0,-0.0010121247411697953,False
final_input_token_layerwise,disclosed,k3,oracle_posterior_gain,8,100.0,-0.0008771219483739989,False
final_input_token_layerwise,disclosed,k3,oracle_posterior_gain,9,100.0,-0.0007723916275325926,False
final_input_token_layerwise,disclosed,k3,oracle_posterior_gain,10,100.0,-0.0010690285238932062,False
final_input_token_layerwise,disclosed,k3,oracle_posterior_gain,11,100.0,-0.0010928405092298643,False
final_input_token_layerwise,disclosed,k3,oracle_posterior_gain,12,100.0,-0.0012870518801739728,False
final_input_token_layerwise,disclosed,k3,oracle_posterior_gain,13,100.0,-0.0013298774216476406,False
final_input_token_layerwise,disclosed,k3,oracle_posterior_gain,14,100.0,-0.0012942894974854458,False
final_input_token_layerwise,disclosed,k3,oracle_posterior_gain,15,100.0,-0.0011002868711614822,False
final_input_token_layerwise,disclosed,k3,oracle_posterior_gain,16,100.0,-0.0012520370047067741,False
final_input_token_layerwise,disclosed,k3,oracle_posterior_gain,17,100.0,-0.001778259858166653,False
final_input_token_layerwise,disclosed,k3,oracle_posterior_gain,18,100.0,-0.0019360081565517884,False
final_input_token_layerwise,disclosed,k3,oracle_posterior_gain,19,100.0,-0.002431238775623873,False
final_input_token_layerwise,disclosed,k3,oracle_posterior_gain,20,100.0,-0.002432187479776443,False
final_input_token_layerwise,disclosed,k3,oracle_posterior_gain,21,100.0,-0.002569906606878114,False
final_input_token_layerwise,disclosed,k3,oracle_posterior_gain,22,100.0,-0.002339272195909986,False
final_input_token_layerwise,disclosed,k3,oracle_posterior_gain,23,100.0,-0.0020815090077484777,False
final_input_token_layerwise,disclosed,k3,oracle_posterior_gain,24,100.0,-0.0022876466641778836,False
final_input_token_layerwise,disclosed,k3,oracle_posterior_gain,25,100.0,-0.001993301447109186,False
final_input_token_layerwise,disclosed,k3,oracle_posterior_gain,26,100.0,-0.002144442731236207,False
final_input_token_layerwise,disclosed,k3,oracle_posterior_gain,27,100.0,-0.002148694490537756,False
final_input_token_layerwise,disclosed,k3,oracle_posterior_gain,28,100.0,-0.0020083887371291353,False
final_input_token_layerwise,disclosed,k3,oracle_posterior_gain,29,100.0,-0.002044500029365681,False
final_input_token_layerwise,disclosed,k3,oracle_posterior_gain,30,100.0,-0.0019291625801193812,False
final_input_token_layerwise,disclosed,k3,oracle_posterior_gain,31,100.0,-0.002175311573139993,False
final_input_token_layerwise,disclosed,k3,oracle_posterior_gain,32,100.0,-0.0018481635482023862,False
final_input_token_layerwise,disclosed,k3,oracle_posterior_gain,33,100.0,-0.001890161620796027,False
final_input_token_layerwise,disclosed,k3,oracle_posterior_gain,34,100.0,-0.002186187923040872,False
final_input_token_layerwise,disclosed,k3,oracle_posterior_gain,35,100.0,-0.0023615268006710877,False
final_input_token_layerwise,disclosed,k3,oracle_posterior_gain,36,100.0,-0.0023204756213280886,False
final_input_token_layerwise,disclosed,k6,gain,0,0.0001,0.0,False
final_input_token_layerwise,disclosed,k6,gain,1,3.0,0.008624575817537783,True
final_input_token_layerwise,disclosed,k6,gain,2,100.0,-0.0012734151088253376,False
final_input_token_layerwise,disclosed,k6,gain,3,100.0,-0.0012618772323596539,False
final_input_token_layerwise,disclosed,k6,gain,4,100.0,-0.0010289767719047493,False
final_input_token_layerwise,disclosed,k6,gain,5,100.0,-0.0010760916291782663,False
final_input_token_layerwise,disclosed,k6,gain,6,100.0,-0.0011906302377420463,False
final_input_token_layerwise,disclosed,k6,gain,7,100.0,-0.0011313985808567018,False
final_input_token_layerwise,disclosed,k6,gain,8,100.0,-0.0010132993333862306,False
final_input_token_layerwise,disclosed,k6,gain,9,100.0,-0.00046839622559824434,False
final_input_token_layerwise,disclosed,k6,gain,10,100.0,-0.0005502934011638871,False
final_input_token_layerwise,disclosed,k6,gain,11,100.0,-0.0005271616993451356,False
final_input_token_layerwise,disclosed,k6,gain,12,100.0,-0.0004861329921048707,False
final_input_token_layerwise,disclosed,k6,gain,13,100.0,-3.601537516242925e-05,False
final_input_token_layerwise,disclosed,k6,gain,14,100.0,-0.0004310550647585176,False
final_input_token_layerwise,disclosed,k6,gain,15,100.0,-0.00047053620621648196,False
final_input_token_layerwise,disclosed,k6,gain,16,100.0,-0.0006267491884945076,False
final_input_token_layerwise,disclosed,k6,gain,17,100.0,-0.0004455876487158006,False
final_input_token_layerwise,disclosed,k6,gain,18,100.0,-0.0004931267889045077,False
final_input_token_layerwise,disclosed,k6,gain,19,100.0,-0.0005960562323578666,False
final_input_token_layerwise,disclosed,k6,gain,20,100.0,-0.00048130886811001417,False
final_input_token_layerwise,disclosed,k6,gain,21,100.0,-0.0006712291296855077,False
final_input_token_layerwise,disclosed,k6,gain,22,100.0,-0.0007022783601556559,False
final_input_token_layerwise,disclosed,k6,gain,23,100.0,-0.0008680212163679202,False
final_input_token_layerwise,disclosed,k6,gain,24,100.0,-0.0007021730839856799,False
final_input_token_layerwise,disclosed,k6,gain,25,100.0,-0.0008735125113729925,False
final_input_token_layerwise,disclosed,k6,gain,26,100.0,-0.0010561687626514105,False
final_input_token_layerwise,disclosed,k6,gain,27,100.0,-0.0010647770866445139,False
final_input_token_layerwise,disclosed,k6,gain,28,100.0,-0.0010066199305989731,False
final_input_token_layerwise,disclosed,k6,gain,29,100.0,-0.0008091892301763659,False
final_input_token_layerwise,disclosed,k6,gain,30,100.0,-0.0008236538052652231,False
final_input_token_layerwise,disclosed,k6,gain,31,100.0,-0.0008585758204408545,False
final_input_token_layerwise,disclosed,k6,gain,32,100.0,-0.0009805954714399434,False
final_input_token_layerwise,disclosed,k6,gain,33,100.0,-0.0008631190879503647,False
final_input_token_layerwise,disclosed,k6,gain,34,100.0,-0.0007271166991918154,False
final_input_token_layerwise,disclosed,k6,gain,35,100.0,-0.0004814574592410803,False
final_input_token_layerwise,disclosed,k6,gain,36,100.0,-0.0002106364419713902,False
final_input_token_layerwise,disclosed,k6,response_residual,0,0.0001,-2.7755575615628914e-17,False
final_input_token_layerwise,disclosed,k6,response_residual,1,3.0,0.005326115191236075,True
final_input_token_layerwise,disclosed,k6,response_residual,2,100.0,-0.0013352768934577763,False
final_input_token_layerwise,disclosed,k6,response_residual,3,100.0,-0.001305480372922746,False
final_input_token_layerwise,disclosed,k6,response_residual,4,100.0,-0.0012061569456685295,False
final_input_token_layerwise,disclosed,k6,response_residual,5,100.0,-0.001335837129007117,False
final_input_token_layerwise,disclosed,k6,response_residual,6,100.0,-0.0013305812100444792,False
final_input_token_layerwise,disclosed,k6,response_residual,7,100.0,-0.001299128098638136,False
final_input_token_layerwise,disclosed,k6,response_residual,8,100.0,-0.0012179599654255913,False
final_input_token_layerwise,disclosed,k6,response_residual,9,100.0,-0.0007660874134961249,False
final_input_token_layerwise,disclosed,k6,response_residual,10,100.0,-0.0007932213055154291,False
final_input_token_layerwise,disclosed,k6,response_residual,11,100.0,-0.0007512093868978498,False
final_input_token_layerwise,disclosed,k6,response_residual,12,100.0,-0.000733641676139235,False
final_input_token_layerwise,disclosed,k6,response_residual,13,100.0,-0.00031942554072386664,False
final_input_token_layerwise,disclosed,k6,response_residual,14,100.0,-0.0006946735838452567,False
final_input_token_layerwise,disclosed,k6,response_residual,15,100.0,-0.0006293820277299134,False
final_input_token_layerwise,disclosed,k6,response_residual,16,100.0,-0.0006923278997787163,False
final_input_token_layerwise,disclosed,k6,response_residual,17,100.0,-0.00043858472796209913,False
final_input_token_layerwise,disclosed,k6,response_residual,18,100.0,-0.0004224890517675328,False
final_input_token_layerwise,disclosed,k6,response_residual,19,100.0,-0.000497414402136076,False
final_input_token_layerwise,disclosed,k6,response_residual,20,100.0,-0.00033378495974423217,False
final_input_token_layerwise,disclosed,k6,response_residual,21,100.0,-0.00042105755784033194,False
final_input_token_layerwise,disclosed,k6,response_residual,22,100.0,-0.0005516419616558299,False
final_input_token_layerwise,disclosed,k6,response_residual,23,100.0,-0.0006505423459572113,False
final_input_token_layerwise,disclosed,k6,response_residual,24,100.0,-0.000582808705872323,False
final_input_token_layerwise,disclosed,k6,response_residual,25,100.0,-0.0005874794061991595,False
final_input_token_layerwise,disclosed,k6,response_residual,26,100.0,-0.0008080284229379509,False
final_input_token_layerwise,disclosed,k6,response_residual,27,100.0,-0.0008672279027924501,False
final_input_token_layerwise,disclosed,k6,response_residual,28,100.0,-0.0006208744966270385,False
final_input_token_layerwise,disclosed,k6,response_residual,29,100.0,-0.00043845230835831694,False
final_input_token_layerwise,disclosed,k6,response_residual,30,100.0,-0.00036999631044731807,False
final_input_token_layerwise,disclosed,k6,response_residual,31,100.0,-0.00037106909684953004,False
final_input_token_layerwise,disclosed,k6,response_residual,32,100.0,-0.0004741889550693712,False
final_input_token_layerwise,disclosed,k6,response_residual,33,100.0,-0.0003685101369415855,False
final_input_token_layerwise,disclosed,k6,response_residual,34,100.0,-0.0002478502967906693,False
final_input_token_layerwise,disclosed,k6,response_residual,35,100.0,-0.00011571261518225628,False
final_input_token_layerwise,disclosed,k6,response_residual,36,100.0,0.00012311276184873154,False
final_input_token_layerwise,disclosed,k6,last_target_observation,0,0.0001,-2.7755575615628914e-17,False
final_input_token_layerwise,disclosed,k6,last_target_observation,1,100.0,-0.0020631906506278774,False
final_input_token_layerwise,disclosed,k6,last_target_observation,2,100.0,6.0839396733597395e-05,False
final_input_token_layerwise,disclosed,k6,last_target_observation,3,100.0,-0.0002686912080883952,False
final_input_token_layerwise,disclosed,k6,last_target_observation,4,100.0,-0.00036076513190166914,False
final_input_token_layerwise,disclosed,k6,last_target_observation,5,100.0,-0.0002521657736713756,False
final_input_token_layerwise,disclosed,k6,last_target_observation,6,100.0,9.801415998134111e-05,False
final_input_token_layerwise,disclosed,k6,last_target_observation,7,100.0,0.0003085580697268775,False
final_input_token_layerwise,disclosed,k6,last_target_observation,8,100.0,8.668916918488923e-05,False
final_input_token_layerwise,disclosed,k6,last_target_observation,9,100.0,9.839704245195868e-05,False
final_input_token_layerwise,disclosed,k6,last_target_observation,10,100.0,0.00029043936657641156,False
final_input_token_layerwise,disclosed,k6,last_target_observation,11,100.0,2.311034019933378e-05,False
final_input_token_layerwise,disclosed,k6,last_target_observation,12,100.0,-0.00010099649032779823,False
final_input_token_layerwise,disclosed,k6,last_target_observation,13,100.0,-9.578294606960025e-05,False
final_input_token_layerwise,disclosed,k6,last_target_observation,14,100.0,-5.4551979516120896e-05,False
final_input_token_layerwise,disclosed,k6,last_target_observation,15,100.0,0.0005489618318032519,False
final_input_token_layerwise,disclosed,k6,last_target_observation,16,100.0,0.0006654222773918583,False
final_input_token_layerwise,disclosed,k6,last_target_observation,17,100.0,0.0005403417422700785,False
final_input_token_layerwise,disclosed,k6,last_target_observation,18,100.0,0.0007673338399086238,False
final_input_token_layerwise,disclosed,k6,last_target_observation,19,100.0,0.0010928007124440808,False
final_input_token_layerwise,disclosed,k6,last_target_observation,20,100.0,0.0008039505026588567,False
final_input_token_layerwise,disclosed,k6,last_target_observation,21,100.0,0.0006503847157015019,False
final_input_token_layerwise,disclosed,k6,last_target_observation,22,100.0,0.00039845091010196065,False
final_input_token_layerwise,disclosed,k6,last_target_observation,23,100.0,0.0002817711968299552,False
final_input_token_layerwise,disclosed,k6,last_target_observation,24,100.0,0.0005547101488224959,False
final_input_token_layerwise,disclosed,k6,last_target_observation,25,100.0,0.0005365845107550837,False
final_input_token_layerwise,disclosed,k6,last_target_observation,26,100.0,0.000304034037342249,False
final_input_token_layerwise,disclosed,k6,last_target_observation,27,100.0,0.0002353446706432616,False
final_input_token_layerwise,disclosed,k6,last_target_observation,28,100.0,0.00014861541217350838,False
final_input_token_layerwise,disclosed,k6,last_target_observation,29,100.0,5.5152080045417495e-05,False
final_input_token_layerwise,disclosed,k6,last_target_observation,30,100.0,0.00019199569903771696,False
final_input_token_layerwise,disclosed,k6,last_target_observation,31,100.0,0.0006412866157608499,False
final_input_token_layerwise,disclosed,k6,last_target_observation,32,100.0,0.0010616449883269763,False
final_input_token_layerwise,disclosed,k6,last_target_observation,33,100.0,0.0009669921836867323,False
final_input_token_layerwise,disclosed,k6,last_target_observation,34,100.0,0.0008426313139480168,False
final_input_token_layerwise,disclosed,k6,last_target_observation,35,100.0,0.0006779982397548401,False
final_input_token_layerwise,disclosed,k6,last_target_observation,36,100.0,0.0011040603590564968,True
final_input_token_layerwise,disclosed,k6,target_observation_mean,0,0.0001,2.7755575615628914e-17,False
final_input_token_layerwise,disclosed,k6,target_observation_mean,1,100.0,-0.0006215837600340723,False
final_input_token_layerwise,disclosed,k6,target_observation_mean,2,3.0,0.012495372173002978,False
final_input_token_layerwise,disclosed,k6,target_observation_mean,3,3.0,0.013758039625646118,False
final_input_token_layerwise,disclosed,k6,target_observation_mean,4,3.0,0.010740322889798787,False
final_input_token_layerwise,disclosed,k6,target_observation_mean,5,3.0,0.002481660458366841,False
final_input_token_layerwise,disclosed,k6,target_observation_mean,6,100.0,0.0005194660418786357,False
final_input_token_layerwise,disclosed,k6,target_observation_mean,7,3.0,0.00560163669443825,False
final_input_token_layerwise,disclosed,k6,target_observation_mean,8,3.0,0.002400809816125088,False
final_input_token_layerwise,disclosed,k6,target_observation_mean,9,3.0,0.007384656723336769,False
final_input_token_layerwise,disclosed,k6,target_observation_mean,10,3.0,0.0017939754907404792,False
final_input_token_layerwise,disclosed,k6,target_observation_mean,11,100.0,0.0006022224511907925,False
final_input_token_layerwise,disclosed,k6,target_observation_mean,12,100.0,0.0004791067684020156,False
final_input_token_layerwise,disclosed,k6,target_observation_mean,13,100.0,0.0004173394958955079,False
final_input_token_layerwise,disclosed,k6,target_observation_mean,14,100.0,0.000427629098306348,False
final_input_token_layerwise,disclosed,k6,target_observation_mean,15,100.0,0.00014615732274694815,False
final_input_token_layerwise,disclosed,k6,target_observation_mean,16,100.0,0.00012357992972808485,False
final_input_token_layerwise,disclosed,k6,target_observation_mean,17,100.0,0.00026554168514603127,False
final_input_token_layerwise,disclosed,k6,target_observation_mean,18,100.0,0.0005474257900133506,False
final_input_token_layerwise,disclosed,k6,target_observation_mean,19,100.0,0.0009150949136130238,False
final_input_token_layerwise,disclosed,k6,target_observation_mean,20,3.0,0.002294201758868908,False
final_input_token_layerwise,disclosed,k6,target_observation_mean,21,3.0,0.04300647985857747,False
final_input_token_layerwise,disclosed,k6,target_observation_mean,22,3.0,0.055169726269246405,False
final_input_token_layerwise,disclosed,k6,target_observation_mean,23,3.0,0.06817218385608928,False
final_input_token_layerwise,disclosed,k6,target_observation_mean,24,3.0,0.07651098411813559,False
final_input_token_layerwise,disclosed,k6,target_observation_mean,25,3.0,0.07349460367006547,False
final_input_token_layerwise,disclosed,k6,target_observation_mean,26,3.0,0.08004172069288781,True
final_input_token_layerwise,disclosed,k6,target_observation_mean,27,3.0,0.07607657766140519,False
final_input_token_layerwise,disclosed,k6,target_observation_mean,28,3.0,0.05998724635657396,False
final_input_token_layerwise,disclosed,k6,target_observation_mean,29,3.0,0.060817970660014986,False
final_input_token_layerwise,disclosed,k6,target_observation_mean,30,3.0,0.05871899244200074,False
final_input_token_layerwise,disclosed,k6,target_observation_mean,31,3.0,0.05959811043993116,False
final_input_token_layerwise,disclosed,k6,target_observation_mean,32,3.0,0.05956910723016076,False
final_input_token_layerwise,disclosed,k6,target_observation_mean,33,3.0,0.056738993383274317,False
final_input_token_layerwise,disclosed,k6,target_observation_mean,34,3.0,0.05355188508140665,False
final_input_token_layerwise,disclosed,k6,target_observation_mean,35,3.0,0.047852295130756145,False
final_input_token_layerwise,disclosed,k6,target_observation_mean,36,3.0,0.03880909158974022,False
final_input_token_layerwise,disclosed,k6,target_time_slope,0,0.0001,0.0,False
final_input_token_layerwise,disclosed,k6,target_time_slope,1,100.0,-0.001697375830407355,False
final_input_token_layerwise,disclosed,k6,target_time_slope,2,100.0,-0.0015338006844659025,False
final_input_token_layerwise,disclosed,k6,target_time_slope,3,100.0,-0.0015487261461561985,False
final_input_token_layerwise,disclosed,k6,target_time_slope,4,100.0,-0.001526274221892221,False
final_input_token_layerwise,disclosed,k6,target_time_slope,5,100.0,-0.0009666005916431908,False
final_input_token_layerwise,disclosed,k6,target_time_slope,6,100.0,-0.0006863109418238922,False
final_input_token_layerwise,disclosed,k6,target_time_slope,7,100.0,-0.00046113768448136083,False
final_input_token_layerwise,disclosed,k6,target_time_slope,8,100.0,-0.0004696824912832631,False
final_input_token_layerwise,disclosed,k6,target_time_slope,9,100.0,-0.0005201685737545869,False
final_input_token_layerwise,disclosed,k6,target_time_slope,10,100.0,-7.199499074164728e-05,False
final_input_token_layerwise,disclosed,k6,target_time_slope,11,100.0,-0.0004875712007309796,False
final_input_token_layerwise,disclosed,k6,target_time_slope,12,100.0,-0.0007289598644742434,False
final_input_token_layerwise,disclosed,k6,target_time_slope,13,100.0,-0.0005820914112230902,False
final_input_token_layerwise,disclosed,k6,target_time_slope,14,100.0,-0.0003057424926154184,False
final_input_token_layerwise,disclosed,k6,target_time_slope,15,100.0,0.0001311956559091887,True
final_input_token_layerwise,disclosed,k6,target_time_slope,16,100.0,9.246819483521573e-05,False
final_input_token_layerwise,disclosed,k6,target_time_slope,17,100.0,8.835561458281349e-05,False
final_input_token_layerwise,disclosed,k6,target_time_slope,18,100.0,-1.7511459466157397e-05,False
final_input_token_layerwise,disclosed,k6,target_time_slope,19,100.0,1.3306412533997669e-05,False
final_input_token_layerwise,disclosed,k6,target_time_slope,20,100.0,-0.00019699628439251438,False
final_input_token_layerwise,disclosed,k6,target_time_slope,21,100.0,-0.00047459640917763,False
final_input_token_layerwise,disclosed,k6,target_time_slope,22,100.0,-0.0007747000141639371,False
final_input_token_layerwise,disclosed,k6,target_time_slope,23,100.0,-0.0008252842359543766,False
final_input_token_layerwise,disclosed,k6,target_time_slope,24,100.0,-0.0005559944088432134,False
final_input_token_layerwise,disclosed,k6,target_time_slope,25,100.0,-0.0005589406188634405,False
final_input_token_layerwise,disclosed,k6,target_time_slope,26,100.0,-0.000501444534599299,False
final_input_token_layerwise,disclosed,k6,target_time_slope,27,100.0,-0.0007427173600311476,False
final_input_token_layerwise,disclosed,k6,target_time_slope,28,100.0,-0.0009005024601420608,False
final_input_token_layerwise,disclosed,k6,target_time_slope,29,100.0,-0.000915264667680632,False
final_input_token_layerwise,disclosed,k6,target_time_slope,30,100.0,-0.0008384835332299612,False
final_input_token_layerwise,disclosed,k6,target_time_slope,31,100.0,-0.0005857119545536471,False
final_input_token_layerwise,disclosed,k6,target_time_slope,32,100.0,-0.00045108982341371395,False
final_input_token_layerwise,disclosed,k6,target_time_slope,33,100.0,-0.0005862765581139129,False
final_input_token_layerwise,disclosed,k6,target_time_slope,34,100.0,-0.0007190306090250342,False
final_input_token_layerwise,disclosed,k6,target_time_slope,35,100.0,-0.0009776166969053535,False
final_input_token_layerwise,disclosed,k6,target_time_slope,36,100.0,-0.000744480993315505,False
final_input_token_layerwise,disclosed,k6,displayed_driver_outcome_slope,0,0.0001,-5.551115123125783e-17,False
final_input_token_layerwise,disclosed,k6,displayed_driver_outcome_slope,1,100.0,-0.0007819096125202818,False
final_input_token_layerwise,disclosed,k6,displayed_driver_outcome_slope,2,100.0,-0.0005486040060335429,False
final_input_token_layerwise,disclosed,k6,displayed_driver_outcome_slope,3,100.0,-0.0007414627484370051,False
final_input_token_layerwise,disclosed,k6,displayed_driver_outcome_slope,4,100.0,-0.0006882796209061737,False
final_input_token_layerwise,disclosed,k6,displayed_driver_outcome_slope,5,3.0,0.007686242979164676,True
final_input_token_layerwise,disclosed,k6,displayed_driver_outcome_slope,6,3.0,0.004127942998214118,False
final_input_token_layerwise,disclosed,k6,displayed_driver_outcome_slope,7,3.0,0.003282739301988663,False
final_input_token_layerwise,disclosed,k6,displayed_driver_outcome_slope,8,100.0,-0.00023231292919703717,False
final_input_token_layerwise,disclosed,k6,displayed_driver_outcome_slope,9,100.0,-0.0003489815858523926,False
final_input_token_layerwise,disclosed,k6,displayed_driver_outcome_slope,10,100.0,-0.0001921374924388486,False
final_input_token_layerwise,disclosed,k6,displayed_driver_outcome_slope,11,100.0,-0.0001767026957962825,False
final_input_token_layerwise,disclosed,k6,displayed_driver_outcome_slope,12,100.0,-0.0003499950618996439,False
final_input_token_layerwise,disclosed,k6,displayed_driver_outcome_slope,13,100.0,0.00014696507001679682,False
final_input_token_layerwise,disclosed,k6,displayed_driver_outcome_slope,14,3.0,0.004608553418221389,False
final_input_token_layerwise,disclosed,k6,displayed_driver_outcome_slope,15,100.0,0.00025212917404648927,False
final_input_token_layerwise,disclosed,k6,displayed_driver_outcome_slope,16,100.0,-6.414652253808328e-05,False
final_input_token_layerwise,disclosed,k6,displayed_driver_outcome_slope,17,100.0,-0.0002693943570021562,False
final_input_token_layerwise,disclosed,k6,displayed_driver_outcome_slope,18,100.0,-0.000759993220997679,False
final_input_token_layerwise,disclosed,k6,displayed_driver_outcome_slope,19,100.0,-0.0007777495952362989,False
final_input_token_layerwise,disclosed,k6,displayed_driver_outcome_slope,20,100.0,-0.0007814545433288966,False
final_input_token_layerwise,disclosed,k6,displayed_driver_outcome_slope,21,100.0,-0.000881391023364736,False
final_input_token_layerwise,disclosed,k6,displayed_driver_outcome_slope,22,100.0,-0.0007116183707552293,False
final_input_token_layerwise,disclosed,k6,displayed_driver_outcome_slope,23,100.0,-0.0005014559952077335,False
final_input_token_layerwise,disclosed,k6,displayed_driver_outcome_slope,24,100.0,-0.00021269552137007097,False
final_input_token_layerwise,disclosed,k6,displayed_driver_outcome_slope,25,100.0,-2.9146479997022023e-05,False
final_input_token_layerwise,disclosed,k6,displayed_driver_outcome_slope,26,100.0,0.0001876330576290608,False
final_input_token_layerwise,disclosed,k6,displayed_driver_outcome_slope,27,100.0,0.0003599741515040722,False
final_input_token_layerwise,disclosed,k6,displayed_driver_outcome_slope,28,100.0,0.0004947570847089189,False
final_input_token_layerwise,disclosed,k6,displayed_driver_outcome_slope,29,100.0,0.0002425065467536458,False
final_input_token_layerwise,disclosed,k6,displayed_driver_outcome_slope,30,3.0,0.005807033174314413,False
final_input_token_layerwise,disclosed,k6,displayed_driver_outcome_slope,31,3.0,0.003511800832490669,False
final_input_token_layerwise,disclosed,k6,displayed_driver_outcome_slope,32,3.0,0.0035893403356176967,False
final_input_token_layerwise,disclosed,k6,displayed_driver_outcome_slope,33,100.0,0.00017391533373734003,False
final_input_token_layerwise,disclosed,k6,displayed_driver_outcome_slope,34,100.0,0.00011411743210462677,False
final_input_token_layerwise,disclosed,k6,displayed_driver_outcome_slope,35,100.0,0.00024222155716394078,False
final_input_token_layerwise,disclosed,k6,displayed_driver_outcome_slope,36,100.0,-3.6138535128849014e-05,False
final_input_token_layerwise,disclosed,k6,oracle_posterior_gain,0,0.0001,-5.551115123125783e-17,False
final_input_token_layerwise,disclosed,k6,oracle_posterior_gain,1,100.0,-0.0004446098189069547,False
final_input_token_layerwise,disclosed,k6,oracle_posterior_gain,2,100.0,-0.0014447323521196709,False
final_input_token_layerwise,disclosed,k6,oracle_posterior_gain,3,100.0,-0.0015569632886304752,False
final_input_token_layerwise,disclosed,k6,oracle_posterior_gain,4,100.0,-0.0013880573724374679,False
final_input_token_layerwise,disclosed,k6,oracle_posterior_gain,5,100.0,-0.0008785769135453703,False
final_input_token_layerwise,disclosed,k6,oracle_posterior_gain,6,100.0,-0.0010227716130216946,False
final_input_token_layerwise,disclosed,k6,oracle_posterior_gain,7,100.0,-0.0009500888627614612,False
final_input_token_layerwise,disclosed,k6,oracle_posterior_gain,8,100.0,-0.0008069722776567478,False
final_input_token_layerwise,disclosed,k6,oracle_posterior_gain,9,3.0,0.004506096251886665,True
final_input_token_layerwise,disclosed,k6,oracle_posterior_gain,10,3.0,0.003988242133482284,False
final_input_token_layerwise,disclosed,k6,oracle_posterior_gain,11,3.0,0.0021304895135146884,False
final_input_token_layerwise,disclosed,k6,oracle_posterior_gain,12,3.0,0.001829281580005393,False
final_input_token_layerwise,disclosed,k6,oracle_posterior_gain,13,3.0,0.0005319459124848436,False
final_input_token_layerwise,disclosed,k6,oracle_posterior_gain,14,100.0,-2.8272835674747476e-05,False
final_input_token_layerwise,disclosed,k6,oracle_posterior_gain,15,100.0,-2.866036413806672e-05,False
final_input_token_layerwise,disclosed,k6,oracle_posterior_gain,16,100.0,-9.289144597024457e-06,False
final_input_token_layerwise,disclosed,k6,oracle_posterior_gain,17,3.0,0.00020778344870903132,False
final_input_token_layerwise,disclosed,k6,oracle_posterior_gain,18,3.0,0.004477710904660259,False
final_input_token_layerwise,disclosed,k6,oracle_posterior_gain,19,3.0,0.0017843646857552131,False
final_input_token_layerwise,disclosed,k6,oracle_posterior_gain,20,3.0,0.001219400578750307,False
final_input_token_layerwise,disclosed,k6,oracle_posterior_gain,21,100.0,7.853428536347407e-06,False
final_input_token_layerwise,disclosed,k6,oracle_posterior_gain,22,100.0,-0.00018174644830901143,False
final_input_token_layerwise,disclosed,k6,oracle_posterior_gain,23,100.0,0.00022727497000568642,False
final_input_token_layerwise,disclosed,k6,oracle_posterior_gain,24,100.0,0.0006821585347403236,False
final_input_token_layerwise,disclosed,k6,oracle_posterior_gain,25,100.0,0.0003024790372792574,False
final_input_token_layerwise,disclosed,k6,oracle_posterior_gain,26,100.0,-0.0001626151079923699,False
final_input_token_layerwise,disclosed,k6,oracle_posterior_gain,27,100.0,-0.00025729049848174923,False
final_input_token_layerwise,disclosed,k6,oracle_posterior_gain,28,100.0,-0.00025410145501325587,False
final_input_token_layerwise,disclosed,k6,oracle_posterior_gain,29,100.0,5.104916418216532e-05,False
final_input_token_layerwise,disclosed,k6,oracle_posterior_gain,30,100.0,0.00016243107155319847,False
final_input_token_layerwise,disclosed,k6,oracle_posterior_gain,31,3.0,0.000867001187785682,False
final_input_token_layerwise,disclosed,k6,oracle_posterior_gain,32,100.0,5.183102818384633e-06,False
final_input_token_layerwise,disclosed,k6,oracle_posterior_gain,33,100.0,-0.000207832487002374,False
final_input_token_layerwise,disclosed,k6,oracle_posterior_gain,34,100.0,-0.0001581372209449039,False
final_input_token_layerwise,disclosed,k6,oracle_posterior_gain,35,100.0,-5.364858467687972e-05,False
final_input_token_layerwise,disclosed,k6,oracle_posterior_gain,36,100.0,0.00023135695503637144,False
final_input_token_layerwise,disclosed,k9,gain,0,0.0001,0.0,False
final_input_token_layerwise,disclosed,k9,gain,1,100.0,-0.00024281222242958367,False
final_input_token_layerwise,disclosed,k9,gain,2,3.0,0.003072771785370354,False
final_input_token_layerwise,disclosed,k9,gain,3,3.0,0.0027074072521235393,False
final_input_token_layerwise,disclosed,k9,gain,4,3.0,0.007716773385069181,False
final_input_token_layerwise,disclosed,k9,gain,5,3.0,0.008656520167094756,False
final_input_token_layerwise,disclosed,k9,gain,6,3.0,0.015790235502509825,False
final_input_token_layerwise,disclosed,k9,gain,7,3.0,0.01842939010496336,False
final_input_token_layerwise,disclosed,k9,gain,8,0.1,0.04675183076542286,False
final_input_token_layerwise,disclosed,k9,gain,9,0.1,0.08847841612348883,True
final_input_token_layerwise,disclosed,k9,gain,10,3.0,0.024681670317087318,False
final_input_token_layerwise,disclosed,k9,gain,11,3.0,0.017070892332365584,False
final_input_token_layerwise,disclosed,k9,gain,12,0.1,0.0497902419422431,False
final_input_token_layerwise,disclosed,k9,gain,13,3.0,0.013022085126948274,False
final_input_token_layerwise,disclosed,k9,gain,14,3.0,0.015441047948839715,False
final_input_token_layerwise,disclosed,k9,gain,15,3.0,0.02048749968505495,False
final_input_token_layerwise,disclosed,k9,gain,16,3.0,0.016355364332009292,False
final_input_token_layerwise,disclosed,k9,gain,17,3.0,0.016146804931842285,False
final_input_token_layerwise,disclosed,k9,gain,18,3.0,0.013523569747584091,False
final_input_token_layerwise,disclosed,k9,gain,19,3.0,0.009304326110359279,False
final_input_token_layerwise,disclosed,k9,gain,20,3.0,0.00378853455037087,False
final_input_token_layerwise,disclosed,k9,gain,21,3.0,0.014539127824163639,False
final_input_token_layerwise,disclosed,k9,gain,22,3.0,0.013933885638739707,False
final_input_token_layerwise,disclosed,k9,gain,23,3.0,0.009885234414728744,False
final_input_token_layerwise,disclosed,k9,gain,24,3.0,0.004481656360842384,False
final_input_token_layerwise,disclosed,k9,gain,25,3.0,0.014694102529544173,False
final_input_token_layerwise,disclosed,k9,gain,26,3.0,0.013137915957321777,False
final_input_token_layerwise,disclosed,k9,gain,27,3.0,0.001168300455220872,False
final_input_token_layerwise,disclosed,k9,gain,28,3.0,0.002716210330129809,False
final_input_token_layerwise,disclosed,k9,gain,29,3.0,0.012387064011000204,False
final_input_token_layerwise,disclosed,k9,gain,30,3.0,0.023214462317014573,False
final_input_token_layerwise,disclosed,k9,gain,31,3.0,0.023560030198027215,False
final_input_token_layerwise,disclosed,k9,gain,32,3.0,0.02239732133871114,False
final_input_token_layerwise,disclosed,k9,gain,33,3.0,0.02456245737997781,False
final_input_token_layerwise,disclosed,k9,gain,34,3.0,0.026371670708256634,False
final_input_token_layerwise,disclosed,k9,gain,35,3.0,0.030754855382371216,False
final_input_token_layerwise,disclosed,k9,gain,36,0.1,0.057619893485031964,False
final_input_token_layerwise,disclosed,k9,response_residual,0,0.0001,-2.7755575615628914e-17,False
final_input_token_layerwise,disclosed,k9,response_residual,1,100.0,1.5099824446335175e-05,False
final_input_token_layerwise,disclosed,k9,response_residual,2,100.0,0.000116366736565926,False
final_input_token_layerwise,disclosed,k9,response_residual,3,100.0,0.00016918363345916343,False
final_input_token_layerwise,disclosed,k9,response_residual,4,3.0,0.0014344380596853779,False
final_input_token_layerwise,disclosed,k9,response_residual,5,100.0,0.00015418667006902864,False
final_input_token_layerwise,disclosed,k9,response_residual,6,3.0,0.008124003343431913,False
final_input_token_layerwise,disclosed,k9,response_residual,7,3.0,0.010471745927286585,False
final_input_token_layerwise,disclosed,k9,response_residual,8,3.0,0.011405272913066311,False
final_input_token_layerwise,disclosed,k9,response_residual,9,3.0,0.014929482790646709,False
final_input_token_layerwise,disclosed,k9,response_residual,10,3.0,0.009021028224705158,False
final_input_token_layerwise,disclosed,k9,response_residual,11,3.0,0.002244906879873637,False
final_input_token_layerwise,disclosed,k9,response_residual,12,3.0,0.008793158705012738,False
final_input_token_layerwise,disclosed,k9,response_residual,13,3.0,0.0015596596421258435,False
final_input_token_layerwise,disclosed,k9,response_residual,14,3.0,0.003654477760419328,False
final_input_token_layerwise,disclosed,k9,response_residual,15,3.0,0.006993328155685957,False
final_input_token_layerwise,disclosed,k9,response_residual,16,3.0,0.0025959091959083525,False
final_input_token_layerwise,disclosed,k9,response_residual,17,3.0,0.004224090995728874,False
final_input_token_layerwise,disclosed,k9,response_residual,18,3.0,0.002950326100361389,False
final_input_token_layerwise,disclosed,k9,response_residual,19,100.0,0.00041491310699792727,False
final_input_token_layerwise,disclosed,k9,response_residual,20,100.0,0.0001332704015919728,False
final_input_token_layerwise,disclosed,k9,response_residual,21,3.0,0.0030570185621938972,False
final_input_token_layerwise,disclosed,k9,response_residual,22,3.0,0.00505769467177089,False
final_input_token_layerwise,disclosed,k9,response_residual,23,100.0,0.00019672649073756987,False
final_input_token_layerwise,disclosed,k9,response_residual,24,100.0,0.00017232109357911973,False
final_input_token_layerwise,disclosed,k9,response_residual,25,3.0,0.004376053989966794,False
final_input_token_layerwise,disclosed,k9,response_residual,26,3.0,0.0030020935898137646,False
final_input_token_layerwise,disclosed,k9,response_residual,27,100.0,0.0005676146922016512,False
final_input_token_layerwise,disclosed,k9,response_residual,28,100.0,0.0005784922516884339,False
final_input_token_layerwise,disclosed,k9,response_residual,29,3.0,0.0032751130534736383,False
final_input_token_layerwise,disclosed,k9,response_residual,30,3.0,0.011241153382782865,False
final_input_token_layerwise,disclosed,k9,response_residual,31,3.0,0.012574305562483873,False
final_input_token_layerwise,disclosed,k9,response_residual,32,3.0,0.012394956426991233,False
final_input_token_layerwise,disclosed,k9,response_residual,33,3.0,0.015619359359751228,False
final_input_token_layerwise,disclosed,k9,response_residual,34,3.0,0.016635853647422844,False
final_input_token_layerwise,disclosed,k9,response_residual,35,3.0,0.02112287322620421,False
final_input_token_layerwise,disclosed,k9,response_residual,36,3.0,0.02534391657920851,True
final_input_token_layerwise,disclosed,k9,last_target_observation,0,0.0001,1.3877787807814457e-16,False
final_input_token_layerwise,disclosed,k9,last_target_observation,1,100.0,-0.00033252799314148485,False
final_input_token_layerwise,disclosed,k9,last_target_observation,2,100.0,-0.00025257216982094155,False
final_input_token_layerwise,disclosed,k9,last_target_observation,3,3.0,0.00015457903665233585,False
final_input_token_layerwise,disclosed,k9,last_target_observation,4,100.0,-7.034476974535075e-05,False
final_input_token_layerwise,disclosed,k9,last_target_observation,5,3.0,0.0033775050530862605,False
final_input_token_layerwise,disclosed,k9,last_target_observation,6,100.0,5.605487124446529e-05,False
final_input_token_layerwise,disclosed,k9,last_target_observation,7,3.0,0.0017352907239466253,False
final_input_token_layerwise,disclosed,k9,last_target_observation,8,100.0,2.5960588115020444e-05,False
final_input_token_layerwise,disclosed,k9,last_target_observation,9,100.0,0.00016725029432798633,False
final_input_token_layerwise,disclosed,k9,last_target_observation,10,100.0,9.186873447056265e-05,False
final_input_token_layerwise,disclosed,k9,last_target_observation,11,100.0,7.120303455523946e-05,False
final_input_token_layerwise,disclosed,k9,last_target_observation,12,100.0,-5.336936310021412e-05,False
final_input_token_layerwise,disclosed,k9,last_target_observation,13,100.0,-0.00038050238586628815,False
final_input_token_layerwise,disclosed,k9,last_target_observation,14,100.0,-0.0006015627103394261,False
final_input_token_layerwise,disclosed,k9,last_target_observation,15,100.0,-0.0006531513451174531,False
final_input_token_layerwise,disclosed,k9,last_target_observation,16,100.0,-0.0011523984999102788,False
final_input_token_layerwise,disclosed,k9,last_target_observation,17,100.0,-0.0010807759415597529,False
final_input_token_layerwise,disclosed,k9,last_target_observation,18,100.0,-0.0010382624384079886,False
final_input_token_layerwise,disclosed,k9,last_target_observation,19,100.0,-0.0009003128636609348,False
final_input_token_layerwise,disclosed,k9,last_target_observation,20,100.0,-0.00031767076564792607,False
final_input_token_layerwise,disclosed,k9,last_target_observation,21,100.0,-0.0006249926540771722,False
final_input_token_layerwise,disclosed,k9,last_target_observation,22,3.0,0.0008014197804567247,False
final_input_token_layerwise,disclosed,k9,last_target_observation,23,3.0,0.003668799393639094,False
final_input_token_layerwise,disclosed,k9,last_target_observation,24,100.0,-0.000226154091708064,False
final_input_token_layerwise,disclosed,k9,last_target_observation,25,100.0,-6.836445081212505e-05,False
final_input_token_layerwise,disclosed,k9,last_target_observation,26,100.0,8.025804383229862e-05,False
final_input_token_layerwise,disclosed,k9,last_target_observation,27,3.0,0.002421408485863641,False
final_input_token_layerwise,disclosed,k9,last_target_observation,28,3.0,0.008056360771927257,False
final_input_token_layerwise,disclosed,k9,last_target_observation,29,3.0,0.012690665851991884,False
final_input_token_layerwise,disclosed,k9,last_target_observation,30,3.0,0.015571072061954044,False
final_input_token_layerwise,disclosed,k9,last_target_observation,31,3.0,0.01281628312427649,False
final_input_token_layerwise,disclosed,k9,last_target_observation,32,3.0,0.011096775723280466,False
final_input_token_layerwise,disclosed,k9,last_target_observation,33,3.0,0.01961372644677936,False
final_input_token_layerwise,disclosed,k9,last_target_observation,34,3.0,0.02056961798989862,False
final_input_token_layerwise,disclosed,k9,last_target_observation,35,3.0,0.021253202983609387,False
final_input_token_layerwise,disclosed,k9,last_target_observation,36,3.0,0.021856048976171855,True
final_input_token_layerwise,disclosed,k9,target_observation_mean,0,0.0001,3.885780586188048e-16,False
final_input_token_layerwise,disclosed,k9,target_observation_mean,1,3.0,0.0022695790727736975,False
final_input_token_layerwise,disclosed,k9,target_observation_mean,2,3.0,0.006406438222490485,False
final_input_token_layerwise,disclosed,k9,target_observation_mean,3,3.0,0.002751763143518632,False
final_input_token_layerwise,disclosed,k9,target_observation_mean,4,3.0,0.006713024696619135,False
final_input_token_layerwise,disclosed,k9,target_observation_mean,5,3.0,0.008507045575178895,False
final_input_token_layerwise,disclosed,k9,target_observation_mean,6,3.0,0.015668514077907564,False
final_input_token_layerwise,disclosed,k9,target_observation_mean,7,3.0,0.009440067707948196,False
final_input_token_layerwise,disclosed,k9,target_observation_mean,8,0.1,0.04105945520788978,False
final_input_token_layerwise,disclosed,k9,target_observation_mean,9,3.0,0.019440361591109928,False
final_input_token_layerwise,disclosed,k9,target_observation_mean,10,3.0,0.011027557411834754,False
final_input_token_layerwise,disclosed,k9,target_observation_mean,11,3.0,0.0062778344277416576,False
final_input_token_layerwise,disclosed,k9,target_observation_mean,12,3.0,0.012111210616858548,False
final_input_token_layerwise,disclosed,k9,target_observation_mean,13,3.0,0.0211693664867324,False
final_input_token_layerwise,disclosed,k9,target_observation_mean,14,3.0,0.021853314468448903,False
final_input_token_layerwise,disclosed,k9,target_observation_mean,15,3.0,0.03671492038298538,False
final_input_token_layerwise,disclosed,k9,target_observation_mean,16,3.0,0.04138883192803955,True
final_input_token_layerwise,disclosed,k9,target_observation_mean,17,3.0,0.03896567918898031,False
final_input_token_layerwise,disclosed,k9,target_observation_mean,18,3.0,0.028204169214182867,False
final_input_token_layerwise,disclosed,k9,target_observation_mean,19,3.0,0.012488590906487962,False
final_input_token_layerwise,disclosed,k9,target_observation_mean,20,3.0,0.015193466970244596,False
final_input_token_layerwise,disclosed,k9,target_observation_mean,21,3.0,0.02368376054576332,False
final_input_token_layerwise,disclosed,k9,target_observation_mean,22,3.0,0.01676108109728275,False
final_input_token_layerwise,disclosed,k9,target_observation_mean,23,3.0,0.02771449176257143,False
final_input_token_layerwise,disclosed,k9,target_observation_mean,24,3.0,0.02506401959717966,False
final_input_token_layerwise,disclosed,k9,target_observation_mean,25,3.0,0.018451408232748184,False
final_input_token_layerwise,disclosed,k9,target_observation_mean,26,3.0,0.02248696236182879,False
final_input_token_layerwise,disclosed,k9,target_observation_mean,27,3.0,0.026549564962764866,False
final_input_token_layerwise,disclosed,k9,target_observation_mean,28,3.0,0.021200257521749866,False
final_input_token_layerwise,disclosed,k9,target_observation_mean,29,3.0,0.027498106482835988,False
final_input_token_layerwise,disclosed,k9,target_observation_mean,30,3.0,0.021213595205577224,False
final_input_token_layerwise,disclosed,k9,target_observation_mean,31,3.0,0.020483107898112418,False
final_input_token_layerwise,disclosed,k9,target_observation_mean,32,3.0,0.01789847744547471,False
final_input_token_layerwise,disclosed,k9,target_observation_mean,33,3.0,0.011312047073690601,False
final_input_token_layerwise,disclosed,k9,target_observation_mean,34,3.0,0.010339118898921723,False
final_input_token_layerwise,disclosed,k9,target_observation_mean,35,3.0,0.012256318937683003,False
final_input_token_layerwise,disclosed,k9,target_observation_mean,36,3.0,0.011086063948982317,False
final_input_token_layerwise,disclosed,k9,target_time_slope,0,0.0001,0.0,False
final_input_token_layerwise,disclosed,k9,target_time_slope,1,3.0,0.005965801247002328,False
final_input_token_layerwise,disclosed,k9,target_time_slope,2,100.0,-0.00012742745472882344,False
final_input_token_layerwise,disclosed,k9,target_time_slope,3,100.0,-0.00011012003824034666,False
final_input_token_layerwise,disclosed,k9,target_time_slope,4,3.0,0.0005983877775819213,False
final_input_token_layerwise,disclosed,k9,target_time_slope,5,100.0,-9.6393051082444e-05,False
final_input_token_layerwise,disclosed,k9,target_time_slope,6,100.0,-0.00022508976827517735,False
final_input_token_layerwise,disclosed,k9,target_time_slope,7,100.0,-0.0001529893624397649,False
final_input_token_layerwise,disclosed,k9,target_time_slope,8,100.0,8.28294862778578e-06,False
final_input_token_layerwise,disclosed,k9,target_time_slope,9,100.0,0.00010307093980208015,False
final_input_token_layerwise,disclosed,k9,target_time_slope,10,3.0,0.004912320982032731,False
final_input_token_layerwise,disclosed,k9,target_time_slope,11,3.0,0.012513252680120684,False
final_input_token_layerwise,disclosed,k9,target_time_slope,12,3.0,0.003310082436665168,False
final_input_token_layerwise,disclosed,k9,target_time_slope,13,100.0,-0.0004759444776885058,False
final_input_token_layerwise,disclosed,k9,target_time_slope,14,100.0,-0.00048107159662658106,False
final_input_token_layerwise,disclosed,k9,target_time_slope,15,100.0,-0.0005889629032845289,False
final_input_token_layerwise,disclosed,k9,target_time_slope,16,100.0,-0.0008423504333517906,False
final_input_token_layerwise,disclosed,k9,target_time_slope,17,100.0,-0.0004986465590210432,False
final_input_token_layerwise,disclosed,k9,target_time_slope,18,100.0,-9.026585689331235e-05,False
final_input_token_layerwise,disclosed,k9,target_time_slope,19,3.0,0.005567700890483307,False
final_input_token_layerwise,disclosed,k9,target_time_slope,20,3.0,0.011685262726984613,False
final_input_token_layerwise,disclosed,k9,target_time_slope,21,3.0,0.01711180564942652,False
final_input_token_layerwise,disclosed,k9,target_time_slope,22,3.0,0.026564649377859822,False
final_input_token_layerwise,disclosed,k9,target_time_slope,23,3.0,0.024297867395624784,False
final_input_token_layerwise,disclosed,k9,target_time_slope,24,3.0,0.02259588310670438,False
final_input_token_layerwise,disclosed,k9,target_time_slope,25,3.0,0.02551354149360638,False
final_input_token_layerwise,disclosed,k9,target_time_slope,26,3.0,0.03404577991867544,False
final_input_token_layerwise,disclosed,k9,target_time_slope,27,3.0,0.04078531392195742,False
final_input_token_layerwise,disclosed,k9,target_time_slope,28,3.0,0.04539710882734363,False
final_input_token_layerwise,disclosed,k9,target_time_slope,29,3.0,0.04710115201091908,False
final_input_token_layerwise,disclosed,k9,target_time_slope,30,3.0,0.05038671200307779,False
final_input_token_layerwise,disclosed,k9,target_time_slope,31,3.0,0.047475568267629775,False
final_input_token_layerwise,disclosed,k9,target_time_slope,32,3.0,0.04889548658168061,False
final_input_token_layerwise,disclosed,k9,target_time_slope,33,3.0,0.062385326417302184,False
final_input_token_layerwise,disclosed,k9,target_time_slope,34,3.0,0.0638379854099258,False
final_input_token_layerwise,disclosed,k9,target_time_slope,35,3.0,0.06315631234339655,False
final_input_token_layerwise,disclosed,k9,target_time_slope,36,3.0,0.0662385446852215,True
final_input_token_layerwise,disclosed,k9,displayed_driver_outcome_slope,0,0.0001,-1.1102230246251565e-16,False
final_input_token_layerwise,disclosed,k9,displayed_driver_outcome_slope,1,100.0,-0.0006814172172729394,False
final_input_token_layerwise,disclosed,k9,displayed_driver_outcome_slope,2,100.0,-0.00016559476902369696,False
final_input_token_layerwise,disclosed,k9,displayed_driver_outcome_slope,3,100.0,-0.00013643970175505893,False
final_input_token_layerwise,disclosed,k9,displayed_driver_outcome_slope,4,100.0,-9.4364159028415e-07,False
final_input_token_layerwise,disclosed,k9,displayed_driver_outcome_slope,5,100.0,6.613564636223646e-05,False
final_input_token_layerwise,disclosed,k9,displayed_driver_outcome_slope,6,3.0,0.003941097734708493,False
final_input_token_layerwise,disclosed,k9,displayed_driver_outcome_slope,7,3.0,0.00279763270879127,False
final_input_token_layerwise,disclosed,k9,displayed_driver_outcome_slope,8,100.0,-0.00021844685647912088,False
final_input_token_layerwise,disclosed,k9,displayed_driver_outcome_slope,9,100.0,-0.00014421378390686024,False
final_input_token_layerwise,disclosed,k9,displayed_driver_outcome_slope,10,100.0,-0.0002334977418919637,False
final_input_token_layerwise,disclosed,k9,displayed_driver_outcome_slope,11,100.0,-0.0005015875209433418,False
final_input_token_layerwise,disclosed,k9,displayed_driver_outcome_slope,12,100.0,-4.425435096186425e-05,False
final_input_token_layerwise,disclosed,k9,displayed_driver_outcome_slope,13,100.0,0.0002172528000211893,False
final_input_token_layerwise,disclosed,k9,displayed_driver_outcome_slope,14,100.0,0.00036931796113687243,False
final_input_token_layerwise,disclosed,k9,displayed_driver_outcome_slope,15,100.0,-0.00029407022366365054,False
final_input_token_layerwise,disclosed,k9,displayed_driver_outcome_slope,16,100.0,-0.00047373190886351724,False
final_input_token_layerwise,disclosed,k9,displayed_driver_outcome_slope,17,100.0,-0.0006764741382060679,False
final_input_token_layerwise,disclosed,k9,displayed_driver_outcome_slope,18,100.0,-0.0001246791227322852,False
final_input_token_layerwise,disclosed,k9,displayed_driver_outcome_slope,19,100.0,8.20399636679292e-05,False
final_input_token_layerwise,disclosed,k9,displayed_driver_outcome_slope,20,100.0,-0.00010994238542438861,False
final_input_token_layerwise,disclosed,k9,displayed_driver_outcome_slope,21,3.0,0.0020252998091417063,False
final_input_token_layerwise,disclosed,k9,displayed_driver_outcome_slope,22,3.0,0.003625591084163049,False
final_input_token_layerwise,disclosed,k9,displayed_driver_outcome_slope,23,3.0,0.006218781562341097,False
final_input_token_layerwise,disclosed,k9,displayed_driver_outcome_slope,24,3.0,0.002612114133997867,False
final_input_token_layerwise,disclosed,k9,displayed_driver_outcome_slope,25,3.0,0.009493300712450303,False
final_input_token_layerwise,disclosed,k9,displayed_driver_outcome_slope,26,3.0,0.006669126627725425,False
final_input_token_layerwise,disclosed,k9,displayed_driver_outcome_slope,27,3.0,0.01094256973419172,False
final_input_token_layerwise,disclosed,k9,displayed_driver_outcome_slope,28,3.0,0.010065475639077087,False
final_input_token_layerwise,disclosed,k9,displayed_driver_outcome_slope,29,3.0,0.01566132370747242,False
final_input_token_layerwise,disclosed,k9,displayed_driver_outcome_slope,30,3.0,0.016821160442339972,False
final_input_token_layerwise,disclosed,k9,displayed_driver_outcome_slope,31,3.0,0.02029350408657482,True
final_input_token_layerwise,disclosed,k9,displayed_driver_outcome_slope,32,3.0,0.013068044445733007,False
final_input_token_layerwise,disclosed,k9,displayed_driver_outcome_slope,33,3.0,0.011335923014350324,False
final_input_token_layerwise,disclosed,k9,displayed_driver_outcome_slope,34,3.0,0.013334457026158986,False
final_input_token_layerwise,disclosed,k9,displayed_driver_outcome_slope,35,3.0,0.012732890846939043,False
final_input_token_layerwise,disclosed,k9,displayed_driver_outcome_slope,36,3.0,0.012747012313193362,False
final_input_token_layerwise,disclosed,k9,oracle_posterior_gain,0,0.0001,0.0,False
final_input_token_layerwise,disclosed,k9,oracle_posterior_gain,1,100.0,-0.0004456247944714109,False
final_input_token_layerwise,disclosed,k9,oracle_posterior_gain,2,100.0,-2.3663745852942064e-05,False
final_input_token_layerwise,disclosed,k9,oracle_posterior_gain,3,100.0,-0.0002789075603935598,False
final_input_token_layerwise,disclosed,k9,oracle_posterior_gain,4,3.0,0.0026455938062090456,False
final_input_token_layerwise,disclosed,k9,oracle_posterior_gain,5,3.0,0.0032113560586448375,False
final_input_token_layerwise,disclosed,k9,oracle_posterior_gain,6,100.0,3.693864993545293e-05,False
final_input_token_layerwise,disclosed,k9,oracle_posterior_gain,7,100.0,-6.913650277404204e-05,False
final_input_token_layerwise,disclosed,k9,oracle_posterior_gain,8,3.0,0.003774168430590058,False
final_input_token_layerwise,disclosed,k9,oracle_posterior_gain,9,3.0,0.00805008833997431,False
final_input_token_layerwise,disclosed,k9,oracle_posterior_gain,10,3.0,0.008917011486810483,False
final_input_token_layerwise,disclosed,k9,oracle_posterior_gain,11,3.0,0.0022838849061097843,False
final_input_token_layerwise,disclosed,k9,oracle_posterior_gain,12,3.0,0.005581133741974387,False
final_input_token_layerwise,disclosed,k9,oracle_posterior_gain,13,3.0,0.007278542896281853,False
final_input_token_layerwise,disclosed,k9,oracle_posterior_gain,14,3.0,0.012068327146565416,False
final_input_token_layerwise,disclosed,k9,oracle_posterior_gain,15,3.0,0.02663379054981757,False
final_input_token_layerwise,disclosed,k9,oracle_posterior_gain,16,3.0,0.02319578324995883,False
final_input_token_layerwise,disclosed,k9,oracle_posterior_gain,17,3.0,0.01932532877697349,False
final_input_token_layerwise,disclosed,k9,oracle_posterior_gain,18,3.0,0.02003626178922782,False
final_input_token_layerwise,disclosed,k9,oracle_posterior_gain,19,3.0,0.018103491497719115,False
final_input_token_layerwise,disclosed,k9,oracle_posterior_gain,20,3.0,0.014144550454496557,False
final_input_token_layerwise,disclosed,k9,oracle_posterior_gain,21,3.0,0.0292418382960076,False
final_input_token_layerwise,disclosed,k9,oracle_posterior_gain,22,3.0,0.027788569845804273,False
final_input_token_layerwise,disclosed,k9,oracle_posterior_gain,23,3.0,0.023304989631730666,False
final_input_token_layerwise,disclosed,k9,oracle_posterior_gain,24,3.0,0.026285670937573058,False
final_input_token_layerwise,disclosed,k9,oracle_posterior_gain,25,3.0,0.034335233295414797,False
final_input_token_layerwise,disclosed,k9,oracle_posterior_gain,26,3.0,0.03449821815645154,False
final_input_token_layerwise,disclosed,k9,oracle_posterior_gain,27,3.0,0.03196944066149596,False
final_input_token_layerwise,disclosed,k9,oracle_posterior_gain,28,3.0,0.03236156696811385,False
final_input_token_layerwise,disclosed,k9,oracle_posterior_gain,29,3.0,0.04488641777659316,False
final_input_token_layerwise,disclosed,k9,oracle_posterior_gain,30,3.0,0.03776646856170876,False
final_input_token_layerwise,disclosed,k9,oracle_posterior_gain,31,3.0,0.03605284634781497,False
final_input_token_layerwise,disclosed,k9,oracle_posterior_gain,32,3.0,0.040377253185728046,False
final_input_token_layerwise,disclosed,k9,oracle_posterior_gain,33,3.0,0.042221642043689334,False
final_input_token_layerwise,disclosed,k9,oracle_posterior_gain,34,3.0,0.038404805540369374,False
final_input_token_layerwise,disclosed,k9,oracle_posterior_gain,35,3.0,0.0418951332205616,False
final_input_token_layerwise,disclosed,k9,oracle_posterior_gain,36,3.0,0.046592012375168024,True
final_input_token_layerwise,disclosed,pooled,gain,0,0.0001,0.0,False
final_input_token_layerwise,disclosed,pooled,gain,1,100.0,-0.0010224015988788044,False
final_input_token_layerwise,disclosed,pooled,gain,2,100.0,-0.002160119923403823,False
final_input_token_layerwise,disclosed,pooled,gain,3,100.0,-0.0023617247271990327,False
final_input_token_layerwise,disclosed,pooled,gain,4,100.0,-0.0009497819544468378,False
final_input_token_layerwise,disclosed,pooled,gain,5,100.0,-0.00162471065746142,False
final_input_token_layerwise,disclosed,pooled,gain,6,100.0,-0.0019531499076153405,False
final_input_token_layerwise,disclosed,pooled,gain,7,100.0,-0.0010791145391012096,False
final_input_token_layerwise,disclosed,pooled,gain,8,100.0,-0.00044795871181556773,False
final_input_token_layerwise,disclosed,pooled,gain,9,100.0,0.00044545630819593324,False
final_input_token_layerwise,disclosed,pooled,gain,10,100.0,0.0008094395097747361,False
final_input_token_layerwise,disclosed,pooled,gain,11,100.0,0.0005922802068556628,False
final_input_token_layerwise,disclosed,pooled,gain,12,100.0,0.0007993408145296291,False
final_input_token_layerwise,disclosed,pooled,gain,13,100.0,0.0003240531204280565,False
final_input_token_layerwise,disclosed,pooled,gain,14,100.0,-0.0009823943846302234,False
final_input_token_layerwise,disclosed,pooled,gain,15,100.0,-0.0011763248255611998,False
final_input_token_layerwise,disclosed,pooled,gain,16,100.0,0.00011747714126563354,False
final_input_token_layerwise,disclosed,pooled,gain,17,100.0,0.0015770464526799384,False
final_input_token_layerwise,disclosed,pooled,gain,18,100.0,0.0024604166087153025,False
final_input_token_layerwise,disclosed,pooled,gain,19,100.0,0.002287806362150128,False
final_input_token_layerwise,disclosed,pooled,gain,20,100.0,0.001368176505078783,False
final_input_token_layerwise,disclosed,pooled,gain,21,100.0,0.002394634405426745,False
final_input_token_layerwise,disclosed,pooled,gain,22,100.0,0.002008743328689518,False
final_input_token_layerwise,disclosed,pooled,gain,23,100.0,0.001991837418036333,False
final_input_token_layerwise,disclosed,pooled,gain,24,100.0,0.0019399645822017382,False
final_input_token_layerwise,disclosed,pooled,gain,25,3.0,0.004015970562696952,True
final_input_token_layerwise,disclosed,pooled,gain,26,100.0,0.0027689823993260385,False
final_input_token_layerwise,disclosed,pooled,gain,27,100.0,0.00036878972762033335,False
final_input_token_layerwise,disclosed,pooled,gain,28,100.0,0.0005883491712475042,False
final_input_token_layerwise,disclosed,pooled,gain,29,100.0,0.0006734899927158625,False
final_input_token_layerwise,disclosed,pooled,gain,30,100.0,0.0010937107048558843,False
final_input_token_layerwise,disclosed,pooled,gain,31,100.0,0.0013247025261140244,False
final_input_token_layerwise,disclosed,pooled,gain,32,100.0,0.000812520486425596,False
final_input_token_layerwise,disclosed,pooled,gain,33,100.0,0.001173679844636566,False
final_input_token_layerwise,disclosed,pooled,gain,34,100.0,0.0010584133767778208,False
final_input_token_layerwise,disclosed,pooled,gain,35,100.0,0.0012693871631055769,False
final_input_token_layerwise,disclosed,pooled,gain,36,3.0,0.002556507952810464,False
final_input_token_layerwise,disclosed,pooled,response_residual,0,0.0001,-2.7755575615628914e-17,False
final_input_token_layerwise,disclosed,pooled,response_residual,1,100.0,0.00010987373841199004,False
final_input_token_layerwise,disclosed,pooled,response_residual,2,100.0,-0.003366044635327655,False
final_input_token_layerwise,disclosed,pooled,response_residual,3,100.0,-0.0033617892544714756,False
final_input_token_layerwise,disclosed,pooled,response_residual,4,100.0,-0.002535921578301579,False
final_input_token_layerwise,disclosed,pooled,response_residual,5,100.0,-0.00498655612402064,False
final_input_token_layerwise,disclosed,pooled,response_residual,6,100.0,-0.003869657479774302,False
final_input_token_layerwise,disclosed,pooled,response_residual,7,100.0,-0.003897107246848682,False
final_input_token_layerwise,disclosed,pooled,response_residual,8,100.0,-0.0036183575861313912,False
final_input_token_layerwise,disclosed,pooled,response_residual,9,100.0,-0.0033135259293137673,False
final_input_token_layerwise,disclosed,pooled,response_residual,10,100.0,-0.002735251241045696,False
final_input_token_layerwise,disclosed,pooled,response_residual,11,100.0,-0.002003351290702791,False
final_input_token_layerwise,disclosed,pooled,response_residual,12,100.0,-0.0015980285805676602,False
final_input_token_layerwise,disclosed,pooled,response_residual,13,100.0,-0.002204833771233853,False
final_input_token_layerwise,disclosed,pooled,response_residual,14,100.0,-0.003064876844007719,False
final_input_token_layerwise,disclosed,pooled,response_residual,15,100.0,-0.0029596930091850084,False
final_input_token_layerwise,disclosed,pooled,response_residual,16,100.0,-0.001934838869025124,False
final_input_token_layerwise,disclosed,pooled,response_residual,17,100.0,-0.0001967616066356944,False
final_input_token_layerwise,disclosed,pooled,response_residual,18,100.0,0.00033461865295266363,False
final_input_token_layerwise,disclosed,pooled,response_residual,19,100.0,0.0004005005699935782,False
final_input_token_layerwise,disclosed,pooled,response_residual,20,100.0,-0.000144945094454794,False
final_input_token_layerwise,disclosed,pooled,response_residual,21,100.0,0.000953281798269053,False
final_input_token_layerwise,disclosed,pooled,response_residual,22,100.0,0.0009001808025191812,False
final_input_token_layerwise,disclosed,pooled,response_residual,23,100.0,0.001496062439114922,False
final_input_token_layerwise,disclosed,pooled,response_residual,24,100.0,0.0015470425358195354,False
final_input_token_layerwise,disclosed,pooled,response_residual,25,100.0,0.0021455496613774308,True
final_input_token_layerwise,disclosed,pooled,response_residual,26,100.0,0.0020475325868448135,False
final_input_token_layerwise,disclosed,pooled,response_residual,27,100.0,-8.218042169486073e-05,False
final_input_token_layerwise,disclosed,pooled,response_residual,28,100.0,6.892829250325823e-05,False
final_input_token_layerwise,disclosed,pooled,response_residual,29,100.0,0.00024573212542664907,False
final_input_token_layerwise,disclosed,pooled,response_residual,30,100.0,0.0007784040705277421,False
final_input_token_layerwise,disclosed,pooled,response_residual,31,100.0,0.0015632363932858162,False
final_input_token_layerwise,disclosed,pooled,response_residual,32,100.0,0.0010873042337303334,False
final_input_token_layerwise,disclosed,pooled,response_residual,33,100.0,0.0014236638677485776,False
final_input_token_layerwise,disclosed,pooled,response_residual,34,100.0,0.0014697347119790594,False
final_input_token_layerwise,disclosed,pooled,response_residual,35,100.0,0.0017054156698296612,False
final_input_token_layerwise,disclosed,pooled,response_residual,36,100.0,0.0020659324453715564,False
final_input_token_layerwise,undisclosed,k3,gain,0,0.0001,0.0,False
final_input_token_layerwise,undisclosed,k3,gain,1,100.0,-0.00041747728924521055,False
final_input_token_layerwise,undisclosed,k3,gain,2,100.0,0.0012158259708268115,False
final_input_token_layerwise,undisclosed,k3,gain,3,100.0,0.001141290909928594,False
final_input_token_layerwise,undisclosed,k3,gain,4,100.0,0.0008735995315399259,False
final_input_token_layerwise,undisclosed,k3,gain,5,100.0,0.00045037599413796925,False
final_input_token_layerwise,undisclosed,k3,gain,6,100.0,-3.612717359380291e-05,False
final_input_token_layerwise,undisclosed,k3,gain,7,100.0,0.00012873287330539274,False
final_input_token_layerwise,undisclosed,k3,gain,8,100.0,0.00046615691838627904,False
final_input_token_layerwise,undisclosed,k3,gain,9,100.0,0.0004253171873701833,False
final_input_token_layerwise,undisclosed,k3,gain,10,100.0,0.0005388895270194705,False
final_input_token_layerwise,undisclosed,k3,gain,11,100.0,0.0004351081372836185,False
final_input_token_layerwise,undisclosed,k3,gain,12,100.0,0.000367468153360917,False
final_input_token_layerwise,undisclosed,k3,gain,13,100.0,0.00010248140252122617,False
final_input_token_layerwise,undisclosed,k3,gain,14,100.0,0.000318750466415052,False
final_input_token_layerwise,undisclosed,k3,gain,15,100.0,4.61968235232757e-05,False
final_input_token_layerwise,undisclosed,k3,gain,16,100.0,0.00011780630196905895,False
final_input_token_layerwise,undisclosed,k3,gain,17,100.0,-4.5242574200105024e-05,False
final_input_token_layerwise,undisclosed,k3,gain,18,100.0,-4.23927319563866e-05,False
final_input_token_layerwise,undisclosed,k3,gain,19,100.0,0.0001933366124445557,False
final_input_token_layerwise,undisclosed,k3,gain,20,100.0,-0.00010788575423018032,False
final_input_token_layerwise,undisclosed,k3,gain,21,100.0,-0.00014357894318806075,False
final_input_token_layerwise,undisclosed,k3,gain,22,100.0,-0.0001681353578638356,False
final_input_token_layerwise,undisclosed,k3,gain,23,100.0,0.0002641955447063582,False
final_input_token_layerwise,undisclosed,k3,gain,24,100.0,0.0002827498553516772,False
final_input_token_layerwise,undisclosed,k3,gain,25,100.0,0.00037597004302244996,False
final_input_token_layerwise,undisclosed,k3,gain,26,100.0,0.0003284929117964852,False
final_input_token_layerwise,undisclosed,k3,gain,27,100.0,0.000518361798223288,False
final_input_token_layerwise,undisclosed,k3,gain,28,100.0,0.0006142409804243687,False
final_input_token_layerwise,undisclosed,k3,gain,29,100.0,0.0005202110082917488,False
final_input_token_layerwise,undisclosed,k3,gain,30,100.0,0.00045652931766335114,False
final_input_token_layerwise,undisclosed,k3,gain,31,100.0,0.0005393594789809275,False
final_input_token_layerwise,undisclosed,k3,gain,32,100.0,0.0004214989346860154,False
final_input_token_layerwise,undisclosed,k3,gain,33,3.0,0.0070228685285216585,True
final_input_token_layerwise,undisclosed,k3,gain,34,3.0,0.002237626747709276,False
final_input_token_layerwise,undisclosed,k3,gain,35,3.0,0.0028491168878588546,False
final_input_token_layerwise,undisclosed,k3,gain,36,3.0,0.005555024473536119,False
final_input_token_layerwise,undisclosed,k3,response_residual,0,0.0001,-2.7755575615628914e-17,False
final_input_token_layerwise,undisclosed,k3,response_residual,1,100.0,-0.00031687325138488043,False
final_input_token_layerwise,undisclosed,k3,response_residual,2,100.0,0.0010242627494701784,False
final_input_token_layerwise,undisclosed,k3,response_residual,3,100.0,0.0012461300984419887,True
final_input_token_layerwise,undisclosed,k3,response_residual,4,100.0,0.0009484457713889727,False
final_input_token_layerwise,undisclosed,k3,response_residual,5,100.0,0.0006992246371828048,False
final_input_token_layerwise,undisclosed,k3,response_residual,6,100.0,0.00033703213483421424,False
final_input_token_layerwise,undisclosed,k3,response_residual,7,100.0,0.0003187709157231322,False
final_input_token_layerwise,undisclosed,k3,response_residual,8,100.0,0.0004377044737515212,False
final_input_token_layerwise,undisclosed,k3,response_residual,9,100.0,0.0004992402222558368,False
final_input_token_layerwise,undisclosed,k3,response_residual,10,100.0,0.0005571749728255637,False
final_input_token_layerwise,undisclosed,k3,response_residual,11,100.0,0.0005132139901296295,False
final_input_token_layerwise,undisclosed,k3,response_residual,12,100.0,0.00047345081015490176,False
final_input_token_layerwise,undisclosed,k3,response_residual,13,100.0,0.00030657330819672257,False
final_input_token_layerwise,undisclosed,k3,response_residual,14,100.0,0.0005992108026434129,False
final_input_token_layerwise,undisclosed,k3,response_residual,15,100.0,0.0004074896627104807,False
final_input_token_layerwise,undisclosed,k3,response_residual,16,100.0,0.0005986589761658168,False
final_input_token_layerwise,undisclosed,k3,response_residual,17,100.0,0.00033623512578459525,False
final_input_token_layerwise,undisclosed,k3,response_residual,18,100.0,0.00038976847268668013,False
final_input_token_layerwise,undisclosed,k3,response_residual,19,100.0,0.0006862159618898356,False
final_input_token_layerwise,undisclosed,k3,response_residual,20,100.0,0.0004324904329233714,False
final_input_token_layerwise,undisclosed,k3,response_residual,21,100.0,0.00017152835852635162,False
final_input_token_layerwise,undisclosed,k3,response_residual,22,100.0,0.00015484318829550592,False
final_input_token_layerwise,undisclosed,k3,response_residual,23,100.0,0.0004413766286638643,False
final_input_token_layerwise,undisclosed,k3,response_residual,24,100.0,0.0003020101960612698,False
final_input_token_layerwise,undisclosed,k3,response_residual,25,100.0,0.0003281885084508718,False
final_input_token_layerwise,undisclosed,k3,response_residual,26,100.0,0.00031550102252619894,False
final_input_token_layerwise,undisclosed,k3,response_residual,27,100.0,0.00042120779720306034,False
final_input_token_layerwise,undisclosed,k3,response_residual,28,100.0,0.000527801989724408,False
final_input_token_layerwise,undisclosed,k3,response_residual,29,100.0,0.0005138138887822163,False
final_input_token_layerwise,undisclosed,k3,response_residual,30,100.0,0.0004986459482518579,False
final_input_token_layerwise,undisclosed,k3,response_residual,31,100.0,0.0005133191849513719,False
final_input_token_layerwise,undisclosed,k3,response_residual,32,100.0,0.00039048551100157036,False
final_input_token_layerwise,undisclosed,k3,response_residual,33,100.0,0.0007998759202383077,False
final_input_token_layerwise,undisclosed,k3,response_residual,34,100.0,0.0006182977871903861,False
final_input_token_layerwise,undisclosed,k3,response_residual,35,100.0,0.0006706342299927781,False
final_input_token_layerwise,undisclosed,k3,response_residual,36,100.0,0.0007777493807479552,False
final_input_token_layerwise,undisclosed,k3,last_target_observation,0,0.0001,-8.326672684688674e-17,False
final_input_token_layerwise,undisclosed,k3,last_target_observation,1,0.1,0.06771616138372227,False
final_input_token_layerwise,undisclosed,k3,last_target_observation,2,100.0,0.0005263590771545645,False
final_input_token_layerwise,undisclosed,k3,last_target_observation,3,0.1,0.10251260913492077,True
final_input_token_layerwise,undisclosed,k3,last_target_observation,4,0.1,0.03723793274497353,False
final_input_token_layerwise,undisclosed,k3,last_target_observation,5,0.1,0.03659529634431785,False
final_input_token_layerwise,undisclosed,k3,last_target_observation,6,3.0,0.006433609394204981,False
final_input_token_layerwise,undisclosed,k3,last_target_observation,7,3.0,0.0016221121281502493,False
final_input_token_layerwise,undisclosed,k3,last_target_observation,8,100.0,0.0008308910267580127,False
final_input_token_layerwise,undisclosed,k3,last_target_observation,9,100.0,0.0004484030474020406,False
final_input_token_layerwise,undisclosed,k3,last_target_observation,10,100.0,0.0003312523849933746,False
final_input_token_layerwise,undisclosed,k3,last_target_observation,11,100.0,0.0007739160135719347,False
final_input_token_layerwise,undisclosed,k3,last_target_observation,12,100.0,0.0008462645996018536,False
final_input_token_layerwise,undisclosed,k3,last_target_observation,13,100.0,0.000803265507480666,False
final_input_token_layerwise,undisclosed,k3,last_target_observation,14,3.0,0.006702573289273928,False
final_input_token_layerwise,undisclosed,k3,last_target_observation,15,3.0,0.01651654602048966,False
final_input_token_layerwise,undisclosed,k3,last_target_observation,16,3.0,0.023294357911651103,False
final_input_token_layerwise,undisclosed,k3,last_target_observation,17,3.0,0.026255852479004554,False
final_input_token_layerwise,undisclosed,k3,last_target_observation,18,3.0,0.02181604000964929,False
final_input_token_layerwise,undisclosed,k3,last_target_observation,19,3.0,0.017116370984686685,False
final_input_token_layerwise,undisclosed,k3,last_target_observation,20,3.0,0.028615140129511912,False
final_input_token_layerwise,undisclosed,k3,last_target_observation,21,3.0,0.04865693782151642,False
final_input_token_layerwise,undisclosed,k3,last_target_observation,22,3.0,0.05394026422540679,False
final_input_token_layerwise,undisclosed,k3,last_target_observation,23,3.0,0.04166984787363995,False
final_input_token_layerwise,undisclosed,k3,last_target_observation,24,3.0,0.044023037778550406,False
final_input_token_layerwise,undisclosed,k3,last_target_observation,25,3.0,0.05181182436620385,False
final_input_token_layerwise,undisclosed,k3,last_target_observation,26,3.0,0.05606085038316572,False
final_input_token_layerwise,undisclosed,k3,last_target_observation,27,3.0,0.061947842518317475,False
final_input_token_layerwise,undisclosed,k3,last_target_observation,28,3.0,0.05561941034239973,False
final_input_token_layerwise,undisclosed,k3,last_target_observation,29,3.0,0.05628366879548516,False
final_input_token_layerwise,undisclosed,k3,last_target_observation,30,3.0,0.05464231875534892,False
final_input_token_layerwise,undisclosed,k3,last_target_observation,31,3.0,0.058125099306153505,False
final_input_token_layerwise,undisclosed,k3,last_target_observation,32,3.0,0.054360848085300256,False
final_input_token_layerwise,undisclosed,k3,last_target_observation,33,3.0,0.05581810534828252,False
final_input_token_layerwise,undisclosed,k3,last_target_observation,34,3.0,0.06252824891941378,False
final_input_token_layerwise,undisclosed,k3,last_target_observation,35,3.0,0.0602796837348861,False
final_input_token_layerwise,undisclosed,k3,last_target_observation,36,3.0,0.05648300108471993,False
final_input_token_layerwise,undisclosed,k3,target_observation_mean,0,0.0001,5.551115123125783e-17,False
final_input_token_layerwise,undisclosed,k3,target_observation_mean,1,3.0,0.011685549358351144,False
final_input_token_layerwise,undisclosed,k3,target_observation_mean,2,3.0,0.0005910462041368025,False
final_input_token_layerwise,undisclosed,k3,target_observation_mean,3,3.0,0.0052792496851603865,False
final_input_token_layerwise,undisclosed,k3,target_observation_mean,4,100.0,0.0003976688657437999,False
final_input_token_layerwise,undisclosed,k3,target_observation_mean,5,100.0,0.0006222774596011671,False
final_input_token_layerwise,undisclosed,k3,target_observation_mean,6,100.0,0.0006571207233395104,False
final_input_token_layerwise,undisclosed,k3,target_observation_mean,7,100.0,0.0008769755403563173,False
final_input_token_layerwise,undisclosed,k3,target_observation_mean,8,100.0,0.000998131184542339,False
final_input_token_layerwise,undisclosed,k3,target_observation_mean,9,100.0,0.00022141108848619528,False
final_input_token_layerwise,undisclosed,k3,target_observation_mean,10,100.0,0.0003371462967104999,False
final_input_token_layerwise,undisclosed,k3,target_observation_mean,11,100.0,0.0004127741211111535,False
final_input_token_layerwise,undisclosed,k3,target_observation_mean,12,100.0,0.0007757210938206249,False
final_input_token_layerwise,undisclosed,k3,target_observation_mean,13,100.0,0.0008197186925372746,False
final_input_token_layerwise,undisclosed,k3,target_observation_mean,14,100.0,0.0010772632978185426,False
final_input_token_layerwise,undisclosed,k3,target_observation_mean,15,3.0,0.00741762484281927,False
final_input_token_layerwise,undisclosed,k3,target_observation_mean,16,3.0,0.01781806075518866,False
final_input_token_layerwise,undisclosed,k3,target_observation_mean,17,3.0,0.0071868150244105145,False
final_input_token_layerwise,undisclosed,k3,target_observation_mean,18,3.0,0.009152293856586086,False
final_input_token_layerwise,undisclosed,k3,target_observation_mean,19,100.0,0.0019283995661589226,False
final_input_token_layerwise,undisclosed,k3,target_observation_mean,20,3.0,0.020521692948238163,False
final_input_token_layerwise,undisclosed,k3,target_observation_mean,21,3.0,0.040444750250106326,False
final_input_token_layerwise,undisclosed,k3,target_observation_mean,22,3.0,0.044757959524469815,False
final_input_token_layerwise,undisclosed,k3,target_observation_mean,23,3.0,0.044209680493638076,False
final_input_token_layerwise,undisclosed,k3,target_observation_mean,24,3.0,0.049426593746511205,False
final_input_token_layerwise,undisclosed,k3,target_observation_mean,25,3.0,0.04959040122125316,False
final_input_token_layerwise,undisclosed,k3,target_observation_mean,26,3.0,0.03795521349228065,False
final_input_token_layerwise,undisclosed,k3,target_observation_mean,27,3.0,0.03788674382710583,False
final_input_token_layerwise,undisclosed,k3,target_observation_mean,28,3.0,0.036237392898833654,False
final_input_token_layerwise,undisclosed,k3,target_observation_mean,29,3.0,0.048541811087106645,False
final_input_token_layerwise,undisclosed,k3,target_observation_mean,30,3.0,0.04678862456038038,False
final_input_token_layerwise,undisclosed,k3,target_observation_mean,31,3.0,0.045624787267612626,False
final_input_token_layerwise,undisclosed,k3,target_observation_mean,32,3.0,0.04139008482446874,False
final_input_token_layerwise,undisclosed,k3,target_observation_mean,33,3.0,0.05058532820364753,False
final_input_token_layerwise,undisclosed,k3,target_observation_mean,34,3.0,0.0537523937206853,True
final_input_token_layerwise,undisclosed,k3,target_observation_mean,35,3.0,0.04935597813135406,False
final_input_token_layerwise,undisclosed,k3,target_observation_mean,36,3.0,0.051044056785495034,False
final_input_token_layerwise,undisclosed,k3,target_time_slope,0,0.0001,0.0,False
final_input_token_layerwise,undisclosed,k3,target_time_slope,1,100.0,-0.0006771750326319548,False
final_input_token_layerwise,undisclosed,k3,target_time_slope,2,100.0,-0.0026882235411671007,False
final_input_token_layerwise,undisclosed,k3,target_time_slope,3,100.0,-0.0008314908140898136,False
final_input_token_layerwise,undisclosed,k3,target_time_slope,4,100.0,-0.00018882128964134437,False
final_input_token_layerwise,undisclosed,k3,target_time_slope,5,0.1,0.013712964518598297,False
final_input_token_layerwise,undisclosed,k3,target_time_slope,6,100.0,0.00012464227668795846,False
final_input_token_layerwise,undisclosed,k3,target_time_slope,7,100.0,0.0003698979180968287,False
final_input_token_layerwise,undisclosed,k3,target_time_slope,8,100.0,0.00030844394998127966,False
final_input_token_layerwise,undisclosed,k3,target_time_slope,9,100.0,0.00040835441070588563,False
final_input_token_layerwise,undisclosed,k3,target_time_slope,10,100.0,0.0003202043403612853,False
final_input_token_layerwise,undisclosed,k3,target_time_slope,11,100.0,0.0008384732319113852,False
final_input_token_layerwise,undisclosed,k3,target_time_slope,12,100.0,0.0007474195629309233,False
final_input_token_layerwise,undisclosed,k3,target_time_slope,13,100.0,0.0007450987905576745,False
final_input_token_layerwise,undisclosed,k3,target_time_slope,14,3.0,0.005272150849555762,False
final_input_token_layerwise,undisclosed,k3,target_time_slope,15,3.0,0.010328806517580474,False
final_input_token_layerwise,undisclosed,k3,target_time_slope,16,3.0,0.012844651776184546,False
final_input_token_layerwise,undisclosed,k3,target_time_slope,17,3.0,0.012683670782652062,False
final_input_token_layerwise,undisclosed,k3,target_time_slope,18,3.0,0.006403001918618867,False
final_input_token_layerwise,undisclosed,k3,target_time_slope,19,3.0,0.007295051939365416,False
final_input_token_layerwise,undisclosed,k3,target_time_slope,20,3.0,0.007052335352828898,False
final_input_token_layerwise,undisclosed,k3,target_time_slope,21,3.0,0.007523841925479474,False
final_input_token_layerwise,undisclosed,k3,target_time_slope,22,3.0,0.01077736446928762,False
final_input_token_layerwise,undisclosed,k3,target_time_slope,23,3.0,0.0002460517599615353,False
final_input_token_layerwise,undisclosed,k3,target_time_slope,24,3.0,0.0074272408085211405,False
final_input_token_layerwise,undisclosed,k3,target_time_slope,25,3.0,0.014058784036392602,False
final_input_token_layerwise,undisclosed,k3,target_time_slope,26,3.0,0.020100717014642194,False
final_input_token_layerwise,undisclosed,k3,target_time_slope,27,3.0,0.029077362208304702,False
final_input_token_layerwise,undisclosed,k3,target_time_slope,28,3.0,0.02399699805792696,False
final_input_token_layerwise,undisclosed,k3,target_time_slope,29,3.0,0.018609164579493548,False
final_input_token_layerwise,undisclosed,k3,target_time_slope,30,3.0,0.014782518090758395,False
final_input_token_layerwise,undisclosed,k3,target_time_slope,31,3.0,0.02518369143713245,False
final_input_token_layerwise,undisclosed,k3,target_time_slope,32,3.0,0.025736039674501332,False
final_input_token_layerwise,undisclosed,k3,target_time_slope,33,3.0,0.025547616622913327,False
final_input_token_layerwise,undisclosed,k3,target_time_slope,34,3.0,0.029989605674080155,False
final_input_token_layerwise,undisclosed,k3,target_time_slope,35,3.0,0.030110380177427787,True
final_input_token_layerwise,undisclosed,k3,target_time_slope,36,3.0,0.029362925659253275,False
final_input_token_layerwise,undisclosed,k3,displayed_driver_outcome_slope,0,0.0001,5.551115123125783e-17,False
final_input_token_layerwise,undisclosed,k3,displayed_driver_outcome_slope,1,100.0,0.000475451546715272,False
final_input_token_layerwise,undisclosed,k3,displayed_driver_outcome_slope,2,3.0,0.030318623064795963,True
final_input_token_layerwise,undisclosed,k3,displayed_driver_outcome_slope,3,3.0,0.023817201022632295,False
final_input_token_layerwise,undisclosed,k3,displayed_driver_outcome_slope,4,3.0,0.020212165879228583,False
final_input_token_layerwise,undisclosed,k3,displayed_driver_outcome_slope,5,3.0,0.0272836848375127,False
final_input_token_layerwise,undisclosed,k3,displayed_driver_outcome_slope,6,3.0,0.01962132310872644,False
final_input_token_layerwise,undisclosed,k3,displayed_driver_outcome_slope,7,3.0,0.019594265128271032,False
final_input_token_layerwise,undisclosed,k3,displayed_driver_outcome_slope,8,3.0,0.014888794186145221,False
final_input_token_layerwise,undisclosed,k3,displayed_driver_outcome_slope,9,3.0,0.011618438176225737,False
final_input_token_layerwise,undisclosed,k3,displayed_driver_outcome_slope,10,3.0,0.008995942405811946,False
final_input_token_layerwise,undisclosed,k3,displayed_driver_outcome_slope,11,3.0,0.00963586739436334,False
final_input_token_layerwise,undisclosed,k3,displayed_driver_outcome_slope,12,3.0,0.01287520475498341,False
final_input_token_layerwise,undisclosed,k3,displayed_driver_outcome_slope,13,3.0,0.01698446213069446,False
final_input_token_layerwise,undisclosed,k3,displayed_driver_outcome_slope,14,3.0,0.015054378823153025,False
final_input_token_layerwise,undisclosed,k3,displayed_driver_outcome_slope,15,3.0,0.011497091142288585,False
final_input_token_layerwise,undisclosed,k3,displayed_driver_outcome_slope,16,3.0,0.014205719660756566,False
final_input_token_layerwise,undisclosed,k3,displayed_driver_outcome_slope,17,3.0,0.00956234696578212,False
final_input_token_layerwise,undisclosed,k3,displayed_driver_outcome_slope,18,3.0,0.011875097274750002,False
final_input_token_layerwise,undisclosed,k3,displayed_driver_outcome_slope,19,3.0,0.0141615137029521,False
final_input_token_layerwise,undisclosed,k3,displayed_driver_outcome_slope,20,3.0,0.01143514526863909,False
final_input_token_layerwise,undisclosed,k3,displayed_driver_outcome_slope,21,3.0,0.005250427090010251,False
final_input_token_layerwise,undisclosed,k3,displayed_driver_outcome_slope,22,3.0,0.0016136720089447443,False
final_input_token_layerwise,undisclosed,k3,displayed_driver_outcome_slope,23,100.0,0.000683117866689148,False
final_input_token_layerwise,undisclosed,k3,displayed_driver_outcome_slope,24,100.0,0.0004798900984583909,False
final_input_token_layerwise,undisclosed,k3,displayed_driver_outcome_slope,25,100.0,0.0003524378981878129,False
final_input_token_layerwise,undisclosed,k3,displayed_driver_outcome_slope,26,100.0,0.00015327045673838025,False
final_input_token_layerwise,undisclosed,k3,displayed_driver_outcome_slope,27,100.0,0.00010025116075990104,False
final_input_token_layerwise,undisclosed,k3,displayed_driver_outcome_slope,28,100.0,1.3754747705124748e-05,False
final_input_token_layerwise,undisclosed,k3,displayed_driver_outcome_slope,29,100.0,-0.00023080572083389317,False
final_input_token_layerwise,undisclosed,k3,displayed_driver_outcome_slope,30,100.0,-0.00010662400500202618,False
final_input_token_layerwise,undisclosed,k3,displayed_driver_outcome_slope,31,100.0,-5.408837195308713e-05,False
final_input_token_layerwise,undisclosed,k3,displayed_driver_outcome_slope,32,100.0,3.6954051585880165e-05,False
final_input_token_layerwise,undisclosed,k3,displayed_driver_outcome_slope,33,100.0,7.050964002583426e-05,False
final_input_token_layerwise,undisclosed,k3,displayed_driver_outcome_slope,34,100.0,-0.00015475538406381495,False
final_input_token_layerwise,undisclosed,k3,displayed_driver_outcome_slope,35,100.0,-0.0002044645363210862,False
final_input_token_layerwise,undisclosed,k3,displayed_driver_outcome_slope,36,100.0,-0.00026923312229226726,False
final_input_token_layerwise,undisclosed,k3,oracle_posterior_gain,0,0.0001,2.7755575615628914e-17,False
final_input_token_layerwise,undisclosed,k3,oracle_posterior_gain,1,100.0,-0.0025555283384486316,False
final_input_token_layerwise,undisclosed,k3,oracle_posterior_gain,2,100.0,-0.002651037762412378,False
final_input_token_layerwise,undisclosed,k3,oracle_posterior_gain,3,100.0,-0.0021765725651650414,False
final_input_token_layerwise,undisclosed,k3,oracle_posterior_gain,4,100.0,-0.001844505055625667,False
final_input_token_layerwise,undisclosed,k3,oracle_posterior_gain,5,100.0,-0.0016259342466412308,False
final_input_token_layerwise,undisclosed,k3,oracle_posterior_gain,6,100.0,-0.0016790561545321214,False
final_input_token_layerwise,undisclosed,k3,oracle_posterior_gain,7,100.0,-0.0016567295304126817,False
final_input_token_layerwise,undisclosed,k3,oracle_posterior_gain,8,100.0,-0.001588209719787681,False
final_input_token_layerwise,undisclosed,k3,oracle_posterior_gain,9,100.0,-0.0017214847577595171,False
final_input_token_layerwise,undisclosed,k3,oracle_posterior_gain,10,100.0,-0.0017157879180580426,False
final_input_token_layerwise,undisclosed,k3,oracle_posterior_gain,11,100.0,-0.0017256206130444873,False
final_input_token_layerwise,undisclosed,k3,oracle_posterior_gain,12,100.0,-0.0018438125169646935,False
final_input_token_layerwise,undisclosed,k3,oracle_posterior_gain,13,100.0,-0.0014886386586341893,False
final_input_token_layerwise,undisclosed,k3,oracle_posterior_gain,14,100.0,-0.0016541872554121095,False
final_input_token_layerwise,undisclosed,k3,oracle_posterior_gain,15,100.0,-0.001508138857795327,False
final_input_token_layerwise,undisclosed,k3,oracle_posterior_gain,16,100.0,-0.001384927303187261,False
final_input_token_layerwise,undisclosed,k3,oracle_posterior_gain,17,100.0,-0.001755958385307843,False
final_input_token_layerwise,undisclosed,k3,oracle_posterior_gain,18,100.0,-0.001620118050963737,False
final_input_token_layerwise,undisclosed,k3,oracle_posterior_gain,19,100.0,-0.0018317924626513604,False
final_input_token_layerwise,undisclosed,k3,oracle_posterior_gain,20,100.0,-0.00183341919078861,False
final_input_token_layerwise,undisclosed,k3,oracle_posterior_gain,21,100.0,-0.001677244742484263,False
final_input_token_layerwise,undisclosed,k3,oracle_posterior_gain,22,100.0,-0.0017455199190160031,False
final_input_token_layerwise,undisclosed,k3,oracle_posterior_gain,23,100.0,-0.001380651388339288,False
final_input_token_layerwise,undisclosed,k3,oracle_posterior_gain,24,100.0,-0.0013588696116243748,False
final_input_token_layerwise,undisclosed,k3,oracle_posterior_gain,25,100.0,-0.0006965619420972458,False
final_input_token_layerwise,undisclosed,k3,oracle_posterior_gain,26,100.0,-0.00028863397804421154,False
final_input_token_layerwise,undisclosed,k3,oracle_posterior_gain,27,100.0,-0.0008157185106636711,False
final_input_token_layerwise,undisclosed,k3,oracle_posterior_gain,28,100.0,-0.0007043668717900964,False
final_input_token_layerwise,undisclosed,k3,oracle_posterior_gain,29,100.0,-0.0009046222532463899,False
final_input_token_layerwise,undisclosed,k3,oracle_posterior_gain,30,100.0,-0.0005484114087488945,False
final_input_token_layerwise,undisclosed,k3,oracle_posterior_gain,31,100.0,1.5162261157442014e-05,False
final_input_token_layerwise,undisclosed,k3,oracle_posterior_gain,32,100.0,-2.9868843060304462e-05,False
final_input_token_layerwise,undisclosed,k3,oracle_posterior_gain,33,100.0,0.00017163298580000208,False
final_input_token_layerwise,undisclosed,k3,oracle_posterior_gain,34,100.0,0.00022573251109891945,False
final_input_token_layerwise,undisclosed,k3,oracle_posterior_gain,35,100.0,0.00015121189486505537,False
final_input_token_layerwise,undisclosed,k3,oracle_posterior_gain,36,100.0,0.0004011901611955804,True
final_input_token_layerwise,undisclosed,k6,gain,0,0.0001,0.0,False
final_input_token_layerwise,undisclosed,k6,gain,1,100.0,1.3985861768511798e-05,False
final_input_token_layerwise,undisclosed,k6,gain,2,100.0,-0.0009323137997311881,False
final_input_token_layerwise,undisclosed,k6,gain,3,100.0,-0.0011368751425351042,False
final_input_token_layerwise,undisclosed,k6,gain,4,100.0,-0.0006634800168327515,False
final_input_token_layerwise,undisclosed,k6,gain,5,100.0,-0.0004856011490793344,False
final_input_token_layerwise,undisclosed,k6,gain,6,100.0,-0.0005216176704498643,False
final_input_token_layerwise,undisclosed,k6,gain,7,100.0,-0.0007238839908168815,False
final_input_token_layerwise,undisclosed,k6,gain,8,100.0,-0.0003947957311728201,False
final_input_token_layerwise,undisclosed,k6,gain,9,100.0,8.528890295650404e-06,False
final_input_token_layerwise,undisclosed,k6,gain,10,100.0,-0.00021682251525573237,False
final_input_token_layerwise,undisclosed,k6,gain,11,100.0,-0.00023804680546973822,False
final_input_token_layerwise,undisclosed,k6,gain,12,100.0,4.5105674815748564e-06,False
final_input_token_layerwise,undisclosed,k6,gain,13,100.0,2.5250662846615368e-05,False
final_input_token_layerwise,undisclosed,k6,gain,14,100.0,-0.00019798757193711936,False
final_input_token_layerwise,undisclosed,k6,gain,15,100.0,-0.00028606661616259466,False
final_input_token_layerwise,undisclosed,k6,gain,16,100.0,-0.0003058283075764445,False
final_input_token_layerwise,undisclosed,k6,gain,17,100.0,-4.078714711638898e-05,False
final_input_token_layerwise,undisclosed,k6,gain,18,100.0,-0.00015976965182876168,False
final_input_token_layerwise,undisclosed,k6,gain,19,100.0,-9.450260566307156e-05,False
final_input_token_layerwise,undisclosed,k6,gain,20,3.0,0.000979147879490716,False
final_input_token_layerwise,undisclosed,k6,gain,21,100.0,-0.00019526952732154546,False
final_input_token_layerwise,undisclosed,k6,gain,22,3.0,0.00020524829170315284,False
final_input_token_layerwise,undisclosed,k6,gain,23,3.0,0.003880233976161357,True
final_input_token_layerwise,undisclosed,k6,gain,24,100.0,4.7405180832127414e-05,False
final_input_token_layerwise,undisclosed,k6,gain,25,100.0,-5.8046715900789136e-05,False
final_input_token_layerwise,undisclosed,k6,gain,26,100.0,-2.0447001344320315e-05,False
final_input_token_layerwise,undisclosed,k6,gain,27,100.0,-4.256887139647558e-06,False
final_input_token_layerwise,undisclosed,k6,gain,28,100.0,0.00022499817107937692,False
final_input_token_layerwise,undisclosed,k6,gain,29,100.0,-1.2563209326632574e-05,False
final_input_token_layerwise,undisclosed,k6,gain,30,100.0,-0.00025643756583140775,False
final_input_token_layerwise,undisclosed,k6,gain,31,100.0,0.00020181371390845526,False
final_input_token_layerwise,undisclosed,k6,gain,32,100.0,0.00020996196851419402,False
final_input_token_layerwise,undisclosed,k6,gain,33,100.0,0.00021543518047756338,False
final_input_token_layerwise,undisclosed,k6,gain,34,100.0,2.531480226025673e-05,False
final_input_token_layerwise,undisclosed,k6,gain,35,100.0,0.00015496569281581163,False
final_input_token_layerwise,undisclosed,k6,gain,36,100.0,3.8668423393978246e-05,False
final_input_token_layerwise,undisclosed,k6,response_residual,0,0.0001,-2.7755575615628914e-17,False
final_input_token_layerwise,undisclosed,k6,response_residual,1,100.0,0.0002984045565875004,True
final_input_token_layerwise,undisclosed,k6,response_residual,2,100.0,-0.000839194807981003,False
final_input_token_layerwise,undisclosed,k6,response_residual,3,100.0,-0.001049151177553942,False
final_input_token_layerwise,undisclosed,k6,response_residual,4,100.0,-0.0007991211639101492,False
final_input_token_layerwise,undisclosed,k6,response_residual,5,100.0,-0.0009450044247044098,False
final_input_token_layerwise,undisclosed,k6,response_residual,6,100.0,-0.001026000949138156,False
final_input_token_layerwise,undisclosed,k6,response_residual,7,100.0,-0.0012102377405871223,False
final_input_token_layerwise,undisclosed,k6,response_residual,8,100.0,-0.0010958283323826146,False
final_input_token_layerwise,undisclosed,k6,response_residual,9,100.0,-0.000839056341547767,False
final_input_token_layerwise,undisclosed,k6,response_residual,10,100.0,-0.0010662988124825745,False
final_input_token_layerwise,undisclosed,k6,response_residual,11,100.0,-0.0010004239068361065,False
final_input_token_layerwise,undisclosed,k6,response_residual,12,100.0,-0.0006990565233127577,False
final_input_token_layerwise,undisclosed,k6,response_residual,13,100.0,-0.0008078896973245098,False
final_input_token_layerwise,undisclosed,k6,response_residual,14,100.0,-0.000874380963144239,False
final_input_token_layerwise,undisclosed,k6,response_residual,15,100.0,-0.0007971094894325681,False
final_input_token_layerwise,undisclosed,k6,response_residual,16,100.0,-0.0009395249591110655,False
final_input_token_layerwise,undisclosed,k6,response_residual,17,100.0,-0.000673851903342626,False
final_input_token_layerwise,undisclosed,k6,response_residual,18,100.0,-0.0007790134765987555,False
final_input_token_layerwise,undisclosed,k6,response_residual,19,100.0,-0.0003240387081392404,False
final_input_token_layerwise,undisclosed,k6,response_residual,20,100.0,-0.00014774812972778717,False
final_input_token_layerwise,undisclosed,k6,response_residual,21,100.0,-0.00040018730854152196,False
final_input_token_layerwise,undisclosed,k6,response_residual,22,100.0,-0.00011732129382999168,False
final_input_token_layerwise,undisclosed,k6,response_residual,23,100.0,0.00018737718430184014,False
final_input_token_layerwise,undisclosed,k6,response_residual,24,100.0,-8.443626723597664e-05,False
final_input_token_layerwise,undisclosed,k6,response_residual,25,100.0,-0.00018798418237567227,False
final_input_token_layerwise,undisclosed,k6,response_residual,26,100.0,-0.0002488045382186277,False
final_input_token_layerwise,undisclosed,k6,response_residual,27,100.0,-0.00018035166485055876,False
final_input_token_layerwise,undisclosed,k6,response_residual,28,100.0,3.985422173261033e-05,False
final_input_token_layerwise,undisclosed,k6,response_residual,29,100.0,-0.00017153964552651946,False
final_input_token_layerwise,undisclosed,k6,response_residual,30,100.0,-0.00018408194801963762,False
final_input_token_layerwise,undisclosed,k6,response_residual,31,100.0,0.0001973126943681791,False
final_input_token_layerwise,undisclosed,k6,response_residual,32,100.0,0.00015802286291258238,False
final_input_token_layerwise,undisclosed,k6,response_residual,33,100.0,7.79526588201851e-05,False
final_input_token_layerwise,undisclosed,k6,response_residual,34,100.0,0.00010355132397327216,False
final_input_token_layerwise,undisclosed,k6,response_residual,35,100.0,0.0002515781625850033,False
final_input_token_layerwise,undisclosed,k6,response_residual,36,100.0,0.000113552396889538,False
final_input_token_layerwise,undisclosed,k6,last_target_observation,0,0.0001,-2.7755575615628914e-17,False
final_input_token_layerwise,undisclosed,k6,last_target_observation,1,100.0,-0.0018028712364646093,False
final_input_token_layerwise,undisclosed,k6,last_target_observation,2,100.0,-4.4540082139443715e-06,False
final_input_token_layerwise,undisclosed,k6,last_target_observation,3,100.0,4.5590252851002155e-05,False
final_input_token_layerwise,undisclosed,k6,last_target_observation,4,100.0,5.2999777793438785e-05,False
final_input_token_layerwise,undisclosed,k6,last_target_observation,5,100.0,-0.00019320295765240525,False
final_input_token_layerwise,undisclosed,k6,last_target_observation,6,100.0,-0.00027878368381598073,False
final_input_token_layerwise,undisclosed,k6,last_target_observation,7,100.0,-0.0006135247135366784,False
final_input_token_layerwise,undisclosed,k6,last_target_observation,8,100.0,-0.0007993725115833517,False
final_input_token_layerwise,undisclosed,k6,last_target_observation,9,100.0,-0.0007002007045908976,False
final_input_token_layerwise,undisclosed,k6,last_target_observation,10,100.0,-0.0003294764934118066,False
final_input_token_layerwise,undisclosed,k6,last_target_observation,11,100.0,-0.00029025913786898117,False
final_input_token_layerwise,undisclosed,k6,last_target_observation,12,100.0,-0.0005534541941968896,False
final_input_token_layerwise,undisclosed,k6,last_target_observation,13,100.0,-0.0005023106930626131,False
final_input_token_layerwise,undisclosed,k6,last_target_observation,14,100.0,-0.00012858042057600771,False
final_input_token_layerwise,undisclosed,k6,last_target_observation,15,100.0,0.0008943692750222887,False
final_input_token_layerwise,undisclosed,k6,last_target_observation,16,3.0,0.006662360746765461,False
final_input_token_layerwise,undisclosed,k6,last_target_observation,17,3.0,0.006265394007947206,False
final_input_token_layerwise,undisclosed,k6,last_target_observation,18,100.0,0.0008260485449384236,False
final_input_token_layerwise,undisclosed,k6,last_target_observation,19,100.0,0.0008820881409553338,False
final_input_token_layerwise,undisclosed,k6,last_target_observation,20,3.0,0.00460959205709735,False
final_input_token_layerwise,undisclosed,k6,last_target_observation,21,100.0,0.0007617638026825857,False
final_input_token_layerwise,undisclosed,k6,last_target_observation,22,100.0,0.0002912529114585949,False
final_input_token_layerwise,undisclosed,k6,last_target_observation,23,100.0,1.0221867977167065e-05,False
final_input_token_layerwise,undisclosed,k6,last_target_observation,24,100.0,0.00018913048009364108,False
final_input_token_layerwise,undisclosed,k6,last_target_observation,25,100.0,0.00029235291362197935,False
final_input_token_layerwise,undisclosed,k6,last_target_observation,26,100.0,7.297706451145358e-05,False
final_input_token_layerwise,undisclosed,k6,last_target_observation,27,100.0,9.487868223051477e-06,False
final_input_token_layerwise,undisclosed,k6,last_target_observation,28,100.0,-4.0847923917841644e-05,False
final_input_token_layerwise,undisclosed,k6,last_target_observation,29,100.0,4.980377416993753e-05,False
final_input_token_layerwise,undisclosed,k6,last_target_observation,30,3.0,0.0026601875448982737,False
final_input_token_layerwise,undisclosed,k6,last_target_observation,31,100.0,0.0009871800748985915,False
final_input_token_layerwise,undisclosed,k6,last_target_observation,32,100.0,0.0008150757362841987,False
final_input_token_layerwise,undisclosed,k6,last_target_observation,33,3.0,0.005517587768663623,False
final_input_token_layerwise,undisclosed,k6,last_target_observation,34,3.0,0.010667977008583185,False
final_input_token_layerwise,undisclosed,k6,last_target_observation,35,3.0,0.016348994942293693,False
final_input_token_layerwise,undisclosed,k6,last_target_observation,36,3.0,0.017101174906509142,True
final_input_token_layerwise,undisclosed,k6,target_observation_mean,0,0.0001,2.7755575615628914e-17,False
final_input_token_layerwise,undisclosed,k6,target_observation_mean,1,100.0,-0.00010024753934145814,False
final_input_token_layerwise,undisclosed,k6,target_observation_mean,2,3.0,0.0059825776962262045,False
final_input_token_layerwise,undisclosed,k6,target_observation_mean,3,3.0,0.005461552522350616,False
final_input_token_layerwise,undisclosed,k6,target_observation_mean,4,3.0,0.00663206236347616,False
final_input_token_layerwise,undisclosed,k6,target_observation_mean,5,3.0,0.014797998483417563,False
final_input_token_layerwise,undisclosed,k6,target_observation_mean,6,3.0,0.003920534828140754,False
final_input_token_layerwise,undisclosed,k6,target_observation_mean,7,100.0,0.00035122422253622276,False
final_input_token_layerwise,undisclosed,k6,target_observation_mean,8,3.0,0.0007805141586224029,False
final_input_token_layerwise,undisclosed,k6,target_observation_mean,9,3.0,0.001143045976914947,False
final_input_token_layerwise,undisclosed,k6,target_observation_mean,10,100.0,0.0002060775650530866,False
final_input_token_layerwise,undisclosed,k6,target_observation_mean,11,100.0,0.000167328920021248,False
final_input_token_layerwise,undisclosed,k6,target_observation_mean,12,100.0,0.0005729735559972804,False
final_input_token_layerwise,undisclosed,k6,target_observation_mean,13,3.0,0.0014367707490296477,False
final_input_token_layerwise,undisclosed,k6,target_observation_mean,14,100.0,0.0001667226852793413,False
final_input_token_layerwise,undisclosed,k6,target_observation_mean,15,3.0,0.003130396130389096,False
final_input_token_layerwise,undisclosed,k6,target_observation_mean,16,3.0,0.004210167662797859,False
final_input_token_layerwise,undisclosed,k6,target_observation_mean,17,3.0,0.010922839754871377,False
final_input_token_layerwise,undisclosed,k6,target_observation_mean,18,3.0,0.0048970254004002955,False
final_input_token_layerwise,undisclosed,k6,target_observation_mean,19,100.0,0.00010293171436726034,False
final_input_token_layerwise,undisclosed,k6,target_observation_mean,20,100.0,0.000250231649180227,False
final_input_token_layerwise,undisclosed,k6,target_observation_mean,21,3.0,0.020803867905975076,False
final_input_token_layerwise,undisclosed,k6,target_observation_mean,22,3.0,0.01773864925796531,False
final_input_token_layerwise,undisclosed,k6,target_observation_mean,23,3.0,0.018648710700063992,False
final_input_token_layerwise,undisclosed,k6,target_observation_mean,24,3.0,0.02066745644880097,False
final_input_token_layerwise,undisclosed,k6,target_observation_mean,25,3.0,0.015509695788276545,False
final_input_token_layerwise,undisclosed,k6,target_observation_mean,26,3.0,0.010064670055939973,False
final_input_token_layerwise,undisclosed,k6,target_observation_mean,27,3.0,0.021115753603516085,False
final_input_token_layerwise,undisclosed,k6,target_observation_mean,28,3.0,0.030730987382173502,True
final_input_token_layerwise,undisclosed,k6,target_observation_mean,29,3.0,0.025882399080145113,False
final_input_token_layerwise,undisclosed,k6,target_observation_mean,30,3.0,0.027415359806173517,False
final_input_token_layerwise,undisclosed,k6,target_observation_mean,31,3.0,0.021054124181803302,False
final_input_token_layerwise,undisclosed,k6,target_observation_mean,32,3.0,0.018730394999728034,False
final_input_token_layerwise,undisclosed,k6,target_observation_mean,33,3.0,0.008329751155034731,False
final_input_token_layerwise,undisclosed,k6,target_observation_mean,34,3.0,0.0011785899193459404,False
final_input_token_layerwise,undisclosed,k6,target_observation_mean,35,100.0,0.0009280493604467144,False
final_input_token_layerwise,undisclosed,k6,target_observation_mean,36,100.0,0.0007605326049267558,False
final_input_token_layerwise,undisclosed,k6,target_time_slope,0,0.0001,0.0,False
final_input_token_layerwise,undisclosed,k6,target_time_slope,1,100.0,-0.0013460102048558908,False
final_input_token_layerwise,undisclosed,k6,target_time_slope,2,100.0,-0.0024813991493707332,False
final_input_token_layerwise,undisclosed,k6,target_time_slope,3,100.0,-0.002103894903704606,False
final_input_token_layerwise,undisclosed,k6,target_time_slope,4,100.0,-0.0018062177529408752,False
final_input_token_layerwise,undisclosed,k6,target_time_slope,5,100.0,-0.001284277698622771,False
final_input_token_layerwise,undisclosed,k6,target_time_slope,6,100.0,-0.0016152822824040958,False
final_input_token_layerwise,undisclosed,k6,target_time_slope,7,100.0,-0.0019098975917760386,False
final_input_token_layerwise,undisclosed,k6,target_time_slope,8,100.0,-0.002031274909466474,False
final_input_token_layerwise,undisclosed,k6,target_time_slope,9,100.0,-0.002524662694148222,False
final_input_token_layerwise,undisclosed,k6,target_time_slope,10,100.0,-0.002065442841954146,False
final_input_token_layerwise,undisclosed,k6,target_time_slope,11,100.0,-0.0020221697137778882,False
final_input_token_layerwise,undisclosed,k6,target_time_slope,12,100.0,-0.0021744290560002377,False
final_input_token_layerwise,undisclosed,k6,target_time_slope,13,100.0,-0.0019190897650565586,False
final_input_token_layerwise,undisclosed,k6,target_time_slope,14,100.0,-0.0016402084758889157,False
final_input_token_layerwise,undisclosed,k6,target_time_slope,15,100.0,-0.0003841465012378309,False
final_input_token_layerwise,undisclosed,k6,target_time_slope,16,100.0,-0.0002729569621037764,False
final_input_token_layerwise,undisclosed,k6,target_time_slope,17,100.0,0.00024292482057816644,False
final_input_token_layerwise,undisclosed,k6,target_time_slope,18,100.0,4.2355703630536645e-05,False
final_input_token_layerwise,undisclosed,k6,target_time_slope,19,100.0,-0.0001911389773664729,False
final_input_token_layerwise,undisclosed,k6,target_time_slope,20,100.0,0.00046911972781618627,False
final_input_token_layerwise,undisclosed,k6,target_time_slope,21,100.0,0.00020336820892888352,False
final_input_token_layerwise,undisclosed,k6,target_time_slope,22,100.0,-7.348004064586244e-05,False
final_input_token_layerwise,undisclosed,k6,target_time_slope,23,100.0,-0.00011975916691242539,False
final_input_token_layerwise,undisclosed,k6,target_time_slope,24,100.0,-0.00033115257504012785,False
final_input_token_layerwise,undisclosed,k6,target_time_slope,25,100.0,-0.00025745580749503283,False
final_input_token_layerwise,undisclosed,k6,target_time_slope,26,100.0,-0.00011506643673631078,False
final_input_token_layerwise,undisclosed,k6,target_time_slope,27,100.0,-0.00028970856214849405,False
final_input_token_layerwise,undisclosed,k6,target_time_slope,28,100.0,-0.0002202304401399402,False
final_input_token_layerwise,undisclosed,k6,target_time_slope,29,100.0,-0.0002005249524397179,False
final_input_token_layerwise,undisclosed,k6,target_time_slope,30,100.0,0.0006072239945370261,False
final_input_token_layerwise,undisclosed,k6,target_time_slope,31,100.0,0.00023599583295383364,False
final_input_token_layerwise,undisclosed,k6,target_time_slope,32,100.0,-3.503005436072959e-05,False
final_input_token_layerwise,undisclosed,k6,target_time_slope,33,100.0,0.00023910686701220096,False
final_input_token_layerwise,undisclosed,k6,target_time_slope,34,100.0,0.0009976883223382083,True
final_input_token_layerwise,undisclosed,k6,target_time_slope,35,100.0,0.0008166235016758283,False
final_input_token_layerwise,undisclosed,k6,target_time_slope,36,100.0,0.0008264350411644195,False
final_input_token_layerwise,undisclosed,k6,displayed_driver_outcome_slope,0,0.0001,-5.551115123125783e-17,False
final_input_token_layerwise,undisclosed,k6,displayed_driver_outcome_slope,1,100.0,-0.0016909654859529333,False
final_input_token_layerwise,undisclosed,k6,displayed_driver_outcome_slope,2,100.0,-0.00046275943736270864,False
final_input_token_layerwise,undisclosed,k6,displayed_driver_outcome_slope,3,100.0,-0.00022162689346408304,False
final_input_token_layerwise,undisclosed,k6,displayed_driver_outcome_slope,4,100.0,-0.00022999388616570804,False
final_input_token_layerwise,undisclosed,k6,displayed_driver_outcome_slope,5,3.0,0.0021157487594755664,False
final_input_token_layerwise,undisclosed,k6,displayed_driver_outcome_slope,6,100.0,9.479310008828068e-05,False
final_input_token_layerwise,undisclosed,k6,displayed_driver_outcome_slope,7,3.0,0.005050251437275721,False
final_input_token_layerwise,undisclosed,k6,displayed_driver_outcome_slope,8,3.0,0.014145194879083112,False
final_input_token_layerwise,undisclosed,k6,displayed_driver_outcome_slope,9,100.0,1.4362341765883357e-06,False
final_input_token_layerwise,undisclosed,k6,displayed_driver_outcome_slope,10,100.0,-4.521148951375231e-05,False
final_input_token_layerwise,undisclosed,k6,displayed_driver_outcome_slope,11,100.0,-0.0001265401407042066,False
final_input_token_layerwise,undisclosed,k6,displayed_driver_outcome_slope,12,100.0,-0.000286382556466791,False
final_input_token_layerwise,undisclosed,k6,displayed_driver_outcome_slope,13,100.0,-0.0003396735457495137,False
final_input_token_layerwise,undisclosed,k6,displayed_driver_outcome_slope,14,100.0,-0.00016384482989775795,False
final_input_token_layerwise,undisclosed,k6,displayed_driver_outcome_slope,15,100.0,0.00039707574766664755,False
final_input_token_layerwise,undisclosed,k6,displayed_driver_outcome_slope,16,3.0,0.0019837790032700697,False
final_input_token_layerwise,undisclosed,k6,displayed_driver_outcome_slope,17,100.0,0.0004047285876147,False
final_input_token_layerwise,undisclosed,k6,displayed_driver_outcome_slope,18,3.0,0.006723782047968918,False
final_input_token_layerwise,undisclosed,k6,displayed_driver_outcome_slope,19,3.0,0.020127203363997648,False
final_input_token_layerwise,undisclosed,k6,displayed_driver_outcome_slope,20,3.0,0.02469166085355759,False
final_input_token_layerwise,undisclosed,k6,displayed_driver_outcome_slope,21,3.0,0.020553281519648053,False
final_input_token_layerwise,undisclosed,k6,displayed_driver_outcome_slope,22,3.0,0.02035587880761605,False
final_input_token_layerwise,undisclosed,k6,displayed_driver_outcome_slope,23,3.0,0.026482620065171963,False
final_input_token_layerwise,undisclosed,k6,displayed_driver_outcome_slope,24,3.0,0.024247713533180754,False
final_input_token_layerwise,undisclosed,k6,displayed_driver_outcome_slope,25,3.0,0.021981882720263024,False
final_input_token_layerwise,undisclosed,k6,displayed_driver_outcome_slope,26,3.0,0.02130968188599444,False
final_input_token_layerwise,undisclosed,k6,displayed_driver_outcome_slope,27,3.0,0.017141311466645076,False
final_input_token_layerwise,undisclosed,k6,displayed_driver_outcome_slope,28,3.0,0.016354139511793292,False
final_input_token_layerwise,undisclosed,k6,displayed_driver_outcome_slope,29,3.0,0.007980549604432896,False
final_input_token_layerwise,undisclosed,k6,displayed_driver_outcome_slope,30,3.0,0.009138657578326742,False
final_input_token_layerwise,undisclosed,k6,displayed_driver_outcome_slope,31,3.0,0.00695527945734889,False
final_input_token_layerwise,undisclosed,k6,displayed_driver_outcome_slope,32,3.0,0.009947885700989312,False
final_input_token_layerwise,undisclosed,k6,displayed_driver_outcome_slope,33,3.0,0.028264102883235553,False
final_input_token_layerwise,undisclosed,k6,displayed_driver_outcome_slope,34,3.0,0.030607411695197095,True
final_input_token_layerwise,undisclosed,k6,displayed_driver_outcome_slope,35,3.0,0.028484431819573164,False
final_input_token_layerwise,undisclosed,k6,displayed_driver_outcome_slope,36,3.0,0.029561438567335035,False
final_input_token_layerwise,undisclosed,k6,oracle_posterior_gain,0,0.0001,-5.551115123125783e-17,False
final_input_token_layerwise,undisclosed,k6,oracle_posterior_gain,1,100.0,-0.0005346655915449416,False
final_input_token_layerwise,undisclosed,k6,oracle_posterior_gain,2,100.0,-0.0002727036193770349,False
final_input_token_layerwise,undisclosed,k6,oracle_posterior_gain,3,100.0,-0.0002757947854218623,False
final_input_token_layerwise,undisclosed,k6,oracle_posterior_gain,4,3.0,0.0005359433442715944,False
final_input_token_layerwise,undisclosed,k6,oracle_posterior_gain,5,3.0,0.0012071935904686137,False
final_input_token_layerwise,undisclosed,k6,oracle_posterior_gain,6,100.0,-0.0002604082823507159,False
final_input_token_layerwise,undisclosed,k6,oracle_posterior_gain,7,100.0,-0.0004763857755887557,False
final_input_token_layerwise,undisclosed,k6,oracle_posterior_gain,8,100.0,-0.0003839880408666452,False
final_input_token_layerwise,undisclosed,k6,oracle_posterior_gain,9,100.0,-3.50475739111511e-05,False
final_input_token_layerwise,undisclosed,k6,oracle_posterior_gain,10,100.0,-0.0003041887293506462,False
final_input_token_layerwise,undisclosed,k6,oracle_posterior_gain,11,100.0,-0.00027781533601509145,False
final_input_token_layerwise,undisclosed,k6,oracle_posterior_gain,12,100.0,0.0001548237050659207,False
final_input_token_layerwise,undisclosed,k6,oracle_posterior_gain,13,100.0,5.602123004130877e-05,False
final_input_token_layerwise,undisclosed,k6,oracle_posterior_gain,14,100.0,-0.0002872841989467745,False
final_input_token_layerwise,undisclosed,k6,oracle_posterior_gain,15,100.0,-0.0005282090367617898,False
final_input_token_layerwise,undisclosed,k6,oracle_posterior_gain,16,100.0,-0.00026725755850565136,False
final_input_token_layerwise,undisclosed,k6,oracle_posterior_gain,17,100.0,-0.0005400753218582355,False
final_input_token_layerwise,undisclosed,k6,oracle_posterior_gain,18,100.0,-0.00026788863972909693,False
final_input_token_layerwise,undisclosed,k6,oracle_posterior_gain,19,100.0,-0.00025920872647317017,False
final_input_token_layerwise,undisclosed,k6,oracle_posterior_gain,20,100.0,-0.0005438013782143314,False
final_input_token_layerwise,undisclosed,k6,oracle_posterior_gain,21,100.0,-0.00024440543728601605,False
final_input_token_layerwise,undisclosed,k6,oracle_posterior_gain,22,3.0,0.0009747059568555594,False
final_input_token_layerwise,undisclosed,k6,oracle_posterior_gain,23,3.0,0.0011634584236171752,False
final_input_token_layerwise,undisclosed,k6,oracle_posterior_gain,24,100.0,-0.0001662712582836956,False
final_input_token_layerwise,undisclosed,k6,oracle_posterior_gain,25,100.0,-4.3986559102149325e-05,False
final_input_token_layerwise,undisclosed,k6,oracle_posterior_gain,26,100.0,0.00019818763238760306,False
final_input_token_layerwise,undisclosed,k6,oracle_posterior_gain,27,100.0,0.00013287563040945138,False
final_input_token_layerwise,undisclosed,k6,oracle_posterior_gain,28,3.0,0.0064780511398540574,True
final_input_token_layerwise,undisclosed,k6,oracle_posterior_gain,29,100.0,0.00027712670012719487,False
final_input_token_layerwise,undisclosed,k6,oracle_posterior_gain,30,100.0,0.00011989555976163468,False
final_input_token_layerwise,undisclosed,k6,oracle_posterior_gain,31,100.0,0.0002514144619556735,False
final_input_token_layerwise,undisclosed,k6,oracle_posterior_gain,32,100.0,0.00016197285179320176,False
final_input_token_layerwise,undisclosed,k6,oracle_posterior_gain,33,100.0,-5.0917807684291994e-05,False
final_input_token_layerwise,undisclosed,k6,oracle_posterior_gain,34,100.0,-0.00013095728111714444,False
final_input_token_layerwise,undisclosed,k6,oracle_posterior_gain,35,100.0,0.00020348087195670717,False
final_input_token_layerwise,undisclosed,k6,oracle_posterior_gain,36,100.0,0.00022183576988310527,False
final_input_token_layerwise,undisclosed,k9,gain,0,0.0001,0.0,False
final_input_token_layerwise,undisclosed,k9,gain,1,100.0,4.024683031919607e-05,False
final_input_token_layerwise,undisclosed,k9,gain,2,3.0,0.0021275511718131246,False
final_input_token_layerwise,undisclosed,k9,gain,3,3.0,0.0007016671948241737,False
final_input_token_layerwise,undisclosed,k9,gain,4,3.0,0.002179461045858727,False
final_input_token_layerwise,undisclosed,k9,gain,5,3.0,0.001488987937184244,False
final_input_token_layerwise,undisclosed,k9,gain,6,3.0,0.00540658065019084,False
final_input_token_layerwise,undisclosed,k9,gain,7,3.0,0.005200935121349781,False
final_input_token_layerwise,undisclosed,k9,gain,8,3.0,0.007408465104239037,False
final_input_token_layerwise,undisclosed,k9,gain,9,3.0,0.005126851449139269,False
final_input_token_layerwise,undisclosed,k9,gain,10,3.0,0.012989110994619885,False
final_input_token_layerwise,undisclosed,k9,gain,11,3.0,0.019737536500454372,False
final_input_token_layerwise,undisclosed,k9,gain,12,3.0,0.016088358734425517,False
final_input_token_layerwise,undisclosed,k9,gain,13,3.0,0.008615210285671998,False
final_input_token_layerwise,undisclosed,k9,gain,14,3.0,0.008364727174056896,False
final_input_token_layerwise,undisclosed,k9,gain,15,3.0,0.011464704836889383,False
final_input_token_layerwise,undisclosed,k9,gain,16,3.0,0.006810708748509309,False
final_input_token_layerwise,undisclosed,k9,gain,17,3.0,0.004803187886732424,False
final_input_token_layerwise,undisclosed,k9,gain,18,3.0,0.004501735466540785,False
final_input_token_layerwise,undisclosed,k9,gain,19,3.0,0.013754488485534677,False
final_input_token_layerwise,undisclosed,k9,gain,20,3.0,0.0164384150136882,False
final_input_token_layerwise,undisclosed,k9,gain,21,3.0,0.020139693233433814,False
final_input_token_layerwise,undisclosed,k9,gain,22,3.0,0.023364468467804905,True
final_input_token_layerwise,undisclosed,k9,gain,23,3.0,0.016782721221245023,False
final_input_token_layerwise,undisclosed,k9,gain,24,3.0,0.00992873564332794,False
final_input_token_layerwise,undisclosed,k9,gain,25,3.0,0.01128080652735422,False
final_input_token_layerwise,undisclosed,k9,gain,26,3.0,0.00936824500186298,False
final_input_token_layerwise,undisclosed,k9,gain,27,3.0,0.009256048764523461,False
final_input_token_layerwise,undisclosed,k9,gain,28,3.0,0.007364465994692981,False
final_input_token_layerwise,undisclosed,k9,gain,29,3.0,0.007565344549940373,False
final_input_token_layerwise,undisclosed,k9,gain,30,3.0,0.004328533429091952,False
final_input_token_layerwise,undisclosed,k9,gain,31,3.0,0.007579472178318725,False
final_input_token_layerwise,undisclosed,k9,gain,32,3.0,0.00907382366387835,False
final_input_token_layerwise,undisclosed,k9,gain,33,3.0,0.0038262755849174934,False
final_input_token_layerwise,undisclosed,k9,gain,34,3.0,0.006638309990394081,False
final_input_token_layerwise,undisclosed,k9,gain,35,3.0,0.0041875086605398515,False
final_input_token_layerwise,undisclosed,k9,gain,36,100.0,0.0005862121106397777,False
final_input_token_layerwise,undisclosed,k9,response_residual,0,0.0001,-2.7755575615628914e-17,False
final_input_token_layerwise,undisclosed,k9,response_residual,1,3.0,0.0037821385521647766,False
final_input_token_layerwise,undisclosed,k9,response_residual,2,100.0,0.00014336607446038818,False
final_input_token_layerwise,undisclosed,k9,response_residual,3,100.0,0.0001544164803147785,False
final_input_token_layerwise,undisclosed,k9,response_residual,4,100.0,8.451925576880015e-05,False
final_input_token_layerwise,undisclosed,k9,response_residual,5,100.0,7.034776219272398e-05,False
final_input_token_layerwise,undisclosed,k9,response_residual,6,100.0,0.00039174675329584074,False
final_input_token_layerwise,undisclosed,k9,response_residual,7,100.0,0.0003697060535199914,False
final_input_token_layerwise,undisclosed,k9,response_residual,8,100.0,0.0004593311741858397,False
final_input_token_layerwise,undisclosed,k9,response_residual,9,100.0,0.00038219463064223524,False
final_input_token_layerwise,undisclosed,k9,response_residual,10,3.0,0.002031272805191442,False
final_input_token_layerwise,undisclosed,k9,response_residual,11,3.0,0.00838106688743992,False
final_input_token_layerwise,undisclosed,k9,response_residual,12,3.0,0.004503166565761441,False
final_input_token_layerwise,undisclosed,k9,response_residual,13,100.0,0.0004162286931874981,False
final_input_token_layerwise,undisclosed,k9,response_residual,14,100.0,0.0003172442929312569,False
final_input_token_layerwise,undisclosed,k9,response_residual,15,100.0,0.00039091582414080284,False
final_input_token_layerwise,undisclosed,k9,response_residual,16,100.0,0.00026934123226940443,False
final_input_token_layerwise,undisclosed,k9,response_residual,17,100.0,0.0001892535909336912,False
final_input_token_layerwise,undisclosed,k9,response_residual,18,100.0,0.00024210245686351328,False
final_input_token_layerwise,undisclosed,k9,response_residual,19,100.0,0.00045005999271113817,False
final_input_token_layerwise,undisclosed,k9,response_residual,20,3.0,0.0014641308761235983,False
final_input_token_layerwise,undisclosed,k9,response_residual,21,3.0,0.006444057943902098,False
final_input_token_layerwise,undisclosed,k9,response_residual,22,3.0,0.01070297997663,True
final_input_token_layerwise,undisclosed,k9,response_residual,23,3.0,0.005190218339813341,False
final_input_token_layerwise,undisclosed,k9,response_residual,24,100.0,0.0005227958809933819,False
final_input_token_layerwise,undisclosed,k9,response_residual,25,100.0,0.0004159517545787861,False
final_input_token_layerwise,undisclosed,k9,response_residual,26,100.0,0.0003113195143776559,False
final_input_token_layerwise,undisclosed,k9,response_residual,27,100.0,0.00040335912254299555,False
final_input_token_layerwise,undisclosed,k9,response_residual,28,100.0,0.0003685456384108776,False
final_input_token_layerwise,undisclosed,k9,response_residual,29,100.0,0.00030781228904666613,False
final_input_token_layerwise,undisclosed,k9,response_residual,30,100.0,0.0004089206574107995,False
final_input_token_layerwise,undisclosed,k9,response_residual,31,100.0,0.0004019635750565631,False
final_input_token_layerwise,undisclosed,k9,response_residual,32,100.0,0.00044751067685833146,False
final_input_token_layerwise,undisclosed,k9,response_residual,33,100.0,0.00024187857645255328,False
final_input_token_layerwise,undisclosed,k9,response_residual,34,100.0,0.0002930326174245268,False
final_input_token_layerwise,undisclosed,k9,response_residual,35,100.0,0.0003007385196603096,False
final_input_token_layerwise,undisclosed,k9,response_residual,36,100.0,4.921700880056168e-05,False
final_input_token_layerwise,undisclosed,k9,last_target_observation,0,0.0001,1.3877787807814457e-16,False
final_input_token_layerwise,undisclosed,k9,last_target_observation,1,100.0,-0.00010257683800266038,False
final_input_token_layerwise,undisclosed,k9,last_target_observation,2,100.0,3.017522247944493e-05,False
final_input_token_layerwise,undisclosed,k9,last_target_observation,3,100.0,0.00018990187683759485,False
final_input_token_layerwise,undisclosed,k9,last_target_observation,4,100.0,-0.00010422588077999007,False
final_input_token_layerwise,undisclosed,k9,last_target_observation,5,100.0,3.421271412606952e-05,False
final_input_token_layerwise,undisclosed,k9,last_target_observation,6,100.0,0.00029313369742892115,False
final_input_token_layerwise,undisclosed,k9,last_target_observation,7,100.0,0.00020581598155131053,False
final_input_token_layerwise,undisclosed,k9,last_target_observation,8,100.0,0.0002556985772570186,False
final_input_token_layerwise,undisclosed,k9,last_target_observation,9,100.0,0.0008042455426092998,False
final_input_token_layerwise,undisclosed,k9,last_target_observation,10,100.0,0.0009016659217511436,False
final_input_token_layerwise,undisclosed,k9,last_target_observation,11,3.0,0.0013092035708568706,False
final_input_token_layerwise,undisclosed,k9,last_target_observation,12,3.0,0.005408616162655394,False
final_input_token_layerwise,undisclosed,k9,last_target_observation,13,3.0,0.0043192678700762765,False
final_input_token_layerwise,undisclosed,k9,last_target_observation,14,3.0,0.006355425208294491,False
final_input_token_layerwise,undisclosed,k9,last_target_observation,15,3.0,0.007935402008328318,False
final_input_token_layerwise,undisclosed,k9,last_target_observation,16,3.0,0.009558242499768083,False
final_input_token_layerwise,undisclosed,k9,last_target_observation,17,3.0,0.01482591794100635,False
final_input_token_layerwise,undisclosed,k9,last_target_observation,18,3.0,0.018795145592909207,True
final_input_token_layerwise,undisclosed,k9,last_target_observation,19,3.0,0.01211629364963615,False
final_input_token_layerwise,undisclosed,k9,last_target_observation,20,3.0,0.008713926437453806,False
final_input_token_layerwise,undisclosed,k9,last_target_observation,21,3.0,0.0010038048222157647,False
final_input_token_layerwise,undisclosed,k9,last_target_observation,22,100.0,0.000312230293307153,False
final_input_token_layerwise,undisclosed,k9,last_target_observation,23,100.0,-0.0002769475468597793,False
final_input_token_layerwise,undisclosed,k9,last_target_observation,24,100.0,-3.9003273616444734e-05,False
final_input_token_layerwise,undisclosed,k9,last_target_observation,25,100.0,-0.00023793379949524351,False
final_input_token_layerwise,undisclosed,k9,last_target_observation,26,100.0,-5.5542240024519796e-05,False
final_input_token_layerwise,undisclosed,k9,last_target_observation,27,100.0,-2.6721736397394835e-05,False
final_input_token_layerwise,undisclosed,k9,last_target_observation,28,100.0,-4.6592543943790865e-05,False
final_input_token_layerwise,undisclosed,k9,last_target_observation,29,100.0,-0.0003424926564909725,False
final_input_token_layerwise,undisclosed,k9,last_target_observation,30,100.0,-0.00015289201511203832,False
final_input_token_layerwise,undisclosed,k9,last_target_observation,31,100.0,-3.7652451754355276e-05,False
final_input_token_layerwise,undisclosed,k9,last_target_observation,32,100.0,-0.00016658203612091027,False
final_input_token_layerwise,undisclosed,k9,last_target_observation,33,100.0,-0.00028558421473395823,False
final_input_token_layerwise,undisclosed,k9,last_target_observation,34,100.0,-0.0007470439820445596,False
final_input_token_layerwise,undisclosed,k9,last_target_observation,35,100.0,-0.0010066615655594524,False
final_input_token_layerwise,undisclosed,k9,last_target_observation,36,100.0,-0.001011990121705053,False
final_input_token_layerwise,undisclosed,k9,target_observation_mean,0,0.0001,3.885780586188048e-16,False
final_input_token_layerwise,undisclosed,k9,target_observation_mean,1,100.0,0.00010470964502215518,False
final_input_token_layerwise,undisclosed,k9,target_observation_mean,2,3.0,0.011279760547236395,False
final_input_token_layerwise,undisclosed,k9,target_observation_mean,3,3.0,0.011102368287116304,False
final_input_token_layerwise,undisclosed,k9,target_observation_mean,4,3.0,0.01685073104934276,True
final_input_token_layerwise,undisclosed,k9,target_observation_mean,5,3.0,0.011656979809279377,False
final_input_token_layerwise,undisclosed,k9,target_observation_mean,6,3.0,0.011393997127630395,False
final_input_token_layerwise,undisclosed,k9,target_observation_mean,7,3.0,0.004841033399939826,False
final_input_token_layerwise,undisclosed,k9,target_observation_mean,8,3.0,0.0018289975700035432,False
final_input_token_layerwise,undisclosed,k9,target_observation_mean,9,100.0,-8.994588910116175e-05,False
final_input_token_layerwise,undisclosed,k9,target_observation_mean,10,3.0,0.0024369009357063376,False
final_input_token_layerwise,undisclosed,k9,target_observation_mean,11,3.0,0.008947654532979299,False
final_input_token_layerwise,undisclosed,k9,target_observation_mean,12,3.0,0.00873978429691416,False
final_input_token_layerwise,undisclosed,k9,target_observation_mean,13,3.0,0.0037341735682774324,False
final_input_token_layerwise,undisclosed,k9,target_observation_mean,14,100.0,6.804356430994973e-06,False
final_input_token_layerwise,undisclosed,k9,target_observation_mean,15,100.0,-0.00040081151080556543,False
final_input_token_layerwise,undisclosed,k9,target_observation_mean,16,100.0,-0.00017043564648475118,False
final_input_token_layerwise,undisclosed,k9,target_observation_mean,17,100.0,-0.00014417616070724892,False
final_input_token_layerwise,undisclosed,k9,target_observation_mean,18,100.0,-0.000528079016519245,False
final_input_token_layerwise,undisclosed,k9,target_observation_mean,19,100.0,-0.000532064864397469,False
final_input_token_layerwise,undisclosed,k9,target_observation_mean,20,100.0,-0.0007263501878114753,False
final_input_token_layerwise,undisclosed,k9,target_observation_mean,21,100.0,-0.0008128196641108698,False
final_input_token_layerwise,undisclosed,k9,target_observation_mean,22,100.0,-0.0008394428525375086,False
final_input_token_layerwise,undisclosed,k9,target_observation_mean,23,100.0,-0.0013696604761209152,False
final_input_token_layerwise,undisclosed,k9,target_observation_mean,24,100.0,-0.0015454202741559397,False
final_input_token_layerwise,undisclosed,k9,target_observation_mean,25,100.0,-0.001437604650046942,False
final_input_token_layerwise,undisclosed,k9,target_observation_mean,26,100.0,-0.0017162236530653407,False
final_input_token_layerwise,undisclosed,k9,target_observation_mean,27,100.0,-0.0014256583984245674,False
final_input_token_layerwise,undisclosed,k9,target_observation_mean,28,100.0,-0.0014956005117886528,False
final_input_token_layerwise,undisclosed,k9,target_observation_mean,29,100.0,-0.0014323497561323228,False
final_input_token_layerwise,undisclosed,k9,target_observation_mean,30,100.0,-0.0011938419869490513,False
final_input_token_layerwise,undisclosed,k9,target_observation_mean,31,100.0,-0.0008760139187544702,False
final_input_token_layerwise,undisclosed,k9,target_observation_mean,32,100.0,-0.000988391157860674,False
final_input_token_layerwise,undisclosed,k9,target_observation_mean,33,100.0,-0.0008810447820558065,False
final_input_token_layerwise,undisclosed,k9,target_observation_mean,34,100.0,-0.0007930130167780602,False
final_input_token_layerwise,undisclosed,k9,target_observation_mean,35,100.0,-0.0005593447799537854,False
final_input_token_layerwise,undisclosed,k9,target_observation_mean,36,100.0,-0.0008297193953883952,False
final_input_token_layerwise,undisclosed,k9,target_time_slope,0,0.0001,0.0,False
final_input_token_layerwise,undisclosed,k9,target_time_slope,1,3.0,0.014035976341877004,False
final_input_token_layerwise,undisclosed,k9,target_time_slope,2,100.0,-0.00018374089996026077,False
final_input_token_layerwise,undisclosed,k9,target_time_slope,3,100.0,-0.0002212181885831166,False
final_input_token_layerwise,undisclosed,k9,target_time_slope,4,100.0,-0.0003344509171292753,False
final_input_token_layerwise,undisclosed,k9,target_time_slope,5,100.0,0.0003121028453451913,False
final_input_token_layerwise,undisclosed,k9,target_time_slope,6,100.0,0.00031184323154520577,False
final_input_token_layerwise,undisclosed,k9,target_time_slope,7,3.0,0.001475154420357866,False
final_input_token_layerwise,undisclosed,k9,target_time_slope,8,3.0,0.004885827158132433,False
final_input_token_layerwise,undisclosed,k9,target_time_slope,9,100.0,0.0005572785681043635,False
final_input_token_layerwise,undisclosed,k9,target_time_slope,10,100.0,0.0006847717523152386,False
final_input_token_layerwise,undisclosed,k9,target_time_slope,11,100.0,0.0006392660433840458,False
final_input_token_layerwise,undisclosed,k9,target_time_slope,12,3.0,0.0025244647421295008,False
final_input_token_layerwise,undisclosed,k9,target_time_slope,13,3.0,0.0036352375571297446,False
final_input_token_layerwise,undisclosed,k9,target_time_slope,14,3.0,0.00908269828871544,False
final_input_token_layerwise,undisclosed,k9,target_time_slope,15,3.0,0.0179255412613675,False
final_input_token_layerwise,undisclosed,k9,target_time_slope,16,3.0,0.027004192083541878,False
final_input_token_layerwise,undisclosed,k9,target_time_slope,17,3.0,0.05277133651883903,True
final_input_token_layerwise,undisclosed,k9,target_time_slope,18,3.0,0.05239374262021121,False
final_input_token_layerwise,undisclosed,k9,target_time_slope,19,3.0,0.04705469701488951,False
final_input_token_layerwise,undisclosed,k9,target_time_slope,20,3.0,0.04196701913053741,False
final_input_token_layerwise,undisclosed,k9,target_time_slope,21,3.0,0.03048531698828591,False
final_input_token_layerwise,undisclosed,k9,target_time_slope,22,3.0,0.030969676208724317,False
final_input_token_layerwise,undisclosed,k9,target_time_slope,23,3.0,0.01609397032846066,False
final_input_token_layerwise,undisclosed,k9,target_time_slope,24,3.0,0.020775191580300723,False
final_input_token_layerwise,undisclosed,k9,target_time_slope,25,3.0,0.03318219160677341,False
final_input_token_layerwise,undisclosed,k9,target_time_slope,26,3.0,0.03828371360640195,False
final_input_token_layerwise,undisclosed,k9,target_time_slope,27,3.0,0.04068673466405179,False
final_input_token_layerwise,undisclosed,k9,target_time_slope,28,3.0,0.03630648571221598,False
final_input_token_layerwise,undisclosed,k9,target_time_slope,29,3.0,0.033331946431529785,False
final_input_token_layerwise,undisclosed,k9,target_time_slope,30,3.0,0.0325118225739614,False
final_input_token_layerwise,undisclosed,k9,target_time_slope,31,3.0,0.031470661865649174,False
final_input_token_layerwise,undisclosed,k9,target_time_slope,32,3.0,0.03344391044450698,False
final_input_token_layerwise,undisclosed,k9,target_time_slope,33,3.0,0.021438589080541193,False
final_input_token_layerwise,undisclosed,k9,target_time_slope,34,3.0,0.018413679635178037,False
final_input_token_layerwise,undisclosed,k9,target_time_slope,35,3.0,0.013054282750169094,False
final_input_token_layerwise,undisclosed,k9,target_time_slope,36,3.0,0.018605093840299125,False
final_input_token_layerwise,undisclosed,k9,displayed_driver_outcome_slope,0,0.0001,-1.1102230246251565e-16,False
final_input_token_layerwise,undisclosed,k9,displayed_driver_outcome_slope,1,100.0,-0.00017562475367868813,False
final_input_token_layerwise,undisclosed,k9,displayed_driver_outcome_slope,2,100.0,-7.357447465383693e-06,False
final_input_token_layerwise,undisclosed,k9,displayed_driver_outcome_slope,3,100.0,0.00011008070557461114,False
final_input_token_layerwise,undisclosed,k9,displayed_driver_outcome_slope,4,3.0,0.004049144381823855,False
final_input_token_layerwise,undisclosed,k9,displayed_driver_outcome_slope,5,3.0,0.001647029170835812,False
final_input_token_layerwise,undisclosed,k9,displayed_driver_outcome_slope,6,3.0,0.003973066721450341,False
final_input_token_layerwise,undisclosed,k9,displayed_driver_outcome_slope,7,3.0,0.003325897626798746,False
final_input_token_layerwise,undisclosed,k9,displayed_driver_outcome_slope,8,3.0,0.01171127050682913,False
final_input_token_layerwise,undisclosed,k9,displayed_driver_outcome_slope,9,3.0,0.0067585732528569475,False
final_input_token_layerwise,undisclosed,k9,displayed_driver_outcome_slope,10,3.0,0.004183305108890062,False
final_input_token_layerwise,undisclosed,k9,displayed_driver_outcome_slope,11,3.0,0.009917790870789894,False
final_input_token_layerwise,undisclosed,k9,displayed_driver_outcome_slope,12,3.0,0.010798125998405156,False
final_input_token_layerwise,undisclosed,k9,displayed_driver_outcome_slope,13,3.0,0.004476416547227635,False
final_input_token_layerwise,undisclosed,k9,displayed_driver_outcome_slope,14,3.0,0.004993847024126252,False
final_input_token_layerwise,undisclosed,k9,displayed_driver_outcome_slope,15,100.0,-0.0003195850610315798,False
final_input_token_layerwise,undisclosed,k9,displayed_driver_outcome_slope,16,3.0,0.0006172504816881197,False
final_input_token_layerwise,undisclosed,k9,displayed_driver_outcome_slope,17,3.0,7.784552619669038e-05,False
final_input_token_layerwise,undisclosed,k9,displayed_driver_outcome_slope,18,100.0,-0.00043625400145916315,False
final_input_token_layerwise,undisclosed,k9,displayed_driver_outcome_slope,19,100.0,-0.0003030109938082781,False
final_input_token_layerwise,undisclosed,k9,displayed_driver_outcome_slope,20,100.0,-0.00010058112063543456,False
final_input_token_layerwise,undisclosed,k9,displayed_driver_outcome_slope,21,100.0,0.0003231387505946981,False
final_input_token_layerwise,undisclosed,k9,displayed_driver_outcome_slope,22,100.0,0.0002602713857539629,False
final_input_token_layerwise,undisclosed,k9,displayed_driver_outcome_slope,23,3.0,0.0030531353981310128,False
final_input_token_layerwise,undisclosed,k9,displayed_driver_outcome_slope,24,100.0,0.0002434286277128439,False
final_input_token_layerwise,undisclosed,k9,displayed_driver_outcome_slope,25,3.0,0.0027464481336750557,False
final_input_token_layerwise,undisclosed,k9,displayed_driver_outcome_slope,26,3.0,0.005573891495604971,False
final_input_token_layerwise,undisclosed,k9,displayed_driver_outcome_slope,27,3.0,0.012576706738788579,False
final_input_token_layerwise,undisclosed,k9,displayed_driver_outcome_slope,28,3.0,0.012229418148112486,False
final_input_token_layerwise,undisclosed,k9,displayed_driver_outcome_slope,29,3.0,0.01011431630792578,False
final_input_token_layerwise,undisclosed,k9,displayed_driver_outcome_slope,30,3.0,0.00928422878847504,False
final_input_token_layerwise,undisclosed,k9,displayed_driver_outcome_slope,31,3.0,0.005947782869910878,False
final_input_token_layerwise,undisclosed,k9,displayed_driver_outcome_slope,32,3.0,0.012752568133865078,False
final_input_token_layerwise,undisclosed,k9,displayed_driver_outcome_slope,33,3.0,0.019388366090036246,True
final_input_token_layerwise,undisclosed,k9,displayed_driver_outcome_slope,34,3.0,0.01654730646357669,False
final_input_token_layerwise,undisclosed,k9,displayed_driver_outcome_slope,35,3.0,0.014970840959897785,False
final_input_token_layerwise,undisclosed,k9,displayed_driver_outcome_slope,36,3.0,0.01117761470427378,False
final_input_token_layerwise,undisclosed,k9,oracle_posterior_gain,0,0.0001,0.0,False
final_input_token_layerwise,undisclosed,k9,oracle_posterior_gain,1,100.0,-0.00010246169963346041,False
final_input_token_layerwise,undisclosed,k9,oracle_posterior_gain,2,100.0,-0.00018178954043079898,False
final_input_token_layerwise,undisclosed,k9,oracle_posterior_gain,3,100.0,-0.0003191680067115843,False
final_input_token_layerwise,undisclosed,k9,oracle_posterior_gain,4,3.0,0.0025528775617294497,False
final_input_token_layerwise,undisclosed,k9,oracle_posterior_gain,5,3.0,0.003166538918245254,False
final_input_token_layerwise,undisclosed,k9,oracle_posterior_gain,6,3.0,0.0030784478714254992,False
final_input_token_layerwise,undisclosed,k9,oracle_posterior_gain,7,3.0,0.004212032867927623,False
final_input_token_layerwise,undisclosed,k9,oracle_posterior_gain,8,3.0,0.010476898830067971,False
final_input_token_layerwise,undisclosed,k9,oracle_posterior_gain,9,3.0,0.005645003601632559,False
final_input_token_layerwise,undisclosed,k9,oracle_posterior_gain,10,3.0,0.006329730264598293,False
final_input_token_layerwise,undisclosed,k9,oracle_posterior_gain,11,3.0,0.009148769766279513,False
final_input_token_layerwise,undisclosed,k9,oracle_posterior_gain,12,3.0,0.0041380312940707265,False
final_input_token_layerwise,undisclosed,k9,oracle_posterior_gain,13,3.0,0.0002692470436308214,False
final_input_token_layerwise,undisclosed,k9,oracle_posterior_gain,14,3.0,0.009957166789500066,False
final_input_token_layerwise,undisclosed,k9,oracle_posterior_gain,15,3.0,0.007644341450205733,False
final_input_token_layerwise,undisclosed,k9,oracle_posterior_gain,16,3.0,0.00778769724251549,False
final_input_token_layerwise,undisclosed,k9,oracle_posterior_gain,17,3.0,0.0024797911153391083,False
final_input_token_layerwise,undisclosed,k9,oracle_posterior_gain,18,3.0,0.001790763414577956,False
final_input_token_layerwise,undisclosed,k9,oracle_posterior_gain,19,3.0,0.008737268263937836,False
final_input_token_layerwise,undisclosed,k9,oracle_posterior_gain,20,3.0,0.015171321360585688,False
final_input_token_layerwise,undisclosed,k9,oracle_posterior_gain,21,3.0,0.013756798781172919,False
final_input_token_layerwise,undisclosed,k9,oracle_posterior_gain,22,3.0,0.016707378913490473,True
final_input_token_layerwise,undisclosed,k9,oracle_posterior_gain,23,3.0,0.01031376962929037,False
final_input_token_layerwise,undisclosed,k9,oracle_posterior_gain,24,3.0,0.008896424852886747,False
final_input_token_layerwise,undisclosed,k9,oracle_posterior_gain,25,3.0,0.002144357482633086,False
final_input_token_layerwise,undisclosed,k9,oracle_posterior_gain,26,100.0,0.00039501892577598063,False
final_input_token_layerwise,undisclosed,k9,oracle_posterior_gain,27,100.0,0.0004343446346155022,False
final_input_token_layerwise,undisclosed,k9,oracle_posterior_gain,28,100.0,0.0004890444649450765,False
final_input_token_layerwise,undisclosed,k9,oracle_posterior_gain,29,3.0,0.003629304614633899,False
final_input_token_layerwise,undisclosed,k9,oracle_posterior_gain,30,3.0,0.0008192723698078608,False
final_input_token_layerwise,undisclosed,k9,oracle_posterior_gain,31,100.0,9.381959090570824e-05,False
final_input_token_layerwise,undisclosed,k9,oracle_posterior_gain,32,100.0,0.00015396568221923146,False
final_input_token_layerwise,undisclosed,k9,oracle_posterior_gain,33,100.0,1.1444508259572661e-05,False
final_input_token_layerwise,undisclosed,k9,oracle_posterior_gain,34,100.0,-7.053179223945327e-05,False
final_input_token_layerwise,undisclosed,k9,oracle_posterior_gain,35,100.0,0.00011361768541826023,False
final_input_token_layerwise,undisclosed,k9,oracle_posterior_gain,36,100.0,2.29786020862488e-05,False
final_input_token_layerwise,undisclosed,pooled,gain,0,0.0001,0.0,False
final_input_token_layerwise,undisclosed,pooled,gain,1,100.0,0.0011486914941018778,False
final_input_token_layerwise,undisclosed,pooled,gain,2,100.0,7.893281841977091e-05,False
final_input_token_layerwise,undisclosed,pooled,gain,3,100.0,-0.0018352245914038574,False
final_input_token_layerwise,undisclosed,pooled,gain,4,100.0,-0.0018384051640087755,False
final_input_token_layerwise,undisclosed,pooled,gain,5,100.0,-0.002418971179622272,False
final_input_token_layerwise,undisclosed,pooled,gain,6,100.0,-0.0015525702704125937,False
final_input_token_layerwise,undisclosed,pooled,gain,7,100.0,-0.0025915859241333883,False
final_input_token_layerwise,undisclosed,pooled,gain,8,100.0,-0.0019889801017580755,False
final_input_token_layerwise,undisclosed,pooled,gain,9,100.0,-0.0018815824411373046,False
final_input_token_layerwise,undisclosed,pooled,gain,10,100.0,-0.00048073276249378333,False
final_input_token_layerwise,undisclosed,pooled,gain,11,100.0,-0.00041887010028264043,False
final_input_token_layerwise,undisclosed,pooled,gain,12,100.0,-0.0006950619078556486,False
final_input_token_layerwise,undisclosed,pooled,gain,13,100.0,-0.001509534149590865,False
final_input_token_layerwise,undisclosed,pooled,gain,14,100.0,2.2833404834203077e-06,False
final_input_token_layerwise,undisclosed,pooled,gain,15,100.0,-0.0005435941010591139,False
final_input_token_layerwise,undisclosed,pooled,gain,16,100.0,0.0001412638050503808,False
final_input_token_layerwise,undisclosed,pooled,gain,17,100.0,0.0009833117453785234,False
final_input_token_layerwise,undisclosed,pooled,gain,18,100.0,0.0009999286258954392,False
final_input_token_layerwise,undisclosed,pooled,gain,19,100.0,0.0017092791601032071,False
final_input_token_layerwise,undisclosed,pooled,gain,20,100.0,0.001522272222501971,False
final_input_token_layerwise,undisclosed,pooled,gain,21,3.0,0.004086146039780673,False
final_input_token_layerwise,undisclosed,pooled,gain,22,3.0,0.008013105233953682,True
final_input_token_layerwise,undisclosed,pooled,gain,23,3.0,0.006119745950092005,False
final_input_token_layerwise,undisclosed,pooled,gain,24,100.0,0.0014541085132855254,False
final_input_token_layerwise,undisclosed,pooled,gain,25,100.0,0.0012313850390481922,False
final_input_token_layerwise,undisclosed,pooled,gain,26,100.0,0.0016164736937607505,False
final_input_token_layerwise,undisclosed,pooled,gain,27,100.0,0.0016314313050174816,False
final_input_token_layerwise,undisclosed,pooled,gain,28,100.0,0.0017520449205598125,False
final_input_token_layerwise,undisclosed,pooled,gain,29,100.0,0.0017971694631276718,False
final_input_token_layerwise,undisclosed,pooled,gain,30,100.0,0.0015163783364946042,False
final_input_token_layerwise,undisclosed,pooled,gain,31,100.0,0.002697958065860049,False
final_input_token_layerwise,undisclosed,pooled,gain,32,100.0,0.0026580709842689656,False
final_input_token_layerwise,undisclosed,pooled,gain,33,100.0,0.0031381895064625707,False
final_input_token_layerwise,undisclosed,pooled,gain,34,100.0,0.002866669486877064,False
final_input_token_layerwise,undisclosed,pooled,gain,35,100.0,0.002608749868006993,False
final_input_token_layerwise,undisclosed,pooled,gain,36,100.0,0.0022719870391695227,False
final_input_token_layerwise,undisclosed,pooled,response_residual,0,0.0001,-2.7755575615628914e-17,False
final_input_token_layerwise,undisclosed,pooled,response_residual,1,100.0,0.0026507968431598674,False
final_input_token_layerwise,undisclosed,pooled,response_residual,2,100.0,-0.0008123526248481246,False
final_input_token_layerwise,undisclosed,pooled,response_residual,3,100.0,-0.0019982625983781532,False
final_input_token_layerwise,undisclosed,pooled,response_residual,4,100.0,-0.0023426067692986865,False
final_input_token_layerwise,undisclosed,pooled,response_residual,5,100.0,-0.004242472959619344,False
final_input_token_layerwise,undisclosed,pooled,response_residual,6,100.0,-0.0029016858909370336,False
final_input_token_layerwise,undisclosed,pooled,response_residual,7,100.0,-0.004114454631960927,False
final_input_token_layerwise,undisclosed,pooled,response_residual,8,100.0,-0.0035514151287846887,False
final_input_token_layerwise,undisclosed,pooled,response_residual,9,100.0,-0.0033875961480369456,False
final_input_token_layerwise,undisclosed,pooled,response_residual,10,100.0,-0.0020141961843064085,False
final_input_token_layerwise,undisclosed,pooled,response_residual,11,100.0,-0.0014743835088648165,False
final_input_token_layerwise,undisclosed,pooled,response_residual,12,100.0,-0.001640660231156878,False
final_input_token_layerwise,undisclosed,pooled,response_residual,13,100.0,-0.002080410842100385,False
final_input_token_layerwise,undisclosed,pooled,response_residual,14,100.0,-0.0008888472787605128,False
final_input_token_layerwise,undisclosed,pooled,response_residual,15,100.0,-0.001006559521121451,False
final_input_token_layerwise,undisclosed,pooled,response_residual,16,100.0,-0.00023915368037992027,False
final_input_token_layerwise,undisclosed,pooled,response_residual,17,100.0,0.00016930912104744697,False
final_input_token_layerwise,undisclosed,pooled,response_residual,18,100.0,0.0006382497368521237,False
final_input_token_layerwise,undisclosed,pooled,response_residual,19,100.0,0.002375842973905575,False
final_input_token_layerwise,undisclosed,pooled,response_residual,20,100.0,0.0024631169523540906,False
final_input_token_layerwise,undisclosed,pooled,response_residual,21,100.0,0.0029682741576356844,False
final_input_token_layerwise,undisclosed,pooled,response_residual,22,100.0,0.004373732147090618,False
final_input_token_layerwise,undisclosed,pooled,response_residual,23,100.0,0.0059748533434088496,True
final_input_token_layerwise,undisclosed,pooled,response_residual,24,100.0,0.003269515824522229,False
final_input_token_layerwise,undisclosed,pooled,response_residual,25,100.0,0.0028883641979600603,False
final_input_token_layerwise,undisclosed,pooled,response_residual,26,100.0,0.003068107808226491,False
final_input_token_layerwise,undisclosed,pooled,response_residual,27,100.0,0.003423367192986193,False
final_input_token_layerwise,undisclosed,pooled,response_residual,28,100.0,0.0034448770137955518,False
final_input_token_layerwise,undisclosed,pooled,response_residual,29,100.0,0.0035609742937625644,False
final_input_token_layerwise,undisclosed,pooled,response_residual,30,100.0,0.003516104626326159,False
final_input_token_layerwise,undisclosed,pooled,response_residual,31,100.0,0.004269037839179128,False
final_input_token_layerwise,undisclosed,pooled,response_residual,32,100.0,0.004196585767636272,False
final_input_token_layerwise,undisclosed,pooled,response_residual,33,100.0,0.004383104758885019,False
final_input_token_layerwise,undisclosed,pooled,response_residual,34,100.0,0.004512237736164391,False
final_input_token_layerwise,undisclosed,pooled,response_residual,35,100.0,0.004362135829027465,False
final_input_token_layerwise,undisclosed,pooled,response_residual,36,100.0,0.004205553662154009,False
mean_embedding,disclosed,k3,gain,0,100.0,-0.001391327191043512,True
mean_embedding,disclosed,k3,response_residual,0,100.0,-0.0005631618135266692,True
mean_embedding,disclosed,k6,gain,0,100.0,2.3248449297075258e-06,True
mean_embedding,disclosed,k6,response_residual,0,100.0,0.0010143472627784367,True
mean_embedding,disclosed,k9,gain,0,100.0,-0.0006136966716942527,True
mean_embedding,disclosed,k9,response_residual,0,100.0,0.000836083005017918,True
mean_embedding,disclosed,pooled,gain,0,100.0,-0.00934444335362448,True
mean_embedding,disclosed,pooled,response_residual,0,100.0,-0.0014316542386622333,True
mean_embedding,undisclosed,k3,gain,0,100.0,-0.0016139994741432573,True
mean_embedding,undisclosed,k3,response_residual,0,100.0,-0.0007117376714019241,True
mean_embedding,undisclosed,k6,gain,0,100.0,-0.00015518359163588236,True
mean_embedding,undisclosed,k6,response_residual,0,100.0,0.0009546409976857462,True
mean_embedding,undisclosed,k9,gain,0,100.0,-0.0007582575926914636,True
mean_embedding,undisclosed,k9,response_residual,0,100.0,0.00080506034128347,True
mean_embedding,undisclosed,pooled,gain,0,100.0,-0.00936023457682337,True
mean_embedding,undisclosed,pooled,response_residual,0,100.0,-0.0014526475708017128,True
mean_final_layer,disclosed,k3,gain,0,100.0,-0.0001374503824036477,True
mean_final_layer,disclosed,k3,response_residual,0,100.0,-0.0003589316365215367,True
mean_final_layer,disclosed,k6,gain,0,3.0,0.001971859555577271,True
mean_final_layer,disclosed,k6,response_residual,0,100.0,-0.0001499574950505067,True
mean_final_layer,disclosed,k9,gain,0,3.0,0.010962492350584857,True
mean_final_layer,disclosed,k9,response_residual,0,100.0,0.00011643917365217193,True
mean_final_layer,disclosed,pooled,gain,0,100.0,0.00039216316101017834,True
mean_final_layer,disclosed,pooled,response_residual,0,100.0,-0.00520257304258608,True
mean_final_layer,undisclosed,k3,gain,0,100.0,-7.711294566462024e-05,True
mean_final_layer,undisclosed,k3,response_residual,0,100.0,-0.0002910983002867573,True
mean_final_layer,undisclosed,k6,gain,0,3.0,0.004059780233415994,True
mean_final_layer,undisclosed,k6,response_residual,0,100.0,-2.2446576345869218e-05,True
mean_final_layer,undisclosed,k9,gain,0,3.0,0.019558954037054516,True
mean_final_layer,undisclosed,k9,response_residual,0,3.0,0.005959136748005633,True
mean_final_layer,undisclosed,pooled,gain,0,100.0,0.00273032411896576,True
mean_final_layer,undisclosed,pooled,response_residual,0,100.0,-0.002947983944591106,True
