representation,train_disclosure,evidence,target,layer,alpha,cv_macro_development_baseline_r2,selected
final_input_token_layerwise,disclosed,k3,gain,0,0.0001,0.0,False
final_input_token_layerwise,disclosed,k3,gain,1,100.0,0.000322463490299435,False
final_input_token_layerwise,disclosed,k3,gain,2,100.0,0.0010648689370913456,False
final_input_token_layerwise,disclosed,k3,gain,3,100.0,0.0010220400309929045,False
final_input_token_layerwise,disclosed,k3,gain,4,100.0,0.0008320281809462704,False
final_input_token_layerwise,disclosed,k3,gain,5,100.0,0.0005896954145857836,False
final_input_token_layerwise,disclosed,k3,gain,6,100.0,0.0003317656631041388,False
final_input_token_layerwise,disclosed,k3,gain,7,100.0,0.00030468902091443373,False
final_input_token_layerwise,disclosed,k3,gain,8,100.0,0.0006526543634041981,False
final_input_token_layerwise,disclosed,k3,gain,9,100.0,0.0006397459465811994,False
final_input_token_layerwise,disclosed,k3,gain,10,100.0,-3.561248044475773e-05,False
final_input_token_layerwise,disclosed,k3,gain,11,100.0,9.576334685176824e-05,False
final_input_token_layerwise,disclosed,k3,gain,12,100.0,-0.00015486533859354612,False
final_input_token_layerwise,disclosed,k3,gain,13,100.0,-0.00026150604818830914,False
final_input_token_layerwise,disclosed,k3,gain,14,100.0,-0.0001862119082750857,False
final_input_token_layerwise,disclosed,k3,gain,15,100.0,-5.125272799380576e-05,False
final_input_token_layerwise,disclosed,k3,gain,16,100.0,0.00017174390093110947,False
final_input_token_layerwise,disclosed,k3,gain,17,100.0,8.480105728816967e-05,False
final_input_token_layerwise,disclosed,k3,gain,18,100.0,0.00021534219500310425,False
final_input_token_layerwise,disclosed,k3,gain,19,3.0,0.009109484463902723,False
final_input_token_layerwise,disclosed,k3,gain,20,3.0,0.009187172408205074,False
final_input_token_layerwise,disclosed,k3,gain,21,3.0,0.012588134661739359,False
final_input_token_layerwise,disclosed,k3,gain,22,3.0,0.01690358460945962,False
final_input_token_layerwise,disclosed,k3,gain,23,3.0,0.013038150607575821,False
final_input_token_layerwise,disclosed,k3,gain,24,3.0,0.011099463794577297,False
final_input_token_layerwise,disclosed,k3,gain,25,3.0,0.020658010158666945,False
final_input_token_layerwise,disclosed,k3,gain,26,3.0,0.021818057629810844,False
final_input_token_layerwise,disclosed,k3,gain,27,3.0,0.02619486278760652,True
final_input_token_layerwise,disclosed,k3,gain,28,3.0,0.024114118784556077,False
final_input_token_layerwise,disclosed,k3,gain,29,3.0,0.023240554092704147,False
final_input_token_layerwise,disclosed,k3,gain,30,3.0,0.01733187750626014,False
final_input_token_layerwise,disclosed,k3,gain,31,3.0,0.017275555386648656,False
final_input_token_layerwise,disclosed,k3,gain,32,3.0,0.02575907458747989,False
final_input_token_layerwise,disclosed,k3,gain,33,3.0,0.022001262334823413,False
final_input_token_layerwise,disclosed,k3,gain,34,3.0,0.024219054228216796,False
final_input_token_layerwise,disclosed,k3,gain,35,3.0,0.020753387303245913,False
final_input_token_layerwise,disclosed,k3,gain,36,3.0,0.025353646609155928,False
final_input_token_layerwise,disclosed,k3,response_residual,0,0.0001,-2.7755575615628914e-17,False
final_input_token_layerwise,disclosed,k3,response_residual,1,100.0,9.670605891076711e-08,False
final_input_token_layerwise,disclosed,k3,response_residual,2,100.0,0.0006354303363366454,False
final_input_token_layerwise,disclosed,k3,response_residual,3,100.0,0.0006651374260298604,False
final_input_token_layerwise,disclosed,k3,response_residual,4,100.0,0.0005621101744183177,False
final_input_token_layerwise,disclosed,k3,response_residual,5,100.0,0.00022263727032756364,False
final_input_token_layerwise,disclosed,k3,response_residual,6,100.0,1.4331171383774599e-05,False
final_input_token_layerwise,disclosed,k3,response_residual,7,100.0,-2.836895169394671e-05,False
final_input_token_layerwise,disclosed,k3,response_residual,8,100.0,0.0004166952738495211,False
final_input_token_layerwise,disclosed,k3,response_residual,9,100.0,0.0004108595588977193,False
final_input_token_layerwise,disclosed,k3,response_residual,10,100.0,-2.9040278939546083e-05,False
final_input_token_layerwise,disclosed,k3,response_residual,11,100.0,0.00035019984043380137,False
final_input_token_layerwise,disclosed,k3,response_residual,12,100.0,5.823056291409667e-05,False
final_input_token_layerwise,disclosed,k3,response_residual,13,100.0,-6.301083044826794e-05,False
final_input_token_layerwise,disclosed,k3,response_residual,14,100.0,-5.522200840771263e-05,False
final_input_token_layerwise,disclosed,k3,response_residual,15,100.0,0.00010486602276943424,False
final_input_token_layerwise,disclosed,k3,response_residual,16,100.0,0.00027871999330211783,False
final_input_token_layerwise,disclosed,k3,response_residual,17,100.0,2.0522281790946728e-05,False
final_input_token_layerwise,disclosed,k3,response_residual,18,100.0,0.00039740299830012815,False
final_input_token_layerwise,disclosed,k3,response_residual,19,3.0,0.0032155995583854347,False
final_input_token_layerwise,disclosed,k3,response_residual,20,3.0,0.003008676684293221,False
final_input_token_layerwise,disclosed,k3,response_residual,21,3.0,0.007576792655156955,False
final_input_token_layerwise,disclosed,k3,response_residual,22,3.0,0.010036447904388235,False
final_input_token_layerwise,disclosed,k3,response_residual,23,3.0,0.010680249638585382,False
final_input_token_layerwise,disclosed,k3,response_residual,24,3.0,0.014849486092726044,False
final_input_token_layerwise,disclosed,k3,response_residual,25,3.0,0.020425895032472274,False
final_input_token_layerwise,disclosed,k3,response_residual,26,3.0,0.020916734051969033,False
final_input_token_layerwise,disclosed,k3,response_residual,27,3.0,0.021958466272391813,False
final_input_token_layerwise,disclosed,k3,response_residual,28,3.0,0.018750017895014404,False
final_input_token_layerwise,disclosed,k3,response_residual,29,3.0,0.01812570479888831,False
final_input_token_layerwise,disclosed,k3,response_residual,30,3.0,0.013307521487110563,False
final_input_token_layerwise,disclosed,k3,response_residual,31,3.0,0.01610698674588401,False
final_input_token_layerwise,disclosed,k3,response_residual,32,3.0,0.02454449624189839,True
final_input_token_layerwise,disclosed,k3,response_residual,33,3.0,0.01980954122842704,False
final_input_token_layerwise,disclosed,k3,response_residual,34,3.0,0.021413472033231212,False
final_input_token_layerwise,disclosed,k3,response_residual,35,3.0,0.01718657163540724,False
final_input_token_layerwise,disclosed,k3,response_residual,36,3.0,0.022848660817366584,False
final_input_token_layerwise,disclosed,k3,last_target_observation,0,0.0001,-8.326672684688674e-17,False
final_input_token_layerwise,disclosed,k3,last_target_observation,1,0.1,0.04311574720891809,True
final_input_token_layerwise,disclosed,k3,last_target_observation,2,100.0,0.00024462095437954856,False
final_input_token_layerwise,disclosed,k3,last_target_observation,3,100.0,0.0004325609059366853,False
final_input_token_layerwise,disclosed,k3,last_target_observation,4,100.0,0.0005541315267931224,False
final_input_token_layerwise,disclosed,k3,last_target_observation,5,100.0,0.0005108621223078869,False
final_input_token_layerwise,disclosed,k3,last_target_observation,6,100.0,0.000831464125048087,False
final_input_token_layerwise,disclosed,k3,last_target_observation,7,100.0,0.0008298003480734784,False
final_input_token_layerwise,disclosed,k3,last_target_observation,8,100.0,0.0005715206504326165,False
final_input_token_layerwise,disclosed,k3,last_target_observation,9,100.0,0.0003507630951858909,False
final_input_token_layerwise,disclosed,k3,last_target_observation,10,100.0,8.600683807619136e-06,False
final_input_token_layerwise,disclosed,k3,last_target_observation,11,100.0,7.357300534896472e-05,False
final_input_token_layerwise,disclosed,k3,last_target_observation,12,100.0,0.00010376994096042425,False
final_input_token_layerwise,disclosed,k3,last_target_observation,13,100.0,0.000234172417218792,False
final_input_token_layerwise,disclosed,k3,last_target_observation,14,100.0,0.00040166175247088876,False
final_input_token_layerwise,disclosed,k3,last_target_observation,15,100.0,2.4635871732486825e-05,False
final_input_token_layerwise,disclosed,k3,last_target_observation,16,100.0,-0.0005665178005401783,False
final_input_token_layerwise,disclosed,k3,last_target_observation,17,100.0,-0.0003528945793167537,False
final_input_token_layerwise,disclosed,k3,last_target_observation,18,100.0,-0.00017001117113663033,False
final_input_token_layerwise,disclosed,k3,last_target_observation,19,100.0,-0.00036571174322402866,False
final_input_token_layerwise,disclosed,k3,last_target_observation,20,100.0,-0.00010640715849724591,False
final_input_token_layerwise,disclosed,k3,last_target_observation,21,3.0,0.01681491799455087,False
final_input_token_layerwise,disclosed,k3,last_target_observation,22,3.0,0.0159377432987505,False
final_input_token_layerwise,disclosed,k3,last_target_observation,23,3.0,0.01073583249349036,False
final_input_token_layerwise,disclosed,k3,last_target_observation,24,3.0,0.014586822512354103,False
final_input_token_layerwise,disclosed,k3,last_target_observation,25,3.0,0.010033056533054696,False
final_input_token_layerwise,disclosed,k3,last_target_observation,26,3.0,0.0175110576772817,False
final_input_token_layerwise,disclosed,k3,last_target_observation,27,3.0,0.0076753274788885495,False
final_input_token_layerwise,disclosed,k3,last_target_observation,28,3.0,0.006584846056956195,False
final_input_token_layerwise,disclosed,k3,last_target_observation,29,3.0,0.01226702874932692,False
final_input_token_layerwise,disclosed,k3,last_target_observation,30,3.0,0.009726897024669334,False
final_input_token_layerwise,disclosed,k3,last_target_observation,31,3.0,0.006300201587869564,False
final_input_token_layerwise,disclosed,k3,last_target_observation,32,100.0,0.0007334775835680374,False
final_input_token_layerwise,disclosed,k3,last_target_observation,33,3.0,0.005787669592980577,False
final_input_token_layerwise,disclosed,k3,last_target_observation,34,3.0,0.006977867536607063,False
final_input_token_layerwise,disclosed,k3,last_target_observation,35,3.0,0.011471266026231997,False
final_input_token_layerwise,disclosed,k3,last_target_observation,36,3.0,0.007886245913512252,False
final_input_token_layerwise,disclosed,k3,target_observation_mean,0,0.0001,5.551115123125783e-17,False
final_input_token_layerwise,disclosed,k3,target_observation_mean,1,3.0,0.04750572764506067,False
final_input_token_layerwise,disclosed,k3,target_observation_mean,2,3.0,0.011954518781273737,False
final_input_token_layerwise,disclosed,k3,target_observation_mean,3,3.0,0.005639352659340097,False
final_input_token_layerwise,disclosed,k3,target_observation_mean,4,3.0,0.003307807831538695,False
final_input_token_layerwise,disclosed,k3,target_observation_mean,5,3.0,0.0014639207274844412,False
final_input_token_layerwise,disclosed,k3,target_observation_mean,6,100.0,0.0008937819813090164,False
final_input_token_layerwise,disclosed,k3,target_observation_mean,7,100.0,0.0009409486385421884,False
final_input_token_layerwise,disclosed,k3,target_observation_mean,8,100.0,0.0010587500763561408,False
final_input_token_layerwise,disclosed,k3,target_observation_mean,9,100.0,0.0015593285740035934,False
final_input_token_layerwise,disclosed,k3,target_observation_mean,10,3.0,0.007495936349249249,False
final_input_token_layerwise,disclosed,k3,target_observation_mean,11,3.0,0.009581521999241005,False
final_input_token_layerwise,disclosed,k3,target_observation_mean,12,3.0,0.008317822399520614,False
final_input_token_layerwise,disclosed,k3,target_observation_mean,13,100.0,0.0012881252368062979,False
final_input_token_layerwise,disclosed,k3,target_observation_mean,14,3.0,0.00912294647837858,False
final_input_token_layerwise,disclosed,k3,target_observation_mean,15,100.0,0.0015836470749453213,False
final_input_token_layerwise,disclosed,k3,target_observation_mean,16,100.0,0.0005117219944565099,False
final_input_token_layerwise,disclosed,k3,target_observation_mean,17,100.0,0.0008377210198667051,False
final_input_token_layerwise,disclosed,k3,target_observation_mean,18,3.0,0.005659231916011281,False
final_input_token_layerwise,disclosed,k3,target_observation_mean,19,100.0,0.0009972159123309843,False
final_input_token_layerwise,disclosed,k3,target_observation_mean,20,3.0,0.01156311815837402,False
final_input_token_layerwise,disclosed,k3,target_observation_mean,21,3.0,0.043108231385042994,False
final_input_token_layerwise,disclosed,k3,target_observation_mean,22,3.0,0.045813050227268864,False
final_input_token_layerwise,disclosed,k3,target_observation_mean,23,3.0,0.04433219157050261,False
final_input_token_layerwise,disclosed,k3,target_observation_mean,24,3.0,0.051914890978438405,False
final_input_token_layerwise,disclosed,k3,target_observation_mean,25,3.0,0.04770098330583572,False
final_input_token_layerwise,disclosed,k3,target_observation_mean,26,3.0,0.05107061620015016,False
final_input_token_layerwise,disclosed,k3,target_observation_mean,27,3.0,0.051770381283649775,False
final_input_token_layerwise,disclosed,k3,target_observation_mean,28,3.0,0.04918392822741585,False
final_input_token_layerwise,disclosed,k3,target_observation_mean,29,3.0,0.05635448401929452,True
final_input_token_layerwise,disclosed,k3,target_observation_mean,30,3.0,0.04697672088046523,False
final_input_token_layerwise,disclosed,k3,target_observation_mean,31,3.0,0.029749829755555818,False
final_input_token_layerwise,disclosed,k3,target_observation_mean,32,3.0,0.02990998903177003,False
final_input_token_layerwise,disclosed,k3,target_observation_mean,33,3.0,0.035439049522326765,False
final_input_token_layerwise,disclosed,k3,target_observation_mean,34,3.0,0.03081915486251749,False
final_input_token_layerwise,disclosed,k3,target_observation_mean,35,3.0,0.02739966805755631,False
final_input_token_layerwise,disclosed,k3,target_observation_mean,36,3.0,0.015324058748499736,False
final_input_token_layerwise,disclosed,k3,target_time_slope,0,0.0001,0.0,False
final_input_token_layerwise,disclosed,k3,target_time_slope,1,100.0,-0.00031728880643247526,False
final_input_token_layerwise,disclosed,k3,target_time_slope,2,100.0,-0.00392497718286694,False
final_input_token_layerwise,disclosed,k3,target_time_slope,3,100.0,-0.0025469483089214373,False
final_input_token_layerwise,disclosed,k3,target_time_slope,4,100.0,-0.0016463558712106752,False
final_input_token_layerwise,disclosed,k3,target_time_slope,5,100.0,-0.0009280448598071867,False
final_input_token_layerwise,disclosed,k3,target_time_slope,6,100.0,-0.000412027747126259,False
final_input_token_layerwise,disclosed,k3,target_time_slope,7,100.0,-0.0003291634547022415,False
final_input_token_layerwise,disclosed,k3,target_time_slope,8,100.0,-0.0004375001559170366,False
final_input_token_layerwise,disclosed,k3,target_time_slope,9,100.0,-0.0003891332072455955,False
final_input_token_layerwise,disclosed,k3,target_time_slope,10,100.0,-0.0003672385576807269,False
final_input_token_layerwise,disclosed,k3,target_time_slope,11,100.0,-9.556346565278706e-05,False
final_input_token_layerwise,disclosed,k3,target_time_slope,12,100.0,-1.869626069256336e-05,False
final_input_token_layerwise,disclosed,k3,target_time_slope,13,100.0,0.0002529145324345894,True
final_input_token_layerwise,disclosed,k3,target_time_slope,14,100.0,6.726533158080139e-05,False
final_input_token_layerwise,disclosed,k3,target_time_slope,15,100.0,-3.7733542900597605e-05,False
final_input_token_layerwise,disclosed,k3,target_time_slope,16,100.0,-0.0005384120649972457,False
final_input_token_layerwise,disclosed,k3,target_time_slope,17,100.0,-0.0005594179409589839,False
final_input_token_layerwise,disclosed,k3,target_time_slope,18,100.0,-0.0007182712288554272,False
final_input_token_layerwise,disclosed,k3,target_time_slope,19,100.0,-0.0006167178726675937,False
final_input_token_layerwise,disclosed,k3,target_time_slope,20,100.0,-0.0004467620661702809,False
final_input_token_layerwise,disclosed,k3,target_time_slope,21,100.0,-0.0007268509267106815,False
final_input_token_layerwise,disclosed,k3,target_time_slope,22,100.0,-0.0008097410361095625,False
final_input_token_layerwise,disclosed,k3,target_time_slope,23,100.0,-0.001114411037411417,False
final_input_token_layerwise,disclosed,k3,target_time_slope,24,100.0,-0.001330520485847031,False
final_input_token_layerwise,disclosed,k3,target_time_slope,25,100.0,-0.0014370513649482608,False
final_input_token_layerwise,disclosed,k3,target_time_slope,26,100.0,-0.0012898383102363797,False
final_input_token_layerwise,disclosed,k3,target_time_slope,27,100.0,-0.0018202058394159448,False
final_input_token_layerwise,disclosed,k3,target_time_slope,28,100.0,-0.0017794443641144797,False
final_input_token_layerwise,disclosed,k3,target_time_slope,29,100.0,-0.0015836738351335256,False
final_input_token_layerwise,disclosed,k3,target_time_slope,30,100.0,-0.00161552399604864,False
final_input_token_layerwise,disclosed,k3,target_time_slope,31,100.0,-0.0014784513058224702,False
final_input_token_layerwise,disclosed,k3,target_time_slope,32,100.0,-0.0015882403776265597,False
final_input_token_layerwise,disclosed,k3,target_time_slope,33,100.0,-0.0015452417567635157,False
final_input_token_layerwise,disclosed,k3,target_time_slope,34,100.0,-0.0013852980680299498,False
final_input_token_layerwise,disclosed,k3,target_time_slope,35,100.0,-0.001280233021776933,False
final_input_token_layerwise,disclosed,k3,target_time_slope,36,100.0,-0.0010101309405695647,False
final_input_token_layerwise,disclosed,k3,displayed_driver_outcome_slope,0,0.0001,5.551115123125783e-17,False
final_input_token_layerwise,disclosed,k3,displayed_driver_outcome_slope,1,100.0,-0.0014163828006535373,False
final_input_token_layerwise,disclosed,k3,displayed_driver_outcome_slope,2,3.0,0.03247648582180418,False
final_input_token_layerwise,disclosed,k3,displayed_driver_outcome_slope,3,3.0,0.03177897309566102,False
final_input_token_layerwise,disclosed,k3,displayed_driver_outcome_slope,4,3.0,0.029297743687334538,False
final_input_token_layerwise,disclosed,k3,displayed_driver_outcome_slope,5,3.0,0.022510894612235294,False
final_input_token_layerwise,disclosed,k3,displayed_driver_outcome_slope,6,3.0,0.023921850975331505,False
final_input_token_layerwise,disclosed,k3,displayed_driver_outcome_slope,7,3.0,0.015732244777363902,False
final_input_token_layerwise,disclosed,k3,displayed_driver_outcome_slope,8,3.0,0.021792696915730297,False
final_input_token_layerwise,disclosed,k3,displayed_driver_outcome_slope,9,3.0,0.01764752965761615,False
final_input_token_layerwise,disclosed,k3,displayed_driver_outcome_slope,10,3.0,0.03264991141024459,False
final_input_token_layerwise,disclosed,k3,displayed_driver_outcome_slope,11,3.0,0.033527357208555625,False
final_input_token_layerwise,disclosed,k3,displayed_driver_outcome_slope,12,3.0,0.02333818414696534,False
final_input_token_layerwise,disclosed,k3,displayed_driver_outcome_slope,13,3.0,0.027419737854567222,False
final_input_token_layerwise,disclosed,k3,displayed_driver_outcome_slope,14,3.0,0.019971948744570756,False
final_input_token_layerwise,disclosed,k3,displayed_driver_outcome_slope,15,3.0,0.012453318911772565,False
final_input_token_layerwise,disclosed,k3,displayed_driver_outcome_slope,16,3.0,0.009675210221466196,False
final_input_token_layerwise,disclosed,k3,displayed_driver_outcome_slope,17,3.0,0.019999733994422925,False
final_input_token_layerwise,disclosed,k3,displayed_driver_outcome_slope,18,3.0,0.013531950584813462,False
final_input_token_layerwise,disclosed,k3,displayed_driver_outcome_slope,19,3.0,0.027919618286327802,False
final_input_token_layerwise,disclosed,k3,displayed_driver_outcome_slope,20,3.0,0.03750034394383872,False
final_input_token_layerwise,disclosed,k3,displayed_driver_outcome_slope,21,3.0,0.04953073045247822,False
final_input_token_layerwise,disclosed,k3,displayed_driver_outcome_slope,22,3.0,0.054749173249553834,True
final_input_token_layerwise,disclosed,k3,displayed_driver_outcome_slope,23,3.0,0.05107694387779396,False
final_input_token_layerwise,disclosed,k3,displayed_driver_outcome_slope,24,3.0,0.046541628026653376,False
final_input_token_layerwise,disclosed,k3,displayed_driver_outcome_slope,25,3.0,0.04589610966762153,False
final_input_token_layerwise,disclosed,k3,displayed_driver_outcome_slope,26,3.0,0.03929534958136355,False
final_input_token_layerwise,disclosed,k3,displayed_driver_outcome_slope,27,3.0,0.035468258170782446,False
final_input_token_layerwise,disclosed,k3,displayed_driver_outcome_slope,28,3.0,0.031482140787219115,False
final_input_token_layerwise,disclosed,k3,displayed_driver_outcome_slope,29,3.0,0.03303176237045524,False
final_input_token_layerwise,disclosed,k3,displayed_driver_outcome_slope,30,3.0,0.03316923302756633,False
final_input_token_layerwise,disclosed,k3,displayed_driver_outcome_slope,31,3.0,0.03452367085900637,False
final_input_token_layerwise,disclosed,k3,displayed_driver_outcome_slope,32,3.0,0.03556412874339682,False
final_input_token_layerwise,disclosed,k3,displayed_driver_outcome_slope,33,3.0,0.03737811659917886,False
final_input_token_layerwise,disclosed,k3,displayed_driver_outcome_slope,34,3.0,0.030140802839140224,False
final_input_token_layerwise,disclosed,k3,displayed_driver_outcome_slope,35,3.0,0.028761983223045157,False
final_input_token_layerwise,disclosed,k3,displayed_driver_outcome_slope,36,3.0,0.025352208158006123,False
final_input_token_layerwise,disclosed,k3,oracle_posterior_gain,0,0.0001,0.0,False
final_input_token_layerwise,disclosed,k3,oracle_posterior_gain,1,100.0,-0.0007387744211775626,False
final_input_token_layerwise,disclosed,k3,oracle_posterior_gain,2,100.0,-0.003271015735537619,False
final_input_token_layerwise,disclosed,k3,oracle_posterior_gain,3,100.0,-0.0025563811133035297,False
final_input_token_layerwise,disclosed,k3,oracle_posterior_gain,4,100.0,-0.0015436556990404693,False
final_input_token_layerwise,disclosed,k3,oracle_posterior_gain,5,100.0,-0.001082692547776709,False
final_input_token_layerwise,disclosed,k3,oracle_posterior_gain,6,100.0,-0.0013548165510712529,False
final_input_token_layerwise,disclosed,k3,oracle_posterior_gain,7,100.0,-0.001027130757176642,False
final_input_token_layerwise,disclosed,k3,oracle_posterior_gain,8,100.0,-0.000796597841017932,False
final_input_token_layerwise,disclosed,k3,oracle_posterior_gain,9,100.0,-0.0015206127763314203,False
final_input_token_layerwise,disclosed,k3,oracle_posterior_gain,10,100.0,-0.0014263932409345204,False
final_input_token_layerwise,disclosed,k3,oracle_posterior_gain,11,100.0,-0.0014241869425137832,False
final_input_token_layerwise,disclosed,k3,oracle_posterior_gain,12,100.0,-0.001843762925245851,False
final_input_token_layerwise,disclosed,k3,oracle_posterior_gain,13,100.0,-0.0015202302859074202,False
final_input_token_layerwise,disclosed,k3,oracle_posterior_gain,14,100.0,-0.0017243099996062106,False
final_input_token_layerwise,disclosed,k3,oracle_posterior_gain,15,100.0,-0.0014569065752413346,False
final_input_token_layerwise,disclosed,k3,oracle_posterior_gain,16,100.0,-0.0018343591937651227,False
final_input_token_layerwise,disclosed,k3,oracle_posterior_gain,17,100.0,-0.0017278687578207164,False
final_input_token_layerwise,disclosed,k3,oracle_posterior_gain,18,100.0,-0.0013994848938079785,False
final_input_token_layerwise,disclosed,k3,oracle_posterior_gain,19,100.0,-0.0005601647508338414,False
final_input_token_layerwise,disclosed,k3,oracle_posterior_gain,20,100.0,-0.0001344888794764243,False
final_input_token_layerwise,disclosed,k3,oracle_posterior_gain,21,100.0,0.00010328568769482627,False
final_input_token_layerwise,disclosed,k3,oracle_posterior_gain,22,100.0,0.00059608784719406,True
final_input_token_layerwise,disclosed,k3,oracle_posterior_gain,23,100.0,0.00029968321423570754,False
final_input_token_layerwise,disclosed,k3,oracle_posterior_gain,24,100.0,0.00032110792371378705,False
final_input_token_layerwise,disclosed,k3,oracle_posterior_gain,25,100.0,0.00047737590058144486,False
final_input_token_layerwise,disclosed,k3,oracle_posterior_gain,26,100.0,0.00033608088236608546,False
final_input_token_layerwise,disclosed,k3,oracle_posterior_gain,27,100.0,0.0003718322462498147,False
final_input_token_layerwise,disclosed,k3,oracle_posterior_gain,28,100.0,-5.750141666718833e-05,False
final_input_token_layerwise,disclosed,k3,oracle_posterior_gain,29,100.0,-3.731662903233568e-05,False
final_input_token_layerwise,disclosed,k3,oracle_posterior_gain,30,100.0,-0.0002610123209929316,False
final_input_token_layerwise,disclosed,k3,oracle_posterior_gain,31,100.0,-0.000680592872722291,False
final_input_token_layerwise,disclosed,k3,oracle_posterior_gain,32,100.0,-0.0005592951381111211,False
final_input_token_layerwise,disclosed,k3,oracle_posterior_gain,33,100.0,-0.0008501869587948796,False
final_input_token_layerwise,disclosed,k3,oracle_posterior_gain,34,100.0,-0.0008595549307712225,False
final_input_token_layerwise,disclosed,k3,oracle_posterior_gain,35,100.0,-0.0008935860972225929,False
final_input_token_layerwise,disclosed,k3,oracle_posterior_gain,36,100.0,-0.0005176036108590354,False
final_input_token_layerwise,disclosed,k6,gain,0,0.0001,0.0,False
final_input_token_layerwise,disclosed,k6,gain,1,3.0,0.00584291364085851,True
final_input_token_layerwise,disclosed,k6,gain,2,100.0,-0.0012586137879873616,False
final_input_token_layerwise,disclosed,k6,gain,3,100.0,-0.0010147230701200716,False
final_input_token_layerwise,disclosed,k6,gain,4,100.0,-0.0008904948143864388,False
final_input_token_layerwise,disclosed,k6,gain,5,100.0,-0.0008588045056012183,False
final_input_token_layerwise,disclosed,k6,gain,6,100.0,-0.000963888691011966,False
final_input_token_layerwise,disclosed,k6,gain,7,100.0,-0.0010648264259657814,False
final_input_token_layerwise,disclosed,k6,gain,8,100.0,-0.0011564721026981195,False
final_input_token_layerwise,disclosed,k6,gain,9,100.0,-0.0008000568805859309,False
final_input_token_layerwise,disclosed,k6,gain,10,100.0,-0.0007414151992035101,False
final_input_token_layerwise,disclosed,k6,gain,11,100.0,-0.0008310646704675073,False
final_input_token_layerwise,disclosed,k6,gain,12,100.0,-0.0006478101775292677,False
final_input_token_layerwise,disclosed,k6,gain,13,100.0,-0.0006200707562618868,False
final_input_token_layerwise,disclosed,k6,gain,14,100.0,-0.00046092379739759437,False
final_input_token_layerwise,disclosed,k6,gain,15,100.0,-0.0008024085133587766,False
final_input_token_layerwise,disclosed,k6,gain,16,100.0,-0.000968218367438739,False
final_input_token_layerwise,disclosed,k6,gain,17,100.0,-0.001215497585253189,False
final_input_token_layerwise,disclosed,k6,gain,18,100.0,-0.0011223690375936624,False
final_input_token_layerwise,disclosed,k6,gain,19,100.0,-0.0008452647981926353,False
final_input_token_layerwise,disclosed,k6,gain,20,100.0,-0.0009792478251600123,False
final_input_token_layerwise,disclosed,k6,gain,21,100.0,-0.0006933026844837542,False
final_input_token_layerwise,disclosed,k6,gain,22,100.0,-0.0011995301016481108,False
final_input_token_layerwise,disclosed,k6,gain,23,100.0,-0.001133502660588176,False
final_input_token_layerwise,disclosed,k6,gain,24,100.0,-0.001158107364131411,False
final_input_token_layerwise,disclosed,k6,gain,25,100.0,-0.0008624429012512314,False
final_input_token_layerwise,disclosed,k6,gain,26,100.0,-0.0008721887543623741,False
final_input_token_layerwise,disclosed,k6,gain,27,100.0,-0.0011712898782855752,False
final_input_token_layerwise,disclosed,k6,gain,28,100.0,-0.0011363880022990935,False
final_input_token_layerwise,disclosed,k6,gain,29,100.0,-0.0010930492214306087,False
final_input_token_layerwise,disclosed,k6,gain,30,100.0,-0.0011393898136253244,False
final_input_token_layerwise,disclosed,k6,gain,31,100.0,-0.001318798760915646,False
final_input_token_layerwise,disclosed,k6,gain,32,100.0,-0.0010787245774971366,False
final_input_token_layerwise,disclosed,k6,gain,33,100.0,-0.0011020378718855361,False
final_input_token_layerwise,disclosed,k6,gain,34,100.0,-0.0012973248245741476,False
final_input_token_layerwise,disclosed,k6,gain,35,100.0,-0.0010921677418225806,False
final_input_token_layerwise,disclosed,k6,gain,36,3.0,-0.000432348110862929,False
final_input_token_layerwise,disclosed,k6,response_residual,0,0.0001,-2.7755575615628914e-17,False
final_input_token_layerwise,disclosed,k6,response_residual,1,3.0,0.0027424701599402246,True
final_input_token_layerwise,disclosed,k6,response_residual,2,100.0,-0.001131502378936694,False
final_input_token_layerwise,disclosed,k6,response_residual,3,100.0,-0.0009302851862290906,False
final_input_token_layerwise,disclosed,k6,response_residual,4,100.0,-0.0010383238915404047,False
final_input_token_layerwise,disclosed,k6,response_residual,5,100.0,-0.001280719133523539,False
final_input_token_layerwise,disclosed,k6,response_residual,6,100.0,-0.0013128693647580791,False
final_input_token_layerwise,disclosed,k6,response_residual,7,100.0,-0.0012653852764799023,False
final_input_token_layerwise,disclosed,k6,response_residual,8,100.0,-0.0012215847077631514,False
final_input_token_layerwise,disclosed,k6,response_residual,9,100.0,-0.0011187475356135845,False
final_input_token_layerwise,disclosed,k6,response_residual,10,100.0,-0.0011294890644756306,False
final_input_token_layerwise,disclosed,k6,response_residual,11,100.0,-0.0012561253801275374,False
final_input_token_layerwise,disclosed,k6,response_residual,12,100.0,-0.0010868548677106793,False
final_input_token_layerwise,disclosed,k6,response_residual,13,100.0,-0.000963761250660139,False
final_input_token_layerwise,disclosed,k6,response_residual,14,100.0,-0.0009733294254530012,False
final_input_token_layerwise,disclosed,k6,response_residual,15,100.0,-0.0011661636830411215,False
final_input_token_layerwise,disclosed,k6,response_residual,16,100.0,-0.0014761425854458166,False
final_input_token_layerwise,disclosed,k6,response_residual,17,100.0,-0.0017288599655854164,False
final_input_token_layerwise,disclosed,k6,response_residual,18,100.0,-0.001615127846160913,False
final_input_token_layerwise,disclosed,k6,response_residual,19,100.0,-0.0013582307821407014,False
final_input_token_layerwise,disclosed,k6,response_residual,20,100.0,-0.0014017906112943068,False
final_input_token_layerwise,disclosed,k6,response_residual,21,100.0,-0.0010172494335613513,False
final_input_token_layerwise,disclosed,k6,response_residual,22,100.0,-0.0014247403598708352,False
final_input_token_layerwise,disclosed,k6,response_residual,23,100.0,-0.0013068100568793262,False
final_input_token_layerwise,disclosed,k6,response_residual,24,100.0,-0.0012696596393089177,False
final_input_token_layerwise,disclosed,k6,response_residual,25,100.0,-0.0009979238852693972,False
final_input_token_layerwise,disclosed,k6,response_residual,26,100.0,-0.0010055676884559994,False
final_input_token_layerwise,disclosed,k6,response_residual,27,100.0,-0.0013052966016113554,False
final_input_token_layerwise,disclosed,k6,response_residual,28,100.0,-0.0011847008235581213,False
final_input_token_layerwise,disclosed,k6,response_residual,29,100.0,-0.0011765162148722197,False
final_input_token_layerwise,disclosed,k6,response_residual,30,100.0,-0.0010851676832905888,False
final_input_token_layerwise,disclosed,k6,response_residual,31,100.0,-0.0012111489619381355,False
final_input_token_layerwise,disclosed,k6,response_residual,32,100.0,-0.001005732179705704,False
final_input_token_layerwise,disclosed,k6,response_residual,33,100.0,-0.0009815659073262595,False
final_input_token_layerwise,disclosed,k6,response_residual,34,100.0,-0.0009020865492991581,False
final_input_token_layerwise,disclosed,k6,response_residual,35,100.0,-0.0007556145218655386,False
final_input_token_layerwise,disclosed,k6,response_residual,36,100.0,-0.0004937669689598356,False
final_input_token_layerwise,disclosed,k6,last_target_observation,0,0.0001,-2.7755575615628914e-17,False
final_input_token_layerwise,disclosed,k6,last_target_observation,1,100.0,-0.0018007153682368382,False
final_input_token_layerwise,disclosed,k6,last_target_observation,2,100.0,0.00011967079420496796,False
final_input_token_layerwise,disclosed,k6,last_target_observation,3,100.0,5.233570882262617e-05,False
final_input_token_layerwise,disclosed,k6,last_target_observation,4,100.0,6.366269388091705e-05,False
final_input_token_layerwise,disclosed,k6,last_target_observation,5,100.0,0.0001027278965063938,False
final_input_token_layerwise,disclosed,k6,last_target_observation,6,100.0,1.3234067356954204e-05,False
final_input_token_layerwise,disclosed,k6,last_target_observation,7,100.0,6.533519356638484e-05,False
final_input_token_layerwise,disclosed,k6,last_target_observation,8,3.0,0.0016292639133446418,False
final_input_token_layerwise,disclosed,k6,last_target_observation,9,100.0,1.8476513613530088e-05,False
final_input_token_layerwise,disclosed,k6,last_target_observation,10,100.0,4.332005667992411e-05,False
final_input_token_layerwise,disclosed,k6,last_target_observation,11,100.0,-0.0003348800210854763,False
final_input_token_layerwise,disclosed,k6,last_target_observation,12,100.0,-0.000197362703541204,False
final_input_token_layerwise,disclosed,k6,last_target_observation,13,100.0,-0.00032880019166722785,False
final_input_token_layerwise,disclosed,k6,last_target_observation,14,100.0,0.0002615024180000203,False
final_input_token_layerwise,disclosed,k6,last_target_observation,15,100.0,0.0002370218607593011,False
final_input_token_layerwise,disclosed,k6,last_target_observation,16,100.0,-5.6190015477686206e-05,False
final_input_token_layerwise,disclosed,k6,last_target_observation,17,100.0,3.187364938930792e-05,False
final_input_token_layerwise,disclosed,k6,last_target_observation,18,100.0,0.00016627647097228193,False
final_input_token_layerwise,disclosed,k6,last_target_observation,19,100.0,0.0006309099771413806,False
final_input_token_layerwise,disclosed,k6,last_target_observation,20,3.0,0.002203028145243674,False
final_input_token_layerwise,disclosed,k6,last_target_observation,21,3.0,0.008526904703517968,False
final_input_token_layerwise,disclosed,k6,last_target_observation,22,3.0,0.012313879262390054,False
final_input_token_layerwise,disclosed,k6,last_target_observation,23,3.0,0.01300835616719237,False
final_input_token_layerwise,disclosed,k6,last_target_observation,24,3.0,0.020358773133855868,False
final_input_token_layerwise,disclosed,k6,last_target_observation,25,3.0,0.019630084080930116,False
final_input_token_layerwise,disclosed,k6,last_target_observation,26,3.0,0.020580718499072392,False
final_input_token_layerwise,disclosed,k6,last_target_observation,27,3.0,0.029718689554411065,False
final_input_token_layerwise,disclosed,k6,last_target_observation,28,3.0,0.0359457415078894,False
final_input_token_layerwise,disclosed,k6,last_target_observation,29,3.0,0.03333439738267749,False
final_input_token_layerwise,disclosed,k6,last_target_observation,30,3.0,0.03234278081859723,False
final_input_token_layerwise,disclosed,k6,last_target_observation,31,3.0,0.025963746615148914,False
final_input_token_layerwise,disclosed,k6,last_target_observation,32,3.0,0.0265554013428298,False
final_input_token_layerwise,disclosed,k6,last_target_observation,33,3.0,0.033890545831063046,False
final_input_token_layerwise,disclosed,k6,last_target_observation,34,3.0,0.032275955547512586,False
final_input_token_layerwise,disclosed,k6,last_target_observation,35,3.0,0.03412363396636517,False
final_input_token_layerwise,disclosed,k6,last_target_observation,36,3.0,0.03861238256816851,True
final_input_token_layerwise,disclosed,k6,target_observation_mean,0,0.0001,2.7755575615628914e-17,False
final_input_token_layerwise,disclosed,k6,target_observation_mean,1,100.0,-0.0010500176934519212,False
final_input_token_layerwise,disclosed,k6,target_observation_mean,2,3.0,0.007674789172902846,False
final_input_token_layerwise,disclosed,k6,target_observation_mean,3,3.0,0.013418598453887154,False
final_input_token_layerwise,disclosed,k6,target_observation_mean,4,3.0,0.0038328905244865152,False
final_input_token_layerwise,disclosed,k6,target_observation_mean,5,3.0,0.008441026517675226,False
final_input_token_layerwise,disclosed,k6,target_observation_mean,6,3.0,0.00211209687900088,False
final_input_token_layerwise,disclosed,k6,target_observation_mean,7,100.0,0.00017631068703910513,False
final_input_token_layerwise,disclosed,k6,target_observation_mean,8,100.0,-0.0004918606215251753,False
final_input_token_layerwise,disclosed,k6,target_observation_mean,9,100.0,-0.0007283342867429321,False
final_input_token_layerwise,disclosed,k6,target_observation_mean,10,100.0,-0.0007672150906791741,False
final_input_token_layerwise,disclosed,k6,target_observation_mean,11,100.0,-0.0005211228570292381,False
final_input_token_layerwise,disclosed,k6,target_observation_mean,12,100.0,-0.00027249340868606975,False
final_input_token_layerwise,disclosed,k6,target_observation_mean,13,100.0,-0.0002818127035474627,False
final_input_token_layerwise,disclosed,k6,target_observation_mean,14,100.0,-0.0006585790245640655,False
final_input_token_layerwise,disclosed,k6,target_observation_mean,15,100.0,-0.0009447219649368621,False
final_input_token_layerwise,disclosed,k6,target_observation_mean,16,100.0,-0.0011791863374676637,False
final_input_token_layerwise,disclosed,k6,target_observation_mean,17,100.0,-0.0011277043444708201,False
final_input_token_layerwise,disclosed,k6,target_observation_mean,18,100.0,-0.0008197464822258804,False
final_input_token_layerwise,disclosed,k6,target_observation_mean,19,100.0,-0.0007992143138243202,False
final_input_token_layerwise,disclosed,k6,target_observation_mean,20,100.0,-0.0008600775643488878,False
final_input_token_layerwise,disclosed,k6,target_observation_mean,21,100.0,-0.00025645013685493545,False
final_input_token_layerwise,disclosed,k6,target_observation_mean,22,100.0,0.00014721829434929945,False
final_input_token_layerwise,disclosed,k6,target_observation_mean,23,100.0,7.698731063815467e-05,False
final_input_token_layerwise,disclosed,k6,target_observation_mean,24,100.0,0.00026828331211864453,False
final_input_token_layerwise,disclosed,k6,target_observation_mean,25,100.0,-9.270861691307308e-05,False
final_input_token_layerwise,disclosed,k6,target_observation_mean,26,100.0,-0.00030627830318244453,False
final_input_token_layerwise,disclosed,k6,target_observation_mean,27,100.0,-0.00027723586634703645,False
final_input_token_layerwise,disclosed,k6,target_observation_mean,28,3.0,0.0023596818116596585,False
final_input_token_layerwise,disclosed,k6,target_observation_mean,29,3.0,0.0070877860972898,False
final_input_token_layerwise,disclosed,k6,target_observation_mean,30,3.0,0.01789016667143767,False
final_input_token_layerwise,disclosed,k6,target_observation_mean,31,3.0,0.02326316102978479,False
final_input_token_layerwise,disclosed,k6,target_observation_mean,32,3.0,0.0316532612251883,True
final_input_token_layerwise,disclosed,k6,target_observation_mean,33,3.0,0.016462343931438916,False
final_input_token_layerwise,disclosed,k6,target_observation_mean,34,3.0,0.010666051485590744,False
final_input_token_layerwise,disclosed,k6,target_observation_mean,35,3.0,0.00963496031352215,False
final_input_token_layerwise,disclosed,k6,target_observation_mean,36,3.0,0.006433691785567797,False
final_input_token_layerwise,disclosed,k6,target_time_slope,0,0.0001,0.0,False
final_input_token_layerwise,disclosed,k6,target_time_slope,1,100.0,-0.0011332041045082342,False
final_input_token_layerwise,disclosed,k6,target_time_slope,2,100.0,-0.0014998711798130393,False
final_input_token_layerwise,disclosed,k6,target_time_slope,3,100.0,-0.0013611453248686955,False
final_input_token_layerwise,disclosed,k6,target_time_slope,4,100.0,-0.0011071537031456524,False
final_input_token_layerwise,disclosed,k6,target_time_slope,5,100.0,-0.0010339663599861493,False
final_input_token_layerwise,disclosed,k6,target_time_slope,6,100.0,-0.0008095564913294662,False
final_input_token_layerwise,disclosed,k6,target_time_slope,7,100.0,-0.0006110848312643191,False
final_input_token_layerwise,disclosed,k6,target_time_slope,8,100.0,-0.00042991777020132127,False
final_input_token_layerwise,disclosed,k6,target_time_slope,9,100.0,-0.0004081961619042951,False
final_input_token_layerwise,disclosed,k6,target_time_slope,10,100.0,-0.0005695617619813076,False
final_input_token_layerwise,disclosed,k6,target_time_slope,11,100.0,-0.0007010909956652323,False
final_input_token_layerwise,disclosed,k6,target_time_slope,12,100.0,-0.0006116205117264739,False
final_input_token_layerwise,disclosed,k6,target_time_slope,13,100.0,-0.0006605707809628214,False
final_input_token_layerwise,disclosed,k6,target_time_slope,14,100.0,-0.0002026377139899005,False
final_input_token_layerwise,disclosed,k6,target_time_slope,15,100.0,-0.00011218727167863762,False
final_input_token_layerwise,disclosed,k6,target_time_slope,16,100.0,-0.00044360508282706435,False
final_input_token_layerwise,disclosed,k6,target_time_slope,17,100.0,-0.00021146525652840364,False
final_input_token_layerwise,disclosed,k6,target_time_slope,18,100.0,0.00026610465597351474,False
final_input_token_layerwise,disclosed,k6,target_time_slope,19,100.0,0.00039404933559256117,False
final_input_token_layerwise,disclosed,k6,target_time_slope,20,100.0,0.00042790504808629115,False
final_input_token_layerwise,disclosed,k6,target_time_slope,21,100.0,0.0011859326671663506,False
final_input_token_layerwise,disclosed,k6,target_time_slope,22,100.0,0.001657219226294332,False
final_input_token_layerwise,disclosed,k6,target_time_slope,23,3.0,0.0038298171954462,False
final_input_token_layerwise,disclosed,k6,target_time_slope,24,3.0,0.011164324001946363,False
final_input_token_layerwise,disclosed,k6,target_time_slope,25,3.0,0.01945955745329478,False
final_input_token_layerwise,disclosed,k6,target_time_slope,26,3.0,0.01983118062058714,False
final_input_token_layerwise,disclosed,k6,target_time_slope,27,3.0,0.02810680879925856,False
final_input_token_layerwise,disclosed,k6,target_time_slope,28,3.0,0.029242611969284044,False
final_input_token_layerwise,disclosed,k6,target_time_slope,29,3.0,0.030023275610736727,False
final_input_token_layerwise,disclosed,k6,target_time_slope,30,3.0,0.0361744441601376,True
final_input_token_layerwise,disclosed,k6,target_time_slope,31,3.0,0.024421726379324354,False
final_input_token_layerwise,disclosed,k6,target_time_slope,32,3.0,0.023253287969422803,False
final_input_token_layerwise,disclosed,k6,target_time_slope,33,3.0,0.024192861878854527,False
final_input_token_layerwise,disclosed,k6,target_time_slope,34,3.0,0.027633300316198567,False
final_input_token_layerwise,disclosed,k6,target_time_slope,35,3.0,0.026726998639198668,False
final_input_token_layerwise,disclosed,k6,target_time_slope,36,3.0,0.028499329632435982,False
final_input_token_layerwise,disclosed,k6,displayed_driver_outcome_slope,0,0.0001,-5.551115123125783e-17,False
final_input_token_layerwise,disclosed,k6,displayed_driver_outcome_slope,1,100.0,-0.001112549672254326,False
final_input_token_layerwise,disclosed,k6,displayed_driver_outcome_slope,2,100.0,-0.00043108352938900363,False
final_input_token_layerwise,disclosed,k6,displayed_driver_outcome_slope,3,100.0,-0.0003341206552871234,False
final_input_token_layerwise,disclosed,k6,displayed_driver_outcome_slope,4,3.0,0.004886467052638815,False
final_input_token_layerwise,disclosed,k6,displayed_driver_outcome_slope,5,3.0,0.020620479087663596,False
final_input_token_layerwise,disclosed,k6,displayed_driver_outcome_slope,6,3.0,0.02178090178055403,True
final_input_token_layerwise,disclosed,k6,displayed_driver_outcome_slope,7,3.0,0.018528808123562612,False
final_input_token_layerwise,disclosed,k6,displayed_driver_outcome_slope,8,3.0,0.013545242552290226,False
final_input_token_layerwise,disclosed,k6,displayed_driver_outcome_slope,9,3.0,0.015039520413032387,False
final_input_token_layerwise,disclosed,k6,displayed_driver_outcome_slope,10,3.0,0.012474493916563467,False
final_input_token_layerwise,disclosed,k6,displayed_driver_outcome_slope,11,3.0,0.00991956144208292,False
final_input_token_layerwise,disclosed,k6,displayed_driver_outcome_slope,12,3.0,0.00851749388768111,False
final_input_token_layerwise,disclosed,k6,displayed_driver_outcome_slope,13,3.0,0.0025735532599223676,False
final_input_token_layerwise,disclosed,k6,displayed_driver_outcome_slope,14,3.0,0.006527027446415867,False
final_input_token_layerwise,disclosed,k6,displayed_driver_outcome_slope,15,100.0,0.00047625821625602027,False
final_input_token_layerwise,disclosed,k6,displayed_driver_outcome_slope,16,100.0,0.00058010795269553,False
final_input_token_layerwise,disclosed,k6,displayed_driver_outcome_slope,17,100.0,0.0006282338460447123,False
final_input_token_layerwise,disclosed,k6,displayed_driver_outcome_slope,18,100.0,0.00047585347641870834,False
final_input_token_layerwise,disclosed,k6,displayed_driver_outcome_slope,19,3.0,0.0009085344231684611,False
final_input_token_layerwise,disclosed,k6,displayed_driver_outcome_slope,20,100.0,0.0003536806887331767,False
final_input_token_layerwise,disclosed,k6,displayed_driver_outcome_slope,21,100.0,0.000450935058248253,False
final_input_token_layerwise,disclosed,k6,displayed_driver_outcome_slope,22,100.0,0.0003376902403488813,False
final_input_token_layerwise,disclosed,k6,displayed_driver_outcome_slope,23,100.0,0.00032447423219983396,False
final_input_token_layerwise,disclosed,k6,displayed_driver_outcome_slope,24,100.0,-9.02897203376718e-05,False
final_input_token_layerwise,disclosed,k6,displayed_driver_outcome_slope,25,100.0,5.307885067085127e-06,False
final_input_token_layerwise,disclosed,k6,displayed_driver_outcome_slope,26,100.0,0.0002651036762570391,False
final_input_token_layerwise,disclosed,k6,displayed_driver_outcome_slope,27,100.0,0.0006848585668770835,False
final_input_token_layerwise,disclosed,k6,displayed_driver_outcome_slope,28,100.0,0.0012549813418858968,False
final_input_token_layerwise,disclosed,k6,displayed_driver_outcome_slope,29,100.0,0.001393884026501202,False
final_input_token_layerwise,disclosed,k6,displayed_driver_outcome_slope,30,100.0,0.001371233259998439,False
final_input_token_layerwise,disclosed,k6,displayed_driver_outcome_slope,31,100.0,0.001590379107698603,False
final_input_token_layerwise,disclosed,k6,displayed_driver_outcome_slope,32,100.0,0.0013813997971574565,False
final_input_token_layerwise,disclosed,k6,displayed_driver_outcome_slope,33,100.0,0.0014270126328030652,False
final_input_token_layerwise,disclosed,k6,displayed_driver_outcome_slope,34,100.0,0.0018607063856095618,False
final_input_token_layerwise,disclosed,k6,displayed_driver_outcome_slope,35,3.0,0.004818403706703389,False
final_input_token_layerwise,disclosed,k6,displayed_driver_outcome_slope,36,100.0,0.0015127983953705237,False
final_input_token_layerwise,disclosed,k6,oracle_posterior_gain,0,0.0001,-5.551115123125783e-17,False
final_input_token_layerwise,disclosed,k6,oracle_posterior_gain,1,100.0,-0.0002894815464451195,False
final_input_token_layerwise,disclosed,k6,oracle_posterior_gain,2,100.0,-0.001214851078347623,False
final_input_token_layerwise,disclosed,k6,oracle_posterior_gain,3,100.0,-0.0008014929213576161,False
final_input_token_layerwise,disclosed,k6,oracle_posterior_gain,4,100.0,-0.0008066047818433564,False
final_input_token_layerwise,disclosed,k6,oracle_posterior_gain,5,100.0,-0.001058581027680916,False
final_input_token_layerwise,disclosed,k6,oracle_posterior_gain,6,100.0,-0.0014288182916668002,False
final_input_token_layerwise,disclosed,k6,oracle_posterior_gain,7,100.0,-0.0011990192176453696,False
final_input_token_layerwise,disclosed,k6,oracle_posterior_gain,8,100.0,-0.0014545424641260185,False
final_input_token_layerwise,disclosed,k6,oracle_posterior_gain,9,100.0,-0.0012634339460390331,False
final_input_token_layerwise,disclosed,k6,oracle_posterior_gain,10,100.0,-0.0012404327829897421,False
final_input_token_layerwise,disclosed,k6,oracle_posterior_gain,11,100.0,-0.0012815888758583582,False
final_input_token_layerwise,disclosed,k6,oracle_posterior_gain,12,100.0,-0.0013135482227555895,False
final_input_token_layerwise,disclosed,k6,oracle_posterior_gain,13,100.0,-0.00120103027519336,False
final_input_token_layerwise,disclosed,k6,oracle_posterior_gain,14,100.0,-0.000834903207812765,False
final_input_token_layerwise,disclosed,k6,oracle_posterior_gain,15,100.0,-0.0010425004033906837,False
final_input_token_layerwise,disclosed,k6,oracle_posterior_gain,16,100.0,-0.0010499144360354429,False
final_input_token_layerwise,disclosed,k6,oracle_posterior_gain,17,100.0,-0.0009261083371028822,False
final_input_token_layerwise,disclosed,k6,oracle_posterior_gain,18,100.0,-0.0006383424907399626,False
final_input_token_layerwise,disclosed,k6,oracle_posterior_gain,19,100.0,-0.00036407881461753,False
final_input_token_layerwise,disclosed,k6,oracle_posterior_gain,20,3.0,3.3290462774948626e-05,False
final_input_token_layerwise,disclosed,k6,oracle_posterior_gain,21,3.0,0.01079246418080046,True
final_input_token_layerwise,disclosed,k6,oracle_posterior_gain,22,3.0,0.0032072521487042926,False
final_input_token_layerwise,disclosed,k6,oracle_posterior_gain,23,3.0,0.0010855673173048863,False
final_input_token_layerwise,disclosed,k6,oracle_posterior_gain,24,100.0,0.0002239144894438383,False
final_input_token_layerwise,disclosed,k6,oracle_posterior_gain,25,100.0,-6.27930537919763e-05,False
final_input_token_layerwise,disclosed,k6,oracle_posterior_gain,26,100.0,-5.7135877144898206e-05,False
final_input_token_layerwise,disclosed,k6,oracle_posterior_gain,27,100.0,-0.00044420156828439694,False
final_input_token_layerwise,disclosed,k6,oracle_posterior_gain,28,100.0,-0.0008212820670402132,False
final_input_token_layerwise,disclosed,k6,oracle_posterior_gain,29,100.0,-0.0009918723347098202,False
final_input_token_layerwise,disclosed,k6,oracle_posterior_gain,30,100.0,-0.0005853796936739208,False
final_input_token_layerwise,disclosed,k6,oracle_posterior_gain,31,100.0,-0.0009948008644626583,False
final_input_token_layerwise,disclosed,k6,oracle_posterior_gain,32,100.0,-0.0009155426106405573,False
final_input_token_layerwise,disclosed,k6,oracle_posterior_gain,33,100.0,-0.0014410732272224225,False
final_input_token_layerwise,disclosed,k6,oracle_posterior_gain,34,100.0,-0.0014310724781803896,False
final_input_token_layerwise,disclosed,k6,oracle_posterior_gain,35,100.0,-0.0013716022005767214,False
final_input_token_layerwise,disclosed,k6,oracle_posterior_gain,36,100.0,-0.0008688420618996606,False
final_input_token_layerwise,disclosed,k9,gain,0,0.0001,0.0,False
final_input_token_layerwise,disclosed,k9,gain,1,100.0,-0.000572245584446629,False
final_input_token_layerwise,disclosed,k9,gain,2,3.0,0.0035714149534775697,False
final_input_token_layerwise,disclosed,k9,gain,3,3.0,0.0011736737142069298,False
final_input_token_layerwise,disclosed,k9,gain,4,3.0,0.0026602304072655403,False
final_input_token_layerwise,disclosed,k9,gain,5,3.0,0.0023288730593078177,False
final_input_token_layerwise,disclosed,k9,gain,6,3.0,0.004590469802323971,False
final_input_token_layerwise,disclosed,k9,gain,7,3.0,0.005422373056457153,False
final_input_token_layerwise,disclosed,k9,gain,8,3.0,0.0043128005896614086,False
final_input_token_layerwise,disclosed,k9,gain,9,3.0,0.01697403142048759,False
final_input_token_layerwise,disclosed,k9,gain,10,3.0,0.019176462390620846,False
final_input_token_layerwise,disclosed,k9,gain,11,3.0,0.01405168878459398,False
final_input_token_layerwise,disclosed,k9,gain,12,3.0,0.017437366067836052,False
final_input_token_layerwise,disclosed,k9,gain,13,3.0,0.020408576467559475,False
final_input_token_layerwise,disclosed,k9,gain,14,3.0,0.017270702301082047,False
final_input_token_layerwise,disclosed,k9,gain,15,3.0,0.02182922040679336,True
final_input_token_layerwise,disclosed,k9,gain,16,3.0,0.016454965239017322,False
final_input_token_layerwise,disclosed,k9,gain,17,3.0,0.018828326670289608,False
final_input_token_layerwise,disclosed,k9,gain,18,3.0,0.016059080957668087,False
final_input_token_layerwise,disclosed,k9,gain,19,3.0,0.010435613822910833,False
final_input_token_layerwise,disclosed,k9,gain,20,3.0,0.012849187322431177,False
final_input_token_layerwise,disclosed,k9,gain,21,3.0,0.004429002390160447,False
final_input_token_layerwise,disclosed,k9,gain,22,3.0,0.009359936352368675,False
final_input_token_layerwise,disclosed,k9,gain,23,3.0,0.009144814879817637,False
final_input_token_layerwise,disclosed,k9,gain,24,3.0,0.01611368090473167,False
final_input_token_layerwise,disclosed,k9,gain,25,3.0,0.013849682001215113,False
final_input_token_layerwise,disclosed,k9,gain,26,3.0,0.015165986336693554,False
final_input_token_layerwise,disclosed,k9,gain,27,3.0,0.020834733522446913,False
final_input_token_layerwise,disclosed,k9,gain,28,3.0,0.021632506543659363,False
final_input_token_layerwise,disclosed,k9,gain,29,3.0,0.01632134349668568,False
final_input_token_layerwise,disclosed,k9,gain,30,3.0,0.013283019556293824,False
final_input_token_layerwise,disclosed,k9,gain,31,3.0,0.014701134065911364,False
final_input_token_layerwise,disclosed,k9,gain,32,3.0,0.012129479134313087,False
final_input_token_layerwise,disclosed,k9,gain,33,3.0,0.00729738466046459,False
final_input_token_layerwise,disclosed,k9,gain,34,3.0,0.012264808082277312,False
final_input_token_layerwise,disclosed,k9,gain,35,3.0,0.0074419487231690284,False
final_input_token_layerwise,disclosed,k9,gain,36,3.0,0.00889028286285265,False
final_input_token_layerwise,disclosed,k9,response_residual,0,0.0001,-2.7755575615628914e-17,False
final_input_token_layerwise,disclosed,k9,response_residual,1,100.0,-0.00024197653888019532,False
final_input_token_layerwise,disclosed,k9,response_residual,2,100.0,0.00011869004619347034,False
final_input_token_layerwise,disclosed,k9,response_residual,3,100.0,2.7642732487370703e-05,False
final_input_token_layerwise,disclosed,k9,response_residual,4,100.0,0.00013059731166054078,False
final_input_token_layerwise,disclosed,k9,response_residual,5,100.0,6.398385894396119e-05,False
final_input_token_layerwise,disclosed,k9,response_residual,6,100.0,0.000291975700445507,False
final_input_token_layerwise,disclosed,k9,response_residual,7,100.0,0.0002747930072377336,False
final_input_token_layerwise,disclosed,k9,response_residual,8,100.0,0.0003120023838981967,False
final_input_token_layerwise,disclosed,k9,response_residual,9,3.0,0.005249505086720674,False
final_input_token_layerwise,disclosed,k9,response_residual,10,3.0,0.006537942666941743,False
final_input_token_layerwise,disclosed,k9,response_residual,11,3.0,0.0022221515696078664,False
final_input_token_layerwise,disclosed,k9,response_residual,12,3.0,0.005905359660543896,False
final_input_token_layerwise,disclosed,k9,response_residual,13,3.0,0.01067441889678128,False
final_input_token_layerwise,disclosed,k9,response_residual,14,3.0,0.008405809744752246,False
final_input_token_layerwise,disclosed,k9,response_residual,15,3.0,0.012638562463083397,True
final_input_token_layerwise,disclosed,k9,response_residual,16,3.0,0.004776775323181853,False
final_input_token_layerwise,disclosed,k9,response_residual,17,3.0,0.008283320165387659,False
final_input_token_layerwise,disclosed,k9,response_residual,18,3.0,0.006207804884694551,False
final_input_token_layerwise,disclosed,k9,response_residual,19,3.0,0.0026255541167577168,False
final_input_token_layerwise,disclosed,k9,response_residual,20,3.0,0.0066291883288479014,False
final_input_token_layerwise,disclosed,k9,response_residual,21,100.0,0.0006162945346154525,False
final_input_token_layerwise,disclosed,k9,response_residual,22,3.0,0.00222842946838675,False
final_input_token_layerwise,disclosed,k9,response_residual,23,3.0,0.0011139681053497497,False
final_input_token_layerwise,disclosed,k9,response_residual,24,3.0,0.00414890276419036,False
final_input_token_layerwise,disclosed,k9,response_residual,25,100.0,0.000956123727327618,False
final_input_token_layerwise,disclosed,k9,response_residual,26,3.0,0.000904084484916079,False
final_input_token_layerwise,disclosed,k9,response_residual,27,3.0,0.00468828646572117,False
final_input_token_layerwise,disclosed,k9,response_residual,28,3.0,0.003658025408267429,False
final_input_token_layerwise,disclosed,k9,response_residual,29,100.0,0.0010800229908809467,False
final_input_token_layerwise,disclosed,k9,response_residual,30,100.0,0.001039888332982436,False
final_input_token_layerwise,disclosed,k9,response_residual,31,100.0,0.001085400880652232,False
final_input_token_layerwise,disclosed,k9,response_residual,32,100.0,0.0008803210655292937,False
final_input_token_layerwise,disclosed,k9,response_residual,33,100.0,0.0006703501053007821,False
final_input_token_layerwise,disclosed,k9,response_residual,34,100.0,0.0008669341750292825,False
final_input_token_layerwise,disclosed,k9,response_residual,35,100.0,0.0005850551555229566,False
final_input_token_layerwise,disclosed,k9,response_residual,36,100.0,0.0006515869781729411,False
final_input_token_layerwise,disclosed,k9,last_target_observation,0,0.0001,1.3877787807814457e-16,False
final_input_token_layerwise,disclosed,k9,last_target_observation,1,100.0,-0.00026937313954994435,False
final_input_token_layerwise,disclosed,k9,last_target_observation,2,100.0,-0.0001325416675269364,False
final_input_token_layerwise,disclosed,k9,last_target_observation,3,3.0,0.003555745996320636,False
final_input_token_layerwise,disclosed,k9,last_target_observation,4,3.0,0.0014571998375035866,False
final_input_token_layerwise,disclosed,k9,last_target_observation,5,100.0,-7.024807384770071e-05,False
final_input_token_layerwise,disclosed,k9,last_target_observation,6,100.0,-0.0005079246156412531,False
final_input_token_layerwise,disclosed,k9,last_target_observation,7,100.0,-0.0005697794636923548,False
final_input_token_layerwise,disclosed,k9,last_target_observation,8,100.0,-0.000416504444840482,False
final_input_token_layerwise,disclosed,k9,last_target_observation,9,3.0,0.007641109758523473,False
final_input_token_layerwise,disclosed,k9,last_target_observation,10,3.0,0.013706582111868537,False
final_input_token_layerwise,disclosed,k9,last_target_observation,11,3.0,0.008714907283521839,False
final_input_token_layerwise,disclosed,k9,last_target_observation,12,3.0,0.009511478648443816,False
final_input_token_layerwise,disclosed,k9,last_target_observation,13,3.0,0.003171336905819222,False
final_input_token_layerwise,disclosed,k9,last_target_observation,14,3.0,0.01691732917769087,True
final_input_token_layerwise,disclosed,k9,last_target_observation,15,3.0,0.007419844792720703,False
final_input_token_layerwise,disclosed,k9,last_target_observation,16,3.0,0.012730189881282161,False
final_input_token_layerwise,disclosed,k9,last_target_observation,17,3.0,0.006266298130015169,False
final_input_token_layerwise,disclosed,k9,last_target_observation,18,3.0,0.001591047390856859,False
final_input_token_layerwise,disclosed,k9,last_target_observation,19,3.0,0.009780141170939505,False
final_input_token_layerwise,disclosed,k9,last_target_observation,20,3.0,0.009453546351898406,False
final_input_token_layerwise,disclosed,k9,last_target_observation,21,3.0,0.01006949456976361,False
final_input_token_layerwise,disclosed,k9,last_target_observation,22,3.0,0.003315819999779923,False
final_input_token_layerwise,disclosed,k9,last_target_observation,23,3.0,0.007063779561115507,False
final_input_token_layerwise,disclosed,k9,last_target_observation,24,3.0,0.008352448817557229,False
final_input_token_layerwise,disclosed,k9,last_target_observation,25,3.0,-1.6373914442535664e-05,False
final_input_token_layerwise,disclosed,k9,last_target_observation,26,100.0,-0.0009895801523344128,False
final_input_token_layerwise,disclosed,k9,last_target_observation,27,100.0,-0.0010128416194856993,False
final_input_token_layerwise,disclosed,k9,last_target_observation,28,100.0,-0.0009177021284869635,False
final_input_token_layerwise,disclosed,k9,last_target_observation,29,100.0,-0.0008440062368790802,False
final_input_token_layerwise,disclosed,k9,last_target_observation,30,100.0,-0.0006175600156368144,False
final_input_token_layerwise,disclosed,k9,last_target_observation,31,100.0,-0.0009580989114532368,False
final_input_token_layerwise,disclosed,k9,last_target_observation,32,100.0,-0.0011242393832369413,False
final_input_token_layerwise,disclosed,k9,last_target_observation,33,100.0,-0.001132811504570952,False
final_input_token_layerwise,disclosed,k9,last_target_observation,34,100.0,-0.0009828461958381052,False
final_input_token_layerwise,disclosed,k9,last_target_observation,35,100.0,-0.001188749645545606,False
final_input_token_layerwise,disclosed,k9,last_target_observation,36,100.0,-0.001129080581149633,False
final_input_token_layerwise,disclosed,k9,target_observation_mean,0,0.0001,3.885780586188048e-16,False
final_input_token_layerwise,disclosed,k9,target_observation_mean,1,100.0,5.571946203275502e-05,False
final_input_token_layerwise,disclosed,k9,target_observation_mean,2,3.0,0.012062805855662134,True
final_input_token_layerwise,disclosed,k9,target_observation_mean,3,3.0,0.007687982547526062,False
final_input_token_layerwise,disclosed,k9,target_observation_mean,4,3.0,0.005457741800420884,False
final_input_token_layerwise,disclosed,k9,target_observation_mean,5,100.0,7.263879645680316e-05,False
final_input_token_layerwise,disclosed,k9,target_observation_mean,6,3.0,0.001499153698140021,False
final_input_token_layerwise,disclosed,k9,target_observation_mean,7,3.0,0.00305296900506305,False
final_input_token_layerwise,disclosed,k9,target_observation_mean,8,100.0,-7.64841918199366e-05,False
final_input_token_layerwise,disclosed,k9,target_observation_mean,9,100.0,-0.00021459870148768379,False
final_input_token_layerwise,disclosed,k9,target_observation_mean,10,100.0,-0.00024450990455304744,False
final_input_token_layerwise,disclosed,k9,target_observation_mean,11,100.0,-0.000305353033366651,False
final_input_token_layerwise,disclosed,k9,target_observation_mean,12,100.0,-6.795631363085142e-05,False
final_input_token_layerwise,disclosed,k9,target_observation_mean,13,100.0,-2.154536021564679e-06,False
final_input_token_layerwise,disclosed,k9,target_observation_mean,14,100.0,0.00017560050838741348,False
final_input_token_layerwise,disclosed,k9,target_observation_mean,15,100.0,0.0005454000491811606,False
final_input_token_layerwise,disclosed,k9,target_observation_mean,16,100.0,0.0002973676723101448,False
final_input_token_layerwise,disclosed,k9,target_observation_mean,17,100.0,0.00013271175253834477,False
final_input_token_layerwise,disclosed,k9,target_observation_mean,18,100.0,0.00017246884774577143,False
final_input_token_layerwise,disclosed,k9,target_observation_mean,19,100.0,0.000423031087012804,False
final_input_token_layerwise,disclosed,k9,target_observation_mean,20,100.0,0.0007913633153777966,False
final_input_token_layerwise,disclosed,k9,target_observation_mean,21,100.0,0.00048795846978805235,False
final_input_token_layerwise,disclosed,k9,target_observation_mean,22,100.0,0.0012511666473246363,False
final_input_token_layerwise,disclosed,k9,target_observation_mean,23,100.0,0.0012133293210130625,False
final_input_token_layerwise,disclosed,k9,target_observation_mean,24,100.0,0.0006915676765984757,False
final_input_token_layerwise,disclosed,k9,target_observation_mean,25,100.0,0.0005017799676047541,False
final_input_token_layerwise,disclosed,k9,target_observation_mean,26,100.0,0.0006540641665296887,False
final_input_token_layerwise,disclosed,k9,target_observation_mean,27,100.0,0.0009414730119461923,False
final_input_token_layerwise,disclosed,k9,target_observation_mean,28,100.0,0.0005068100912674067,False
final_input_token_layerwise,disclosed,k9,target_observation_mean,29,100.0,0.0006155368388989779,False
final_input_token_layerwise,disclosed,k9,target_observation_mean,30,100.0,0.0008398375975803007,False
final_input_token_layerwise,disclosed,k9,target_observation_mean,31,100.0,0.00048705580013888583,False
final_input_token_layerwise,disclosed,k9,target_observation_mean,32,100.0,0.00031067617532931635,False
final_input_token_layerwise,disclosed,k9,target_observation_mean,33,100.0,0.00018322890859928664,False
final_input_token_layerwise,disclosed,k9,target_observation_mean,34,100.0,0.00033840968389756143,False
final_input_token_layerwise,disclosed,k9,target_observation_mean,35,100.0,0.00024579046295353235,False
final_input_token_layerwise,disclosed,k9,target_observation_mean,36,100.0,0.0002584058930130695,False
final_input_token_layerwise,disclosed,k9,target_time_slope,0,0.0001,0.0,False
final_input_token_layerwise,disclosed,k9,target_time_slope,1,3.0,0.007814646831917932,True
final_input_token_layerwise,disclosed,k9,target_time_slope,2,100.0,-0.00043282032154459693,False
final_input_token_layerwise,disclosed,k9,target_time_slope,3,100.0,9.583247269379092e-05,False
final_input_token_layerwise,disclosed,k9,target_time_slope,4,100.0,2.5654691401144625e-05,False
final_input_token_layerwise,disclosed,k9,target_time_slope,5,100.0,0.00013531037866434947,False
final_input_token_layerwise,disclosed,k9,target_time_slope,6,100.0,-0.00017460584097928056,False
final_input_token_layerwise,disclosed,k9,target_time_slope,7,100.0,-0.00015092177910330795,False
final_input_token_layerwise,disclosed,k9,target_time_slope,8,100.0,-0.0005453737572766182,False
final_input_token_layerwise,disclosed,k9,target_time_slope,9,100.0,-0.0011656980879433398,False
final_input_token_layerwise,disclosed,k9,target_time_slope,10,100.0,-0.0010369270283183407,False
final_input_token_layerwise,disclosed,k9,target_time_slope,11,100.0,-0.0010052916359646336,False
final_input_token_layerwise,disclosed,k9,target_time_slope,12,100.0,-0.000783465330192773,False
final_input_token_layerwise,disclosed,k9,target_time_slope,13,100.0,-0.0010282523272639454,False
final_input_token_layerwise,disclosed,k9,target_time_slope,14,100.0,-0.0005790209378751243,False
final_input_token_layerwise,disclosed,k9,target_time_slope,15,100.0,-0.0007919698033379552,False
final_input_token_layerwise,disclosed,k9,target_time_slope,16,100.0,-0.0007756165557714079,False
final_input_token_layerwise,disclosed,k9,target_time_slope,17,100.0,-0.0007128343690256389,False
final_input_token_layerwise,disclosed,k9,target_time_slope,18,100.0,-0.0009319824053696801,False
final_input_token_layerwise,disclosed,k9,target_time_slope,19,100.0,-0.0011143048878446415,False
final_input_token_layerwise,disclosed,k9,target_time_slope,20,100.0,-0.0011116246025356102,False
final_input_token_layerwise,disclosed,k9,target_time_slope,21,100.0,-0.0011588726814785733,False
final_input_token_layerwise,disclosed,k9,target_time_slope,22,100.0,-0.001187037862823398,False
final_input_token_layerwise,disclosed,k9,target_time_slope,23,100.0,-0.0008913243766135448,False
final_input_token_layerwise,disclosed,k9,target_time_slope,24,100.0,-0.0005574619976171091,False
final_input_token_layerwise,disclosed,k9,target_time_slope,25,100.0,-0.0009182758637125699,False
final_input_token_layerwise,disclosed,k9,target_time_slope,26,100.0,-0.0008743756871363029,False
final_input_token_layerwise,disclosed,k9,target_time_slope,27,100.0,-0.0009462036385939898,False
final_input_token_layerwise,disclosed,k9,target_time_slope,28,100.0,-0.0007633248196945441,False
final_input_token_layerwise,disclosed,k9,target_time_slope,29,100.0,-0.0009288352835316038,False
final_input_token_layerwise,disclosed,k9,target_time_slope,30,100.0,-0.0008947756680151298,False
final_input_token_layerwise,disclosed,k9,target_time_slope,31,100.0,-0.0007092611430187801,False
final_input_token_layerwise,disclosed,k9,target_time_slope,32,100.0,-0.0007617540012180568,False
final_input_token_layerwise,disclosed,k9,target_time_slope,33,100.0,-0.0009237192889419155,False
final_input_token_layerwise,disclosed,k9,target_time_slope,34,100.0,-0.001003624273068715,False
final_input_token_layerwise,disclosed,k9,target_time_slope,35,100.0,-0.0011291576088874322,False
final_input_token_layerwise,disclosed,k9,target_time_slope,36,100.0,-0.0010662601947714623,False
final_input_token_layerwise,disclosed,k9,displayed_driver_outcome_slope,0,0.0001,-1.1102230246251565e-16,False
final_input_token_layerwise,disclosed,k9,displayed_driver_outcome_slope,1,100.0,-0.0007200711417956751,False
final_input_token_layerwise,disclosed,k9,displayed_driver_outcome_slope,2,100.0,0.00020320603759488298,False
final_input_token_layerwise,disclosed,k9,displayed_driver_outcome_slope,3,100.0,-9.680463665009964e-05,False
final_input_token_layerwise,disclosed,k9,displayed_driver_outcome_slope,4,100.0,-0.00023811368224671559,False
final_input_token_layerwise,disclosed,k9,displayed_driver_outcome_slope,5,100.0,-0.00035615603191352374,False
final_input_token_layerwise,disclosed,k9,displayed_driver_outcome_slope,6,100.0,-0.00042281392210627433,False
final_input_token_layerwise,disclosed,k9,displayed_driver_outcome_slope,7,100.0,-0.00022530973563117396,False
final_input_token_layerwise,disclosed,k9,displayed_driver_outcome_slope,8,100.0,-0.0002105728946955321,False
final_input_token_layerwise,disclosed,k9,displayed_driver_outcome_slope,9,100.0,-0.00013143331203555042,False
final_input_token_layerwise,disclosed,k9,displayed_driver_outcome_slope,10,3.0,0.002356814421680342,False
final_input_token_layerwise,disclosed,k9,displayed_driver_outcome_slope,11,3.0,0.005877170430670181,False
final_input_token_layerwise,disclosed,k9,displayed_driver_outcome_slope,12,3.0,0.005869060689423833,False
final_input_token_layerwise,disclosed,k9,displayed_driver_outcome_slope,13,3.0,0.006444068982546625,False
final_input_token_layerwise,disclosed,k9,displayed_driver_outcome_slope,14,3.0,0.001237108560809247,False
final_input_token_layerwise,disclosed,k9,displayed_driver_outcome_slope,15,3.0,0.005185381637692388,False
final_input_token_layerwise,disclosed,k9,displayed_driver_outcome_slope,16,3.0,0.01404124127553788,False
final_input_token_layerwise,disclosed,k9,displayed_driver_outcome_slope,17,3.0,0.015716299117222526,False
final_input_token_layerwise,disclosed,k9,displayed_driver_outcome_slope,18,3.0,0.01326803789461009,False
final_input_token_layerwise,disclosed,k9,displayed_driver_outcome_slope,19,3.0,0.013439346205142033,False
final_input_token_layerwise,disclosed,k9,displayed_driver_outcome_slope,20,3.0,0.010110339440665778,False
final_input_token_layerwise,disclosed,k9,displayed_driver_outcome_slope,21,3.0,0.011577386534743328,False
final_input_token_layerwise,disclosed,k9,displayed_driver_outcome_slope,22,3.0,0.019198457764534965,True
final_input_token_layerwise,disclosed,k9,displayed_driver_outcome_slope,23,3.0,0.003377032784754097,False
final_input_token_layerwise,disclosed,k9,displayed_driver_outcome_slope,24,3.0,0.004834248019989051,False
final_input_token_layerwise,disclosed,k9,displayed_driver_outcome_slope,25,3.0,0.006178947808270996,False
final_input_token_layerwise,disclosed,k9,displayed_driver_outcome_slope,26,3.0,0.011084478822133148,False
final_input_token_layerwise,disclosed,k9,displayed_driver_outcome_slope,27,3.0,0.004148684790777485,False
final_input_token_layerwise,disclosed,k9,displayed_driver_outcome_slope,28,3.0,0.0023756150415563393,False
final_input_token_layerwise,disclosed,k9,displayed_driver_outcome_slope,29,3.0,-3.8249487071234656e-05,False
final_input_token_layerwise,disclosed,k9,displayed_driver_outcome_slope,30,3.0,0.007759858811192094,False
final_input_token_layerwise,disclosed,k9,displayed_driver_outcome_slope,31,3.0,0.013024576137023597,False
final_input_token_layerwise,disclosed,k9,displayed_driver_outcome_slope,32,3.0,0.009598294117510037,False
final_input_token_layerwise,disclosed,k9,displayed_driver_outcome_slope,33,3.0,0.011258130231964952,False
final_input_token_layerwise,disclosed,k9,displayed_driver_outcome_slope,34,3.0,0.004937361543769447,False
final_input_token_layerwise,disclosed,k9,displayed_driver_outcome_slope,35,3.0,0.0016885383335199788,False
final_input_token_layerwise,disclosed,k9,displayed_driver_outcome_slope,36,3.0,0.005180458333368387,False
final_input_token_layerwise,disclosed,k9,oracle_posterior_gain,0,0.0001,0.0,False
final_input_token_layerwise,disclosed,k9,oracle_posterior_gain,1,100.0,-0.0009625674382920946,False
final_input_token_layerwise,disclosed,k9,oracle_posterior_gain,2,100.0,8.107312127608735e-05,False
final_input_token_layerwise,disclosed,k9,oracle_posterior_gain,3,3.0,0.004250716695116619,False
final_input_token_layerwise,disclosed,k9,oracle_posterior_gain,4,3.0,0.0004832593944706365,False
final_input_token_layerwise,disclosed,k9,oracle_posterior_gain,5,3.0,0.00037478940335655686,False
final_input_token_layerwise,disclosed,k9,oracle_posterior_gain,6,100.0,5.7838273972432575e-06,False
final_input_token_layerwise,disclosed,k9,oracle_posterior_gain,7,100.0,-4.026802490189607e-05,False
final_input_token_layerwise,disclosed,k9,oracle_posterior_gain,8,3.0,0.007732491829519184,False
final_input_token_layerwise,disclosed,k9,oracle_posterior_gain,9,3.0,0.013156034747783457,False
final_input_token_layerwise,disclosed,k9,oracle_posterior_gain,10,0.1,0.021404759296617393,True
final_input_token_layerwise,disclosed,k9,oracle_posterior_gain,11,3.0,0.0034775409614018205,False
final_input_token_layerwise,disclosed,k9,oracle_posterior_gain,12,3.0,0.0017252349556277358,False
final_input_token_layerwise,disclosed,k9,oracle_posterior_gain,13,3.0,0.002274048187901362,False
final_input_token_layerwise,disclosed,k9,oracle_posterior_gain,14,3.0,0.000947942270578539,False
final_input_token_layerwise,disclosed,k9,oracle_posterior_gain,15,100.0,0.00026620023883835997,False
final_input_token_layerwise,disclosed,k9,oracle_posterior_gain,16,3.0,0.0052630652088320184,False
final_input_token_layerwise,disclosed,k9,oracle_posterior_gain,17,3.0,0.0020469655902174977,False
final_input_token_layerwise,disclosed,k9,oracle_posterior_gain,18,3.0,0.009630684333680778,False
final_input_token_layerwise,disclosed,k9,oracle_posterior_gain,19,100.0,0.000520194644310773,False
final_input_token_layerwise,disclosed,k9,oracle_posterior_gain,20,3.0,0.0009837570429053477,False
final_input_token_layerwise,disclosed,k9,oracle_posterior_gain,21,100.0,-0.0001099775116592816,False
final_input_token_layerwise,disclosed,k9,oracle_posterior_gain,22,100.0,-3.518556951168095e-05,False
final_input_token_layerwise,disclosed,k9,oracle_posterior_gain,23,100.0,-8.470014656897229e-06,False
final_input_token_layerwise,disclosed,k9,oracle_posterior_gain,24,100.0,0.00019281182198249702,False
final_input_token_layerwise,disclosed,k9,oracle_posterior_gain,25,100.0,-0.0001579815999034062,False
final_input_token_layerwise,disclosed,k9,oracle_posterior_gain,26,100.0,-0.0004623753576754319,False
final_input_token_layerwise,disclosed,k9,oracle_posterior_gain,27,100.0,-0.00015810399836757583,False
final_input_token_layerwise,disclosed,k9,oracle_posterior_gain,28,100.0,-0.000725219911332925,False
final_input_token_layerwise,disclosed,k9,oracle_posterior_gain,29,100.0,-0.00067932347801547,False
final_input_token_layerwise,disclosed,k9,oracle_posterior_gain,30,100.0,-0.0006313133878353694,False
final_input_token_layerwise,disclosed,k9,oracle_posterior_gain,31,100.0,-0.0008360859612982496,False
final_input_token_layerwise,disclosed,k9,oracle_posterior_gain,32,100.0,-0.0010176865233301746,False
final_input_token_layerwise,disclosed,k9,oracle_posterior_gain,33,100.0,-0.0009106295017183019,False
final_input_token_layerwise,disclosed,k9,oracle_posterior_gain,34,100.0,-0.0010288364244090964,False
final_input_token_layerwise,disclosed,k9,oracle_posterior_gain,35,100.0,-0.00099510965486993,False
final_input_token_layerwise,disclosed,k9,oracle_posterior_gain,36,100.0,-0.0009761684229397383,False
final_input_token_layerwise,disclosed,pooled,gain,0,0.0001,0.0,False
final_input_token_layerwise,disclosed,pooled,gain,1,100.0,-0.00033927289415434475,False
final_input_token_layerwise,disclosed,pooled,gain,2,100.0,-0.0017705497696181387,False
final_input_token_layerwise,disclosed,pooled,gain,3,100.0,-0.0019312914603350957,False
final_input_token_layerwise,disclosed,pooled,gain,4,100.0,-0.001808115178849314,False
final_input_token_layerwise,disclosed,pooled,gain,5,100.0,-0.0027378972592199124,False
final_input_token_layerwise,disclosed,pooled,gain,6,100.0,-0.0029672730839542527,False
final_input_token_layerwise,disclosed,pooled,gain,7,100.0,-0.0026439354477964436,False
final_input_token_layerwise,disclosed,pooled,gain,8,100.0,-0.001122708657718537,False
final_input_token_layerwise,disclosed,pooled,gain,9,100.0,0.0005545552287762415,False
final_input_token_layerwise,disclosed,pooled,gain,10,100.0,0.0005230143539084187,False
final_input_token_layerwise,disclosed,pooled,gain,11,100.0,0.0001778683903060907,False
final_input_token_layerwise,disclosed,pooled,gain,12,100.0,-0.00031701211987672506,False
final_input_token_layerwise,disclosed,pooled,gain,13,100.0,-0.0004631232937854779,False
final_input_token_layerwise,disclosed,pooled,gain,14,100.0,-0.000435995656258024,False
final_input_token_layerwise,disclosed,pooled,gain,15,100.0,5.332935813434636e-05,False
final_input_token_layerwise,disclosed,pooled,gain,16,100.0,-0.000652695317410588,False
final_input_token_layerwise,disclosed,pooled,gain,17,100.0,-3.6846520959421536e-05,False
final_input_token_layerwise,disclosed,pooled,gain,18,100.0,0.001365713679802825,False
final_input_token_layerwise,disclosed,pooled,gain,19,100.0,0.002127370377806609,False
final_input_token_layerwise,disclosed,pooled,gain,20,100.0,0.002310314293125254,False
final_input_token_layerwise,disclosed,pooled,gain,21,100.0,0.002139282931717242,False
final_input_token_layerwise,disclosed,pooled,gain,22,100.0,0.0012598772656768065,False
final_input_token_layerwise,disclosed,pooled,gain,23,100.0,0.0004778920602918531,False
final_input_token_layerwise,disclosed,pooled,gain,24,100.0,0.0014097435686784936,False
final_input_token_layerwise,disclosed,pooled,gain,25,100.0,0.0042941239476660216,False
final_input_token_layerwise,disclosed,pooled,gain,26,100.0,0.004014426887449037,False
final_input_token_layerwise,disclosed,pooled,gain,27,100.0,0.0047649061952435385,False
final_input_token_layerwise,disclosed,pooled,gain,28,100.0,0.004934057301799512,False
final_input_token_layerwise,disclosed,pooled,gain,29,100.0,0.005682909635536961,True
final_input_token_layerwise,disclosed,pooled,gain,30,100.0,0.005416433993650799,False
final_input_token_layerwise,disclosed,pooled,gain,31,100.0,0.004319069001728247,False
final_input_token_layerwise,disclosed,pooled,gain,32,100.0,0.005080682218386497,False
final_input_token_layerwise,disclosed,pooled,gain,33,100.0,0.005326485370343924,False
final_input_token_layerwise,disclosed,pooled,gain,34,100.0,0.005131150375707799,False
final_input_token_layerwise,disclosed,pooled,gain,35,100.0,0.004937754109030921,False
final_input_token_layerwise,disclosed,pooled,gain,36,100.0,0.005679692381216461,False
final_input_token_layerwise,disclosed,pooled,response_residual,0,0.0001,-2.7755575615628914e-17,False
final_input_token_layerwise,disclosed,pooled,response_residual,1,100.0,0.00041760971487044457,False
final_input_token_layerwise,disclosed,pooled,response_residual,2,100.0,-0.0026669943730902403,False
final_input_token_layerwise,disclosed,pooled,response_residual,3,100.0,-0.0025952456353467066,False
final_input_token_layerwise,disclosed,pooled,response_residual,4,100.0,-0.002518442695576171,False
final_input_token_layerwise,disclosed,pooled,response_residual,5,100.0,-0.005220210558778138,False
final_input_token_layerwise,disclosed,pooled,response_residual,6,100.0,-0.004478653517095828,False
final_input_token_layerwise,disclosed,pooled,response_residual,7,100.0,-0.00444290798034173,False
final_input_token_layerwise,disclosed,pooled,response_residual,8,100.0,-0.002661718792405473,False
final_input_token_layerwise,disclosed,pooled,response_residual,9,100.0,-0.0017522487843058265,False
final_input_token_layerwise,disclosed,pooled,response_residual,10,100.0,-0.0018476178237802805,False
final_input_token_layerwise,disclosed,pooled,response_residual,11,100.0,-0.0015339983505705628,False
final_input_token_layerwise,disclosed,pooled,response_residual,12,100.0,-0.0018098896874249315,False
final_input_token_layerwise,disclosed,pooled,response_residual,13,100.0,-0.0016596839374757217,False
final_input_token_layerwise,disclosed,pooled,response_residual,14,100.0,-0.0019199528508778245,False
final_input_token_layerwise,disclosed,pooled,response_residual,15,100.0,-0.0015288087072485117,False
final_input_token_layerwise,disclosed,pooled,response_residual,16,100.0,-0.0026390019466634718,False
final_input_token_layerwise,disclosed,pooled,response_residual,17,100.0,-0.002297913310716928,False
final_input_token_layerwise,disclosed,pooled,response_residual,18,100.0,-0.0005961342776475328,False
final_input_token_layerwise,disclosed,pooled,response_residual,19,100.0,0.0003543031821246952,False
final_input_token_layerwise,disclosed,pooled,response_residual,20,100.0,0.00041452554966635763,False
final_input_token_layerwise,disclosed,pooled,response_residual,21,100.0,0.0011614566179821335,False
final_input_token_layerwise,disclosed,pooled,response_residual,22,100.0,0.00033799431372901384,False
final_input_token_layerwise,disclosed,pooled,response_residual,23,100.0,0.0002862160020578504,False
final_input_token_layerwise,disclosed,pooled,response_residual,24,100.0,0.0018360231277557888,False
final_input_token_layerwise,disclosed,pooled,response_residual,25,100.0,0.004388993703440573,False
final_input_token_layerwise,disclosed,pooled,response_residual,26,100.0,0.00393340510703961,False
final_input_token_layerwise,disclosed,pooled,response_residual,27,100.0,0.004429532751955077,False
final_input_token_layerwise,disclosed,pooled,response_residual,28,100.0,0.004745810285337927,False
final_input_token_layerwise,disclosed,pooled,response_residual,29,100.0,0.005343681023108569,False
final_input_token_layerwise,disclosed,pooled,response_residual,30,100.0,0.005329436090993918,False
final_input_token_layerwise,disclosed,pooled,response_residual,31,100.0,0.0046849512381548315,False
final_input_token_layerwise,disclosed,pooled,response_residual,32,100.0,0.005638513058702582,False
final_input_token_layerwise,disclosed,pooled,response_residual,33,100.0,0.005867331319306539,False
final_input_token_layerwise,disclosed,pooled,response_residual,34,100.0,0.006187507176344587,False
final_input_token_layerwise,disclosed,pooled,response_residual,35,100.0,0.005943752969837836,False
final_input_token_layerwise,disclosed,pooled,response_residual,36,100.0,0.006697387542321455,True
final_input_token_layerwise,undisclosed,k3,gain,0,0.0001,0.0,False
final_input_token_layerwise,undisclosed,k3,gain,1,100.0,-0.0015121663092660387,False
final_input_token_layerwise,undisclosed,k3,gain,2,100.0,0.0012969954927921634,False
final_input_token_layerwise,undisclosed,k3,gain,3,100.0,0.0013269831936266185,False
final_input_token_layerwise,undisclosed,k3,gain,4,100.0,0.0008943306643899585,False
final_input_token_layerwise,undisclosed,k3,gain,5,100.0,0.00043776868650738376,False
final_input_token_layerwise,undisclosed,k3,gain,6,100.0,-0.00020536768550050155,False
final_input_token_layerwise,undisclosed,k3,gain,7,100.0,-0.00023075420076892894,False
final_input_token_layerwise,undisclosed,k3,gain,8,100.0,7.064815792395818e-05,False
final_input_token_layerwise,undisclosed,k3,gain,9,100.0,0.0003885856109447361,False
final_input_token_layerwise,undisclosed,k3,gain,10,100.0,0.0004671516678041443,False
final_input_token_layerwise,undisclosed,k3,gain,11,100.0,0.0003467852760630774,False
final_input_token_layerwise,undisclosed,k3,gain,12,100.0,0.0002962116212323618,False
final_input_token_layerwise,undisclosed,k3,gain,13,100.0,0.0003381280190917768,False
final_input_token_layerwise,undisclosed,k3,gain,14,100.0,0.0007413555555358387,False
final_input_token_layerwise,undisclosed,k3,gain,15,100.0,0.0007505296150751295,False
final_input_token_layerwise,undisclosed,k3,gain,16,3.0,0.0023780468532504373,False
final_input_token_layerwise,undisclosed,k3,gain,17,3.0,0.014764504309026844,True
final_input_token_layerwise,undisclosed,k3,gain,18,3.0,0.0070962558210713456,False
final_input_token_layerwise,undisclosed,k3,gain,19,3.0,0.004649159872939568,False
final_input_token_layerwise,undisclosed,k3,gain,20,3.0,0.00491463632619768,False
final_input_token_layerwise,undisclosed,k3,gain,21,3.0,0.005287387806536176,False
final_input_token_layerwise,undisclosed,k3,gain,22,3.0,0.0053648447440936275,False
final_input_token_layerwise,undisclosed,k3,gain,23,3.0,0.005436534699164802,False
final_input_token_layerwise,undisclosed,k3,gain,24,3.0,-2.4378768022359498e-05,False
final_input_token_layerwise,undisclosed,k3,gain,25,100.0,-6.971369698854923e-05,False
final_input_token_layerwise,undisclosed,k3,gain,26,3.0,0.004773150099277673,False
final_input_token_layerwise,undisclosed,k3,gain,27,3.0,0.0057687473259236954,False
final_input_token_layerwise,undisclosed,k3,gain,28,3.0,0.0036795813035006564,False
final_input_token_layerwise,undisclosed,k3,gain,29,3.0,0.00044704972474898796,False
final_input_token_layerwise,undisclosed,k3,gain,30,100.0,-0.00017187624356287956,False
final_input_token_layerwise,undisclosed,k3,gain,31,3.0,0.00013495226370471847,False
final_input_token_layerwise,undisclosed,k3,gain,32,100.0,-0.00021047977578547705,False
final_input_token_layerwise,undisclosed,k3,gain,33,100.0,-0.0008196967562493496,False
final_input_token_layerwise,undisclosed,k3,gain,34,100.0,-0.000719800000652776,False
final_input_token_layerwise,undisclosed,k3,gain,35,100.0,-0.0008098721983864077,False
final_input_token_layerwise,undisclosed,k3,gain,36,100.0,-0.000926879021926813,False
final_input_token_layerwise,undisclosed,k3,response_residual,0,0.0001,-2.7755575615628914e-17,False
final_input_token_layerwise,undisclosed,k3,response_residual,1,100.0,-0.001292561310268392,False
final_input_token_layerwise,undisclosed,k3,response_residual,2,100.0,0.0010944797336963907,False
final_input_token_layerwise,undisclosed,k3,response_residual,3,100.0,0.0014189813890119474,True
final_input_token_layerwise,undisclosed,k3,response_residual,4,100.0,0.0009176542504848728,False
final_input_token_layerwise,undisclosed,k3,response_residual,5,100.0,0.0005237759858026936,False
final_input_token_layerwise,undisclosed,k3,response_residual,6,100.0,7.155818238882561e-05,False
final_input_token_layerwise,undisclosed,k3,response_residual,7,100.0,-6.286691327944682e-05,False
final_input_token_layerwise,undisclosed,k3,response_residual,8,100.0,0.0003216332150955681,False
final_input_token_layerwise,undisclosed,k3,response_residual,9,100.0,0.0005810623886571553,False
final_input_token_layerwise,undisclosed,k3,response_residual,10,100.0,0.0006211480485374121,False
final_input_token_layerwise,undisclosed,k3,response_residual,11,100.0,0.0005973823350405028,False
final_input_token_layerwise,undisclosed,k3,response_residual,12,100.0,0.000462811720901235,False
final_input_token_layerwise,undisclosed,k3,response_residual,13,100.0,0.00044005987176676253,False
final_input_token_layerwise,undisclosed,k3,response_residual,14,100.0,0.0006776155252583294,False
final_input_token_layerwise,undisclosed,k3,response_residual,15,100.0,0.0006284042441423443,False
final_input_token_layerwise,undisclosed,k3,response_residual,16,100.0,0.000714963615939479,False
final_input_token_layerwise,undisclosed,k3,response_residual,17,100.0,0.0011283199651723752,False
final_input_token_layerwise,undisclosed,k3,response_residual,18,100.0,0.0005907613738887207,False
final_input_token_layerwise,undisclosed,k3,response_residual,19,100.0,0.00032383628558346755,False
final_input_token_layerwise,undisclosed,k3,response_residual,20,100.0,0.00019323064831713865,False
final_input_token_layerwise,undisclosed,k3,response_residual,21,100.0,-1.834950014048542e-05,False
final_input_token_layerwise,undisclosed,k3,response_residual,22,100.0,5.02164943534944e-05,False
final_input_token_layerwise,undisclosed,k3,response_residual,23,100.0,-8.42632172536606e-05,False
final_input_token_layerwise,undisclosed,k3,response_residual,24,100.0,-0.0005313468883079986,False
final_input_token_layerwise,undisclosed,k3,response_residual,25,100.0,-0.0006524999076153171,False
final_input_token_layerwise,undisclosed,k3,response_residual,26,100.0,-0.0003556289317618866,False
final_input_token_layerwise,undisclosed,k3,response_residual,27,100.0,-0.00027034647051704663,False
final_input_token_layerwise,undisclosed,k3,response_residual,28,100.0,-0.00047492249956329613,False
final_input_token_layerwise,undisclosed,k3,response_residual,29,100.0,-0.0006508888891882669,False
final_input_token_layerwise,undisclosed,k3,response_residual,30,100.0,-0.0007577860217470034,False
final_input_token_layerwise,undisclosed,k3,response_residual,31,100.0,-0.0006656823563844505,False
final_input_token_layerwise,undisclosed,k3,response_residual,32,100.0,-0.0005030257194292009,False
final_input_token_layerwise,undisclosed,k3,response_residual,33,100.0,-0.0010567624309006374,False
final_input_token_layerwise,undisclosed,k3,response_residual,34,100.0,-0.0008737111454947266,False
final_input_token_layerwise,undisclosed,k3,response_residual,35,100.0,-0.000853306253617736,False
final_input_token_layerwise,undisclosed,k3,response_residual,36,100.0,-0.0009131522550517301,False
final_input_token_layerwise,undisclosed,k3,last_target_observation,0,0.0001,-8.326672684688674e-17,False
final_input_token_layerwise,undisclosed,k3,last_target_observation,1,0.1,0.06531424334084884,True
final_input_token_layerwise,undisclosed,k3,last_target_observation,2,100.0,0.0010013573340388882,False
final_input_token_layerwise,undisclosed,k3,last_target_observation,3,3.0,0.013666463978466992,False
final_input_token_layerwise,undisclosed,k3,last_target_observation,4,3.0,0.01237899182532426,False
final_input_token_layerwise,undisclosed,k3,last_target_observation,5,0.1,0.06211313636225749,False
final_input_token_layerwise,undisclosed,k3,last_target_observation,6,0.1,0.0375053705859682,False
final_input_token_layerwise,undisclosed,k3,last_target_observation,7,3.0,0.007835822455024566,False
final_input_token_layerwise,undisclosed,k3,last_target_observation,8,3.0,0.00449776537733243,False
final_input_token_layerwise,undisclosed,k3,last_target_observation,9,3.0,0.004864912741295441,False
final_input_token_layerwise,undisclosed,k3,last_target_observation,10,3.0,0.0018503249124508514,False
final_input_token_layerwise,undisclosed,k3,last_target_observation,11,3.0,0.005298434240216282,False
final_input_token_layerwise,undisclosed,k3,last_target_observation,12,3.0,0.018919607537443706,False
final_input_token_layerwise,undisclosed,k3,last_target_observation,13,3.0,0.020329170044308092,False
final_input_token_layerwise,undisclosed,k3,last_target_observation,14,0.1,0.04730112256861768,False
final_input_token_layerwise,undisclosed,k3,last_target_observation,15,3.0,0.03669111207142317,False
final_input_token_layerwise,undisclosed,k3,last_target_observation,16,3.0,0.027890980583389374,False
final_input_token_layerwise,undisclosed,k3,last_target_observation,17,3.0,0.026186100193180933,False
final_input_token_layerwise,undisclosed,k3,last_target_observation,18,3.0,0.019272434797982296,False
final_input_token_layerwise,undisclosed,k3,last_target_observation,19,3.0,0.0221314516482341,False
final_input_token_layerwise,undisclosed,k3,last_target_observation,20,3.0,0.017314614133136563,False
final_input_token_layerwise,undisclosed,k3,last_target_observation,21,3.0,0.03331723115490928,False
final_input_token_layerwise,undisclosed,k3,last_target_observation,22,3.0,0.024566459109030242,False
final_input_token_layerwise,undisclosed,k3,last_target_observation,23,3.0,0.01959712480852746,False
final_input_token_layerwise,undisclosed,k3,last_target_observation,24,3.0,0.01595351494672234,False
final_input_token_layerwise,undisclosed,k3,last_target_observation,25,3.0,0.013650369955889252,False
final_input_token_layerwise,undisclosed,k3,last_target_observation,26,3.0,0.020182716454288152,False
final_input_token_layerwise,undisclosed,k3,last_target_observation,27,3.0,0.015198755212527337,False
final_input_token_layerwise,undisclosed,k3,last_target_observation,28,3.0,0.011566955857231054,False
final_input_token_layerwise,undisclosed,k3,last_target_observation,29,3.0,0.0088827876055452,False
final_input_token_layerwise,undisclosed,k3,last_target_observation,30,3.0,0.007624964948696106,False
final_input_token_layerwise,undisclosed,k3,last_target_observation,31,3.0,0.00748266012372803,False
final_input_token_layerwise,undisclosed,k3,last_target_observation,32,3.0,0.010009007991839042,False
final_input_token_layerwise,undisclosed,k3,last_target_observation,33,3.0,0.01187129214720381,False
final_input_token_layerwise,undisclosed,k3,last_target_observation,34,3.0,0.008842654763107471,False
final_input_token_layerwise,undisclosed,k3,last_target_observation,35,3.0,0.009977348805306263,False
final_input_token_layerwise,undisclosed,k3,last_target_observation,36,3.0,0.010445637362262478,False
final_input_token_layerwise,undisclosed,k3,target_observation_mean,0,0.0001,5.551115123125783e-17,False
final_input_token_layerwise,undisclosed,k3,target_observation_mean,1,3.0,0.016397142918324392,False
final_input_token_layerwise,undisclosed,k3,target_observation_mean,2,3.0,0.0020654998917200573,False
final_input_token_layerwise,undisclosed,k3,target_observation_mean,3,3.0,0.015374611943164335,False
final_input_token_layerwise,undisclosed,k3,target_observation_mean,4,3.0,0.006566431496563774,False
final_input_token_layerwise,undisclosed,k3,target_observation_mean,5,3.0,0.01545889717285423,False
final_input_token_layerwise,undisclosed,k3,target_observation_mean,6,3.0,0.016702820514776506,False
final_input_token_layerwise,undisclosed,k3,target_observation_mean,7,3.0,0.011946964825172518,False
final_input_token_layerwise,undisclosed,k3,target_observation_mean,8,3.0,0.006096470749786531,False
final_input_token_layerwise,undisclosed,k3,target_observation_mean,9,3.0,0.006922769101250559,False
final_input_token_layerwise,undisclosed,k3,target_observation_mean,10,3.0,0.006755813336206867,False
final_input_token_layerwise,undisclosed,k3,target_observation_mean,11,3.0,0.008156009805945108,False
final_input_token_layerwise,undisclosed,k3,target_observation_mean,12,3.0,0.023332707704383143,False
final_input_token_layerwise,undisclosed,k3,target_observation_mean,13,3.0,0.02063789432820709,False
final_input_token_layerwise,undisclosed,k3,target_observation_mean,14,3.0,0.030849099526718354,False
final_input_token_layerwise,undisclosed,k3,target_observation_mean,15,3.0,0.036336660884226296,False
final_input_token_layerwise,undisclosed,k3,target_observation_mean,16,3.0,0.029457777551790465,False
final_input_token_layerwise,undisclosed,k3,target_observation_mean,17,3.0,0.028121922846800068,False
final_input_token_layerwise,undisclosed,k3,target_observation_mean,18,3.0,0.024707357887070847,False
final_input_token_layerwise,undisclosed,k3,target_observation_mean,19,3.0,0.024043599861510834,False
final_input_token_layerwise,undisclosed,k3,target_observation_mean,20,3.0,0.033062709182175326,False
final_input_token_layerwise,undisclosed,k3,target_observation_mean,21,3.0,0.048721783815480896,False
final_input_token_layerwise,undisclosed,k3,target_observation_mean,22,3.0,0.04984508970082205,False
final_input_token_layerwise,undisclosed,k3,target_observation_mean,23,3.0,0.037738367407274515,False
final_input_token_layerwise,undisclosed,k3,target_observation_mean,24,3.0,0.03441116034955863,False
final_input_token_layerwise,undisclosed,k3,target_observation_mean,25,3.0,0.04369200459200792,False
final_input_token_layerwise,undisclosed,k3,target_observation_mean,26,3.0,0.057533473939296115,True
final_input_token_layerwise,undisclosed,k3,target_observation_mean,27,3.0,0.04681715839081721,False
final_input_token_layerwise,undisclosed,k3,target_observation_mean,28,3.0,0.047613967834049614,False
final_input_token_layerwise,undisclosed,k3,target_observation_mean,29,3.0,0.04293851398024345,False
final_input_token_layerwise,undisclosed,k3,target_observation_mean,30,3.0,0.04447411682090674,False
final_input_token_layerwise,undisclosed,k3,target_observation_mean,31,3.0,0.03226437423104428,False
final_input_token_layerwise,undisclosed,k3,target_observation_mean,32,3.0,0.03554766633265327,False
final_input_token_layerwise,undisclosed,k3,target_observation_mean,33,3.0,0.03299929359038381,False
final_input_token_layerwise,undisclosed,k3,target_observation_mean,34,3.0,0.02903777476389477,False
final_input_token_layerwise,undisclosed,k3,target_observation_mean,35,3.0,0.023647829137937976,False
final_input_token_layerwise,undisclosed,k3,target_observation_mean,36,3.0,0.02436496177175551,False
final_input_token_layerwise,undisclosed,k3,target_time_slope,0,0.0001,0.0,False
final_input_token_layerwise,undisclosed,k3,target_time_slope,1,100.0,-0.0008985742325192392,False
final_input_token_layerwise,undisclosed,k3,target_time_slope,2,100.0,-0.0024127903138440876,False
final_input_token_layerwise,undisclosed,k3,target_time_slope,3,100.0,-0.0012548906589827102,False
final_input_token_layerwise,undisclosed,k3,target_time_slope,4,100.0,-0.0005896663565586324,False
final_input_token_layerwise,undisclosed,k3,target_time_slope,5,100.0,-0.00022703359448209004,False
final_input_token_layerwise,undisclosed,k3,target_time_slope,6,100.0,-0.0005731852439430918,False
final_input_token_layerwise,undisclosed,k3,target_time_slope,7,100.0,-0.0005304171468760444,False
final_input_token_layerwise,undisclosed,k3,target_time_slope,8,100.0,-0.0008618035025498572,False
final_input_token_layerwise,undisclosed,k3,target_time_slope,9,100.0,-0.0008969039631449571,False
final_input_token_layerwise,undisclosed,k3,target_time_slope,10,100.0,-0.0009579865301502788,False
final_input_token_layerwise,undisclosed,k3,target_time_slope,11,100.0,-0.0006352714696125916,False
final_input_token_layerwise,undisclosed,k3,target_time_slope,12,100.0,-0.0001016385256831509,False
final_input_token_layerwise,undisclosed,k3,target_time_slope,13,100.0,0.00023349330543812052,False
final_input_token_layerwise,undisclosed,k3,target_time_slope,14,3.0,0.0028776669471943794,False
final_input_token_layerwise,undisclosed,k3,target_time_slope,15,3.0,0.007645450744435234,False
final_input_token_layerwise,undisclosed,k3,target_time_slope,16,3.0,0.0055305269168458016,False
final_input_token_layerwise,undisclosed,k3,target_time_slope,17,3.0,0.010755982538970837,True
final_input_token_layerwise,undisclosed,k3,target_time_slope,18,3.0,0.003451673028288138,False
final_input_token_layerwise,undisclosed,k3,target_time_slope,19,3.0,0.0010993739803753233,False
final_input_token_layerwise,undisclosed,k3,target_time_slope,20,100.0,0.0005340086436953495,False
final_input_token_layerwise,undisclosed,k3,target_time_slope,21,3.0,0.00602916414008553,False
final_input_token_layerwise,undisclosed,k3,target_time_slope,22,100.0,0.0011361129397216563,False
final_input_token_layerwise,undisclosed,k3,target_time_slope,23,100.0,0.0012397310775972004,False
final_input_token_layerwise,undisclosed,k3,target_time_slope,24,100.0,0.001488668223188272,False
final_input_token_layerwise,undisclosed,k3,target_time_slope,25,100.0,0.0010987581740186103,False
final_input_token_layerwise,undisclosed,k3,target_time_slope,26,100.0,0.001067616632156182,False
final_input_token_layerwise,undisclosed,k3,target_time_slope,27,100.0,0.0008867299092417957,False
final_input_token_layerwise,undisclosed,k3,target_time_slope,28,100.0,0.0006598560898691541,False
final_input_token_layerwise,undisclosed,k3,target_time_slope,29,100.0,0.000721795453756946,False
final_input_token_layerwise,undisclosed,k3,target_time_slope,30,100.0,0.0004294531451231598,False
final_input_token_layerwise,undisclosed,k3,target_time_slope,31,100.0,0.0007866800077647729,False
final_input_token_layerwise,undisclosed,k3,target_time_slope,32,100.0,0.0010486088450568087,False
final_input_token_layerwise,undisclosed,k3,target_time_slope,33,100.0,0.0010769907253491418,False
final_input_token_layerwise,undisclosed,k3,target_time_slope,34,100.0,0.0009550657477703783,False
final_input_token_layerwise,undisclosed,k3,target_time_slope,35,100.0,0.0008576285237869297,False
final_input_token_layerwise,undisclosed,k3,target_time_slope,36,100.0,0.0006104317191242825,False
final_input_token_layerwise,undisclosed,k3,displayed_driver_outcome_slope,0,0.0001,5.551115123125783e-17,False
final_input_token_layerwise,undisclosed,k3,displayed_driver_outcome_slope,1,100.0,0.0005359377916193675,False
final_input_token_layerwise,undisclosed,k3,displayed_driver_outcome_slope,2,3.0,0.04974467015462081,True
final_input_token_layerwise,undisclosed,k3,displayed_driver_outcome_slope,3,3.0,0.04444530516927192,False
final_input_token_layerwise,undisclosed,k3,displayed_driver_outcome_slope,4,3.0,0.03531359126894454,False
final_input_token_layerwise,undisclosed,k3,displayed_driver_outcome_slope,5,3.0,0.039879141690867675,False
final_input_token_layerwise,undisclosed,k3,displayed_driver_outcome_slope,6,3.0,0.03337143602339676,False
final_input_token_layerwise,undisclosed,k3,displayed_driver_outcome_slope,7,3.0,0.030480666469443224,False
final_input_token_layerwise,undisclosed,k3,displayed_driver_outcome_slope,8,3.0,0.02718615986018494,False
final_input_token_layerwise,undisclosed,k3,displayed_driver_outcome_slope,9,3.0,0.018565334773373826,False
final_input_token_layerwise,undisclosed,k3,displayed_driver_outcome_slope,10,3.0,0.011521996482264985,False
final_input_token_layerwise,undisclosed,k3,displayed_driver_outcome_slope,11,3.0,0.012280256366442976,False
final_input_token_layerwise,undisclosed,k3,displayed_driver_outcome_slope,12,3.0,0.017405208149060325,False
final_input_token_layerwise,undisclosed,k3,displayed_driver_outcome_slope,13,3.0,0.017412315285605023,False
final_input_token_layerwise,undisclosed,k3,displayed_driver_outcome_slope,14,3.0,0.023466363482018915,False
final_input_token_layerwise,undisclosed,k3,displayed_driver_outcome_slope,15,3.0,0.021611877433036553,False
final_input_token_layerwise,undisclosed,k3,displayed_driver_outcome_slope,16,3.0,0.01456893148212729,False
final_input_token_layerwise,undisclosed,k3,displayed_driver_outcome_slope,17,3.0,0.028245540054674417,False
final_input_token_layerwise,undisclosed,k3,displayed_driver_outcome_slope,18,3.0,0.02109244634596133,False
final_input_token_layerwise,undisclosed,k3,displayed_driver_outcome_slope,19,3.0,0.018242168098282663,False
final_input_token_layerwise,undisclosed,k3,displayed_driver_outcome_slope,20,3.0,0.015603551752623485,False
final_input_token_layerwise,undisclosed,k3,displayed_driver_outcome_slope,21,3.0,0.013145711342174127,False
final_input_token_layerwise,undisclosed,k3,displayed_driver_outcome_slope,22,3.0,0.009287479809276245,False
final_input_token_layerwise,undisclosed,k3,displayed_driver_outcome_slope,23,3.0,0.008829217237464132,False
final_input_token_layerwise,undisclosed,k3,displayed_driver_outcome_slope,24,3.0,0.006445309305360997,False
final_input_token_layerwise,undisclosed,k3,displayed_driver_outcome_slope,25,100.0,-0.0003288668878986545,False
final_input_token_layerwise,undisclosed,k3,displayed_driver_outcome_slope,26,3.0,0.001897453746304345,False
final_input_token_layerwise,undisclosed,k3,displayed_driver_outcome_slope,27,100.0,-0.00045506883952020627,False
final_input_token_layerwise,undisclosed,k3,displayed_driver_outcome_slope,28,100.0,-0.0007181625616783927,False
final_input_token_layerwise,undisclosed,k3,displayed_driver_outcome_slope,29,100.0,-0.0008176099639094769,False
final_input_token_layerwise,undisclosed,k3,displayed_driver_outcome_slope,30,100.0,-0.0009373400354892314,False
final_input_token_layerwise,undisclosed,k3,displayed_driver_outcome_slope,31,100.0,-0.0010887846613744645,False
final_input_token_layerwise,undisclosed,k3,displayed_driver_outcome_slope,32,100.0,-0.0010490193782422275,False
final_input_token_layerwise,undisclosed,k3,displayed_driver_outcome_slope,33,100.0,-0.0009570261173629524,False
final_input_token_layerwise,undisclosed,k3,displayed_driver_outcome_slope,34,100.0,-0.0008363977625311103,False
final_input_token_layerwise,undisclosed,k3,displayed_driver_outcome_slope,35,100.0,-0.0007238936270911323,False
final_input_token_layerwise,undisclosed,k3,displayed_driver_outcome_slope,36,100.0,-0.0008601169745461601,False
final_input_token_layerwise,undisclosed,k3,oracle_posterior_gain,0,0.0001,2.7755575615628914e-17,False
final_input_token_layerwise,undisclosed,k3,oracle_posterior_gain,1,100.0,-0.0024885028515939656,False
final_input_token_layerwise,undisclosed,k3,oracle_posterior_gain,2,100.0,-0.002490142466992362,False
final_input_token_layerwise,undisclosed,k3,oracle_posterior_gain,3,100.0,-0.0020656967232690338,False
final_input_token_layerwise,undisclosed,k3,oracle_posterior_gain,4,100.0,-0.0019800991635411935,False
final_input_token_layerwise,undisclosed,k3,oracle_posterior_gain,5,100.0,-0.0016917812176915625,False
final_input_token_layerwise,undisclosed,k3,oracle_posterior_gain,6,100.0,-0.001585664961693517,False
final_input_token_layerwise,undisclosed,k3,oracle_posterior_gain,7,100.0,-0.0018263431247132478,False
final_input_token_layerwise,undisclosed,k3,oracle_posterior_gain,8,100.0,-0.00181390940847026,False
final_input_token_layerwise,undisclosed,k3,oracle_posterior_gain,9,100.0,-0.0015826132071071752,False
final_input_token_layerwise,undisclosed,k3,oracle_posterior_gain,10,100.0,-0.0016831896616760211,False
final_input_token_layerwise,undisclosed,k3,oracle_posterior_gain,11,100.0,-0.0017507456901384444,False
final_input_token_layerwise,undisclosed,k3,oracle_posterior_gain,12,100.0,-0.0018618682585463953,False
final_input_token_layerwise,undisclosed,k3,oracle_posterior_gain,13,100.0,-0.001676044594861481,False
final_input_token_layerwise,undisclosed,k3,oracle_posterior_gain,14,100.0,-0.0012422179990643212,False
final_input_token_layerwise,undisclosed,k3,oracle_posterior_gain,15,100.0,-0.0010997701352540856,False
final_input_token_layerwise,undisclosed,k3,oracle_posterior_gain,16,100.0,-0.0008417726303404927,False
final_input_token_layerwise,undisclosed,k3,oracle_posterior_gain,17,100.0,-0.0005787451453587722,False
final_input_token_layerwise,undisclosed,k3,oracle_posterior_gain,18,100.0,-0.0004407546428896181,False
final_input_token_layerwise,undisclosed,k3,oracle_posterior_gain,19,100.0,-0.0007494942257769421,False
final_input_token_layerwise,undisclosed,k3,oracle_posterior_gain,20,100.0,-0.0006252504290486238,False
final_input_token_layerwise,undisclosed,k3,oracle_posterior_gain,21,100.0,-0.0009685561696899936,False
final_input_token_layerwise,undisclosed,k3,oracle_posterior_gain,22,100.0,-0.0012948207497128217,False
final_input_token_layerwise,undisclosed,k3,oracle_posterior_gain,23,100.0,-0.0013153485870603665,False
final_input_token_layerwise,undisclosed,k3,oracle_posterior_gain,24,100.0,-0.001165120709913453,False
final_input_token_layerwise,undisclosed,k3,oracle_posterior_gain,25,100.0,-0.0010083422268387932,False
final_input_token_layerwise,undisclosed,k3,oracle_posterior_gain,26,100.0,-0.00034828671787295873,False
final_input_token_layerwise,undisclosed,k3,oracle_posterior_gain,27,100.0,0.0004087396544802391,False
final_input_token_layerwise,undisclosed,k3,oracle_posterior_gain,28,3.0,0.006397465306079569,False
final_input_token_layerwise,undisclosed,k3,oracle_posterior_gain,29,3.0,0.005454338856709096,False
final_input_token_layerwise,undisclosed,k3,oracle_posterior_gain,30,3.0,0.01573171360787684,True
final_input_token_layerwise,undisclosed,k3,oracle_posterior_gain,31,3.0,0.010505341216802827,False
final_input_token_layerwise,undisclosed,k3,oracle_posterior_gain,32,3.0,0.006391934267719085,False
final_input_token_layerwise,undisclosed,k3,oracle_posterior_gain,33,3.0,0.007151272361948513,False
final_input_token_layerwise,undisclosed,k3,oracle_posterior_gain,34,3.0,0.004678015909962391,False
final_input_token_layerwise,undisclosed,k3,oracle_posterior_gain,35,3.0,0.006340905742175829,False
final_input_token_layerwise,undisclosed,k3,oracle_posterior_gain,36,3.0,0.01012396456157233,False
final_input_token_layerwise,undisclosed,k6,gain,0,0.0001,0.0,False
final_input_token_layerwise,undisclosed,k6,gain,1,3.0,0.002555241379918166,True
final_input_token_layerwise,undisclosed,k6,gain,2,100.0,-0.0009106758140684235,False
final_input_token_layerwise,undisclosed,k6,gain,3,100.0,-0.0009287587899170224,False
final_input_token_layerwise,undisclosed,k6,gain,4,100.0,-0.0005819304135284697,False
final_input_token_layerwise,undisclosed,k6,gain,5,100.0,-0.0003550049442739289,False
final_input_token_layerwise,undisclosed,k6,gain,6,100.0,-0.00019745042269878055,False
final_input_token_layerwise,undisclosed,k6,gain,7,100.0,-0.00021649856943833923,False
final_input_token_layerwise,undisclosed,k6,gain,8,100.0,-0.0003824647120528324,False
final_input_token_layerwise,undisclosed,k6,gain,9,100.0,-0.0003040384180426625,False
final_input_token_layerwise,undisclosed,k6,gain,10,100.0,-0.0002446062693875206,False
final_input_token_layerwise,undisclosed,k6,gain,11,100.0,-8.439583529559758e-05,False
final_input_token_layerwise,undisclosed,k6,gain,12,100.0,0.0002147249311638122,False
final_input_token_layerwise,undisclosed,k6,gain,13,100.0,0.00014958819019134095,False
final_input_token_layerwise,undisclosed,k6,gain,14,100.0,0.00025993925327313927,False
final_input_token_layerwise,undisclosed,k6,gain,15,100.0,3.75325325822351e-05,False
final_input_token_layerwise,undisclosed,k6,gain,16,100.0,5.1575217393684536e-05,False
final_input_token_layerwise,undisclosed,k6,gain,17,100.0,8.442052164245317e-05,False
final_input_token_layerwise,undisclosed,k6,gain,18,100.0,4.426779896887778e-05,False
final_input_token_layerwise,undisclosed,k6,gain,19,100.0,0.00024618238533338777,False
final_input_token_layerwise,undisclosed,k6,gain,20,100.0,-3.917094083827344e-05,False
final_input_token_layerwise,undisclosed,k6,gain,21,100.0,-0.00013075009877522303,False
final_input_token_layerwise,undisclosed,k6,gain,22,100.0,-0.0005293893774787339,False
final_input_token_layerwise,undisclosed,k6,gain,23,100.0,-0.00020760105743608537,False
final_input_token_layerwise,undisclosed,k6,gain,24,100.0,-0.0004022914826824209,False
final_input_token_layerwise,undisclosed,k6,gain,25,100.0,-0.0008732738442162602,False
final_input_token_layerwise,undisclosed,k6,gain,26,100.0,-0.0006753385251465349,False
final_input_token_layerwise,undisclosed,k6,gain,27,100.0,-0.000673658347063788,False
final_input_token_layerwise,undisclosed,k6,gain,28,100.0,-0.0005833677923899327,False
final_input_token_layerwise,undisclosed,k6,gain,29,100.0,-0.0005887134698791541,False
final_input_token_layerwise,undisclosed,k6,gain,30,100.0,-0.000806322531545528,False
final_input_token_layerwise,undisclosed,k6,gain,31,100.0,-0.0005757341927174753,False
final_input_token_layerwise,undisclosed,k6,gain,32,100.0,-0.0006857633437922783,False
final_input_token_layerwise,undisclosed,k6,gain,33,100.0,-0.00098010077569477,False
final_input_token_layerwise,undisclosed,k6,gain,34,100.0,-0.0007355197206460329,False
final_input_token_layerwise,undisclosed,k6,gain,35,100.0,-0.00048764171677051493,False
final_input_token_layerwise,undisclosed,k6,gain,36,100.0,-0.0005522879106077683,False
final_input_token_layerwise,undisclosed,k6,response_residual,0,0.0001,-2.7755575615628914e-17,False
final_input_token_layerwise,undisclosed,k6,response_residual,1,3.0,0.003359855915100296,True
final_input_token_layerwise,undisclosed,k6,response_residual,2,100.0,-0.0008263202957062565,False
final_input_token_layerwise,undisclosed,k6,response_residual,3,100.0,-0.0009721825465466294,False
final_input_token_layerwise,undisclosed,k6,response_residual,4,100.0,-0.0008087633623982404,False
final_input_token_layerwise,undisclosed,k6,response_residual,5,100.0,-0.0009636429637603916,False
final_input_token_layerwise,undisclosed,k6,response_residual,6,100.0,-0.0009022566558260503,False
final_input_token_layerwise,undisclosed,k6,response_residual,7,100.0,-0.0008082539715264236,False
final_input_token_layerwise,undisclosed,k6,response_residual,8,100.0,-0.000763082786099406,False
final_input_token_layerwise,undisclosed,k6,response_residual,9,100.0,-0.0004901416112952361,False
final_input_token_layerwise,undisclosed,k6,response_residual,10,100.0,-0.0005580724574903162,False
final_input_token_layerwise,undisclosed,k6,response_residual,11,100.0,-0.00045314548577155,False
final_input_token_layerwise,undisclosed,k6,response_residual,12,100.0,-0.0001660668969280521,False
final_input_token_layerwise,undisclosed,k6,response_residual,13,100.0,-0.00020076908483082634,False
final_input_token_layerwise,undisclosed,k6,response_residual,14,100.0,0.00011548540547121067,False
final_input_token_layerwise,undisclosed,k6,response_residual,15,100.0,-0.00017084467922554025,False
final_input_token_layerwise,undisclosed,k6,response_residual,16,100.0,-0.00022180464518994913,False
final_input_token_layerwise,undisclosed,k6,response_residual,17,100.0,-0.0002845427128001232,False
final_input_token_layerwise,undisclosed,k6,response_residual,18,100.0,-0.0004758436635849128,False
final_input_token_layerwise,undisclosed,k6,response_residual,19,100.0,-0.0003995743501736537,False
final_input_token_layerwise,undisclosed,k6,response_residual,20,100.0,-0.0005213945983942314,False
final_input_token_layerwise,undisclosed,k6,response_residual,21,100.0,-0.0005762818266167036,False
final_input_token_layerwise,undisclosed,k6,response_residual,22,100.0,-0.0006731098630188281,False
final_input_token_layerwise,undisclosed,k6,response_residual,23,100.0,-0.0002416395718304043,False
final_input_token_layerwise,undisclosed,k6,response_residual,24,100.0,-0.00034320871746879034,False
final_input_token_layerwise,undisclosed,k6,response_residual,25,100.0,-0.0005026616184825028,False
final_input_token_layerwise,undisclosed,k6,response_residual,26,100.0,-0.00028567223937442376,False
final_input_token_layerwise,undisclosed,k6,response_residual,27,100.0,-0.00036562375292420457,False
final_input_token_layerwise,undisclosed,k6,response_residual,28,100.0,-0.00029196517117377474,False
final_input_token_layerwise,undisclosed,k6,response_residual,29,100.0,-0.00028335977838955806,False
final_input_token_layerwise,undisclosed,k6,response_residual,30,100.0,-0.00043135615488706924,False
final_input_token_layerwise,undisclosed,k6,response_residual,31,100.0,-0.0004329106989835463,False
final_input_token_layerwise,undisclosed,k6,response_residual,32,100.0,-0.0005668403578891756,False
final_input_token_layerwise,undisclosed,k6,response_residual,33,100.0,-0.0008936672012394564,False
final_input_token_layerwise,undisclosed,k6,response_residual,34,100.0,-0.0007837541978440166,False
final_input_token_layerwise,undisclosed,k6,response_residual,35,100.0,-0.0007281569454780645,False
final_input_token_layerwise,undisclosed,k6,response_residual,36,100.0,-0.0008120317650975317,False
final_input_token_layerwise,undisclosed,k6,last_target_observation,0,0.0001,-2.7755575615628914e-17,False
final_input_token_layerwise,undisclosed,k6,last_target_observation,1,100.0,-0.001712540455216266,False
final_input_token_layerwise,undisclosed,k6,last_target_observation,2,100.0,-4.737032420820686e-06,False
final_input_token_layerwise,undisclosed,k6,last_target_observation,3,100.0,7.276198549524548e-05,False
final_input_token_layerwise,undisclosed,k6,last_target_observation,4,100.0,-0.00019826897651359365,False
final_input_token_layerwise,undisclosed,k6,last_target_observation,5,100.0,-0.000278239618531434,False
final_input_token_layerwise,undisclosed,k6,last_target_observation,6,100.0,-0.00031033711416381116,False
final_input_token_layerwise,undisclosed,k6,last_target_observation,7,100.0,-0.0004209007914742491,False
final_input_token_layerwise,undisclosed,k6,last_target_observation,8,100.0,-0.00028003934054496304,False
final_input_token_layerwise,undisclosed,k6,last_target_observation,9,100.0,-0.0005450799856088484,False
final_input_token_layerwise,undisclosed,k6,last_target_observation,10,100.0,-0.0003436501023889593,False
final_input_token_layerwise,undisclosed,k6,last_target_observation,11,100.0,-0.00040333867746844554,False
final_input_token_layerwise,undisclosed,k6,last_target_observation,12,100.0,-0.00041281538516793614,False
final_input_token_layerwise,undisclosed,k6,last_target_observation,13,100.0,-0.00026503811497782803,False
final_input_token_layerwise,undisclosed,k6,last_target_observation,14,100.0,-0.00027410327661911427,False
final_input_token_layerwise,undisclosed,k6,last_target_observation,15,100.0,-0.0004769680437122503,False
final_input_token_layerwise,undisclosed,k6,last_target_observation,16,100.0,-0.00044580221815521126,False
final_input_token_layerwise,undisclosed,k6,last_target_observation,17,100.0,-0.0008160982551102813,False
final_input_token_layerwise,undisclosed,k6,last_target_observation,18,100.0,-0.0008374946333622457,False
final_input_token_layerwise,undisclosed,k6,last_target_observation,19,100.0,-0.0005130108251184817,False
final_input_token_layerwise,undisclosed,k6,last_target_observation,20,100.0,-0.0006640254590765393,False
final_input_token_layerwise,undisclosed,k6,last_target_observation,21,100.0,-0.00032061916339864993,False
final_input_token_layerwise,undisclosed,k6,last_target_observation,22,100.0,-0.0006018687725591887,False
final_input_token_layerwise,undisclosed,k6,last_target_observation,23,100.0,-0.0006343580043561836,False
final_input_token_layerwise,undisclosed,k6,last_target_observation,24,100.0,-0.0005752314564052563,False
final_input_token_layerwise,undisclosed,k6,last_target_observation,25,100.0,-0.0009946025128590996,False
final_input_token_layerwise,undisclosed,k6,last_target_observation,26,100.0,-0.0006930129227820658,False
final_input_token_layerwise,undisclosed,k6,last_target_observation,27,100.0,-0.0009776925755067,False
final_input_token_layerwise,undisclosed,k6,last_target_observation,28,100.0,-0.0008307565903570291,False
final_input_token_layerwise,undisclosed,k6,last_target_observation,29,100.0,-0.000814474969603185,False
final_input_token_layerwise,undisclosed,k6,last_target_observation,30,100.0,-0.00010850207736681772,False
final_input_token_layerwise,undisclosed,k6,last_target_observation,31,100.0,-0.0005247879259520638,False
final_input_token_layerwise,undisclosed,k6,last_target_observation,32,100.0,-0.00036759271321021303,False
final_input_token_layerwise,undisclosed,k6,last_target_observation,33,100.0,0.0005149866648907764,False
final_input_token_layerwise,undisclosed,k6,last_target_observation,34,3.0,0.0018632405077824432,False
final_input_token_layerwise,undisclosed,k6,last_target_observation,35,3.0,0.008956233192044888,False
final_input_token_layerwise,undisclosed,k6,last_target_observation,36,3.0,0.00921033079178224,True
final_input_token_layerwise,undisclosed,k6,target_observation_mean,0,0.0001,2.7755575615628914e-17,False
final_input_token_layerwise,undisclosed,k6,target_observation_mean,1,3.0,0.003785367624154823,False
final_input_token_layerwise,undisclosed,k6,target_observation_mean,2,3.0,0.01044514987715564,False
final_input_token_layerwise,undisclosed,k6,target_observation_mean,3,100.0,0.0006457714689780125,False
final_input_token_layerwise,undisclosed,k6,target_observation_mean,4,100.0,0.0007339744354511457,False
final_input_token_layerwise,undisclosed,k6,target_observation_mean,5,3.0,0.01630805211174996,False
final_input_token_layerwise,undisclosed,k6,target_observation_mean,6,3.0,0.003670099388581455,False
final_input_token_layerwise,undisclosed,k6,target_observation_mean,7,3.0,0.005937237985824573,False
final_input_token_layerwise,undisclosed,k6,target_observation_mean,8,3.0,0.018889653316161603,False
final_input_token_layerwise,undisclosed,k6,target_observation_mean,9,3.0,0.013613497854658152,False
final_input_token_layerwise,undisclosed,k6,target_observation_mean,10,3.0,0.013682039636785936,False
final_input_token_layerwise,undisclosed,k6,target_observation_mean,11,3.0,0.012859811552043632,False
final_input_token_layerwise,undisclosed,k6,target_observation_mean,12,3.0,0.013754208891368525,False
final_input_token_layerwise,undisclosed,k6,target_observation_mean,13,3.0,0.016850206700967124,False
final_input_token_layerwise,undisclosed,k6,target_observation_mean,14,3.0,0.009445271521466098,False
final_input_token_layerwise,undisclosed,k6,target_observation_mean,15,3.0,0.02017390596102217,False
final_input_token_layerwise,undisclosed,k6,target_observation_mean,16,3.0,0.014898650954970283,False
final_input_token_layerwise,undisclosed,k6,target_observation_mean,17,3.0,0.006541358763891586,False
final_input_token_layerwise,undisclosed,k6,target_observation_mean,18,100.0,-0.00048242862181435697,False
final_input_token_layerwise,undisclosed,k6,target_observation_mean,19,100.0,-0.000615672982960086,False
final_input_token_layerwise,undisclosed,k6,target_observation_mean,20,100.0,-0.0004772880124175871,False
final_input_token_layerwise,undisclosed,k6,target_observation_mean,21,100.0,-0.0001950620470761999,False
final_input_token_layerwise,undisclosed,k6,target_observation_mean,22,100.0,-0.00021602344153587305,False
final_input_token_layerwise,undisclosed,k6,target_observation_mean,23,3.0,0.0135651636268799,False
final_input_token_layerwise,undisclosed,k6,target_observation_mean,24,3.0,0.007416963729208359,False
final_input_token_layerwise,undisclosed,k6,target_observation_mean,25,3.0,-0.00029248467643383513,False
final_input_token_layerwise,undisclosed,k6,target_observation_mean,26,3.0,0.005008771984427229,False
final_input_token_layerwise,undisclosed,k6,target_observation_mean,27,3.0,0.0252371868552764,False
final_input_token_layerwise,undisclosed,k6,target_observation_mean,28,3.0,0.02662142311635715,False
final_input_token_layerwise,undisclosed,k6,target_observation_mean,29,3.0,0.026672791229956472,True
final_input_token_layerwise,undisclosed,k6,target_observation_mean,30,3.0,0.017660093850562997,False
final_input_token_layerwise,undisclosed,k6,target_observation_mean,31,3.0,0.010848942793414584,False
final_input_token_layerwise,undisclosed,k6,target_observation_mean,32,3.0,0.005494905855418009,False
final_input_token_layerwise,undisclosed,k6,target_observation_mean,33,3.0,0.006895009549749781,False
final_input_token_layerwise,undisclosed,k6,target_observation_mean,34,3.0,0.006261368550977059,False
final_input_token_layerwise,undisclosed,k6,target_observation_mean,35,3.0,0.00469979372786028,False
final_input_token_layerwise,undisclosed,k6,target_observation_mean,36,3.0,0.012109524317625242,False
final_input_token_layerwise,undisclosed,k6,target_time_slope,0,0.0001,0.0,False
final_input_token_layerwise,undisclosed,k6,target_time_slope,1,100.0,-0.0009703648647116925,False
final_input_token_layerwise,undisclosed,k6,target_time_slope,2,100.0,-0.002092027037695454,False
final_input_token_layerwise,undisclosed,k6,target_time_slope,3,100.0,-0.0018822856132010013,False
final_input_token_layerwise,undisclosed,k6,target_time_slope,4,100.0,-0.0019235784311021353,False
final_input_token_layerwise,undisclosed,k6,target_time_slope,5,100.0,-0.0014044803220666924,False
final_input_token_layerwise,undisclosed,k6,target_time_slope,6,100.0,-0.0014765685793082794,False
final_input_token_layerwise,undisclosed,k6,target_time_slope,7,100.0,-0.00115171078283402,False
final_input_token_layerwise,undisclosed,k6,target_time_slope,8,100.0,-0.0008700036579178394,False
final_input_token_layerwise,undisclosed,k6,target_time_slope,9,100.0,-0.0012797022753422427,False
final_input_token_layerwise,undisclosed,k6,target_time_slope,10,100.0,-0.001115477157714817,False
final_input_token_layerwise,undisclosed,k6,target_time_slope,11,100.0,-0.0011238623081950005,False
final_input_token_layerwise,undisclosed,k6,target_time_slope,12,100.0,-0.0011125108640894776,False
final_input_token_layerwise,undisclosed,k6,target_time_slope,13,100.0,-0.0006275800720796088,False
final_input_token_layerwise,undisclosed,k6,target_time_slope,14,100.0,-0.0004083936528046228,False
final_input_token_layerwise,undisclosed,k6,target_time_slope,15,100.0,0.00014999288763117846,False
final_input_token_layerwise,undisclosed,k6,target_time_slope,16,100.0,0.0005272777310903753,False
final_input_token_layerwise,undisclosed,k6,target_time_slope,17,100.0,0.00025977875101287906,False
final_input_token_layerwise,undisclosed,k6,target_time_slope,18,100.0,-0.00013034831366642852,False
final_input_token_layerwise,undisclosed,k6,target_time_slope,19,100.0,-0.00046318912522452793,False
final_input_token_layerwise,undisclosed,k6,target_time_slope,20,100.0,-0.0006781182114238005,False
final_input_token_layerwise,undisclosed,k6,target_time_slope,21,100.0,-0.0005993936836155012,False
final_input_token_layerwise,undisclosed,k6,target_time_slope,22,100.0,-0.0008939792986948358,False
final_input_token_layerwise,undisclosed,k6,target_time_slope,23,100.0,-0.0009486919918619552,False
final_input_token_layerwise,undisclosed,k6,target_time_slope,24,100.0,-0.0007215864993806442,False
final_input_token_layerwise,undisclosed,k6,target_time_slope,25,100.0,-0.0004930257658866122,False
final_input_token_layerwise,undisclosed,k6,target_time_slope,26,100.0,-0.0002851159006336812,False
final_input_token_layerwise,undisclosed,k6,target_time_slope,27,100.0,-0.0005615570386784396,False
final_input_token_layerwise,undisclosed,k6,target_time_slope,28,100.0,-0.0006168200036266724,False
final_input_token_layerwise,undisclosed,k6,target_time_slope,29,100.0,-0.0005678437893069377,False
final_input_token_layerwise,undisclosed,k6,target_time_slope,30,100.0,0.0007427043359761742,False
final_input_token_layerwise,undisclosed,k6,target_time_slope,31,100.0,0.00045940397587848625,False
final_input_token_layerwise,undisclosed,k6,target_time_slope,32,3.0,0.0019667534418186527,False
final_input_token_layerwise,undisclosed,k6,target_time_slope,33,3.0,0.014763339727231761,False
final_input_token_layerwise,undisclosed,k6,target_time_slope,34,3.0,0.014413394056645518,False
final_input_token_layerwise,undisclosed,k6,target_time_slope,35,3.0,0.020361663442243327,True
final_input_token_layerwise,undisclosed,k6,target_time_slope,36,3.0,0.010117510652286138,False
final_input_token_layerwise,undisclosed,k6,displayed_driver_outcome_slope,0,0.0001,-5.551115123125783e-17,False
final_input_token_layerwise,undisclosed,k6,displayed_driver_outcome_slope,1,100.0,-0.0013878025016751672,False
final_input_token_layerwise,undisclosed,k6,displayed_driver_outcome_slope,2,100.0,-0.00045680292030991776,False
final_input_token_layerwise,undisclosed,k6,displayed_driver_outcome_slope,3,100.0,1.4752392985040164e-05,False
final_input_token_layerwise,undisclosed,k6,displayed_driver_outcome_slope,4,100.0,-0.0002967374741801587,False
final_input_token_layerwise,undisclosed,k6,displayed_driver_outcome_slope,5,3.0,0.00785653798954622,False
final_input_token_layerwise,undisclosed,k6,displayed_driver_outcome_slope,6,3.0,0.0024998560805210845,False
final_input_token_layerwise,undisclosed,k6,displayed_driver_outcome_slope,7,3.0,0.00802507264314109,False
final_input_token_layerwise,undisclosed,k6,displayed_driver_outcome_slope,8,3.0,0.027966228402232035,False
final_input_token_layerwise,undisclosed,k6,displayed_driver_outcome_slope,9,3.0,0.017221855285388554,False
final_input_token_layerwise,undisclosed,k6,displayed_driver_outcome_slope,10,3.0,0.007378798559568522,False
final_input_token_layerwise,undisclosed,k6,displayed_driver_outcome_slope,11,3.0,0.011500231978630732,False
final_input_token_layerwise,undisclosed,k6,displayed_driver_outcome_slope,12,3.0,0.015589567156908651,False
final_input_token_layerwise,undisclosed,k6,displayed_driver_outcome_slope,13,3.0,0.009004179242344063,False
final_input_token_layerwise,undisclosed,k6,displayed_driver_outcome_slope,14,3.0,0.0020799829352212973,False
final_input_token_layerwise,undisclosed,k6,displayed_driver_outcome_slope,15,3.0,0.004612589787823751,False
final_input_token_layerwise,undisclosed,k6,displayed_driver_outcome_slope,16,3.0,0.006227587808629864,False
final_input_token_layerwise,undisclosed,k6,displayed_driver_outcome_slope,17,3.0,0.01378378776259312,False
final_input_token_layerwise,undisclosed,k6,displayed_driver_outcome_slope,18,3.0,0.008293695912023197,False
final_input_token_layerwise,undisclosed,k6,displayed_driver_outcome_slope,19,3.0,0.02113390666921358,False
final_input_token_layerwise,undisclosed,k6,displayed_driver_outcome_slope,20,3.0,0.025660662616571017,False
final_input_token_layerwise,undisclosed,k6,displayed_driver_outcome_slope,21,3.0,0.030664247919043208,False
final_input_token_layerwise,undisclosed,k6,displayed_driver_outcome_slope,22,3.0,0.040066552994463295,False
final_input_token_layerwise,undisclosed,k6,displayed_driver_outcome_slope,23,3.0,0.04231922818536732,False
final_input_token_layerwise,undisclosed,k6,displayed_driver_outcome_slope,24,3.0,0.04337852783178858,False
final_input_token_layerwise,undisclosed,k6,displayed_driver_outcome_slope,25,3.0,0.037238467603222386,False
final_input_token_layerwise,undisclosed,k6,displayed_driver_outcome_slope,26,3.0,0.04030826505203286,False
final_input_token_layerwise,undisclosed,k6,displayed_driver_outcome_slope,27,3.0,0.04240441781983645,False
final_input_token_layerwise,undisclosed,k6,displayed_driver_outcome_slope,28,3.0,0.04511837703408178,False
final_input_token_layerwise,undisclosed,k6,displayed_driver_outcome_slope,29,3.0,0.05246744170926282,False
final_input_token_layerwise,undisclosed,k6,displayed_driver_outcome_slope,30,3.0,0.05834577768413218,False
final_input_token_layerwise,undisclosed,k6,displayed_driver_outcome_slope,31,3.0,0.06257847714756748,False
final_input_token_layerwise,undisclosed,k6,displayed_driver_outcome_slope,32,3.0,0.05980207745668484,False
final_input_token_layerwise,undisclosed,k6,displayed_driver_outcome_slope,33,3.0,0.06288226231825578,False
final_input_token_layerwise,undisclosed,k6,displayed_driver_outcome_slope,34,3.0,0.07069327971887385,True
final_input_token_layerwise,undisclosed,k6,displayed_driver_outcome_slope,35,3.0,0.06609735242114026,False
final_input_token_layerwise,undisclosed,k6,displayed_driver_outcome_slope,36,3.0,0.06100192368935972,False
final_input_token_layerwise,undisclosed,k6,oracle_posterior_gain,0,0.0001,-5.551115123125783e-17,False
final_input_token_layerwise,undisclosed,k6,oracle_posterior_gain,1,100.0,-0.0006858300390384375,False
final_input_token_layerwise,undisclosed,k6,oracle_posterior_gain,2,100.0,-0.0004046242672934297,False
final_input_token_layerwise,undisclosed,k6,oracle_posterior_gain,3,100.0,-0.00031400637038497825,False
final_input_token_layerwise,undisclosed,k6,oracle_posterior_gain,4,100.0,0.0006358455980048361,False
final_input_token_layerwise,undisclosed,k6,oracle_posterior_gain,5,100.0,0.00019656011482349633,False
final_input_token_layerwise,undisclosed,k6,oracle_posterior_gain,6,100.0,0.00010807598153669828,False
final_input_token_layerwise,undisclosed,k6,oracle_posterior_gain,7,100.0,-3.814715959879478e-05,False
final_input_token_layerwise,undisclosed,k6,oracle_posterior_gain,8,100.0,-0.0001760653152295677,False
final_input_token_layerwise,undisclosed,k6,oracle_posterior_gain,9,100.0,0.00020885367267997612,False
final_input_token_layerwise,undisclosed,k6,oracle_posterior_gain,10,100.0,5.5912972437288655e-05,False
final_input_token_layerwise,undisclosed,k6,oracle_posterior_gain,11,100.0,0.00011012768635698666,False
final_input_token_layerwise,undisclosed,k6,oracle_posterior_gain,12,100.0,0.0005109953041583792,False
final_input_token_layerwise,undisclosed,k6,oracle_posterior_gain,13,3.0,0.002314305892785029,False
final_input_token_layerwise,undisclosed,k6,oracle_posterior_gain,14,3.0,0.006959232902309542,False
final_input_token_layerwise,undisclosed,k6,oracle_posterior_gain,15,3.0,0.002298923310430606,False
final_input_token_layerwise,undisclosed,k6,oracle_posterior_gain,16,100.0,0.000425962379385747,False
final_input_token_layerwise,undisclosed,k6,oracle_posterior_gain,17,100.0,0.00031867559370646337,False
final_input_token_layerwise,undisclosed,k6,oracle_posterior_gain,18,3.0,0.007460985227663891,False
final_input_token_layerwise,undisclosed,k6,oracle_posterior_gain,19,3.0,0.009061817916335979,True
final_input_token_layerwise,undisclosed,k6,oracle_posterior_gain,20,100.0,0.0009049250675781662,False
final_input_token_layerwise,undisclosed,k6,oracle_posterior_gain,21,100.0,0.0008782354621259536,False
final_input_token_layerwise,undisclosed,k6,oracle_posterior_gain,22,100.0,0.0005905572665938774,False
final_input_token_layerwise,undisclosed,k6,oracle_posterior_gain,23,3.0,0.002452175065199569,False
final_input_token_layerwise,undisclosed,k6,oracle_posterior_gain,24,100.0,0.0006960852239833726,False
final_input_token_layerwise,undisclosed,k6,oracle_posterior_gain,25,100.0,0.00016336299004754418,False
final_input_token_layerwise,undisclosed,k6,oracle_posterior_gain,26,100.0,7.725444223197209e-05,False
final_input_token_layerwise,undisclosed,k6,oracle_posterior_gain,27,100.0,0.00023747780981486777,False
final_input_token_layerwise,undisclosed,k6,oracle_posterior_gain,28,100.0,0.00033814592631012386,False
final_input_token_layerwise,undisclosed,k6,oracle_posterior_gain,29,100.0,0.00047114233192341315,False
final_input_token_layerwise,undisclosed,k6,oracle_posterior_gain,30,100.0,0.0004893282012050637,False
final_input_token_layerwise,undisclosed,k6,oracle_posterior_gain,31,100.0,0.0008980781768342383,False
final_input_token_layerwise,undisclosed,k6,oracle_posterior_gain,32,100.0,0.001007515325919195,False
final_input_token_layerwise,undisclosed,k6,oracle_posterior_gain,33,100.0,0.0009895334245977883,False
final_input_token_layerwise,undisclosed,k6,oracle_posterior_gain,34,100.0,0.001547337062356935,False
final_input_token_layerwise,undisclosed,k6,oracle_posterior_gain,35,100.0,0.0015352729007421517,False
final_input_token_layerwise,undisclosed,k6,oracle_posterior_gain,36,100.0,0.0016133631858813446,False
final_input_token_layerwise,undisclosed,k9,gain,0,0.0001,0.0,False
final_input_token_layerwise,undisclosed,k9,gain,1,100.0,-5.6311525994834355e-05,False
final_input_token_layerwise,undisclosed,k9,gain,2,3.0,0.005340881299087219,False
final_input_token_layerwise,undisclosed,k9,gain,3,3.0,0.006943221829513124,False
final_input_token_layerwise,undisclosed,k9,gain,4,3.0,0.006442254869741787,False
final_input_token_layerwise,undisclosed,k9,gain,5,3.0,0.0019784434130929174,False
final_input_token_layerwise,undisclosed,k9,gain,6,3.0,0.009584248312504262,False
final_input_token_layerwise,undisclosed,k9,gain,7,3.0,0.013217745695337846,True
final_input_token_layerwise,undisclosed,k9,gain,8,3.0,0.008616868873274064,False
final_input_token_layerwise,undisclosed,k9,gain,9,3.0,0.00914326182047523,False
final_input_token_layerwise,undisclosed,k9,gain,10,3.0,0.008413973702500716,False
final_input_token_layerwise,undisclosed,k9,gain,11,3.0,0.010205788027423168,False
final_input_token_layerwise,undisclosed,k9,gain,12,3.0,0.004510262965749079,False
final_input_token_layerwise,undisclosed,k9,gain,13,100.0,-2.0415461088774123e-05,False
final_input_token_layerwise,undisclosed,k9,gain,14,3.0,0.002751908299844258,False
final_input_token_layerwise,undisclosed,k9,gain,15,100.0,-0.00030624804433662667,False
final_input_token_layerwise,undisclosed,k9,gain,16,100.0,-9.77066445830288e-05,False
final_input_token_layerwise,undisclosed,k9,gain,17,100.0,-6.0104124222942756e-05,False
final_input_token_layerwise,undisclosed,k9,gain,18,100.0,9.626464133230539e-05,False
final_input_token_layerwise,undisclosed,k9,gain,19,100.0,-0.00024304312236533843,False
final_input_token_layerwise,undisclosed,k9,gain,20,100.0,3.411646009646163e-05,False
final_input_token_layerwise,undisclosed,k9,gain,21,100.0,-0.00041995032267772014,False
final_input_token_layerwise,undisclosed,k9,gain,22,100.0,-0.000434876516458238,False
final_input_token_layerwise,undisclosed,k9,gain,23,100.0,-0.0002546993712991552,False
final_input_token_layerwise,undisclosed,k9,gain,24,100.0,-0.0005025126951863634,False
final_input_token_layerwise,undisclosed,k9,gain,25,100.0,-0.00037793854793530257,False
final_input_token_layerwise,undisclosed,k9,gain,26,100.0,-0.000369234058813811,False
final_input_token_layerwise,undisclosed,k9,gain,27,100.0,-0.0003018787447610638,False
final_input_token_layerwise,undisclosed,k9,gain,28,100.0,-0.00016693521752170204,False
final_input_token_layerwise,undisclosed,k9,gain,29,100.0,-0.00017886418908827362,False
final_input_token_layerwise,undisclosed,k9,gain,30,100.0,-0.0006722795129859016,False
final_input_token_layerwise,undisclosed,k9,gain,31,100.0,-0.0002972607428316232,False
final_input_token_layerwise,undisclosed,k9,gain,32,3.0,0.003400238008440498,False
final_input_token_layerwise,undisclosed,k9,gain,33,3.0,0.003481557379139716,False
final_input_token_layerwise,undisclosed,k9,gain,34,3.0,0.0034409082001575497,False
final_input_token_layerwise,undisclosed,k9,gain,35,3.0,0.0023818108321379816,False
final_input_token_layerwise,undisclosed,k9,gain,36,3.0,0.0017553503164788875,False
final_input_token_layerwise,undisclosed,k9,response_residual,0,0.0001,-2.7755575615628914e-17,False
final_input_token_layerwise,undisclosed,k9,response_residual,1,100.0,0.00016894459084737523,False
final_input_token_layerwise,undisclosed,k9,response_residual,2,100.0,0.00020734497165020294,False
final_input_token_layerwise,undisclosed,k9,response_residual,3,100.0,0.00022730976712509454,False
final_input_token_layerwise,undisclosed,k9,response_residual,4,3.0,0.0007102463213547461,False
final_input_token_layerwise,undisclosed,k9,response_residual,5,100.0,0.00011216054134580156,False
final_input_token_layerwise,undisclosed,k9,response_residual,6,3.0,0.004068220034404824,False
final_input_token_layerwise,undisclosed,k9,response_residual,7,3.0,0.00582615910784004,True
final_input_token_layerwise,undisclosed,k9,response_residual,8,100.0,0.00036001115347683577,False
final_input_token_layerwise,undisclosed,k9,response_residual,9,100.0,0.0003062151852977757,False
final_input_token_layerwise,undisclosed,k9,response_residual,10,100.0,-4.484351657380037e-05,False
final_input_token_layerwise,undisclosed,k9,response_residual,11,100.0,6.42021728864961e-05,False
final_input_token_layerwise,undisclosed,k9,response_residual,12,100.0,-0.00024368527012383345,False
final_input_token_layerwise,undisclosed,k9,response_residual,13,100.0,-0.00041624814011920197,False
final_input_token_layerwise,undisclosed,k9,response_residual,14,100.0,-0.00027471937467252183,False
final_input_token_layerwise,undisclosed,k9,response_residual,15,100.0,-0.00043945263760872266,False
final_input_token_layerwise,undisclosed,k9,response_residual,16,100.0,-0.000334216273089577,False
final_input_token_layerwise,undisclosed,k9,response_residual,17,100.0,-0.00031331514257229576,False
final_input_token_layerwise,undisclosed,k9,response_residual,18,100.0,-0.00021460066444800585,False
final_input_token_layerwise,undisclosed,k9,response_residual,19,100.0,-0.0006479936139832942,False
final_input_token_layerwise,undisclosed,k9,response_residual,20,100.0,-0.00047647196334296704,False
final_input_token_layerwise,undisclosed,k9,response_residual,21,100.0,-0.0009913290239909889,False
final_input_token_layerwise,undisclosed,k9,response_residual,22,100.0,-0.0010511847295517074,False
final_input_token_layerwise,undisclosed,k9,response_residual,23,100.0,-0.0009038333010793764,False
final_input_token_layerwise,undisclosed,k9,response_residual,24,100.0,-0.0011437773866532497,False
final_input_token_layerwise,undisclosed,k9,response_residual,25,100.0,-0.0009496680621760845,False
final_input_token_layerwise,undisclosed,k9,response_residual,26,100.0,-0.000866695621244501,False
final_input_token_layerwise,undisclosed,k9,response_residual,27,100.0,-0.0008062041036125955,False
final_input_token_layerwise,undisclosed,k9,response_residual,28,100.0,-0.0005995581148990348,False
final_input_token_layerwise,undisclosed,k9,response_residual,29,100.0,-0.0005695569368414644,False
final_input_token_layerwise,undisclosed,k9,response_residual,30,100.0,-0.0008343780695335423,False
final_input_token_layerwise,undisclosed,k9,response_residual,31,100.0,-0.000310159194487597,False
final_input_token_layerwise,undisclosed,k9,response_residual,32,100.0,-0.0001590850928705756,False
final_input_token_layerwise,undisclosed,k9,response_residual,33,100.0,-7.092449520298971e-05,False
final_input_token_layerwise,undisclosed,k9,response_residual,34,3.0,0.001171847746568755,False
final_input_token_layerwise,undisclosed,k9,response_residual,35,3.0,0.0005169011045408345,False
final_input_token_layerwise,undisclosed,k9,response_residual,36,3.0,0.0006948032673139148,False
final_input_token_layerwise,undisclosed,k9,last_target_observation,0,0.0001,1.3877787807814457e-16,False
final_input_token_layerwise,undisclosed,k9,last_target_observation,1,100.0,-0.00020386140028152977,False
final_input_token_layerwise,undisclosed,k9,last_target_observation,2,100.0,4.9153254038203364e-05,False
final_input_token_layerwise,undisclosed,k9,last_target_observation,3,3.0,0.00978993560783703,False
final_input_token_layerwise,undisclosed,k9,last_target_observation,4,3.0,0.0043115037747987195,False
final_input_token_layerwise,undisclosed,k9,last_target_observation,5,100.0,-9.617911128764756e-05,False
final_input_token_layerwise,undisclosed,k9,last_target_observation,6,100.0,-6.956888312401044e-05,False
final_input_token_layerwise,undisclosed,k9,last_target_observation,7,100.0,-0.0003585493731958489,False
final_input_token_layerwise,undisclosed,k9,last_target_observation,8,100.0,-0.0006166267532921044,False
final_input_token_layerwise,undisclosed,k9,last_target_observation,9,100.0,-0.00038580775677177215,False
final_input_token_layerwise,undisclosed,k9,last_target_observation,10,3.0,0.00766859144039142,False
final_input_token_layerwise,undisclosed,k9,last_target_observation,11,3.0,0.001645198127998404,False
final_input_token_layerwise,undisclosed,k9,last_target_observation,12,3.0,0.0049423505273575585,False
final_input_token_layerwise,undisclosed,k9,last_target_observation,13,3.0,0.0002545740642124483,False
final_input_token_layerwise,undisclosed,k9,last_target_observation,14,100.0,-0.0005630788763661965,False
final_input_token_layerwise,undisclosed,k9,last_target_observation,15,100.0,-0.0005470886561903532,False
final_input_token_layerwise,undisclosed,k9,last_target_observation,16,3.0,0.001445117321699524,False
final_input_token_layerwise,undisclosed,k9,last_target_observation,17,3.0,0.0034219876812172922,False
final_input_token_layerwise,undisclosed,k9,last_target_observation,18,100.0,-0.0004618426386098773,False
final_input_token_layerwise,undisclosed,k9,last_target_observation,19,100.0,-0.0005516333132528084,False
final_input_token_layerwise,undisclosed,k9,last_target_observation,20,100.0,-0.0005607964653681907,False
final_input_token_layerwise,undisclosed,k9,last_target_observation,21,3.0,0.0034082729643882814,False
final_input_token_layerwise,undisclosed,k9,last_target_observation,22,3.0,0.011231602494756937,True
final_input_token_layerwise,undisclosed,k9,last_target_observation,23,3.0,0.007638593147935968,False
final_input_token_layerwise,undisclosed,k9,last_target_observation,24,3.0,0.005826341332147877,False
final_input_token_layerwise,undisclosed,k9,last_target_observation,25,100.0,-0.0004142249540518006,False
final_input_token_layerwise,undisclosed,k9,last_target_observation,26,100.0,-0.00067878513635522,False
final_input_token_layerwise,undisclosed,k9,last_target_observation,27,100.0,-0.0008108801390178388,False
final_input_token_layerwise,undisclosed,k9,last_target_observation,28,100.0,-0.0007269385521182226,False
final_input_token_layerwise,undisclosed,k9,last_target_observation,29,100.0,-0.0007633484092083032,False
final_input_token_layerwise,undisclosed,k9,last_target_observation,30,100.0,-0.0007482655182904641,False
final_input_token_layerwise,undisclosed,k9,last_target_observation,31,100.0,-0.0008196603938371849,False
final_input_token_layerwise,undisclosed,k9,last_target_observation,32,100.0,-0.0010813598297079452,False
final_input_token_layerwise,undisclosed,k9,last_target_observation,33,100.0,-0.000762991839886179,False
final_input_token_layerwise,undisclosed,k9,last_target_observation,34,100.0,-0.0008337113317442024,False
final_input_token_layerwise,undisclosed,k9,last_target_observation,35,100.0,-0.0007853879516261375,False
final_input_token_layerwise,undisclosed,k9,last_target_observation,36,100.0,-0.0005649688547738618,False
final_input_token_layerwise,undisclosed,k9,target_observation_mean,0,0.0001,3.885780586188048e-16,False
final_input_token_layerwise,undisclosed,k9,target_observation_mean,1,100.0,1.905002368707276e-05,False
final_input_token_layerwise,undisclosed,k9,target_observation_mean,2,3.0,0.012040412903814662,False
final_input_token_layerwise,undisclosed,k9,target_observation_mean,3,3.0,0.014836122833777554,False
final_input_token_layerwise,undisclosed,k9,target_observation_mean,4,3.0,0.012337645800398589,False
final_input_token_layerwise,undisclosed,k9,target_observation_mean,5,3.0,0.010016313019212159,False
final_input_token_layerwise,undisclosed,k9,target_observation_mean,6,3.0,0.010744000550175353,False
final_input_token_layerwise,undisclosed,k9,target_observation_mean,7,3.0,0.01815393216613176,True
final_input_token_layerwise,undisclosed,k9,target_observation_mean,8,3.0,0.01593748891519159,False
final_input_token_layerwise,undisclosed,k9,target_observation_mean,9,3.0,0.014063990783276525,False
final_input_token_layerwise,undisclosed,k9,target_observation_mean,10,3.0,0.012552772159055509,False
final_input_token_layerwise,undisclosed,k9,target_observation_mean,11,3.0,0.012942473694067758,False
final_input_token_layerwise,undisclosed,k9,target_observation_mean,12,3.0,0.0025351322118470077,False
final_input_token_layerwise,undisclosed,k9,target_observation_mean,13,3.0,0.004964034873974982,False
final_input_token_layerwise,undisclosed,k9,target_observation_mean,14,100.0,0.00017959877592682583,False
final_input_token_layerwise,undisclosed,k9,target_observation_mean,15,100.0,-0.0002469825189510555,False
final_input_token_layerwise,undisclosed,k9,target_observation_mean,16,100.0,-0.0004004844905778626,False
final_input_token_layerwise,undisclosed,k9,target_observation_mean,17,100.0,-0.00036591710549901957,False
final_input_token_layerwise,undisclosed,k9,target_observation_mean,18,100.0,-0.0004906360637548235,False
final_input_token_layerwise,undisclosed,k9,target_observation_mean,19,100.0,-0.0004848610091701122,False
final_input_token_layerwise,undisclosed,k9,target_observation_mean,20,100.0,-0.00012222547267701223,False
final_input_token_layerwise,undisclosed,k9,target_observation_mean,21,100.0,-0.00017371893537551641,False
final_input_token_layerwise,undisclosed,k9,target_observation_mean,22,100.0,-7.93785562075433e-06,False
final_input_token_layerwise,undisclosed,k9,target_observation_mean,23,100.0,0.00024230367407371278,False
final_input_token_layerwise,undisclosed,k9,target_observation_mean,24,100.0,0.00039519070269428136,False
final_input_token_layerwise,undisclosed,k9,target_observation_mean,25,100.0,0.0005989439635004368,False
final_input_token_layerwise,undisclosed,k9,target_observation_mean,26,100.0,0.0004302064595874122,False
final_input_token_layerwise,undisclosed,k9,target_observation_mean,27,100.0,0.0003943034626696651,False
final_input_token_layerwise,undisclosed,k9,target_observation_mean,28,3.0,0.0027214800115342164,False
final_input_token_layerwise,undisclosed,k9,target_observation_mean,29,3.0,0.007589477847198406,False
final_input_token_layerwise,undisclosed,k9,target_observation_mean,30,100.0,0.00011231000073874675,False
final_input_token_layerwise,undisclosed,k9,target_observation_mean,31,3.0,0.0021573659205784967,False
final_input_token_layerwise,undisclosed,k9,target_observation_mean,32,100.0,0.00014707331836533166,False
final_input_token_layerwise,undisclosed,k9,target_observation_mean,33,100.0,-0.00010962261779329241,False
final_input_token_layerwise,undisclosed,k9,target_observation_mean,34,100.0,0.00020771068789307567,False
final_input_token_layerwise,undisclosed,k9,target_observation_mean,35,100.0,0.00040200343288679385,False
final_input_token_layerwise,undisclosed,k9,target_observation_mean,36,100.0,0.00030168993626361607,False
final_input_token_layerwise,undisclosed,k9,target_time_slope,0,0.0001,0.0,False
final_input_token_layerwise,undisclosed,k9,target_time_slope,1,3.0,0.0057570261128522815,False
final_input_token_layerwise,undisclosed,k9,target_time_slope,2,100.0,-0.0003430221305557868,False
final_input_token_layerwise,undisclosed,k9,target_time_slope,3,100.0,-0.0002717775400075395,False
final_input_token_layerwise,undisclosed,k9,target_time_slope,4,100.0,-0.00025355233843707414,False
final_input_token_layerwise,undisclosed,k9,target_time_slope,5,100.0,-9.230105347063366e-06,False
final_input_token_layerwise,undisclosed,k9,target_time_slope,6,100.0,0.00027005709704411296,False
final_input_token_layerwise,undisclosed,k9,target_time_slope,7,3.0,0.0006617244111619403,False
final_input_token_layerwise,undisclosed,k9,target_time_slope,8,100.0,0.00023233675406630905,False
final_input_token_layerwise,undisclosed,k9,target_time_slope,9,100.0,0.0005668785930529885,False
final_input_token_layerwise,undisclosed,k9,target_time_slope,10,3.0,0.0124761559883233,False
final_input_token_layerwise,undisclosed,k9,target_time_slope,11,3.0,0.0031728774320992914,False
final_input_token_layerwise,undisclosed,k9,target_time_slope,12,3.0,0.004791562556751616,False
final_input_token_layerwise,undisclosed,k9,target_time_slope,13,100.0,0.0003403741838742258,False
final_input_token_layerwise,undisclosed,k9,target_time_slope,14,100.0,-0.000413307430973453,False
final_input_token_layerwise,undisclosed,k9,target_time_slope,15,100.0,-0.0001710641242332056,False
final_input_token_layerwise,undisclosed,k9,target_time_slope,16,100.0,-0.0001099291600418495,False
final_input_token_layerwise,undisclosed,k9,target_time_slope,17,3.0,0.00966792203077152,False
final_input_token_layerwise,undisclosed,k9,target_time_slope,18,3.0,0.015356386420787266,False
final_input_token_layerwise,undisclosed,k9,target_time_slope,19,3.0,0.015176212405165174,False
final_input_token_layerwise,undisclosed,k9,target_time_slope,20,3.0,0.02575796208587272,False
final_input_token_layerwise,undisclosed,k9,target_time_slope,21,3.0,0.031099123940495493,False
final_input_token_layerwise,undisclosed,k9,target_time_slope,22,3.0,0.042702142959054085,False
final_input_token_layerwise,undisclosed,k9,target_time_slope,23,3.0,0.05109746907868967,True
final_input_token_layerwise,undisclosed,k9,target_time_slope,24,3.0,0.04869702119128608,False
final_input_token_layerwise,undisclosed,k9,target_time_slope,25,3.0,0.04446617563081148,False
final_input_token_layerwise,undisclosed,k9,target_time_slope,26,3.0,0.038131254954961474,False
final_input_token_layerwise,undisclosed,k9,target_time_slope,27,3.0,0.02615519958911644,False
final_input_token_layerwise,undisclosed,k9,target_time_slope,28,3.0,0.0266537717420475,False
final_input_token_layerwise,undisclosed,k9,target_time_slope,29,3.0,0.025703073435199397,False
final_input_token_layerwise,undisclosed,k9,target_time_slope,30,3.0,0.030448631515419572,False
final_input_token_layerwise,undisclosed,k9,target_time_slope,31,3.0,0.02659592755009127,False
final_input_token_layerwise,undisclosed,k9,target_time_slope,32,3.0,0.032278899068815925,False
final_input_token_layerwise,undisclosed,k9,target_time_slope,33,3.0,0.030772848754630266,False
final_input_token_layerwise,undisclosed,k9,target_time_slope,34,3.0,0.029019678389934994,False
final_input_token_layerwise,undisclosed,k9,target_time_slope,35,3.0,0.028086659147539633,False
final_input_token_layerwise,undisclosed,k9,target_time_slope,36,3.0,0.029232110463932703,False
final_input_token_layerwise,undisclosed,k9,displayed_driver_outcome_slope,0,0.0001,-1.1102230246251565e-16,False
final_input_token_layerwise,undisclosed,k9,displayed_driver_outcome_slope,1,100.0,-0.0007850946963450234,False
final_input_token_layerwise,undisclosed,k9,displayed_driver_outcome_slope,2,100.0,-4.388088281975788e-05,False
final_input_token_layerwise,undisclosed,k9,displayed_driver_outcome_slope,3,100.0,-5.0817228813088144e-05,False
final_input_token_layerwise,undisclosed,k9,displayed_driver_outcome_slope,4,3.0,0.0037610459686666653,False
final_input_token_layerwise,undisclosed,k9,displayed_driver_outcome_slope,5,3.0,-0.00019007841460910724,False
final_input_token_layerwise,undisclosed,k9,displayed_driver_outcome_slope,6,3.0,0.002412748276351767,False
final_input_token_layerwise,undisclosed,k9,displayed_driver_outcome_slope,7,100.0,-0.0005262122901926181,False
final_input_token_layerwise,undisclosed,k9,displayed_driver_outcome_slope,8,0.1,0.001863046303881677,False
final_input_token_layerwise,undisclosed,k9,displayed_driver_outcome_slope,9,0.1,0.034183657935434375,False
final_input_token_layerwise,undisclosed,k9,displayed_driver_outcome_slope,10,0.1,0.038561528036883036,True
final_input_token_layerwise,undisclosed,k9,displayed_driver_outcome_slope,11,0.1,0.022640875553639944,False
final_input_token_layerwise,undisclosed,k9,displayed_driver_outcome_slope,12,100.0,-0.0004916289612029723,False
final_input_token_layerwise,undisclosed,k9,displayed_driver_outcome_slope,13,100.0,-0.0003862420729377758,False
final_input_token_layerwise,undisclosed,k9,displayed_driver_outcome_slope,14,100.0,-0.000521336342717782,False
final_input_token_layerwise,undisclosed,k9,displayed_driver_outcome_slope,15,100.0,-0.0008823324226585605,False
final_input_token_layerwise,undisclosed,k9,displayed_driver_outcome_slope,16,100.0,-0.0011585592385732202,False
final_input_token_layerwise,undisclosed,k9,displayed_driver_outcome_slope,17,100.0,-0.0009810505915244239,False
final_input_token_layerwise,undisclosed,k9,displayed_driver_outcome_slope,18,100.0,-0.0011718651534201041,False
final_input_token_layerwise,undisclosed,k9,displayed_driver_outcome_slope,19,100.0,-0.0011052134870592756,False
final_input_token_layerwise,undisclosed,k9,displayed_driver_outcome_slope,20,100.0,-0.001307458229170222,False
final_input_token_layerwise,undisclosed,k9,displayed_driver_outcome_slope,21,100.0,-0.001306086176430854,False
final_input_token_layerwise,undisclosed,k9,displayed_driver_outcome_slope,22,100.0,-0.0008402496839574614,False
final_input_token_layerwise,undisclosed,k9,displayed_driver_outcome_slope,23,100.0,-0.0008514329134000631,False
final_input_token_layerwise,undisclosed,k9,displayed_driver_outcome_slope,24,100.0,-0.0011603939418572962,False
final_input_token_layerwise,undisclosed,k9,displayed_driver_outcome_slope,25,100.0,-0.0008680925753988544,False
final_input_token_layerwise,undisclosed,k9,displayed_driver_outcome_slope,26,100.0,-0.001064529719318641,False
final_input_token_layerwise,undisclosed,k9,displayed_driver_outcome_slope,27,100.0,-0.0013085727555098847,False
final_input_token_layerwise,undisclosed,k9,displayed_driver_outcome_slope,28,100.0,-0.0013220654313325642,False
final_input_token_layerwise,undisclosed,k9,displayed_driver_outcome_slope,29,100.0,-0.0012075299078173618,False
final_input_token_layerwise,undisclosed,k9,displayed_driver_outcome_slope,30,100.0,-0.001345674490587201,False
final_input_token_layerwise,undisclosed,k9,displayed_driver_outcome_slope,31,100.0,-0.0012390840296756522,False
final_input_token_layerwise,undisclosed,k9,displayed_driver_outcome_slope,32,100.0,-0.0015178651564233814,False
final_input_token_layerwise,undisclosed,k9,displayed_driver_outcome_slope,33,100.0,-0.001331540009789911,False
final_input_token_layerwise,undisclosed,k9,displayed_driver_outcome_slope,34,100.0,-0.0012757973809405243,False
final_input_token_layerwise,undisclosed,k9,displayed_driver_outcome_slope,35,100.0,-0.001575125088765783,False
final_input_token_layerwise,undisclosed,k9,displayed_driver_outcome_slope,36,100.0,-0.001671195002196535,False
final_input_token_layerwise,undisclosed,k9,oracle_posterior_gain,0,0.0001,0.0,False
final_input_token_layerwise,undisclosed,k9,oracle_posterior_gain,1,100.0,-0.0003486641033118021,False
final_input_token_layerwise,undisclosed,k9,oracle_posterior_gain,2,3.0,0.002210298460810889,False
final_input_token_layerwise,undisclosed,k9,oracle_posterior_gain,3,3.0,0.0007355026217924776,False
final_input_token_layerwise,undisclosed,k9,oracle_posterior_gain,4,3.0,0.0030137482529639104,False
final_input_token_layerwise,undisclosed,k9,oracle_posterior_gain,5,3.0,0.0025208599132447995,False
final_input_token_layerwise,undisclosed,k9,oracle_posterior_gain,6,3.0,0.00504114388047569,False
final_input_token_layerwise,undisclosed,k9,oracle_posterior_gain,7,3.0,0.009414567847881639,False
final_input_token_layerwise,undisclosed,k9,oracle_posterior_gain,8,3.0,0.010743418829879448,False
final_input_token_layerwise,undisclosed,k9,oracle_posterior_gain,9,3.0,0.0015039164351946521,False
final_input_token_layerwise,undisclosed,k9,oracle_posterior_gain,10,3.0,0.0014421294006992103,False
final_input_token_layerwise,undisclosed,k9,oracle_posterior_gain,11,3.0,0.010826828219458323,False
final_input_token_layerwise,undisclosed,k9,oracle_posterior_gain,12,3.0,0.010339112408304707,False
final_input_token_layerwise,undisclosed,k9,oracle_posterior_gain,13,3.0,0.005669540895944097,False
final_input_token_layerwise,undisclosed,k9,oracle_posterior_gain,14,3.0,0.010320911397633026,False
final_input_token_layerwise,undisclosed,k9,oracle_posterior_gain,15,100.0,-9.291597880922708e-05,False
final_input_token_layerwise,undisclosed,k9,oracle_posterior_gain,16,100.0,-0.0001684190631816851,False
final_input_token_layerwise,undisclosed,k9,oracle_posterior_gain,17,3.0,0.00036268821096507864,False
final_input_token_layerwise,undisclosed,k9,oracle_posterior_gain,18,100.0,2.0073116117819145e-05,False
final_input_token_layerwise,undisclosed,k9,oracle_posterior_gain,19,100.0,0.0003925425907480018,False
final_input_token_layerwise,undisclosed,k9,oracle_posterior_gain,20,3.0,0.0011232885981252994,False
final_input_token_layerwise,undisclosed,k9,oracle_posterior_gain,21,3.0,0.007532021051763205,False
final_input_token_layerwise,undisclosed,k9,oracle_posterior_gain,22,100.0,0.0008102497241651851,False
final_input_token_layerwise,undisclosed,k9,oracle_posterior_gain,23,3.0,0.006517057951421851,False
final_input_token_layerwise,undisclosed,k9,oracle_posterior_gain,24,3.0,0.0031916433791146503,False
final_input_token_layerwise,undisclosed,k9,oracle_posterior_gain,25,3.0,0.00800231858871206,False
final_input_token_layerwise,undisclosed,k9,oracle_posterior_gain,26,3.0,0.014172467400045213,False
final_input_token_layerwise,undisclosed,k9,oracle_posterior_gain,27,3.0,0.012915397468761497,False
final_input_token_layerwise,undisclosed,k9,oracle_posterior_gain,28,3.0,0.015990699450687568,False
final_input_token_layerwise,undisclosed,k9,oracle_posterior_gain,29,3.0,0.022812391479664795,True
final_input_token_layerwise,undisclosed,k9,oracle_posterior_gain,30,3.0,0.01486667807812328,False
final_input_token_layerwise,undisclosed,k9,oracle_posterior_gain,31,3.0,0.017049688389816797,False
final_input_token_layerwise,undisclosed,k9,oracle_posterior_gain,32,3.0,0.016340945462143264,False
final_input_token_layerwise,undisclosed,k9,oracle_posterior_gain,33,3.0,0.014580230258306098,False
final_input_token_layerwise,undisclosed,k9,oracle_posterior_gain,34,3.0,0.014438819076781378,False
final_input_token_layerwise,undisclosed,k9,oracle_posterior_gain,35,3.0,0.014458695741373373,False
final_input_token_layerwise,undisclosed,k9,oracle_posterior_gain,36,3.0,0.018632216730054496,False
final_input_token_layerwise,undisclosed,pooled,gain,0,0.0001,0.0,False
final_input_token_layerwise,undisclosed,pooled,gain,1,100.0,-0.000238011762682964,False
final_input_token_layerwise,undisclosed,pooled,gain,2,100.0,4.691259805951938e-05,False
final_input_token_layerwise,undisclosed,pooled,gain,3,100.0,-0.0011394819962596836,False
final_input_token_layerwise,undisclosed,pooled,gain,4,100.0,-0.0014087735683409135,False
final_input_token_layerwise,undisclosed,pooled,gain,5,100.0,-0.0022775766977717604,False
final_input_token_layerwise,undisclosed,pooled,gain,6,100.0,-0.0021356156404066517,False
final_input_token_layerwise,undisclosed,pooled,gain,7,100.0,-0.0015065486953555844,False
final_input_token_layerwise,undisclosed,pooled,gain,8,100.0,-0.0007698776240403401,False
final_input_token_layerwise,undisclosed,pooled,gain,9,100.0,-0.0010204794638378385,False
final_input_token_layerwise,undisclosed,pooled,gain,10,100.0,-5.3734244809885055e-05,False
final_input_token_layerwise,undisclosed,pooled,gain,11,100.0,-0.00030980441136689113,False
final_input_token_layerwise,undisclosed,pooled,gain,12,100.0,-0.000890584134210152,False
final_input_token_layerwise,undisclosed,pooled,gain,13,100.0,-0.0009851786102567557,False
final_input_token_layerwise,undisclosed,pooled,gain,14,100.0,0.00199770548894083,True
final_input_token_layerwise,undisclosed,pooled,gain,15,100.0,0.0007010853172596532,False
final_input_token_layerwise,undisclosed,pooled,gain,16,100.0,0.0002355037528562661,False
final_input_token_layerwise,undisclosed,pooled,gain,17,100.0,0.0005544569976698813,False
final_input_token_layerwise,undisclosed,pooled,gain,18,100.0,-0.0009608672922129616,False
final_input_token_layerwise,undisclosed,pooled,gain,19,100.0,-0.0014273586069434296,False
final_input_token_layerwise,undisclosed,pooled,gain,20,100.0,-0.001222914103481761,False
final_input_token_layerwise,undisclosed,pooled,gain,21,100.0,-0.0022502950219914033,False
final_input_token_layerwise,undisclosed,pooled,gain,22,100.0,-0.002624437276003505,False
final_input_token_layerwise,undisclosed,pooled,gain,23,100.0,-0.0013850164772587863,False
final_input_token_layerwise,undisclosed,pooled,gain,24,100.0,-0.0014964766631948474,False
final_input_token_layerwise,undisclosed,pooled,gain,25,100.0,-0.0024199998534727243,False
final_input_token_layerwise,undisclosed,pooled,gain,26,100.0,-0.0018193511420586856,False
final_input_token_layerwise,undisclosed,pooled,gain,27,100.0,-0.0019019642408330446,False
final_input_token_layerwise,undisclosed,pooled,gain,28,100.0,-0.0016375860395722124,False
final_input_token_layerwise,undisclosed,pooled,gain,29,100.0,-0.002031964884074209,False
final_input_token_layerwise,undisclosed,pooled,gain,30,100.0,-0.002216844764385125,False
final_input_token_layerwise,undisclosed,pooled,gain,31,100.0,-0.0013218637510891418,False
final_input_token_layerwise,undisclosed,pooled,gain,32,100.0,-0.0011488558302037988,False
final_input_token_layerwise,undisclosed,pooled,gain,33,100.0,-0.0024431911338204013,False
final_input_token_layerwise,undisclosed,pooled,gain,34,100.0,-0.0026021398217136635,False
final_input_token_layerwise,undisclosed,pooled,gain,35,100.0,-0.0021817046237695426,False
final_input_token_layerwise,undisclosed,pooled,gain,36,100.0,-0.002626774484809099,False
final_input_token_layerwise,undisclosed,pooled,response_residual,0,0.0001,-2.7755575615628914e-17,False
final_input_token_layerwise,undisclosed,pooled,response_residual,1,100.0,0.0012854555598474742,True
final_input_token_layerwise,undisclosed,pooled,response_residual,2,100.0,-0.0010224308501916208,False
final_input_token_layerwise,undisclosed,pooled,response_residual,3,100.0,-0.0014289058643942403,False
final_input_token_layerwise,undisclosed,pooled,response_residual,4,100.0,-0.002289434697568223,False
final_input_token_layerwise,undisclosed,pooled,response_residual,5,100.0,-0.004920170100996268,False
final_input_token_layerwise,undisclosed,pooled,response_residual,6,100.0,-0.004233012157059753,False
final_input_token_layerwise,undisclosed,pooled,response_residual,7,100.0,-0.004118239861798896,False
final_input_token_layerwise,undisclosed,pooled,response_residual,8,100.0,-0.00318350501705561,False
final_input_token_layerwise,undisclosed,pooled,response_residual,9,100.0,-0.0026733811807742223,False
final_input_token_layerwise,undisclosed,pooled,response_residual,10,100.0,-0.002052130251979497,False
final_input_token_layerwise,undisclosed,pooled,response_residual,11,100.0,-0.0013554024731046905,False
final_input_token_layerwise,undisclosed,pooled,response_residual,12,100.0,-0.001786941698397317,False
final_input_token_layerwise,undisclosed,pooled,response_residual,13,100.0,-0.0017378532160166233,False
final_input_token_layerwise,undisclosed,pooled,response_residual,14,100.0,0.0003902060028619092,False
final_input_token_layerwise,undisclosed,pooled,response_residual,15,100.0,-0.0004024888853988347,False
final_input_token_layerwise,undisclosed,pooled,response_residual,16,100.0,-0.001054998809414574,False
final_input_token_layerwise,undisclosed,pooled,response_residual,17,100.0,-0.0012357756398370574,False
final_input_token_layerwise,undisclosed,pooled,response_residual,18,100.0,-0.0023132406336724975,False
final_input_token_layerwise,undisclosed,pooled,response_residual,19,100.0,-0.0033795414435107973,False
final_input_token_layerwise,undisclosed,pooled,response_residual,20,100.0,-0.0033620763468130885,False
final_input_token_layerwise,undisclosed,pooled,response_residual,21,100.0,-0.004177095936094943,False
final_input_token_layerwise,undisclosed,pooled,response_residual,22,100.0,-0.004013569356214016,False
final_input_token_layerwise,undisclosed,pooled,response_residual,23,100.0,-0.0019986032054211955,False
final_input_token_layerwise,undisclosed,pooled,response_residual,24,100.0,-0.0019790471515851635,False
final_input_token_layerwise,undisclosed,pooled,response_residual,25,100.0,-0.0024657436024090964,False
final_input_token_layerwise,undisclosed,pooled,response_residual,26,100.0,-0.0014912842086518923,False
final_input_token_layerwise,undisclosed,pooled,response_residual,27,100.0,-0.0014417460895664591,False
final_input_token_layerwise,undisclosed,pooled,response_residual,28,100.0,-0.0012142579535177518,False
final_input_token_layerwise,undisclosed,pooled,response_residual,29,100.0,-0.0016362671222001728,False
final_input_token_layerwise,undisclosed,pooled,response_residual,30,100.0,-0.0016290213337796327,False
final_input_token_layerwise,undisclosed,pooled,response_residual,31,100.0,-0.0008583762124907227,False
final_input_token_layerwise,undisclosed,pooled,response_residual,32,100.0,-0.0007748435421596108,False
final_input_token_layerwise,undisclosed,pooled,response_residual,33,100.0,-0.001673800411858023,False
final_input_token_layerwise,undisclosed,pooled,response_residual,34,100.0,-0.0015078713773678438,False
final_input_token_layerwise,undisclosed,pooled,response_residual,35,100.0,-0.0012061542946651498,False
final_input_token_layerwise,undisclosed,pooled,response_residual,36,100.0,-0.0016885853503005959,False
mean_embedding,disclosed,k3,gain,0,100.0,-0.001391327191043512,True
mean_embedding,disclosed,k3,response_residual,0,100.0,-0.0005631618135266692,True
mean_embedding,disclosed,k6,gain,0,100.0,2.3248449297075258e-06,True
mean_embedding,disclosed,k6,response_residual,0,100.0,0.0010143472627784367,True
mean_embedding,disclosed,k9,gain,0,100.0,-0.0006136966716942527,True
mean_embedding,disclosed,k9,response_residual,0,100.0,0.000836083005017918,True
mean_embedding,disclosed,pooled,gain,0,100.0,-0.00934444335362448,True
mean_embedding,disclosed,pooled,response_residual,0,100.0,-0.0014316542386622333,True
mean_embedding,undisclosed,k3,gain,0,100.0,-0.0016139994741432573,True
mean_embedding,undisclosed,k3,response_residual,0,100.0,-0.0007117376714019241,True
mean_embedding,undisclosed,k6,gain,0,100.0,-0.00015518359163588236,True
mean_embedding,undisclosed,k6,response_residual,0,100.0,0.0009546409976857462,True
mean_embedding,undisclosed,k9,gain,0,100.0,-0.0007582575926914636,True
mean_embedding,undisclosed,k9,response_residual,0,100.0,0.00080506034128347,True
mean_embedding,undisclosed,pooled,gain,0,100.0,-0.00936023457682337,True
mean_embedding,undisclosed,pooled,response_residual,0,100.0,-0.0014526475708017128,True
mean_final_layer,disclosed,k3,gain,0,100.0,-0.00015584531513543332,True
mean_final_layer,disclosed,k3,response_residual,0,100.0,-0.00038638800344664714,True
mean_final_layer,disclosed,k6,gain,0,3.0,0.0020776927527559608,True
mean_final_layer,disclosed,k6,response_residual,0,100.0,-4.20287851147505e-05,True
mean_final_layer,disclosed,k9,gain,0,3.0,0.01314321308473737,True
mean_final_layer,disclosed,k9,response_residual,0,3.0,0.0018556515198415169,True
mean_final_layer,disclosed,pooled,gain,0,100.0,0.0012233970486075219,True
mean_final_layer,disclosed,pooled,response_residual,0,100.0,-0.004040420711385523,True
mean_final_layer,undisclosed,k3,gain,0,100.0,-0.00017648710353906916,True
mean_final_layer,undisclosed,k3,response_residual,0,100.0,-0.00029481734654684955,True
mean_final_layer,undisclosed,k6,gain,0,3.0,0.0006783673095866749,True
mean_final_layer,undisclosed,k6,response_residual,0,100.0,-6.585837057518362e-05,True
mean_final_layer,undisclosed,k9,gain,0,3.0,0.019978113855942475,True
mean_final_layer,undisclosed,k9,response_residual,0,3.0,0.0075922631118443,True
mean_final_layer,undisclosed,pooled,gain,0,100.0,0.0020355633682159757,True
mean_final_layer,undisclosed,pooled,response_residual,0,100.0,-0.002225429293869985,True
